Seconds,PositionX,PositionY,PositionZ,RotationX,RotationY,RotationZ,QuatX,QuatY,QuatZ,QuatW
3.76394271850586,3.58149790763855,-0.502999782562256,-0.1514001339674,332.175262451172,61.3068695068359,1.59643220901489,0.199926093220711,-0.497720956802368,-0.13420657813549,-0.833241939544678
4.26715135574341,3.58149361610413,-0.502999782562256,-0.1514001339674,332.175567626953,61.3068618774414,1.59647405147552,0.199923634529114,-0.497721254825592,-0.134205520153046,-0.833242475986481
4.76846647262573,3.58149790763855,-0.502999782562256,-0.1514001339674,332.175567626953,61.3067398071289,1.59650814533234,0.199923783540726,-0.497720420360565,-0.134205654263496,-0.833242893218994
5.27064752578735,3.58149790763855,-0.502999782562256,-0.1514001339674,332.175476074219,61.3065338134766,1.59646773338318,0.199924781918526,-0.497718781232834,-0.134205341339111,-0.833243668079376
5.77330112457275,3.58149790763855,-0.502999782562256,-0.1514001339674,332.175476074219,61.3063850402832,1.59645736217499,0.19992507994175,-0.497717648744583,-0.134205058217049,-0.833244323730469
6.27493667602539,3.58149790763855,-0.502999782562256,-0.1514001339674,332.175476074219,61.3061065673828,1.59654700756073,0.199924945831299,-0.497715801000595,-0.134205177426338,-0.833245456218719
6.77773523330688,3.58149361610413,-0.502999782562256,-0.1514001339674,332.175384521484,61.3061332702637,1.5967812538147,0.199924632906914,-0.497716307640076,-0.134207367897034,-0.833244860172272
7.27950668334961,3.58149790763855,-0.502999782562256,-0.1514001339674,332.17529296875,61.30615234375,1.59695434570313,0.199924558401108,-0.497716695070267,-0.13420906662941,-0.833244442939758
7.78028774261475,3.58150219917297,-0.502999782562256,-0.1514001339674,332.175262451172,61.3061408996582,1.59699940681458,0.199924543499947,-0.497716635465622,-0.134209483861923,-0.833244323730469
8.28249931335449,3.58149790763855,-0.502999782562256,-0.1514001339674,332.175048828125,61.3062629699707,1.59703326225281,0.199925854802132,-0.497717380523682,-0.134210869669914,-0.833243429660797
8.78385162353516,3.58149790763855,-0.502999782562256,-0.1514001339674,332.174957275391,61.3062400817871,1.5969226360321,0.199927046895027,-0.497716933488846,-0.13421043753624,-0.833243429660797
9.28491401672363,3.58149790763855,-0.502999782562256,-0.1514001339674,332.174713134766,61.3064270019531,1.59701979160309,0.199928134679794,-0.497718244791031,-0.134212478995323,-0.833242118358612
9.78565502166748,3.58149790763855,-0.502999782562256,-0.1514001339674,332.174346923828,61.3069267272949,1.59689879417419,0.199930712580681,-0.497721284627914,-0.134214013814926,-0.833239376544952
10.2869892120361,3.58149790763855,-0.502999782562256,-0.1514001339674,332.174102783203,61.3070831298828,1.59673321247101,0.199933037161827,-0.497721880674362,-0.134214133024216,-0.833238482475281
10.7885780334473,3.58149790763855,-0.502999782562256,-0.1514001339674,332.173858642578,61.3073196411133,1.5966864824295,0.199934676289558,-0.497723311185837,-0.134215220808983,-0.833237051963806
11.290412902832,3.58149361610413,-0.502999782562256,-0.1514001339674,332.173553466797,61.3074913024902,1.59664297103882,0.199937000870705,-0.497724175453186,-0.134216576814651,-0.833235740661621
11.7917127609253,3.58149790763855,-0.502999782562256,-0.151399046182632,332.433441162109,53.3491668701172,355.514373779297,0.229792535305023,-0.427329987287521,-0.0729115530848503,-0.871360123157501
12.2929563522339,3.58149790763855,-0.502999782562256,-0.151399046182632,334.519439697266,63.116138458252,339.150909423828,0.2771817445755,-0.468049347400665,0.0368721149861813,-0.838296234607697
12.7941465377808,3.58149790763855,-0.502999782562256,-0.151398777961731,334.532440185547,63.3198928833008,354.285888671875,0.212903246283531,-0.501979231834412,-0.0741671547293663,-0.834978103637695
13.2953968048096,3.58149790763855,-0.502999782562256,-0.151396885514259,334.502258300781,62.778736114502,358.672882080078,0.194251984357834,-0.505794823169708,-0.105290360748768,-0.833877563476563
13.7968368530273,3.58149790763855,-0.502999246120453,-0.151396885514259,334.502258300781,62.7793235778809,358.672760009766,0.194252103567123,-0.505798876285553,-0.105290658771992,-0.833875000476837
14.3244524002075,3.58149790763855,-0.502999246120453,-0.151396885514259,334.502075195313,62.7793235778809,358.672790527344,0.194253176450729,-0.505798757076263,-0.105291612446308,-0.833874762058258
14.8262405395508,3.58149790763855,-0.502999246120453,-0.151396885514259,334.017395019531,54.025520324707,354.686065673828,0.220578536391258,-0.432803720235825,-0.0617514625191689,-0.871901869773865
15.328441619873,3.58149790763855,-0.502999246120453,-0.151396885514259,334.030395507813,54.4498176574707,5.07099342346191,0.179884180426598,-0.454188972711563,-0.141024395823479,-0.861084342002869
15.8294448852539,3.58149790763855,-0.502999246120453,-0.151396885514259,334.472229003906,52.991569519043,24.6078147888184,0.100466877222061,-0.467248946428299,-0.282303780317307,-0.83179897069931
16.3296298980713,3.58149361610413,-0.502999246120453,-0.151396885514259,334.673126220703,52.3402290344238,14.8702011108398,0.139412969350815,-0.452151507139206,-0.209185630083084,-0.855782926082611
16.8304500579834,3.58149361610413,-0.502999246120453,-0.151396885514259,333.669799804688,61.3307495117188,5.70865249633789,0.17093525826931,-0.505758166313171,-0.157725140452385,-0.830730199813843
17.3306694030762,3.58149361610413,-0.502999246120453,-0.151396885514259,333.669952392578,61.3308639526367,5.7085862159729,0.170934304594994,-0.505759000778198,-0.157724216580391,-0.830730020999908
17.8326358795166,3.58149361610413,-0.502999246120453,-0.151396885514259,333.670013427734,61.3310203552246,5.70844459533691,0.170934244990349,-0.505759954452515,-0.157723143696785,-0.830729722976685
18.3342933654785,3.58149361610413,-0.50299870967865,-0.151396885514259,332.982330322266,61.2539901733398,5.74326324462891,0.175940498709679,-0.504800736904144,-0.160772129893303,-0.82968282699585
18.835277557373,3.59298968315125,-0.500665485858917,-0.174813643097878,319.270599365234,59.4498443603516,6.75604820251465,0.274288535118103,-0.481844276189804,-0.220220327377319,-0.802555322647095
19.3361263275146,3.59601974487305,-0.500051558017731,-0.180981650948524,14.8271608352661,65.2277984619141,5.29121017456055,-0.133239567279816,-0.528883278369904,0.030915217474103,-0.837600111961365
19.8382396697998,3.5985426902771,-0.49953892827034,-0.18611603975296,27.6029071807861,66.5523223876953,5.77351856231689,-0.226024642586708,-0.522113263607025,0.0898358449339867,-0.817459583282471
20.3384857177734,3.60145568847656,-0.498947232961655,-0.192038580775261,28.4759254455566,66.6531372070313,5.82079648971558,-0.232277795672417,-0.52141273021698,0.0938316360116005,-0.815703094005585
20.8401050567627,3.60145139694214,-0.498947769403458,-0.192038029432297,28.7455005645752,44.6726188659668,355.5546875,-0.215153694152832,-0.376775413751602,0.129016995429993,-0.891685962677002
21.3425827026367,3.60145139694214,-0.498947769403458,-0.192038029432297,26.2256145477295,28.3764419555664,344.926147460938,-0.186736986041069,-0.265504121780396,0.178975179791451,-0.928765177726746
21.8439960479736,3.60145139694214,-0.498944520950317,-0.192038029432297,28.7640380859375,43.4287910461426,352.417602539063,-0.20655868947506,-0.372859179973602,0.151200354099274,-0.89187890291214
22.370641708374,3.60145139694214,-0.498944520950317,-0.192038029432297,30.0435428619385,60.054801940918,357.394134521484,-0.213351845741272,-0.488291203975677,0.148680776357651,-0.833034694194794
22.8729877471924,3.60145139694214,-0.498944520950317,-0.192038029432297,30.0436840057373,60.0543518066406,357.393981933594,-0.213352873921394,-0.488288074731827,0.148681536316872,-0.833036124706268
23.3743934631348,3.60145139694214,-0.498944520950317,-0.192038029432297,30.04368019104,60.0539741516113,357.393859863281,-0.213352799415588,-0.488285541534424,0.148681700229645,-0.833037555217743
23.8757495880127,3.60145139694214,-0.49894505739212,-0.192038029432297,30.043701171875,60.0539627075195,357.393829345703,-0.213352784514427,-0.488285511732101,0.148682042956352,-0.833037555217743
24.3765506744385,3.60145139694214,-0.498944520950317,-0.192038029432297,30.0435848236084,60.0537300109863,357.393707275391,-0.213351741433144,-0.488284170627594,0.148681968450546,-0.833038628101349
24.8785457611084,3.60145139694214,-0.498944520950317,-0.192038029432297,30.0435600280762,60.0536994934082,357.393676757813,-0.213351413607597,-0.488284081220627,0.148682191967964,-0.833038687705994
25.3794460296631,3.60145139694214,-0.498944520950317,-0.192038029432297,30.0434894561768,60.0535850524902,357.393707275391,-0.213351294398308,-0.488283187150955,0.148681282997131,-0.833039402961731
25.880199432373,3.60145139694214,-0.498944520950317,-0.192038029432297,30.043478012085,60.0536880493164,357.393768310547,-0.213351190090179,-0.488283902406693,0.148681178689003,-0.833039045333862
26.3813533782959,3.60145139694214,-0.498944520950317,-0.192038029432297,30.0436248779297,60.0540618896484,357.393859863281,-0.213352262973785,-0.488286286592484,0.148681625723839,-0.833037316799164
26.8826847076416,3.60145568847656,-0.498943984508514,-0.192038029432297,30.0436058044434,60.0544738769531,357.393920898438,-0.213351830840111,-0.488289177417755,0.14868189394474,-0.833035707473755
27.3840312957764,3.60145139694214,-0.498943984508514,-0.192038029432297,30.0435848236084,60.0546455383301,357.393890380859,-0.213351339101791,-0.488290518522263,0.148682415485382,-0.833034932613373
27.8852405548096,3.60145139694214,-0.498942345380783,-0.192038029432297,30.0435981750488,60.0545272827148,357.393890380859,-0.213351532816887,-0.488289654254913,0.148682355880737,-0.833035409450531
28.3856887817383,3.60145139694214,-0.49894180893898,-0.192038029432297,30.0086555480957,61.0965003967285,7.92652750015259,-0.256356865167618,-0.474350988864899,0.073776587843895,-0.838945388793945
28.8870525360107,3.60145139694214,-0.49894180893898,-0.192036405205727,29.7952041625977,62.6225280761719,10.7411994934082,-0.265690714120865,-0.479455530643463,0.0557433255016804,-0.834519982337952
29.3886528015137,3.60144686698914,-0.49894180893898,-0.192031800746918,29.7862739562988,62.6753196716309,10.8735132217407,-0.26615583896637,-0.47954934835434,0.05486174300313,-0.834376275539398
29.8891201019287,3.60145139694214,-0.49894180893898,-0.192031800746918,29.7862606048584,62.6752662658691,10.8735513687134,-0.266155928373337,-0.479548871517181,0.0548612922430038,-0.834376513957977
30.3906784057617,3.60963988304138,-0.49643138051033,-0.20475198328495,31.1170921325684,62.9736328125,11.0248746871948,-0.27600684762001,-0.47886449098587,0.0605295673012733,-0.831171035766602
30.8920421600342,3.65964722633362,-0.481098353862762,-0.282430648803711,34.1903877258301,63.6975784301758,11.4156112670898,-0.298626363277435,-0.477030336856842,0.0735985413193703,-0.823315024375916
31.3932971954346,3.66058349609375,-0.480816572904587,-0.283855736255646,36.7208366394043,64.3351898193359,11.7854661941528,-0.317108035087585,-0.47525030374527,0.0843331590294838,-0.816374659538269
31.8946704864502,3.66843390464783,-0.478411793708801,-0.296037316322327,34.1110801696777,63.677921295166,11.4044923782349,-0.298044115304947,-0.47708061337471,0.0732627809047699,-0.823526799678802
32.3960990905762,3.67807912826538,-0.475453794002533,-0.311025440692902,33.8345642089844,63.6106719970703,11.3669500350952,-0.296016097068787,-0.477258771657944,0.0720881298184395,-0.824258327484131
32.8972053527832,3.6801381111145,-0.474821418523788,-0.314225107431412,34.5948753356934,63.7962417602539,11.471263885498,-0.301588237285614,-0.476759225130081,0.0753173977136612,-0.822236299514771
33.3979835510254,3.61922001838684,-0.493496656417847,-0.219603821635246,32.6258430480957,63.322322845459,11.2089319229126,-0.287133425474167,-0.478006988763809,0.0669504031538963,-0.827394366264343
33.8993110656738,3.6302695274353,-0.490524560213089,-0.236017867922783,34.056453704834,52.8200263977051,4.11049795150757,-0.277363568544388,-0.415612548589706,0.0994581058621407,-0.860490441322327
34.4007034301758,3.64065170288086,-0.491605550050735,-0.247525349259377,31.4777431488037,33.0593338012695,341.659515380859,-0.21307747066021,-0.311787605285645,0.223242610692978,-0.898637473583221
34.9026145935059,3.6402268409729,-0.491455465555191,-0.247331902384758,27.6471157073975,19.1567516326904,342.592926025391,-0.208438500761986,-0.195368185639381,0.184190347790718,-0.940456628799438
35.4033126831055,3.67566013336182,-0.50227153301239,-0.261645972728729,25.4275131225586,14.5466089248657,342.474578857422,-0.196947276592255,-0.155314743518829,0.174949303269386,-0.952093482017517
35.9047966003418,3.80938696861267,-0.543109953403473,-0.316402316093445,26.2255420684814,14.265570640564,342.352233886719,-0.203897699713707,-0.15403214097023,0.176078543066978,-0.950629413127899
36.405818939209,3.83737730979919,-0.551658868789673,-0.327865362167358,27.0521335601807,15.1581687927246,342.954345703125,-0.210279062390327,-0.161180302500725,0.17334195971489,-0.948554813861847
36.9065971374512,3.82370066642761,-0.548742592334747,-0.320561647415161,30.7995700836182,42.6263580322266,359.200744628906,-0.24494069814682,-0.352132767438889,0.102781169116497,-0.897464632987976
37.4081230163574,3.82795333862305,-0.546971797943115,-0.32724004983902,27.7160568237305,70.1874465942383,17.071216583252,-0.276652574539185,-0.522911131381989,0.0182692650705576,-0.806035757064819
37.9085273742676,3.82797074317932,-0.548652052879333,-0.323318898677826,18.9878807067871,95.1989898681641,26.8923225402832,-0.27753484249115,-0.682507574558258,-0.0361869297921658,-0.675165414810181
38.4099655151367,3.82840418815613,-0.55126816034317,-0.318612277507782,9.18201065063477,113.110717773438,34.4935913085938,-0.288731843233109,-0.781264245510101,-0.0990936830639839,-0.544463574886322
38.9110298156738,3.82886362075806,-0.552338898181915,-0.317091822624207,10.2013320922852,112.454872131348,33.2997703552246,-0.284579455852509,-0.779084920883179,-0.0878419503569603,-0.551656663417816
39.4124641418457,3.82903695106506,-0.552774012088776,-0.316429138183594,11.4123620986938,111.826835632324,33.0088157653809,-0.28754186630249,-0.774303257465363,-0.0794755145907402,-0.55808413028717
39.913272857666,3.81018471717834,-0.538920283317566,-0.35489147901535,12.8045969009399,112.755035400391,33.2035446166992,-0.295605331659317,-0.775373578071594,-0.0682375431060791,-0.553856551647186
40.4142837524414,3.80985951423645,-0.545879900455475,-0.346219271421432,13.0285387039185,112.649559020996,33.2445983886719,-0.29679936170578,-0.774274170398712,-0.0671249106526375,-0.554890930652618
40.9157676696777,3.81203985214233,-0.554091811180115,-0.333256334066391,16.3215293884277,107.382339477539,33.2572975158691,-0.308808565139771,-0.740263998508453,-0.0581289045512676,-0.59436309337616
41.4169425964355,3.81060075759888,-0.546733379364014,-0.345056176185608,17.0315341949463,107.869590759277,33.3972434997559,-0.313207983970642,-0.740673899650574,-0.0526387542486191,-0.592057526111603
41.918025970459,3.81173205375671,-0.552515029907227,-0.335787922143936,17.118522644043,107.929649353027,33.4148406982422,-0.313746094703674,-0.740721762180328,-0.0519649833440781,-0.591772258281708
42.420482635498,3.81003284454346,-0.543802976608276,-0.349763572216034,16.8204517364502,107.724594116211,33.3551368713379,-0.311902791261673,-0.740557312965393,-0.054272573441267,-0.592744588851929
42.9479331970215,3.80806040763855,-0.544232130050659,-0.359334737062454,16.4883346557617,107.496917724609,33.2899360656738,-0.309845834970474,-0.740365505218506,-0.0568408332765102,-0.593821287155151
43.4493980407715,3.80732798576355,-0.552887797355652,-0.357515960931778,17.1917972564697,107.981033325195,33.4302139282227,-0.314202606678009,-0.740764141082764,-0.0513976402580738,-0.591526448726654
43.9506797790527,3.81200098991394,-0.576827764511108,-0.319123268127441,16.1053276062012,107.235321044922,33.216625213623,-0.307470709085464,-0.740132391452789,-0.059799887239933,-0.595054507255554
44.4516830444336,3.81326675415039,-0.584648966789246,-0.307509034872055,15.9057178497314,107.341133117676,38.3186912536621,-0.339287012815475,-0.726779758930206,-0.0872718095779419,-0.590812385082245
44.9524955749512,3.81210064888,-0.574973464012146,-0.320483058691025,15.7403163909912,107.205619812012,38.2817268371582,-0.338200330734253,-0.726619064807892,-0.0886079147458076,-0.591433763504028
45.4540214538574,3.81209206581116,-0.574920952320099,-0.320553243160248,15.5812940597534,107.074836730957,38.2465324401855,-0.337153851985931,-0.726458728313446,-0.0898934155702591,-0.592033922672272
45.9554824829102,3.81202268600464,-0.572824478149414,-0.323478728532791,18.036413192749,103.308166503906,37.4353446960449,-0.340672731399536,-0.702410519123077,-0.0801983624696732,-0.619782030582428
46.4566841125488,3.81181454658508,-0.572371482849121,-0.323890566825867,22.82643699646,95.7840194702148,33.5570793151855,-0.336964666843414,-0.657949805259705,-0.0491800680756569,-0.671668231487274
46.9572219848633,3.81106019020081,-0.574277758598328,-0.320312112569809,27.9445667266846,86.051513671875,25.8444976806641,-0.320116013288498,-0.605896353721619,0.00193115859292448,-0.728293657302856
47.4598846435547,3.81065273284912,-0.574674367904663,-0.319226205348969,31.6871871948242,74.9974060058594,18.1779842376709,-0.306388437747955,-0.544048964977264,0.0435419045388699,-0.779898107051849
47.960807800293,3.80888414382935,-0.575175583362579,-0.316600918769836,34.6303024291992,60.389835357666,10.4817838668823,-0.30002823472023,-0.454646080732346,0.0736918970942497,-0.835373938083649
48.4618873596191,3.80646085739136,-0.575265526771545,-0.314221858978271,36.0451049804688,39.7770080566406,357.870727539063,-0.284877151250839,-0.328849226236343,0.121848739683628,-0.892107665538788
48.9636192321777,3.80187034606934,-0.574745357036591,-0.311051428318024,35.1386108398438,26.1617813110352,351.383239746094,-0.276985973119736,-0.237247794866562,0.137887462973595,-0.920857906341553
49.4639663696289,3.79143619537354,-0.573462784290314,-0.303902685642242,36.2543563842773,43.0561599731445,0.384080439805984,-0.29058963060379,-0.34777244925499,0.111206583678722,-0.884446263313293
49.9655265808105,3.79638242721558,-0.57241427898407,-0.309065788984299,36.315372467041,45.3867073059082,4.98445558547974,-0.303176164627075,-0.353738516569138,0.0819943621754646,-0.881039321422577
50.4666481018066,3.80256819725037,-0.571990549564362,-0.315315335988998,36.9643516540527,47.6309127807617,3.18620276451111,-0.300551295280457,-0.374754577875137,0.10383428633213,-0.870888292789459
50.9675178527832,3.83395266532898,-0.570833683013916,-0.345165073871613,38.5736083984375,43.7192192077637,1.48495531082153,-0.311076611280441,-0.347435295581818,0.111618719995022,-0.877531409263611
51.4690093994141,3.85503768920898,-0.570251703262329,-0.364687502384186,38.4865531921387,43.7163696289063,1.48321485519409,-0.310409724712372,-0.347520142793655,0.111354306340218,-0.877767503261566
51.9699859619141,3.85847091674805,-0.570194840431213,-0.36780509352684,38.696647644043,41.1727752685547,359.868743896484,-0.309773594141006,-0.332115530967712,0.117506749927998,-0.88313752412796
52.4714851379395,3.85718774795532,-0.570124924182892,-0.366810232400894,39.052734375,39.0377311706543,358.31884765625,-0.310378760099411,-0.31948909163475,0.124695397913456,-0.886590540409088
52.9723320007324,3.85383248329163,-0.570058822631836,-0.363500267267227,39.4025344848633,46.5720901489258,359.523620605469,-0.308105617761612,-0.373464941978455,0.13686315715313,-0.864212572574615
53.4733085632324,3.81958699226379,-0.569738030433655,-0.326936632394791,36.1574440002441,46.605583190918,359.544250488281,-0.28351154923439,-0.377190947532654,0.126232296228409,-0.872590184211731
53.9748115539551,3.77868294715881,-0.569353878498077,-0.283268362283707,35.6571083068848,46.6104393005371,359.547210693359,-0.279699057340622,-0.377738028764725,0.124583452939987,-0.873820066452026
54.4760398864746,3.75219678878784,-0.56910514831543,-0.254996240139008,35.5541877746582,46.6113586425781,359.547882080078,-0.278914511203766,-0.377848893404007,0.124243155121803,-0.874071300029755
54.9772491455078,3.76618123054504,-0.569235742092133,-0.269925862550735,35.5528602600098,46.6114311218262,359.547912597656,-0.278904378414154,-0.377850770950317,0.124238878488541,-0.874074280261993
55.4786071777344,3.77141332626343,-0.569360911846161,-0.275597780942917,36.5614967346191,46.389217376709,5.10968828201294,-0.304703682661057,-0.360754132270813,0.0845143049955368,-0.877422094345093
55.9791259765625,3.7673819065094,-0.56952291727066,-0.271531403064728,36.3408470153809,46.3727188110352,2.95327281951904,-0.296201378107071,-0.366578191518784,0.100232936441898,-0.876264035701752
56.4810523986816,3.77087593078613,-0.56955486536026,-0.274227976799011,35.5170402526855,20.3467540740967,351.430206298828,-0.286803364753723,-0.190171509981155,0.123758755624294,-0.930732250213623
56.9825286865234,3.769935131073,-0.569352209568024,-0.273873597383499,30.3898410797119,359.131256103516,339.469604492188,-0.259204566478729,-0.0395077355206013,0.170014232397079,-0.949919700622559
57.4832954406738,3.81685161590576,-0.584572553634644,-0.28078231215477,31.9025325775146,356.891693115234,338.910766601563,-0.274851471185684,-0.0246367417275906,0.168562397360802,-0.946275055408478
57.9841384887695,3.83105707168579,-0.589179456233978,-0.282882273197174,34.4657020568848,355.690460205078,338.253112792969,-0.297505378723145,-0.0205798353999853,0.169105678796768,-0.939398944377899
58.4859161376953,3.8368353843689,-0.591053187847137,-0.283736258745193,34.2121467590332,355.812683105469,338.321960449219,-0.295267283916473,-0.0209823623299599,0.169056966900826,-0.94010466337204
58.9877700805664,3.96642255783081,-0.633078277111053,-0.302898347377777,33.5892906188965,356.109741210938,338.487518310547,-0.289766550064087,-0.0219708308577538,0.168932542204857,-0.941814482212067
59.4881629943848,3.9776759147644,-0.636729836463928,-0.304562389850616,34.6865577697754,355.577453613281,338.474273681641,-0.299511790275574,-0.0194440204650164,0.166822195053101,-0.939193785190582
59.9893493652344,3.97383069992065,-0.635792434215546,-0.304207473993301,36.26904296875,357.309387207031,346.150421142578,-0.311583429574966,-0.0153669416904449,0.107291892170906,-0.944017052650452
60.4918632507324,3.98123049736023,-0.636211276054382,-0.305970698595047,38.2819213867188,27.2530689239502,3.71614074707031,-0.325712710618973,-0.212118148803711,0.0474394932389259,-0.920144975185394
61.0184783935547,3.99085831642151,-0.635167121887207,-0.314207226037979,35.6805267333984,55.0250587463379,6.60014247894287,-0.296580106019974,-0.423359096050262,0.0926878452301025,-0.851009011268616
61.5193901062012,3.99147820472717,-0.635134100914001,-0.314485758543015,34.378288269043,70.9694976806641,7.40455627441406,-0.275945574045181,-0.537862539291382,0.120960786938667,-0.787354052066803
62.0205841064453,3.99417448043823,-0.633737683296204,-0.320640742778778,35.6019554138184,76.0522613525391,12.9887285232544,-0.305612325668335,-0.555526614189148,0.102285161614418,-0.766504347324371
62.5217819213867,3.99149107933044,-0.635103762149811,-0.313797056674957,36.2018508911133,76.2236862182617,13.0892190933228,-0.309726506471634,-0.554968655109406,0.105269193649292,-0.764851450920105
63.0225563049316,3.98951435089111,-0.636086702346802,-0.308709263801575,35.1225204467773,75.9974594116211,12.4863338470459,-0.300186842679977,-0.557614088058472,0.102951288223267,-0.767043352127075
63.5237731933594,3.98853039741516,-0.636472463607788,-0.30597448348999,35.9672241210938,76.5988616943359,15.0321264266968,-0.317323863506317,-0.552733898162842,0.0920695066452026,-0.765058100223541
64.0256652832031,3.99020791053772,-0.63547545671463,-0.30996635556221,35.435733795166,76.9501724243164,17.0513496398926,-0.323484510183334,-0.550791501998901,0.07669547945261,-0.76557445526123
64.5266265869141,3.99509763717651,-0.632407426834106,-0.321433752775192,35.080451965332,76.8170318603516,16.9745578765869,-0.321000874042511,-0.551037073135376,0.0749088302254677,-0.766619384288788
65.0277938842773,3.99636340141296,-0.631613612174988,-0.324406951665878,35.664119720459,75.4524765014648,17.5781803131104,-0.328368455171585,-0.538644194602966,0.0701291188597679,-0.772734463214874
65.5293655395508,3.99663662910461,-0.631544232368469,-0.324550002813339,37.6368827819824,66.5469741821289,16.6818656921387,-0.342168569564819,-0.474694043397903,0.0603032000362873,-0.808671712875366
66.0309295654297,3.99795007705688,-0.631211042404175,-0.326192915439606,40.4047241210938,51.9799919128418,7.39040565490723,-0.336272686719894,-0.390394032001495,0.0966498106718063,-0.85157036781311
66.5323638916016,4.0024151802063,-0.630759119987488,-0.329959392547607,41.6049499511719,33.7106170654297,4.10118818283081,-0.349371403455734,-0.258718132972717,0.0708986893296242,-0.897762775421143
67.0334777832031,3.99764657020569,-0.631034910678864,-0.327263623476028,41.7187309265137,11.9852809906006,357.155792236328,-0.351599246263504,-0.106316722929478,0.0602276511490345,-0.928141951560974
67.534553527832,3.99476838111877,-0.63095635175705,-0.326384723186493,40.0234069824219,355.3291015625,351.314270019531,-0.34384548664093,0.0122873280197382,0.0571883767843246,-0.93720269203186
68.036376953125,3.98298168182373,-0.628950357437134,-0.324706852436066,42.3616027832031,8.1584644317627,349.904510498047,-0.353162914514542,-0.0977828651666641,0.107436634600163,-0.924214243888855
68.5378341674805,3.97450709342957,-0.627811372280121,-0.322810351848602,44.876636505127,19.6550159454346,349.888275146484,-0.360721528530121,-0.190290004014969,0.145153746008873,-0.901443302631378
69.039176940918,3.97860360145569,-0.628073632717133,-0.32472962141037,45.2781219482422,21.4018020629883,340.517700195313,-0.343781262636185,-0.232899680733681,0.223887786269188,-0.881729304790497
69.5395660400391,3.97761940956116,-0.627822756767273,-0.32416906952858,44.5827445983887,13.2605142593384,357.062469482422,-0.373917788267136,-0.116455480456352,0.067340113222599,-0.917654037475586
70.0409622192383,3.97172832489014,-0.627720355987549,-0.322679489850998,44.5053100585938,9.50575923919678,359.541381835938,-0.37707930803299,-0.0781970247626305,0.0350688621401787,-0.922207534313202
70.5685195922852,3.9682993888855,-0.627701938152313,-0.322404772043228,45.6416206359863,5.71367692947388,359.580718994141,-0.387197643518448,-0.0473561845719814,0.0226987842470407,-0.920499980449677
71.0705032348633,3.96638345718384,-0.627691090106964,-0.322203457355499,46.2706642150879,5.7069935798645,359.575927734375,-0.392244964838028,-0.0472307056188583,0.0229584109038115,-0.918360590934753
71.5722961425781,4.02229022979736,-0.627979338169098,-0.328093230724335,10.9631004333496,5.95665121078491,359.701416015625,-0.0952610969543457,-0.0519689656794071,0.00755351735278964,-0.994066119194031
72.0734329223633,4.02320528030396,-0.627984762191772,-0.328190475702286,10.626708984375,6.16170644760132,359.129577636719,-0.0920596793293953,-0.0542150065302849,0.0125289279967546,-0.99419754743576
72.57470703125,3.99789810180664,-0.626670241355896,-0.32329124212265,13.9193096160889,19.1296329498291,0.729156911373138,-0.120533019304276,-0.164175271987915,0.0139052979648113,-0.978940725326538
73.0755615234375,3.99830555915833,-0.626647472381592,-0.323457062244415,13.1038045883179,19.5379123687744,0.480791479349136,-0.113154962658882,-0.168094113469124,0.0152525110170245,-0.979136228561401
73.5768966674805,4.05391788482666,-0.62588506937027,-0.337906032800674,15.3305950164795,14.2475557327271,0.828590989112854,-0.133241519331932,-0.121944889426231,0.00943037122488022,-0.983507692813873
74.0778579711914,4.07945871353149,-0.625517666339874,-0.34428808093071,20.6024703979492,14.3289051055908,0.853720188140869,-0.178336456418037,-0.121382139623165,0.0150290923193097,-0.976338446140289
74.5790786743164,4.07884311676025,-0.625525832176208,-0.3441341817379,18.3239288330078,14.2931385040283,0.841817855834961,-0.158886849880219,-0.121656887233257,0.0126123176887631,-0.979691565036774
75.080451965332,4.11438512802124,-0.625014841556549,-0.353012830018997,5.48706912994385,14.1052389144897,0.802807509899139,-0.0483612753450871,-0.122304297983646,-0.00106797239277512,-0.99131315946579
75.5819244384766,4.10933923721313,-0.624727666378021,-0.351328730583191,8.24765205383301,18.8804607391357,356.098358154297,-0.0653282105922699,-0.16591402888298,0.0452817305922508,-0.98293149471283
76.0824203491211,4.11232614517212,-0.624652326107025,-0.352480471134186,7.5447211265564,20.3104763031006,359.247985839844,-0.063605859875679,-0.176354974508286,0.0180457308888435,-0.982103645801544
76.5836868286133,4.10719347000122,-0.624581336975098,-0.350571751594543,7.64808559417725,20.3090763092041,359.247802734375,-0.064491793513298,-0.176338374614716,0.0182047802954912,-0.982045948505402
77.0851593017578,4.12943124771118,-0.629441320896149,-0.355273485183716,8.37391185760498,20.2995262145996,359.246459960938,-0.0707112997770309,-0.176220208406448,0.0193214565515518,-0.981617629528046
77.5866165161133,4.12426853179932,-0.629404425621033,-0.353324413299561,9.61722278594971,19.5285415649414,359.578033447266,-0.0819904059171677,-0.169301107525826,0.0178328137844801,-0.981986105442047
78.0882797241211,4.12571620941162,-0.629421770572662,-0.353853523731232,9.60369968414307,12.734920501709,1.62466359138489,-0.0847520679235458,-0.10932469367981,-0.00475759012624621,-0.990374982357025
78.5888366699219,4.12817430496216,-0.629344820976257,-0.354382663965225,9.70965957641602,359.964904785156,1.81257939338684,-0.0846159905195236,0.00164365512318909,-0.0157862398773432,-0.996287226676941
79.0903015136719,4.13164663314819,-0.629199624061584,-0.354028284549713,10.3289442062378,346.126403808594,4.4813060760498,-0.0845850631594658,0.123685799539089,-0.0495162643492222,-0.987469136714935
79.5912399291992,4.13350200653076,-0.629118919372559,-0.353823184967041,10.9445934295654,336.913726806641,6.58130979537964,-0.0818476229906082,0.204228535294533,-0.0750354006886482,-0.972605526447296
80.0927352905273,4.13544368743896,-0.629169285297394,-0.352511614561081,9.584059715271,319.607208251953,350.725646972656,-0.105959676206112,0.336567759513855,0.0468629896640778,-0.934504449367523
80.5935363769531,4.1448073387146,-0.632400929927826,-0.343106001615524,11.2417678833008,311.045593261719,345.227600097656,-0.141412198543549,0.397457510232925,0.0761951804161072,-0.903451383113861
81.0945053100586,4.13744640350342,-0.630595445632935,-0.348809361457825,16.3503093719482,334.354705810547,353.213226318359,-0.151413410902023,0.211086332798004,0.0256249457597733,-0.965328931808472
81.5956802368164,4.1467752456665,-0.63088321685791,-0.347975432872772,18.1836948394775,359.335571289063,2.66730070114136,-0.157838836312294,0.00940152630209923,-0.0238976590335369,-0.98713093996048
82.0968856811523,4.15085029602051,-0.630738496780396,-0.34817972779274,20.277322769165,348.095458984375,6.85114574432373,-0.168669611215591,0.112359702587128,-0.076723538339138,-0.97623735666275
82.5985488891602,4.13172006607056,-0.63073742389679,-0.354509174823761,20.9269256591797,339.889312744141,358.515350341797,-0.181028306484222,0.16936482489109,-0.0191615913063288,-0.968595504760742
83.099479675293,4.1275110244751,-0.630626916885376,-0.356003373861313,21.09619140625,339.875732421875,0.00990899931639433,-0.180230289697647,0.171779185533524,-0.0320673622190952,-0.967977643013
83.6003341674805,4.13729906082153,-0.630818724632263,-0.351173222064972,20.703577041626,326.113677978516,356.707000732422,-0.18005795776844,0.281622141599655,-0.0253063086420298,-0.942139983177185
84.1011734008789,4.18295431137085,-0.63467675447464,-0.320013821125031,21.4811058044434,324.058044433594,355.681610107422,-0.188564851880074,0.296236008405685,-0.0222482979297638,-0.936051607131958
84.6029968261719,4.24102449417114,-0.639616906642914,-0.28031387925148,24.1857891082764,323.834106445313,355.5947265625,-0.210667595267296,0.29562720656395,-0.0292537286877632,-0.931325912475586
85.1034164428711,4.25294542312622,-0.640630722045898,-0.272168338298798,24.9829559326172,323.766265869141,355.566467285156,-0.217160731554031,0.295416533946991,-0.0313152931630611,-0.929833173751831
85.6045608520508,4.25790452957153,-0.641053378582001,-0.268768727779388,25.6781520843506,323.706329345703,355.540832519531,-0.222814783453941,0.295221656560898,-0.0331124141812325,-0.928494155406952
86.1067886352539,4.25369071960449,-0.640502274036407,-0.27210196852684,22.9217681884766,303.055572509766,343.510040283203,-0.239863723516464,0.437349319458008,0.0298001505434513,-0.86620032787323
86.6079254150391,4.25195693969727,-0.639667272567749,-0.274302184581757,16.6801815032959,283.912841796875,344.280181884766,-0.196542054414749,0.588393747806549,0.018010713160038,-0.784117102622986
87.109489440918,4.25141048431396,-0.639312386512756,-0.275798559188843,18.0585308074951,288.439636230469,358.933074951172,-0.132689937949181,0.576221525669098,-0.0842948704957962,-0.802032709121704
87.6104736328125,4.25305795669556,-0.639347612857819,-0.270646274089813,18.036584854126,289.867340087891,358.311737060547,-0.136643290519714,0.565470576286316,-0.078137569129467,-0.809608697891235
88.111686706543,4.2562313079834,-0.639182329177856,-0.265614002943039,18.1753025054932,311.255340576172,2.62620210647583,-0.134493991732597,0.410674542188644,-0.0857730060815811,-0.897719740867615
88.6129837036133,4.2643461227417,-0.638637781143188,-0.256089717149734,18.7811088562012,311.28466796875,2.63550662994385,-0.139242991805077,0.410215198993683,-0.087945245206356,-0.896995306015015
89.1136779785156,4.28703498840332,-0.637114584445953,-0.229473277926445,22.1743927001953,311.453277587891,2.69446301460266,-0.165768623352051,0.407428056001663,-0.100064858794212,-0.892474234104156
89.6150283813477,4.28703022003174,-0.637114584445953,-0.229473546147346,22.1743221282959,311.453369140625,2.6943633556366,-0.165768519043922,0.407427191734314,-0.100063696503639,-0.892474770545959
90.1161727905273,4.32535934448242,-0.634538590908051,-0.184491813182831,18.4166069030762,311.267364501953,2.62978219985962,-0.136386632919312,0.41049000620842,-0.0866374522447586,-0.89743560552597
90.6177291870117,4.36138677597046,-0.632501184940338,-0.143196642398834,17.5789375305176,299.959320068359,9.38400459289551,-0.0914175510406494,0.503597617149353,-0.146186947822571,-0.846558749675751
91.1192398071289,4.36047220230103,-0.632774293422699,-0.145947933197021,18.9809265136719,288.445068359375,5.39816093444824,-0.106466457247734,0.582296252250671,-0.133971557021141,-0.79476261138916
91.620361328125,4.3662896156311,-0.629731178283691,-0.125812396407127,19.1132373809814,289.137573242188,9.67303562164307,-0.0865951627492905,0.581049859523773,-0.163650333881378,-0.792528212070465
92.1217575073242,4.38106250762939,-0.621078789234161,-0.0740693360567093,21.3267784118652,289.542572021484,9.81303977966309,-0.102110631763935,0.577731013298035,-0.175006330013275,-0.790678918361664
92.6228561401367,4.38952875137329,-0.616118550300598,-0.0444057323038578,22.9155883789063,289.841186523438,9.92541599273682,-0.113227903842926,0.575209200382233,-0.183119103312492,-0.789164900779724
93.1235809326172,4.41119432449341,-0.60343199968338,0.0314593315124512,339.538940429688,282.503662109375,9.75602912902832,0.190393328666687,0.601937711238861,0.0454982295632362,-0.7741779088974
93.6244049072266,4.418381690979,-0.599224984645844,0.0566084273159504,331.711303710938,280.978515625,10.3869218826294,0.243599608540535,0.59733659029007,0.0871141031384468,-0.759117543697357
94.1263961791992,4.41780948638916,-0.599559843540192,0.0546048991382122,336.488311767578,264.822723388672,16.8930492401123,0.242097333073616,0.694810748100281,0.0518058873713017,-0.675235629081726
94.627555847168,4.41780948638916,-0.599560379981995,0.0546048991382122,335.34619140625,269.801086425781,10.753490447998,0.214877858757973,0.674837172031403,0.0859371870756149,-0.700740456581116
95.1298065185547,4.41780948638916,-0.599559843540192,0.0546048991382122,335.164489746094,270.879455566406,9.72981643676758,0.210778623819351,0.669781923294067,0.0913276150822639,-0.70613306760788
95.6575317382813,4.41862440109253,-0.600966513156891,0.0544445067644119,334.509216308594,296.492309570313,355.622650146484,0.167855843901634,0.520093500614166,0.147694379091263,-0.824326038360596
96.1612396240234,4.42535209655762,-0.610309839248657,0.0530069507658482,335.855804443359,320.897338867188,356.392547607422,0.18668557703495,0.33329176902771,0.0989601090550423,-0.918842732906342
96.687126159668,4.42081785202026,-0.621448874473572,0.0565623678267002,337.11083984375,344.588439941406,356.976318359375,0.193092435598373,0.13656222820282,0.0522215515375137,-0.970226228237152
97.1884994506836,4.42081785202026,-0.621448874473572,0.0565623678267002,341.861358642578,9.69443798065186,340.995147705078,0.168685972690582,-0.0563678592443466,0.149305686354637,-0.972664177417755
97.6887969970703,4.41387796401978,-0.624247550964355,0.0590508617460728,351.767822265625,33.1153411865234,334.091491699219,0.1307702511549,-0.261587649583817,0.194388449192047,-0.936314165592194
98.1894912719727,4.4138822555542,-0.624247550964355,0.0590511336922646,3.11034178733826,55.2606582641602,330.986450195313,0.0928498357534409,-0.454836964607239,0.234030857682228,-0.854243457317352
98.6909713745117,4.41387796401978,-0.624247550964355,0.0590511336922646,13.8232040405273,73.8881225585938,328.418212890625,0.0698223784565926,-0.600322127342224,0.285507649183273,-0.743790030479431
99.1926422119141,4.41387367248535,-0.624248087406158,0.0590514056384563,17.158390045166,80.4493103027344,338.579254150391,0.00675825215876102,-0.648603558540344,0.234965592622757,-0.723919212818146
99.694206237793,4.41387796401978,-0.624247550964355,0.0590511336922646,16.1678524017334,76.4706344604492,349.260223388672,-0.05262790620327,-0.620390772819519,0.159427285194397,-0.766112685203552
100.194755554199,4.41387796401978,-0.624247550964355,0.0590511336922646,15.504035949707,72.6646423339844,356.188446044922,-0.0890800729393959,-0.590342223644257,0.106417335569859,-0.795132756233215
100.695495605469,4.41387796401978,-0.624247550964355,0.0590511336922646,15.5519943237305,71.5569763183594,0.599162757396698,-0.112794391810894,-0.578695178031921,0.0748998671770096,-0.804225921630859
101.196189880371,4.41672563552856,-0.624157607555389,0.0505829378962517,16.727087020874,71.5699157714844,0.602722942829132,-0.121035695075989,-0.577897429466248,0.0808306112885475,-0.803026378154755
101.697776794434,4.42932748794556,-0.623745262622833,0.013163685798645,17.6533985137939,71.9315490722656,6.02606248855591,-0.154527634382248,-0.573016166687012,0.0479556806385517,-0.803413987159729
102.199256896973,4.42578554153442,-0.625887751579285,0.0190312210470438,18.0717792510986,72.0880661010742,4.53238821029663,-0.149866506457329,-0.575628936290741,0.0607631430029869,-0.801560521125793
102.699813842773,4.42306756973267,-0.626507103443146,0.0267901197075844,17.6768226623535,72.0553512573242,4.52236175537109,-0.147094488143921,-0.575836539268494,0.0587723478674889,-0.802073180675507
103.200843811035,4.42067909240723,-0.627049505710602,0.0335899256169796,18.415153503418,72.1166381835938,4.5412974357605,-0.152274966239929,-0.575442969799042,0.0624935142695904,-0.801106929779053
103.70174407959,4.4206748008728,-0.627050042152405,0.0335901975631714,18.415153503418,72.1166381835938,4.5412974357605,-0.152274966239929,-0.575442969799042,0.0624935142695904,-0.801106929779053
104.203079223633,4.4206748008728,-0.627049505710602,0.0335901975631714,18.1123275756836,76.2609252929688,4.37126970291138,-0.146978333592415,-0.604591846466064,0.0674930736422539,-0.779942870140076
104.704574584961,4.4206748008728,-0.627050042152405,0.0335901975631714,18.2508373260498,74.6188278198242,5.85845756530762,-0.156560495495796,-0.59121960401535,0.055871419608593,-0.789193570613861
105.205612182617,4.4206748008728,-0.627050042152405,0.0335901975631714,19.1728286743164,65.8981628417969,6.59279870986938,-0.170355126261711,-0.527375280857086,0.0428487695753574,-0.831275224685669
105.708000183105,4.41050958633423,-0.633720934391022,0.0398188829421997,19.9054889678955,59.9480667114258,9.07771301269531,-0.188191398978233,-0.47869735956192,0.0185599662363529,-0.857372939586639
106.209625244141,4.40253782272339,-0.638571083545685,0.0445869825780392,19.2537975311279,64.3591003417969,6.25072479248047,-0.169959008693695,-0.51657634973526,0.0434351041913033,-0.838078916072845
106.710105895996,4.40253353118896,-0.638571083545685,0.0445869825780392,19.2980003356934,63.9457397460938,7.6177921295166,-0.176548555493355,-0.511428356170654,0.0330031327903271,-0.84034663438797
107.211120605469,4.40421533584595,-0.638128399848938,0.0415089465677738,21.5626087188721,64.2713851928711,7.7315411567688,-0.193269968032837,-0.510668575763702,0.0431938655674458,-0.83665919303894
107.712615966797,4.39340400695801,-0.640979647636414,0.0613591894507408,21.5368995666504,64.0746765136719,8.06621646881104,-0.194645464420319,-0.50870007276535,0.0402966402471066,-0.837683439254761
108.214065551758,4.38480806350708,-0.643729627132416,0.0761508941650391,21.3166923522949,61.2018890380859,14.0231943130493,-0.219072505831718,-0.477098912000656,-0.00981038995087147,-0.851050913333893
108.714645385742,4.38981485366821,-0.641529142856598,0.0695298984646797,22.6708450317383,55.4491806030273,17.3694496154785,-0.240869000554085,-0.424645394086838,-0.0406625680625439,-0.871782600879669
109.215934753418,4.38471698760986,-0.646722853183746,0.0671245828270912,25.6992282867432,45.2704200744629,21.7943477630615,-0.272496551275253,-0.329654186964035,-0.0860685333609581,-0.899814426898956
109.717918395996,4.38365077972412,-0.64791876077652,0.0664063468575478,23.9976959228516,48.4566612243652,20.7252006530762,-0.25869220495224,-0.36075958609581,-0.0765272751450539,-0.8927903175354
110.218101501465,4.38479089736938,-0.647399663925171,0.0654713660478592,24.6396293640137,48.9817352294922,19.7725563049316,-0.260823667049408,-0.365650027990341,-0.0655094757676125,-0.891055345535278
110.719848632813,4.38073778152466,-0.649051785469055,0.0694028362631798,24.0184364318848,50.7571334838867,18.6327342987061,-0.253375053405762,-0.383254498243332,-0.0550604611635208,-0.886501848697662
111.220626831055,4.37612533569336,-0.650974273681641,0.0737065598368645,24.0626525878906,50.7734489440918,18.6394920349121,-0.25373637676239,-0.383276551961899,-0.0549052320420742,-0.886398553848267
111.721984863281,4.38326930999756,-0.64823842048645,0.0665209516882896,25.166259765625,47.6411552429199,23.853702545166,-0.276456266641617,-0.344476461410522,-0.0984302535653114,-0.891750752925873
112.223823547363,4.37807607650757,-0.651652157306671,0.0690275952219963,26.0398731231689,44.5870666503906,25.3540954589844,-0.284479260444641,-0.31484380364418,-0.114450797438622,-0.898246049880981
112.72403717041,4.36954498291016,-0.655482590198517,0.0747621059417725,26.5171127319336,44.0273971557617,23.821174621582,-0.283344447612762,-0.313099950551987,-0.102123700082302,-0.900696992874146
113.225547790527,4.38066816329956,-0.650351703166962,0.0662036910653114,24.1154899597168,47.9739952087402,21.8034114837646,-0.262600630521774,-0.354289889335632,-0.0855889171361923,-0.893417119979858
113.726959228516,4.37057685852051,-0.655166685581207,0.0738493427634239,23.7715682983398,47.4074935913086,22.0055046081543,-0.260199785232544,-0.350164651870728,-0.0897320434451103,-0.895337402820587
114.228042602539,4.33027935028076,-0.673878729343414,0.105518102645874,23.8714370727539,47.4516296386719,22.0232276916504,-0.261041015386581,-0.350249052047729,-0.0894020050764084,-0.89509242773056
114.729148864746,4.32680320739746,-0.675494015216827,0.10824528336525,25.4672470092773,43.855037689209,24.8707008361816,-0.278112441301346,-0.31167271733284,-0.114466041326523,-0.901338458061218
115.256278991699,4.33255958557129,-0.672623217105865,0.105019859969616,28.3181056976318,37.7453765869141,29.4620819091797,-0.303608626127243,-0.244473278522491,-0.156778231263161,-0.907455384731293
115.759834289551,4.33549022674561,-0.671077311038971,0.103918798267841,30.8571834564209,31.8044204711914,33.5425453186035,-0.321186065673828,-0.179059892892838,-0.197715818881989,-0.908672451972961
116.261276245117,4.33497858047485,-0.671397030353546,0.103864617645741,33.8916664123535,26.0669212341309,37.5454444885254,-0.338277488946915,-0.112869754433632,-0.237676545977592,-0.903514623641968
116.762435913086,4.33610153198242,-0.670754373073578,0.103741884231567,37.4877853393555,20.2922229766846,42.0738487243652,-0.355112761259079,-0.0421510338783264,-0.281781673431396,-0.890346825122833
117.263069152832,4.33303213119507,-0.672760844230652,0.102879785001278,43.5062828063965,13.101224899292,47.366584777832,-0.379740804433823,0.0508610270917416,-0.331922560930252,-0.861996233463287
117.764053344727,4.33117246627808,-0.674161553382874,0.101546265184879,48.9641723632813,5.99632978439331,52.0884971618652,-0.39271804690361,0.13893561065197,-0.379568010568619,-0.826073527336121
118.265350341797,4.32203912734985,-0.681206285953522,0.094284251332283,48.8408203125,5.16580390930176,51.7362365722656,-0.389528453350067,0.143274500966072,-0.380100220441818,-0.82659775018692
118.766906738281,4.3334698677063,-0.677386164665222,0.102266401052475,53.979663848877,351.887817382813,32.9280281066895,-0.416270822286606,0.188744902610779,-0.282697945833206,-0.843312442302704
119.26766204834,4.35319375991821,-0.669189453125,0.116465039551258,52.5815467834473,350.407562255859,31.7413539886475,-0.40405136346817,0.192807406187057,-0.279942810535431,-0.849234938621521
119.768592834473,4.36434745788574,-0.65527069568634,0.127610296010971,26.2883205413818,333.683258056641,15.0163278579712,-0.190566584467888,0.248712763190269,-0.175226002931595,-0.933339297771454
120.26985168457,4.36944532394409,-0.663454413414001,0.126050546765327,65.7410049438477,342.770324707031,13.0492324829102,-0.518847286701202,0.185970783233643,-0.175132557749748,-0.815806984901428
120.77099609375,4.37242317199707,-0.640432417392731,0.130247801542282,32.1239280700684,334.192596435547,6.28867197036743,-0.257512897253036,0.229065388441086,-0.113071642816067,-0.931896448135376
121.272430419922,4.35785818099976,-0.642197787761688,0.121549852192402,42.0930709838867,335.666931152344,7.1815881729126,-0.338051557540894,0.218295097351074,-0.132677793502808,-0.905795276165009
121.773506164551,4.32672071456909,-0.674625933170319,0.101221419870853,59.7274971008301,340.023529052734,10.604151725769,-0.474394500255585,0.195086255669594,-0.164917513728142,-0.842433094978333
122.274810791016,4.37101888656616,-0.66157740354538,0.128788843750954,79.5793380737305,120.400405883789,149.143569946289,-0.727373540401459,0.129199028015137,-0.220371842384338,-0.636923551559448
122.776397705078,4.37088441848755,-0.638802468776703,0.133699715137482,48.086254119873,336.796173095703,7.98251628875732,-0.385348260402679,0.210995718836784,-0.144005209207535,-0.886707425117493
123.277114868164,4.36334609985352,-0.636809527873993,0.129752531647682,54.6363830566406,338.382202148438,9.22346496582031,-0.435933291912079,0.202323824167252,-0.155954957008362,-0.862963080406189
123.778953552246,4.36335039138794,-0.636809527873993,0.129752531647682,53.962589263916,342.67919921875,21.4155426025391,-0.415784537792206,0.215187519788742,-0.230815976858139,-0.852960467338562
124.279258728027,4.36335039138794,-0.636809527873993,0.129752531647682,46.6881484985352,358.71630859375,54.7276802062988,-0.347163945436478,0.191255837678909,-0.425929874181747,-0.813315570354462
124.780090332031,4.36335039138794,-0.636811137199402,0.129752531647682,48.7987594604492,356.988891601563,64.7867736816406,-0.335873872041702,0.241434380412102,-0.496878564357758,-0.762895703315735
125.281791687012,4.36335468292236,-0.636810600757599,0.129752263426781,48.7986030578613,356.988525390625,64.7863006591797,-0.335872173309326,0.241434872150421,-0.496876835823059,-0.762897491455078
125.783081054688,4.36335039138794,-0.636811137199402,0.129752263426781,48.7984428405762,356.988525390625,64.7861175537109,-0.335871487855911,0.241433635354042,-0.496875822544098,-0.762898802757263
126.284652709961,4.36335039138794,-0.636811137199402,0.129752263426781,57.530834197998,349.303863525391,58.9860687255859,-0.376817643642426,0.307000577449799,-0.468726515769958,-0.73760062456131
126.78547668457,4.36335039138794,-0.636811137199402,0.129752263426781,61.7751426696777,343.590850830078,51.4913444519043,-0.40446463227272,0.331018596887589,-0.434944242238998,-0.733252048492432
127.28727722168,4.36335039138794,-0.636811137199402,0.129752263426781,64.4064559936523,338.68896484375,48.6438903808594,-0.412811189889908,0.358279347419739,-0.43228805065155,-0.717181921005249
127.788276672363,4.36335468292236,-0.636811137199402,0.129752263426781,64.4068069458008,338.688934326172,48.6438941955566,-0.412813425064087,0.358280330896378,-0.432287991046906,-0.717180252075195
128.290161132813,4.33875417709351,-0.658393979072571,0.071788102388382,61.5803909301758,332.296630859375,42.9456939697266,-0.387226939201355,0.373324424028397,-0.41936457157135,-0.731312274932861
128.791091918945,4.30124473571777,-0.691311478614807,-0.0166153367608786,56.7763633728027,324.550140380859,36.2845916748047,-0.346960574388504,0.395536154508591,-0.398481279611588,-0.75125378370285
129.292602539063,4.28428220748901,-0.706193089485168,-0.0565843135118484,53.2880363464355,320.359039306641,32.848087310791,-0.31897446513176,0.409985423088074,-0.38360008597374,-0.763556301593781
129.793991088867,4.31479549407959,-0.679413318634033,0.0153338368982077,13.935510635376,297.872650146484,19.5168056488037,-0.0155992023646832,0.522381782531738,-0.205804869532585,-0.827356278896332
130.294189453125,4.34314966201782,-0.654531598091125,0.0821568742394447,359.253143310547,292.737487792969,18.9218521118164,0.0963892564177513,0.54540878534317,-0.133298248052597,-0.821869850158691
130.795532226563,4.31737041473389,-0.677153170108795,0.0214051119983196,0.00103391986340284,292.993774414063,18.9202213287354,0.0907168835401535,0.544476687908173,-0.137058228254318,-0.822514891624451
131.295837402344,4.31873989105225,-0.675945401191711,0.0246481467038393,4.41472339630127,279.397766113281,19.1681976318359,0.0786452814936638,0.642194151878357,-0.151448965072632,-0.74730509519577
131.798355102539,4.31873559951782,-0.675945401191711,0.0246481467038393,3.75851702690125,281.792694091797,11.4323511123657,0.0374655611813068,0.629786133766174,-0.0978299230337143,-0.769672095775604
132.326507568359,4.31873559951782,-0.675945401191711,0.0246481467038393,3.75845885276794,281.792846679688,11.4323701858521,0.0374659411609173,0.629785180091858,-0.097829781472683,-0.769672930240631
132.828170776367,4.31890487670898,-0.675766587257385,0.0255178324878216,353.548767089844,279.72607421875,11.4811210632324,0.107176564633846,0.636065185070038,-0.0402584820985794,-0.763094663619995
133.329345703125,4.3286018371582,-0.665545463562012,0.0752337947487831,306.620574951172,265.281311035156,19.3638401031494,0.410458654165268,0.596707165241241,0.223916992545128,-0.65216988325119
133.830917358398,4.32748365402222,-0.666721284389496,0.0695185214281082,310.146148681641,267.193664550781,17.8641719818115,0.389075964689255,0.603658199310303,0.204432561993599,-0.665149629116058
134.359039306641,4.32748365402222,-0.666721284389496,0.0695182532072067,308.045776367188,276.257110595703,32.2916145324707,0.480155467987061,0.485660284757614,0.0946728065609932,-0.724307894706726
134.860397338867,4.32748365402222,-0.666721820831299,0.0695182532072067,308.157562255859,275.94873046875,49.7189750671387,0.547759890556335,0.409809499979019,-0.0153409698978066,-0.729232430458069
135.361572265625,4.32748365402222,-0.666721820831299,0.0695182532072067,305.044586181641,281.132202148438,40.7585716247559,0.530303359031677,0.404160380363464,0.0361140221357346,-0.74439811706543
135.862609863281,4.32748365402222,-0.666721820831299,0.0695182532072067,295.833984375,326.120727539063,359.726043701172,0.507510364055634,0.248080760240555,0.156694427132607,-0.810145676136017
136.363754272461,4.32748365402222,-0.666721820831299,0.0695182532072067,296.600311279297,338.272583007813,337.331481933594,0.474472641944885,0.258649110794067,0.261321067810059,-0.79980480670929
136.864608764648,4.33466196060181,-0.668993294239044,0.0591987892985344,302.914184570313,3.56428909301758,331.656402587891,0.469739496707916,0.0904394015669823,0.200561866164207,-0.854950547218323
137.366455078125,4.33709383010864,-0.672049939632416,0.0567249283194542,300.830261230469,333.859802246094,1.43675947189331,0.483350098133087,0.190614476799965,0.101020075380802,-0.848430156707764
137.867309570313,4.33709383010864,-0.672049403190613,0.0567246563732624,301.482940673828,318.65185546875,9.71301937103271,0.481712162494659,0.268191128969193,0.102831222116947,-0.827920734882355
138.368194580078,4.33709383010864,-0.672049403190613,0.0567246563732624,300.778869628906,322.69921875,9.48047637939453,0.489530324935913,0.23839046061039,0.0893965512514114,-0.833989441394806
138.86930847168,4.33709383010864,-0.672049403190613,0.0567246563732624,301.223419189453,323.546264648438,13.1075439453125,0.494163185358047,0.217549949884415,0.0580280646681786,-0.839706778526306
139.37043762207,4.33709383010864,-0.672049939632416,0.0567246563732624,301.200378417969,323.746856689453,11.3246097564697,0.491004943847656,0.223696574568748,0.0702899172902107,-0.839007377624512
139.871566772461,4.32462692260742,-0.673474490642548,0.0505003072321415,347.343292236328,332.151519775391,5.98441600799561,0.119326248764992,0.233261540532112,-0.0238689463585615,-0.964769721031189
140.372985839844,4.31302690505981,-0.67479932308197,0.0447105281054974,9.3642406463623,334.433441162109,5.91766214370728,-0.0681149810552597,0.224340498447418,-0.0682081282138824,-0.969731628894806
140.874130249023,4.30907773971558,-0.675250172615051,0.042741946876049,9.45126247406006,326.51611328125,18.1290397644043,-0.0326781272888184,0.295926421880722,-0.173791021108627,-0.938699305057526
141.375717163086,4.30907773971558,-0.675249636173248,0.042741946876049,7.17330121994019,332.887878417969,23.6949234008789,-0.011490723118186,0.241439834237099,-0.21354728937149,-0.946558177471161
141.876937866211,4.30907773971558,-0.675249636173248,0.042741946876049,7.823401927948,330.774291992188,14.2346210479736,-0.0343178883194923,0.257938265800476,-0.136692211031914,-0.955827116966248
142.377670288086,4.30907773971558,-0.675249636173248,0.042741946876049,8.52179431915283,327.53466796875,6.5158863067627,-0.0553783178329468,0.282369583845139,-0.0751504078507423,-0.954752922058105
142.878967285156,4.30907773971558,-0.675249636173248,0.042741946876049,9.0165319442749,332.359497070313,345.504669189453,-0.105760581791401,0.226605609059334,0.103500716388226,-0.962679743766785
143.380615234375,4.30907344818115,-0.675249636173248,0.042741946876049,6.83035802841187,325.268737792969,339.106811523438,-0.109934955835342,0.282690733671188,0.155261620879173,-0.94015645980835
143.881637573242,4.30908203125,-0.675249636173248,0.042741946876049,6.20587491989136,323.802856445313,343.000518798828,-0.096735417842865,0.299185365438461,0.123655207455158,-0.941190659999847
144.382568359375,4.30907773971558,-0.675249636173248,0.042741946876049,6.49056911468506,325.230773925781,4.43424367904663,-0.0424438752233982,0.300172060728073,-0.0537617541849613,-0.951422572135925
144.883682250977,4.30907344818115,-0.675249636173248,0.042741946876049,6.48556852340698,325.223388671875,11.3838939666748,-0.0241238083690405,0.302250266075134,-0.111317440867424,-0.946399092674255
145.384582519531,4.30907773971558,-0.675249636173248,0.042741946876049,6.48559761047363,325.223266601563,11.3838958740234,-0.0241239052265882,0.302251428365707,-0.111317567527294,-0.946398794651031
145.885559082031,4.30907773971558,-0.675249636173248,0.042741946876049,6.48559665679932,325.222869873047,11.3837833404541,-0.0241238251328468,0.30225458741188,-0.111316703259945,-0.946397840976715
146.38737487793,4.28708696365356,-0.680690467357635,0.0267204903066158,6.36889362335205,325.198913574219,11.3811225891113,-0.0231403596699238,0.302372753620148,-0.111002594232559,-0.946421504020691
146.888565063477,4.20314168930054,-0.701463222503662,-0.0344449803233147,5.8223819732666,325.088317871094,11.369384765625,-0.0185359623283148,0.302909195423126,-0.109530352056026,-0.946522891521454
147.389739990234,4.1752815246582,-0.708359479904175,-0.0547479502856731,3.66587615013123,324.653930664063,11.3334760665894,-0.000365585059626028,0.304955899715424,-0.103696562349796,-0.946704208850861
147.890289306641,4.19941806793213,-0.70238870382309,-0.0371629521250725,1.19279301166534,324.158386230469,11.3123617172241,0.0204694233834743,0.307163566350937,-0.096959076821804,-0.946483194828033
148.39192199707,4.21604681015015,-0.698273837566376,-0.0250420793890953,356.750762939453,323.269287109375,11.3283414840698,0.057860478758812,0.310755133628845,-0.0847436785697937,-0.944934904575348
148.894409179688,4.20821809768677,-0.700210988521576,-0.0307446178048849,354.828063964844,322.882690429688,11.3566722869873,0.0740213468670845,0.312159150838852,-0.0794131979346275,-0.943806707859039
149.42236328125,4.20473718643188,-0.701074182987213,-0.0332883819937706,2.0418758392334,324.328247070313,11.317102432251,0.0133167421445251,0.306423008441925,-0.0992769077420235,-0.946610689163208
149.923446655273,4.19686508178711,-0.703021585941315,-0.0390226170420647,2.36770367622375,324.393463134766,11.3195991516113,0.0105717144906521,0.306134074926376,-0.100164920091629,-0.946645259857178
150.42497253418,4.19686031341553,-0.703021585941315,-0.0390226170420647,2.16196942329407,324.862915039063,27.2117958068848,0.0535134449601173,0.297554433345795,-0.229764476418495,-0.925097823143005
150.926574707031,4.19686508178711,-0.703021585941315,-0.0390228889882565,1.5627943277359,325.982482910156,11.1257133483887,0.0153737785294652,0.292377471923828,-0.0966594666242599,-0.951281309127808
151.427764892578,4.19686937332153,-0.703021585941315,-0.0390228889882565,1.56278860569,325.982482910156,11.1256694793701,0.0153737142682076,0.292377471923828,-0.0966590866446495,-0.951281309127808
151.928466796875,4.19686031341553,-0.703021585941315,-0.0390228889882565,1.56278860569,325.982482910156,11.1256694793701,0.0153737142682076,0.292377471923828,-0.0966590866446495,-0.951281309127808
152.429534912109,4.19686508178711,-0.703021585941315,-0.0390228889882565,1.56278860569,325.982482910156,11.1256694793701,0.0153737142682076,0.292377471923828,-0.0966590866446495,-0.951281309127808
152.930709838867,4.19686031341553,-0.703021585941315,-0.0390228889882565,1.56278860569,325.982482910156,11.1256694793701,0.0153737142682076,0.292377471923828,-0.0966590866446495,-0.951281309127808
153.432006835938,4.19686508178711,-0.703021585941315,-0.0390226170420647,1.56278860569,325.982482910156,11.1256694793701,0.0153737142682076,0.292377471923828,-0.0966590866446495,-0.951281309127808
153.933059692383,4.19686508178711,-0.703021585941315,-0.0390228889882565,1.56278860569,325.982482910156,11.1256694793701,0.0153737142682076,0.292377471923828,-0.0966590866446495,-0.951281309127808
154.433944702148,4.19686508178711,-0.703021585941315,-0.0390228889882565,1.56278860569,325.982482910156,11.1256694793701,0.0153737142682076,0.292377471923828,-0.0966590866446495,-0.951281309127808
154.934951782227,4.19686508178711,-0.703021585941315,-0.0390228889882565,1.69176185131073,325.331512451172,11.371753692627,0.0154925119131804,0.297843366861343,-0.0989413782954216,-0.949347078800201
155.436416625977,4.19686508178711,-0.703021585941315,-0.0390228889882565,1.70776188373566,325.207733154297,6.94795799255371,0.0039198100566864,0.299255520105362,-0.0622645132243633,-0.95213121175766
155.937545776367,4.19686508178711,-0.703021585941315,-0.0390228889882565,1.5720009803772,323.248931884766,353.606567382813,-0.0305758267641068,0.313997805118561,0.0485981330275536,-0.947685956954956
156.438781738281,4.19686508178711,-0.703021585941315,-0.0390228889882565,0.974659979343414,318.857727050781,355.188720703125,-0.0227039195597172,0.350713431835175,0.0363102331757545,-0.93550318479538
156.939956665039,4.19686508178711,-0.703021585941315,-0.0390228889882565,1.1526050567627,323.273651123047,9.29471683502197,0.0160094071179628,0.314760804176331,-0.0800514370203018,-0.945653855800629
157.440963745117,4.19686031341553,-0.703021585941315,-0.0390228889882565,1.2558479309082,321.133941650391,356.106719970703,-0.021629748865962,0.332141846418381,0.0283877067267895,-0.942554116249084
157.942291259766,4.19686508178711,-0.703021585941315,-0.0390228889882565,1.25583791732788,321.1337890625,356.106719970703,-0.0216296575963497,0.332142949104309,0.0283875856548548,-0.942553699016571
158.443618774414,4.19686508178711,-0.703021585941315,-0.0390228889882565,1.25583517551422,321.133728027344,356.106719970703,-0.0216296594589949,0.332143664360046,0.0283875875174999,-0.942553400993347
158.944641113281,4.19686937332153,-0.703021585941315,-0.0390228889882565,1.27564859390259,321.385375976563,354.233245849609,-0.0271234977990389,0.329667270183563,0.0437952391803265,-0.942690789699554
159.445190429688,4.19686508178711,-0.703021585941315,-0.0390228889882565,1.27564966678619,321.385406494141,354.233245849609,-0.0271235220134258,0.329667031764984,0.0437953174114227,-0.942690849304199
159.947082519531,4.19686508178711,-0.703021585941315,-0.0390242449939251,1.27564942836761,321.385375976563,354.233215332031,-0.0271235853433609,0.329667240381241,0.0437954626977444,-0.94269073009491
160.448226928711,4.19686508178711,-0.703021585941315,-0.0390242449939251,1.27564382553101,321.385375976563,354.233215332031,-0.0271235145628452,0.329667299985886,0.0437954030930996,-0.94269073009491
160.949554443359,4.19686508178711,-0.703021585941315,-0.0390242449939251,1.33589494228363,321.984283447266,354.288146972656,-0.0272349324077368,0.324722081422806,0.0433124676346779,-0.944424629211426
161.450073242188,4.19686508178711,-0.703021585941315,-0.0390242449939251,1.33589828014374,321.984436035156,354.288177490234,-0.027234835550189,0.324720740318298,0.0433123186230659,-0.944425106048584
161.950805664063,4.19686508178711,-0.703021585941315,-0.0390242449939251,1.33591043949127,321.98486328125,354.288238525391,-0.0272346083074808,0.324717342853546,0.0433118864893913,-0.944426357746124
162.452590942383,4.20560836791992,-0.704128623008728,-0.0322236269712448,2.07821488380432,321.910614013672,354.286041259766,-0.0333823189139366,0.324991971254349,0.0411969907581806,-0.944229185581207
162.954345703125,4.20680475234985,-0.704279780387878,-0.0312905423343182,0.791974186897278,322.039428710938,354.289276123047,-0.022728905081749,0.324505597352982,0.0448603592813015,-0.944545984268188
163.455505371094,4.21806669235229,-0.70570707321167,-0.0225289296358824,359.944030761719,322.124114990234,354.289794921875,-0.0157042443752289,0.324163913726807,0.0472723245620728,-0.944688618183136
163.956832885742,4.21089267730713,-0.704798340797424,-0.0281084664165974,0.842185795307159,322.0341796875,354.289215087891,-0.0231449156999588,0.324527412652969,0.0447173155844212,-0.944535195827484
164.45719909668,4.23272752761841,-0.70756459236145,-0.0111200595274568,0.654330909252167,322.053039550781,354.289459228516,-0.021588696166873,0.324452549219131,0.045251902192831,-0.944572269916534
164.958984375,4.25696802139282,-0.710635304450989,0.00773966312408447,0.615899622440338,322.056732177734,354.289459228516,-0.0212704781442881,0.324438631534576,0.0453614667057991,-0.944579005241394
165.460708618164,4.25641298294067,-0.710609257221222,0.0078103756532073,2.25199055671692,330.483612060547,354.714263916016,-0.0307264570146799,0.253544002771378,0.0395799726247787,-0.966025233268738
165.96110534668,4.25320529937744,-0.710284173488617,0.00639801658689976,2.95296454429626,338.056762695313,354.739166259766,-0.0340006574988365,0.188898250460625,0.0401407703757286,-0.980586647987366
166.463363647461,4.25730609893799,-0.710687279701233,0.00789680238813162,3.08915376663208,344.913452148438,352.980072021484,-0.0347053185105324,0.129345163702965,0.0571385100483894,-0.989343523979187
166.9638671875,4.25530338287354,-0.710385501384735,0.00754621904343367,4.06585550308228,352.634063720703,350.423583984375,-0.0406355783343315,0.0610161274671555,0.080977275967598,-0.994016349315643
167.464752197266,4.23586130142212,-0.706685125827789,0.00646412372589111,5.47895860671997,0.556344091892242,347.027862548828,-0.0469404347240925,-0.0102173136547208,0.113061711192131,-0.992425978183746
167.966415405273,4.22770309448242,-0.70457512140274,0.00729615008458495,7.47272300720215,8.88261890411377,344.18896484375,-0.0537243001163006,-0.0854748487472534,0.141833782196045,-0.984728872776031
168.467681884766,4.22274827957153,-0.702999949455261,0.00881010852754116,10.2976160049438,17.8664951324463,341.986419677734,-0.0633492320775986,-0.166629076004028,0.167792290449142,-0.969570755958557
168.968795776367,4.22172546386719,-0.702643930912018,0.00920295715332031,8.53993511199951,13.6217403411865,342.225433349609,-0.0547723919153214,-0.1282649487257,0.161698892712593,-0.976934790611267
169.469421386719,4.21344995498657,-0.699995875358582,0.0113598322495818,7.97076845169067,8.42166900634766,343.815155029297,-0.058312863111496,-0.0822772458195686,0.145103290677071,-0.984263718128204
169.970840454102,4.25807332992554,-0.71303790807724,0.00290816486813128,8.62207984924316,8.23046970367432,343.787475585938,-0.0641373246908188,-0.0814170837402344,0.145588517189026,-0.983901262283325
170.471954345703,4.2632622718811,-0.714554011821747,0.00192604283802211,9.66027736663818,7.92422246932983,343.738708496094,-0.0734186992049217,-0.0800395980477333,0.146351143717766,-0.983252108097076
170.973541259766,4.2754430770874,-0.718229472637177,-0.000918995239771903,10.9787931442261,12.9514360427856,342.760192871094,-0.0771513879299164,-0.125242963433266,0.158906638622284,-0.976273834705353
171.474868774414,4.28698253631592,-0.722081542015076,-0.00478083454072475,12.0702896118164,17.8717575073242,341.045562744141,-0.0770107731223106,-0.169461295008659,0.177863508462906,-0.966290175914764
171.97607421875,4.28996515274048,-0.72319233417511,-0.00606423057615757,13.898021697998,22.6503410339355,339.399993896484,-0.0818637832999229,-0.213004380464554,0.197408840060234,-0.953392446041107
172.477569580078,4.30270528793335,-0.728724777698517,-0.013553012162447,15.8944034576416,27.4508972167969,337.944549560547,-0.086882196366787,-0.256343513727188,0.21623632311821,-0.938073217868805
172.97834777832,4.30519771575928,-0.729911983013153,-0.0152880493551493,17.470142364502,32.4690093994141,336.709045410156,-0.0870307683944702,-0.300071150064468,0.233141720294952,-0.920884311199188
173.479690551758,4.30543184280396,-0.730018734931946,-0.0154365189373493,19.6010837554932,37.2417488098145,335.566192626953,-0.0910722240805626,-0.341654062271118,0.25072979927063,-0.901173114776611
173.980850219727,4.30568361282349,-0.730260908603668,-0.0159185044467449,21.7340278625488,41.9802436828613,334.619049072266,-0.0944384858012199,-0.381858438253403,0.267311185598373,-0.879664897918701
174.509048461914,4.30947637557983,-0.733132779598236,-0.0212883409112692,24.3620643615723,46.7860260009766,333.874053955078,-0.100927703082561,-0.421824783086777,0.284380286931992,-0.854988515377045
175.010177612305,4.31120157241821,-0.734697699546814,-0.024427879601717,26.6826629638672,51.4870719909668,333.477478027344,-0.105360560119152,-0.459031164646149,0.298600614070892,-0.830076694488525
175.511108398438,4.31030464172363,-0.733630239963531,-0.0221103429794312,28.7182998657227,56.4512023925781,333.368316650391,-0.107110500335693,-0.496179044246674,0.310729056596756,-0.803605139255524
176.012329101563,4.31150102615356,-0.73551207780838,-0.0264403484761715,30.6474552154541,61.5447463989258,333.491546630859,-0.10788431763649,-0.532354772090912,0.321596503257751,-0.775586903095245
176.514419555664,4.3101224899292,-0.733305633068085,-0.0214270576834679,28.8838653564453,56.9684982299805,332.653778076172,-0.103823870420456,-0.500575304031372,0.316774040460587,-0.798936307430267
177.015274047852,4.32110261917114,-0.748111963272095,-0.0532933250069618,29.756326675415,56.4485244750977,332.398956298828,-0.110674843192101,-0.497840940952301,0.321058481931686,-0.798014402389526
177.51594543457,4.32577562332153,-0.754406213760376,-0.0668382123112679,30.3885974884033,56.0650672912598,332.206817626953,-0.115645587444305,-0.495831042528152,0.324154376983643,-0.79730898141861
178.016754150391,4.32577562332153,-0.754406213760376,-0.0668382123112679,30.3888301849365,56.0651550292969,332.206481933594,-0.115645684301853,-0.495832145214081,0.324157476425171,-0.797307074069977
178.517929077148,4.32718896865845,-0.756308674812317,-0.0709316954016685,29.866081237793,56.3825950622559,332.365814208984,-0.111535586416721,-0.49749556183815,0.321598470211029,-0.797892510890961
179.019622802734,4.32848930358887,-0.758069753646851,-0.0747217386960983,29.4629192352295,56.6250343322754,332.485748291016,-0.108367525041103,-0.498769104480743,0.319621294736862,-0.798328340053558
179.520706176758,4.33525609970093,-0.767239093780518,-0.0944508761167526,29.4638748168945,57.5530395507813,332.277618408203,-0.104864902794361,-0.505409836769104,0.321933835744858,-0.793676793575287
180.021728515625,4.34082651138306,-0.776172757148743,-0.11365982145071,30.9806289672852,61.7990531921387,331.343322753906,-0.0995684489607811,-0.536200702190399,0.337525874376297,-0.767236113548279
180.523056030273,4.34342288970947,-0.782387912273407,-0.12718141078949,32.3526077270508,64.6690979003906,330.868347167969,-0.0986411795020103,-0.556375980377197,0.348302751779556,-0.747931063175201
181.023956298828,4.3432149887085,-0.781147062778473,-0.124417923390865,33.3736572265625,67.3213195800781,330.681823730469,-0.0968557596206665,-0.574131608009338,0.355739951133728,-0.731054663658142
181.526214599609,4.34312391281128,-0.781163275241852,-0.124496765434742,33.6169052124023,68.4808578491211,330.801300048828,-0.0955703034996986,-0.581492483615875,0.35692486166954,-0.72480171918869
182.027191162109,4.34415102005005,-0.788086652755737,-0.140128895640373,35.1983299255371,72.5631256103516,331.399566650391,-0.0968590825796127,-0.606782555580139,0.36317041516304,-0.700385987758636
182.527862548828,4.34400367736816,-0.79051798582077,-0.145929232239723,37.7915000915527,78.7642059326172,332.382415771484,-0.0997970476746559,-0.642691195011139,0.374082058668137,-0.661098480224609
183.029235839844,4.3444242477417,-0.789519846439362,-0.143333733081818,40.0654449462891,85.3708953857422,333.72216796875,-0.100429385900497,-0.677518784999847,0.383149385452271,-0.619740962982178
183.530410766602,4.34371757507324,-0.790461599826813,-0.145952001214027,41.4845390319824,89.6705093383789,334.791259765625,-0.101212441921234,-0.698285102844238,0.388409286737442,-0.59269917011261
184.031723022461,4.34370899200439,-0.789703011512756,-0.144726037979126,38.5458450317383,81.7316055297852,329.794952392578,-0.0800714567303658,-0.661325037479401,0.394495934247971,-0.632938206195831
184.532867431641,4.34533452987671,-0.786168456077576,-0.136470258235931,40.3084030151367,87.613655090332,332.092864990234,-0.0846149921417236,-0.69062614440918,0.394834637641907,-0.599984645843506
185.034118652344,4.34506607055664,-0.78355884552002,-0.133665859699249,48.4391479492188,110.999443054199,349.653564453125,-0.163646474480629,-0.769473969936371,0.383283078670502,-0.483966737985611
185.53581237793,4.34603261947632,-0.783170342445374,-0.131506264209747,50.6768035888672,129.057983398438,357.372283935547,-0.165290281176567,-0.819955170154572,0.395177453756332,-0.379720121622086
186.036407470703,4.30480766296387,-0.784994781017303,-0.178795784711838,50.7370338439941,129.053161621094,357.368713378906,-0.16549026966095,-0.819746017456055,0.395608723163605,-0.379635751247406
186.537673950195,4.24347352981567,-0.787706792354584,-0.249128982424736,51.0081329345703,129.033401489258,357.353393554688,-0.166388884186745,-0.818806886672974,0.397549033164978,-0.3792425096035
187.039321899414,4.22550964355469,-0.788983404636383,-0.270443618297577,48.932201385498,105.790016174316,339.620880126953,-0.117490738630295,-0.758668780326843,0.422231882810593,-0.482014387845993
187.540115356445,4.22156047821045,-0.793402850627899,-0.279680967330933,35.6542930603027,77.5283126831055,321.443817138672,-0.0285374168306589,-0.641441941261292,0.426004767417908,-0.637383580207825
188.041412353516,4.22043371200562,-0.782017827033997,-0.265487760305405,22.0580577850342,59.7001991271973,314.781066894531,0.0346441268920898,-0.514783561229706,0.41518622636795,-0.749278426170349
188.542404174805,4.20736837387085,-0.713340282440186,-0.187955930829048,19.5313720703125,62.3780136108398,315.732147216797,0.0578795447945595,-0.52741926908493,0.399011343717575,-0.747842788696289
189.043441772461,4.20615863800049,-0.706900238990784,-0.180818542838097,35.679859161377,83.7345657348633,326.2861328125,-0.0341095104813576,-0.674175143241882,0.401245146989822,-0.61913388967514
189.545104980469,4.20613718032837,-0.707261145114899,-0.181304320693016,45.1452255249023,108.775505065918,342.865966796875,-0.109194546937943,-0.775617718696594,0.38867974281311,-0.48520290851593
190.046371459961,4.20535278320313,-0.707485437393188,-0.181722640991211,46.5693588256836,116.438850402832,338.420318603516,-0.0583331286907196,-0.806005001068115,0.42065766453743,-0.412311047315598
190.547515869141,4.17753982543945,-0.71825110912323,-0.21211451292038,45.0232124328613,117.302314758301,339.039367675781,-0.0523578450083733,-0.81201159954071,0.408943623304367,-0.413111418485641
191.048812866211,4.0995945930481,-0.748421907424927,-0.297280609607697,46.139705657959,116.684532165527,338.598052978516,-0.0566715523600578,-0.80769544839859,0.417405396699905,-0.412539958953857
191.549850463867,4.07653284072876,-0.757348001003265,-0.322478473186493,49.213207244873,114.832763671875,337.228424072266,-0.0685864984989166,-0.795278668403625,0.44060343503952,-0.410726636648178
192.050735473633,4.07528018951416,-0.75790935754776,-0.323979139328003,44.5489273071289,98.4516906738281,329.725677490234,-0.0559615194797516,-0.741106927394867,0.434899538755417,-0.508420348167419
192.551712036133,4.07583045959473,-0.75706946849823,-0.322575718164444,29.0562572479248,73.7579574584961,316.396545410156,0.0294497031718493,-0.613910138607025,0.427359193563461,-0.663031876087189
193.052886962891,4.07536220550537,-0.756776869297028,-0.322500944137573,12.1432704925537,54.6994972229004,314.858489990234,0.0885949730873108,-0.457912087440491,0.383879035711288,-0.796934366226196
193.555023193359,4.06736469268799,-0.746329247951508,-0.312046825885773,3.42654800415039,44.7375602722168,326.413330078125,0.0834352523088455,-0.37216180562973,0.277953505516052,-0.881632566452026
194.055282592773,4.06050682067871,-0.739921748638153,-0.304791331291199,3.01570844650269,44.1712112426758,328.750335693359,0.0777513459324837,-0.368538975715637,0.259015887975693,-0.889406859874725
194.556594848633,4.05607223510742,-0.736061573028564,-0.300207197666168,3.50638437271118,43.8730163574219,328.733306884766,0.0732957646250725,-0.367237895727158,0.260859042406082,-0.889784574508667
195.057403564453,4.05607652664185,-0.736060976982117,-0.300207197666168,3.50627660751343,43.872917175293,328.733703613281,0.0732951536774635,-0.367237150669098,0.260855793952942,-0.889785945415497
195.559265136719,4.05954885482788,-0.739093780517578,-0.303808391094208,1.34041798114777,45.2210540771484,327.562225341797,0.0970083922147751,-0.372154593467712,0.262140542268753,-0.885083436965942
196.060317993164,4.05471086502075,-0.734130918979645,-0.298579156398773,3.1826708316803,48.069766998291,326.662048339844,0.0924865826964378,-0.397302091121674,0.272706240415573,-0.871337234973907
196.561920166016,4.05252170562744,-0.731868088245392,-0.295969039201736,1.68089282512665,47.1880226135254,324.615417480469,0.108819708228111,-0.385366261005402,0.284063011407852,-0.87118273973465
197.06233215332,4.06787157058716,-0.747254729270935,-0.313196659088135,1.08776009082794,47.5619430541992,326.568115234375,0.107658602297306,-0.388682454824448,0.266859829425812,-0.875283598899841
197.563781738281,4.07293033599854,-0.752268612384796,-0.318868041038513,1.72520196437836,47.1408958435059,326.557678222656,0.101821884512901,-0.386894792318344,0.269445478916168,-0.875981688499451
198.06477355957,4.08225917816162,-0.761663913726807,-0.329467386007309,3.26068305969238,48.1248664855957,325.472015380859,0.0961473062634468,-0.396914690732956,0.281953632831573,-0.868168532848358
198.565856933594,4.0745906829834,-0.751938581466675,-0.318573534488678,6.4224534034729,52.6087532043457,323.089019775391,0.0924294590950012,-0.435585916042328,0.306889235973358,-0.841154456138611
199.067321777344,4.07075023651123,-0.746666848659515,-0.312660217285156,11.1150436401367,58.6067199707031,323.417236328125,0.0727009177207947,-0.489024966955185,0.317407429218292,-0.809210538864136
199.567977905273,4.07397937774658,-0.753804743289948,-0.322013825178146,15.6458549499512,64.9365921020508,322.62646484375,0.0616150386631489,-0.540593504905701,0.337014883756638,-0.768364071846008
200.068786621094,4.07432222366333,-0.755143702030182,-0.323861300945282,19.8397789001465,71.3628616333008,322.83740234375,0.0504460334777832,-0.589196503162384,0.350205063819885,-0.726401507854462
200.570266723633,4.07439136505127,-0.754372656345367,-0.322680026292801,23.6595211029053,77.7671585083008,323.738159179688,0.0395402908325195,-0.633560538291931,0.359391838312149,-0.684014022350311
201.071380615234,4.0740532875061,-0.756024241447449,-0.325334340333939,27.4406833648682,83.6194534301758,325.485595703125,0.0232997853308916,-0.670927107334137,0.365812957286835,-0.644588947296143
201.572875976563,4.07371520996094,-0.757029891014099,-0.327039033174515,30.7056865692139,89.028938293457,327.384185791016,0.00864066928625107,-0.701882898807526,0.371238827705383,-0.607838332653046
202.074615478516,4.07528877258301,-0.754491329193115,-0.322307229042053,29.7429103851318,86.6710205078125,326.330200195313,0.013421886600554,-0.688919723033905,0.372178167104721,-0.621846377849579
202.575500488281,4.07396650314331,-0.75739187002182,-0.327392607927322,29.1245517730713,84.4640502929688,325.819702148438,0.0132315643131733,-0.676526784896851,0.372138053178787,-0.635334312915802
203.076675415039,4.07465171813965,-0.755470454692841,-0.324082911014557,28.6528358459473,83.7322387695313,325.740814208984,0.0143565190955997,-0.672228455543518,0.37033799290657,-0.640899837017059
203.577178955078,4.07339429855347,-0.760886907577515,-0.333104610443115,27.4231586456299,80.1051025390625,324.882934570313,0.0156097570434213,-0.650761544704437,0.369764059782028,-0.66297835111618
204.078659057617,4.067711353302,-0.784985065460205,-0.373286008834839,28.2496490478516,79.4439544677734,324.574096679688,0.00975305121392012,-0.647469103336334,0.375499427318573,-0.663090407848358
204.579986572266,4.06662321090698,-0.789214789867401,-0.380338847637177,29.8801555633545,82.2980041503906,324.409118652344,0.0094637256115675,-0.664686262607574,0.383878737688065,-0.640889883041382
205.08137512207,4.06734704971313,-0.786637723445892,-0.376061409711838,32.9166679382324,86.7319030761719,324.898803710938,0.0021957375574857,-0.689976155757904,0.3957239985466,-0.606078088283539
205.582412719727,4.06380128860474,-0.79175990819931,-0.385496556758881,36.5908584594727,93.1684112548828,327.902740478516,-0.0166821647435427,-0.722433865070343,0.39953601360321,-0.564076364040375
206.083587646484,4.06282615661621,-0.792932510375977,-0.387757211923599,39.5535125732422,100.008522033691,330.858367919922,-0.029114305973053,-0.752431273460388,0.403033852577209,-0.520156979560852
206.585144042969,4.06579542160034,-0.790847420692444,-0.383026480674744,41.8345680236816,107.32487487793,334.657653808594,-0.0413423329591751,-0.780530750751495,0.402000546455383,-0.476925611495972
207.086517333984,4.06377983093262,-0.792024910449982,-0.38590133190155,43.780517578125,112.726921081543,338.171478271484,-0.0565108358860016,-0.797668039798737,0.402109354734421,-0.445915222167969
207.587921142578,4.06710863113403,-0.790077984333038,-0.381069839000702,41.5194129943848,106.13037109375,334.303863525391,-0.0414560399949551,-0.776072919368744,0.401171058416367,-0.484823822975159
208.088989257813,4.06170749664307,-0.793411493301392,-0.38913893699646,42.354190826416,105.585876464844,333.93994140625,-0.045379962772131,-0.772798836231232,0.407441765069962,-0.484472811222076
208.590301513672,4.05998229980469,-0.79436194896698,-0.391530454158783,41.7903747558594,101.948249816895,332.231231689453,-0.0438579767942429,-0.75845593214035,0.410140544176102,-0.504584908485413
209.091217041016,4.04573774337769,-0.804528295993805,-0.414984345436096,42.1996841430664,101.656578063965,332.036163330078,-0.0458965413272381,-0.756790518760681,0.413202494382858,-0.504405975341797
209.591995239258,4.02883195877075,-0.816588521003723,-0.442807763814926,43.0665283203125,101.025550842285,331.608673095703,-0.0502230264246464,-0.753217339515686,0.419681668281555,-0.50399261713028
210.093368530273,4.03122043609619,-0.814882159233093,-0.43887522816658,44.3754119873047,104.588661193848,333.517852783203,-0.0570313893258572,-0.766005992889404,0.420547664165497,-0.482827067375183
210.594879150391,4.02769613265991,-0.816897928714752,-0.44397845864296,46.0023956298828,109.994209289551,336.510498046875,-0.0659705847501755,-0.78383880853653,0.420849740505219,-0.45180755853653
211.095504760742,4.02699375152588,-0.817155301570892,-0.444792062044144,47.9917411804199,115.358085632324,339.563354492188,-0.0770244300365448,-0.798358261585236,0.424864262342453,-0.41974002122879
211.597122192383,4.02460527420044,-0.817932307720184,-0.447411686182022,49.2709312438965,121.105484008789,343.020446777344,-0.0858257338404655,-0.813126921653748,0.424986571073532,-0.388387769460678
212.098297119141,4.02322244644165,-0.818315982818604,-0.448833256959915,49.9825134277344,125.734313964844,346.193969726563,-0.0943295657634735,-0.82393753528595,0.422942012548447,-0.365169763565063
212.599594116211,4.0201621055603,-0.818955898284912,-0.451737374067307,50.5630378723145,130.304290771484,348.448028564453,-0.0959704667329788,-0.834408581256866,0.423802942037582,-0.339032649993896
213.101013183594,4.03107309341431,-0.817769765853882,-0.442903697490692,50.7604217529297,133.332077026367,351.202789306641,-0.105648040771484,-0.840166389942169,0.41985359787941,-0.326621979475021
213.601776123047,4.05510997772217,-0.812715828418732,-0.420210033655167,49.354061126709,124.118743896484,344.628662109375,-0.0865072384476662,-0.821705639362335,0.422463744878769,-0.372613519430161
214.103332519531,4.07834053039551,-0.804009735584259,-0.398729592561722,49.0463447570801,118.027992248535,334.959197998047,-0.0395184271037579,-0.807735621929169,0.448907613754272,-0.380109757184982
214.603729248047,4.11496591567993,-0.785748541355133,-0.367396265268326,45.5131683349609,111.793670654297,316.773468017578,0.0796206891536713,-0.789773225784302,0.488222271203995,-0.362709045410156
215.104583740234,4.10927438735962,-0.790086627006531,-0.370448291301727,44.2857398986816,111.103874206543,309.495910644531,0.13301357626915,-0.781783103942871,0.504632115364075,-0.341275632381439
215.60676574707,4.09743547439575,-0.799065291881561,-0.376905083656311,41.9086151123047,108.642639160156,304.833709716797,0.166376605629921,-0.76893937587738,0.509679675102234,-0.348249435424805
216.108261108398,4.0964560508728,-0.799913287162781,-0.377412557601929,42.0544471740723,108.359535217285,304.644256591797,0.16559898853302,-0.7677983045578,0.511396646499634,-0.348620563745499
216.609375,4.10219097137451,-0.794927656650543,-0.374425262212753,42.3828353881836,107.712211608887,304.209350585938,0.163829445838928,-0.765194833278656,0.515283048152924,-0.349457144737244
217.110641479492,4.10405921936035,-0.793299913406372,-0.373450458049774,42.6323394775391,107.210777282715,303.870666503906,0.162468031048775,-0.763183236122131,0.518256545066833,-0.350093811750412
217.610702514648,4.10401582717896,-0.793337821960449,-0.373472958803177,42.8457527160645,106.77555847168,303.575347900391,0.161292284727097,-0.761440932750702,0.520813226699829,-0.350636810064316
218.112564086914,4.10061740875244,-0.796297430992126,-0.375245630741119,42.6660804748535,107.142463684082,303.824249267578,0.162283778190613,-0.762909352779388,0.518660008907318,-0.35017865896225
218.614028930664,4.09989786148071,-0.796923875808716,-0.375621974468231,42.862133026123,106.741676330566,303.552032470703,0.161203518509865,-0.761305034160614,0.521011650562286,-0.350677937269211
219.114624023438,4.09560632705688,-0.800652384757996,-0.377855241298676,42.8618125915527,106.742195129395,303.552520751953,0.161204278469086,-0.761307299137115,0.521007835865021,-0.350678205490112
219.616317749023,4.09461355209351,-0.801520466804504,-0.378375977277756,42.9780426025391,106.501937866211,303.388885498047,0.160559132695198,-0.760347008705139,0.522407829761505,-0.35097473859787
220.117401123047,4.09686756134033,-0.799564898014069,-0.377203643321991,43.1707611083984,106.099533081055,303.114044189453,0.159482106566429,-0.758741021156311,0.524737656116486,-0.351465553045273
220.618637084961,4.09421491622925,-0.801873743534088,-0.37858647108078,43.1260871887207,106.193077087402,303.177978515625,0.159732937812805,-0.759113967418671,0.524197459220886,-0.351352244615555
221.119979858398,4.08922100067139,-0.806214570999146,-0.381188213825226,42.8658752441406,106.733123779297,303.546234130859,0.161182522773743,-0.761270880699158,0.521059513092041,-0.350690633058548
221.621017456055,4.08303070068359,-0.811594724655151,-0.384411484003067,42.8576278686523,106.749954223633,303.557647705078,0.161228507757187,-0.761338114738464,0.520960986614227,-0.350669920444489
222.122222900391,4.07844018936157,-0.815584421157837,-0.386802434921265,42.8391189575195,106.787544250488,303.583190917969,0.161331087350845,-0.761488378047943,0.520740211009979,-0.350624322891235
222.623001098633,4.08195161819458,-0.812533736228943,-0.384974747896194,42.8974113464355,106.667266845703,303.501434326172,0.161007642745972,-0.76100754737854,0.521441757678986,-0.350774168968201
223.124603271484,4.08311319351196,-0.811521053314209,-0.38436758518219,43.0924491882324,106.262390136719,303.225372314453,0.159921035170555,-0.759390532970428,0.523794174194336,-0.35127055644989
223.625778198242,4.08055973052979,-0.81374317407608,-0.385698944330215,43.0073471069336,106.439712524414,303.346435546875,0.160396248102188,-0.760098397731781,0.522766292095184,-0.351054072380066
224.127944946289,4.07774639129639,-0.816198885440826,-0.38716983795166,42.9114189147949,106.638130187988,303.481689453125,0.160929337143898,-0.760891199111938,0.521610975265503,-0.350811004638672
224.655822753906,4.07621622085571,-0.817528069019318,-0.387966364622116,42.9418792724609,106.575119018555,303.438598632813,0.160761281847954,-0.760639131069183,0.521978497505188,-0.350888073444366
225.158584594727,4.07335090637207,-0.820020079612732,-0.38945946097374,42.9467544555664,106.565086364746,303.431732177734,0.160734564065933,-0.760598957538605,0.522037208080292,-0.350900024175644
225.686386108398,4.07376718521118,-0.819664657115936,-0.389247596263885,43.0294456481934,106.393524169922,303.314666748047,0.160274535417557,-0.759913623332977,0.523034512996674,-0.351110100746155
226.187881469727,4.06905937194824,-0.823761641979218,-0.391702204942703,43.0250358581543,106.402633666992,303.320922851563,0.160299003124237,-0.759950041770935,0.522981464862823,-0.351099222898483
226.688598632813,4.0641565322876,-0.828021228313446,-0.394254386425018,42.9521865844727,106.554206848145,303.424102783203,0.160705789923668,-0.76055520772934,0.522102057933807,-0.350911647081375
227.189498901367,4.06624603271484,-0.826202750205994,-0.393165767192841,42.9256782531738,106.609184265137,303.461303710938,0.160854667425156,-0.760774612426758,0.52178293466568,-0.350842505693436
227.69123840332,4.065505027771,-0.826973259449005,-0.393398523330688,47.4573020935059,114.071014404297,326.680297851563,0.0104344906285405,-0.798610746860504,0.466255038976669,-0.380418509244919
228.192276000977,4.07015180587769,-0.82537853717804,-0.388639897108078,49.0065612792969,116.591972351074,351.607513427734,-0.160730451345444,-0.788025140762329,0.386900037527084,-0.451099336147308
228.693572998047,4.07321214675903,-0.824838876724243,-0.383933305740356,47.4665069580078,116.928260803223,351.858337402344,-0.154590010643005,-0.79320764541626,0.376162439584732,-0.453238874673843
229.194381713867,4.0695972442627,-0.825476109981537,-0.38948979973793,47.4539642333984,116.930671691895,351.860260009766,-0.154540434479713,-0.793248295783997,0.376074612140656,-0.453257441520691
229.69596862793,4.06747722625732,-0.825851619243622,-0.392758578062057,47.8764572143555,116.840560913086,351.793701171875,-0.156228169798851,-0.791841864585876,0.3790263235569,-0.452679067850113
230.197296142578,4.06613779067993,-0.82608950138092,-0.394831448793411,48.0872611999512,116.794830322266,351.759674072266,-0.157068431377411,-0.791135430335999,0.380498170852661,-0.452388525009155
230.697769165039,4.06360197067261,-0.826538145542145,-0.398750722408295,47.7566108703613,114.43798828125,351.633697509766,-0.162505492568016,-0.782723546028137,0.375537544488907,-0.468942910432816
231.198623657227,4.0649585723877,-0.826231479644775,-0.39560279250145,47.6270294189453,109.921371459961,356.126129150391,-0.206364706158638,-0.756460130214691,0.348147243261337,-0.513785243034363
231.699005126953,4.06500196456909,-0.826544642448425,-0.394757211208344,47.6065101623535,113.461601257324,10.0960855484009,-0.287855416536331,-0.742532253265381,0.291976183652878,-0.529655694961548
232.200469970703,4.06376647949219,-0.824808537960052,-0.39980736374855,44.6613464355469,125.581939697266,30.6072978973389,-0.384693473577499,-0.747625708580017,0.214294970035553,-0.497136265039444
232.701385498047,4.05993890762329,-0.818350076675415,-0.415861070156097,43.8370628356934,125.698226928711,30.4188899993896,-0.380943328142166,-0.751884937286377,0.209455147385597,-0.495661050081253
233.202575683594,4.05869483947754,-0.814958035945892,-0.424622684717178,46.9725914001465,117.969047546387,30.4852867126465,-0.404778748750687,-0.704388439655304,0.205290406942368,-0.545753657817841
233.70393371582,4.05228805541992,-0.800148487091064,-0.46008688211441,47.7186737060547,118.580390930176,31.8004016876221,-0.414081245660782,-0.699614703655243,0.206509590148926,-0.544453680515289
234.204605102539,4.06022930145264,-0.81441456079483,-0.410848587751389,46.6209945678711,115.581512451172,14.0534868240356,-0.304393947124481,-0.745404124259949,0.272419065237045,-0.526787400245667
234.705841064453,4.0649151802063,-0.818554937839508,-0.390538305044174,44.6930770874023,114.108428955078,16.4455070495605,-0.315656810998917,-0.738611102104187,0.243844032287598,-0.543465256690979
235.20735168457,4.06922435760498,-0.822681725025177,-0.37092188000679,42.0210266113281,113.048767089844,15.7179698944092,-0.302377283573151,-0.74430900812149,0.225849583745003,-0.550966501235962
235.708206176758,4.07071542739868,-0.824327349662781,-0.363658785820007,42.3963966369629,113.663619995117,358.246337890625,-0.185862198472023,-0.783364057540894,0.31045013666153,-0.505387604236603
236.209884643555,4.07369804382324,-0.823575258255005,-0.358517587184906,42.0551490783691,107.96524810791,340.795227050781,-0.0821017920970917,-0.779594600200653,0.377716183662415,-0.492769777774811
236.710968017578,4.0748119354248,-0.822965681552887,-0.356539815664291,44.6198883056641,115.491790771484,342.523803710938,-0.0813822671771049,-0.804080784320831,0.39231750369072,-0.439224183559418
237.212814331055,4.06965780258179,-0.823067545890808,-0.365140229463577,44.915412902832,124.623916625977,13.059229850769,-0.269406825304031,-0.792843639850616,0.287232309579849,-0.465098559856415
237.713439941406,4.06576061248779,-0.819831013679504,-0.376178443431854,44.4080276489258,126.211135864258,39.1682586669922,-0.437824755907059,-0.720640242099762,0.177155628800392,-0.507546067237854
238.214401245117,4.06618118286133,-0.816992163658142,-0.380187153816223,43.7586212158203,126.91975402832,57.6492919921875,-0.546136140823364,-0.64704293012619,0.0921661183238029,-0.52400016784668
238.715835571289,4.06658411026001,-0.81524521112442,-0.382416367530823,43.6359214782715,126.653060913086,57.465217590332,-0.545090973377228,-0.647225201129913,0.0908741876482964,-0.525087833404541
239.216888427734,4.06481981277466,-0.822632968425751,-0.372987449169159,43.929443359375,127.296394348145,57.9103469848633,-0.547602474689484,-0.646782994270325,0.0939755067229271,-0.522467076778412
239.717956542969,4.06481552124023,-0.822658956050873,-0.372953027486801,40.1356964111328,119.895431518555,52.9485168457031,-0.516257345676422,-0.651155889034271,0.0561635047197342,-0.553461968898773
240.219329833984,4.06660175323486,-0.817391514778137,-0.37971219420433,26.6366729736328,124.681419372559,44.4395027160645,-0.424932450056076,-0.757458567619324,0.0180592462420464,-0.495341122150421
240.720245361328,4.06715631484985,-0.819365561008453,-0.37731745839119,19.8317565917969,133.928298950195,40.657398223877,-0.378114402294159,-0.826641380786896,0.0146889425814152,-0.416506707668304
241.221588134766,4.0679235458374,-0.820664405822754,-0.375828951597214,16.6874179840088,131.129287719727,39.7800331115723,-0.362910330295563,-0.826635181903839,-0.0150137925520539,-0.429819703102112
241.722702026367,4.06854343414307,-0.821699321269989,-0.374646902084351,16.9796466827393,131.383865356445,39.8538970947266,-0.364336520433426,-0.826680183410645,-0.0122696114704013,-0.428612053394318
242.224212646484,4.06662321090698,-0.817795217037201,-0.379519581794739,21.7121391296387,127.567291259766,39.7291526794434,-0.377640068531036,-0.800379157066345,0.0114908404648304,-0.465455830097198
242.725692749023,4.06506252288818,-0.815178036689758,-0.383494645357132,25.3655567169189,121.462539672852,19.5823631286621,-0.250505357980728,-0.820401251316071,0.107620544731617,-0.502599954605103
243.226196289063,4.06624603271484,-0.816035270690918,-0.380622535943985,26.4368267059326,118.62378692627,14.7771711349487,-0.223391771316528,-0.815215229988098,0.131115511059761,-0.518004894256592
243.7275390625,4.06762456893921,-0.816416203975677,-0.377069532871246,27.4596881866455,113.997169494629,1.35430610179901,-0.138891041278839,-0.813108325004578,0.192783445119858,-0.53141188621521
244.228805541992,4.06899881362915,-0.816443264484406,-0.373944908380508,27.6767711639404,114.027008056641,0.51580423116684,-0.133886367082596,-0.813857793807983,0.198245733976364,-0.529536247253418
244.730102539063,4.06631565093994,-0.815774619579315,-0.38032665848732,28.7988681793213,115.728469848633,5.78068017959595,-0.173469200730324,-0.812475204467773,0.184332549571991,-0.525180041790009
245.231246948242,4.04939222335815,-0.811926901340485,-0.420324355363846,27.6845989227295,115.601020812988,5.72043752670288,-0.168328776955605,-0.814237415790558,0.176383256912231,-0.526850938796997
245.732467651367,4.04103899002075,-0.810026586055756,-0.440068125724792,26.6341514587402,115.48316192627,5.66671848297119,-0.163468509912491,-0.815826952457428,0.168874591588974,-0.528380393981934
246.233139038086,4.03590631484985,-0.808862090110779,-0.452176004648209,27.3739185333252,115.565971374512,5.70422315597534,-0.166892498731613,-0.814714968204498,0.174164116382599,-0.527307569980621
246.734954833984,4.03295850753784,-0.80819183588028,-0.459148377180099,27.4264583587646,115.571846008301,5.70694160461426,-0.167135521769524,-0.814634442329407,0.17453944683075,-0.527230978012085
247.23616027832,4.03291511535645,-0.808221101760864,-0.459221810102463,27.6074199676514,115.74870300293,7.68787145614624,-0.181729361414909,-0.812068819999695,0.166988596320152,-0.528803765773773
247.73698425293,4.03582811355591,-0.809228956699371,-0.451965749263763,27.6058483123779,115.895034790039,10.404748916626,-0.200725883245468,-0.808215260505676,0.154650345444679,-0.531583070755005
248.238098144531,4.03555965423584,-0.809050679206848,-0.452705949544907,27.6887054443359,117.249923706055,14.5606622695923,-0.228627592325211,-0.806504309177399,0.13858862221241,-0.527326703071594
248.739181518555,4.03617525100708,-0.809573590755463,-0.451046496629715,27.3221893310547,119.660491943359,19.0003356933594,-0.255722761154175,-0.808969914913177,0.12078358232975,-0.515349328517914
249.240982055664,4.02986764907837,-0.80417662858963,-0.467757731676102,28.0430698394775,119.94181060791,19.1309432983398,-0.25914654135704,-0.808148145675659,0.126165732741356,-0.5136359333992
249.74235534668,4.02627420425415,-0.801097273826599,-0.477290689945221,28.0395259857178,119.940132141113,19.1300888061523,-0.259128630161285,-0.808151483535767,0.126139506697655,-0.513646245002747
250.242721557617,4.02509069442749,-0.800088882446289,-0.480420738458633,28.1923236846924,120.000305175781,19.158483505249,-0.259853690862656,-0.80797266960144,0.127279907464981,-0.513279795646667
250.74382019043,4.02491283416748,-0.799932777881622,-0.480900824069977,28.4389133453369,120.097648620605,19.2046813964844,-0.261022418737411,-0.807680189609528,0.129120349884033,-0.512687027454376
251.24560546875,4.02492189407349,-0.799942016601563,-0.480874270200729,28.3910865783691,120.07829284668,19.1956024169922,-0.260795831680298,-0.807735443115234,0.128762736916542,-0.512805223464966
251.746826171875,4.02506494522095,-0.800058484077454,-0.480518013238907,28.5069274902344,120.124000549316,19.2175693511963,-0.261345565319061,-0.807596027851105,0.129626423120499,-0.512527227401733
252.248031616211,4.02510833740234,-0.80009913444519,-0.480394452810287,28.4958820343018,120.119667053223,19.2155799865723,-0.261293888092041,-0.80760931968689,0.129543647170067,-0.512553632259369
252.749069213867,4.02561950683594,-0.800528824329376,-0.479064732789993,28.5898971557617,120.15690612793,19.2333927154541,-0.261739104986191,-0.807496070861816,0.130245208740234,-0.512327015399933
253.249847412109,4.02748775482178,-0.802126228809357,-0.474119991064072,28.8486576080322,120.25984954834,19.2828636169434,-0.262963533401489,-0.807181715965271,0.132176324725151,-0.511700332164764
253.751266479492,4.02645635604858,-0.801252782344818,-0.476824969053268,28.7222156524658,120.209228515625,19.2584266662598,-0.262364417314529,-0.807335197925568,0.131232932209969,-0.512008547782898
254.25276184082,4.02582788467407,-0.800716876983643,-0.478483587503433,28.7389030456543,120.21556854248,19.2616596221924,-0.262443989515305,-0.807313501834869,0.131356567144394,-0.511970341205597
254.753479003906,4.02509498596191,-0.800089418888092,-0.480425894260406,28.69313621521,120.19709777832,19.2526969909668,-0.262226223945618,-0.807368397712708,0.131015375256538,-0.512082755565643
255.254760742188,4.02490425109863,-0.799932241439819,-0.480910867452621,28.8113098144531,120.244194030762,19.2753105163574,-0.262785106897354,-0.807224869728088,0.131897538900375,-0.511795878410339
255.755996704102,4.02090311050415,-0.796501755714417,-0.491531878709793,29.2122783660889,120.405128479004,19.3533306121826,-0.264681279659271,-0.806731104850769,0.134889781475067,-0.510816514492035
256.257537841797,4.01378107070923,-0.793480336666107,-0.496694713830948,29.699592590332,120.602317810059,19.4502906799316,-0.266981810331345,-0.806115031242371,0.138525739312172,-0.509617388248444
256.758331298828,4.00850105285645,-0.791166067123413,-0.498181313276291,29.7529354095459,120.623954772949,19.4609317779541,-0.267232596874237,-0.806046545505524,0.138924077153206,-0.509485840797424
257.259460449219,4.00768184661865,-0.790827929973602,-0.49790170788765,29.798131942749,120.64234161377,19.4701557159424,-0.267446339130402,-0.805988132953644,0.139260813593864,-0.509374260902405
257.760711669922,4.00879573822021,-0.792622566223145,-0.486901670694351,27.6691589355469,119.793716430664,19.0621814727783,-0.25737076997757,-0.808572232723236,0.123372234404087,-0.514539122581482
258.261688232422,4.00011730194092,-0.78615927696228,-0.499146640300751,27.7308940887451,119.817695617676,19.0733795166016,-0.257664114236832,-0.808501303195953,0.123832859098911,-0.514393210411072
258.762969970703,3.99267029762268,-0.781170904636383,-0.500433802604675,28.1066246032715,119.964340209961,19.1420917510986,-0.259446412324905,-0.808064341545105,0.126637309789658,-0.513500392436981
259.264282226563,3.98915457725525,-0.779296040534973,-0.493700921535492,28.6921195983887,115.722557067871,17.5173149108887,-0.255191683769226,-0.790720164775848,0.128883689641953,-0.541320502758026
259.765319824219,3.99050283432007,-0.781492233276367,-0.482336759567261,29.593713760376,109.867088317871,14.5207347869873,-0.245562046766281,-0.766454756259918,0.137159511446953,-0.577437222003937
260.266235351563,3.98988723754883,-0.781261920928955,-0.480911940336227,30.9354438781738,102.03141784668,12.3135023117065,-0.247159421443939,-0.726849436759949,0.141084268689156,-0.625057935714722
260.767700195313,3.98432564735413,-0.779913246631622,-0.470275491476059,32.3080253601074,92.7529449462891,8.60849666595459,-0.243592143058777,-0.678940236568451,0.151096746325493,-0.675923705101013
261.268737792969,3.98521852493286,-0.781186580657959,-0.461306899785995,30.9020442962646,104.375946044922,10.3604602813721,-0.231417089700699,-0.743616461753845,0.156261667609215,-0.607505619525909
261.769744873047,3.98917198181152,-0.785128653049469,-0.436374545097351,33.0742950439453,104.849815368652,10.6115856170654,-0.243085101246834,-0.740465342998505,0.170567274093628,-0.602932453155518
262.270782470703,3.99164724349976,-0.78790944814682,-0.419961601495743,33.3945846557617,104.824989318848,13.6427946090698,-0.264165133237839,-0.732822418212891,0.156668871641159,-0.607159793376923
262.772247314453,3.99116158485413,-0.786820888519287,-0.425843209028244,34.2655448913574,98.2968902587891,11.2336435317993,-0.262512713670731,-0.70051097869873,0.160578370094299,-0.643883645534515
263.274169921875,3.99244904518127,-0.785357296466827,-0.439578294754028,36.0962028503418,80.8425445556641,4.04149007797241,-0.257453620433807,-0.607798874378204,0.175236597657204,-0.730472683906555
263.775390625,3.99693131446838,-0.784799695014954,-0.456223696470261,36.0854988098145,66.8908462524414,0.269216686487198,-0.259669661521912,-0.523431718349457,0.168838977813721,-0.793778419494629
264.276733398438,3.99780702590942,-0.784594893455505,-0.458217471837997,36.1617317199707,51.288272857666,1.03725016117096,-0.283500880002975,-0.408859997987747,0.126554697751999,-0.85816353559494
264.778106689453,3.99800205230713,-0.784586787223816,-0.458256483078003,36.8165054321289,35.4399032592773,1.62789857387543,-0.304875522851944,-0.284488350152969,0.0832651108503342,-0.905088007450104
265.280487060547,3.99967098236084,-0.78453803062439,-0.459338307380676,37.3411712646484,18.4272747039795,1.69118666648865,-0.318200618028641,-0.147010028362274,0.0374510213732719,-0.935806512832642
265.780670166016,3.99745154380798,-0.784586250782013,-0.459125906229019,37.3592720031738,0.975611746311188,1.47748744487762,-0.320342093706131,-0.00393535615876317,-0.0094870375469327,-0.947246253490448
266.282012939453,3.99980545043945,-0.784538567066193,-0.458869338035583,37.2401542663574,352.915832519531,1.5625501871109,-0.317853510379791,0.0628878101706505,-0.0326215475797653,-0.945489346981049
266.783386230469,4.00213766098022,-0.784581363201141,-0.459165185689926,37.5121078491211,359.296264648438,358.903289794922,-0.321574360132217,0.00273772422224283,0.0070873717777431,-0.946853876113892
267.2841796875,4.04546451568604,-0.785685122013092,-0.460691332817078,38.2900695800781,0.951534986495972,358.643676757813,-0.327833354473114,-0.0117254042997956,0.0139040350914001,-0.944560468196869
267.785308837891,4.04207038879395,-0.785959839820862,-0.460875034332275,38.7878074645996,0.818280100822449,1.49911820888519,-0.332112014293671,-0.00239114626310766,-0.00996832270175219,-0.94318425655365
268.286926269531,4.05282545089722,-0.785740375518799,-0.46085199713707,39.4631729125977,0.841178596019745,1.51357340812683,-0.337666928768158,-0.00244989152997732,-0.00995411165058613,-0.941209852695465
268.788146972656,4.04889345169067,-0.785826027393341,-0.460726290941238,40.3436698913574,342.340454101563,2.15852355957031,-0.337975740432739,0.1504767537117,-0.0703935399651527,-0.926376760005951
269.289489746094,4.06263971328735,-0.786024868488312,-0.453219890594482,40.0517425537109,320.705505371094,2.75560069084167,-0.314818471670151,0.323562651872635,-0.136382028460503,-0.881814301013947
269.790893554688,4.09752225875854,-0.778035700321198,-0.410200238227844,40.8069458007813,314.022277832031,13.5963945388794,-0.275354325771332,0.401466280221939,-0.237335309386253,-0.840640723705292
270.291381835938,4.1147837638855,-0.772604584693909,-0.385606557130814,43.9480209350586,315.0791015625,14.3087711334229,-0.298984497785568,0.394600301980972,-0.24857771396637,-0.832531154155731
270.792449951172,4.1147837638855,-0.772604584693909,-0.385606557130814,43.9477729797363,315.079223632813,14.3088541030884,-0.29898265004158,0.39459964632988,-0.248577326536179,-0.832532167434692
271.293762207031,4.15212440490723,-0.760842442512512,-0.332352787256241,40.064640045166,313.788635253906,13.4445562362671,-0.269748330116272,0.403032928705215,-0.234655231237411,-0.842459082603455
271.795593261719,4.19363975524902,-0.747767925262451,-0.27315616607666,37.1316184997559,312.910736083984,12.8966875076294,-0.247512519359589,0.409060150384903,-0.223981603980064,-0.849258303642273
272.29638671875,4.20394802093506,-0.744524300098419,-0.258466869592667,37.7545547485352,315.657501220703,12.6336545944214,-0.258512377738953,0.387876451015472,-0.217766329646111,-0.857496917247772
272.797424316406,4.20195817947388,-0.745036363601685,-0.260715872049332,34.8439903259277,338.52587890625,9.56185150146484,-0.278326481580734,0.201654627919197,-0.133716478943825,-0.929510474205017
273.2978515625,4.20150756835938,-0.745113849639893,-0.260957539081573,32.0842895507813,1.32026064395905,6.14196395874023,-0.27652233839035,0.00374699616804719,-0.0483042225241661,-0.959785401821136
273.7998046875,4.19496202468872,-0.745492100715637,-0.260171294212341,31.3185291290283,22.3714694976807,359.626678466797,-0.264178514480591,-0.187651634216309,0.0554381310939789,-0.944416880607605
274.301025390625,4.15466928482056,-0.742794156074524,-0.231406092643738,30.7578067779541,37.2866477966309,355.607482910156,-0.239288449287415,-0.317632764577866,0.119727604091167,-0.909678995609283
274.802215576172,4.12453746795654,-0.740217089653015,-0.206540390849113,30.0226917266846,39.264030456543,354.731689453125,-0.228782176971436,-0.335381358861923,0.12873949110508,-0.904767453670502
275.302642822266,4.11652660369873,-0.739046633243561,-0.197988212108612,30.2158451080322,43.6597862243652,354.08642578125,-0.22310782968998,-0.371002167463303,0.143018662929535,-0.8900146484375
275.803802490234,4.11298942565918,-0.738606691360474,-0.194297328591347,30.0583038330078,40.1431846618652,356.076629638672,-0.232072323560715,-0.339597851037979,0.119993887841702,-0.903558135032654
276.305084228516,4.13429927825928,-0.739539206027985,-0.213346153497696,30.4302349090576,40.1111145019531,354.442962646484,-0.230198532342911,-0.342472016811371,0.133833900094032,-0.901005029678345
276.80712890625,4.13972663879395,-0.740159630775452,-0.218394935131073,31.0536289215088,40.040283203125,354.406799316406,-0.235120058059692,-0.341735154390335,0.135703697800636,-0.899733424186707
277.308471679688,4.16522455215454,-0.74290144443512,-0.241986721754074,31.403772354126,40.0707244873047,353.997039794922,-0.236635357141495,-0.342675924301147,0.139948531985283,-0.898326992988586
277.809234619141,4.14378833770752,-0.740043699741364,-0.221739023923874,30.6148853302002,39.946834564209,353.048187255859,-0.227687641978264,-0.343902826309204,0.144972160458565,-0.899373233318329
278.309906005859,4.13501930236816,-0.738777339458466,-0.213419035077095,30.0733299255371,40.0229454040527,353.086669921875,-0.223403334617615,-0.344587832689285,0.143333628773689,-0.900447487831116
278.810760498047,4.13020753860474,-0.738184034824371,-0.208987429738045,29.4085998535156,35.7142791748047,357.371643066406,-0.234735980629921,-0.302064746618271,0.098930224776268,-0.918623268604279
279.313079833984,4.12627124786377,-0.738238215446472,-0.206893682479858,29.153980255127,22.2203674316406,1.38514256477356,-0.249199971556664,-0.183494806289673,0.0370153933763504,-0.950188934803009
279.813690185547,4.12823915481567,-0.738190531730652,-0.207419827580452,29.3558025360107,13.1006889343262,2.11828231811523,-0.253727555274963,-0.10568143427372,0.0111357513815165,-0.961420714855194
280.314910888672,4.13006019592285,-0.738090813159943,-0.207647413015366,29.3124408721924,20.334997177124,359.536254882813,-0.248352140188217,-0.171788960695267,0.048517893999815,-0.952079772949219
280.816650390625,4.13164663314819,-0.738102734088898,-0.208244264125824,28.8705711364746,20.3390483856201,359.538238525391,-0.244678944349289,-0.171974509954453,0.0478550381958485,-0.953030347824097
281.318725585938,4.12491464614868,-0.738088667392731,-0.205781519412994,28.826681137085,19.6254329681396,0.280869215726852,-0.245677635073662,-0.164462327957153,0.0400829054415226,-0.954456925392151
281.819641113281,4.134850025177,-0.737972140312195,-0.209197670221329,28.4360370635986,17.6518497467041,3.48465347290039,-0.247113913297653,-0.141284942626953,0.0085432818159461,-0.958592891693115
282.319793701172,4.15149593353271,-0.73687756061554,-0.213671267032623,28.9602146148682,8.37022590637207,3.55228877067566,-0.251447379589081,-0.0628975629806519,-0.0116908270865679,-0.965754389762878
282.820709228516,4.1494197845459,-0.737000584602356,-0.213566958904266,28.705020904541,8.82621288299561,1.08831000328064,-0.247848853468895,-0.072194904088974,0.00989986397325993,-0.966054320335388
283.322937011719,4.14680147171021,-0.737021207809448,-0.213084980845451,29.6547317504883,11.5762577056885,1.68487071990967,-0.25600865483284,-0.0937380939722061,0.0116648264229298,-0.962048232555389
283.823974609375,4.15944623947144,-0.736549735069275,-0.21539980173111,29.1264610290527,11.5452194213867,2.47136449813843,-0.252214312553406,-0.0919314697384834,0.00451862020418048,-0.963284075260162
284.324676513672,4.17608785629272,-0.735911428928375,-0.218436390161514,29.1607074737549,11.5468921661377,2.47218227386475,-0.25250244140625,-0.0919299647212029,0.00454613193869591,-0.963208556175232
284.825836181641,4.16919088363647,-0.736177504062653,-0.217182800173759,29.2853012084961,11.099063873291,2.7905170917511,-0.253808438777924,-0.0874111577868462,0.000990897417068481,-0.963296175003052
285.326782226563,4.15687131881714,-0.73685485124588,-0.215437740087509,28.9452457427979,6.8937349319458,4.89511871337891,-0.251723736524582,-0.0475085191428661,-0.0262629836797714,-0.966275572776794
285.827514648438,4.15128374099731,-0.737325191497803,-0.215300917625427,28.5059108734131,6.43754720687866,4.03177642822266,-0.247577056288719,-0.0457396768033504,-0.0202246196568012,-0.967576622962952
286.329315185547,4.15888261795044,-0.737068891525269,-0.216463476419449,28.7735729217529,10.5464515686035,1.7298367023468,-0.248730555176735,-0.0852782800793648,0.0082729384303093,-0.964775800704956
286.830413818359,4.2017765045166,-0.73566871881485,-0.223241344094276,28.6663856506348,9.56202602386475,2.39283585548401,-0.248331308364868,-0.0755845457315445,0.000469481659820303,-0.965721666812897
287.331573486328,4.21380138397217,-0.735156118869781,-0.224551558494568,28.9494571685791,4.8240909576416,3.0152747631073,-0.25071719288826,-0.0341652221977711,-0.0149366874247789,-0.967342019081116
287.832580566406,4.24181747436523,-0.733694136142731,-0.224184989929199,28.8605995178223,355.514587402344,4.75449371337891,-0.247224912047386,0.0481941029429436,-0.0498830452561378,-0.966472387313843
288.334075927734,4.24826335906982,-0.733186960220337,-0.223316118121147,30.1287460327148,345.887329101563,9.27676105499268,-0.247498095035553,0.139093488454819,-0.109319567680359,-0.952600121498108
288.834899902344,4.24661636352539,-0.733495831489563,-0.22423267364502,32.1019973754883,334.281280517578,11.4358015060425,-0.24690780043602,0.239674523472786,-0.154574945569038,-0.926120579242706
289.337066650391,4.24609613418579,-0.733597159385681,-0.224550738930702,32.8004875183105,334.449401855469,11.5260562896729,-0.252663254737854,0.23870861530304,-0.156063079833984,-0.924566864967346
289.864654541016,4.24287080764771,-0.734241962432861,-0.226962834596634,33.6687126159668,329.039672851563,10.8507108688354,-0.25369530916214,0.280710935592651,-0.164164990186691,-0.910982966423035
290.365417480469,4.23204660415649,-0.736314594745636,-0.236603066325188,34.4665260314941,322.251800537109,9.5473804473877,-0.253648281097412,0.331224799156189,-0.170715942978859,-0.892641484737396
290.866455078125,4.2269401550293,-0.737285614013672,-0.241413980722427,33.7335395812988,328.740234375,7.71204090118408,-0.261446565389633,0.276039242744446,-0.139971882104874,-0.914251565933228
291.368682861328,4.22004365921021,-0.738072395324707,-0.245614483952522,34.1196594238281,332.276702880859,6.7684268951416,-0.270809292793274,0.245450839400291,-0.124952904880047,-0.92238986492157
291.86962890625,4.21078395843506,-0.739138245582581,-0.251297771930695,34.3929748535156,332.316040039063,6.79054117202759,-0.273024082183838,0.245149672031403,-0.125541895627975,-0.921736836433411
292.371917724609,4.20390033721924,-0.73993045091629,-0.255520761013031,34.8939208984375,332.388763427734,6.83195209503174,-0.277079403400421,0.24459482729435,-0.126620560884476,-0.920525729656219
292.872863769531,4.18734121322632,-0.741835057735443,-0.265679031610489,35.5778427124023,332.489501953125,6.89004611968994,-0.282608062028885,0.243829175829887,-0.128088340163231,-0.918843507766724
293.37353515625,4.16579675674438,-0.744313538074493,-0.278899610042572,33.5289077758789,332.192565917969,6.72162532806396,-0.266017287969589,0.246096462011337,-0.123677223920822,-0.923783123493195
293.874816894531,4.16400623321533,-0.744521081447601,-0.280001491308212,35.6139221191406,332.494689941406,6.89312887191772,-0.282899290323257,0.243789851665497,-0.128165781497955,-0.918753564357758
294.375671386719,4.16662883758545,-0.744219243526459,-0.278385668992996,34.9985466003418,332.403747558594,6.84068584442139,-0.277925431728363,0.244480833411217,-0.126845955848694,-0.920269966125488
294.876281738281,4.16608285903931,-0.744283199310303,-0.278723239898682,31.5061664581299,331.912811279297,6.57134056091309,-0.249559238553047,0.248257264494896,-0.119284957647324,-0.928363978862762
295.378082275391,4.16581392288208,-0.744315683841705,-0.278897166252136,31.6322555541992,331.930114746094,6.58036708831787,-0.250587373971939,0.24812339246273,-0.11956013739109,-0.928087413311005
295.879211425781,4.16506004333496,-0.744402408599854,-0.279359936714172,32.2716941833496,332.017303466797,6.62655305862427,-0.255796819925308,0.247448280453682,-0.120952308177948,-0.926664888858795
296.380523681641,4.16296625137329,-0.744640290737152,-0.28063628077507,32.4087066650391,332.036193847656,6.63663911819458,-0.256912022829056,0.247302278876305,-0.121249996125698,-0.926356494426727
296.881530761719,4.15548849105835,-0.745500206947327,-0.285223931074142,32.2255439758301,332.010894775391,6.62314748764038,-0.255421042442322,0.247497752308846,-0.120851911604404,-0.926768481731415
297.382690429688,4.1580548286438,-0.745205998420715,-0.283652812242508,32.8691902160645,332.099822998047,6.67106866836548,-0.260657519102097,0.246810972690582,-0.12225005030632,-0.925309121608734
297.884216308594,4.15540170669556,-0.745512664318085,-0.285287618637085,33.7464485168457,332.223327636719,6.73883008956909,-0.267782360315323,0.245860368013382,-0.124148577451706,-0.923272669315338
298.385498046875,4.15281820297241,-0.745810687541962,-0.286875247955322,33.4941940307617,332.1875,6.71895456314087,-0.26573520898819,0.246135607361794,-0.123602844774723,-0.923863887786865
298.886657714844,4.15377187728882,-0.74570232629776,-0.286291390657425,33.1341857910156,332.136840820313,6.69116353988647,-0.2628113925457,0.246525451540947,-0.122823841869831,-0.92469984292984
299.3876953125,4.15464305877686,-0.745601534843445,-0.285759299993515,32.322151184082,332.024078369141,6.63020753860474,-0.256207495927811,0.247395694255829,-0.121061883866787,-0.926551222801208
299.888793945313,4.15565729141235,-0.745485067367554,-0.285138309001923,32.1210136413574,331.996704101563,6.61554336547852,-0.254569947719574,0.24760764837265,-0.120624512434006,-0.927002847194672
300.389770507813,4.15713119506836,-0.745315432548523,-0.28424209356308,33.1138153076172,321.320373535156,5.84547567367554,-0.252351313829422,0.330736428499222,-0.14036713540554,-0.898459434509277
300.891662597656,4.1572961807251,-0.745321929454803,-0.284240454435349,35.2120628356934,307.978057861328,16.492488861084,-0.209069490432739,0.45266792178154,-0.254136919975281,-0.828731596469879
301.392486572266,4.15686273574829,-0.745591223239899,-0.285218775272369,33.4498138427734,318.852142333984,11.6077556610107,-0.234008088707924,0.362069636583328,-0.191279858350754,-0.881792366504669
301.894165039063,4.15869188308716,-0.745037436485291,-0.283190876245499,33.8507385253906,315.406280517578,3.80651259422302,-0.257154881954193,0.371717095375061,-0.139791488647461,-0.880997240543365
302.395202636719,4.16033935546875,-0.744875431060791,-0.281259149312973,33.9750480651855,311.051330566406,5.01409339904785,-0.248326003551483,0.407462120056152,-0.158998101949692,-0.86430811882019
302.895782470703,4.16036081314087,-0.744872748851776,-0.28123015165329,33.7690773010254,311.029357910156,5.00189208984375,-0.246766194701195,0.407749801874161,-0.158262506127357,-0.864754140377045
303.3974609375,4.15644216537476,-0.745331704616547,-0.286187916994095,33.6161041259766,311.013397216797,4.99294662475586,-0.245607376098633,0.407960623502731,-0.157715514302254,-0.8650843501091
303.898406982422,4.15156078338623,-0.745905518531799,-0.292391389608383,33.5090637207031,311.002197265625,4.98676109313965,-0.244796067476273,0.40810814499855,-0.157332956790924,-0.865314364433289
304.399963378906,4.14904689788818,-0.746201395988464,-0.295579969882965,33.4132194519043,310.992340087891,4.98129844665527,-0.244069531559944,0.408238977193832,-0.156990393996239,-0.865520119667053
304.900787353516,4.14915084838867,-0.746189475059509,-0.295445591211319,33.9894523620605,311.053039550781,5.01497888565063,-0.248435273766518,0.407440662384033,-0.15904937684536,-0.864277362823486
305.401550292969,4.15108394622803,-0.7459596991539,-0.292973071336746,29.9516563415527,310.644409179688,4.79853582382202,-0.217720225453377,0.412810415029526,-0.144543647766113,-0.872520864009857
305.902313232422,4.15702295303345,-0.745261788368225,-0.285441756248474,27.1723861694336,310.382202148438,4.67309808731079,-0.196423709392548,0.416205912828445,-0.134454905986786,-0.877560436725616
306.403594970703,4.16259336471558,-0.744606673717499,-0.278374552726746,24.2265357971191,310.118225097656,4.55855846405029,-0.173727884888649,0.419535279273987,-0.123676709830761,-0.882333815097809
306.905456542969,4.1587700843811,-0.74505752325058,-0.283242881298065,25.8374691009521,310.261016845703,4.61895227432251,-0.186154022812843,0.417748510837555,-0.129580914974213,-0.87979644536972
307.406066894531,4.15567064285278,-0.74542111158371,-0.287173271179199,27.2615489959717,310.390228271484,4.67681503295898,-0.197108685970306,0.416102021932602,-0.134779825806618,-0.877406299114227
307.907867431641,4.15648126602173,-0.745325744152069,-0.2861348092556,26.9360160827637,310.3603515625,4.66316509246826,-0.194607213139534,0.416484534740448,-0.13359297811985,-0.877964556217194
308.408599853516,4.15274000167847,-0.745764076709747,-0.290877163410187,27.3932037353516,310.402374267578,4.68241262435913,-0.198119848966599,0.415946453809738,-0.135259613394737,-0.877178430557251
308.910186767578,4.15134429931641,-0.745927214622498,-0.292650938034058,27.6210021972656,310.423278808594,4.69211530685425,-0.199868977069855,0.415676832199097,-0.136089041829109,-0.876780986785889
309.411376953125,4.14992237091064,-0.746094644069672,-0.294456154108047,29.0870037078857,310.560882568359,4.75753736495972,-0.211107164621353,0.413896381855011,-0.141414076089859,-0.874142825603485
309.912841796875,4.15661096572876,-0.745309472084045,-0.285957604646683,17.7123718261719,309.573944091797,4.36367988586426,-0.123162232339382,0.425904154777527,-0.0995683372020721,-0.890799045562744
310.414031982422,4.159996509552,-0.74491286277771,-0.281674474477768,21.2317600250244,309.861846923828,4.45969438552856,-0.150539383292198,0.422635704278946,-0.11263832449913,-0.886583089828491
310.914642333984,4.16195154190063,-0.744683623313904,-0.279197096824646,23.8431835174561,310.084564208984,4.54509735107422,-0.170764982700348,0.419950097799301,-0.122269570827484,-0.882910847663879
311.416320800781,4.15782499313354,-0.74516749382019,-0.284433096647263,26.392463684082,310.310974121094,4.64121341705322,-0.190425887703896,0.417115211486816,-0.131611213088036,-0.878880739212036
311.917510986328,4.15862274169922,-0.744953453540802,-0.282780140638351,18.4071292877197,304.016632080078,6.39483594894409,-0.115170642733574,0.470457494258881,-0.123568646609783,-0.866104125976563
312.418548583984,4.15508937835693,-0.745240688323975,-0.288065999746323,19.4639205932617,304.861755371094,0.910919308662415,-0.146214500069618,0.457334905862808,-0.0851771607995033,-0.87304699420929
312.919647216797,4.15267944335938,-0.745152354240417,-0.291090130805969,19.6670513153076,309.4892578125,357.65185546875,-0.163042798638344,0.417131900787354,-0.0545919127762318,-0.892433643341064
313.421234130859,4.16553688049316,-0.745408117771149,-0.274511367082596,20.5843315124512,306.080108642578,0.532147526741028,-0.15717750787735,0.446807324886322,-0.0850738063454628,-0.87659627199173
313.921966552734,4.20345830917358,-0.744784414768219,-0.221984758973122,23.7699661254883,304.163513183594,3.47982931137085,-0.167983561754227,0.463488340377808,-0.122636325657368,-0.861348092556
314.423980712891,4.23016977310181,-0.740478277206421,-0.178698241710663,24.6218566894531,303.254425048828,10.1485471725464,-0.145804598927498,0.479052424430847,-0.176957622170448,-0.847310960292816
314.924407958984,4.23944664001465,-0.737352788448334,-0.161940395832062,21.6535949707031,300.150360107422,15.2836656570435,-0.0961940661072731,0.507280290126801,-0.206074297428131,-0.831232070922852
315.425720214844,4.22451686859131,-0.745043396949768,-0.192595064640045,21.1090488433838,302.069580078125,12.273380279541,-0.108446776866913,0.490488618612289,-0.180144086480141,-0.845699965953827
315.927185058594,4.25121116638184,-0.733384728431702,-0.141520112752914,22.8563938140869,302.482421875,12.4278802871704,-0.12163433432579,0.487615257501602,-0.187778234481812,-0.843905091285706
316.428253173828,4.27155923843384,-0.724494993686676,-0.102581217885017,19.0815372467041,301.603698730469,12.113205909729,-0.093121662735939,0.493664681911469,-0.171236872673035,-0.847526729106903
316.930053710938,4.28032445907593,-0.720665693283081,-0.0858025103807449,17.5438404083252,301.257720947266,12.0044240951538,-0.0814840048551559,0.495967596769333,-0.164446637034416,-0.848724782466888
317.430511474609,4.27877235412598,-0.721337556838989,-0.0887464359402657,26.4828014373779,303.375671386719,12.8008508682251,-0.148932367563248,0.481267988681793,-0.203489571809769,-0.839519143104553
317.931884765625,4.27712535858154,-0.722058236598969,-0.0919022336602211,26.4826354980469,303.376098632813,12.8008947372437,-0.148931697010994,0.48126494884491,-0.203488707542419,-0.839521169662476
318.433044433594,4.27712535858154,-0.722058236598969,-0.0919033139944077,26.4827003479004,303.376403808594,12.8008871078491,-0.148932725191116,0.481262654066086,-0.203488484025002,-0.839522302150726
318.934020996094,4.27712535858154,-0.722058236598969,-0.0919049456715584,26.4827346801758,303.376373291016,12.8008594512939,-0.148933038115501,0.481262922286987,-0.20348846912384,-0.839522182941437
319.507904052734,4.27712535858154,-0.722058236598969,-0.0919049456715584,26.4823780059814,303.377136230469,12.8008861541748,-0.148931637406349,0.481257349252701,-0.203486323356628,-0.839526116847992
320.008850097656,4.27712965011597,-0.722058236598969,-0.0919049456715584,26.4820728302002,303.377380371094,12.8007984161377,-0.14893014729023,0.481255441904068,-0.203484192490578,-0.83952796459198
320.509643554688,4.27712535858154,-0.722058236598969,-0.0919049456715584,26.4818134307861,303.377685546875,12.8007392883301,-0.148928925395012,0.481253325939178,-0.203482389450073,-0.839529871940613
321.010467529297,4.27712535858154,-0.722058236598969,-0.0919049456715584,26.4818840026855,303.377685546875,12.8006687164307,-0.1489297747612,0.481253176927567,-0.203482136130333,-0.839529812335968
321.511444091797,4.27712535858154,-0.722058236598969,-0.0919049456715584,26.4820709228516,303.377563476563,12.800612449646,-0.148931235074997,0.481253832578659,-0.203482568264008,-0.839529156684875
322.012420654297,4.27712535858154,-0.722058236598969,-0.0919049456715584,26.4821796417236,303.377563476563,12.8005962371826,-0.148932114243507,0.481253832578659,-0.203482866287231,-0.839528918266296
322.527801513672,4.27712535858154,-0.722058236598969,-0.0919049456715584,26.4820652008057,303.377990722656,12.8006916046143,-0.148931622505188,0.481250822544098,-0.203482583165169,-0.839530766010284
323.029815673828,4.27712535858154,-0.722058236598969,-0.0919049456715584,26.4819583892822,303.378234863281,12.8006811141968,-0.148931264877319,0.481249064207077,-0.203481778502464,-0.839532077312469
323.531005859375,4.27712535858154,-0.722058236598969,-0.0919049456715584,26.481876373291,303.378479003906,12.80078125,-0.14893065392971,0.481247454881668,-0.203481882810593,-0.839533090591431
324.032348632813,4.27712535858154,-0.722058236598969,-0.0919049456715584,26.4819431304932,303.378509521484,12.8007688522339,-0.148931279778481,0.481247186660767,-0.203482002019882,-0.839533090591431
324.555755615234,4.27712106704712,-0.722058236598969,-0.0919049456715584,26.4820995330811,303.378143310547,12.8008184432983,-0.148931592702866,0.481249898672104,-0.203483447432518,-0.839531123638153
325.060943603516,4.27712535858154,-0.722058236598969,-0.0919049456715584,26.482213973999,303.378173828125,12.8009805679321,-0.148931831121445,0.481249898672104,-0.203485026955605,-0.83953070640564
325.563385009766,4.27712535858154,-0.722058236598969,-0.0919049456715584,26.4820976257324,303.377990722656,12.8008241653442,-0.148931294679642,0.481250941753387,-0.203483656048775,-0.839530467987061
326.066131591797,4.27712106704712,-0.722058236598969,-0.0919049456715584,26.4820938110352,303.377807617188,12.8006219863892,-0.148931786417961,0.481252044439316,-0.203482404351234,-0.839530110359192
326.567840576172,4.27712535858154,-0.722058236598969,-0.0919049456715584,26.4822082519531,303.377838134766,12.8008289337158,-0.148931801319122,0.48125222325325,-0.20348434150219,-0.839529454708099
327.070648193359,4.27712535858154,-0.722058236598969,-0.0919049456715584,26.4823036193848,303.377807617188,12.8007888793945,-0.14893265068531,0.48125234246254,-0.203484445810318,-0.83952921628952
327.571258544922,4.27712535858154,-0.722058236598969,-0.0919049456715584,26.8781795501709,301.422515869141,13.5443458557129,-0.145178064703941,0.496398329734802,-0.212936013936996,-0.828957378864288
328.072906494141,4.27712535858154,-0.722058236598969,-0.0919049456715584,27.7657985687256,297.528778076172,19.8109245300293,-0.115500882267952,0.531197905540466,-0.26535752415657,-0.796287477016449
328.575225830078,4.27712535858154,-0.722058236598969,-0.0919049456715584,26.4267635345459,302.321899414063,15.1986656188965,-0.136371269822121,0.491935968399048,-0.22206324338913,-0.830716490745544
329.076324462891,4.27712965011597,-0.722058236598969,-0.0919060260057449,26.4268074035645,302.321838378906,15.1987543106079,-0.136371120810509,0.491936475038528,-0.222064137458801,-0.830716013908386
329.576812744141,4.27712535858154,-0.722058236598969,-0.0919065698981285,26.4268360137939,302.321899414063,15.1988067626953,-0.136371225118637,0.491936057806015,-0.222064539790154,-0.830716073513031
330.078582763672,4.27712535858154,-0.722058236598969,-0.0919065698981285,26.4268341064453,302.321868896484,15.1988954544067,-0.136370778083801,0.491936385631561,-0.222065225243568,-0.830715715885162
330.580718994141,4.27712535858154,-0.722058236598969,-0.0919065698981285,26.4268245697021,302.321960449219,15.1988344192505,-0.136371150612831,0.491935640573502,-0.222064629197121,-0.83071631193161
331.081176757813,4.27712535858154,-0.722058236598969,-0.0919065698981285,26.4269351959229,302.321838378906,15.1988172531128,-0.136371836066246,0.491936445236206,-0.222065076231956,-0.830715537071228
331.582153320313,4.27712535858154,-0.722058236598969,-0.0919065698981285,26.426830291748,302.321807861328,15.1987400054932,-0.136371299624443,0.491936653852463,-0.222064152359962,-0.830715775489807
332.083374023438,4.27712535858154,-0.722058236598969,-0.0919079259037971,26.426794052124,302.322174072266,15.1987800598145,-0.136371552944183,0.491934090852737,-0.2220638692379,-0.830717384815216
332.584411621094,4.27712535858154,-0.722058236598969,-0.0919079259037971,26.426887512207,302.322265625,15.1987285614014,-0.136372640728951,0.491933375597,-0.22206375002861,-0.830717623233795
333.086273193359,4.27712535858154,-0.722058236598969,-0.0919079259037971,26.4268894195557,302.321960449219,15.1986837387085,-0.136372283101082,0.491935461759567,-0.222063794732094,-0.830716490745544
333.587341308594,4.27712535858154,-0.722058236598969,-0.0919081941246986,26.4269275665283,302.321868896484,15.1987543106079,-0.136372104287148,0.491936177015305,-0.222064539790154,-0.830715835094452
334.088439941406,4.27712535858154,-0.722058236598969,-0.0919081941246986,26.4267253875732,302.321960449219,15.1989145278931,-0.136370033025742,0.491935819387436,-0.222064837813377,-0.830716371536255
334.589416503906,4.27712535858154,-0.722058236598969,-0.0919081941246986,26.4266033172607,302.322692871094,15.1990814208984,-0.136369854211807,0.491930574178696,-0.222064688801765,-0.830719530582428
335.091369628906,4.27712535858154,-0.722058236598969,-0.0919203832745552,26.4265918731689,302.322998046875,15.1992168426514,-0.136369749903679,0.49192863702774,-0.222065269947052,-0.830720543861389
335.591949462891,4.27712535858154,-0.722058236598969,-0.0919287875294685,26.4265575408936,302.323120117188,15.1992454528809,-0.136369645595551,0.491927653551102,-0.222065195441246,-0.830721139907837
336.093139648438,4.27712535858154,-0.722058236598969,-0.0919287875294685,26.4264392852783,302.323669433594,15.199273109436,-0.136369675397873,0.491923749446869,-0.222064286470413,-0.830723702907562
336.594268798828,4.27712535858154,-0.722058236598969,-0.0919287875294685,26.4262828826904,302.323852539063,15.1993007659912,-0.136368781328201,0.491922348737717,-0.222063660621643,-0.830724775791168
337.095336914063,4.27712535858154,-0.722058236598969,-0.0919287875294685,26.426197052002,302.32470703125,15.1993923187256,-0.136369347572327,0.491916447877884,-0.222063004970551,-0.8307284116745
337.597290039063,4.27712535858154,-0.722058236598969,-0.0919287875294685,26.4261989593506,302.325225830078,15.1993923187256,-0.136370360851288,0.491912722587585,-0.222062394022942,-0.830730617046356
338.098449707031,4.27712535858154,-0.722058236598969,-0.0919287875294685,26.426082611084,302.326049804688,15.199481010437,-0.136370688676834,0.491906851530075,-0.222061634063721,-0.830734252929688
338.599395751953,4.27712965011597,-0.722058236598969,-0.0919287875294685,26.4258861541748,302.326904296875,15.1995859146118,-0.136370494961739,0.491900533437729,-0.222060561180115,-0.830738306045532
339.100555419922,4.27712535858154,-0.722058236598969,-0.0919287875294685,26.5664710998535,301.728607177734,9.77387428283691,-0.159595549106598,0.489228099584579,-0.18388107419014,-0.837480068206787
339.602325439453,4.27712535858154,-0.722058236598969,-0.0919287875294685,26.5663681030273,301.728729248047,9.7739782333374,-0.159594506025314,0.489227473735809,-0.183881267905235,-0.83748060464859
340.103179931641,4.27712535858154,-0.722058236598969,-0.0919287875294685,26.5664119720459,301.728881835938,9.77401924133301,-0.159594923257828,0.489226341247559,-0.183881521224976,-0.837481141090393
340.603912353516,4.27712535858154,-0.722058236598969,-0.0919287875294685,26.5664119720459,301.728881835938,9.77401924133301,-0.159594923257828,0.489226341247559,-0.183881521224976,-0.837481141090393
341.105224609375,4.32428026199341,-0.706279277801514,-0.000671906920615584,22.0699119567871,300.894500732422,9.43010520935059,-0.126148954033852,0.496153771877289,-0.164271697402,-0.843168318271637
341.606262207031,4.32401990890503,-0.706762075424194,-0.00160824169870466,21.3005275726318,299.156890869141,17.7064018249512,-0.0808825045824051,0.51623409986496,-0.222895190119743,-0.822969138622284
342.108001708984,4.34819555282593,-0.688024520874023,0.0586645156145096,18.8113212585449,295.181457519531,15.8815269470215,-0.0635983943939209,0.542748093605042,-0.201812401413918,-0.812804698944092
342.608764648438,4.35432958602905,-0.680209279060364,0.0816870778799057,23.1342010498047,283.350738525391,29.5667247772217,0.00291929626837373,0.627550721168518,-0.316340744495392,-0.71140718460083
343.109100341797,4.35419940948486,-0.677859783172607,0.0857442617416382,23.2601547241211,283.959167480469,25.3961048126221,-0.0223158597946167,0.623450219631195,-0.290743798017502,-0.725451529026031
343.610748291016,4.35620641708374,-0.66301441192627,0.12031901627779,24.1957550048828,284.446228027344,25.5921936035156,-0.0288761761039495,0.620796620845795,-0.296371102333069,-0.725218594074249
344.112274169922,4.35641002655029,-0.661563873291016,0.123693183064461,25.326997756958,285.046417236328,25.8434162139893,-0.0368216969072819,0.617510914802551,-0.303154706954956,-0.724859774112701
344.613494873047,4.35641002655029,-0.661563873291016,0.123692914843559,25.3266925811768,285.046630859375,25.8431873321533,-0.0368213877081871,0.617509424686432,-0.30315175652504,-0.724862337112427
345.11474609375,4.35845613479614,-0.646519660949707,0.158727169036865,22.8552761077881,283.751220703125,25.3141059875488,-0.019482459872961,0.624578654766083,-0.288301795721054,-0.725537121295929
345.615173339844,4.35884666442871,-0.643627762794495,0.165461137890816,22.9076080322266,283.777954101563,25.3246192932129,-0.0198483448475599,0.624433696269989,-0.288617730140686,-0.725526392459869
346.117095947266,4.35884189605713,-0.643629372119904,0.16546031832695,10.7012691497803,306.085479736328,30.6943416595459,0.0393031872808933,0.457253813743591,-0.275647103786469,-0.844625949859619
346.617523193359,4.35884189605713,-0.643629372119904,0.16546031832695,358.328704833984,326.951812744141,32.2733306884766,0.0924708768725395,0.269297659397125,-0.262438058853149,-0.921983778476715
347.119323730469,4.35883760452271,-0.643629372119904,0.16546031832695,352.311981201172,337.947326660156,22.2478141784668,0.101383604109287,0.174549177289009,-0.176362469792366,-0.963405549526215
347.620544433594,4.35883760452271,-0.643628835678101,0.16546031832695,350.406402587891,342.408538818359,25.1292247772217,0.113807775080204,0.130750089883804,-0.20174852013588,-0.96397602558136
348.149108886719,4.35883760452271,-0.643629372119904,0.16546031832695,346.778442382813,348.315887451172,8.16457939147949,0.121433518826962,0.0927001014351845,-0.0586601793766022,-0.986518919467926
348.650207519531,4.35883760452271,-0.643629372119904,0.16546031832695,346.805450439453,334.235504150391,350.473754882813,0.0932212099432945,0.230006843805313,0.105936415493488,-0.962904036045074
349.151519775391,4.35883760452271,-0.643628835678101,0.16546031832695,345.972290039063,329.127166748047,328.413604736328,0.0413610227406025,0.286239504814148,0.291659563779831,-0.911751627922058
349.652435302734,4.35883760452271,-0.643628835678101,0.16546031832695,346.539398193359,330.093475341797,338.622192382813,0.0637338906526566,0.272807598114014,0.207676067948341,-0.937221825122833
350.154144287109,4.35883760452271,-0.643628835678101,0.16546031832695,347.468414306641,334.727478027344,2.0882728099823,0.110442206263542,0.21547719836235,0.00619676103815436,-0.970223605632782
350.655120849609,4.35883760452271,-0.643628835678101,0.165459781885147,347.667022705078,333.03125,22.1140041351318,0.146979615092278,0.207494288682938,-0.160836771130562,-0.95366382598877
351.156433105469,4.35883760452271,-0.643628835678101,0.165459781885147,347.666961669922,333.031433105469,22.1139297485352,0.146979615092278,0.207492753863335,-0.160836294293404,-0.953664243221283
351.657684326172,4.35883760452271,-0.643628835678101,0.165459781885147,347.666961669922,333.031402587891,22.11399269104,0.146979913115501,0.207492902874947,-0.160836726427078,-0.953664064407349
352.158843994141,4.35883760452271,-0.643630981445313,0.165459781885147,347.667053222656,333.031372070313,22.114107131958,0.146979331970215,0.207493171095848,-0.16083787381649,-0.953663945198059
352.660736083984,4.34567260742188,-0.650074243545532,0.159915462136269,347.635192871094,333.111724853516,22.2818813323975,0.147431507706642,0.206550374627113,-0.162268564105034,-0.953556478023529
353.161224365234,4.33294105529785,-0.656973242759705,0.155065819621086,347.271881103516,333.991668701172,24.0860500335693,0.152286395430565,0.196178883314133,-0.177648648619652,-0.95224142074585
353.662231445313,4.32980728149414,-0.659349262714386,0.153891876339912,347.916168212891,332.560485839844,26.307487487793,0.153242468833923,0.206398263573647,-0.195534855127335,-0.946405112743378
354.163848876953,4.32847213745117,-0.659866750240326,0.153306126594543,347.805236816406,332.804382324219,22.4201507568359,0.146718978881836,0.209243908524513,-0.163392573595047,-0.952886879444122
354.664703369141,4.32060861587524,-0.66330486536026,0.14992843568325,347.805206298828,332.804382324219,22.4201564788818,0.146719336509705,0.209243834018707,-0.163392543792725,-0.952886879444122
355.165252685547,4.31492519378662,-0.665894389152527,0.147494941949844,347.805206298828,332.804443359375,22.4199848175049,0.146718859672546,0.209243431687355,-0.163391247391701,-0.952887296676636
355.665618896484,4.31183052062988,-0.667886316776276,0.146281182765961,347.616607666016,333.267791748047,25.0673332214355,0.15230792760849,0.201574757695198,-0.185564368963242,-0.949597716331482
356.171752929688,4.31183052062988,-0.667887389659882,0.146280631422997,347.582336425781,333.34326171875,23.5108623504639,0.149723991751671,0.202931568026543,-0.172674432396889,-0.952147662639618
356.695617675781,4.31183052062988,-0.667886853218079,0.146280631422997,347.582336425781,333.34326171875,23.5108623504639,0.149723991751671,0.202931568026543,-0.172674432396889,-0.952147662639618
357.196929931641,4.30400562286377,-0.678101420402527,0.144359201192856,347.031799316406,334.192962646484,34.2669944763184,0.17055669426918,0.179606363177299,-0.261224150657654,-0.932959794998169
357.698638916016,4.29622459411621,-0.70214432477951,0.145029485225677,347.604400634766,334.072174072266,50.1117248535156,0.189760580658913,0.157481834292412,-0.388354569673538,-0.887902677059174
358.227203369141,4.29622459411621,-0.70214432477951,0.145029485225677,348.197021484375,333.558013916016,47.6458625793457,0.183453038334846,0.167683511972427,-0.369610160589218,-0.895329892635345
358.731506347656,4.29622459411621,-0.702144861221313,0.145029485225677,348.862823486328,332.940856933594,47.9346656799316,0.180794313549995,0.174442619085312,-0.37233492732048,-0.893448352813721
359.261047363281,4.29622459411621,-0.70214432477951,0.145029485225677,348.86279296875,332.940948486328,47.9346733093262,0.180794179439545,0.174441754817963,-0.372335106134415,-0.89344847202301
359.78759765625,4.30935096740723,-0.687696695327759,0.148541823029518,347.085418701172,330.91259765625,48.3575172424316,0.20151050388813,0.183047980070114,-0.368181347846985,-0.889004826545715
360.288635253906,4.32880592346191,-0.666280210018158,0.153749093413353,346.716339111328,330.485565185547,48.4544105529785,0.20582227408886,0.184832990169525,-0.367289662361145,-0.888015925884247
360.788848876953,4.34586763381958,-0.647523164749146,0.158308312296867,346.730010986328,330.501220703125,48.4509315490723,0.205663278698921,0.184768065810204,-0.367323815822601,-0.88805216550827
361.291625976563,4.3037543296814,-0.693862020969391,0.14704330265522,346.999450683594,330.812896728516,48.3801651000977,0.202516481280327,0.183466389775276,-0.367976605892181,-0.888774693012238
361.853210449219,4.22038602828979,-0.787703573703766,0.125220954418182,345.695678710938,329.293365478516,48.7387962341309,0.217763543128967,0.189764425158501,-0.3647680580616,-0.885162651538849
362.432067871094,4.22940683364868,-0.783005058765411,0.123592399060726,322.776824951172,316.199798583984,48.304573059082,0.414830178022385,0.201378628611565,-0.251163452863693,-0.851046085357666
363.010925292969,4.23130989074707,-0.781574010848999,0.123915888369083,340.495178222656,335.193481445313,39.1076583862305,0.226746201515198,0.144107758998871,-0.287871569395065,-0.919211149215698
363.58984375,4.23025226593018,-0.782367289066315,0.123736530542374,341.673553466797,336.2001953125,38.7813529968262,0.214573442935944,0.140288814902306,-0.289752155542374,-0.92212849855423
364.167999267578,4.23362016677856,-0.779840052127838,0.124307654798031,335.015838623047,330.22216796875,40.992977142334,0.283648312091827,0.161785364151001,-0.278322696685791,-0.903274953365326
364.744934082031,4.23408842086792,-0.779488921165466,0.124387308955193,332.637084960938,327.876861572266,42.0277061462402,0.30857190489769,0.169436454772949,-0.273731350898743,-0.895067572593689
365.327209472656,4.23717927932739,-0.777171432971954,0.124911285936832,319.713745117188,311.561584472656,51.210262298584,0.44965735077858,0.211589977145195,-0.242626085877419,-0.833168983459473
365.889862060547,4.2409725189209,-0.774328291416168,0.12555393576622,315.277893066406,303.293914794922,56.8057136535645,0.50341123342514,0.227069526910782,-0.228204503655434,-0.801835000514984
366.442687988281,4.23956775665283,-0.775376200675964,0.125317141413689,304.355834960938,317.860809326172,60.2183380126953,0.536255717277527,0.0565635822713375,-0.268848210573196,-0.798092126846313
366.959930419922,4.23957204818726,-0.775376200675964,0.125317141413689,290.865753173828,334.566711425781,65.7566452026367,0.563207387924194,-0.148212507367134,-0.331166714429855,-0.742400944232941
367.487823486328,4.23957204818726,-0.775376200675964,0.125317141413689,288.061584472656,338.042694091797,72.2116394042969,0.556679666042328,-0.21525052189827,-0.377821326255798,-0.707831919193268
368.069671630859,4.23957204818726,-0.775376200675964,0.125317141413689,282.903503417969,343.959350585938,77.368537902832,0.549895286560059,-0.300512254238129,-0.416171371936798,-0.658869445323944
368.633941650391,4.24379873275757,-0.773428797721863,0.117687471210957,283.374755859375,351.126403808594,70.3884124755859,0.540092289447784,-0.306634724140167,-0.411679536104202,-0.66692990064621
369.208221435547,4.25587558746338,-0.767861723899841,0.0958778634667397,282.892272949219,343.7431640625,77.5790863037109,0.550182163715363,-0.300333887338638,-0.416298061609268,-0.658631324768066
369.712554931641,4.2877368927002,-0.753188133239746,0.0383913516998291,282.96826171875,345.199035644531,76.160026550293,0.548257350921631,-0.301547318696976,-0.415418922901154,-0.660234928131104
370.213531494141,4.30338573455811,-0.745976507663727,0.0101365828886628,282.909576416016,344.091491699219,77.2392120361328,0.549725294113159,-0.300622254610062,-0.416086792945862,-0.659014523029327
370.71484375,4.30338573455811,-0.745976507663727,0.0101365828886628,271.230651855469,94.8335952758789,344.891387939453,0.538373589515686,-0.459411561489105,-0.446972161531448,-0.547093093395233
371.215545654297,4.30338573455811,-0.745976507663727,0.0101365828886628,272.30224609375,43.641529083252,60.674674987793,0.419661998748779,-0.556190073490143,-0.560397922992706,-0.447761863470078
371.717041015625,4.30338573455811,-0.745980322360992,0.0101365828886628,274.177673339844,183.205841064453,293.504547119141,0.385466068983078,-0.622722327709198,-0.580421507358551,-0.356010735034943
372.218505859375,4.30338573455811,-0.745979785919189,0.0101365828886628,271.952239990234,135.419555664063,347.976409912109,0.331827372312546,-0.634053468704224,-0.610925316810608,-0.338581055402756
372.719085693359,4.34912347793579,-0.745390236377716,0.0794993191957474,271.424224853516,139.987976074219,343.410095214844,0.333431661128998,-0.631144165992737,-0.61393129825592,-0.336999744176865
373.220062255859,4.40974235534668,-0.744609415531158,0.171420782804489,271.554931640625,288.243774414063,195.164428710938,0.341756105422974,-0.615593016147614,-0.62952333688736,-0.328555047512054
373.721313476563,4.42263841629028,-0.744443595409393,0.19098573923111,272.666595458984,356.072479248047,117.208618164063,0.380640268325806,-0.576111972332001,-0.604772210121155,-0.396810531616211
374.222137451172,4.42263841629028,-0.744443595409393,0.19098573923111,283.753326416016,8.71076393127441,82.3478851318359,0.424019485712051,-0.450230330228806,-0.551705420017242,-0.559572458267212
374.723876953125,4.42263841629028,-0.744443595409393,0.19098736345768,289.980773925781,1.37961304187775,65.6521377563477,0.476722866296768,-0.319268465042114,-0.449774444103241,-0.684475004673004
375.225036621094,4.42263841629028,-0.744443595409393,0.19098736345768,302.436096191406,346.009613037109,59.1918869018555,0.468259871006012,-0.143208384513855,-0.378656595945358,-0.78539365530014
375.726287841797,4.42263841629028,-0.744443595409393,0.19098736345768,308.674072265625,339.806976318359,62.0095596313477,0.446846485137939,-0.0841894969344139,-0.392033576965332,-0.799718737602234
376.227508544922,4.42263841629028,-0.744443595409393,0.19098736345768,323.412506103516,330.663421630859,71.1016082763672,0.386845499277115,0.0190550331026316,-0.469379216432571,-0.793517887592316
376.728881835938,4.42263841629028,-0.744443595409393,0.19098736345768,337.849395751953,323.434906005859,56.030948638916,0.30563348531723,0.186109721660614,-0.384492486715317,-0.850950598716736
377.230651855469,4.42263841629028,-0.744443595409393,0.19098736345768,345.084075927734,318.281951904297,59.9207992553711,0.281400918960571,0.24530565738678,-0.422681003808975,-0.825820505619049
377.731048583984,4.42263841629028,-0.744444131851196,0.19098736345768,347.079467773438,317.173950195313,64.7126007080078,0.282632529735565,0.250386148691177,-0.460376977920532,-0.803416907787323
378.232269287109,4.42263841629028,-0.744444131851196,0.19098736345768,349.245178222656,316.228454589844,69.9343795776367,0.283953189849854,0.254284650087357,-0.500835061073303,-0.777093410491943
378.7333984375,4.42263841629028,-0.744444131851196,0.19098736345768,349.245239257813,316.228424072266,69.9345245361328,0.283953070640564,0.254284769296646,-0.500836312770844,-0.777092635631561
379.234985351563,4.42207527160645,-0.753549575805664,0.191953510046005,349.245239257813,316.228576660156,69.9345855712891,0.283952593803406,0.254283636808395,-0.500837087631226,-0.777092635631561
379.735870361328,4.42230892181396,-0.766216635704041,0.194188684225082,349.620086669922,316.102661132813,73.9556503295898,0.290932863950729,0.24690605700016,-0.528610408306122,-0.758265435695648
380.237182617188,4.4224739074707,-0.772432863712311,0.195353955030441,349.6201171875,316.102691650391,73.9558944702148,0.290933161973953,0.246905520558357,-0.52861213684082,-0.758264362812042
380.738037109375,4.4224739074707,-0.772432863712311,0.195353955030441,349.6201171875,316.102691650391,73.9558944702148,0.290933161973953,0.246905460953712,-0.52861213684082,-0.758264362812042
381.239929199219,4.4224739074707,-0.772436082363129,0.195354223251343,349.619995117188,316.102722167969,73.9557571411133,0.290933310985565,0.246905043721199,-0.528611063957214,-0.758265256881714
381.740936279297,4.42248249053955,-0.772942185401917,0.195449590682983,349.644775390625,316.095458984375,74.2113037109375,0.291361898183823,0.246429949998856,-0.530357360839844,-0.757034778594971
382.242889404297,4.42248249053955,-0.772942721843719,0.195449590682983,349.644897460938,316.095153808594,74.2115631103516,0.291363060474396,0.246431976556778,-0.530358672142029,-0.757032752037048
382.742919921875,4.42248249053955,-0.772943258285522,0.195449590682983,350.401641845703,315.878021240234,73.1128692626953,0.285208642482758,0.254462569952011,-0.524829268455505,-0.760565042495728
383.244384765625,4.42248249053955,-0.772943258285522,0.195449590682983,352.087951660156,315.34326171875,71.0594177246094,0.272187680006027,0.271356672048569,-0.514941811561584,-0.766233861446381
383.745727539063,4.42248249053955,-0.772943258285522,0.195449590682983,352.087738037109,315.342956542969,71.0589981079102,0.272189289331436,0.271358728408813,-0.51493775844574,-0.7662353515625
384.246673583984,4.42248249053955,-0.772943258285522,0.195449590682983,352.087493896484,315.342834472656,71.0584869384766,0.272190392017365,0.27135956287384,-0.514933228492737,-0.766237676143646
384.747711181641,4.42248249053955,-0.772943258285522,0.195449590682983,350.579925537109,316.032928466797,62.1086921691895,0.257681488990784,0.280327826738358,-0.450396031141281,-0.807564318180084
385.249420166016,4.40816020965576,-0.77723753452301,0.188887119293213,340.868194580078,324.271331787109,38.3298301696777,0.248710200190544,0.233808189630508,-0.259962022304535,-0.90327000617981
385.750762939453,4.40816020965576,-0.77723753452301,0.188887119293213,334.944702148438,337.856903076172,12.3525447845459,0.231806740164757,0.163471892476082,-0.0616588070988655,-0.956943511962891
386.251831054688,4.40816020965576,-0.77723753452301,0.188887119293213,334.034698486328,349.16162109375,356.876922607422,0.221060872077942,0.0980880856513977,0.0476444102823734,-0.969144463539124
386.753265380859,4.40815591812134,-0.77723753452301,0.188886851072311,334.278839111328,333.101684570313,3.45254302024841,0.223207876086235,0.220123872160912,0.0231810547411442,-0.949308395385742
387.253723144531,4.40816020965576,-0.777238070964813,0.188886851072311,335.835235595703,328.675476074219,29.6455001831055,0.262374252080917,0.203639596700668,-0.186245530843735,-0.924663841724396
387.754913330078,4.40064334869385,-0.779022395610809,0.186370715498924,341.078033447266,323.204132080078,55.2172546386719,0.282489717006683,0.203589722514153,-0.387788772583008,-0.853446364402771
388.255981445313,4.40063905715942,-0.779022395610809,0.186370447278023,346.583374023438,319.894256591797,65.455680847168,0.276425153017044,0.227151364088058,-0.47070050239563,-0.806493878364563
388.756958007813,4.40063905715942,-0.779022395610809,0.186370447278023,349.776733398438,318.595855712891,73.0504837036133,0.276537954807281,0.233343809843063,-0.529222548007965,-0.767463982105255
389.258331298828,4.40086030960083,-0.780301749706268,0.18675109744072,350.78271484375,318.288909912109,74.3763427734375,0.274307578802109,0.237318530678749,-0.540217876434326,-0.759341835975647
389.759582519531,4.40389442443848,-0.795533418655396,0.191582053899765,352.488677978516,317.859466552734,78.688850402832,0.274703472852707,0.23868116736412,-0.572111010551453,-0.735022664070129
390.260589599609,4.40460968017578,-0.79839015007019,0.19262108206749,352.488677978516,317.859497070313,78.6888961791992,0.274703502655029,0.238680928945541,-0.572111368179321,-0.73502242565155
390.761688232422,4.40460968017578,-0.79839015007019,0.19262108206749,352.488677978516,317.859497070313,78.6888961791992,0.274703502655029,0.238680928945541,-0.572111368179321,-0.73502242565155
391.307678222656,4.40460968017578,-0.79839015007019,0.19262108206749,352.488677978516,317.859497070313,78.6888961791992,0.274703502655029,0.238680928945541,-0.572111368179321,-0.73502242565155
391.808471679688,4.40460968017578,-0.79839015007019,0.19262108206749,352.488677978516,317.859497070313,78.6888961791992,0.274703502655029,0.238680928945541,-0.572111368179321,-0.73502242565155
392.310089111328,4.40461397171021,-0.79839015007019,0.19262108206749,352.488677978516,317.859497070313,78.6888961791992,0.274703502655029,0.238680928945541,-0.572111368179321,-0.73502242565155
392.811065673828,4.40460538864136,-0.79839015007019,0.19262108206749,352.488677978516,317.859497070313,78.6888961791992,0.274703502655029,0.238680928945541,-0.572111368179321,-0.73502242565155
393.312408447266,4.40460968017578,-0.79839015007019,0.19262108206749,352.488677978516,317.859497070313,78.6888961791992,0.274703502655029,0.238680928945541,-0.572111368179321,-0.73502242565155
393.846649169922,4.40460968017578,-0.79839015007019,0.19262108206749,352.488677978516,317.859497070313,78.6888961791992,0.274703502655029,0.238680928945541,-0.572111368179321,-0.73502242565155
394.427856445313,4.40460968017578,-0.79839015007019,0.19262108206749,352.488525390625,317.859497070313,78.6887969970703,0.274704098701477,0.238680526614189,-0.57211035490036,-0.735023140907288
394.932495117188,4.40460538864136,-0.79839015007019,0.19262108206749,352.488098144531,317.859558105469,78.6879425048828,0.274704724550247,0.238679721951485,-0.57210385799408,-0.735028266906738
395.434509277344,4.40460968017578,-0.79839015007019,0.19262108206749,352.487976074219,317.859497070313,78.6874237060547,0.274704694747925,0.238680794835091,-0.572100043296814,-0.735030889511108
395.936737060547,4.40460538864136,-0.79839015007019,0.19262108206749,352.487976074219,317.859313964844,78.6875152587891,0.274705797433853,0.238681674003601,-0.572100222110748,-0.735030055046082
396.439056396484,4.40460968017578,-0.79839015007019,0.19262108206749,352.488220214844,317.859130859375,78.6878204345703,0.274705737829208,0.2386834025383,-0.57210248708725,-0.73502779006958
396.941162109375,4.40460968017578,-0.79839015007019,0.19262108206749,352.488433837891,317.858795166016,78.6883773803711,0.274707287549973,0.2386853992939,-0.572105765342712,-0.735024034976959
397.442504882813,4.40460538864136,-0.798390686511993,0.19262108206749,352.488220214844,317.858673095703,78.688362121582,0.274709165096283,0.238684982061386,-0.572104752063751,-0.735024154186249
397.944122314453,4.40460968017578,-0.79839015007019,0.19262108206749,352.488372802734,317.858825683594,78.6881942749023,0.274707078933716,0.238685235381126,-0.572104513645172,-0.735025107860565
398.445465087891,4.40460538864136,-0.79839015007019,0.19262108206749,352.488250732422,317.859008789063,78.6883850097656,0.27470737695694,0.238683089613914,-0.572105765342712,-0.735024690628052
398.947052001953,4.40460968017578,-0.79839015007019,0.19262108206749,352.488189697266,317.85888671875,78.6884613037109,0.274708569049835,0.238683253526688,-0.572105765342712,-0.735024154186249
399.448303222656,4.40460968017578,-0.79839015007019,0.19262108206749,352.487976074219,317.859252929688,78.6877746582031,0.274706572294235,0.238681554794312,-0.572101712226868,-0.735028624534607
399.949462890625,4.40460968017578,-0.79839015007019,0.192621618509293,352.487884521484,317.859283447266,78.6875762939453,0.27470651268959,0.238681316375732,-0.572100341320038,-0.735029816627502
400.450531005859,4.40460968017578,-0.79839015007019,0.192621618509293,352.487884521484,317.859283447266,78.6875762939453,0.27470651268959,0.238681316375732,-0.572100341320038,-0.735029816627502
400.951873779297,4.40460968017578,-0.79839015007019,0.192621618509293,352.487884521484,317.859283447266,78.6875762939453,0.27470651268959,0.238681316375732,-0.572100341320038,-0.735029816627502
401.453399658203,4.40460968017578,-0.79839015007019,0.192621618509293,352.487884521484,317.859283447266,78.6875762939453,0.27470651268959,0.238681316375732,-0.572100341320038,-0.735029816627502
401.954559326172,4.40460968017578,-0.79839015007019,0.192621618509293,352.487884521484,317.859283447266,78.6875762939453,0.27470651268959,0.238681316375732,-0.572100341320038,-0.735029816627502
402.455535888672,4.40460968017578,-0.79839015007019,0.192621618509293,352.487884521484,317.859283447266,78.6875762939453,0.27470651268959,0.238681316375732,-0.572100341320038,-0.735029816627502
402.95654296875,4.40460968017578,-0.79839015007019,0.192621618509293,352.487884521484,317.859283447266,78.6875762939453,0.27470651268959,0.238681316375732,-0.572100341320038,-0.735029816627502
403.472778320313,4.40461397171021,-0.79839015007019,0.192621618509293,352.487884521484,317.859283447266,78.6875762939453,0.27470651268959,0.238681316375732,-0.572100341320038,-0.735029816627502
403.973724365234,4.40460968017578,-0.79839015007019,0.192621618509293,352.487884521484,317.859283447266,78.6875762939453,0.27470651268959,0.238681316375732,-0.572100341320038,-0.735029816627502
404.475189208984,4.40460968017578,-0.79839015007019,0.192621618509293,352.487884521484,317.859283447266,78.6875762939453,0.27470651268959,0.238681316375732,-0.572100341320038,-0.735029816627502
404.976470947266,4.40461397171021,-0.79839015007019,0.192621618509293,352.487884521484,317.859283447266,78.6875762939453,0.27470651268959,0.238681316375732,-0.572100341320038,-0.735029816627502
405.519287109375,4.40461397171021,-0.79839015007019,0.192621618509293,352.487884521484,317.859283447266,78.6875762939453,0.27470651268959,0.238681316375732,-0.572100341320038,-0.735029816627502
406.0439453125,4.40460968017578,-0.79839015007019,0.192621618509293,352.487854003906,317.859436035156,78.6875610351563,0.274705976247787,0.238680183887482,-0.572100460529327,-0.735030233860016
406.54833984375,4.40461397171021,-0.79839015007019,0.192621618509293,352.925109863281,317.771789550781,77.5293197631836,0.269996136426926,0.244303449988365,-0.565644979476929,-0.73990797996521
407.050109863281,4.40460968017578,-0.79839015007019,0.192621618509293,354.513397216797,317.713043212891,57.4598350524902,0.212329402565956,0.294480293989182,-0.432669669389725,-0.825223982334137
407.552795410156,4.40460968017578,-0.79839015007019,0.192616194486618,349.092681884766,321.411956787109,53.8138465881348,0.228842109441757,0.252718031406403,-0.397188812494278,-0.852059841156006
408.05419921875,4.40460968017578,-0.79839015007019,0.192616194486618,345.637878417969,324.149658203125,49.9748497009277,0.236795172095299,0.226537466049194,-0.363889843225479,-0.871890544891357
408.555877685547,4.40461397171021,-0.79839015007019,0.192616194486618,345.833770751953,323.981781005859,51.757453918457,0.239420235157013,0.224858358502388,-0.377616077661514,-0.865749835968018
409.057708740234,4.40460968017578,-0.79839015007019,0.192616194486618,345.833801269531,323.981750488281,51.757453918457,0.239420130848885,0.224858611822128,-0.377616107463837,-0.865749835968018
409.558929443359,4.40460538864136,-0.79839015007019,0.192616194486618,345.833862304688,323.981567382813,51.7574768066406,0.239420413970947,0.224860101938248,-0.37761601805687,-0.865749359130859
410.060150146484,4.40460968017578,-0.79839015007019,0.192616194486618,345.833618164063,323.981384277344,51.7575836181641,0.239422813057899,0.224860399961472,-0.377615839242935,-0.865748703479767
410.561614990234,4.40460538864136,-0.79839015007019,0.192616194486618,345.833435058594,323.981231689453,51.7579574584961,0.239425599575043,0.224860116839409,-0.377617716789246,-0.865747153759003
411.063079833984,4.40460968017578,-0.798390686511993,0.192616194486618,345.833312988281,323.981201171875,51.7579193115234,0.239426508545876,0.224859893321991,-0.377617001533508,-0.865747272968292
411.564300537109,4.40461397171021,-0.79839015007019,0.192616194486618,345.833312988281,323.981201171875,51.7579193115234,0.239426508545876,0.224859893321991,-0.377617001533508,-0.865747272968292
412.065521240234,4.40461397171021,-0.79839015007019,0.192616194486618,345.833312988281,323.981201171875,51.7579193115234,0.239426508545876,0.224859893321991,-0.377617001533508,-0.865747272968292
412.566589355469,4.40460968017578,-0.79839015007019,0.192616194486618,345.833312988281,323.981201171875,51.7579193115234,0.239426508545876,0.224859893321991,-0.377617001533508,-0.865747272968292
413.068054199219,4.40460968017578,-0.79839015007019,0.192616194486618,345.833312988281,323.981201171875,51.7579193115234,0.239426508545876,0.224859893321991,-0.377617001533508,-0.865747272968292
413.568969726563,4.40460968017578,-0.79839015007019,0.192616194486618,345.833312988281,323.981201171875,51.7579193115234,0.239426508545876,0.224859893321991,-0.377617001533508,-0.865747272968292
414.070465087891,4.40461397171021,-0.79839015007019,0.192616194486618,346.791961669922,323.218994140625,53.3072662353516,0.238125413656235,0.231138348579407,-0.390432804822922,-0.858739614486694
414.571105957031,4.40460968017578,-0.79839015007019,0.192616194486618,346.792053222656,323.218811035156,53.3074150085449,0.238125666975975,0.231139823794365,-0.390433758497238,-0.858738660812378
415.072937011719,4.40370798110962,-0.799134612083435,0.192138016223907,346.792083740234,323.218963623047,53.3071441650391,0.238124310970306,0.231139317154884,-0.390432149171829,-0.858739852905273
415.573883056641,4.38518953323364,-0.80767434835434,0.180947244167328,346.791900634766,323.218902587891,53.3070755004883,0.238125681877136,0.231139153242111,-0.390431016683578,-0.858740091323853
416.0751953125,4.37990093231201,-0.811197519302368,0.177824229001999,346.560485839844,323.40625,50.0184860229492,0.232492029666901,0.235583126544952,-0.365342289209366,-0.870042026042938
416.576293945313,4.37990093231201,-0.811197519302368,0.177824229001999,346.601715087891,323.371215820313,51.3829689025879,0.235095530748367,0.233221471309662,-0.375722587108612,-0.86554628610611
417.077239990234,4.37990093231201,-0.811197519302368,0.1778244972229,346.601806640625,323.371459960938,51.3827781677246,0.235093653202057,0.233220413327217,-0.37572193145752,-0.86554741859436
417.578430175781,4.37989664077759,-0.811197519302368,0.177824229001999,346.601989746094,323.371520996094,51.3828964233398,0.235092326998711,0.233220636844635,-0.375723481178284,-0.865547060966492
418.079528808594,4.37990093231201,-0.811197519302368,0.177824229001999,346.601867675781,323.371520996094,51.3827514648438,0.235092908143997,0.23322032392025,-0.375722020864487,-0.865547597408295
418.596221923828,4.37990093231201,-0.811197519302368,0.177824229001999,346.601928710938,323.371856689453,51.3822441101074,0.235090225934982,0.233219146728516,-0.375719100236893,-0.865549921989441
419.098083496094,4.37990093231201,-0.811197519302368,0.177824229001999,346.602020263672,323.372344970703,51.382007598877,0.235087484121323,0.233216270804405,-0.37571856379509,-0.865551650524139
419.598907470703,4.37990522384644,-0.811197519302368,0.177824229001999,346.601989746094,323.372436523438,51.381908416748,0.235087350010872,0.233215808868408,-0.375717848539352,-0.865552127361298
420.100280761719,4.37990093231201,-0.811199724674225,0.177824229001999,346.601837158203,323.372741699219,51.3816375732422,0.235086843371391,0.233213201165199,-0.375716060400009,-0.865553736686707
420.619384765625,4.37990093231201,-0.811199724674225,0.177824229001999,346.601837158203,323.372650146484,51.3815994262695,0.235087156295776,0.233214110136032,-0.375715523958206,-0.865553617477417
421.170135498047,4.37990093231201,-0.811199724674225,0.177824229001999,346.601837158203,323.372711181641,51.3815650939941,0.235086783766747,0.233213752508163,-0.375715404748917,-0.865553915500641
421.67431640625,4.37990093231201,-0.811199724674225,0.177824229001999,346.601898193359,323.372711181641,51.3815727233887,0.235086411237717,0.233213916420937,-0.375715672969818,-0.865553855895996
422.175964355469,4.37990093231201,-0.811199724674225,0.177824229001999,346.601898193359,323.372711181641,51.3815727233887,0.235086411237717,0.233213916420937,-0.375715672969818,-0.865553855895996
422.677032470703,4.37990522384644,-0.811199724674225,0.177823960781097,346.601806640625,323.372680664063,51.3814735412598,0.235087096691132,0.233213990926743,-0.375714480876923,-0.865554094314575
423.178558349609,4.37990093231201,-0.811199724674225,0.177824229001999,346.601928710938,323.372680664063,51.3815574645996,0.235086247324944,0.233214303851128,-0.375715523958206,-0.865553796291351
423.680236816406,4.37990093231201,-0.811199724674225,0.177824229001999,346.602081298828,323.372650146484,51.3816108703613,0.235085248947144,0.233214929699898,-0.375716358423233,-0.865553557872772
424.181060791016,4.37989664077759,-0.811199724674225,0.177824229001999,346.60205078125,323.372619628906,51.3816871643066,0.235085934400558,0.233215048909187,-0.375716656446457,-0.865553200244904
424.682556152344,4.37990093231201,-0.811199724674225,0.177824229001999,346.60205078125,323.372619628906,51.3816871643066,0.235085934400558,0.233215048909187,-0.375716656446457,-0.865553200244904
425.183807373047,4.37990093231201,-0.811199724674225,0.177824229001999,346.60205078125,323.372619628906,51.3816871643066,0.235085934400558,0.233215048909187,-0.375716656446457,-0.865553200244904
425.709747314453,4.37990093231201,-0.811199724674225,0.177824229001999,346.60205078125,323.372619628906,51.3816871643066,0.235085934400558,0.233215048909187,-0.375716656446457,-0.865553200244904
426.213287353516,4.37990093231201,-0.811199724674225,0.177824229001999,346.60205078125,323.372619628906,51.3816871643066,0.235085934400558,0.233215048909187,-0.375716656446457,-0.865553200244904
426.714874267578,4.37990522384644,-0.811199724674225,0.177824229001999,346.60205078125,323.372619628906,51.3816871643066,0.235085934400558,0.233215048909187,-0.375716656446457,-0.865553200244904
427.217163085938,4.37990093231201,-0.811199724674225,0.177824229001999,346.60205078125,323.372619628906,51.3816871643066,0.235085934400558,0.233215048909187,-0.375716656446457,-0.865553200244904
427.717742919922,4.37990093231201,-0.811199724674225,0.177824229001999,346.60205078125,323.372619628906,51.3816871643066,0.235085934400558,0.233215048909187,-0.375716656446457,-0.865553200244904
428.219055175781,4.37990093231201,-0.811199724674225,0.177824229001999,346.60205078125,323.372619628906,51.3816871643066,0.235085934400558,0.233215048909187,-0.375716656446457,-0.865553200244904
428.720703125,4.37990093231201,-0.811199724674225,0.177824229001999,346.60205078125,323.372619628906,51.3816871643066,0.235085934400558,0.233215048909187,-0.375716656446457,-0.865553200244904
429.221588134766,4.37990522384644,-0.811199724674225,0.177824229001999,346.60205078125,323.372619628906,51.3816871643066,0.235085934400558,0.233215048909187,-0.375716656446457,-0.865553200244904
429.722778320313,4.37990093231201,-0.811199724674225,0.177824229001999,346.60205078125,323.372619628906,51.3816871643066,0.235085934400558,0.233215048909187,-0.375716656446457,-0.865553200244904
430.267730712891,4.37990522384644,-0.811199724674225,0.177823960781097,346.60205078125,323.372619628906,51.3816871643066,0.235085934400558,0.233215048909187,-0.375716656446457,-0.865553200244904
430.792114257813,4.37989664077759,-0.811199724674225,0.177824229001999,346.60205078125,323.372619628906,51.3816871643066,0.235085934400558,0.233215048909187,-0.375716656446457,-0.865553200244904
431.293853759766,4.37989664077759,-0.811199724674225,0.177824229001999,346.60205078125,323.372619628906,51.3816871643066,0.235085934400558,0.233215048909187,-0.375716656446457,-0.865553200244904
431.795288085938,4.37990093231201,-0.811199724674225,0.177824229001999,346.60205078125,323.372619628906,51.3816871643066,0.235085934400558,0.233215048909187,-0.375716656446457,-0.865553200244904
432.2958984375,4.37990093231201,-0.811199724674225,0.177824229001999,346.60205078125,323.372619628906,51.3816871643066,0.235085934400558,0.233215048909187,-0.375716656446457,-0.865553200244904
432.809143066406,4.37990522384644,-0.811199724674225,0.177824229001999,346.60205078125,323.372619628906,51.3816871643066,0.235085934400558,0.233215048909187,-0.375716656446457,-0.865553200244904
433.310546875,4.37990093231201,-0.811199724674225,0.177823960781097,346.602233886719,323.372619628906,51.3816986083984,0.235084652900696,0.233215644955635,-0.375717312097549,-0.865553140640259
433.812591552734,4.37990093231201,-0.811202943325043,0.177824229001999,346.602325439453,323.372589111328,51.3817329406738,0.23508395254612,0.233216047286987,-0.375717908143997,-0.865552961826324
434.315673828125,4.37990093231201,-0.811202943325043,0.177824229001999,341.537475585938,328.680694580078,33.2379455566406,0.224212497472763,0.211119472980499,-0.230331048369408,-0.923095345497131
434.817413330078,4.37990093231201,-0.811202943325043,0.177824229001999,339.089721679688,334.753021240234,16.0945243835449,0.2054213732481,0.188009440898895,-0.0950703322887421,-0.955728113651276
435.318267822266,4.37320375442505,-0.814527809619904,0.167777314782143,339.206726074219,334.065155029297,22.612964630127,0.215718567371368,0.18195104598999,-0.1482113301754,-0.947835803031921
435.820434570313,4.37320375442505,-0.814527809619904,0.167777314782143,343.313110351563,326.947967529297,35.0767478942871,0.217455983161926,0.226436644792557,-0.246481567621231,-0.916889429092407
436.321502685547,4.37320375442505,-0.814527809619904,0.167777314782143,345.055969238281,324.458740234375,37.2676849365234,0.214037105441093,0.247184082865715,-0.264080554246902,-0.907386183738708
436.822631835938,4.37320375442505,-0.814527809619904,0.167777314782143,345.056060791016,324.458557128906,37.2679481506348,0.214037299156189,0.247185423970222,-0.264082610607147,-0.907385230064392
437.32470703125,4.37320375442505,-0.814527809619904,0.167777046561241,343.070037841797,327.123016357422,39.2115859985352,0.226922735571861,0.216300249099731,-0.279083222150803,-0.907652378082275
437.825775146484,4.37273120880127,-0.814338147640228,0.166903033852577,346.044372558594,323.410095214844,39.9861297607422,0.214925482869148,0.253369063138962,-0.286382734775543,-0.898663580417633
438.326721191406,4.37273120880127,-0.814338147640228,0.166903033852577,346.04443359375,323.409912109375,39.9863395690918,0.214925855398178,0.253370046615601,-0.286384224891663,-0.898662626743317
438.828033447266,4.37273120880127,-0.814338147640228,0.166901677846909,346.044372558594,323.409912109375,39.9862518310547,0.214926242828369,0.253369987010956,-0.286383360624313,-0.898662865161896
439.328887939453,4.37273120880127,-0.814338147640228,0.166901409626007,346.044281005859,323.410034179688,39.9860534667969,0.214926064014435,0.253369152545929,-0.286381781101227,-0.898663640022278
439.830230712891,4.37273550033569,-0.814338147640228,0.166901409626007,346.044311523438,323.410095214844,39.9860229492188,0.214925661683083,0.253369063138962,-0.286381751298904,-0.898663818836212
440.331451416016,4.37273120880127,-0.814338147640228,0.166901409626007,346.044219970703,323.410247802734,39.985782623291,0.214925348758698,0.253367871046066,-0.286379933357239,-0.898664832115173
440.832794189453,4.37272691726685,-0.814338147640228,0.166896522045135,346.044250488281,323.410186767578,39.9856643676758,0.214925065636635,0.25336879491806,-0.2863789498806,-0.898664891719818
441.334228515625,4.37273120880127,-0.814337611198425,0.166895985603333,346.044128417969,323.409729003906,39.9858131408691,0.214927598834038,0.253371685743332,-0.286378860473633,-0.898663520812988
441.835083007813,4.37273120880127,-0.814337611198425,0.166895985603333,346.044036865234,323.409454345703,39.9858627319336,0.21492899954319,0.25337341427803,-0.286378473043442,-0.898662805557251
442.336456298828,4.37272691726685,-0.814337611198425,0.166895717382431,346.044128417969,323.409118652344,39.9856796264648,0.214928790926933,0.25337678194046,-0.286376655101776,-0.898662507534027
442.837768554688,4.37273120880127,-0.814337074756622,0.166893005371094,346.044128417969,323.408905029297,39.9855346679688,0.2149288803339,0.253378510475159,-0.286375224590302,-0.898662447929382
443.338958740234,4.37273120880127,-0.814337074756622,0.166893005371094,346.044067382813,323.408569335938,39.9853706359863,0.214929863810539,0.253381431102753,-0.286373049020767,-0.898662030696869
443.840240478516,4.37273120880127,-0.814337074756622,0.166893005371094,346.044006347656,323.408569335938,39.984992980957,0.214929401874542,0.253381818532944,-0.286369949579239,-0.89866304397583
444.341491699219,4.37273120880127,-0.814337611198425,0.166892468929291,346.044189453125,323.408477783203,39.9851112365723,0.214928552508354,0.253382921218872,-0.286371260881424,-0.898662567138672
444.842651367188,4.3724536895752,-0.813929617404938,0.165704160928726,343.822601318359,326.242797851563,36.6986541748047,0.218292638659477,0.230452984571457,-0.259475350379944,-0.912092328071594
445.343902587891,4.35012054443359,-0.804814398288727,0.162217557430267,341.643829345703,329.978942871094,20.7946929931641,0.197675079107285,0.223678454756737,-0.13145124912262,-0.945311188697815
445.845031738281,4.35012054443359,-0.804814398288727,0.162217557430267,340.995422363281,332.472198486328,9.5971212387085,0.179414182901382,0.220421105623245,-0.0409957319498062,-0.957885444164276
446.346160888672,4.35012054443359,-0.804814398288727,0.162217557430267,340.877899169922,333.11279296875,19.8647384643555,0.19866980612278,0.197957903146744,-0.127391934394836,-0.951375007629395
446.847534179688,4.34100389480591,-0.804178297519684,0.164019525051117,341.177124023438,332.307952880859,24.2073650360107,0.204745799303055,0.197552382946014,-0.16258493065834,-0.944784820079803
447.349609375,4.33502197265625,-0.805998921394348,0.172108948230743,341.377746582031,331.819488525391,35.6605415344238,0.222951769828796,0.1806520819664,-0.255575716495514,-0.9232217669487
447.849731445313,4.33502197265625,-0.805998921394348,0.172108948230743,341.2822265625,331.956298828125,34.2816162109375,0.221222788095474,0.181949511170387,-0.244482234120369,-0.926381886005402
448.350952148438,4.33502197265625,-0.805998921394348,0.172108948230743,341.282287597656,331.956237792969,34.2817802429199,0.22122260928154,0.181949660181999,-0.244483634829521,-0.926381468772888
448.851837158203,4.33288478851318,-0.812807381153107,0.172396138310432,341.282257080078,331.956237792969,34.2817878723145,0.221223041415215,0.181949689984322,-0.244483560323715,-0.926381468772888
449.353088378906,4.32858896255493,-0.823467969894409,0.171353325247765,341.581268310547,331.518524169922,38.0693206787109,0.225837886333466,0.178956091403961,-0.274825990200043,-0.917301833629608
449.854309082031,4.32856750488281,-0.823489665985107,0.171347364783287,341.583679199219,331.513671875,35.7240371704102,0.222119942307472,0.183586314320564,-0.255992412567139,-0.922727823257446
450.355194091797,4.32856750488281,-0.823489665985107,0.171347364783287,341.583709716797,331.513641357422,35.724048614502,0.222119808197021,0.183586746454239,-0.255992501974106,-0.922727823257446
450.856353759766,4.32856750488281,-0.823489665985107,0.171347364783287,341.583709716797,331.513641357422,35.7240447998047,0.222119808197021,0.183586746454239,-0.255992472171783,-0.922727823257446
451.357727050781,4.32856750488281,-0.823489665985107,0.171347364783287,341.583709716797,331.513641357422,35.7240447998047,0.222119808197021,0.183586746454239,-0.255992472171783,-0.922727823257446
451.858734130859,4.32856750488281,-0.823489665985107,0.171347364783287,341.583709716797,331.513641357422,35.7240447998047,0.222119808197021,0.183586746454239,-0.255992472171783,-0.922727823257446
452.405059814453,4.32856750488281,-0.823489665985107,0.171347364783287,341.583709716797,331.513641357422,35.724048614502,0.222119808197021,0.183586746454239,-0.255992501974106,-0.922727823257446
452.932830810547,4.32856750488281,-0.823489665985107,0.171347364783287,341.583709716797,331.513641357422,35.7240447998047,0.222119808197021,0.183586746454239,-0.255992472171783,-0.922727823257446
453.434478759766,4.32856750488281,-0.823489665985107,0.171347364783287,341.583709716797,331.513641357422,35.7240447998047,0.222119808197021,0.183586746454239,-0.255992472171783,-0.922727823257446
453.935424804688,4.32856750488281,-0.823489665985107,0.171347364783287,341.583709716797,331.513641357422,35.7240447998047,0.222119808197021,0.183586746454239,-0.255992472171783,-0.922727823257446
454.436462402344,4.32856750488281,-0.823489665985107,0.171347364783287,341.583709716797,331.513641357422,35.7240447998047,0.222119808197021,0.183586746454239,-0.255992472171783,-0.922727823257446
454.949584960938,4.32856750488281,-0.823489665985107,0.171347364783287,341.583740234375,331.513641357422,35.724048614502,0.22211979329586,0.183586731553078,-0.255992472171783,-0.922727763652802
455.449768066406,4.32856750488281,-0.823489665985107,0.171347364783287,341.583709716797,331.513580322266,35.7241630554199,0.222120314836502,0.183586835861206,-0.255993276834488,-0.922727465629578
455.952392578125,4.32856273651123,-0.823489665985107,0.171347364783287,341.583740234375,331.513580322266,35.7242584228516,0.222120210528374,0.183586776256561,-0.255994081497192,-0.922727227210999
456.454376220703,4.32856273651123,-0.823489665985107,0.171347633004189,341.583740234375,331.513641357422,35.7244873046875,0.222120314836502,0.183585941791534,-0.255996108055115,-0.92272686958313
456.956756591797,4.32856750488281,-0.82349020242691,0.171347633004189,341.583801269531,331.513641357422,35.7246208190918,0.222120150923729,0.18358588218689,-0.25599730014801,-0.922726571559906
457.458892822266,4.32856750488281,-0.82349020242691,0.171347633004189,341.583862304688,331.513641357422,35.7244834899902,0.22211953997612,0.183586359024048,-0.255996257066727,-0.92272686958313
457.960174560547,4.32857179641724,-0.82349020242691,0.171347633004189,341.583862304688,331.513671875,35.7245178222656,0.22211928665638,0.183585986495018,-0.255996704101563,-0.922726929187775
458.461700439453,4.32856750488281,-0.82349020242691,0.171347633004189,341.583862304688,331.513671875,35.7245178222656,0.22211928665638,0.183585986495018,-0.255996704101563,-0.922726929187775
458.963256835938,4.32856750488281,-0.82349020242691,0.171347633004189,341.583862304688,331.513671875,35.7245178222656,0.22211928665638,0.183585986495018,-0.255996704101563,-0.922726929187775
459.464324951172,4.32856750488281,-0.82349020242691,0.171347633004189,341.583862304688,331.513671875,35.7245178222656,0.22211928665638,0.183585986495018,-0.255996704101563,-0.922726929187775
459.966156005859,4.32856273651123,-0.82349020242691,0.171347633004189,341.583862304688,331.513671875,35.7245178222656,0.22211928665638,0.183585986495018,-0.255996704101563,-0.922726929187775
460.467559814453,4.32856273651123,-0.82349020242691,0.171347633004189,341.583862304688,331.513671875,35.7245178222656,0.22211928665638,0.183585986495018,-0.255996704101563,-0.922726929187775
460.968292236328,4.32856750488281,-0.82349020242691,0.171347633004189,341.583862304688,331.513671875,35.7245178222656,0.22211928665638,0.183585986495018,-0.255996704101563,-0.922726929187775
461.469512939453,4.32857179641724,-0.82349020242691,0.171347633004189,341.583862304688,331.513671875,35.7245178222656,0.22211928665638,0.183585986495018,-0.255996704101563,-0.922726929187775
461.970886230469,4.32856750488281,-0.82349020242691,0.171347633004189,341.583862304688,331.513671875,35.7245178222656,0.22211928665638,0.183585986495018,-0.255996704101563,-0.922726929187775
462.472564697266,4.32856750488281,-0.82349020242691,0.171347633004189,341.583862304688,331.513671875,35.7245178222656,0.22211928665638,0.183585986495018,-0.255996704101563,-0.922726929187775
462.973480224609,4.32856750488281,-0.82349020242691,0.171347633004189,341.583862304688,331.513671875,35.7245178222656,0.22211928665638,0.183585986495018,-0.255996704101563,-0.922726929187775
463.474761962891,4.32856273651123,-0.82349020242691,0.171347633004189,341.583862304688,331.513671875,35.7245178222656,0.22211928665638,0.183585986495018,-0.255996704101563,-0.922726929187775
463.99658203125,4.32856750488281,-0.82349020242691,0.171347633004189,341.583862304688,331.513671875,35.7245178222656,0.22211928665638,0.183585986495018,-0.255996704101563,-0.922726929187775
464.523742675781,4.32856750488281,-0.82349020242691,0.171347633004189,341.583862304688,331.513671875,35.7245178222656,0.22211928665638,0.183585986495018,-0.255996704101563,-0.922726929187775
465.024444580078,4.32856750488281,-0.82349020242691,0.171347633004189,341.583862304688,331.513671875,35.7245178222656,0.22211928665638,0.183585986495018,-0.255996704101563,-0.922726929187775
465.526184082031,4.32856750488281,-0.82349020242691,0.171347633004189,341.583862304688,331.513671875,35.7245178222656,0.22211928665638,0.183585986495018,-0.255996704101563,-0.922726929187775
466.054107666016,4.32857179641724,-0.82349020242691,0.171347633004189,341.583862304688,331.513671875,35.7245178222656,0.22211928665638,0.183585986495018,-0.255996704101563,-0.922726929187775
466.596496582031,4.32856273651123,-0.823490738868713,0.171347633004189,341.583862304688,331.513671875,35.7245178222656,0.22211928665638,0.183585986495018,-0.255996704101563,-0.922726929187775
467.124298095703,4.32856750488281,-0.82349020242691,0.171347633004189,341.583923339844,331.513397216797,35.7248420715332,0.222120001912117,0.183587700128555,-0.255998939275742,-0.922725796699524
467.626556396484,4.32856273651123,-0.82349020242691,0.171347633004189,341.165618896484,332.269287109375,25.9090595245361,0.207809314131737,0.194782808423042,-0.176499783992767,-0.94219046831131
468.128448486328,4.32856273651123,-0.82349020242691,0.171347633004189,339.940338134766,335.365356445313,24.1069145202637,0.210267260670662,0.169902428984642,-0.164565488696098,-0.948598504066467
468.631042480469,4.32856273651123,-0.82349020242691,0.171347633004189,341.0693359375,332.614898681641,21.929027557373,0.201270222663879,0.198837071657181,-0.144062682986259,-0.948261618614197
469.132171630859,4.32856273651123,-0.82349020242691,0.171347633004189,341.069305419922,332.614562988281,21.9291610717773,0.201271057128906,0.198839500546455,-0.144063144922256,-0.948260843753815
469.633850097656,4.32856273651123,-0.82349020242691,0.171347633004189,341.069274902344,332.614318847656,21.9292659759521,0.201271995902061,0.198841229081154,-0.144063502550125,-0.948260247707367
470.135314941406,4.32856273651123,-0.82349020242691,0.171347633004189,341.069274902344,332.614471435547,21.9291839599609,0.201271444559097,0.198840066790581,-0.144063144922256,-0.94826066493988
470.636535644531,4.32856273651123,-0.82349020242691,0.171347633004189,341.069305419922,332.614501953125,21.9292011260986,0.201271206140518,0.19883981347084,-0.144063398241997,-0.948260724544525
471.137634277344,4.32856273651123,-0.82349020242691,0.171347633004189,341.069305419922,332.614501953125,21.9292011260986,0.201271206140518,0.19883981347084,-0.144063398241997,-0.948260724544525
471.639190673828,4.32856273651123,-0.82349020242691,0.171347633004189,341.069305419922,332.614501953125,21.9292011260986,0.201271206140518,0.19883981347084,-0.144063398241997,-0.948260724544525
472.140991210938,4.32856273651123,-0.82349020242691,0.171347633004189,341.069305419922,332.614501953125,21.9292011260986,0.201271206140518,0.19883981347084,-0.144063398241997,-0.948260724544525
472.641876220703,4.32856273651123,-0.82349020242691,0.171347633004189,341.069305419922,332.614501953125,21.9292011260986,0.201271206140518,0.19883981347084,-0.144063398241997,-0.948260724544525
473.142730712891,4.32856273651123,-0.82349020242691,0.171347633004189,341.069305419922,332.614501953125,21.9292011260986,0.201271206140518,0.19883981347084,-0.144063398241997,-0.948260724544525
473.644500732422,4.32856273651123,-0.82349020242691,0.171347633004189,341.069305419922,332.614501953125,21.9292011260986,0.201271206140518,0.19883981347084,-0.144063398241997,-0.948260724544525
474.146087646484,4.32856273651123,-0.82349020242691,0.171347633004189,341.069305419922,332.614501953125,21.9292011260986,0.201271206140518,0.19883981347084,-0.144063398241997,-0.948260724544525
474.647033691406,4.32856273651123,-0.82349020242691,0.171347633004189,341.069305419922,332.614501953125,21.9292373657227,0.201271310448647,0.198839768767357,-0.144063696265221,-0.94826066493988
475.148162841797,4.32856273651123,-0.82349020242691,0.171347633004189,343.278930664063,328.8662109375,35.9945755004883,0.215250134468079,0.209243133664131,-0.257363885641098,-0.91850346326828
475.648895263672,4.32856273651123,-0.82349020242691,0.171347633004189,345.089385986328,326.069488525391,57.699333190918,0.248306274414063,0.193533763289452,-0.424451768398285,-0.84895783662796
476.150512695313,4.32856273651123,-0.82349020242691,0.171347633004189,342.182495117188,328.541381835938,44.2455139160156,0.238947913050652,0.191969618201256,-0.319226056337357,-0.896742105484009
476.651428222656,4.32172250747681,-0.815392076969147,0.181178346276283,340.840179443359,331.036895751953,22.8879356384277,0.206855967640877,0.20970793068409,-0.148636937141418,-0.944002270698547
477.152679443359,4.31593132019043,-0.822819352149963,0.179486930370331,340.619171142578,331.598602294922,23.5846118927002,0.209156140685081,0.203366875648499,-0.154871165752411,-0.943880617618561
477.653961181641,4.30540609359741,-0.82388573884964,0.187571749091148,339.334686279297,335.153198242188,17.8314990997314,0.205847755074501,0.18194092810154,-0.110777631402016,-0.955119132995605
478.155334472656,4.29767274856567,-0.824209749698639,0.192527070641518,339.135803222656,335.772705078125,22.1421794891357,0.213374599814415,0.168545797467232,-0.147356808185577,-0.950972974300385
478.656311035156,4.28996086120605,-0.824100315570831,0.194769009947777,338.191619873047,338.276397705078,22.8050918579102,0.218693554401398,0.144657626748085,-0.155710250139236,-0.952366352081299
479.157775878906,4.28978729248047,-0.824090003967285,0.194792315363884,338.191558837891,338.2763671875,22.805139541626,0.218694165349007,0.144657716155052,-0.155710443854332,-0.952366173267365
479.658752441406,4.28979158401489,-0.824090003967285,0.194792315363884,338.191528320313,338.2763671875,22.8050670623779,0.218694314360619,0.144657745957375,-0.155709818005562,-0.952366232872009
480.159790039063,4.28978729248047,-0.824090003967285,0.194792315363884,338.191497802734,338.276336669922,22.805046081543,0.218694597482681,0.144658014178276,-0.155709505081177,-0.952366173267365
480.661499023438,4.28978729248047,-0.824090003967285,0.194792315363884,338.902862548828,336.879516601563,35.1852188110352,0.23051281273365,0.133587583899498,-0.256140530109406,-0.929198682308197
481.162658691406,4.28978300094604,-0.824090003967285,0.194792315363884,344.589721679688,330.412353515625,43.1687545776367,0.21362529695034,0.187605142593384,-0.320630759000778,-0.903528928756714
481.663665771484,4.28978300094604,-0.824090003967285,0.194792315363884,0.840601921081543,312.348968505859,43.5324020385742,0.143557742238045,0.37763112783432,-0.341961532831192,-0.848438739776611
482.165008544922,4.28978300094604,-0.824090540409088,0.194792315363884,6.30211496353149,305.907012939453,36.6483383178711,0.0962678417563438,0.44639527797699,-0.303314417600632,-0.836339712142944
482.665496826172,4.28978300094604,-0.824090540409088,0.194792315363884,6.30226516723633,305.9072265625,36.6486663818359,0.0962674990296364,0.446393877267838,-0.303317546844482,-0.83633941411972
483.166748046875,4.28693056106567,-0.828148007392883,0.190084636211395,6.13336849212646,305.780914306641,36.6350059509277,0.0978035181760788,0.44694972038269,-0.302497327327728,-0.836161375045776
483.667388916016,4.2268967628479,-0.91309005022049,0.0903869196772575,4.38629531860352,304.479156494141,36.5156784057617,0.113658785820007,0.452612012624741,-0.29395854473114,-0.834153771400452
484.171234130859,4.20915842056274,-0.930864155292511,0.059846043586731,4.66468334197998,306.307434082031,36.2549018859863,0.105882719159126,0.440125674009323,-0.294834434986115,-0.84151703119278
484.698516845703,4.21123933792114,-0.928885281085968,0.0577230341732502,354.821319580078,321.771087646484,33.1669502258301,0.13427546620369,0.301332145929337,-0.255222588777542,-0.908862233161926
485.199035644531,4.21468114852905,-0.928042709827423,0.0559739097952843,354.591674804688,322.118408203125,38.1546592712402,0.148146033287048,0.29183691740036,-0.294329792261124,-0.897916436195374
485.701019287109,4.21628952026367,-0.92740923166275,0.0550855286419392,352.840484619141,324.953491210938,33.286506652832,0.143114387989044,0.270863234996796,-0.254575848579407,-0.917247295379639
486.201751708984,4.21681833267212,-0.927190899848938,0.0548452138900757,352.840576171875,324.953308105469,33.2868270874023,0.143114969134331,0.270864486694336,-0.254578351974487,-0.917246103286743
486.703033447266,4.21681833267212,-0.927190363407135,0.0548441298305988,352.840545654297,324.953338623047,33.2869186401367,0.14311520755291,0.270863890647888,-0.254579097032547,-0.917246043682098
487.204071044922,4.21724319458008,-0.926962733268738,0.0546365976333618,351.957092285156,326.434753417969,27.383674621582,0.133411824703217,0.263952910900116,-0.206385999917984,-0.932703077793121
487.705688476563,4.21724319458008,-0.926962733268738,0.0546365976333618,351.721038818359,326.904113769531,25.0151462554932,0.129074528813362,0.262347340583801,-0.186985597014427,-0.937843322753906
488.207000732422,4.24401092529297,-0.910685837268829,0.0689457729458809,351.305114746094,326.467620849609,28.5187187194824,0.141194090247154,0.260897219181061,-0.213968932628632,-0.930706262588501
488.707611083984,4.27766275405884,-0.889030873775482,0.0885605812072754,350.843597412109,323.826202392578,30.2265625,0.15393839776516,0.278981685638428,-0.223130449652672,-0.921241044998169
489.208770751953,4.3016996383667,-0.872985899448395,0.102935865521431,350.407867431641,323.568450927734,30.2685394287109,0.157992303371429,0.279963076114655,-0.221900269389153,-0.920553922653198
489.710174560547,4.30675411224365,-0.869620382785797,0.105917721986771,350.249847412109,325.442840576172,29.9434719085693,0.154848411679268,0.264933079481125,-0.221406802535057,-0.925641059875488
490.21142578125,4.29970979690552,-0.861131072044373,0.10525231808424,349.591705322266,326.68408203125,24.9838542938232,0.146589815616608,0.2599216401577,-0.180984690785408,-0.937121570110321
490.712524414063,4.29939794540405,-0.861258924007416,0.105126336216927,349.590026855469,326.687622070313,25.2820453643799,0.147273689508438,0.25950688123703,-0.183422848582268,-0.936655104160309
491.214080810547,4.29154300689697,-0.864192545413971,0.10239589959383,349.590087890625,326.687347412109,25.282190322876,0.147273913025856,0.259509086608887,-0.183423846960068,-0.936654269695282
491.714752197266,4.29045915603638,-0.864563167095184,0.102080807089806,349.589965820313,326.687316894531,25.2822742462158,0.14727520942688,0.259509056806564,-0.18342413008213,-0.936654031276703
492.216552734375,4.29045915603638,-0.864564299583435,0.102079182863235,349.589965820313,326.687316894531,25.2822742462158,0.14727520942688,0.259509056806564,-0.183424144983292,-0.936654031276703
492.717498779297,4.29045915603638,-0.864564299583435,0.102079458534718,349.589965820313,326.687316894531,25.2822742462158,0.14727520942688,0.259509056806564,-0.183424144983292,-0.936654031276703
493.218994140625,4.29045915603638,-0.864564299583435,0.102079182863235,349.589965820313,326.687316894531,25.2822742462158,0.14727520942688,0.259509056806564,-0.183424144983292,-0.936654031276703
493.735473632813,4.29045915603638,-0.864564299583435,0.102079182863235,349.589965820313,326.687316894531,25.2822742462158,0.14727520942688,0.259509056806564,-0.183424144983292,-0.936654031276703
494.236541748047,4.29045915603638,-0.864564299583435,0.102079182863235,349.589965820313,326.687316894531,25.2822742462158,0.14727520942688,0.259509056806564,-0.183424144983292,-0.936654031276703
494.737915039063,4.29045915603638,-0.864564299583435,0.102079182863235,349.589965820313,326.687316894531,25.2822742462158,0.14727520942688,0.259509056806564,-0.183424144983292,-0.936654031276703
495.239196777344,4.29045915603638,-0.864564299583435,0.102079182863235,349.589965820313,326.687316894531,25.2822742462158,0.14727520942688,0.259509056806564,-0.183424144983292,-0.936654031276703
495.739959716797,4.29045915603638,-0.864564299583435,0.102079182863235,349.589965820313,326.687316894531,25.2822742462158,0.14727520942688,0.259509056806564,-0.183424144983292,-0.936654031276703
496.25390625,4.29045915603638,-0.864564299583435,0.102079182863235,349.589965820313,326.687316894531,25.2822742462158,0.14727520942688,0.259509056806564,-0.183424144983292,-0.936654031276703
496.780059814453,4.29042482376099,-0.864578366279602,0.10206563770771,349.589996337891,326.687316894531,25.2823848724365,0.147275164723396,0.259508907794952,-0.183425143361092,-0.936653912067413
497.282409667969,4.29042053222656,-0.864579439163208,0.102063201367855,349.590057373047,326.687561035156,25.2826328277588,0.147274807095528,0.259506791830063,-0.183427646756172,-0.936653971672058
497.784515380859,4.29042053222656,-0.864579439163208,0.102063201367855,349.590148925781,326.6875,25.2828578948975,0.147274792194366,0.259506911039352,-0.183429628610611,-0.936653614044189
498.287109375,4.29042053222656,-0.864579439163208,0.102063201367855,349.590118408203,326.687347412109,25.28297996521,0.147275373339653,0.259508013725281,-0.183430418372154,-0.936653077602386
498.789398193359,4.29041576385498,-0.864579439163208,0.102063201367855,349.590179443359,326.687347412109,25.2830505371094,0.147275283932686,0.259508103132248,-0.183431059122086,-0.936652898788452
499.29052734375,4.29042053222656,-0.864579439163208,0.102063201367855,349.590148925781,326.687622070313,25.2830066680908,0.147274911403656,0.259505927562714,-0.18343098461628,-0.936653614044189
499.792327880859,4.29042053222656,-0.864579439163208,0.102063201367855,349.590148925781,326.687805175781,25.2829437255859,0.147274389863014,0.259504467248917,-0.183430746197701,-0.936654090881348
500.2939453125,4.29042053222656,-0.864579439163208,0.102063201367855,349.590118408203,326.687835693359,25.2829875946045,0.147274687886238,0.259504079818726,-0.183431074023247,-0.936654150485992
500.795135498047,4.29041576385498,-0.864579439163208,0.102063201367855,349.590118408203,326.687835693359,25.2829875946045,0.147274687886238,0.259504079818726,-0.183431074023247,-0.936654150485992
501.296539306641,4.29041576385498,-0.864579439163208,0.102063201367855,349.590118408203,326.687835693359,25.2829875946045,0.147274687886238,0.259504079818726,-0.183431074023247,-0.936654150485992
501.797515869141,4.29042053222656,-0.864579439163208,0.102063201367855,349.590118408203,326.687835693359,25.2829875946045,0.147274687886238,0.259504079818726,-0.183431074023247,-0.936654150485992
502.298980712891,4.29042482376099,-0.864579439163208,0.102063201367855,349.590118408203,326.687835693359,25.2829875946045,0.147274687886238,0.259504079818726,-0.183431074023247,-0.936654150485992
502.800109863281,4.29041576385498,-0.864579439163208,0.102063201367855,349.590118408203,326.687835693359,25.2829875946045,0.147274687886238,0.259504079818726,-0.183431074023247,-0.936654150485992
503.301910400391,4.29042053222656,-0.864579439163208,0.102063201367855,349.590118408203,326.687835693359,25.2829875946045,0.147274687886238,0.259504079818726,-0.183431074023247,-0.936654150485992
503.802795410156,4.29042053222656,-0.864579439163208,0.102063201367855,349.590118408203,326.687835693359,25.2829875946045,0.147274687886238,0.259504079818726,-0.183431074023247,-0.936654150485992
504.304443359375,4.29042482376099,-0.864579439163208,0.102063201367855,349.590118408203,326.687835693359,25.2829875946045,0.147274687886238,0.259504079818726,-0.183431074023247,-0.936654150485992
504.805755615234,4.29042053222656,-0.864579439163208,0.102063201367855,349.590118408203,326.687835693359,25.2829875946045,0.147274687886238,0.259504079818726,-0.183431074023247,-0.936654150485992
505.306457519531,4.29042053222656,-0.864579439163208,0.102063201367855,349.590118408203,326.687835693359,25.2829875946045,0.147274687886238,0.259504079818726,-0.183431074023247,-0.936654150485992
505.825073242188,4.29042053222656,-0.864579439163208,0.102063201367855,349.590118408203,326.687835693359,25.2829875946045,0.147274687886238,0.259504079818726,-0.183431074023247,-0.936654150485992
506.325653076172,4.29042053222656,-0.864579439163208,0.102063201367855,349.590118408203,326.687835693359,25.2829875946045,0.147274687886238,0.259504079818726,-0.183431074023247,-0.936654150485992
506.826873779297,4.29042053222656,-0.864579439163208,0.102063201367855,349.590118408203,326.687835693359,25.2829875946045,0.147274687886238,0.259504079818726,-0.183431074023247,-0.936654150485992
507.34521484375,4.29042053222656,-0.864579439163208,0.102063201367855,349.590118408203,326.687835693359,25.2829875946045,0.147274687886238,0.259504079818726,-0.183431074023247,-0.936654150485992
507.867156982422,4.29042053222656,-0.864579439163208,0.102063201367855,349.590118408203,326.687835693359,25.2829875946045,0.147274687886238,0.259504079818726,-0.183431074023247,-0.936654150485992
508.368865966797,4.29041576385498,-0.864579439163208,0.102063201367855,349.590087890625,326.688110351563,25.2831535339355,0.147274851799011,0.259501487016678,-0.183432683348656,-0.936654448509216
508.871734619141,4.29042053222656,-0.864579439163208,0.102063201367855,349.207550048828,327.431427001953,38.1768951416016,0.176599532365799,0.234290286898613,-0.287596702575684,-0.911706626415253
509.373779296875,4.29042053222656,-0.864579439163208,0.102063201367855,351.085601806641,325.336334228516,45.2705841064453,0.182777673006058,0.245575651526451,-0.344909995794296,-0.887311697006226
509.876708984375,4.29042053222656,-0.864579439163208,0.102063201367855,352.109375,324.329742431641,46.1269645690918,0.179963335394859,0.255471885204315,-0.352651208639145,-0.882034242153168
510.378387451172,4.29042053222656,-0.864579439163208,0.102063201367855,350.500610351563,327.115173339844,21.3699283599854,0.130339801311493,0.262464016675949,-0.154184609651566,-0.943584322929382
510.880340576172,4.29042053222656,-0.864579439163208,0.102063201367855,351.660064697266,323.843658447266,17.1294040679932,0.114446528255939,0.295746833086014,-0.118886500597,-0.940904855728149
511.382049560547,4.29042482376099,-0.864579439163208,0.102063201367855,351.584442138672,324.157348632813,9.5117883682251,0.095016822218895,0.300036430358887,-0.0561751648783684,-0.947520077228546
511.883392333984,4.29058933258057,-0.864646077156067,0.101636484265327,351.898895263672,320.605651855469,1.37501013278961,0.0705326870083809,0.335384726524353,0.0125376004725695,-0.93935352563858
512.385070800781,4.29154300689697,-0.865468084812164,0.0996218472719193,351.89892578125,320.605529785156,1.3750296831131,0.0705326497554779,0.335385799407959,0.0125374933704734,-0.939353168010712
512.886779785156,4.29084062576294,-0.865886390209198,0.0987353622913361,351.689758300781,313.496643066406,353.083282470703,0.0426997169852257,0.397031903266907,0.0838297232985497,-0.91297048330307
513.387756347656,4.28820943832397,-0.856026709079742,0.0935782045125961,351.830047607422,314.221557617188,344.213806152344,0.0117278955876827,0.39329931139946,0.153635501861572,-0.906407356262207
513.888671875,4.27953100204468,-0.857321798801422,0.0998488888144493,352.993377685547,325.109436035156,1.79733276367188,0.062981516122818,0.298283457756042,0.00338237406685948,-0.952391147613525
514.389953613281,4.27953100204468,-0.857321798801422,0.0998488888144493,352.684722900391,330.280029296875,12.110179901123,0.0883142203092575,0.248003333806992,-0.0854797437787056,-0.96093088388443
514.890869140625,4.2795352935791,-0.857321798801422,0.0998488888144493,352.866088867188,329.607330322266,19.5963115692139,0.103685416281223,0.247586205601692,-0.147838741540909,-0.95188981294632
515.392272949219,4.27953100204468,-0.857321798801422,0.0998488888144493,353.724914550781,326.495635986328,12.1237211227417,0.0825096368789673,0.280656784772873,-0.0852811858057976,-0.952444791793823
515.893432617188,4.27953100204468,-0.857321798801422,0.0998488888144493,353.724975585938,326.495483398438,12.1237154006958,0.0825092568993568,0.28065812587738,-0.085281178355217,-0.952444493770599
516.394592285156,4.27953100204468,-0.857321798801422,0.0998478010296822,353.305328369141,328.640167236328,9.31845664978027,0.0779460445046425,0.264343857765198,-0.0623448416590691,-0.959249675273895
516.896179199219,4.28485012054443,-0.860466182231903,0.10526342689991,353.305297851563,328.640106201172,9.31844425201416,0.0779463276267052,0.264344424009323,-0.0623446181416512,-0.959249556064606
517.396484375,4.28485012054443,-0.860466718673706,0.10526342689991,353.305267333984,328.640319824219,9.31839466094971,0.0779463201761246,0.264342725276947,-0.0623442679643631,-0.959249973297119
517.898071289063,4.28484582901001,-0.860466182231903,0.10526342689991,353.305236816406,328.640441894531,9.31835746765137,0.0779464691877365,0.264341652393341,-0.062343955039978,-0.959250271320343
518.398681640625,4.28485012054443,-0.860466718673706,0.10526342689991,353.305206298828,328.640502929688,9.31830310821533,0.0779464170336723,0.264341205358505,-0.0623435154557228,-0.959250450134277
518.900024414063,4.27138566970825,-0.884855329990387,0.104354724287987,351.773498535156,332.374908447266,32.8725891113281,0.134186536073685,0.208691343665123,-0.257634043693542,-0.933845102787018
519.401550292969,4.27138566970825,-0.884855329990387,0.104354724287987,350.146820068359,334.505950927734,43.8285713195801,0.159755572676659,0.172685399651527,-0.345096081495285,-0.908607006072998
519.902465820313,4.27138566970825,-0.884855329990387,0.104354724287987,350.088775634766,334.566680908203,43.3514442443848,0.159308388829231,0.172676116228104,-0.341275095939636,-0.910129189491272
520.403747558594,4.27138566970825,-0.88485586643219,0.104354724287987,353.072448730469,329.731231689453,26.204137802124,0.11587980389595,0.240601971745491,-0.203060939908028,-0.942045032978058
520.904602050781,4.27138566970825,-0.88485586643219,0.104354724287987,353.311218261719,329.174957275391,18.8846969604492,0.0990037173032761,0.252493053674698,-0.142591789364815,-0.951899826526642
521.405822753906,4.27138566970825,-0.88485586643219,0.104354724287987,353.309722900391,329.179656982422,19.449613571167,0.100253529846668,0.251960575580597,-0.147283315658569,-0.951195418834686
521.9072265625,4.27138566970825,-0.88485586643219,0.104354724287987,353.170257568359,329.862365722656,44.3416557312012,0.151198536157608,0.218624100089073,-0.349405437707901,-0.898475646972656
522.408325195313,4.27138137817383,-0.88485586643219,0.104354724287987,354.514526367188,328.726684570313,53.9780540466309,0.163242727518082,0.218994483351707,-0.425030469894409,-0.862984657287598
522.909545898438,4.27138566970825,-0.88485586643219,0.104354724287987,354.981719970703,328.387512207031,54.6651573181152,0.162367448210716,0.222401827573776,-0.430776417255402,-0.859421849250793
523.410583496094,4.27138566970825,-0.88485586643219,0.104354724287987,354.981719970703,328.387481689453,54.6651763916016,0.162367671728134,0.222402036190033,-0.430776566267014,-0.859421730041504
523.911926269531,4.2940354347229,-0.850113928318024,0.114716723561287,355.400695800781,328.980010986328,54.6155242919922,0.15693473815918,0.21967601776123,-0.432173222303391,-0.860430300235748
524.413513183594,4.33102083206177,-0.793399572372437,0.131632253527641,356.205322265625,330.114318847656,54.5324172973633,0.14649997651577,0.214423716068268,-0.434801936149597,-0.86226886510849
524.91455078125,4.35425138473511,-0.757785797119141,0.14225460588932,356.179107666016,330.077301025391,54.5350570678711,0.146840929985046,0.214595943689346,-0.434718549251556,-0.862210035324097
525.416198730469,4.35216617584229,-0.760987102985382,0.141299858689308,356.465270996094,330.528198242188,48.1014785766602,0.130853086709976,0.220014929771423,-0.386789381504059,-0.885926008224487
525.916931152344,4.35216617584229,-0.760987102985382,0.141299858689308,359.562957763672,326.650238037109,24.0589141845703,0.0633754432201385,0.279876083135605,-0.198578611016273,-0.937133729457855
526.419189453125,4.35216188430786,-0.760986566543579,0.141299858689308,358.757232666016,331.66357421875,359.682342529297,0.00983652658760548,0.244783326983452,0.00534208212047815,-0.969513237476349
526.919921875,4.35216188430786,-0.760987102985382,0.141299858689308,358.498596191406,330.043060302734,351.637664794922,-0.00621965620666742,0.258668959140778,0.0738043934106827,-0.963122367858887
527.420593261719,4.3507227897644,-0.760193288326263,0.140776693820953,358.498626708984,330.043151855469,351.637725830078,-0.00621969858184457,0.258668005466461,0.0738037303090096,-0.963122665882111
527.922424316406,4.33555507659912,-0.740102171897888,0.144374370574951,359.033111572266,333.052551269531,347.556884765625,-0.0170929320156574,0.232508093118668,0.107341162860394,-0.966501772403717
528.423400878906,4.3319616317749,-0.72603440284729,0.153226464986801,359.134979248047,333.51416015625,346.970092773438,-0.0186908915638924,0.228428110480309,0.112160205841064,-0.96689784526825
528.924682617188,4.33195734024048,-0.725926041603088,0.153296649456024,0.464603930711746,338.7646484375,344.494415283203,-0.0288041587918997,0.182031258940697,0.131848186254501,-0.973987221717834
529.425537109375,4.33195734024048,-0.725926041603088,0.153296366333961,0.285005122423172,338.063903808594,346.176177978516,-0.0253205802291632,0.188584268093109,0.117674916982651,-0.974652528762817
529.926818847656,4.33136749267578,-0.723527789115906,0.152666464447975,0.0954630374908447,337.289306640625,346.458923339844,-0.0240234918892384,0.195423886179924,0.115422740578651,-0.973606705665588
530.428039550781,4.33054828643799,-0.720605492591858,0.152484938502312,0.0954711511731148,337.289306640625,346.459014892578,-0.0240234211087227,0.19542396068573,0.115421995520592,-0.973606765270233
530.928771972656,4.31828498840332,-0.716600060462952,0.154417753219604,0.0954480990767479,337.289215087891,346.458892822266,-0.0240234825760126,0.195424720644951,0.11542285233736,-0.973606526851654
531.430358886719,4.31823301315308,-0.715510427951813,0.154693022370338,0.108815014362335,337.343872070313,345.743713378906,-0.0252982117235661,0.19479276239872,0.121486209332943,-0.972962975502014
531.931396484375,4.3182373046875,-0.715510427951813,0.154693022370338,0.10878448933363,337.343841552734,345.74365234375,-0.0252981297671795,0.194793045520782,0.121486969292164,-0.972962856292725
532.43212890625,4.3182373046875,-0.715509295463562,0.15469329059124,0.108794309198856,337.343811035156,345.743713378906,-0.025298111140728,0.194793120026588,0.121486395597458,-0.972962915897369
532.93359375,4.31823301315308,-0.715509295463562,0.15469329059124,0.108807757496834,337.343841552734,345.743774414063,-0.0252981036901474,0.194792985916138,0.121485851705074,-0.972962975502014
533.434631347656,4.31823301315308,-0.715509295463562,0.15469329059124,0.108835719525814,337.343933105469,345.743835449219,-0.025298124179244,0.194792211055756,0.121485218405724,-0.972963213920593
533.935974121094,4.31823301315308,-0.715509295463562,0.15469329059124,0.10885001718998,337.343841552734,345.743896484375,-0.0252982135862112,0.194792851805687,0.121484614908695,-0.972963154315948
534.436645507813,4.31823301315308,-0.715505540370941,0.15469329059124,0.108840197324753,337.343811035156,345.743957519531,-0.0252980962395668,0.194793313741684,0.12148417532444,-0.972963094711304
534.937805175781,4.31823301315308,-0.715505540370941,0.15469329059124,0.108872003853321,337.343811035156,345.744079589844,-0.0252981595695019,0.194793120026588,0.121483206748962,-0.972963273525238
535.439270019531,4.31823301315308,-0.715505540370941,0.15469329059124,0.108852580189705,337.343719482422,345.744079589844,-0.025298073887825,0.194794028997421,0.121483065187931,-0.972963154315948
535.940185546875,4.31823301315308,-0.715505540370941,0.15469329059124,0.108841054141521,337.343627929688,345.744079589844,-0.0252980496734381,0.194794699549675,0.121483035385609,-0.972963035106659
536.441467285156,4.31823301315308,-0.715505540370941,0.154693022370338,0.108830809593201,337.343566894531,345.744110107422,-0.0252980086952448,0.194795429706573,0.121482819318771,-0.972962915897369
536.942810058594,4.31823301315308,-0.715505540370941,0.154691934585571,0.108818426728249,337.343414306641,345.744140625,-0.0252980161458254,0.194796711206436,0.121482573449612,-0.97296267747879
537.444030761719,4.31823301315308,-0.715505540370941,0.154691934585571,0.108803063631058,337.343322753906,345.744171142578,-0.0252979137003422,0.194797322154045,0.121482349932194,-0.972962558269501
537.945129394531,4.31823301315308,-0.715505540370941,0.154691934585571,0.108799435198307,337.343292236328,345.744171142578,-0.025297911837697,0.19479775428772,0.121482223272324,-0.972962439060211
538.445922851563,4.3182373046875,-0.715505540370941,0.154691934585571,0.108818642795086,337.343383789063,345.744171142578,-0.025297999382019,0.194796964526176,0.121482320129871,-0.972962617874146
538.947814941406,4.31822872161865,-0.715506076812744,0.154691934585571,0.108816936612129,337.343505859375,345.744110107422,-0.0252979397773743,0.194795787334442,0.121482856571674,-0.97296279668808
539.4658203125,4.31823301315308,-0.715505540370941,0.154691934585571,0.108801782131195,337.343505859375,345.744018554688,-0.0252979509532452,0.194795712828636,0.121483623981476,-0.972962737083435
539.967224121094,4.31823301315308,-0.715505540370941,0.154691934585571,0.108787693083286,337.343505859375,345.743927001953,-0.0252979882061481,0.194795697927475,0.12148442864418,-0.972962558269501
540.469055175781,4.31823301315308,-0.715505540370941,0.154691934585571,0.108803912997246,337.343658447266,345.743927001953,-0.025297973304987,0.194794520735741,0.121484398841858,-0.972962856292725
540.969787597656,4.31822872161865,-0.715505540370941,0.154691934585571,0.108836568892002,337.343872070313,345.744018554688,-0.0252979025244713,0.194792807102203,0.121483720839024,-0.972963333129883
541.537292480469,4.31823301315308,-0.715505003929138,0.154691934585571,0.108836568892002,337.343872070313,345.744018554688,-0.0252979025244713,0.194792807102203,0.121483720839024,-0.972963333129883
542.060974121094,4.31822872161865,-0.715406894683838,0.154716044664383,0.108841478824615,337.343872070313,345.744049072266,-0.0252979137003422,0.194792807102203,0.12148355692625,-0.972963333129883
542.567321777344,4.31822872161865,-0.715406894683838,0.154716044664383,0.108876273036003,337.343963623047,345.744110107422,-0.0252979807555676,0.194791883230209,0.12148293107748,-0.972963571548462
543.069580078125,4.31822872161865,-0.715406358242035,0.154715776443481,0.108887366950512,337.344055175781,345.744110107422,-0.0252979416400194,0.194791093468666,0.121482767164707,-0.972963809967041
543.571655273438,4.31822872161865,-0.715406358242035,0.154714152216911,0.108891002833843,337.344207763672,345.744110107422,-0.0252978224307299,0.194789871573448,0.121482789516449,-0.972963988780975
544.072998046875,4.31822872161865,-0.715405821800232,0.154714152216911,0.108911275863647,337.344360351563,345.744171142578,-0.0252977516502142,0.19478864967823,0.121482335031033,-0.972964286804199
544.574829101563,4.31822872161865,-0.715406358242035,0.154714152216911,0.108901247382164,337.344268798828,345.744232177734,-0.0252976641058922,0.194789230823517,0.121481969952583,-0.972964227199554
545.075744628906,4.31822872161865,-0.715406358242035,0.154714152216911,0.108892068266869,337.344207763672,345.744201660156,-0.0252976715564728,0.194789886474609,0.121481999754906,-0.972964107990265
545.577697753906,4.31822872161865,-0.715406358242035,0.154714152216911,0.108906790614128,337.344207763672,345.744262695313,-0.0252977255731821,0.194789737462997,0.121481701731682,-0.972964107990265
546.078979492188,4.31822872161865,-0.715406358242035,0.154714152216911,0.108912132680416,337.344177246094,345.744293212891,-0.0252977404743433,0.194790199398994,0.121481247246265,-0.972964107990265
546.580017089844,4.31822872161865,-0.715406358242035,0.154714152216911,0.108924299478531,337.344116210938,345.744354248047,-0.0252977926284075,0.194790631532669,0.121480695903301,-0.972964107990265
547.080993652344,4.31822872161865,-0.715406358242035,0.154714152216911,0.108929842710495,337.344085693359,345.744415283203,-0.0252977721393108,0.194790989160538,0.121480114758015,-0.972964107990265
547.58251953125,4.31822872161865,-0.715406358242035,0.154714152216911,0.108950547873974,337.344024658203,345.744506835938,-0.0252978838980198,0.194791451096535,0.121479466557503,-0.972964107990265
548.08349609375,4.31822872161865,-0.715406358242035,0.154714152216911,0.108980216085911,337.343933105469,345.744598388672,-0.0252980720251799,0.194792151451111,0.121478624641895,-0.97296404838562
548.584716796875,4.31822872161865,-0.715406358242035,0.15471388399601,0.109014585614204,337.343872070313,345.744689941406,-0.0252982843667269,0.194792747497559,0.121477775275707,-0.97296404838562
549.102966308594,4.31822872161865,-0.715406358242035,0.154714152216911,0.109032087028027,337.343811035156,345.744689941406,-0.025298485532403,0.194793194532394,0.121477708220482,-0.972963929176331
549.62890625,4.31822872161865,-0.715406358242035,0.154714152216911,0.109021626412868,337.343627929688,345.744659423828,-0.025298647582531,0.194794714450836,0.121477998793125,-0.972963631153107
550.130554199219,4.31822872161865,-0.715406358242035,0.154714152216911,0.109011381864548,337.343566894531,345.744659423828,-0.0252986438572407,0.194795370101929,0.121478006243706,-0.972963452339172
550.631652832031,4.31822872161865,-0.715406358242035,0.154714152216911,0.109011381864548,337.343566894531,345.744659423828,-0.0252986438572407,0.194795370101929,0.121478006243706,-0.972963452339172
551.176818847656,4.31822872161865,-0.715406358242035,0.154714152216911,0.109011381864548,337.343566894531,345.744659423828,-0.0252986438572407,0.194795370101929,0.121478006243706,-0.972963452339172
551.735046386719,4.31822872161865,-0.715406358242035,0.154714152216911,0.109011381864548,337.343566894531,345.744659423828,-0.0252986438572407,0.194795370101929,0.121478006243706,-0.972963452339172
552.259704589844,4.31822872161865,-0.715406358242035,0.154714152216911,0.109001986682415,337.343505859375,345.74462890625,-0.025298647582531,0.194795653223991,0.121478259563446,-0.972963392734528
552.761596679688,4.31823301315308,-0.715406358242035,0.15471388399601,0.109031446278095,337.343536376953,345.74462890625,-0.0252988263964653,0.194795414805412,0.121477983891964,-0.972963452339172
553.263000488281,4.31825876235962,-0.715436697006226,0.154727160930634,358.403839111328,333.980224609375,326.294372558594,-0.0522706657648087,0.219364553689957,0.285445988178253,-0.931486785411835
553.764404296875,4.3184061050415,-0.715628504753113,0.154819548130035,356.356597900391,331.328033447266,312.472686767578,-0.0715384557843208,0.238910809159279,0.39742323756218,-0.883096098899841
554.26611328125,4.31841087341309,-0.715627431869507,0.154819548130035,354.740539550781,329.962249755859,303.736450195313,-0.0829755738377571,0.249177634716034,0.465400129556656,-0.845238626003265
554.766967773438,4.31907844543457,-0.716728508472443,0.15525221824646,354.925689697266,330.069793701172,297.499084472656,-0.0972727984189987,0.242732957005501,0.510466158390045,-0.819172143936157
555.268371582031,4.31908702850342,-0.716735005378723,0.1552554666996,353.367797851563,329.379333496094,291.008331298828,-0.103309907019138,0.248851969838142,0.557920038700104,-0.784936308860779
555.769775390625,4.31908273696899,-0.716735005378723,0.1552554666996,353.137084960938,329.289886474609,289.301025390625,-0.105851523578167,0.248986974358559,0.569836854934692,-0.77594268321991
556.270874023438,4.31908273696899,-0.716735005378723,0.1552554666996,357.986846923828,330.79541015625,286.008453369141,-0.13810683786869,0.211552381515503,0.585766196250916,-0.770097434520721
556.77197265625,4.31908273696899,-0.716735005378723,0.1552554666996,358.368499755859,331.23828125,310.460845947266,-0.0915253832936287,0.231271713972092,0.409011542797089,-0.877978384494781
557.273315429688,4.31907844543457,-0.716735005378723,0.1552554666996,354.812927246094,327.909240722656,310.018920898438,-0.0772340074181557,0.268637120723724,0.416930824518204,-0.864891767501831
557.77490234375,4.31915616989136,-0.716851532459259,0.155267655849457,355.950775146484,328.644836425781,315.597534179688,-0.070550374686718,0.262886554002762,0.372415065765381,-0.887254476547241
558.276306152344,4.31916046142578,-0.716850996017456,0.155267924070358,359.06640625,334.012145996094,339.516510009766,-0.0321650356054306,0.222669139504433,0.175045818090439,-0.958510756492615
558.777404785156,4.31916046142578,-0.716850996017456,0.155267655849457,359.631561279297,336.047790527344,4.34974384307861,0.0110175479203463,0.207233935594559,-0.0364566929638386,-0.97754979133606
559.278381347656,4.31916046142578,-0.716850996017456,0.155267655849457,359.321899414063,337.748657226563,29.2668380737305,0.0543657653033733,0.185232117772102,-0.246776700019836,-0.949649810791016
559.779418945313,4.31915616989136,-0.716850399971008,0.155267655849457,359.047210693359,338.202239990234,35.043514251709,0.0647085160017014,0.177839383482933,-0.294128060340881,-0.936842918395996
560.280151367188,4.31916046142578,-0.716850399971008,0.155267924070358,358.616668701172,338.645233154297,48.077938079834,0.0863028988242149,0.164364710450172,-0.398233145475388,-0.898302018642426
560.781860351563,4.31916046142578,-0.716850399971008,0.155267924070358,1.58717787265778,334.70654296875,25.3608551025391,0.034870732575655,0.216545268893242,-0.217125087976456,-0.951182842254639
561.28369140625,4.31915616989136,-0.716850399971008,0.155267924070358,1.8744455575943,333.540069580078,0.300641119480133,-0.0153223620727658,0.228870451450348,-0.00629703979939222,-0.973315894603729
561.784912109375,4.31915616989136,-0.716850399971008,0.155267924070358,1.68770468235016,333.756744384766,335.642395019531,-0.0619075782597065,0.218859851360321,0.202164456248283,-0.952574074268341
562.285034179688,4.31915616989136,-0.716850399971008,0.155267924070358,1.56228053569794,333.437408447266,327.503936767578,-0.0770106017589569,0.21682345867157,0.269280433654785,-0.935171127319336
562.786437988281,4.31915616989136,-0.716850399971008,0.155267924070358,1.56243586540222,333.437561035156,327.504241943359,-0.0770109295845032,0.216821998357773,0.269277781248093,-0.935172200202942
563.287353515625,4.31934690475464,-0.717376589775085,0.155351653695107,1.02190864086151,332.708099365234,317.850921630859,-0.0929161459207535,0.217016607522964,0.347454935312271,-0.907494068145752
563.788452148438,4.31934690475464,-0.717376589775085,0.155351653695107,1.02190864086151,332.708099365234,317.850921630859,-0.0929161459207535,0.217016607522964,0.347454935312271,-0.907494068145752
564.289672851563,4.31934690475464,-0.717376589775085,0.155351653695107,1.02190864086151,332.708099365234,317.850921630859,-0.0929161459207535,0.217016607522964,0.347454935312271,-0.907494068145752
564.790832519531,4.31934690475464,-0.717376589775085,0.155351653695107,1.02190864086151,332.708099365234,317.850921630859,-0.0929161459207535,0.217016607522964,0.347454935312271,-0.907494068145752
565.292541503906,4.31934690475464,-0.717376589775085,0.155351653695107,1.02190864086151,332.708099365234,317.850921630859,-0.0929161459207535,0.217016607522964,0.347454935312271,-0.907494068145752
565.793151855469,4.31934690475464,-0.717376589775085,0.155351653695107,1.02190864086151,332.708099365234,317.850921630859,-0.0929161459207535,0.217016607522964,0.347454935312271,-0.907494068145752
566.293884277344,4.31934690475464,-0.717376589775085,0.155351653695107,1.02190864086151,332.708099365234,317.850921630859,-0.0929161459207535,0.217016607522964,0.347454935312271,-0.907494068145752
566.796508789063,4.31934690475464,-0.717376589775085,0.155351653695107,1.02190864086151,332.708099365234,317.850921630859,-0.0929161459207535,0.217016607522964,0.347454935312271,-0.907494068145752
567.297058105469,4.31934690475464,-0.717376589775085,0.155351653695107,1.02190864086151,332.708099365234,317.850921630859,-0.0929161459207535,0.217016607522964,0.347454935312271,-0.907494068145752
567.798156738281,4.31934690475464,-0.717376589775085,0.155351653695107,1.02190864086151,332.708099365234,317.850921630859,-0.0929161459207535,0.217016607522964,0.347454935312271,-0.907494068145752
568.299621582031,4.31934690475464,-0.717376589775085,0.155351653695107,1.02190864086151,332.708099365234,317.850921630859,-0.0929161459207535,0.217016607522964,0.347454935312271,-0.907494068145752
568.800659179688,4.31934690475464,-0.717376589775085,0.155351653695107,1.11484348773956,332.808929443359,315.501525878906,-0.0977525115013123,0.213974013924599,0.365892559289932,-0.90043443441391
569.302001953125,4.31934690475464,-0.717376589775085,0.155351653695107,1.11467349529266,332.808746337891,315.501220703125,-0.0977523624897003,0.213975742459297,0.365895241498947,-0.900433003902435
569.803344726563,4.31940746307373,-0.716823875904083,0.155458122491837,1.11461973190308,332.808624267578,315.501098632813,-0.097752571105957,0.213976785540581,0.365896224975586,-0.900432348251343
570.304260253906,4.31958103179932,-0.716895401477814,0.155516102910042,1.11461460590363,332.808624267578,315.500885009766,-0.0977528616786003,0.213976472616196,0.36589789390564,-0.90043169260025
570.805541992188,4.319251537323,-0.71687263250351,0.156294211745262,1.11463940143585,332.808715820313,315.500946044922,-0.097752645611763,0.21397577226162,0.365897387266159,-0.900432109832764
571.306518554688,4.319251537323,-0.71687263250351,0.156294211745262,1.11462831497192,332.808715820313,315.500915527344,-0.0977526307106018,0.213975787162781,0.365897655487061,-0.900431990623474
571.807983398438,4.319251537323,-0.71687263250351,0.156294211745262,1.11459755897522,332.808624267578,315.500915527344,-0.0977526977658272,0.21397665143013,0.365897625684738,-0.900431752204895
572.309509277344,4.31925582885742,-0.716595232486725,0.15595555305481,1.114630818367,332.80859375,315.501098632813,-0.0977527499198914,0.213976949453354,0.365896195173264,-0.900432288646698
572.810546875,4.319251537323,-0.716595232486725,0.15595555305481,1.11462998390198,332.80859375,315.501098632813,-0.0977527499198914,0.213976964354515,0.365896195173264,-0.900432288646698
573.326782226563,4.31925582885742,-0.716595232486725,0.15595555305481,1.11462998390198,332.80859375,315.501098632813,-0.0977527499198914,0.213976964354515,0.365896195173264,-0.900432288646698
573.828430175781,4.31925582885742,-0.716595232486725,0.15595555305481,1.11462998390198,332.80859375,315.501098632813,-0.0977527499198914,0.213976964354515,0.365896195173264,-0.900432288646698
574.329406738281,4.31925582885742,-0.716595232486725,0.15595555305481,1.11462998390198,332.80859375,315.501098632813,-0.0977527499198914,0.213976964354515,0.365896195173264,-0.900432288646698
574.830810546875,4.31925582885742,-0.716595232486725,0.15595555305481,1.11462998390198,332.80859375,315.501098632813,-0.0977527499198914,0.213976964354515,0.365896195173264,-0.900432288646698
575.384643554688,4.31925582885742,-0.716595232486725,0.15595555305481,1.11462998390198,332.80859375,315.501098632813,-0.0977527499198914,0.213976964354515,0.365896195173264,-0.900432288646698
575.898071289063,4.31925582885742,-0.716595232486725,0.15595555305481,1.11464285850525,332.808624267578,315.500885009766,-0.0977530628442764,0.213976427912712,0.365897685289383,-0.900431752204895
576.403259277344,4.31926012039185,-0.716595232486725,0.15595555305481,1.11453604698181,332.808563232422,315.500427246094,-0.0977532416582108,0.213976800441742,0.365901440382004,-0.900430142879486
576.904724121094,4.31846714019775,-0.714859068393707,0.153459474444389,1.11445999145508,332.808502197266,315.500305175781,-0.097753070294857,0.213977381587029,0.365902543067932,-0.900429546833038
577.406433105469,4.31846714019775,-0.714857995510101,0.153459742665291,1.11437797546387,332.808349609375,315.500335693359,-0.0977529063820839,0.213979035615921,0.365902245044708,-0.900429308414459
577.907836914063,4.31846714019775,-0.714857995510101,0.153459742665291,1.11442244052887,332.808349609375,315.500579833984,-0.0977528020739555,0.213979005813599,0.365900427103043,-0.900430083274841
578.409423828125,4.31846284866333,-0.714857995510101,0.153459742665291,1.11446762084961,332.808319091797,315.500762939453,-0.0977528691291809,0.213979184627533,0.365898817777634,-0.900430679321289
578.910400390625,4.31846714019775,-0.714857995510101,0.153459742665291,1.11435151100159,332.808044433594,315.500457763672,-0.0977534279227257,0.213981434702873,0.365901321172714,-0.90042906999588
579.411865234375,4.31846714019775,-0.714857995510101,0.153459742665291,1.11425077915192,332.807891845703,315.500152587891,-0.097753681242466,0.213982746005058,0.365903675556183,-0.900427758693695
579.913330078125,4.31846284866333,-0.714856922626495,0.153459742665291,1.11413133144379,332.807647705078,315.499816894531,-0.0977541357278824,0.213984787464142,0.365906238555908,-0.900426208972931
580.414489746094,4.31846284866333,-0.714856922626495,0.153459742665291,1.11410486698151,332.807495117188,315.499816894531,-0.0977545082569122,0.213986158370972,0.365906327962875,-0.900425732135773
580.915893554688,4.31846714019775,-0.714856922626495,0.153459742665291,1.11399555206299,332.807189941406,315.499908447266,-0.0977544263005257,0.213988944888115,0.365905523300171,-0.900425434112549
581.417114257813,4.31848001480103,-0.714856922626495,0.153459742665291,1.11390662193298,332.806884765625,315.499938964844,-0.0977546274662018,0.213991686701775,0.365905106067657,-0.900424957275391
581.918395996094,4.31848430633545,-0.714856386184692,0.153459742665291,1.11395454406738,332.806793212891,315.499969482422,-0.0977552160620689,0.213992148637772,0.365904837846756,-0.900424897670746
582.419860839844,4.31848001480103,-0.714856386184692,0.153459742665291,1.11396050453186,332.806823730469,315.5,-0.0977550894021988,0.213991910219193,0.365904539823532,-0.90042507648468
582.920288085938,4.31848001480103,-0.714856386184692,0.153459742665291,1.11381018161774,332.806549072266,315.499877929688,-0.0977550521492958,0.213994488120079,0.36590564250946,-0.900424063205719
583.421936035156,4.31848001480103,-0.714856386184692,0.153459742665291,1.11381018161774,332.806549072266,315.499877929688,-0.0977550521492958,0.213994488120079,0.365905612707138,-0.900424063205719
583.923217773438,4.31848001480103,-0.714856386184692,0.153459742665291,1.11381018161774,332.806549072266,315.499877929688,-0.0977550521492958,0.213994488120079,0.365905612707138,-0.900424063205719
584.424743652344,4.31848001480103,-0.714856386184692,0.153459742665291,1.11381018161774,332.806549072266,315.499877929688,-0.0977550521492958,0.213994488120079,0.36590564250946,-0.900424063205719
584.925720214844,4.31848001480103,-0.714856386184692,0.153459742665291,1.11381018161774,332.806549072266,315.499877929688,-0.0977550521492958,0.213994488120079,0.36590564250946,-0.900424063205719
585.426086425781,4.31848001480103,-0.714855849742889,0.153459742665291,1.11381018161774,332.806549072266,315.499877929688,-0.0977550521492958,0.213994488120079,0.36590564250946,-0.900424063205719
585.927917480469,4.31848001480103,-0.714856386184692,0.153459742665291,1.11381018161774,332.806549072266,315.499877929688,-0.0977550446987152,0.213994473218918,0.365905612707138,-0.900424003601074
586.428588867188,4.31848430633545,-0.714856386184692,0.153459742665291,1.11381018161774,332.806549072266,315.499877929688,-0.0977550446987152,0.213994473218918,0.365905612707138,-0.900424003601074
586.930114746094,4.31848001480103,-0.714856386184692,0.153459742665291,1.11381018161774,332.806549072266,315.499877929688,-0.0977550446987152,0.213994473218918,0.365905612707138,-0.900424003601074
587.431518554688,4.31848430633545,-0.714856386184692,0.153459742665291,1.11381018161774,332.806549072266,315.499877929688,-0.0977550521492958,0.213994488120079,0.36590564250946,-0.900424063205719
587.932006835938,4.31848001480103,-0.714856386184692,0.153459742665291,1.11381018161774,332.806549072266,315.499877929688,-0.0977550521492958,0.213994488120079,0.36590564250946,-0.900424063205719
588.433471679688,4.31848001480103,-0.714856386184692,0.153459742665291,1.11381018161774,332.806549072266,315.499877929688,-0.0977550521492958,0.213994488120079,0.36590564250946,-0.900424063205719
588.978698730469,4.31848001480103,-0.714856386184692,0.153459742665291,1.11381018161774,332.806549072266,315.499877929688,-0.0977550521492958,0.213994488120079,0.36590564250946,-0.900424063205719
589.504760742188,4.31848001480103,-0.714856386184692,0.153459742665291,1.11381018161774,332.806549072266,315.499877929688,-0.0977550521492958,0.213994488120079,0.36590564250946,-0.900424063205719
590.006225585938,4.31848001480103,-0.714856386184692,0.153459742665291,1.11381018161774,332.806549072266,315.499877929688,-0.0977550446987152,0.213994473218918,0.365905612707138,-0.900424003601074
590.507263183594,4.31848001480103,-0.714856386184692,0.153459742665291,1.11381018161774,332.806549072266,315.499877929688,-0.0977550446987152,0.213994473218918,0.365905612707138,-0.900424003601074
591.0087890625,4.31848001480103,-0.714856386184692,0.153459742665291,1.11381018161774,332.806549072266,315.499877929688,-0.0977550446987152,0.213994473218918,0.365905612707138,-0.900424003601074
591.524291992188,4.31848001480103,-0.714856386184692,0.153459742665291,1.11381018161774,332.806549072266,315.499877929688,-0.0977550521492958,0.213994488120079,0.365905612707138,-0.900424063205719
592.037780761719,4.31969356536865,-0.716324806213379,0.154050916433334,1.11380672454834,332.806579589844,315.499847412109,-0.0977549627423286,0.2139942497015,0.365905791521072,-0.900424063205719
592.540283203125,4.31969356536865,-0.716324806213379,0.154049828648567,1.11371886730194,332.806365966797,315.499816894531,-0.0977550819516182,0.213996306061745,0.365906089544296,-0.900423467159271
593.042785644531,4.31969356536865,-0.716324806213379,0.154049828648567,1.11366331577301,332.806243896484,315.499694824219,-0.0977551639080048,0.213997215032578,0.365906894207001,-0.900422871112823
593.544372558594,4.31969356536865,-0.716328084468842,0.154049828648567,1.11367273330688,332.806365966797,315.499481201172,-0.0977553650736809,0.213996186852455,0.365908801555634,-0.900422275066376
594.045715332031,4.31969356536865,-0.716328084468842,0.154049828648567,1.11353099346161,332.806365966797,315.499114990234,-0.0977548807859421,0.213996261358261,0.365911900997162,-0.90042108297348
594.547607421875,4.31969356536865,-0.716328620910645,0.154049828648567,1.11356091499329,332.806427001953,315.499328613281,-0.0977545455098152,0.213995829224586,0.36591038107872,-0.900421857833862
595.049133300781,4.31969356536865,-0.716328084468842,0.154049828648567,1.1135036945343,332.806365966797,315.499145507813,-0.09775460511446,0.213996276259422,0.365911841392517,-0.900421142578125
595.549987792969,4.31969356536865,-0.716328620910645,0.154050096869469,1.11350190639496,332.806396484375,315.499145507813,-0.0977544784545898,0.213996112346649,0.365911692380905,-0.90042120218277
596.052185058594,4.32013177871704,-0.71702653169632,0.154252752661705,3.88852524757385,337.036102294922,336.783325195313,-0.072599969804287,0.188185170292854,0.190464600920677,-0.960749089717865
596.553771972656,4.32013177871704,-0.717025458812714,0.154252752661705,3.8973217010498,337.844268798828,1.8674578666687,-0.0302366241812706,0.192550092935562,-0.0225157886743546,-0.980562686920166
597.055053710938,4.32013177871704,-0.717025995254517,0.154251947999001,2.68933486938477,343.769226074219,26.3381633758545,0.00953182391822338,0.142709583044052,-0.22870746254921,-0.962930977344513
597.555969238281,4.32013177871704,-0.717025995254517,0.154251396656036,2.70699691772461,343.767913818359,27.6520767211914,0.0110220070928335,0.142637997865677,-0.23975333571434,-0.960234999656677
598.056640625,4.32012748718262,-0.717025995254517,0.154251396656036,3.25335502624512,342.429077148438,17.1581439971924,-0.00496517634019256,0.155150070786476,-0.151651725172997,-0.976168870925903
598.557983398438,4.32013177871704,-0.717025995254517,0.154251396656036,3.27813243865967,342.353485107422,20.224063873291,-0.000906009168829769,0.155904993414879,-0.17774398624897,-0.971648037433624
599.059448242188,4.32013177871704,-0.71702653169632,0.154251396656036,3.46134066581726,341.910522460938,25.8981990814209,0.006144093349576,0.159821346402168,-0.225825175642967,-0.960948705673218
599.560791015625,4.32012748718262,-0.717025995254517,0.154251396656036,3.46136403083801,341.910491943359,25.8984699249268,0.00614438625052571,0.159821853041649,-0.225827485322952,-0.96094810962677
600.062255859375,4.32013607025146,-0.717025458812714,0.154251396656036,3.46133041381836,341.910430908203,25.8984718322754,0.00614475691691041,0.159822136163712,-0.225827470421791,-0.960948050022125
600.563232421875,4.32013177871704,-0.717025995254517,0.154251396656036,3.46126747131348,341.910430908203,25.8984775543213,0.00614532455801964,0.159822165966034,-0.225827410817146,-0.960948050022125
601.064025878906,4.32012748718262,-0.717025995254517,0.154251396656036,3.46120285987854,341.910400390625,25.8985004425049,0.00614593410864472,0.159822195768356,-0.225827515125275,-0.96094799041748
601.564880371094,4.32013177871704,-0.717025995254517,0.154251396656036,3.46111249923706,341.910369873047,25.8985137939453,0.00614675413817167,0.159822195768356,-0.225827500224113,-0.96094799041748
602.066589355469,4.32013177871704,-0.717025995254517,0.154251396656036,3.46108651161194,341.910369873047,25.8985157012939,0.00614698696881533,0.159822195768356,-0.225827500224113,-0.96094799041748
602.568054199219,4.32013177871704,-0.717025995254517,0.154251396656036,3.46108651161194,341.910369873047,25.8985157012939,0.00614698696881533,0.159822195768356,-0.225827500224113,-0.96094799041748
603.069519042969,4.32012748718262,-0.717025995254517,0.154251396656036,3.46108651161194,341.910369873047,25.8985157012939,0.00614698696881533,0.159822195768356,-0.225827500224113,-0.96094799041748
603.570007324219,4.32013607025146,-0.717025995254517,0.154251396656036,3.46108651161194,341.910369873047,25.8985157012939,0.00614698696881533,0.159822195768356,-0.225827500224113,-0.96094799041748
604.091247558594,4.32013177871704,-0.717025995254517,0.154251396656036,3.46108651161194,341.910369873047,25.8985157012939,0.00614698696881533,0.159822195768356,-0.225827500224113,-0.96094799041748
604.615966796875,4.32013177871704,-0.717025995254517,0.154251396656036,3.46108651161194,341.910369873047,25.8985157012939,0.00614698696881533,0.159822195768356,-0.225827500224113,-0.96094799041748
605.117553710938,4.32013177871704,-0.717025458812714,0.154251396656036,3.46108651161194,341.910369873047,25.8985157012939,0.00614698696881533,0.159822195768356,-0.225827500224113,-0.96094799041748
605.618286132813,4.32013177871704,-0.717025995254517,0.154251396656036,3.46108651161194,341.910369873047,25.8985157012939,0.00614698696881533,0.159822195768356,-0.225827500224113,-0.96094799041748
606.119750976563,4.32013177871704,-0.717025995254517,0.154251396656036,3.46108651161194,341.910369873047,25.8985157012939,0.00614698696881533,0.159822195768356,-0.225827500224113,-0.96094799041748
606.641540527344,4.32013177871704,-0.717025995254517,0.154251396656036,3.46108651161194,341.910369873047,25.8985157012939,0.00614698696881533,0.159822195768356,-0.225827500224113,-0.96094799041748
607.164672851563,4.32013607025146,-0.717025995254517,0.154251396656036,3.46108651161194,341.910369873047,25.8985157012939,0.00614698696881533,0.159822195768356,-0.225827500224113,-0.96094799041748
607.665832519531,4.32013177871704,-0.717025995254517,0.154251396656036,3.46108651161194,341.910369873047,25.8985157012939,0.00614698696881533,0.159822195768356,-0.225827500224113,-0.96094799041748
608.167846679688,4.32013607025146,-0.717025995254517,0.154251396656036,3.46108651161194,341.910369873047,25.8985157012939,0.00614698696881533,0.159822195768356,-0.225827500224113,-0.96094799041748
608.669006347656,4.32013177871704,-0.717025995254517,0.154251396656036,3.46108651161194,341.910369873047,25.8985157012939,0.00614698696881533,0.159822195768356,-0.225827500224113,-0.96094799041748
609.170288085938,4.32013177871704,-0.717025995254517,0.154251396656036,3.46108651161194,341.910369873047,25.8985157012939,0.00614698696881533,0.159822195768356,-0.225827500224113,-0.96094799041748
609.671813964844,4.32013177871704,-0.717025995254517,0.154251396656036,3.46108651161194,341.910369873047,25.8985157012939,0.00614698696881533,0.159822195768356,-0.225827500224113,-0.96094799041748
610.17333984375,4.32012748718262,-0.717025995254517,0.154251396656036,3.42080593109131,341.994934082031,24.6443481445313,0.00457793986424804,0.159096419811249,-0.215248599648476,-0.963501691818237
610.674926757813,4.32013177871704,-0.717025995254517,0.154251396656036,3.31849026679993,342.226165771484,23.0657367706299,0.00284315529279411,0.157021880149841,-0.201829940080643,-0.966747522354126
611.175598144531,4.32004499435425,-0.717025458812714,0.154251396656036,3.31849718093872,342.226135253906,23.0657138824463,0.00284313061274588,0.157022222876549,-0.201829731464386,-0.966747522354126
611.677124023438,4.32002305984497,-0.717025995254517,0.154251396656036,3.31848192214966,342.226135253906,23.0656433105469,0.0028431483078748,0.15702211856842,-0.201829120516777,-0.966747641563416
612.1787109375,4.3467001914978,-0.705020546913147,0.163535371422768,5.36019802093506,343.099304199219,23.1317310333252,-0.0158818699419498,0.153084009885788,-0.204832598567009,-0.966621279716492
612.679626464844,4.37521076202393,-0.692188739776611,0.1734579205513,4.91565418243408,342.908660888672,23.114725112915,-0.0118041010573506,0.153947174549103,-0.20418556034565,-0.966679453849792
613.181701660156,4.4059624671936,-0.678352892398834,0.184155866503716,6.29206275939941,343.499755859375,23.1725406646729,-0.0244298093020916,0.151267483830452,-0.206179782748222,-0.966442584991455
613.681945800781,4.43057584762573,-0.667276680469513,0.192719966173172,6.11109113693237,343.421813964844,23.1641883850098,-0.0227694734930992,0.15162168443203,-0.205920174717903,-0.966482996940613
614.183349609375,4.3837718963623,-0.688336670398712,0.176435440778732,4.57748794555664,342.763671875,23.1029434204102,-0.00870181992650032,0.154603227972984,-0.20369228720665,-0.966711759567261
614.6845703125,4.3813271522522,-0.689436078071594,0.175584986805916,4.89280319213867,342.898620605469,23.1140632629395,-0.0115938223898411,0.153993561863899,-0.204153701663017,-0.96668142080307
615.185363769531,4.38103246688843,-0.689571559429169,0.175480142235756,5.66580200195313,343.230194091797,23.144603729248,-0.0186842512339354,0.152492061257362,-0.205278024077415,-0.966570258140564
615.686584472656,4.38103246688843,-0.689571559429169,0.175480142235756,5.66577672958374,343.230255126953,23.1444358825684,-0.0186843425035477,0.152491569519043,-0.205276593565941,-0.966570675373077
616.1875,4.38103246688843,-0.689571559429169,0.175480142235756,5.66574430465698,343.230255126953,23.1442584991455,-0.0186843108385801,0.152491450309753,-0.205275043845177,-0.966571033000946
616.688415527344,4.38103246688843,-0.689571559429169,0.175479590892792,5.6657862663269,343.230163574219,23.1444396972656,-0.0186842679977417,0.152492329478264,-0.205276638269424,-0.966570496559143
617.18994140625,4.38103246688843,-0.689571559429169,0.175479590892792,5.66584205627441,343.229888916016,23.1443672180176,-0.0186843313276768,0.152494758367538,-0.205276146531105,-0.966570258140564
617.691040039063,4.38103246688843,-0.689571559429169,0.175479590892792,5.66584205627441,343.229888916016,23.1443672180176,-0.0186843313276768,0.152494758367538,-0.205276146531105,-0.966570258140564
618.192077636719,4.38103246688843,-0.689571559429169,0.175479590892792,5.66584205627441,343.229888916016,23.1443672180176,-0.0186843313276768,0.152494758367538,-0.205276146531105,-0.966570258140564
618.693359375,4.38103246688843,-0.689571559429169,0.175479590892792,5.66584205627441,343.229888916016,23.1443672180176,-0.0186843313276768,0.152494758367538,-0.205276146531105,-0.966570258140564
619.194213867188,4.38103246688843,-0.689571559429169,0.175479590892792,5.66584205627441,343.229888916016,23.1443672180176,-0.0186843313276768,0.152494758367538,-0.205276146531105,-0.966570258140564
619.695678710938,4.38103246688843,-0.689571559429169,0.175479590892792,5.66584205627441,343.229888916016,23.1443672180176,-0.0186843313276768,0.152494758367538,-0.205276146531105,-0.966570258140564
620.197143554688,4.38103246688843,-0.689571559429169,0.175479590892792,5.66584205627441,343.229888916016,23.1443672180176,-0.0186843313276768,0.152494758367538,-0.205276146531105,-0.966570258140564
620.698425292969,4.38103246688843,-0.689571559429169,0.175479590892792,5.66584205627441,343.229888916016,23.1443672180176,-0.0186843313276768,0.152494758367538,-0.205276146531105,-0.966570258140564
621.199401855469,4.38103246688843,-0.689571559429169,0.175479590892792,5.66584205627441,343.229888916016,23.1443672180176,-0.0186843313276768,0.152494758367538,-0.205276146531105,-0.966570258140564
621.70068359375,4.38103246688843,-0.689571559429169,0.175479590892792,5.66584205627441,343.229888916016,23.1443672180176,-0.0186843313276768,0.152494758367538,-0.205276146531105,-0.966570258140564
622.216247558594,4.38103246688843,-0.689571559429169,0.175479590892792,5.66584205627441,343.229888916016,23.1443672180176,-0.0186843313276768,0.152494758367538,-0.205276146531105,-0.966570258140564
622.718444824219,4.38103246688843,-0.689571559429169,0.175479590892792,5.66584205627441,343.229888916016,23.1443672180176,-0.0186843313276768,0.152494758367538,-0.205276146531105,-0.966570258140564
623.219482421875,4.38103246688843,-0.689571559429169,0.175479590892792,5.66584205627441,343.229888916016,23.1443672180176,-0.0186843313276768,0.152494758367538,-0.205276146531105,-0.966570258140564
623.720092773438,4.38103246688843,-0.689571559429169,0.175479590892792,5.66584205627441,343.229888916016,23.1443672180176,-0.0186843313276768,0.152494758367538,-0.205276146531105,-0.966570258140564
624.221496582031,4.38103246688843,-0.689571559429169,0.175479590892792,5.66584205627441,343.229888916016,23.1443672180176,-0.0186843313276768,0.152494758367538,-0.205276146531105,-0.966570258140564
624.735229492188,4.38103246688843,-0.689571559429169,0.175479590892792,5.66584205627441,343.229888916016,23.1443672180176,-0.0186843313276768,0.152494758367538,-0.205276146531105,-0.966570258140564
625.262329101563,4.38103246688843,-0.689571559429169,0.175479590892792,5.66584205627441,343.229888916016,23.1443672180176,-0.0186843313276768,0.152494758367538,-0.205276146531105,-0.966570258140564
625.764770507813,4.38103246688843,-0.689571559429169,0.175479590892792,5.66584205627441,343.229888916016,23.1443672180176,-0.0186843313276768,0.152494758367538,-0.205276146531105,-0.966570258140564
626.267150878906,4.38103246688843,-0.689571559429169,0.175479590892792,5.66584205627441,343.229888916016,23.1443672180176,-0.0186843313276768,0.152494758367538,-0.205276146531105,-0.966570258140564
626.769104003906,4.38103246688843,-0.689571559429169,0.175479590892792,5.66584205627441,343.229888916016,23.1443672180176,-0.0186843313276768,0.152494758367538,-0.205276146531105,-0.966570258140564
627.271057128906,4.38103246688843,-0.689571559429169,0.175479590892792,5.66584205627441,343.229888916016,23.1443672180176,-0.0186843313276768,0.152494758367538,-0.205276146531105,-0.966570258140564
627.772338867188,4.38103246688843,-0.689571559429169,0.175479590892792,5.66584205627441,343.229888916016,23.1443672180176,-0.0186843313276768,0.152494758367538,-0.205276146531105,-0.966570258140564
628.274108886719,4.38103246688843,-0.689571559429169,0.175479590892792,5.66584205627441,343.229888916016,23.1443672180176,-0.0186843313276768,0.152494758367538,-0.205276146531105,-0.966570258140564
628.775329589844,4.38103246688843,-0.689571559429169,0.175479590892792,5.66584205627441,343.229888916016,23.1443672180176,-0.0186843313276768,0.152494758367538,-0.205276146531105,-0.966570258140564
629.276550292969,4.38103246688843,-0.689571559429169,0.175479590892792,5.66584205627441,343.229888916016,23.1443672180176,-0.0186843313276768,0.152494758367538,-0.205276146531105,-0.966570258140564
629.77783203125,4.38103246688843,-0.689571559429169,0.175479590892792,5.66584205627441,343.229888916016,23.1443672180176,-0.0186843313276768,0.152494758367538,-0.205276146531105,-0.966570258140564
630.279235839844,4.38103246688843,-0.689571559429169,0.175479590892792,5.66584205627441,343.229888916016,23.1443672180176,-0.0186843313276768,0.152494758367538,-0.205276146531105,-0.966570258140564
630.7802734375,4.38103246688843,-0.689571559429169,0.175479590892792,5.66584205627441,343.229888916016,23.1443672180176,-0.0186843313276768,0.152494758367538,-0.205276146531105,-0.966570258140564
631.281494140625,4.38103246688843,-0.689571559429169,0.175479590892792,5.66584205627441,343.229888916016,23.1443672180176,-0.0186843313276768,0.152494758367538,-0.205276146531105,-0.966570258140564
631.7822265625,4.38103246688843,-0.689571559429169,0.175479590892792,5.66584205627441,343.229888916016,23.1443672180176,-0.0186843313276768,0.152494758367538,-0.205276146531105,-0.966570258140564
632.283752441406,4.38103246688843,-0.689571559429169,0.175479590892792,5.66584205627441,343.229888916016,23.1443672180176,-0.0186843313276768,0.152494758367538,-0.205276146531105,-0.966570258140564
632.785095214844,4.38103246688843,-0.689571559429169,0.175479590892792,5.66584205627441,343.229888916016,23.1443672180176,-0.0186843313276768,0.152494758367538,-0.205276146531105,-0.966570258140564
633.286254882813,4.381028175354,-0.689571559429169,0.175479590892792,5.66584205627441,343.229888916016,23.1443672180176,-0.0186843313276768,0.152494758367538,-0.205276146531105,-0.966570258140564
633.78759765625,4.38103246688843,-0.689571559429169,0.175479590892792,5.66584205627441,343.229888916016,23.1443672180176,-0.0186843313276768,0.152494758367538,-0.205276146531105,-0.966570258140564
634.288635253906,4.38103246688843,-0.689571559429169,0.175479590892792,5.66584205627441,343.229888916016,23.1443672180176,-0.0186843313276768,0.152494758367538,-0.205276146531105,-0.966570258140564
634.7900390625,4.38103246688843,-0.689571559429169,0.175479590892792,5.66584205627441,343.229888916016,23.1443672180176,-0.0186843313276768,0.152494758367538,-0.205276146531105,-0.966570258140564
635.290954589844,4.38103246688843,-0.689571559429169,0.175479590892792,5.66584205627441,343.229888916016,23.1443672180176,-0.0186843313276768,0.152494758367538,-0.205276146531105,-0.966570258140564
635.792236328125,4.38103246688843,-0.689571559429169,0.175479590892792,5.66584205627441,343.229888916016,23.1443672180176,-0.0186843313276768,0.152494758367538,-0.205276146531105,-0.966570258140564
636.293762207031,4.38103246688843,-0.689571559429169,0.175479590892792,5.66584205627441,343.229888916016,23.1443672180176,-0.0186843313276768,0.152494758367538,-0.205276146531105,-0.966570258140564
636.795043945313,4.38103246688843,-0.689571559429169,0.175479590892792,5.66584205627441,343.229888916016,23.1443672180176,-0.0186843313276768,0.152494758367538,-0.205276146531105,-0.966570258140564
637.296020507813,4.38103246688843,-0.689571559429169,0.175479590892792,5.66584205627441,343.229888916016,23.1443672180176,-0.0186843313276768,0.152494758367538,-0.205276146531105,-0.966570258140564
637.797119140625,4.38103246688843,-0.689571559429169,0.175479590892792,5.66584205627441,343.229888916016,23.1443672180176,-0.0186843313276768,0.152494758367538,-0.205276146531105,-0.966570258140564
638.298522949219,4.38103246688843,-0.689571559429169,0.175479590892792,5.66584205627441,343.229888916016,23.1443672180176,-0.0186843313276768,0.152494758367538,-0.205276146531105,-0.966570258140564
638.799621582031,4.38103246688843,-0.689571559429169,0.175479590892792,5.66584205627441,343.229888916016,23.1443672180176,-0.0186843313276768,0.152494758367538,-0.205276146531105,-0.966570258140564
639.300659179688,4.38103246688843,-0.689571559429169,0.175479590892792,5.66584205627441,343.229888916016,23.1443672180176,-0.0186843313276768,0.152494758367538,-0.205276146531105,-0.966570258140564
639.81689453125,4.38103246688843,-0.689571559429169,0.175479590892792,5.66584205627441,343.229888916016,23.1443672180176,-0.0186843313276768,0.152494758367538,-0.205276146531105,-0.966570258140564
640.318054199219,4.38103246688843,-0.689571559429169,0.175479590892792,5.66584205627441,343.229888916016,23.1443672180176,-0.0186843313276768,0.152494758367538,-0.205276146531105,-0.966570258140564
640.819458007813,4.38103246688843,-0.689571559429169,0.175479590892792,5.66584205627441,343.229888916016,23.1443672180176,-0.0186843313276768,0.152494758367538,-0.205276146531105,-0.966570258140564
641.3203125,4.38103246688843,-0.689571559429169,0.175479590892792,5.66584205627441,343.229888916016,23.1443672180176,-0.0186843313276768,0.152494758367538,-0.205276146531105,-0.966570258140564
641.866149902344,4.38103246688843,-0.689571559429169,0.175479590892792,5.66584205627441,343.229888916016,23.1443672180176,-0.0186843313276768,0.152494758367538,-0.205276146531105,-0.966570258140564
642.389343261719,4.38103246688843,-0.689571559429169,0.175479590892792,5.66584205627441,343.229888916016,23.1443672180176,-0.0186843313276768,0.152494758367538,-0.205276146531105,-0.966570258140564
642.893005371094,4.38103246688843,-0.689571559429169,0.175479590892792,5.66584205627441,343.229888916016,23.1443672180176,-0.0186843313276768,0.152494758367538,-0.205276146531105,-0.966570258140564
643.394958496094,4.38103246688843,-0.689571559429169,0.175479590892792,5.66584205627441,343.229888916016,23.1443672180176,-0.0186843313276768,0.152494758367538,-0.205276146531105,-0.966570258140564
643.8974609375,4.38103246688843,-0.689571559429169,0.175479590892792,5.66584205627441,343.229888916016,23.1443672180176,-0.0186843313276768,0.152494758367538,-0.205276146531105,-0.966570258140564
644.399047851563,4.38103246688843,-0.689571559429169,0.175479859113693,11.6047191619873,330.462432861328,27.6512775421143,-0.0343196429312229,0.269625902175903,-0.254914104938507,-0.927977800369263
644.900756835938,4.38103246688843,-0.689571559429169,0.175479859113693,11.6047267913818,330.462249755859,27.6510963439941,-0.0343196876347065,0.269627392292023,-0.254912734031677,-0.927977800369263
645.402160644531,4.38103246688843,-0.689571559429169,0.175479859113693,11.6046867370605,330.462219238281,27.6508598327637,-0.0343198738992214,0.269627392292023,-0.254910737276077,-0.927978336811066
645.902954101563,4.38103246688843,-0.689571559429169,0.175479859113693,17.2583751678467,321.781433105469,35.7350425720215,-0.0356273949146271,0.351552128791809,-0.333377838134766,-0.874071598052979
646.404418945313,4.38103246688843,-0.689571559429169,0.17547932267189,28.9815998077393,305.930480957031,44.0288047790527,-0.0416761115193367,0.491530865430832,-0.428702145814896,-0.75688511133194
646.905212402344,4.38103246688843,-0.689571559429169,0.17547932267189,32.6923942565918,301.661956787109,47.458667755127,-0.0367683917284012,0.527040839195251,-0.46275469660759,-0.711852610111237
647.406494140625,4.38103246688843,-0.689571559429169,0.17547932267189,31.6279964447021,303.031311035156,39.3730316162109,-0.0709457919001579,0.512737214565277,-0.407258540391922,-0.752467811107635
647.908447265625,4.38103246688843,-0.689571559429169,0.17547932267189,38.3067970275879,292.419067382813,32.2228317260742,-0.116171911358833,0.580404996871948,-0.393169611692429,-0.703599154949188
648.409729003906,4.38103246688843,-0.689571559429169,0.17547932267189,40.003044128418,288.576721191406,25.6054496765137,-0.149279326200485,0.596406102180481,-0.363764941692352,-0.699778974056244
648.91015625,4.37947607040405,-0.711193382740021,0.113868169486523,41.9883918762207,289.861083984375,26.4485015869141,-0.162740498781204,0.589282810688019,-0.375197321176529,-0.696769893169403
649.411499023438,4.37664985656738,-0.750130951404572,0.00291873095557094,23.5291767120361,280.240783691406,21.1659622192383,-0.038518738001585,0.645766615867615,-0.266484797000885,-0.71448427438736
649.912841796875,4.37503290176392,-0.772507071495056,-0.0608381889760494,36.282169342041,286.378631591797,24.2472686767578,-0.12413527071476,0.609044432640076,-0.342185884714127,-0.704673111438751
650.414001464844,4.37359380722046,-0.792339146137238,-0.11734826862812,33.3775596618652,284.81787109375,23.3556041717529,-0.104569114744663,0.6182901263237,-0.325184971094131,-0.707839965820313
650.915161132813,4.37350702285767,-0.793492794036865,-0.120643325150013,26.3167381286621,302.899444580078,18.8135013580322,-0.121209658682346,0.491805583238602,-0.247132420539856,-0.826051533222198
651.417236328125,4.37350702285767,-0.793492794036865,-0.120643325150013,24.4665603637695,308.621154785156,20.3091373443604,-0.113266132771969,0.450678318738937,-0.245685249567032,-0.850704729557037
651.918273925781,4.37350702285767,-0.793492794036865,-0.120643325150013,24.4664192199707,308.621368408203,20.3092136383057,-0.113265186548233,0.450676739215851,-0.245685130357742,-0.850705742835999
652.419006347656,4.37350702285767,-0.793492794036865,-0.120643325150013,27.316068649292,296.244049072266,10.3262958526611,-0.153517082333565,0.529140591621399,-0.19845324754715,-0.810591876506805
652.920288085938,4.37350702285767,-0.793492794036865,-0.120643325150013,27.3160057067871,296.243896484375,10.3263339996338,-0.153516247868538,0.529141545295715,-0.198453411459923,-0.810591340065002
653.42138671875,4.37350702285767,-0.793492794036865,-0.120644137263298,24.2509250640869,307.280151367188,25.1691036224365,-0.0891082435846329,0.464681267738342,-0.281894683837891,-0.834665417671204
653.922729492188,4.37350702285767,-0.793492794036865,-0.120644137263298,22.3109855651855,311.257263183594,35.192310333252,-0.0455969199538231,0.439185857772827,-0.346265316009521,-0.827730119228363
654.423889160156,4.37350702285767,-0.793492794036865,-0.120644137263298,22.5281295776367,310.992065429688,42.9803848266602,-0.016365947201848,0.44360163807869,-0.402307987213135,-0.800686061382294
654.925354003906,4.37350702285767,-0.793492794036865,-0.120644137263298,28.7006187438965,301.271636962891,25.6336345672607,-0.105239696800709,0.51114022731781,-0.305808454751968,-0.796330094337463
655.426879882813,4.37350702285767,-0.793492794036865,-0.120644137263298,29.4417896270752,299.226806640625,15.9661664962769,-0.149135366082191,0.514930248260498,-0.243162095546722,-0.808379709720612
655.928100585938,4.37350702285767,-0.793492794036865,-0.120644137263298,29.4419479370117,299.225891113281,15.9659395217896,-0.149135619401932,0.51493638753891,-0.243162304162979,-0.808375716209412
656.428344726563,4.37350702285767,-0.793492794036865,-0.120644137263298,30.5939025878906,292.049377441406,4.5438404083252,-0.197241127490997,0.547286212444305,-0.179026752710342,-0.793424963951111
656.929809570313,4.37350702285767,-0.793492794036865,-0.120644137263298,30.323881149292,283.509765625,350.409362792969,-0.25464004278183,0.578215837478638,-0.0979698598384857,-0.768912672996521
657.4306640625,4.37350702285767,-0.793492794036865,-0.1206444054842,27.531810760498,269.156188964844,348.318298339844,-0.236554324626923,0.671246230602264,-0.099238708615303,-0.695429503917694
657.932373046875,4.37348556518555,-0.793492794036865,-0.1206444054842,24.5636310577393,256.963989257813,343.704559326172,-0.239437386393547,0.738406956195831,-0.0786642879247665,-0.625489294528961
658.433288574219,4.37348556518555,-0.793492794036865,-0.120644949376583,27.2650718688965,272.872894287109,356.985992431641,-0.18834088742733,0.665020108222961,-0.143854647874832,-0.708224534988403
658.933898925781,4.37348079681396,-0.793492794036865,-0.120644949376583,25.0096054077148,292.038818359375,20.8768005371094,-0.0777133926749229,0.56915283203125,-0.265687644481659,-0.774232447147369
659.435974121094,4.37348556518555,-0.793492794036865,-0.120644949376583,23.8110885620117,294.360321044922,33.3912124633789,-0.0137008670717478,0.557790279388428,-0.343336850404739,-0.755514442920685
659.936645507813,4.37348556518555,-0.793492794036865,-0.120644949376583,23.2011852264404,295.372650146484,39.176326751709,0.0154411271214485,0.550306022167206,-0.378820955753326,-0.74392181634903
660.437561035156,4.37348556518555,-0.793492794036865,-0.120644949376583,24.9376831054688,293.2451171875,44.1013259887695,0.0345606952905655,0.565571248531342,-0.41620460152626,-0.711131870746613
660.939758300781,4.37348556518555,-0.793492794036865,-0.120644949376583,24.4313049316406,294.090850830078,24.4140930175781,-0.0611164569854736,0.557177901268005,-0.285904705524445,-0.777223289012909
661.441223144531,4.37348985671997,-0.793492794036865,-0.120644949376583,22.9972839355469,297.967407226563,19.8481712341309,-0.0812633112072945,0.526827871799469,-0.245918974280357,-0.809550821781158
661.941955566406,4.37348985671997,-0.793492794036865,-0.120644949376583,22.9973468780518,297.967529296875,19.8482933044434,-0.0812634006142616,0.526827275753021,-0.24592000246048,-0.809550940990448
662.442932128906,4.37348985671997,-0.793492794036865,-0.120646305382252,22.9971752166748,297.967315673828,19.8480567932129,-0.0812627822160721,0.526828587055206,-0.245917797088623,-0.809550762176514
662.944274902344,4.37348556518555,-0.793492794036865,-0.120646305382252,22.9970149993896,297.967468261719,19.8479595184326,-0.0812624171376228,0.526827275753021,-0.245916336774826,-0.809552133083344
663.445556640625,4.37348556518555,-0.793492794036865,-0.120646305382252,22.9970722198486,297.966949462891,19.8477687835693,-0.0812625959515572,0.526830852031708,-0.245915576815605,-0.809550046920776
663.94677734375,4.37348985671997,-0.793492794036865,-0.120646305382252,22.997106552124,297.966949462891,19.8477535247803,-0.0812629237771034,0.526830792427063,-0.245915606617928,-0.809550046920776
664.447326660156,4.37348556518555,-0.793492794036865,-0.120646305382252,22.997106552124,297.966949462891,19.8477535247803,-0.0812629237771034,0.526830792427063,-0.245915606617928,-0.809550046920776
664.948852539063,4.37348556518555,-0.793492794036865,-0.120646305382252,22.997106552124,297.966949462891,19.8477535247803,-0.0812629237771034,0.526830792427063,-0.245915606617928,-0.809550046920776
665.450317382813,4.37348556518555,-0.793492794036865,-0.120646305382252,22.997106552124,297.966949462891,19.8477535247803,-0.0812629237771034,0.526830792427063,-0.245915606617928,-0.809550046920776
665.951782226563,4.37348079681396,-0.793492794036865,-0.120646305382252,22.997106552124,297.966949462891,19.8477535247803,-0.0812629237771034,0.526830792427063,-0.245915606617928,-0.809550046920776
666.452453613281,4.37348556518555,-0.793492794036865,-0.120646305382252,22.9652442932129,298.067047119141,16.7594108581543,-0.0953905358910561,0.523730933666229,-0.223795637488365,-0.816407978534698
666.953918457031,4.37348556518555,-0.793492794036865,-0.120646305382252,23.1941204071045,296.730102539063,7.74647092819214,-0.136058762669563,0.524185955524445,-0.16153709590435,-0.824998795986176
667.454772949219,4.37348556518555,-0.793492794036865,-0.120646305382252,20.3937759399414,307.85302734375,23.9845485687256,-0.0656628832221031,0.456180781126022,-0.259797692298889,-0.848582744598389
667.955810546875,4.37348556518555,-0.793492794036865,-0.120646305382252,20.3939361572266,307.852661132813,23.9845657348633,-0.0656632035970688,0.456183671951294,-0.259798586368561,-0.848580896854401
668.457458496094,4.37348556518555,-0.793492794036865,-0.120646573603153,20.4114475250244,307.812377929688,27.5665683746338,-0.0514071024954319,0.458328813314438,-0.286269515752792,-0.839846312999725
668.95849609375,4.37348985671997,-0.793492794036865,-0.120646573603153,20.3899822235107,307.843414306641,38.6694526672363,-0.00676561379805207,0.460892349481583,-0.366104602813721,-0.80839341878891
669.459533691406,4.37348556518555,-0.793492794036865,-0.120646573603153,20.3897933959961,307.843231201172,38.6689300537109,-0.00676573626697063,0.460893183946609,-0.366100341081619,-0.808394908905029
669.960754394531,4.37348556518555,-0.793492794036865,-0.120646573603153,20.3897399902344,307.843200683594,38.6688003540039,-0.0067657632753253,0.460893273353577,-0.366099268198013,-0.808395326137543
670.461364746094,4.37348556518555,-0.793492794036865,-0.120646573603153,20.3897399902344,307.843200683594,38.6688003540039,-0.0067657632753253,0.460893273353577,-0.366099268198013,-0.808395326137543
670.963073730469,4.37348556518555,-0.793492794036865,-0.120646573603153,20.3897399902344,307.843200683594,38.6688003540039,-0.0067657632753253,0.460893273353577,-0.366099268198013,-0.808395326137543
671.464599609375,4.37348556518555,-0.793492794036865,-0.120646573603153,20.3897399902344,307.843200683594,38.6688003540039,-0.0067657632753253,0.460893273353577,-0.366099268198013,-0.808395326137543
671.96533203125,4.37348556518555,-0.793492794036865,-0.120646841824055,20.3897399902344,307.843200683594,38.6688003540039,-0.0067657632753253,0.460893273353577,-0.366099268198013,-0.808395326137543
672.466491699219,4.37348556518555,-0.793492794036865,-0.120646573603153,18.901496887207,309.857971191406,36.7057571411133,-0.00955243315547705,0.44355908036232,-0.347370773553848,-0.826134204864502
672.9677734375,4.37348079681396,-0.793492794036865,-0.120646573603153,17.086986541748,312.768463134766,30.797477722168,-0.0260389391332865,0.418078541755676,-0.297974139451981,-0.857755064964294
673.468566894531,4.37348556518555,-0.793492794036865,-0.120646573603153,11.7540149688721,323.786804199219,13.5014600753784,-0.0603072084486485,0.318449258804321,-0.142743498086929,-0.935188472270966
673.969604492188,4.37348556518555,-0.793492794036865,-0.120646305382252,12.1149311065674,322.254943847656,358.851440429688,-0.103071801364422,0.320640683174133,-0.0247009098529816,-0.9412522315979
674.470764160156,4.37348556518555,-0.793492794036865,-0.120646573603153,11.9195070266724,323.313598632813,19.3259563446045,-0.044616773724556,0.325108915567398,-0.19067494571209,-0.925179183483124
674.971923828125,4.37348556518555,-0.793493330478668,-0.120646305382252,13.9089384078979,319.588134765625,31.7366485595703,-0.0155530711635947,0.360858201980591,-0.29493910074234,-0.884618818759918
675.473571777344,4.37348985671997,-0.793492794036865,-0.120646573603153,15.6180982589722,316.447418212891,26.1150722503662,-0.0398748777806759,0.386546760797501,-0.256964266300201,-0.884850859642029
675.974243164063,4.37348079681396,-0.793493866920471,-0.120646841824055,18.835563659668,308.726745605469,23.1495323181152,-0.0588814131915569,0.447750508785248,-0.247813537716866,-0.857111990451813
676.475524902344,4.37348985671997,-0.793493866920471,-0.120647385716438,18.8107433319092,308.792053222656,32.6644020080566,-0.0215352922677994,0.450576603412628,-0.317954570055008,-0.833919584751129
676.9765625,4.37348556518555,-0.793493866920471,-0.120647117495537,18.8108367919922,308.791900634766,32.6644897460938,-0.0215352270752192,0.450577914714813,-0.317955523729324,-0.833918511867523
677.477966308594,4.37348556518555,-0.793497145175934,-0.120647117495537,9.47525978088379,322.598541259766,37.9515075683594,0.0299196373671293,0.327603995800018,-0.331991106271744,-0.884060204029083
677.97900390625,4.37348079681396,-0.793497145175934,-0.120647117495537,5.5997576713562,327.432159423828,41.1265296936035,0.0544689558446407,0.278687387704849,-0.349572598934174,-0.892841219902039
678.480346679688,4.37348556518555,-0.793497145175934,-0.120647117495537,7.91723442077637,325.627868652344,53.6686859130859,0.0742119178175926,0.292800813913345,-0.448429971933365,-0.841231763362885
678.981689453125,4.37348556518555,-0.793497145175934,-0.120647117495537,0.26897981762886,332.220031738281,47.6907806396484,0.0949640050530434,0.220487549901009,-0.39296281337738,-0.887663960456848
679.482788085938,4.37348556518555,-0.793497145175934,-0.120647117495537,0.269072026014328,332.220123291016,47.6912269592285,0.094963826239109,0.220486775040627,-0.392966538667679,-0.887662589550018
679.983947753906,4.37348556518555,-0.793497145175934,-0.120647117495537,357.130401611328,334.902526855469,52.4617538452148,0.117925249040127,0.184031635522842,-0.4264155626297,-0.877721965312958
680.4853515625,4.37348556518555,-0.793497145175934,-0.120647117495537,359.018249511719,333.424102783203,50.5253257751465,0.105627529323101,0.20429690182209,-0.413546800613403,-0.880956709384918
680.986572265625,4.37348985671997,-0.793497145175934,-0.120647385716438,4.33086824417114,328.451873779297,40.3645629882813,0.0595921725034714,0.267516225576401,-0.341419219970703,-0.899064421653748
681.487854003906,4.37348556518555,-0.793497145175934,-0.120647117495537,4.76013994216919,327.919219970703,35.4852676391602,0.0461191423237324,0.275107532739639,-0.30355378985405,-0.911067485809326
681.989013671875,4.37348985671997,-0.793497145175934,-0.120647117495537,2.99070715904236,329.814178466797,50.8134994506836,0.0889191031455994,0.245931833982468,-0.42023840546608,-0.868913471698761
682.490356445313,4.37348985671997,-0.793497145175934,-0.120647117495537,4.1082181930542,328.963928222656,56.0745010375977,0.0951924249529839,0.252225607633591,-0.461083769798279,-0.845412611961365
682.991394042969,4.37348079681396,-0.793497145175934,-0.120647117495537,4.10827016830444,328.963684082031,56.0742645263672,0.0951924920082092,0.252227783203125,-0.461081922054291,-0.845412909984589
683.492492675781,4.37348556518555,-0.793497145175934,-0.120647117495537,4.10834217071533,328.963592529297,56.0744476318359,0.0951927304267883,0.252228617668152,-0.461083292961121,-0.845411896705627
683.993530273438,4.37348556518555,-0.793497681617737,-0.120647117495537,4.10845422744751,328.963439941406,56.0748138427734,0.0951933488249779,0.252229928970337,-0.461086094379425,-0.84540992975235
684.494506835938,4.37348556518555,-0.793497145175934,-0.120647117495537,4.10848712921143,328.963439941406,56.0748519897461,0.0951932296156883,0.252230077981949,-0.461086452007294,-0.845409750938416
684.99609375,4.37348079681396,-0.793497145175934,-0.120647117495537,4.10835838317871,328.963684082031,56.0750770568848,0.0951936170458794,0.252227455377579,-0.461088061332703,-0.845409572124481
685.497436523438,4.37348079681396,-0.793497145175934,-0.120646841824055,4.10817861557007,328.963928222656,56.0747146606445,0.0951932668685913,0.252225428819656,-0.461085230112076,-0.845411777496338
685.998657226563,4.37348079681396,-0.793497145175934,-0.120647117495537,4.10800647735596,328.964324951172,56.074592590332,0.0951926782727242,0.252221912145615,-0.461084336042404,-0.845413386821747
686.499816894531,4.37348556518555,-0.793497145175934,-0.120647385716438,4.10798358917236,328.964294433594,56.074333190918,0.0951923653483391,0.252222180366516,-0.461082369089127,-0.845414340496063
687.000915527344,4.37348556518555,-0.793497145175934,-0.12064765393734,3.72098207473755,329.390228271484,39.9535827636719,0.0606996454298496,0.2586410343647,-0.337403446435928,-0.903094351291656
687.501586914063,4.37348556518555,-0.793497145175934,-0.12064765393734,3.72079849243164,329.390472412109,39.9534454345703,0.0606999956071377,0.258638501167297,-0.337402105331421,-0.903095543384552
688.0029296875,4.37348556518555,-0.793497145175934,-0.120647929608822,359.517913818359,332.645721435547,56.7817687988281,0.116023443639278,0.206065848469734,-0.461122035980225,-0.855243802070618
688.50390625,4.37348556518555,-0.793497145175934,-0.120647929608822,0.243450865149498,332.493103027344,64.8007049560547,0.12564842402935,0.201838761568069,-0.520893752574921,-0.819843530654907
689.004821777344,4.37348556518555,-0.793497145175934,-0.120647929608822,12.8427362442017,326.771820068359,66.8646392822266,0.067104235291481,0.296163022518158,-0.551324903964996,-0.777061998844147
689.50634765625,4.37348556518555,-0.793497145175934,-0.120647929608822,12.5526447296143,326.899566650391,66.3810806274414,0.0673048421740532,0.294321000576019,-0.547661125659943,-0.780328512191772
690.00732421875,4.37348556518555,-0.793497145175934,-0.120647929608822,358.019805908203,335.023345947266,53.6913795471191,0.112689793109894,0.185288086533546,-0.437504976987839,-0.872673332691193
690.508666992188,4.37348556518555,-0.793497145175934,-0.120647929608822,11.7861404418945,322.162841796875,42.4357070922852,0.0261796303093433,0.335799336433411,-0.371587365865707,-0.865145206451416
691.009582519531,4.37348079681396,-0.793497145175934,-0.120647929608822,17.6635360717773,315.272125244141,39.294849395752,-0.0073041170835495,0.401827484369278,-0.362271785736084,-0.840975940227509
691.51123046875,4.37348985671997,-0.793497145175934,-0.120647929608822,12.862738609314,320.118591308594,52.7453117370605,0.0562040694057941,0.35040357708931,-0.449173629283905,-0.819939970970154
692.012390136719,4.37348556518555,-0.793497145175934,-0.120647929608822,9.8917179107666,322.277526855469,57.6191825866699,0.0837205052375793,0.321525186300278,-0.478747814893723,-0.812657952308655
692.513488769531,4.37348556518555,-0.793497145175934,-0.120647929608822,9.89177417755127,322.277435302734,57.6192512512207,0.0837206467986107,0.32152596116066,-0.478748351335526,-0.812657296657562
693.014831542969,4.37348556518555,-0.793497145175934,-0.120647929608822,9.89174938201904,322.277465820313,57.6192512512207,0.0837207213044167,0.321525692939758,-0.478748351335526,-0.812657475471497
693.515869140625,4.37348985671997,-0.793497145175934,-0.120647929608822,9.89174747467041,322.277465820313,57.6192512512207,0.0837207213044167,0.321525663137436,-0.478748351335526,-0.812657475471497
694.032836914063,4.37348556518555,-0.793497145175934,-0.120647929608822,9.89174747467041,322.277465820313,57.6192512512207,0.0837207213044167,0.321525663137436,-0.478748351335526,-0.812657475471497
694.533996582031,4.37348556518555,-0.793497145175934,-0.120647929608822,9.89174938201904,322.277465820313,57.6192512512207,0.0837207213044167,0.321525692939758,-0.478748351335526,-0.812657475471497
695.035766601563,4.37348556518555,-0.793497145175934,-0.120647929608822,9.89174938201904,322.277465820313,57.6192512512207,0.0837207213044167,0.321525692939758,-0.478748351335526,-0.812657475471497
695.536804199219,4.37348556518555,-0.793497145175934,-0.120647929608822,9.89174747467041,322.277465820313,57.6192512512207,0.0837207213044167,0.321525663137436,-0.478748351335526,-0.812657475471497
696.05615234375,4.37348556518555,-0.793497145175934,-0.120647929608822,9.89174842834473,322.277465820313,57.6192512512207,0.0837207362055779,0.321525692939758,-0.478748351335526,-0.812657475471497
696.582397460938,4.37348079681396,-0.793497145175934,-0.120647929608822,9.89174461364746,322.277465820313,57.6192512512207,0.083720751106739,0.321525663137436,-0.478748351335526,-0.812657475471497
697.084289550781,4.37348985671997,-0.793497145175934,-0.120647929608822,9.89174461364746,322.277465820313,57.6192512512207,0.083720751106739,0.321525663137436,-0.478748351335526,-0.812657475471497
697.585815429688,4.37348985671997,-0.793497145175934,-0.120647929608822,9.89174747467041,322.277465820313,57.6192588806152,0.0837207660079002,0.321525692939758,-0.478748381137848,-0.812657415866852
698.0869140625,4.37348985671997,-0.793497145175934,-0.120647929608822,9.89174747467041,322.277465820313,57.6192588806152,0.0837207660079002,0.321525692939758,-0.478748381137848,-0.812657415866852
698.588195800781,4.37348556518555,-0.793497145175934,-0.120647929608822,9.89174461364746,322.277465820313,57.6192512512207,0.083720751106739,0.321525663137436,-0.478748351335526,-0.812657475471497
699.089416503906,4.37348079681396,-0.793497145175934,-0.120647929608822,9.89174461364746,322.277465820313,57.6192512512207,0.083720751106739,0.321525663137436,-0.478748351335526,-0.812657475471497
699.590698242188,4.37348556518555,-0.793497145175934,-0.120647929608822,9.89174652099609,322.277465820313,57.6192512512207,0.083720751106739,0.321525692939758,-0.478748351335526,-0.812657475471497
700.091735839844,4.37348556518555,-0.793497145175934,-0.120647929608822,9.89174652099609,322.277465820313,57.6192512512207,0.083720751106739,0.321525692939758,-0.478748351335526,-0.812657475471497
700.592712402344,4.37348556518555,-0.793497145175934,-0.120647929608822,9.89174652099609,322.277465820313,57.6192512512207,0.083720751106739,0.321525692939758,-0.478748351335526,-0.812657475471497
701.09423828125,4.37348079681396,-0.793497145175934,-0.12064765393734,9.89174461364746,322.277465820313,57.6192512512207,0.083720751106739,0.321525663137436,-0.478748351335526,-0.812657475471497
701.595397949219,4.37348556518555,-0.793497145175934,-0.120647929608822,9.89174461364746,322.277465820313,57.6192512512207,0.083720751106739,0.321525663137436,-0.478748351335526,-0.812657475471497
702.096374511719,4.37348985671997,-0.793497145175934,-0.120647929608822,9.89174747467041,322.277465820313,57.6192588806152,0.0837207660079002,0.321525692939758,-0.478748381137848,-0.812657415866852
702.59765625,4.37348556518555,-0.79349821805954,-0.120647929608822,9.89183807373047,322.277404785156,57.6192588806152,0.0837203338742256,0.321526378393173,-0.478748589754105,-0.812657117843628
703.09912109375,4.38013935089111,-0.799630463123322,-0.122354790568352,9.4968433380127,322.528167724609,63.096565246582,0.1006765589118,0.313809901475906,-0.51645028591156,-0.790358603000641
703.599792480469,4.39772605895996,-0.807918190956116,-0.121365889906883,10.4207792282104,322.081481933594,67.0449447631836,0.107085876166821,0.317168474197388,-0.544742703437805,-0.768890261650085
704.10107421875,4.40919160842896,-0.810906529426575,-0.121912628412247,11.5584650039673,321.613372802734,69.3267517089844,0.107811868190765,0.323117971420288,-0.561637997627258,-0.754012107849121
704.601989746094,4.42096519470215,-0.805078327655792,-0.11792616546154,14.1752796173096,320.647430419922,70.4164276123047,0.097715437412262,0.339992344379425,-0.572681367397308,-0.739522159099579
705.103088378906,4.42096519470215,-0.805078327655792,-0.11792616546154,14.1755485534668,320.647277832031,70.4167785644531,0.0977154225111008,0.339994251728058,-0.572683990001678,-0.73951929807663
705.604309082031,4.42378711700439,-0.803917109966278,-0.117007166147232,14.1757583618164,320.647399902344,70.4174957275391,0.0977154448628426,0.339993715286255,-0.572689056396484,-0.739515542984009
706.105407714844,4.42875957489014,-0.803618550300598,-0.116178937256336,14.175856590271,320.647338867188,70.4176330566406,0.0977154076099396,0.339994311332703,-0.57269012928009,-0.739514470100403
706.607116699219,4.42875528335571,-0.803618550300598,-0.116178937256336,14.4880962371826,320.549682617188,76.2119903564453,0.113221071660519,0.33670574426651,-0.60975843667984,-0.708523035049438
707.108032226563,4.42875957489014,-0.803618550300598,-0.116178661584854,14.4881000518799,320.549713134766,76.2119903564453,0.113221012055874,0.336705714464188,-0.609758496284485,-0.708523094654083
707.609130859375,4.42875957489014,-0.803618550300598,-0.116179205477238,14.4882144927979,320.549926757813,76.2125930786133,0.113220803439617,0.336704254150391,-0.609762609004974,-0.708520233631134
708.110534667969,4.42875957489014,-0.803619086742401,-0.116179205477238,14.4883804321289,320.549835205078,76.2126922607422,0.11322046816349,0.336705446243286,-0.609763443470001,-0.708519041538239
708.611267089844,4.42875957489014,-0.803619086742401,-0.116179205477238,14.488242149353,320.549621582031,76.2121963500977,0.113221034407616,0.336706608533859,-0.609759926795959,-0.70852142572403
709.113037109375,4.42875957489014,-0.803619086742401,-0.116179205477238,14.4883661270142,320.549560546875,76.2123565673828,0.113221041858196,0.336707442998886,-0.60976105928421,-0.708519995212555
709.614440917969,4.43651866912842,-0.804881632328033,-0.132377848029137,14.4884929656982,320.549407958984,76.2122802734375,0.113220818340778,0.336709082126617,-0.609760642051697,-0.708519637584686
710.115539550781,4.44598627090454,-0.809356272220612,-0.127999886870384,14.8186845779419,320.465576171875,76.3171157836914,0.111783750355244,0.338687151670456,-0.610871732234955,-0.706845939159393
710.616516113281,4.45391893386841,-0.810697913169861,-0.134397640824318,16.7621612548828,319.978057861328,76.8984756469727,0.103255972266197,0.350297719240189,-0.617102444171906,-0.697003901004791
711.118041992188,4.45391464233398,-0.810698509216309,-0.134397640824318,16.7034206390381,319.992126464844,76.4947814941406,0.102335833013058,0.350298494100571,-0.614562749862671,-0.699379026889801
711.618957519531,4.45391893386841,-0.810698509216309,-0.134397640824318,16.703462600708,319.99169921875,76.4941482543945,0.102335855364799,0.350301742553711,-0.614558577537537,-0.699380993843079
712.134643554688,4.45391893386841,-0.810698509216309,-0.134397640824318,16.7035808563232,319.991455078125,76.494026184082,0.102335959672928,0.350303888320923,-0.614557802677155,-0.69938063621521
712.635925292969,4.45391893386841,-0.810698509216309,-0.134397640824318,16.7035751342773,319.991455078125,76.494026184082,0.102336071431637,0.350303888320923,-0.614557802677155,-0.69938063621521
713.13720703125,4.45391893386841,-0.810698509216309,-0.134397640824318,16.7035636901855,319.991455078125,76.494026184082,0.102336190640926,0.350303888320923,-0.614557802677155,-0.69938063621521
713.638305664063,4.45391893386841,-0.810698509216309,-0.134397640824318,16.7035636901855,319.991455078125,76.494026184082,0.102336190640926,0.350303888320923,-0.614557802677155,-0.69938063621521
714.142517089844,4.45391893386841,-0.810699045658112,-0.134397640824318,16.7035636901855,319.991455078125,76.494026184082,0.102336190640926,0.350303888320923,-0.614557802677155,-0.69938063621521
714.644897460938,4.45391893386841,-0.810698509216309,-0.134397640824318,16.7035999298096,319.991394042969,76.4940490722656,0.102336272597313,0.350304365158081,-0.614557921886444,-0.699380278587341
715.151428222656,4.45391893386841,-0.810698509216309,-0.134397640824318,16.7036590576172,319.990905761719,76.4932250976563,0.102335937321186,0.350308328866959,-0.614552557468414,-0.699383080005646
715.654174804688,4.45391893386841,-0.810698509216309,-0.134397640824318,16.703670501709,319.990783691406,76.493049621582,0.102336004376411,0.350309282541275,-0.614551424980164,-0.699383616447449
716.156372070313,4.45391893386841,-0.810699045658112,-0.134397640824318,16.7036819458008,319.990783691406,76.4931640625,0.102336354553699,0.350309282541275,-0.614552140235901,-0.699382901191711
716.658874511719,4.45391893386841,-0.810699045658112,-0.134397640824318,16.703950881958,319.990783691406,76.4934997558594,0.102335594594479,0.350310266017914,-0.614554584026337,-0.699380338191986
717.160766601563,4.45391893386841,-0.810699045658112,-0.134397640824318,16.703950881958,319.990783691406,76.4934997558594,0.102335594594479,0.350310266017914,-0.614554584026337,-0.699380338191986
717.662414550781,4.45391893386841,-0.810699045658112,-0.134397640824318,16.703950881958,319.990783691406,76.4934997558594,0.102335594594479,0.350310266017914,-0.614554584026337,-0.699380338191986
718.163879394531,4.45391893386841,-0.810699045658112,-0.134397640824318,16.703950881958,319.990783691406,76.4934997558594,0.102335594594479,0.350310266017914,-0.614554584026337,-0.699380338191986
718.665100097656,4.45391893386841,-0.810699045658112,-0.134397640824318,16.703950881958,319.990783691406,76.4934997558594,0.102335594594479,0.350310266017914,-0.614554584026337,-0.699380338191986
719.166076660156,4.45391893386841,-0.810699045658112,-0.134397640824318,16.703950881958,319.990783691406,76.4934997558594,0.102335594594479,0.350310266017914,-0.614554584026337,-0.699380338191986
719.667053222656,4.45391893386841,-0.810699045658112,-0.134397640824318,16.703950881958,319.990783691406,76.4934997558594,0.102335594594479,0.350310266017914,-0.614554584026337,-0.699380338191986
720.169128417969,4.45391893386841,-0.810699045658112,-0.134397640824318,16.703950881958,319.990783691406,76.4934997558594,0.102335594594479,0.350310266017914,-0.614554584026337,-0.699380338191986
720.685668945313,4.45391893386841,-0.810699045658112,-0.134397640824318,16.703950881958,319.990783691406,76.4934997558594,0.102335594594479,0.350310266017914,-0.614554584026337,-0.699380338191986
721.186950683594,4.45391893386841,-0.810699045658112,-0.134397640824318,16.703950881958,319.990783691406,76.4934997558594,0.102335594594479,0.350310266017914,-0.614554584026337,-0.699380338191986
721.687927246094,4.45391893386841,-0.810699045658112,-0.134397640824318,16.703950881958,319.990783691406,76.4934997558594,0.102335594594479,0.350310266017914,-0.614554584026337,-0.699380338191986
722.189758300781,4.45391893386841,-0.810699045658112,-0.134397640824318,16.703950881958,319.990783691406,76.4934997558594,0.102335594594479,0.350310266017914,-0.614554584026337,-0.699380338191986
722.70849609375,4.45391893386841,-0.810699045658112,-0.134397640824318,16.703950881958,319.990783691406,76.4934997558594,0.102335594594479,0.350310266017914,-0.614554584026337,-0.699380338191986
723.232177734375,4.45391893386841,-0.810699045658112,-0.134397640824318,16.7041015625,319.990600585938,76.4934921264648,0.102335453033447,0.350311994552612,-0.614554643630981,-0.699379503726959
723.735595703125,4.45391893386841,-0.810699045658112,-0.134397640824318,15.9746055603027,320.190460205078,73.5045623779297,0.0970561504364014,0.348315477371216,-0.59505707025528,-0.717748939990997
724.236999511719,4.45391893386841,-0.810700118541718,-0.134398177266121,11.5636940002441,321.526092529297,61.2197570800781,0.0850501358509064,0.330554276704788,-0.506879568099976,-0.791563987731934
724.737670898438,4.45391893386841,-0.810700118541718,-0.134398177266121,11.9830169677734,321.256011962891,50.3152465820313,0.0511080287396908,0.34045672416687,-0.430190443992615,-0.83451384305954
725.239135742188,4.45391893386841,-0.810699582099915,-0.134398445487022,4.3872857093811,326.351928710938,66.6114807128906,0.128192439675331,0.261835783720016,-0.534477651119232,-0.793311059474945
725.740478515625,4.45392322540283,-0.810700118541718,-0.134398713707924,4.33509016036987,326.379028320313,71.001708984375,0.138351544737816,0.256302028894424,-0.564406394958496,-0.772407650947571
726.241516113281,4.4540491104126,-0.810838282108307,-0.13425675034523,4.33510160446167,326.37890625,71.0014724731445,0.138351455330849,0.25630310177803,-0.564404666423798,-0.772408604621887
726.742919921875,4.45336437225342,-0.811227858066559,-0.132658809423447,4.33512306213379,326.378967285156,71.0011444091797,0.138350397348404,0.256303340196609,-0.56440258026123,-0.772410273551941
727.244384765625,4.44974899291992,-0.811782717704773,-0.137964978814125,4.29623937606812,326.392333984375,71.1283645629883,0.138835072517395,0.255873709917068,-0.565203249454498,-0.771880030632019
727.772277832031,4.45394945144653,-0.816055834293365,-0.132956564426422,4.19497394561768,326.426727294922,71.4481887817383,0.140070304274559,0.254768043756485,-0.567208528518677,-0.770550549030304
728.274475097656,4.45394515991211,-0.816055834293365,-0.132956564426422,4.19497632980347,326.426818847656,71.4482955932617,0.14007006585598,0.254767328500748,-0.567209303379059,-0.770550191402435
728.775268554688,4.45394515991211,-0.816055834293365,-0.132956281304359,4.19489240646362,326.426940917969,71.4486312866211,0.140070855617523,0.254765778779984,-0.56721156835556,-0.770548939704895
729.276550292969,4.45394945144653,-0.816055834293365,-0.132956564426422,4.20017194747925,326.442840576172,71.4496154785156,0.13995823264122,0.254682958126068,-0.567247450351715,-0.770570397377014
729.777648925781,4.47101593017578,-0.744924187660217,-0.115373186767101,4.50446891784668,327.354614257813,71.5187530517578,0.133507177233696,0.249927058815956,-0.569357812404633,-0.771715044975281
730.278930664063,4.47139739990234,-0.743327915668488,-0.114978715777397,4.67775630950928,327.87548828125,71.560791015625,0.129820391535759,0.247203975915909,-0.570547342300415,-0.772342324256897
730.780212402344,4.46827173233032,-0.74466735124588,-0.115768201649189,4.6777811050415,327.875427246094,71.5610656738281,0.129821211099625,0.247204273939133,-0.570549190044403,-0.772340655326843
731.281188964844,4.46494722366333,-0.754678785800934,-0.121657140552998,4.67750930786133,327.875549316406,71.5607757568359,0.129821881651878,0.247202560305595,-0.570546865463257,-0.772342920303345
731.783020019531,4.46583986282349,-0.75514805316925,-0.120172172784805,4.67755794525146,327.875549316406,71.5606460571289,0.129821270704269,0.247202962636948,-0.57054603099823,-0.772343456745148
732.283569335938,4.46583986282349,-0.75514805316925,-0.120172172784805,4.677574634552,327.875427246094,71.560676574707,0.129821702837944,0.247203648090363,-0.570546209812164,-0.772343039512634
732.785705566406,4.46754789352417,-0.758913993835449,-0.116283513605595,4.67742013931274,327.875366210938,71.5603256225586,0.129822313785553,0.247203722596169,-0.570543467998505,-0.772344887256622
733.286254882813,4.46739625930786,-0.759004473686218,-0.116159155964851,4.67742013931274,327.875366210938,71.5603256225586,0.129822313785553,0.247203722596169,-0.570543467998505,-0.772344887256622
733.787353515625,4.46739625930786,-0.759004473686218,-0.116159155964851,4.67742013931274,327.875366210938,71.5603256225586,0.129822313785553,0.247203722596169,-0.570543467998505,-0.772344887256622
734.305786132813,4.46740055084229,-0.759004473686218,-0.116159155964851,4.67742013931274,327.875366210938,71.5603256225586,0.129822313785553,0.247203722596169,-0.570543467998505,-0.772344887256622
734.806213378906,4.46739625930786,-0.759004473686218,-0.116159155964851,4.67742013931274,327.875366210938,71.5603256225586,0.129822313785553,0.247203722596169,-0.570543467998505,-0.772344887256622
735.307678222656,4.46740055084229,-0.759004473686218,-0.116159155964851,4.67742013931274,327.875366210938,71.5603256225586,0.129822313785553,0.247203722596169,-0.570543467998505,-0.772344887256622
735.808410644531,4.46739625930786,-0.759004473686218,-0.116159155964851,4.67742013931274,327.875366210938,71.5603256225586,0.129822313785553,0.247203722596169,-0.570543467998505,-0.772344887256622
736.325744628906,4.46739625930786,-0.759004473686218,-0.116159155964851,4.67742013931274,327.875366210938,71.5603256225586,0.129822313785553,0.247203722596169,-0.570543467998505,-0.772344887256622
736.848327636719,4.46739625930786,-0.759004473686218,-0.116159155964851,4.67741107940674,327.875427246094,71.5603866577148,0.129822298884392,0.247203305363655,-0.570543944835663,-0.772344708442688
737.351501464844,4.46739625930786,-0.759004473686218,-0.116159155964851,4.6773419380188,327.875518798828,71.5606842041016,0.129822954535484,0.24720199406147,-0.570545971393585,-0.772343516349792
737.853149414063,4.46739625930786,-0.759004473686218,-0.11616051197052,4.67739057540894,327.875549316406,71.5606155395508,0.129822269082069,0.247202038764954,-0.570545613765717,-0.772343873977661
738.355773925781,4.46739196777344,-0.759004473686218,-0.11616051197052,4.67726802825928,327.875701904297,71.5607681274414,0.12982265651226,0.247200235724449,-0.570546567440033,-0.772343695163727
738.857543945313,4.46739625930786,-0.759004473686218,-0.11616051197052,4.6770658493042,327.875640869141,71.560661315918,0.129824116826057,0.247199773788452,-0.570545494556427,-0.772344410419464
739.359436035156,4.46739625930786,-0.759004473686218,-0.116160780191422,4.67723560333252,327.875366210938,71.5608673095703,0.129824802279472,0.247202292084694,-0.570546805858612,-0.772342503070831
739.861328125,4.46739625930786,-0.759004473686218,-0.11616051197052,4.67744302749634,327.875274658203,71.5611953735352,0.129824578762054,0.247203588485718,-0.570549249649048,-0.772340297698975
740.362854003906,4.46740055084229,-0.759004473686218,-0.11616051197052,4.67751121520996,327.875152587891,71.5610885620117,0.129824444651604,0.247204795479774,-0.570548534393311,-0.772340476512909
740.865112304688,4.46739625930786,-0.759004473686218,-0.11616051197052,4.67750120162964,327.875244140625,71.5611343383789,0.129824101924896,0.247204005718231,-0.570548951625824,-0.772340476512909
741.392639160156,4.46739625930786,-0.759004473686218,-0.11616051197052,4.67750120162964,327.875244140625,71.5611343383789,0.129824101924896,0.247204005718231,-0.570548951625824,-0.772340476512909
741.893737792969,4.46739625930786,-0.759004473686218,-0.11616051197052,4.67750120162964,327.875244140625,71.5611343383789,0.129824101924896,0.247204005718231,-0.570548951625824,-0.772340476512909
742.395446777344,4.46739625930786,-0.759004473686218,-0.11616051197052,4.67750120162964,327.875244140625,71.5611343383789,0.129824101924896,0.247204005718231,-0.570548951625824,-0.772340476512909
742.896057128906,4.46739625930786,-0.759004473686218,-0.11616051197052,4.67750120162964,327.875244140625,71.5611343383789,0.129824101924896,0.247204005718231,-0.570548951625824,-0.772340476512909
743.397644042969,4.46739625930786,-0.759004473686218,-0.11616051197052,4.67750120162964,327.875244140625,71.5611343383789,0.129824101924896,0.247204005718231,-0.570548951625824,-0.772340476512909
743.898864746094,4.46739625930786,-0.759004473686218,-0.11616051197052,4.67750120162964,327.875244140625,71.5611343383789,0.129824101924896,0.247204005718231,-0.570548951625824,-0.772340476512909
744.39990234375,4.46740055084229,-0.759004473686218,-0.11616051197052,4.67750120162964,327.875244140625,71.5611343383789,0.129824101924896,0.247204005718231,-0.570548951625824,-0.772340476512909
744.916198730469,4.46739625930786,-0.759004473686218,-0.11616051197052,4.67750120162964,327.875244140625,71.5611343383789,0.129824101924896,0.247204005718231,-0.570548951625824,-0.772340476512909
745.417907714844,4.46739625930786,-0.759004473686218,-0.11616051197052,4.67750120162964,327.875244140625,71.5611343383789,0.129824101924896,0.247204005718231,-0.570548951625824,-0.772340476512909
745.918762207031,4.46740055084229,-0.759004473686218,-0.11616051197052,4.67750120162964,327.875244140625,71.5611343383789,0.129824101924896,0.247204005718231,-0.570548951625824,-0.772340476512909
746.420715332031,4.46739625930786,-0.759004473686218,-0.11616051197052,4.67750120162964,327.875244140625,71.5611343383789,0.129824101924896,0.247204005718231,-0.570548951625824,-0.772340476512909
746.939758300781,4.46739625930786,-0.759004473686218,-0.11616051197052,4.67750120162964,327.875244140625,71.5611343383789,0.129824101924896,0.247204005718231,-0.570548951625824,-0.772340476512909
747.442260742188,4.46739625930786,-0.759004473686218,-0.11616051197052,4.67750120162964,327.875244140625,71.5611343383789,0.129824101924896,0.247204005718231,-0.570548951625824,-0.772340476512909
747.966796875,4.46739196777344,-0.759004473686218,-0.11616051197052,4.67748546600342,327.875244140625,71.5610504150391,0.129824131727219,0.247204139828682,-0.570548355579376,-0.772340893745422
748.469421386719,4.46739625930786,-0.759004473686218,-0.11616051197052,4.67748546600342,327.875244140625,71.5610504150391,0.129824131727219,0.247204139828682,-0.570548355579376,-0.772340893745422
748.971130371094,4.46739625930786,-0.759004473686218,-0.11616051197052,2.94333171844482,328.511474609375,66.6078109741211,0.128280982375145,0.240279152989388,-0.534129679203033,-0.800322115421295
749.472045898438,4.46739625930786,-0.759004473686218,-0.11616051197052,4.54965877532959,327.589721679688,53.2928276062012,0.0909952446818352,0.266334414482117,-0.440225899219513,-0.852635324001312
749.973449707031,4.46739625930786,-0.759004473686218,-0.116160236299038,359.647247314453,331.66552734375,46.2594604492188,0.0988867953419685,0.223905712366104,-0.380172491073608,-0.8919398188591
750.474670410156,4.46739625930786,-0.759004473686218,-0.11616051197052,3.53651118278503,327.405303955078,29.9732704162598,0.0439229048788548,0.278606951236725,-0.256449431180954,-0.924490451812744
750.9765625,4.46739625930786,-0.759004473686218,-0.11616051197052,4.66949605941772,324.059631347656,12.0869646072388,-0.00607986096292734,0.310632556676865,-0.112562693655491,-0.943822085857391
751.477661132813,4.46740055084229,-0.759004473686218,-0.11616051197052,5.01738977432251,323.421630859375,347.199279785156,-0.076249748468399,0.306925565004349,0.0920923128724098,-0.944193661212921
751.979370117188,4.46739625930786,-0.759004473686218,-0.11616051197052,6.03653907775879,328.734436035156,355.666717529297,-0.0608438737690449,0.266987770795822,0.022178390994668,-0.961521565914154
752.479919433594,4.46739625930786,-0.759004473686218,-0.116160236299038,5.72070693969727,333.067321777344,20.6412792205811,-0.00607576826587319,0.237515211105347,-0.185446828603745,-0.953498423099518
752.980590820313,4.46739625930786,-0.759004473686218,-0.11616051197052,4.94744253158569,334.575622558594,38.781364440918,0.0332764647901058,0.221356600522995,-0.332526713609695,-0.916144073009491
753.48193359375,4.46739625930786,-0.759004473686218,-0.11616051197052,4.94744253158569,334.575622558594,38.781364440918,0.0332764647901058,0.221356600522995,-0.332526713609695,-0.916144073009491
753.983032226563,4.46739625930786,-0.759004473686218,-0.11616051197052,4.94744253158569,334.575622558594,38.781364440918,0.0332764647901058,0.221356600522995,-0.332526713609695,-0.916144073009491
754.484069824219,4.46740055084229,-0.759004473686218,-0.11616051197052,4.94744253158569,334.575622558594,38.781364440918,0.0332764647901058,0.221356600522995,-0.332526713609695,-0.916144073009491
754.985656738281,4.46739625930786,-0.759004473686218,-0.11616051197052,4.94744253158569,334.575622558594,38.781364440918,0.0332764647901058,0.221356600522995,-0.332526713609695,-0.916144073009491
755.486633300781,4.46739625930786,-0.759004473686218,-0.11616051197052,4.94744253158569,334.575622558594,38.781364440918,0.0332764647901058,0.221356600522995,-0.332526713609695,-0.916144073009491
755.987854003906,4.46739625930786,-0.759004473686218,-0.11616051197052,4.94744253158569,334.575622558594,38.781364440918,0.0332764647901058,0.221356600522995,-0.332526713609695,-0.916144073009491
756.488952636719,4.46739196777344,-0.759004473686218,-0.11616051197052,4.94744253158569,334.575622558594,38.781364440918,0.0332764647901058,0.221356600522995,-0.332526713609695,-0.916144073009491
756.990661621094,4.46739625930786,-0.759004473686218,-0.11616051197052,4.94744253158569,334.575622558594,38.781364440918,0.0332764647901058,0.221356600522995,-0.332526713609695,-0.916144073009491
757.491333007813,4.46739625930786,-0.759004473686218,-0.11616051197052,4.94744253158569,334.575622558594,38.781364440918,0.0332764647901058,0.221356600522995,-0.332526713609695,-0.916144073009491
757.992614746094,4.46739625930786,-0.759004473686218,-0.11616051197052,3.40845942497253,336.432434082031,41.6301574707031,0.0453246273100376,0.201151147484779,-0.353387206792831,-0.912469983100891
758.493835449219,4.46570587158203,-0.760724306106567,-0.111965969204903,3.46610236167908,336.371704101563,47.1916236877441,0.0547881238162518,0.199383392930031,-0.39729779958725,-0.894091188907623
758.995178222656,4.46178674697876,-0.761422753334045,-0.112137198448181,3.16905426979065,336.637542724609,41.1228942871094,0.0457274168729782,0.199006468057632,-0.34904819726944,-0.914587736129761
759.496276855469,4.47739696502686,-0.781333446502686,-0.108819387853146,2.40056943893433,337.295501708984,59.991039276123,0.0805983617901802,0.180706366896629,-0.493614912033081,-0.846872806549072
759.9970703125,4.48056125640869,-0.784193396568298,-0.109185144305229,2.05936455726624,337.527496337891,51.07421875,0.0680835470557213,0.183388873934746,-0.425923645496368,-0.883358538150787
760.498779296875,4.469801902771,-0.78659975528717,-0.107410550117493,2.0594744682312,337.527435302734,51.0749092102051,0.0680840015411377,0.183389291167259,-0.425929069519043,-0.883355736732483
761,4.46858835220337,-0.78626275062561,-0.106616720557213,1.94107723236084,337.623352050781,50.2521858215332,0.067333459854126,0.182704389095306,-0.419457763433456,-0.886645674705505
761.5009765625,4.45754289627075,-0.788902163505554,-0.105546817183495,1.3479140996933,338.128875732422,47.7040786743164,0.0661442875862122,0.178160831332207,-0.399046510457993,-0.897020399570465
762.00244140625,4.45754289627075,-0.788902163505554,-0.10554763674736,1.34791147708893,338.128967285156,47.7042922973633,0.0661443620920181,0.178160086274147,-0.399048209190369,-0.897019743919373
762.503784179688,4.45753860473633,-0.78890323638916,-0.105547361075878,1.34798192977905,338.129058837891,47.7047958374023,0.0661442279815674,0.178159207105637,-0.399052351713181,-0.897018134593964
763.018432617188,4.45753860473633,-0.78890323638916,-0.105547361075878,1.34808528423309,338.129058837891,47.7055053710938,0.0661445483565331,0.178159222006798,-0.399058043956757,-0.897015571594238
763.520080566406,4.45754289627075,-0.78890323638916,-0.105547361075878,1.34807920455933,338.129211425781,47.7055320739746,0.0661440715193748,0.178157910704613,-0.39905834197998,-0.897015750408173
764.021362304688,4.45753860473633,-0.78890323638916,-0.105547361075878,1.34812116622925,338.129211425781,47.7055282592773,0.0661437511444092,0.178158104419708,-0.39905834197998,-0.897015690803528
764.522033691406,4.45753860473633,-0.78890323638916,-0.105548717081547,1.34815275669098,338.129058837891,47.7055244445801,0.0661440342664719,0.178159400820732,-0.399058282375336,-0.897015452384949
765.023376464844,4.45753860473633,-0.78890323638916,-0.105546817183495,1.34808647632599,338.129028320313,47.7050476074219,0.0661439448595047,0.178159758448601,-0.399054408073425,-0.897017061710358
765.538452148438,4.45753860473633,-0.788905918598175,-0.105547904968262,1.3480681180954,338.128936767578,47.7049217224121,0.0661442130804062,0.178160488605499,-0.399053364992142,-0.897017419338226
766.064086914063,4.45753860473633,-0.788905918598175,-0.105547904968262,1.3480464220047,338.128753662109,47.7048835754395,0.0661449432373047,0.178161814808846,-0.399052947759628,-0.897017300128937
766.567077636719,4.45753860473633,-0.788905918598175,-0.105547904968262,1.3480464220047,338.128753662109,47.7048835754395,0.0661449432373047,0.178161814808846,-0.399052947759628,-0.897017300128937
767.0693359375,4.45753860473633,-0.788905918598175,-0.105547904968262,1.34805023670197,338.128692626953,47.7049942016602,0.0661453157663345,0.178162276744843,-0.399053782224655,-0.897016763687134
767.571960449219,4.45753860473633,-0.788905918598175,-0.105547904968262,1.34808051586151,338.128540039063,47.7052230834961,0.0661459267139435,0.17816336452961,-0.399055510759354,-0.897015750408173
768.07373046875,4.45753860473633,-0.788905918598175,-0.105547904968262,1.34810149669647,338.128479003906,47.7052879333496,0.0661460384726524,0.178163796663284,-0.399056017398834,-0.897015452384949
768.5751953125,4.45753860473633,-0.788905918598175,-0.105547904968262,1.34804427623749,338.128479003906,47.7052612304688,0.0661465153098106,0.178163766860962,-0.39905571937561,-0.897015511989594
769.076477050781,4.45753860473633,-0.788905918598175,-0.105547904968262,1.3480464220047,338.128479003906,47.7052574157715,0.0661464706063271,0.178163722157478,-0.39905571937561,-0.897015571594238
769.578002929688,4.45753860473633,-0.788905918598175,-0.105547904968262,1.34806644916534,338.128448486328,47.7052764892578,0.0661464259028435,0.178163975477219,-0.399055868387222,-0.897015452384949
770.07958984375,4.45753860473633,-0.788905918598175,-0.105547904968262,1.34806644916534,338.128448486328,47.7052764892578,0.0661464259028435,0.178163975477219,-0.399055868387222,-0.897015452384949
770.580871582031,4.45753860473633,-0.788906455039978,-0.105547904968262,1.34806644916534,338.128448486328,47.7052764892578,0.0661464259028435,0.178163975477219,-0.399055868387222,-0.897015452384949
771.081970214844,4.45753860473633,-0.788905918598175,-0.105547904968262,1.34806644916534,338.128448486328,47.7052764892578,0.0661464259028435,0.178163975477219,-0.399055868387222,-0.897015452384949
771.583312988281,4.45753860473633,-0.788905382156372,-0.105547904968262,1.34806644916534,338.128448486328,47.7052764892578,0.0661464259028435,0.178163975477219,-0.399055868387222,-0.897015452384949
772.084289550781,4.45754289627075,-0.788905918598175,-0.105547904968262,1.34806728363037,338.128448486328,47.7052764892578,0.0661464259028435,0.17816399037838,-0.399055868387222,-0.897015452384949
772.585388183594,4.4575343132019,-0.788905918598175,-0.105547904968262,1.34806728363037,338.128448486328,47.7052764892578,0.0661464259028435,0.17816399037838,-0.399055868387222,-0.897015452384949
773.102783203125,4.45753860473633,-0.788905918598175,-0.105547904968262,1.34806728363037,338.128448486328,47.7052764892578,0.0661464259028435,0.178164005279541,-0.399055868387222,-0.897015452384949
773.603942871094,4.45754289627075,-0.788905918598175,-0.105547904968262,1.34806895256042,338.128448486328,47.7052764892578,0.0661464110016823,0.178164005279541,-0.399055868387222,-0.897015452384949
774.105285644531,4.45753860473633,-0.788905918598175,-0.105547904968262,1.34805107116699,338.128479003906,47.705265045166,0.0661464408040047,0.17816373705864,-0.399055749177933,-0.897015511989594
774.606384277344,4.45754289627075,-0.788905918598175,-0.105547904968262,1.34806859493256,338.128448486328,47.7052688598633,0.0661464333534241,0.178164064884186,-0.399055808782578,-0.897015452384949
775.11572265625,4.45753860473633,-0.788905918598175,-0.105547904968262,1.34806859493256,338.128448486328,47.7052688598633,0.0661464333534241,0.178164064884186,-0.399055808782578,-0.897015452384949
775.643249511719,4.45753860473633,-0.788905918598175,-0.105547904968262,1.34808826446533,338.128356933594,47.7054328918457,0.0661467835307121,0.178164586424828,-0.39905709028244,-0.897014737129211
776.147705078125,4.45753860473633,-0.788905918598175,-0.105547904968262,1.34813010692596,338.128326416016,47.7057075500488,0.0661470144987106,0.178164899349213,-0.399059236049652,-0.89701372385025
776.650512695313,4.45753860473633,-0.788905918598175,-0.105547904968262,4.08057069778442,333.978515625,23.9866561889648,0.0128216231241822,0.227287963032722,-0.210175126791,-0.950790345668793
777.152404785156,4.45753860473633,-0.788905918598175,-0.105547904968262,4.41705846786499,333.104187011719,8.67131328582764,-0.0198043026030064,0.234556794166565,-0.0824083387851715,-0.968400657176971
777.654479980469,4.45326900482178,-0.787318289279938,-0.106226854026318,4.38152647018433,333.584411621094,353.577972412109,-0.0499458536505699,0.225873216986656,0.0457713231444359,-0.971798181533813
778.156616210938,4.4438796043396,-0.787110209465027,-0.103951580822468,4.2931661605835,333.142669677734,349.641845703125,-0.0572322569787502,0.227835476398468,0.0790763050317764,-0.968794286251068
778.657653808594,4.43868637084961,-0.786339700222015,-0.102857835590839,4.51343774795532,342.101501464844,13.5266265869141,-0.0203212015330791,0.158938124775887,-0.122327111661434,-0.979470193386078
779.159362792969,4.43869066238403,-0.786339700222015,-0.102857835590839,2.31622767448425,347.175018310547,38.2145156860352,0.0175728686153889,0.112085521221161,-0.327356189489365,-0.938065052032471
779.660461425781,4.43869066238403,-0.786339700222015,-0.102857835590839,7.24139070510864,342.550750732422,52.4961547851563,0.010966400615871,0.163379311561584,-0.44485992193222,-0.880503594875336
780.161743164063,4.43868637084961,-0.786339700222015,-0.102857835590839,4.1827449798584,344.709655761719,57.9650230407715,0.0327801965177059,0.133824959397316,-0.484162628650665,-0.864061892032623
780.662658691406,4.43869066238403,-0.786339700222015,-0.102857835590839,4.84335708618164,344.221130371094,47.8209533691406,0.0173218715935946,0.142333582043648,-0.406415969133377,-0.90236759185791
781.163818359375,4.43869066238403,-0.786339163780212,-0.102858111262321,8.15234756469727,340.603485107422,37.4054222106934,-0.0124857667833567,0.181627660989761,-0.326617836952209,-0.927456915378571
781.665954589844,4.43869495391846,-0.786341309547424,-0.102858111262321,10.1062307357788,337.133453369141,19.9112377166748,-0.0508941300213337,0.209408327937126,-0.185992747545242,-0.958626449108124
782.166687011719,4.43869066238403,-0.786341309547424,-0.102858111262321,11.3755979537964,331.484619140625,8.53134727478027,-0.0775603353977203,0.251536816358566,-0.0960762724280357,-0.959939062595367
782.667785644531,4.43869066238403,-0.786341309547424,-0.102858111262321,11.6717567443848,323.846374511719,355.003967285156,-0.11002254486084,0.304177284240723,0.00969845615327358,-0.94619083404541
783.169006347656,4.43869066238403,-0.786341309547424,-0.102858111262321,11.8919582366943,329.331695556641,1.99583697319031,-0.0953068658709526,0.264725357294083,-0.0440959185361862,-0.95858895778656
783.670043945313,4.43869066238403,-0.786341309547424,-0.102858111262321,8.77825260162354,343.834167480469,24.9688377380371,-0.0436716973781586,0.153258144855499,-0.223905012011528,-0.961494326591492
784.171142578125,4.43869495391846,-0.786341309547424,-0.102858111262321,5.01481056213379,349.960662841797,49.1517486572266,-0.00327754043973982,0.0976203307509422,-0.417387306690216,-0.903464138507843
784.67236328125,4.43869066238403,-0.786341845989227,-0.102858111262321,4.01030731201172,350.662170410156,60.9089584350586,0.0111696748062968,0.0878002941608429,-0.507317543029785,-0.857201993465424
785.173889160156,4.43869495391846,-0.786341845989227,-0.102858111262321,4.68420934677124,350.277893066406,58.9662132263184,0.00622526742517948,0.0937449559569359,-0.493001520633698,-0.864940881729126
785.675048828125,4.43869066238403,-0.786341845989227,-0.102858111262321,12.9415817260742,343.35205078125,39.7472267150879,-0.0559679120779037,0.173188209533691,-0.349565893411636,-0.91906327009201
786.176025390625,4.43869066238403,-0.786341845989227,-0.102858111262321,13.1849822998047,343.020141601563,31.9540061950684,-0.0687945187091827,0.172248780727386,-0.286730051040649,-0.939884901046753
786.677551269531,4.43869066238403,-0.786341845989227,-0.102858111262321,7.92212915420532,349.958679199219,44.8550262451172,-0.0303001832216978,0.106955759227276,-0.384730815887451,-0.91631031036377
787.178527832031,4.43869495391846,-0.78634238243103,-0.102858111262321,4.91155004501343,352.688995361328,60.5316696166992,-0.00482754735276103,0.0765685513615608,-0.504884839057922,-0.859770476818085
787.679809570313,4.43869066238403,-0.786341845989227,-0.102858111262321,8.13422775268555,350.685729980469,55.2094192504883,-0.0251162443310022,0.104524970054626,-0.465779036283493,-0.878347098827362
788.180786132813,4.43869066238403,-0.786341845989227,-0.102857023477554,10.8911781311035,348.605651855469,49.9586219787598,-0.0438667051494122,0.129456326365471,-0.426848202943802,-0.893933653831482
788.682189941406,4.43869066238403,-0.786341845989227,-0.102857023477554,10.8910932540894,348.605804443359,49.9588394165039,-0.0438663102686405,0.129455029964447,-0.426849782466888,-0.893933117389679
789.183471679688,4.43869066238403,-0.786341845989227,-0.102857023477554,10.8909482955933,348.606018066406,49.9587669372559,-0.0438659861683846,0.12945294380188,-0.426849097013474,-0.893933832645416
789.684631347656,4.43869066238403,-0.786341845989227,-0.102857023477554,10.8909454345703,348.606018066406,49.9587516784668,-0.0438659861683846,0.129452913999557,-0.426848977804184,-0.893933832645416
790.185668945313,4.43869066238403,-0.786341845989227,-0.102857023477554,10.8909454345703,348.606018066406,49.9587516784668,-0.0438659861683846,0.129452913999557,-0.426848977804184,-0.893933832645416
790.686767578125,4.43869066238403,-0.786341845989227,-0.102857023477554,10.8909454345703,348.606018066406,49.9587516784668,-0.0438659861683846,0.129452913999557,-0.426848977804184,-0.893933832645416
791.187805175781,4.43869066238403,-0.786341845989227,-0.102857023477554,10.8909454345703,348.606018066406,49.9587516784668,-0.0438659861683846,0.129452913999557,-0.426848977804184,-0.893933832645416
791.688659667969,4.43869066238403,-0.786341845989227,-0.102857023477554,10.8909454345703,348.606018066406,49.9587516784668,-0.0438659861683846,0.129452913999557,-0.426848977804184,-0.893933832645416
792.190368652344,4.43869066238403,-0.786341845989227,-0.102857023477554,10.8909454345703,348.606018066406,49.9587516784668,-0.0438659861683846,0.129452913999557,-0.426848977804184,-0.893933832645416
792.691528320313,4.43869066238403,-0.786341845989227,-0.102857023477554,10.8909454345703,348.606018066406,49.9587516784668,-0.0438659861683846,0.129452913999557,-0.426848977804184,-0.893933832645416
793.193237304688,4.43869066238403,-0.786341845989227,-0.102857023477554,8.66773796081543,350.326354980469,57.1695442199707,-0.0258934069424868,0.10985653847456,-0.480986595153809,-0.869432628154755
793.693725585938,4.43869066238403,-0.786341845989227,-0.102857023477554,11.3056983947754,348.147491455078,43.1856002807617,-0.0532874129712582,0.13159117102623,-0.373717218637466,-0.916613221168518
794.194885253906,4.43869495391846,-0.786341845989227,-0.102857023477554,14.8289604187012,343.810791015625,33.6219940185547,-0.0819171965122223,0.170613691210747,-0.301334083080292,-0.934547126293182
794.696533203125,4.43868637084961,-0.786343455314636,-0.102857023477554,18.5999546051025,334.361450195313,12.4133682250977,-0.132978841662407,0.234712868928909,-0.139680668711662,-0.952741265296936
795.197143554688,4.43868637084961,-0.786343455314636,-0.102857023477554,19.2158527374268,326.239318847656,356.630035400391,-0.168063133955002,0.281480848789215,-0.0207013767212629,-0.944507718086243
795.699279785156,4.43868637084961,-0.786343455314636,-0.102857023477554,18.8993530273438,334.505187988281,9.60811710357666,-0.141343414783478,0.230305433273315,-0.116675652563572,-0.955703020095825
796.199645996094,4.43869066238403,-0.786343455314636,-0.102857023477554,16.3468551635742,343.589141845703,25.6341819763184,-0.1058684065938,0.168968826532364,-0.237123295664787,-0.950796544551849
796.701171875,4.43869495391846,-0.786343455314636,-0.102857023477554,17.1781692504883,341.610687255859,22.6886653900146,-0.113468877971172,0.183910101652145,-0.215397506952286,-0.952316105365753
797.202087402344,4.43869066238403,-0.786343455314636,-0.102857023477554,17.1781768798828,341.610748291016,22.6887283325195,-0.113468967378139,0.183909714221954,-0.215397953987122,-0.952316045761108
797.703369140625,4.42875099182129,-0.786235630512238,-0.0982923954725266,17.178165435791,341.610626220703,22.6886882781982,-0.113468736410141,0.183910474181175,-0.215397715568542,-0.952315926551819
798.204895019531,4.43029403686523,-0.787646651268005,-0.096252016723156,15.4050445556641,346.095703125,21.7663459777832,-0.108004368841648,0.142910659313202,-0.201659098267555,-0.962935745716095
798.705749511719,4.44073677062988,-0.793017566204071,-0.0827000886201859,15.715630531311,345.298828125,22.743932723999,-0.107939600944519,0.150986522436142,-0.210869058966637,-0.959732472896576
799.207092285156,4.4390549659729,-0.791183948516846,-0.0817111954092979,15.7156591415405,345.298828125,22.7439613342285,-0.107939831912518,0.150986447930336,-0.210869327187538,-0.959732413291931
799.708557128906,4.43802738189697,-0.790634989738464,-0.081324577331543,15.7156591415405,345.298828125,22.7439613342285,-0.107939831912518,0.150986447930336,-0.210869327187538,-0.959732413291931
800.209655761719,4.43801879882813,-0.79034948348999,-0.0812917947769165,15.7156591415405,345.298828125,22.7439613342285,-0.107939831912518,0.150986447930336,-0.210869327187538,-0.959732413291931
800.710815429688,4.43801879882813,-0.79034948348999,-0.0812917947769165,15.7156591415405,345.298828125,22.7439613342285,-0.107939831912518,0.150986447930336,-0.210869327187538,-0.959732413291931
801.211975097656,4.43801879882813,-0.790345668792725,-0.0812787860631943,15.7156591415405,345.298828125,22.7439613342285,-0.107939831912518,0.150986447930336,-0.210869327187538,-0.959732413291931
801.713256835938,4.43801879882813,-0.790344595909119,-0.0812768936157227,15.7156591415405,345.298828125,22.7439613342285,-0.107939831912518,0.150986447930336,-0.210869327187538,-0.959732413291931
802.230590820313,4.43801879882813,-0.790344595909119,-0.0812768936157227,15.7156591415405,345.298828125,22.7439613342285,-0.107939831912518,0.150986447930336,-0.210869327187538,-0.959732413291931
802.731811523438,4.43801879882813,-0.790344595909119,-0.0812766253948212,15.7156591415405,345.298828125,22.7439613342285,-0.107939831912518,0.150986447930336,-0.210869327187538,-0.959732413291931
803.233154296875,4.43801879882813,-0.790344595909119,-0.0812766253948212,15.7156591415405,345.298828125,22.7439613342285,-0.107939831912518,0.150986447930336,-0.210869327187538,-0.959732413291931
803.734069824219,4.43801879882813,-0.790344595909119,-0.0812766253948212,15.7156591415405,345.298828125,22.7439613342285,-0.107939831912518,0.150986447930336,-0.210869327187538,-0.959732413291931
804.23583984375,4.43801879882813,-0.790344595909119,-0.0812766253948212,15.7156591415405,345.298828125,22.7439613342285,-0.107939831912518,0.150986447930336,-0.210869327187538,-0.959732413291931
804.779479980469,4.43801879882813,-0.790344595909119,-0.0812766253948212,15.7156591415405,345.298828125,22.7439613342285,-0.107939831912518,0.150986447930336,-0.210869327187538,-0.959732413291931
805.306457519531,4.43801021575928,-0.790344595909119,-0.0812766253948212,15.7156219482422,345.298736572266,22.7438640594482,-0.107939466834068,0.15098711848259,-0.210868567228317,-0.959732532501221
805.808349609375,4.43801021575928,-0.790344595909119,-0.0812766253948212,15.715594291687,345.298767089844,22.7438526153564,-0.107939310371876,0.150986894965172,-0.210868403315544,-0.959732532501221
806.311096191406,4.43801021575928,-0.790344595909119,-0.0812766253948212,15.715633392334,345.298522949219,22.7438335418701,-0.107939228415489,0.150988832116127,-0.210868507623672,-0.959732294082642
806.812194824219,4.43801021575928,-0.790344595909119,-0.0812766253948212,15.7156524658203,345.298736572266,22.7438583374023,-0.107939720153809,0.150987237691879,-0.210868537425995,-0.959732413291931
807.314025878906,4.43801021575928,-0.790344595909119,-0.0812766253948212,15.7156648635864,345.299011230469,22.7439060211182,-0.107940293848515,0.150984883308411,-0.210868671536446,-0.959732711315155
807.815673828125,4.43801021575928,-0.790344595909119,-0.0812766253948212,15.7156591415405,345.299072265625,22.7436027526855,-0.10794074088335,0.150984168052673,-0.210866078734398,-0.959733366966248
808.318298339844,4.43801021575928,-0.790344595909119,-0.0812766253948212,15.7156476974487,345.299102783203,22.7433795928955,-0.107941016554832,0.15098363161087,-0.210864171385765,-0.959733843803406
808.846374511719,4.43801021575928,-0.790344595909119,-0.0812766253948212,15.7156915664673,345.299133300781,22.7433452606201,-0.107941463589668,0.150983467698097,-0.210863888263702,-0.959733903408051
809.347595214844,4.43801021575928,-0.790344595909119,-0.0812766253948212,15.7156915664673,345.299133300781,22.7433452606201,-0.107941463589668,0.150983467698097,-0.210863888263702,-0.959733903408051
809.848083496094,4.43801021575928,-0.790344595909119,-0.0812766253948212,15.7156915664673,345.299133300781,22.7433452606201,-0.107941463589668,0.150983467698097,-0.210863888263702,-0.959733903408051
810.349914550781,4.43801021575928,-0.790344595909119,-0.0812766253948212,15.7156915664673,345.299133300781,22.7433452606201,-0.107941463589668,0.150983467698097,-0.210863888263702,-0.959733903408051
810.851013183594,4.43801021575928,-0.790344595909119,-0.0812766253948212,15.7156915664673,345.299133300781,22.7433452606201,-0.107941463589668,0.150983467698097,-0.210863888263702,-0.959733903408051
811.352172851563,4.43801021575928,-0.790344595909119,-0.0812766253948212,15.7156915664673,345.299133300781,22.7433452606201,-0.107941463589668,0.150983467698097,-0.210863888263702,-0.959733903408051
811.853088378906,4.43801021575928,-0.790344595909119,-0.0812766253948212,15.7156915664673,345.299133300781,22.7433452606201,-0.107941463589668,0.150983467698097,-0.210863888263702,-0.959733903408051
812.369995117188,4.43801021575928,-0.790344595909119,-0.0812766253948212,15.7156915664673,345.299133300781,22.7433452606201,-0.107941463589668,0.150983467698097,-0.210863888263702,-0.959733903408051
812.871154785156,4.43801021575928,-0.790344595909119,-0.0812763497233391,15.7156915664673,345.299133300781,22.7433452606201,-0.107941463589668,0.150983467698097,-0.210863888263702,-0.959733903408051
813.372375488281,4.43801021575928,-0.790344595909119,-0.0812766253948212,15.7156915664673,345.299133300781,22.7433452606201,-0.107941463589668,0.150983467698097,-0.210863888263702,-0.959733903408051
813.873718261719,4.43801021575928,-0.790344595909119,-0.0812766253948212,15.7156915664673,345.299133300781,22.7433452606201,-0.107941463589668,0.150983467698097,-0.210863888263702,-0.959733903408051
814.395202636719,4.43801021575928,-0.790344595909119,-0.0812766253948212,15.7156915664673,345.299133300781,22.7433452606201,-0.107941463589668,0.150983467698097,-0.210863888263702,-0.959733903408051
814.914001464844,4.43801021575928,-0.790344595909119,-0.0812766253948212,15.7156648635864,345.299102783203,22.7432708740234,-0.107941299676895,0.150983512401581,-0.210863262414932,-0.95973402261734
815.417724609375,4.43801021575928,-0.790344595909119,-0.0812766253948212,15.7156543731689,345.299163818359,22.7431373596191,-0.107941478490829,0.150982931256294,-0.210862085223198,-0.959734380245209
815.920349121094,4.43801021575928,-0.790344595909119,-0.0812766253948212,15.7156076431274,345.299285888672,22.743091583252,-0.107941381633282,0.150981768965721,-0.210861563682556,-0.959734678268433
816.423034667969,4.43801021575928,-0.790344595909119,-0.0812766253948212,16.9815464019775,339.918609619141,6.25368690490723,-0.135766476392746,0.180110350251198,-0.0788266211748123,-0.971037626266479
816.924011230469,4.43801021575928,-0.790344595909119,-0.0812766253948212,17.1140441894531,332.573577880859,354.947662353516,-0.15474408864975,0.22782427072525,0.00710359448567033,-0.961301147937775
817.425476074219,4.43801021575928,-0.790344595909119,-0.0812766253948212,17.183744430542,333.476318359375,1.68439650535583,-0.142061248421669,0.228939846158028,-0.048413809388876,-0.961801052093506
817.927429199219,4.43801021575928,-0.790344595909119,-0.0812766253948212,17.1065940856934,331.951354980469,352.657867431641,-0.159343734383583,0.229907795786858,0.0254608131945133,-0.959741473197937
818.428771972656,4.43801021575928,-0.790344595909119,-0.0812766253948212,16.3946075439453,327.031707763672,349.960205078125,-0.16077247262001,0.2678102850914,0.0427453517913818,-0.949000895023346
818.929870605469,4.43487167358398,-0.787205576896667,-0.0807819068431854,16.0812568664551,325.796722412109,341.129547119141,-0.179615333676338,0.265321373939514,0.11456748098135,-0.940328240394592
819.431823730469,4.43354082107544,-0.786568880081177,-0.080274723470211,18.2023391723633,336.035614013672,355.502136230469,-0.162656888365746,0.198764204978943,0.00508925039321184,-0.966441750526428
819.931945800781,4.43354082107544,-0.786568880081177,-0.080274723470211,16.5084495544434,350.399291992188,20.6632213592529,-0.125889584422112,0.107131853699684,-0.188683941960335,-0.968025326728821
820.433288574219,4.43354082107544,-0.786568880081177,-0.080274723470211,11.0551271438599,359.476257324219,45.5069427490234,-0.0870679020881653,0.0414501130580902,-0.385370373725891,-0.917709529399872
820.934509277344,4.43354511260986,-0.786568880081177,-0.080274723470211,6.22269153594971,3.42244482040405,66.8884582519531,-0.0617028288543224,0.00501899560913444,-0.548714816570282,-0.833714425563812
821.435180664063,4.43354082107544,-0.786568880081177,-0.080274723470211,17.884729385376,356.327758789063,50.6804237365723,-0.126866027712822,0.0950992405414581,-0.427074313163757,-0.890207171440125
821.954223632813,4.43354082107544,-0.786568880081177,-0.080274723470211,25.0643062591553,347.959655761719,24.909984588623,-0.188631787896156,0.146510407328606,-0.231594756245613,-0.943035900592804
822.465759277344,4.43353652954102,-0.786568880081177,-0.0802749916911125,27.1968593597412,339.704833984375,9.19196319580078,-0.216971695423126,0.189239636063576,-0.117954947054386,-0.950367450714111
822.966613769531,4.43354082107544,-0.786568880081177,-0.0802749916911125,27.6444091796875,331.786315917969,355.930725097656,-0.239961609244347,0.228297203779221,-0.0247571635991335,-0.943231642246246
823.468566894531,4.43354082107544,-0.786568880081177,-0.0802749916911125,27.5365371704102,330.34619140625,352.181671142578,-0.246480494737625,0.232283309102058,0.00324991391971707,-0.940893888473511
823.968994140625,4.40320110321045,-0.775646090507507,-0.0897477939724922,27.5398635864258,330.371917724609,351.023132324219,-0.248840436339378,0.229564532637596,0.0128102656453848,-0.940858423709869
824.470336914063,4.3945050239563,-0.769154608249664,-0.096770852804184,27.5398292541504,330.371826171875,351.023132324219,-0.248840153217316,0.22956520318985,0.0128102526068687,-0.940858364105225
824.972473144531,4.39447498321533,-0.769123136997223,-0.096793606877327,27.5398292541504,330.371826171875,351.023132324219,-0.248840183019638,0.229565382003784,0.0128101715818048,-0.940858244895935
825.473510742188,4.39447498321533,-0.76912260055542,-0.096793606877327,27.2982654571533,328.687866210938,349.604614257813,-0.250043272972107,0.240578174591064,0.0213487930595875,-0.937627196311951
825.97412109375,4.39447927474976,-0.769122064113617,-0.096793606877327,27.3671245574951,329.113861083984,349.307739257813,-0.25113245844841,0.236352369189262,0.02454206161201,-0.938332438468933
826.4755859375,4.39447498321533,-0.76912260055542,-0.0967941507697105,27.3669319152832,329.113922119141,349.307800292969,-0.251130789518356,0.236352354288101,0.0245422273874283,-0.938332915306091
826.9765625,4.38158702850342,-0.759608089923859,-0.103738635778427,27.3668651580811,329.113830566406,349.307800292969,-0.251130253076553,0.236353129148483,0.0245422087609768,-0.938332855701447
827.47802734375,4.381591796875,-0.759608089923859,-0.103738635778427,27.366870880127,329.113708496094,349.307769775391,-0.251130402088165,0.236354008316994,0.0245421826839447,-0.938332557678223
827.979553222656,4.381591796875,-0.759608089923859,-0.103738635778427,27.3668804168701,329.113708496094,349.307769775391,-0.25113046169281,0.236354067921638,0.0245421342551708,-0.938332557678223
828.480163574219,4.381591796875,-0.759608089923859,-0.103738635778427,27.3668842315674,329.113708496094,349.307769775391,-0.251130521297455,0.236354127526283,0.0245421882718801,-0.938332557678223
828.981384277344,4.381591796875,-0.759608089923859,-0.103738903999329,27.3669662475586,329.113525390625,349.307678222656,-0.251131385564804,0.236355274915695,0.0245422422885895,-0.938331961631775
829.482971191406,4.381591796875,-0.759608089923859,-0.103738635778427,27.3670673370361,329.113494873047,349.307647705078,-0.251132249832153,0.236355468630791,0.0245420858263969,-0.938331723213196
829.983825683594,4.381591796875,-0.759608089923859,-0.103738635778427,27.3671360015869,329.113494873047,349.307647705078,-0.251132786273956,0.236355230212212,0.0245419628918171,-0.938331663608551
830.484985351563,4.38159608840942,-0.759608089923859,-0.103738635778427,27.3673515319824,329.113433837891,349.307586669922,-0.251134693622589,0.236355274915695,0.0245418697595596,-0.938331127166748
830.986145019531,4.381591796875,-0.759608089923859,-0.103738635778427,27.3675098419189,329.113494873047,349.307556152344,-0.251136034727097,0.236354693770409,0.0245418027043343,-0.938330948352814
831.487731933594,4.381591796875,-0.759608089923859,-0.103738635778427,27.3677253723145,329.113403320313,349.307495117188,-0.251137942075729,0.236354991793633,0.0245417021214962,-0.938330352306366
831.989074707031,4.381591796875,-0.759608089923859,-0.103738635778427,27.3678073883057,329.113098144531,349.307403564453,-0.251138836145401,0.23635695874691,0.0245415903627872,-0.938329577445984
832.506591796875,4.381591796875,-0.759604811668396,-0.103741884231567,27.3678398132324,329.11328125,349.307434082031,-0.251138985157013,0.236355543136597,0.0245415940880775,-0.938329935073853
833.007141113281,4.381591796875,-0.759604811668396,-0.103741884231567,27.36789894104,329.113494873047,349.307464599609,-0.251139342784882,0.236353978514671,0.024541599676013,-0.938330233097076
833.5087890625,4.381591796875,-0.759604811668396,-0.103741884231567,27.3680858612061,329.113586425781,349.307464599609,-0.251140892505646,0.236352950334549,0.0245414432138205,-0.938330054283142
834.009643554688,4.38159608840942,-0.759604811668396,-0.103741884231567,27.3681621551514,329.113708496094,349.307495117188,-0.251141399145126,0.236351743340492,0.0245413202792406,-0.938330233097076
834.5283203125,4.38158702850342,-0.759604811668396,-0.103741884231567,27.3681602478027,329.113708496094,349.307495117188,-0.251141399145126,0.236351802945137,0.024541350081563,-0.938330233097076
835.049560546875,4.381591796875,-0.759604811668396,-0.103741884231567,27.3684520721436,329.113739013672,349.307403564453,-0.251143902540207,0.236350938677788,0.0245414134114981,-0.938329815864563
835.55517578125,4.381591796875,-0.759604811668396,-0.103741884231567,27.368631362915,329.113861083984,349.307403564453,-0.251145362854004,0.236349746584892,0.024541262537241,-0.938329637050629
836.056823730469,4.381591796875,-0.759605944156647,-0.103741884231567,27.3687000274658,329.113830566406,349.307342529297,-0.251145988702774,0.236349731683731,0.0245413407683372,-0.938329517841339
836.558288574219,4.381591796875,-0.759605944156647,-0.103741884231567,27.3686237335205,329.113983154297,349.307434082031,-0.25114518404007,0.236348807811737,0.0245412308722734,-0.938329994678497
837.059631347656,4.381591796875,-0.759605944156647,-0.103741884231567,27.3686485290527,329.114166259766,349.307495117188,-0.251145213842392,0.23634734749794,0.0245410744100809,-0.938330352306366
837.56103515625,4.381591796875,-0.759605944156647,-0.103741884231567,27.3686542510986,329.114135742188,349.307525634766,-0.25114518404007,0.236347809433937,0.0245407037436962,-0.938330292701721
838.061889648438,4.38158702850342,-0.759605944156647,-0.103741884231567,27.3686599731445,329.114135742188,349.307525634766,-0.251145243644714,0.236347705125809,0.0245406851172447,-0.938330233097076
838.562805175781,4.38159608840942,-0.759605944156647,-0.103741884231567,27.3686637878418,329.114135742188,349.307525634766,-0.251145273447037,0.23634772002697,0.0245407111942768,-0.938330292701721
839.064758300781,4.381591796875,-0.759605944156647,-0.103741884231567,27.3686637878418,329.114135742188,349.307525634766,-0.251145273447037,0.23634772002697,0.0245407111942768,-0.938330292701721
839.565979003906,4.381591796875,-0.759605944156647,-0.103741884231567,27.3686637878418,329.114135742188,349.307525634766,-0.251145273447037,0.23634772002697,0.0245407111942768,-0.938330292701721
840.066711425781,4.381591796875,-0.759605944156647,-0.103741884231567,27.3686637878418,329.114135742188,349.307525634766,-0.251145273447037,0.23634772002697,0.0245407111942768,-0.938330292701721
840.567749023438,4.381591796875,-0.759605944156647,-0.103741884231567,27.3686637878418,329.114135742188,349.307525634766,-0.251145273447037,0.23634772002697,0.0245407111942768,-0.938330292701721
841.0693359375,4.381591796875,-0.759605944156647,-0.103741884231567,27.3686637878418,329.114135742188,349.307525634766,-0.251145273447037,0.23634772002697,0.0245407111942768,-0.938330292701721
841.570556640625,4.381591796875,-0.759605944156647,-0.103741884231567,27.3686637878418,329.114135742188,349.307525634766,-0.251145273447037,0.23634772002697,0.0245407111942768,-0.938330292701721
842.087646484375,4.381591796875,-0.759605944156647,-0.103741884231567,27.3686637878418,329.114135742188,349.307525634766,-0.251145273447037,0.23634772002697,0.0245407111942768,-0.938330292701721
842.5888671875,4.381591796875,-0.759605944156647,-0.103741884231567,27.3686637878418,329.114135742188,349.307525634766,-0.251145273447037,0.23634772002697,0.0245407111942768,-0.938330292701721
843.090515136719,4.381591796875,-0.759605944156647,-0.103741884231567,27.3686637878418,329.114135742188,349.307525634766,-0.251145273447037,0.23634772002697,0.0245407111942768,-0.938330292701721
843.591186523438,4.381591796875,-0.759605944156647,-0.103741884231567,27.3686637878418,329.114135742188,349.307525634766,-0.251145273447037,0.23634772002697,0.0245407111942768,-0.938330292701721
844.092712402344,4.381591796875,-0.759605944156647,-0.103741884231567,27.3686637878418,329.114135742188,349.307525634766,-0.251145273447037,0.23634772002697,0.0245407111942768,-0.938330292701721
844.606628417969,4.38159608840942,-0.759605944156647,-0.103741884231567,27.3686637878418,329.114135742188,349.307525634766,-0.251145273447037,0.236347734928131,0.0245407111942768,-0.938330292701721
845.109680175781,4.381591796875,-0.759605944156647,-0.103741884231567,27.3686637878418,329.114135742188,349.307525634766,-0.251145273447037,0.236347734928131,0.0245407111942768,-0.938330292701721
845.611022949219,4.381591796875,-0.759605944156647,-0.103741884231567,23.2926845550537,317.308685302734,328.913879394531,-0.276674658060074,0.293079525232315,0.173650130629539,-0.898555099964142
846.111938476563,4.381591796875,-0.759605944156647,-0.103741884231567,22.7011814117432,316.269409179688,326.325927734375,-0.280587196350098,0.296583235263824,0.193400159478188,-0.892135441303253
846.61328125,4.381591796875,-0.759605944156647,-0.103741884231567,19.3350811004639,310.713928222656,324.992248535156,-0.269197970628738,0.346101045608521,0.202715933322906,-0.875587165355682
847.115173339844,4.381591796875,-0.75960648059845,-0.103741884231567,16.2105445861816,306.433654785156,319.601806640625,-0.272161185741425,0.37521767616272,0.245535761117935,-0.851382553577423
847.616271972656,4.381591796875,-0.759605944156647,-0.103741884231567,16.2105770111084,306.434051513672,319.601654052734,-0.27216112613678,0.375214397907257,0.24553769826889,-0.85138338804245
848.117797851563,4.38159608840942,-0.759605944156647,-0.103741884231567,16.2105598449707,306.43408203125,319.601348876953,-0.272161841392517,0.375213354825974,0.245540142059326,-0.851383030414581
848.618774414063,4.381591796875,-0.759605944156647,-0.103741884231567,16.2105331420898,306.434204101563,319.601196289063,-0.272161960601807,0.375212281942368,0.245541632175446,-0.851383030414581
849.120056152344,4.381591796875,-0.759605944156647,-0.103741884231567,16.210428237915,306.43408203125,319.601165771484,-0.27216163277626,0.375213503837585,0.245542019605637,-0.851382374763489
849.621398925781,4.381591796875,-0.759605944156647,-0.103741884231567,16.210428237915,306.43408203125,319.601165771484,-0.27216163277626,0.375213503837585,0.245542019605637,-0.851382374763489
850.122619628906,4.381591796875,-0.759605944156647,-0.103741884231567,16.210428237915,306.43408203125,319.601165771484,-0.27216163277626,0.375213503837585,0.245542019605637,-0.851382374763489
850.623718261719,4.381591796875,-0.759605944156647,-0.103741884231567,16.210428237915,306.43408203125,319.601165771484,-0.27216163277626,0.375213503837585,0.245542019605637,-0.851382374763489
851.125,4.381591796875,-0.759605944156647,-0.103741884231567,16.210428237915,306.43408203125,319.601165771484,-0.27216163277626,0.375213503837585,0.245542019605637,-0.851382374763489
851.6259765625,4.381591796875,-0.759605944156647,-0.103741884231567,16.210428237915,306.43408203125,319.601165771484,-0.27216163277626,0.375213503837585,0.245542019605637,-0.851382374763489
852.12744140625,4.38159608840942,-0.759605944156647,-0.103741884231567,16.210428237915,306.43408203125,319.601165771484,-0.27216163277626,0.375213503837585,0.245542019605637,-0.851382374763489
852.628601074219,4.38159608840942,-0.759605944156647,-0.103741884231567,16.210428237915,306.43408203125,319.601165771484,-0.27216163277626,0.375213503837585,0.245542019605637,-0.851382374763489
853.129333496094,4.381591796875,-0.759605944156647,-0.103741884231567,16.210428237915,306.43408203125,319.601165771484,-0.27216163277626,0.375213503837585,0.245542019605637,-0.851382374763489
853.63037109375,4.38098478317261,-0.756305992603302,-0.106140427291393,16.2104377746582,306.434387207031,319.60107421875,-0.272161275148392,0.37521106004715,0.245543241500854,-0.85138326883316
854.131896972656,4.36540937423706,-0.731722891330719,-0.122156739234924,16.2104339599609,306.434204101563,319.600921630859,-0.272162199020386,0.375211924314499,0.245544150471687,-0.851382315158844
854.633178710938,4.36540937423706,-0.731722891330719,-0.122157283127308,16.2102565765381,306.434234619141,319.600982666016,-0.272160649299622,0.37521231174469,0.245544537901878,-0.851382553577423
855.13427734375,4.36540937423706,-0.731722891330719,-0.122158095240593,16.2099647521973,306.434204101563,319.601104736328,-0.272158235311508,0.375213891267776,0.245544597506523,-0.851382613182068
855.635620117188,4.36540937423706,-0.731722354888916,-0.122158631682396,16.2098846435547,306.434478759766,319.601318359375,-0.27215638756752,0.375212550163269,0.245543986558914,-0.851383924484253
856.15283203125,4.36540937423706,-0.731721758842468,-0.122160263359547,16.2101001739502,306.434661865234,319.601135253906,-0.272158116102219,0.375210046768188,0.245544940233231,-0.851384222507477
856.654418945313,4.36540937423706,-0.731721758842468,-0.122161887586117,16.2103729248047,306.434814453125,319.601165771484,-0.272159665822983,0.375208288431168,0.245543926954269,-0.851384818553925
857.155822753906,4.36540937423706,-0.731721758842468,-0.122161887586117,16.2105407714844,306.434356689453,319.600921630859,-0.272162616252899,0.375210493803024,0.24554406106472,-0.851382851600647
857.656921386719,4.36540937423706,-0.731721758842468,-0.122161887586117,16.2105045318604,306.434051513672,319.600952148438,-0.272162795066833,0.375212848186493,0.245543107390404,-0.85138201713562
858.172668457031,4.36540937423706,-0.731721758842468,-0.122161887586117,16.2104892730713,306.433837890625,319.601165771484,-0.272162556648254,0.375215083360672,0.245541200041771,-0.851381719112396
858.697937011719,4.36534881591797,-0.731690883636475,-0.122186541557312,16.2105350494385,306.433319091797,319.600952148438,-0.272164672613144,0.3752181828022,0.24554143846035,-0.851379632949829
859.202697753906,4.36534881591797,-0.731690883636475,-0.122186541557312,16.2104663848877,306.433319091797,319.600830078125,-0.272164613008499,0.3752181828022,0.245542645454407,-0.85137927532196
859.704406738281,4.36534452438354,-0.731690883636475,-0.122188434004784,16.2104568481445,306.433410644531,319.600860595703,-0.272164195775986,0.375217616558075,0.245542526245117,-0.851379692554474
860.205993652344,4.36534881591797,-0.731689274311066,-0.122188434004784,16.2104663848877,306.433441162109,319.600952148438,-0.272163897752762,0.375217705965042,0.245541766285896,-0.851379930973053
860.707275390625,4.36534452438354,-0.731689274311066,-0.122188434004784,16.2102031707764,306.433441162109,319.6005859375,-0.272163212299347,0.375217467546463,0.245545655488968,-0.851379096508026
861.208801269531,4.36534452438354,-0.731689274311066,-0.122188434004784,16.2101306915283,306.433624267578,319.600280761719,-0.272163361310959,0.37521567940712,0.24554868042469,-0.851378977298737
861.710205078125,4.36534881591797,-0.731689274311066,-0.122188434004784,16.2098999023438,306.43359375,319.600219726563,-0.272162050008774,0.375216484069824,0.245550110936165,-0.851378679275513
862.211730957031,4.36534452438354,-0.731689274311066,-0.122188434004784,16.2097549438477,306.433654785156,319.600250244141,-0.272160798311234,0.375216603279114,0.245550602674484,-0.851378917694092
862.71240234375,4.36534452438354,-0.731689274311066,-0.122188434004784,16.2097549438477,306.433654785156,319.600250244141,-0.272160798311234,0.375216603279114,0.245550602674484,-0.851378917694092
863.213806152344,4.36534452438354,-0.731689274311066,-0.122188434004784,16.2097549438477,306.433654785156,319.600250244141,-0.272160798311234,0.375216603279114,0.245550602674484,-0.851378917694092
863.715576171875,4.36534452438354,-0.731689274311066,-0.122188434004784,16.2097549438477,306.433654785156,319.600250244141,-0.272160798311234,0.375216603279114,0.245550602674484,-0.851378917694092
864.216491699219,4.36534881591797,-0.731689274311066,-0.122188434004784,16.2097549438477,306.433654785156,319.600250244141,-0.272160798311234,0.375216603279114,0.245550602674484,-0.851378917694092
864.717468261719,4.36534452438354,-0.731689274311066,-0.122188434004784,16.2097549438477,306.433654785156,319.600250244141,-0.272160798311234,0.375216603279114,0.245550602674484,-0.851378917694092
865.227844238281,4.36534023284912,-0.731689274311066,-0.122188434004784,16.2097549438477,306.433654785156,319.600250244141,-0.272160798311234,0.375216603279114,0.245550602674484,-0.851378917694092
865.730773925781,4.36534452438354,-0.731689274311066,-0.122188434004784,16.2097549438477,306.433654785156,319.600250244141,-0.272160798311234,0.375216603279114,0.245550602674484,-0.851378917694092
866.231811523438,4.36534452438354,-0.731689274311066,-0.122188434004784,16.2097549438477,306.433654785156,319.600250244141,-0.272160798311234,0.375216603279114,0.245550602674484,-0.851378917694092
866.733093261719,4.36534452438354,-0.731689274311066,-0.122188434004784,16.2097549438477,306.433654785156,319.600250244141,-0.272160798311234,0.375216603279114,0.245550602674484,-0.851378917694092
867.277954101563,4.36534452438354,-0.731689274311066,-0.122188434004784,16.2097549438477,306.433654785156,319.600250244141,-0.272160798311234,0.375216603279114,0.245550602674484,-0.851378917694092
867.80126953125,4.36534452438354,-0.731682777404785,-0.122188434004784,16.2097568511963,306.433654785156,319.600280761719,-0.272160649299622,0.375216722488403,0.245550185441971,-0.851378977298737
868.304382324219,4.36534452438354,-0.731682777404785,-0.122188434004784,16.2097511291504,306.43359375,319.600341796875,-0.272160589694977,0.375217199325562,0.245549783110619,-0.851378858089447
868.806884765625,4.36534452438354,-0.731682777404785,-0.122188434004784,9.62478637695313,300.178436279297,306.011199951172,-0.290337800979614,0.40974959731102,0.35478201508522,-0.78863114118576
869.309326171875,4.36534452438354,-0.731682777404785,-0.122188434004784,1.87813127040863,295.386199951172,297.302917480469,-0.289838403463364,0.449166059494019,0.432168215513229,-0.726274192333221
869.810852050781,4.36534452438354,-0.731682777404785,-0.122188434004784,354.74365234375,291.776428222656,296.891174316406,-0.260816007852554,0.497254610061646,0.45472776889801,-0.691328823566437
870.312255859375,4.36534452438354,-0.731682777404785,-0.122188434004784,350.119079589844,289.429901123047,296.118408203125,-0.244807928800583,0.52555650472641,0.472462087869644,-0.66380649805069
870.813781738281,4.36534452438354,-0.731682777404785,-0.122188434004784,349.199798583984,288.970611572266,296.953430175781,-0.237080678343773,0.533038735389709,0.470291376113892,-0.662184596061707
871.314758300781,4.36534452438354,-0.731681704521179,-0.122188709676266,353.814056396484,291.599487304688,302.886413574219,-0.229105815291405,0.514319062232971,0.421430587768555,-0.710902810096741
871.816467285156,4.36534452438354,-0.731681704521179,-0.122188434004784,353.814208984375,291.599914550781,302.886138916016,-0.229106441140175,0.514315485954285,0.421432286500931,-0.710904181003571
872.3173828125,4.36534023284912,-0.731681704521179,-0.122188434004784,353.814270019531,291.600036621094,302.886169433594,-0.229106470942497,0.514314532279968,0.421432137489319,-0.710904896259308
872.818908691406,4.37236261367798,-0.713174998760223,-0.132261618971825,353.814331054688,291.600158691406,302.886077880859,-0.229106545448303,0.514313280582428,0.421432882547379,-0.710905373096466
873.319763183594,4.36842632293701,-0.708389282226563,-0.132296577095985,353.814056396484,291.599853515625,302.885864257813,-0.229106992483139,0.514315664768219,0.421434611082077,-0.710902512073517
873.820983886719,4.35748529434204,-0.693997979164124,-0.132383540272713,359.731079101563,295.634155273438,306.766479492188,-0.236850291490555,0.477066844701767,0.380299508571625,-0.756096243858337
874.322082519531,4.34850788116455,-0.687246978282928,-0.137741178274155,4.14613056182861,299.251281738281,312.996398925781,-0.230129048228264,0.450954079627991,0.327042669057846,-0.797950029373169
874.823425292969,4.34850788116455,-0.687246978282928,-0.137743085622787,353.859802246094,290.484710693359,304.181213378906,-0.227585971355438,0.523669540882111,0.410986870527267,-0.710679113864899
875.324401855469,4.34850788116455,-0.687246978282928,-0.137743085622787,357.083282470703,292.696350097656,305.218719482422,-0.236044108867645,0.501607000827789,0.395356893539429,-0.732370495796204
875.825988769531,4.34850788116455,-0.687246978282928,-0.137743085622787,357.083282470703,292.696533203125,305.218872070313,-0.236042827367783,0.501605987548828,0.395356446504593,-0.732371807098389
876.326965332031,4.34850788116455,-0.687246978282928,-0.137743890285492,357.083465576172,292.696563720703,305.219207763672,-0.236042335629463,0.501605927944183,0.395353525876999,-0.732373595237732
876.828063964844,4.34851217269897,-0.687246978282928,-0.137743890285492,357.083557128906,292.696960449219,305.219360351563,-0.236040949821472,0.501603543758392,0.395353019237518,-0.732375979423523
877.328979492188,4.34851217269897,-0.687246978282928,-0.137744158506393,357.083740234375,292.697052001953,305.219543457031,-0.236041009426117,0.501602649688721,0.395351260900497,-0.732377529144287
877.830383300781,4.34850788116455,-0.687246978282928,-0.137743890285492,357.083740234375,292.696929931641,305.219696044922,-0.236040607094765,0.501603782176971,0.395349979400635,-0.732377588748932
878.331604003906,4.35343647003174,-0.709068775177002,-0.123084403574467,357.247100830078,292.465087890625,305.231140136719,-0.237850844860077,0.502580523490906,0.394108772277832,-0.731791019439697
878.833251953125,4.36163806915283,-0.74538642168045,-0.0986871421337128,357.57568359375,291.999481201172,305.252288818359,-0.241483941674232,0.504533469676971,0.391605615615845,-0.73060017824173
879.334228515625,4.36245727539063,-0.750185132026672,-0.0917364209890366,358.209167480469,291.103332519531,305.285186767578,-0.24846713244915,0.50825822353363,0.386758148670197,-0.728255331516266
879.835510253906,4.36276531219482,-0.745459020137787,-0.0953484624624252,358.439331054688,290.777191162109,305.294860839844,-0.25099965929985,0.509605288505554,0.384985983371735,-0.727383971214294
880.337036132813,4.36276531219482,-0.745459020137787,-0.0953484624624252,358.439331054688,290.777191162109,305.294860839844,-0.25099965929985,0.509605288505554,0.384985983371735,-0.727383971214294
880.837951660156,4.36276531219482,-0.745459020137787,-0.0953484624624252,358.439331054688,290.777191162109,305.294860839844,-0.25099965929985,0.509605288505554,0.384985983371735,-0.727383971214294
881.339172363281,4.36276531219482,-0.745459020137787,-0.0953484624624252,358.439331054688,290.777191162109,305.294860839844,-0.25099965929985,0.509605288505554,0.384985983371735,-0.727383971214294
881.840515136719,4.36276531219482,-0.745459020137787,-0.0953484624624252,358.439331054688,290.777191162109,305.294860839844,-0.25099965929985,0.509605288505554,0.384985983371735,-0.727383971214294
882.341491699219,4.36276531219482,-0.745459020137787,-0.0953484624624252,358.439331054688,290.777191162109,305.294860839844,-0.25099965929985,0.509605288505554,0.384985983371735,-0.727383971214294
882.842407226563,4.36276531219482,-0.745459020137787,-0.0953484624624252,358.439331054688,290.777191162109,305.294860839844,-0.25099965929985,0.509605288505554,0.384985983371735,-0.727383971214294
883.34375,4.36276531219482,-0.745459020137787,-0.0953484624624252,358.439331054688,290.777191162109,305.294860839844,-0.25099965929985,0.509605288505554,0.384985983371735,-0.727383971214294
883.845031738281,4.36276531219482,-0.745459020137787,-0.0953484624624252,358.439331054688,290.777191162109,305.294860839844,-0.25099965929985,0.509605288505554,0.384985983371735,-0.727383971214294
884.346130371094,4.36276531219482,-0.745459020137787,-0.0953484624624252,358.439331054688,290.777191162109,305.294860839844,-0.25099965929985,0.509605288505554,0.384985983371735,-0.727383971214294
884.847717285156,4.36276531219482,-0.745459020137787,-0.0953484624624252,358.439331054688,290.777191162109,305.294860839844,-0.25099965929985,0.509605288505554,0.384985983371735,-0.727383971214294
885.348327636719,4.36276960372925,-0.745459020137787,-0.0953484624624252,358.439331054688,290.777191162109,305.294860839844,-0.25099965929985,0.509605288505554,0.384985983371735,-0.727383971214294
885.865356445313,4.36276531219482,-0.745459020137787,-0.0953484624624252,358.439331054688,290.777191162109,305.294860839844,-0.25099965929985,0.509605288505554,0.384985983371735,-0.727383971214294
886.366516113281,4.36276531219482,-0.745459020137787,-0.0953484624624252,358.439331054688,290.777191162109,305.294860839844,-0.25099965929985,0.509605288505554,0.384985983371735,-0.727383971214294
886.867553710938,4.36276531219482,-0.745459020137787,-0.0953484624624252,358.439331054688,290.777191162109,305.294860839844,-0.25099965929985,0.509605288505554,0.384985983371735,-0.727383971214294
887.41357421875,4.36276531219482,-0.745459020137787,-0.0953484624624252,358.439331054688,290.777191162109,305.294860839844,-0.25099965929985,0.509605288505554,0.384985983371735,-0.727383971214294
887.969787597656,4.36276531219482,-0.745459020137787,-0.0953484624624252,358.439331054688,290.777191162109,305.294860839844,-0.25099965929985,0.509605288505554,0.384985983371735,-0.727383971214294
888.494506835938,4.36276531219482,-0.745459020137787,-0.0953484624624252,358.439270019531,290.777038574219,305.294769287109,-0.251000195741653,0.509606182575226,0.38498643040657,-0.727382957935333
888.996520996094,4.36276531219482,-0.745459020137787,-0.0953484624624252,358.439208984375,290.776916503906,305.294799804688,-0.251000225543976,0.509607374668121,0.384986251592636,-0.727382242679596
889.498718261719,4.36276531219482,-0.745459020137787,-0.0953484624624252,358.439270019531,290.776916503906,305.294708251953,-0.251000851392746,0.509606897830963,0.384986639022827,-0.727382063865662
890.001037597656,4.36276531219482,-0.745459020137787,-0.0953484624624252,358.439422607422,290.777648925781,305.294372558594,-0.251000881195068,0.509601056575775,0.384989589452744,-0.727384626865387
890.502990722656,4.36276531219482,-0.745459020137787,-0.0953484624624252,358.439575195313,290.778015136719,305.294311523438,-0.251000821590424,0.509598135948181,0.384990215301514,-0.72738641500473
891.004760742188,4.36276531219482,-0.745459020137787,-0.0953484624624252,358.439575195313,290.778015136719,305.294311523438,-0.251000821590424,0.509598135948181,0.384990215301514,-0.72738641500473
891.506469726563,4.36276531219482,-0.745459020137787,-0.0953484624624252,358.439575195313,290.778015136719,305.294311523438,-0.251000821590424,0.509598135948181,0.384990215301514,-0.72738641500473
892.0078125,4.36276531219482,-0.745459020137787,-0.0953484624624252,358.439575195313,290.778015136719,305.294311523438,-0.251000821590424,0.509598135948181,0.384990215301514,-0.72738641500473
892.5087890625,4.36276531219482,-0.745459020137787,-0.0953484624624252,358.439575195313,290.778015136719,305.294311523438,-0.251000821590424,0.509598135948181,0.384990215301514,-0.72738641500473
893.010314941406,4.36276531219482,-0.745459020137787,-0.0953484624624252,358.439575195313,290.778015136719,305.294311523438,-0.251000821590424,0.509598135948181,0.384990215301514,-0.72738641500473
893.51123046875,4.36276531219482,-0.745459020137787,-0.0953484624624252,358.439575195313,290.778015136719,305.294311523438,-0.251000821590424,0.509598135948181,0.384990215301514,-0.72738641500473
894.012390136719,4.36276531219482,-0.745459020137787,-0.0953484624624252,358.439575195313,290.778015136719,305.294311523438,-0.251000821590424,0.509598135948181,0.384990215301514,-0.72738641500473
894.513732910156,4.36276960372925,-0.745459020137787,-0.0953484624624252,358.439575195313,290.778015136719,305.294311523438,-0.251000821590424,0.509598135948181,0.384990215301514,-0.72738641500473
895.015380859375,4.36276531219482,-0.745459020137787,-0.0953484624624252,358.439575195313,290.778015136719,305.294311523438,-0.251000821590424,0.509598135948181,0.384990215301514,-0.72738641500473
895.516418457031,4.36276531219482,-0.745459020137787,-0.0953484624624252,358.439575195313,290.778015136719,305.294311523438,-0.251000821590424,0.509598135948181,0.384990215301514,-0.72738641500473
896.028259277344,4.3627610206604,-0.745459020137787,-0.0953484624624252,358.439575195313,290.778015136719,305.294311523438,-0.251000821590424,0.509598135948181,0.384990215301514,-0.72738641500473
896.529663085938,4.36276531219482,-0.745459020137787,-0.0953484624624252,358.439575195313,290.778015136719,305.294311523438,-0.251000821590424,0.509598135948181,0.384990215301514,-0.72738641500473
897.031066894531,4.36276531219482,-0.745459020137787,-0.0953484624624252,358.439575195313,290.778015136719,305.294311523438,-0.251000821590424,0.509598135948181,0.384990215301514,-0.72738641500473
897.532531738281,4.36276531219482,-0.745459020137787,-0.0953484624624252,358.439575195313,290.778015136719,305.294311523438,-0.251000821590424,0.509598135948181,0.384990215301514,-0.72738641500473
898.071594238281,4.36276531219482,-0.745459020137787,-0.0953484624624252,358.439575195313,290.778015136719,305.294311523438,-0.251000821590424,0.509598135948181,0.384990215301514,-0.72738641500473
898.571716308594,4.36276531219482,-0.745459020137787,-0.0953484624624252,358.439544677734,290.777954101563,305.294311523438,-0.251000970602036,0.509598553180695,0.384990006685257,-0.727386176586151
899.074401855469,4.36276531219482,-0.745459020137787,-0.0953484624624252,358.439605712891,290.777984619141,305.294372558594,-0.251000761985779,0.50959837436676,0.384989470243454,-0.727386593818665
899.576293945313,4.36276531219482,-0.745459020137787,-0.0953484624624252,358.439453125,290.777954101563,305.29443359375,-0.250999718904495,0.509599149227142,0.384989827871323,-0.727386295795441
900.078979492188,4.36276531219482,-0.745459020137787,-0.0953484624624252,358.439666748047,290.778137207031,305.294616699219,-0.25099965929985,0.509597718715668,0.384987980127335,-0.727388203144073
900.581176757813,4.3627610206604,-0.74545955657959,-0.0953484624624252,358.439910888672,290.778442382813,305.294769287109,-0.25099965929985,0.509595394134521,0.384986728429794,-0.72739052772522
901.082214355469,4.36276531219482,-0.745459020137787,-0.0953479260206223,7.63757467269897,298.060760498047,312.432800292969,-0.259318917989731,0.446807056665421,0.313662350177765,-0.796701431274414
901.584167480469,4.36276531219482,-0.745459020137787,-0.0953484624624252,18.9366893768311,313.098754882813,332.810638427734,-0.238953620195389,0.346066325902939,0.149068519473076,-0.894940137863159
902.085815429688,4.36276531219482,-0.745459020137787,-0.0953484624624252,23.2594509124756,326.747222900391,350.737396240234,-0.215156108140945,0.263744354248047,0.018288005143404,-0.940113008022308
902.58642578125,4.36276531219482,-0.745459020137787,-0.0953487381339073,23.1467056274414,326.026824951172,349.2958984375,-0.217729404568672,0.267063647508621,0.0290362499654293,-0.938311159610748
903.088317871094,4.36276531219482,-0.745459020137787,-0.0953503623604774,18.650915145874,313.18212890625,325.107696533203,-0.259401828050613,0.329422950744629,0.210080251097679,-0.883208692073822
903.588806152344,4.36276531219482,-0.745459020137787,-0.0953503623604774,17.3445072174072,311.288818359375,322.147888183594,-0.262168079614639,0.341090083122253,0.233282893896103,-0.872069180011749
904.090454101563,4.36276531219482,-0.745458483695984,-0.0953503623604774,6.51934909820557,300.292846679688,309.697204589844,-0.255862295627594,0.428900301456451,0.342395186424255,-0.79582953453064
904.591613769531,4.36276531219482,-0.745457947254181,-0.0953503623604774,9.85047054290771,303.154602050781,311.730163574219,-0.262806564569473,0.401888191699982,0.320978820323944,-0.81632786989212
905.092895507813,4.36276531219482,-0.745457947254181,-0.0953506305813789,21.695858001709,318.349548339844,332.510192871094,-0.253831624984741,0.297370880842209,0.15311498939991,-0.907576978206635
905.593994140625,4.36276531219482,-0.745457947254181,-0.0953506305813789,26.2815742492676,336.110961914063,357.229888916016,-0.227228865027428,0.196109861135483,-0.0240097474306822,-0.953588783740997
906.09521484375,4.36276531219482,-0.745457947254181,-0.0953506305813789,26.3878383636475,339.820556640625,359.446411132813,-0.225538969039917,0.16947814822197,-0.0353555269539356,-0.958728015422821
906.596313476563,4.36276531219482,-0.745457947254181,-0.0953506305813789,26.0357456207275,347.424743652344,8.36357498168945,-0.215522840619087,0.122748054563999,-0.0952239111065865,-0.964061856269836
907.097717285156,4.36276531219482,-0.745457947254181,-0.0953506305813789,26.035758972168,347.424926757813,8.36361503601074,-0.215523064136505,0.122746430337429,-0.0952238813042641,-0.964062035083771
907.598693847656,4.36276531219482,-0.745457947254181,-0.0953506305813789,26.0357360839844,347.425201416016,8.36357975006104,-0.215523138642311,0.122744157910347,-0.095223069190979,-0.964062392711639
908.116516113281,4.36276531219482,-0.745457947254181,-0.0953506305813789,26.0356826782227,347.425354003906,8.36351203918457,-0.215522885322571,0.122742764651775,-0.095222182571888,-0.964062690734863
908.61767578125,4.36276531219482,-0.745457947254181,-0.0953506305813789,26.0357055664063,347.425231933594,8.36344242095947,-0.215523034334183,0.122743718326092,-0.0952218547463417,-0.964062571525574
909.11865234375,4.36276531219482,-0.745457947254181,-0.0953506305813789,26.0357055664063,347.425231933594,8.36344242095947,-0.215523034334183,0.122743718326092,-0.0952218547463417,-0.964062571525574
909.620178222656,4.36276531219482,-0.745457947254181,-0.0953506305813789,26.0357055664063,347.425231933594,8.36344242095947,-0.215523034334183,0.122743718326092,-0.0952218547463417,-0.964062571525574
910.161865234375,4.36276531219482,-0.745457947254181,-0.0953506305813789,26.0357055664063,347.425231933594,8.36344242095947,-0.215523034334183,0.122743718326092,-0.0952218547463417,-0.964062571525574
910.68798828125,4.36276531219482,-0.745457947254181,-0.0953506305813789,26.0357055664063,347.425231933594,8.36344242095947,-0.215523034334183,0.122743718326092,-0.0952218547463417,-0.964062571525574
911.190307617188,4.36276531219482,-0.745457947254181,-0.0953506305813789,26.0357055664063,347.425231933594,8.36344242095947,-0.215523034334183,0.122743718326092,-0.0952218547463417,-0.964062571525574
911.692687988281,4.3627610206604,-0.745457947254181,-0.0953506305813789,26.0357055664063,347.425231933594,8.36344242095947,-0.215523034334183,0.122743718326092,-0.0952218547463417,-0.964062571525574
912.195190429688,4.36276531219482,-0.745457947254181,-0.0953506305813789,26.4915008544922,342.355834960938,1.6924421787262,-0.224187985062599,0.152614176273346,-0.0493426211178303,-0.961256444454193
912.697204589844,4.36276531219482,-0.745457947254181,-0.0953506305813789,26.5282917022705,341.70068359375,6.34141445159912,-0.217614009976387,0.167064025998116,-0.0895789116621017,-0.957449436187744
913.19873046875,4.36276531219482,-0.745457947254181,-0.0953506305813789,26.7596168518066,338.516540527344,2.38343477249146,-0.223529919981956,0.186012402176857,-0.0629992708563805,-0.954706728458405
913.700134277344,4.36276531219482,-0.745457947254181,-0.0953506305813789,26.8297576904297,334.857330322266,359.361999511719,-0.22761370241642,0.210452392697334,-0.0452094450592995,-0.949662029743195
914.201538085938,4.36276531219482,-0.745457947254181,-0.0953506305813789,26.801643371582,337.892333984375,3.27272486686707,-0.222043305635452,0.192930340766907,-0.0716810449957848,-0.953066885471344
914.702819824219,4.36276531219482,-0.745457947254181,-0.0953506305813789,26.6632804870605,340.17041015625,4.66930532455444,-0.220129668712616,0.176657244563103,-0.0787166506052017,-0.956106126308441
915.203979492188,4.36276531219482,-0.745457947254181,-0.0953506305813789,26.6633644104004,340.170318603516,4.66930294036865,-0.220130294561386,0.176658108830452,-0.0787169560790062,-0.956105768680573
915.704711914063,4.36276531219482,-0.745457947254181,-0.0953495502471924,26.6634674072266,340.170166015625,4.6693058013916,-0.220131054520607,0.176659256219864,-0.0787173807621002,-0.956105351448059
916.206237792969,4.38554048538208,-0.743667125701904,-0.0861809998750687,28.8477382659912,340.373748779297,4.76417112350464,-0.238376185297966,0.175122007727623,-0.0820818021893501,-0.951720416545868
916.707641601563,4.41842079162598,-0.741081893444061,-0.0729409158229828,27.0079860687256,340.20166015625,4.68358039855957,-0.223014086484909,0.176421910524368,-0.079250268638134,-0.955436766147614
917.209167480469,4.43583393096924,-0.739712595939636,-0.0659343898296356,25.9424057006836,340.104553222656,4.64031744003296,-0.214090406894684,0.1771539747715,-0.0776010602712631,-0.95747584104538
917.710510253906,4.46103715896606,-0.737729907035828,-0.0557866953313351,25.9700832366943,340.106964111328,4.64140319824219,-0.214322373270988,0.177135869860649,-0.0776440799236298,-0.957423806190491
918.210998535156,4.42919301986694,-0.740233302116394,-0.0686000660061836,25.0006332397461,340.020141601563,4.60403108596802,-0.206188499927521,0.177788376808167,-0.0761377513408661,-0.959208369255066
918.712341308594,4.40436267852783,-0.742186188697815,-0.0785914361476898,26.0456085205078,340.113861083984,4.64441394805908,-0.214955478906631,0.177083894610405,-0.077761210501194,-0.957281887531281
919.21337890625,4.40436267852783,-0.742186188697815,-0.0785914361476898,26.0456066131592,340.113800048828,4.6444296836853,-0.214955389499664,0.177084267139435,-0.0777614116668701,-0.957281827926636
919.714904785156,4.40435838699341,-0.742186188697815,-0.0785914361476898,26.0456371307373,340.113616943359,4.64439058303833,-0.214955568313599,0.177085861563683,-0.0777615010738373,-0.957281529903412
920.21630859375,4.40436267852783,-0.742186188697815,-0.0785914361476898,26.0456008911133,340.113555908203,4.64438915252686,-0.214955240488052,0.177086234092712,-0.0777615234255791,-0.957281529903412
920.717651367188,4.40436267852783,-0.742186188697815,-0.0785914361476898,26.0456047058105,340.113586425781,4.64438915252686,-0.214955255389214,0.177086189389229,-0.0777615159749985,-0.957281589508057
921.218872070313,4.40436267852783,-0.742186188697815,-0.0785914361476898,26.0456047058105,340.113586425781,4.64438915252686,-0.214955255389214,0.177086189389229,-0.0777615159749985,-0.957281589508057
921.720092773438,4.40436267852783,-0.742186188697815,-0.0785914361476898,26.0456047058105,340.113586425781,4.64438915252686,-0.214955255389214,0.177086189389229,-0.0777615159749985,-0.957281589508057
922.220947265625,4.40436267852783,-0.742186188697815,-0.0785914361476898,26.0456047058105,340.113586425781,4.64438915252686,-0.214955255389214,0.177086189389229,-0.0777615159749985,-0.957281589508057
922.722534179688,4.40436267852783,-0.742186188697815,-0.0785914361476898,26.0456047058105,340.113586425781,4.64438915252686,-0.214955255389214,0.177086189389229,-0.0777615159749985,-0.957281589508057
923.223815917969,4.40436267852783,-0.742186188697815,-0.0785914361476898,26.0456047058105,340.113586425781,4.64438915252686,-0.214955255389214,0.177086189389229,-0.0777615159749985,-0.957281589508057
923.738952636719,4.40436267852783,-0.742186188697815,-0.0785914361476898,26.0456047058105,340.113586425781,4.64438915252686,-0.214955255389214,0.177086189389229,-0.0777615159749985,-0.957281589508057
924.239807128906,4.40436267852783,-0.742186188697815,-0.0785914361476898,26.0456047058105,340.113586425781,4.64438915252686,-0.214955255389214,0.177086189389229,-0.0777615159749985,-0.957281589508057
924.741088867188,4.40436267852783,-0.742186188697815,-0.0785914361476898,26.0456047058105,340.113586425781,4.64438915252686,-0.214955255389214,0.177086189389229,-0.0777615159749985,-0.957281589508057
925.314270019531,4.40435838699341,-0.742186188697815,-0.0785914361476898,26.0456047058105,340.113586425781,4.64438915252686,-0.214955255389214,0.177086189389229,-0.0777615159749985,-0.957281589508057
925.835083007813,4.40436267852783,-0.742186188697815,-0.0785914361476898,26.0456047058105,340.113586425781,4.64438915252686,-0.214955255389214,0.177086189389229,-0.0777615159749985,-0.957281589508057
926.340209960938,4.40436267852783,-0.742186188697815,-0.0785914361476898,26.0456047058105,340.113586425781,4.64438915252686,-0.214955255389214,0.177086189389229,-0.0777615159749985,-0.957281589508057
926.842407226563,4.40436267852783,-0.742186188697815,-0.0785914361476898,26.0456047058105,340.113586425781,4.64438915252686,-0.214955255389214,0.177086189389229,-0.0777615159749985,-0.957281589508057
927.344604492188,4.40436267852783,-0.742186188697815,-0.0785914361476898,26.0456047058105,340.113586425781,4.64438915252686,-0.214955255389214,0.177086189389229,-0.0777615159749985,-0.957281589508057
927.846618652344,4.40436267852783,-0.742185652256012,-0.0785914361476898,26.0456047058105,340.113586425781,4.64438915252686,-0.214955255389214,0.177086189389229,-0.0777615159749985,-0.957281589508057
928.348449707031,4.40436267852783,-0.742186188697815,-0.0785914361476898,26.0456047058105,340.113586425781,4.64438915252686,-0.214955255389214,0.177086189389229,-0.0777615159749985,-0.957281589508057
928.850158691406,4.40436267852783,-0.742186188697815,-0.0785914361476898,26.0456047058105,340.113586425781,4.64438915252686,-0.214955255389214,0.177086189389229,-0.0777615159749985,-0.957281589508057
929.351318359375,4.40436267852783,-0.742186188697815,-0.0785914361476898,26.0456047058105,340.113586425781,4.64438915252686,-0.214955255389214,0.177086189389229,-0.0777615159749985,-0.957281589508057
929.852661132813,4.40436267852783,-0.742186188697815,-0.0785914361476898,26.0456047058105,340.113586425781,4.64438915252686,-0.214955255389214,0.177086189389229,-0.0777615159749985,-0.957281589508057
930.35400390625,4.40436267852783,-0.742186188697815,-0.0785914361476898,26.0456047058105,340.113586425781,4.64438915252686,-0.214955255389214,0.177086189389229,-0.0777615159749985,-0.957281589508057
930.855163574219,4.40436267852783,-0.742186188697815,-0.0785914361476898,26.0456047058105,340.113586425781,4.64438915252686,-0.214955255389214,0.177086189389229,-0.0777615159749985,-0.957281589508057
931.356628417969,4.40436267852783,-0.742186188697815,-0.0785914361476898,26.0456047058105,340.113586425781,4.64438915252686,-0.214955255389214,0.177086189389229,-0.0777615159749985,-0.957281589508057
931.857421875,4.40436697006226,-0.742186188697815,-0.0785914361476898,26.0456047058105,340.113586425781,4.64438915252686,-0.214955255389214,0.177086189389229,-0.0777615159749985,-0.957281589508057
932.358642578125,4.40436267852783,-0.742186188697815,-0.0785914361476898,26.0456047058105,340.113586425781,4.64438915252686,-0.214955255389214,0.177086189389229,-0.0777615159749985,-0.957281589508057
932.85986328125,4.40436267852783,-0.742186188697815,-0.0785914361476898,26.0456047058105,340.113586425781,4.64438915252686,-0.214955255389214,0.177086189389229,-0.0777615159749985,-0.957281589508057
933.361083984375,4.40436267852783,-0.742186188697815,-0.0785914361476898,26.0456047058105,340.113586425781,4.64438915252686,-0.214955255389214,0.177086189389229,-0.0777615159749985,-0.957281589508057
933.862365722656,4.40436267852783,-0.742186188697815,-0.0785914361476898,26.0456047058105,340.113586425781,4.64438915252686,-0.214955255389214,0.177086189389229,-0.0777615159749985,-0.957281589508057
934.363220214844,4.40436267852783,-0.742186188697815,-0.0785914361476898,26.0456047058105,340.113586425781,4.64438915252686,-0.214955255389214,0.177086189389229,-0.0777615159749985,-0.957281589508057
934.864501953125,4.40436267852783,-0.742186188697815,-0.0785914361476898,26.0456047058105,340.113586425781,4.64438915252686,-0.214955255389214,0.177086189389229,-0.0777615159749985,-0.957281589508057
935.365661621094,4.40436267852783,-0.742186188697815,-0.0785914361476898,26.0456047058105,340.113586425781,4.64438915252686,-0.214955255389214,0.177086189389229,-0.0777615159749985,-0.957281589508057
935.866760253906,4.40436267852783,-0.742186188697815,-0.0785914361476898,26.0456047058105,340.113586425781,4.64438915252686,-0.214955255389214,0.177086189389229,-0.0777615159749985,-0.957281589508057
936.368347167969,4.40436267852783,-0.742186188697815,-0.0785914361476898,26.0456047058105,340.113586425781,4.64438915252686,-0.214955255389214,0.177086189389229,-0.0777615159749985,-0.957281589508057
936.868896484375,4.40436697006226,-0.742186188697815,-0.0785914361476898,26.0456047058105,340.113586425781,4.64438915252686,-0.214955255389214,0.177086189389229,-0.0777615159749985,-0.957281589508057
937.370300292969,4.40436267852783,-0.742186188697815,-0.0785914361476898,26.0456047058105,340.113586425781,4.64438915252686,-0.214955255389214,0.177086189389229,-0.0777615159749985,-0.957281589508057
937.871276855469,4.40436267852783,-0.742186188697815,-0.0785914361476898,26.0456047058105,340.113586425781,4.64438915252686,-0.214955255389214,0.177086189389229,-0.0777615159749985,-0.957281589508057
938.373352050781,4.40436267852783,-0.742186188697815,-0.0785914361476898,26.0456047058105,340.113586425781,4.64438915252686,-0.214955255389214,0.177086189389229,-0.0777615159749985,-0.957281589508057
938.874145507813,4.40436267852783,-0.742186188697815,-0.0785914361476898,26.0456047058105,340.113586425781,4.64438915252686,-0.214955255389214,0.177086189389229,-0.0777615159749985,-0.957281589508057
939.375610351563,4.40436267852783,-0.742186188697815,-0.0785914361476898,26.0456047058105,340.113586425781,4.64438915252686,-0.214955255389214,0.177086189389229,-0.0777615159749985,-0.957281589508057
939.876647949219,4.40436267852783,-0.742186188697815,-0.0785914361476898,26.0456047058105,340.113586425781,4.64438915252686,-0.214955255389214,0.177086189389229,-0.0777615159749985,-0.957281589508057
940.377990722656,4.40436267852783,-0.742186188697815,-0.0785914361476898,26.0456047058105,340.113586425781,4.64438915252686,-0.214955255389214,0.177086189389229,-0.0777615159749985,-0.957281589508057
940.87890625,4.40436267852783,-0.742186188697815,-0.0785914361476898,26.0456047058105,340.113586425781,4.64438915252686,-0.214955255389214,0.177086189389229,-0.0777615159749985,-0.957281589508057
941.380126953125,4.40436267852783,-0.742186188697815,-0.0785914361476898,26.0456047058105,340.113586425781,4.64438915252686,-0.214955255389214,0.177086189389229,-0.0777615159749985,-0.957281589508057
941.896118164063,4.40436267852783,-0.742186188697815,-0.0785914361476898,26.0456047058105,340.113586425781,4.64438915252686,-0.214955255389214,0.177086189389229,-0.0777615159749985,-0.957281589508057
942.397705078125,4.40436267852783,-0.742186188697815,-0.0785914361476898,26.0456047058105,340.113586425781,4.64438915252686,-0.214955255389214,0.177086189389229,-0.0777615159749985,-0.957281589508057
942.898620605469,4.40436267852783,-0.742186188697815,-0.0785914361476898,26.0456047058105,340.113586425781,4.64438915252686,-0.214955255389214,0.177086189389229,-0.0777615159749985,-0.957281589508057
943.400146484375,4.40436267852783,-0.742186188697815,-0.0785914361476898,26.0456047058105,340.113586425781,4.64438915252686,-0.214955255389214,0.177086189389229,-0.0777615159749985,-0.957281589508057
943.908386230469,4.40436267852783,-0.742186188697815,-0.0785914361476898,26.0456047058105,340.113586425781,4.64438915252686,-0.214955255389214,0.177086189389229,-0.0777615159749985,-0.957281589508057
944.410034179688,4.40436267852783,-0.742186188697815,-0.0785914361476898,26.0456047058105,340.113586425781,4.64438915252686,-0.214955255389214,0.177086189389229,-0.0777615159749985,-0.957281589508057
944.914367675781,4.40436267852783,-0.742186188697815,-0.0785914361476898,26.0456047058105,340.113586425781,4.64438915252686,-0.214955255389214,0.177086189389229,-0.0777615159749985,-0.957281589508057
945.416320800781,4.40436267852783,-0.742186188697815,-0.0785914361476898,26.0456047058105,340.113586425781,4.64438915252686,-0.214955255389214,0.177086189389229,-0.0777615159749985,-0.957281589508057
945.918701171875,4.40436267852783,-0.742186188697815,-0.0785914361476898,26.0456047058105,340.113586425781,4.64438915252686,-0.214955255389214,0.177086189389229,-0.0777615159749985,-0.957281589508057
946.420104980469,4.40436267852783,-0.742186188697815,-0.0785914361476898,26.0456047058105,340.113586425781,4.64438915252686,-0.214955255389214,0.177086189389229,-0.0777615159749985,-0.957281589508057
946.9228515625,4.40436267852783,-0.742186188697815,-0.0785914361476898,26.0456047058105,340.113586425781,4.64438915252686,-0.214955255389214,0.177086189389229,-0.0777615159749985,-0.957281589508057
947.424621582031,4.40436267852783,-0.742186188697815,-0.0785914361476898,26.0456047058105,340.113586425781,4.64438915252686,-0.214955255389214,0.177086189389229,-0.0777615159749985,-0.957281589508057
947.925537109375,4.40436697006226,-0.742186188697815,-0.0785914361476898,26.0456047058105,340.113586425781,4.64438915252686,-0.214955255389214,0.177086189389229,-0.0777615159749985,-0.957281589508057
948.427368164063,4.40436267852783,-0.742186188697815,-0.0785914361476898,26.0456047058105,340.113586425781,4.64438915252686,-0.214955255389214,0.177086189389229,-0.0777615159749985,-0.957281589508057
948.92919921875,4.40436267852783,-0.742186188697815,-0.0785914361476898,26.0456047058105,340.113586425781,4.64438915252686,-0.214955255389214,0.177086189389229,-0.0777615159749985,-0.957281589508057
949.430297851563,4.40436267852783,-0.742186188697815,-0.0785914361476898,26.0456047058105,340.113586425781,4.64438915252686,-0.214955255389214,0.177086189389229,-0.0777615159749985,-0.957281589508057
949.974426269531,4.40436267852783,-0.742186188697815,-0.0785914361476898,26.0456047058105,340.113586425781,4.64438915252686,-0.214955255389214,0.177086189389229,-0.0777615159749985,-0.957281589508057
950.475646972656,4.40436267852783,-0.742186188697815,-0.0785914361476898,26.0456047058105,340.113586425781,4.64438915252686,-0.214955255389214,0.177086189389229,-0.0777615159749985,-0.957281589508057
950.976989746094,4.40436267852783,-0.742186188697815,-0.0785914361476898,26.0456047058105,340.113586425781,4.64438915252686,-0.214955255389214,0.177086189389229,-0.0777615159749985,-0.957281589508057
951.477966308594,4.40436267852783,-0.742186188697815,-0.0785914361476898,26.0456047058105,340.113586425781,4.64438915252686,-0.214955255389214,0.177086189389229,-0.0777615159749985,-0.957281589508057
951.979064941406,4.40436267852783,-0.742186188697815,-0.0785914361476898,26.0456047058105,340.113586425781,4.64438915252686,-0.214955255389214,0.177086189389229,-0.0777615159749985,-0.957281589508057
952.500183105469,4.40436267852783,-0.742186188697815,-0.0785914361476898,26.0456047058105,340.113586425781,4.64438915252686,-0.214955255389214,0.177086189389229,-0.0777615159749985,-0.957281589508057
953.023498535156,4.40436267852783,-0.742186188697815,-0.0785914361476898,26.0456047058105,340.113586425781,4.64438915252686,-0.214955255389214,0.177086189389229,-0.0777615159749985,-0.957281589508057
953.525329589844,4.40436267852783,-0.742186188697815,-0.0785914361476898,26.0456047058105,340.113586425781,4.64438915252686,-0.214955255389214,0.177086189389229,-0.0777615159749985,-0.957281589508057
954.027404785156,4.40436267852783,-0.742186188697815,-0.0785914361476898,26.0456047058105,340.113586425781,4.64438915252686,-0.214955255389214,0.177086189389229,-0.0777615159749985,-0.957281589508057
954.5283203125,4.40436267852783,-0.742186188697815,-0.0785914361476898,26.0456047058105,340.113586425781,4.64438915252686,-0.214955255389214,0.177086189389229,-0.0777615159749985,-0.957281589508057
955.029235839844,4.40436267852783,-0.742186188697815,-0.0785914361476898,26.0456047058105,340.113586425781,4.64438915252686,-0.214955255389214,0.177086189389229,-0.0777615159749985,-0.957281589508057
955.530822753906,4.40436267852783,-0.742186188697815,-0.0785914361476898,26.0456047058105,340.113586425781,4.64438915252686,-0.214955255389214,0.177086189389229,-0.0777615159749985,-0.957281589508057
956.032409667969,4.40436267852783,-0.742186188697815,-0.0785914361476898,26.0456047058105,340.113586425781,4.64438915252686,-0.214955255389214,0.177086189389229,-0.0777615159749985,-0.957281589508057
956.534118652344,4.40436267852783,-0.742186188697815,-0.0785914361476898,26.0456047058105,340.113586425781,4.64438915252686,-0.214955255389214,0.177086189389229,-0.0777615159749985,-0.957281589508057
957.034973144531,4.40436267852783,-0.742186188697815,-0.0785914361476898,26.0456047058105,340.113586425781,4.64438915252686,-0.214955255389214,0.177086189389229,-0.0777615159749985,-0.957281589508057
957.536254882813,4.40436267852783,-0.742186188697815,-0.0785914361476898,26.0456047058105,340.113586425781,4.64438915252686,-0.214955255389214,0.177086189389229,-0.0777615159749985,-0.957281589508057
958.037780761719,4.40436267852783,-0.742186188697815,-0.0785914361476898,26.2908592224121,338.756927490234,14.1236610412598,-0.199764519929886,0.205609649419785,-0.159268468618393,-0.944697022438049
958.538024902344,4.40436267852783,-0.742186188697815,-0.0785914361476898,28.7081089019775,328.102355957031,13.1601734161377,-0.206295654177666,0.291762322187424,-0.174413830041885,-0.917549312114716
959.039733886719,4.40436267852783,-0.742186188697815,-0.0785914361476898,28.8616409301758,327.469421386719,17.5948696136475,-0.194936573505402,0.304646193981171,-0.21116691827774,-0.90807431936264
959.540832519531,4.40379905700684,-0.742392659187317,-0.0790883153676987,27.925724029541,327.133483886719,17.4352512359619,-0.187151864171028,0.306445091962814,-0.208550736308098,-0.909709990024567
960.042114257813,4.32360363006592,-0.771666646003723,-0.149373307824135,26.7282867431641,326.712738037109,17.2421627044678,-0.177182108163834,0.308709472417831,-0.205184370279312,-0.911704123020172
960.543273925781,4.27845621109009,-0.788148403167725,-0.188946723937988,19.5318012237549,324.355133056641,16.3141174316406,-0.117051191627979,0.32149350643158,-0.18451139330864,-0.921355843544006
961.044616699219,4.23317813873291,-0.804677844047546,-0.228629872202873,23.6621055603027,325.675506591797,16.8004608154297,-0.151604294776917,0.314329594373703,-0.196466848254204,-0.916304528713226
961.54541015625,4.24030923843384,-0.802072048187256,-0.222371652722359,4.14522838592529,319.906188964844,15.3927316665649,0.0122086554765701,0.344029039144516,-0.138012573122978,-0.928680539131165
962.046997070313,4.23371124267578,-0.80447793006897,-0.228146523237228,26.5195617675781,326.640045166016,17.2097415924072,-0.175442531704903,0.309102714061737,-0.204595908522606,-0.912039458751678
962.548034667969,4.20618486404419,-0.814523994922638,-0.252264201641083,19.0240859985352,324.197662353516,16.2622108459473,-0.112796597182751,0.322344213724136,-0.183025628328323,-0.92188549041748
963.049682617188,4.17321395874023,-0.826561450958252,-0.281166225671768,14.7275199890137,322.904205322266,15.8865060806274,-0.0767491534352303,0.329238772392273,-0.17031255364418,-0.92558366060257
963.550109863281,4.16911315917969,-0.828055381774902,-0.28475359082222,17.2333450317383,316.704040527344,1.35880351066589,-0.134921014308929,0.366364687681198,-0.0661630630493164,-0.918256938457489
964.052001953125,4.16911315917969,-0.828055381774902,-0.28475359082222,17.1644096374512,310.207275390625,1.67849576473236,-0.129248961806297,0.418202489614487,-0.0759522989392281,-0.895897746086121
964.552307128906,4.16911315917969,-0.828055918216705,-0.28475359082222,16.1905651092529,316.792541503906,17.2219848632813,-0.0748744308948517,0.380010366439819,-0.189083337783813,-0.902348875999451
965.053466796875,4.16911315917969,-0.828055918216705,-0.28475359082222,15.6618766784668,318.480621337891,30.98681640625,-0.0289746187627316,0.372416883707047,-0.293993890285492,-0.879791855812073
965.554565429688,4.16911315917969,-0.828055918216705,-0.28475359082222,15.6618394851685,318.480651855469,30.9868030548096,-0.0289744418114424,0.372416585683823,-0.293993681669235,-0.879792094230652
966.056213378906,4.16911315917969,-0.828055918216705,-0.28475359082222,14.8915233612061,320.909362792969,15.1421756744385,-0.077348068356514,0.344929665327072,-0.166092976927757,-0.920572638511658
966.556884765625,4.16911315917969,-0.828055918216705,-0.28475359082222,14.891697883606,320.909057617188,15.1423654556274,-0.0773484855890274,0.344932287931442,-0.166095182299614,-0.920571267604828
967.058471679688,4.16911315917969,-0.828055918216705,-0.28475359082222,9.27225112915039,341.414733886719,22.8280811309814,-0.0463377684354782,0.173550993204117,-0.207455053925514,-0.961610794067383
967.559509277344,4.16911315917969,-0.828055918216705,-0.28475359082222,7.15981960296631,345.491363525391,29.0142059326172,-0.0283960495144129,0.137525215744972,-0.255643218755722,-0.956518173217773
968.059997558594,4.16911745071411,-0.828055918216705,-0.28475359082222,1.17628538608551,355.568817138672,36.620662689209,0.00240699667483568,0.0399228259921074,-0.314289003610611,-0.948484480381012
968.561706542969,4.16911315917969,-0.828055918216705,-0.28475359082222,5.79406642913818,347.372711181641,24.852294921875,-0.0254244767129421,0.118067093193531,-0.219030424952507,-0.968214571475983
969.062927246094,4.16911315917969,-0.828055918216705,-0.28475359082222,6.5049729347229,346.385406494141,18.1236743927002,-0.0369944795966148,0.125735566020012,-0.162779152393341,-0.977918684482574
969.56396484375,4.16911315917969,-0.828055918216705,-0.28475359082222,3.03279733657837,357.147552490234,33.4568176269531,-0.0181736797094345,0.0314426049590111,-0.288276255130768,-0.956858336925507
970.065612792969,4.16911745071411,-0.828055918216705,-0.28475359082222,12.1451082229614,338.271911621094,18.0674743652344,-0.0731748938560486,0.201409384608269,-0.17302805185318,-0.961322546005249
970.566955566406,4.16911315917969,-0.828055918216705,-0.28475359082222,15.5739126205444,320.258361816406,4.28341054916382,-0.114748790860176,0.341292977333069,-0.0808429569005966,-0.929417192935944
971.068176269531,4.16911315917969,-0.828055918216705,-0.28475359082222,15.7983846664429,317.494934082031,5.73186063766479,-0.109972320497036,0.36499485373497,-0.0959099903702736,-0.919503152370453
971.569274902344,4.16911315917969,-0.828055918216705,-0.28475359082222,15.8732099533081,316.507019042969,6.7966685295105,-0.106273241341114,0.373908698558807,-0.105599090456963,-0.915285289287567
972.069885253906,4.16911315917969,-0.828055918216705,-0.28475359082222,13.8180284500122,327.399444580078,23.5440692901611,-0.0561830550432205,0.296328157186508,-0.227448254823685,-0.925905227661133
972.571411132813,4.16911315917969,-0.828055918216705,-0.28475359082222,13.81813621521,327.399200439453,23.5441970825195,-0.0561830922961235,0.296330511569977,-0.227449655532837,-0.925904095172882
973.072937011719,4.16911745071411,-0.828055918216705,-0.28475359082222,17.5295581817627,315.155639648438,8.77196407318115,-0.111616663634777,0.386642158031464,-0.127819091081619,-0.906483292579651
973.573974609375,4.16911315917969,-0.828055918216705,-0.28475359082222,17.5295696258545,315.155609130859,8.77196502685547,-0.111616693437099,0.38664248585701,-0.127819165587425,-0.906483173370361
974.0751953125,4.16911315917969,-0.828055918216705,-0.28475359082222,16.6132717132568,320.524627685547,12.4035663604736,-0.0990864410996437,0.346906155347824,-0.149120956659317,-0.920652449131012
974.576110839844,4.16911315917969,-0.828055918216705,-0.28475359082222,15.4888715744019,324.951965332031,18.9833831787109,-0.0775407925248146,0.315464943647385,-0.195837095379829,-0.925265967845917
975.077697753906,4.16911315917969,-0.828055918216705,-0.284753859043121,9.05745410919189,340.426483154297,29.6751499176025,-0.0318223685026169,0.183726251125336,-0.264539241790771,-0.946177065372467
975.579223632813,4.16911315917969,-0.828055918216705,-0.28475359082222,357.738250732422,359.043304443359,33.5538597106934,0.0213048104196787,0.00229526590555906,-0.288422256708145,-0.957263588905334
976.079345703125,4.16911315917969,-0.828055918216705,-0.284753859043121,356.002593994141,1.73501634597778,31.1184482574463,0.0295362211763859,-0.0239306818693876,-0.268549084663391,-0.962515652179718
976.581115722656,4.16911315917969,-0.828055918216705,-0.284754157066345,356.002624511719,1.73499655723572,31.118314743042,0.0295361690223217,-0.0239304471760988,-0.26854795217514,-0.962515950202942
977.082092285156,4.16911315917969,-0.828055918216705,-0.284753859043121,356.002593994141,1.73497843742371,31.118127822876,0.0295364521443844,-0.0239303037524223,-0.268546402454376,-0.9625164270401
977.583374023438,4.16911315917969,-0.828055918216705,-0.284753859043121,356.002593994141,1.73498976230621,31.1181163787842,0.0295364409685135,-0.0239303968846798,-0.268546283245087,-0.9625164270401
978.10107421875,4.16911315917969,-0.828055918216705,-0.284753859043121,356.002593994141,1.73498630523682,31.1181125640869,0.0295364204794168,-0.023930361494422,-0.268546283245087,-0.962516486644745
978.601745605469,4.16911315917969,-0.828055918216705,-0.284753859043121,356.002593994141,1.73498547077179,31.1181125640869,0.0295364055782557,-0.0239303503185511,-0.268546283245087,-0.962516486644745
979.102783203125,4.16910839080811,-0.828055918216705,-0.284753859043121,356.002593994141,1.73498594760895,31.1181125640869,0.0295363906770945,-0.0239303503185511,-0.268546283245087,-0.962516486644745
979.604064941406,4.16911745071411,-0.828055918216705,-0.284753859043121,356.002593994141,1.73498630523682,31.1181125640869,0.0295363757759333,-0.0239303503185511,-0.268546283245087,-0.962516486644745
980.1318359375,4.16911315917969,-0.828055918216705,-0.284753859043121,356.002593994141,1.73498666286469,31.1181125640869,0.0295363683253527,-0.0239303503185511,-0.268546283245087,-0.962516486644745
980.641906738281,4.16910839080811,-0.828055918216705,-0.284753859043121,356.002593994141,1.73498702049255,31.1181125640869,0.0295363534241915,-0.0239303503185511,-0.268546283245087,-0.962516486644745
981.14599609375,4.16911315917969,-0.828055918216705,-0.284753859043121,356.002593994141,1.73498749732971,31.1181125640869,0.0295363385230303,-0.0239303503185511,-0.268546283245087,-0.962516486644745
981.64794921875,4.16911315917969,-0.828055918216705,-0.284753859043121,356.002593994141,1.73498797416687,31.1181125640869,0.0295363236218691,-0.0239303503185511,-0.268546283245087,-0.962516486644745
982.150756835938,4.16911745071411,-0.828055918216705,-0.284753859043121,356.002593994141,1.73498845100403,31.1181125640869,0.0295363087207079,-0.0239303503185511,-0.268546283245087,-0.962516486644745
982.652648925781,4.16911315917969,-0.828055918216705,-0.284753859043121,356.002593994141,1.73498892784119,31.1181125640869,0.0295362938195467,-0.0239303503185511,-0.268546283245087,-0.962516486644745
983.154418945313,4.16911315917969,-0.828055918216705,-0.284753859043121,356.002593994141,1.73498928546906,31.1181125640869,0.0295362789183855,-0.0239303503185511,-0.268546283245087,-0.962516486644745
983.656433105469,4.16911315917969,-0.828055918216705,-0.284753859043121,356.002593994141,1.73499000072479,31.1181125640869,0.0295362640172243,-0.0239303503185511,-0.268546283245087,-0.962516486644745
984.157836914063,4.16911315917969,-0.828056454658508,-0.28475359082222,356.002593994141,1.73499095439911,31.1181125640869,0.0295362491160631,-0.0239303559064865,-0.268546283245087,-0.962516486644745
984.659301757813,4.16911315917969,-0.828055918216705,-0.284753859043121,356.002593994141,1.73499512672424,31.1181125640869,0.0295362342149019,-0.0239303894340992,-0.268546283245087,-0.962516486644745
985.160217285156,4.16911315917969,-0.828055918216705,-0.284753859043121,356.002624511719,1.73499715328217,31.1181125640869,0.0295362193137407,-0.0239304024726152,-0.268546283245087,-0.962516486644745
985.661499023438,4.16911315917969,-0.828055918216705,-0.284753859043121,356.002624511719,1.73499751091003,31.1181125640869,0.0295362044125795,-0.0239304024726152,-0.268546283245087,-0.962516486644745
986.162841796875,4.16911315917969,-0.828055918216705,-0.284753859043121,356.002624511719,1.73499798774719,31.1181125640869,0.0295361895114183,-0.0239304024726152,-0.268546283245087,-0.962516486644745
986.66455078125,4.16911315917969,-0.828055918216705,-0.284753859043121,356.002624511719,1.73499834537506,31.1181125640869,0.0295361746102571,-0.0239304024726152,-0.268546283245087,-0.962516486644745
987.165222167969,4.16911745071411,-0.828055918216705,-0.284754157066345,356.002624511719,1.73499894142151,31.1181125640869,0.029536159709096,-0.0239304024726152,-0.268546283245087,-0.962516486644745
987.666259765625,4.16911315917969,-0.828055918216705,-0.284753859043121,356.002624511719,1.73499929904938,31.1181125640869,0.0295361448079348,-0.0239304024726152,-0.268546283245087,-0.962516486644745
988.168334960938,4.16911315917969,-0.828055381774902,-0.284754157066345,358.052947998047,357.459533691406,17.6221332550049,0.0201809406280518,0.0193013735115528,-0.152744755148888,-0.987871050834656
988.668395996094,4.16911315917969,-0.828055918216705,-0.284754157066345,1.85110080242157,342.089263916016,14.4427890777588,0.00373539491556585,0.156415909528732,-0.126649677753448,-0.979530513286591
989.170532226563,4.16911315917969,-0.828055918216705,-0.28475496172905,4.30985593795776,331.828430175781,7.45384979248047,-0.0205855462700129,0.245058640837669,-0.0721341744065285,-0.966601848602295
989.671447753906,4.16911745071411,-0.828055918216705,-0.284755229949951,4.54659223556519,331.299835205078,359.636505126953,-0.0392138361930847,0.247527852654457,-0.00676045846194029,-0.968063294887543
990.172729492188,4.16911315917969,-0.828055918216705,-0.284755229949951,4.01653099060059,355.617340087891,5.68154430389404,-0.0330811478197575,0.0399016104638577,-0.0508321560919285,-0.997361302375793
990.673522949219,4.16911315917969,-0.828055918216705,-0.284755229949951,0.573149085044861,10.5008516311646,25.0310535430908,-0.0246924478560686,-0.0882540717720985,-0.215345442295074,-0.972228348255157
991.174682617188,4.16911315917969,-0.828055918216705,-0.284755229949951,0.567549586296082,10.5128612518311,25.1545906066895,-0.0247627682983875,-0.0883398875594139,-0.216395229101181,-0.971985578536987
991.676025390625,4.16911315917969,-0.828055918216705,-0.284755229949951,0.0553800389170647,11.4031286239624,31.9966697692871,-0.0278432071208954,-0.0953666269779205,-0.27419975399971,-0.956527292728424
992.176635742188,4.16910839080811,-0.828055918216705,-0.284755229949951,0.0554139763116837,11.4030122756958,31.9965133666992,-0.0278430841863155,-0.0953656211495399,-0.274198472499847,-0.956527829170227
992.677917480469,4.16911315917969,-0.828055918216705,-0.284755229949951,0.0554692558944225,11.4029264450073,31.9960517883301,-0.0278429575264454,-0.0953648909926414,-0.274194598197937,-0.956529021263123
993.179016113281,4.16911315917969,-0.828055918216705,-0.284755229949951,1.88562512397766,8.17460823059082,25.2459888458252,-0.0315901599824429,-0.0659574791789055,-0.216805085539818,-0.973471760749817
993.680419921875,4.16911745071411,-0.828055918216705,-0.284755229949951,9.43966197967529,348.515960693359,23.142707824707,-0.0602059215307236,0.114106051623821,-0.206970006227493,-0.969803333282471
994.181396484375,4.16911315917969,-0.828055918216705,-0.284755229949951,9.86594390869141,347.500091552734,23.851110458374,-0.061221431940794,0.123785398900509,-0.213810965418816,-0.967064678668976
994.683166503906,4.16910839080811,-0.828055918216705,-0.284755229949951,10.351300239563,346.033569335938,16.4653625488281,-0.0712791457772255,0.132656559348106,-0.152406245470047,-0.976777315139771
995.184387207031,4.16910839080811,-0.828055918216705,-0.284755229949951,12.0193500518799,334.974670410156,0.503034830093384,-0.101262837648392,0.215911269187927,-0.0269447918981314,-0.970774054527283
995.685607910156,4.16910839080811,-0.828055918216705,-0.284755229949951,12.0193929672241,334.974578857422,0.503025352954865,-0.10126318782568,0.215912073850632,-0.0269448757171631,-0.970773816108704
996.186767578125,4.16910839080811,-0.828055918216705,-0.284755229949951,12.019341468811,334.964691162109,2.39960765838623,-0.0976718217134476,0.217642068862915,-0.0430158637464046,-0.970176160335541
996.6875,4.16910839080811,-0.828055918216705,-0.284755229949951,12.8453683853149,332.745819091797,19.0183753967285,-0.0685411542654037,0.248865872621536,-0.185540288686752,-0.948125958442688
997.188781738281,4.16910839080811,-0.828055918216705,-0.284755229949951,12.8453598022461,332.746002197266,19.0184650421143,-0.0685411691665649,0.248864442110062,-0.185540914535522,-0.948126137256622
997.690307617188,4.16910839080811,-0.828055918216705,-0.284755229949951,12.8453826904297,332.745971679688,19.0184535980225,-0.0685413181781769,0.248864784836769,-0.1855408847332,-0.948126077651978
998.191101074219,4.16910839080811,-0.828055381774902,-0.284755229949951,12.8453931808472,332.74609375,19.0184516906738,-0.0685416236519814,0.248863786458969,-0.185540810227394,-0.948126316070557
998.692749023438,4.16910839080811,-0.828055918216705,-0.284755229949951,8.86177444458008,343.071838378906,25.7917499542236,-0.0417361110448837,0.160102397203445,-0.231173887848854,-0.958740830421448
999.194152832031,4.16910839080811,-0.828055918216705,-0.284755229949951,6.40612506866455,347.643829345703,26.9457969665527,-0.0289871133863926,0.117436394095421,-0.237118124961853,-0.963920891284943
999.695190429688,4.16910839080811,-0.828057527542114,-0.284755229949951,1.4898419380188,2.43341255187988,19.3251991271973,-0.0163773521780968,-0.0187492575496435,-0.167521730065346,-0.985554039478302
1000.19641113281,4.16910839080811,-0.828057527542114,-0.284755229949951,1.45019471645355,2.56452703475952,12.3336353302002,-0.014982333406806,-0.0208874735981226,-0.107106536626816,-0.993915259838104
1000.69787597656,4.16910839080811,-0.828057527542114,-0.284755229949951,0.764024317264557,10.4205322265625,359.205963134766,-0.0060103852301836,-0.090852826833725,0.00750579638406634,-0.995817959308624
1001.19915771484,4.16910839080811,-0.828057527542114,-0.284755229949951,0.515569806098938,8.49013423919678,345.249328613281,0.00505237467586994,-0.0739854425191879,0.128345459699631,-0.988953053951263
1001.69964599609,4.16910839080811,-0.828057527542114,-0.284755229949951,0.783234715461731,10.2736511230469,357.341735839844,-0.00472892122343183,-0.0896661877632141,0.0237136762589216,-0.995678305625916
1002.20111083984,4.16910839080811,-0.828057527542114,-0.284755229949951,0.76239800453186,9.73698425292969,22.375467300415,-0.0229694377630949,-0.0819681584835052,-0.192766129970551,-0.977545320987701
1002.70196533203,4.16910839080811,-0.828058063983917,-0.284755229949951,1.69901204109192,8.20826625823975,44.2946319580078,-0.0406749397516251,-0.060706589370966,-0.374998420476913,-0.924140989780426
1003.20336914063,4.16911315917969,-0.828058063983917,-0.284755229949951,2.08178949356079,7.84139633178711,49.1352500915527,-0.0449064895510674,-0.0546403042972088,-0.413595795631409,-0.907709419727325
1003.70355224609,4.16910839080811,-0.828058063983917,-0.284755229949951,2.08173894882202,7.84140300750732,49.135929107666,-0.0449064336717129,-0.0546402707695961,-0.413601189851761,-0.90770697593689
1004.20532226563,4.16910839080811,-0.828058063983917,-0.284755229949951,2.08174872398376,7.84138870239258,49.1358108520508,-0.0449064113199711,-0.0546401739120483,-0.413600295782089,-0.907707393169403
1004.70648193359,4.16910839080811,-0.828058063983917,-0.284755229949951,2.08172369003296,7.84140491485596,49.1360282897949,-0.0449063703417778,-0.0546403080224991,-0.413602024316788,-0.907706618309021
1005.20788574219,4.16682863235474,-0.831267476081848,-0.278770923614502,2.08171987533569,7.84139537811279,49.1360168457031,-0.0449062958359718,-0.0546402484178543,-0.413601934909821,-0.907706677913666
1005.70910644531,4.1610803604126,-0.840894222259521,-0.277310878038406,359.462158203125,10.119909286499,48.956615447998,-0.0322892889380455,-0.0822070240974426,-0.413106143474579,-0.906389892101288
1006.20977783203,4.15693187713623,-0.852747917175293,-0.267345786094666,359.623596191406,9.98235321044922,51.0528182983398,-0.034538496285677,-0.0799194872379303,-0.429548621177673,-0.898837029933929
1006.71099853516,4.15693187713623,-0.852748453617096,-0.267345786094666,359.623626708984,9.98229122161865,51.0528450012207,-0.0345386266708374,-0.0799188241362572,-0.429548799991608,-0.898836970329285
1007.22509765625,4.15693187713623,-0.852748453617096,-0.267345786094666,359.623657226563,9.98225116729736,51.0527801513672,-0.0345386639237404,-0.0799184292554855,-0.429548323154449,-0.898837208747864
1007.72613525391,4.15693187713623,-0.852748453617096,-0.267345786094666,359.623687744141,9.98228359222412,51.0529098510742,-0.034539021551609,-0.0799185782670975,-0.429549306631088,-0.89883679151535
1008.22766113281,4.15693187713623,-0.852747917175293,-0.267345786094666,359.623718261719,9.9822998046875,51.0530319213867,-0.0345393866300583,-0.0799185559153557,-0.429550260305405,-0.898836314678192
1008.72882080078,4.15693187713623,-0.852747917175293,-0.267345786094666,359.623748779297,9.98230266571045,51.0531883239746,-0.0345397964119911,-0.0799183994531631,-0.4295514523983,-0.898835718631744
1009.23034667969,4.15693187713623,-0.852747917175293,-0.267345786094666,359.623748779297,9.98229694366455,51.0533180236816,-0.0345398560166359,-0.079918310046196,-0.429552465677261,-0.898835301399231
1009.77783203125,4.15693187713623,-0.852747917175293,-0.267345786094666,359.623748779297,9.98229694366455,51.0533180236816,-0.0345398560166359,-0.079918310046196,-0.429552465677261,-0.898835301399231
1010.30090332031,4.15693187713623,-0.852747917175293,-0.267345786094666,359.623718261719,9.98231601715088,51.0536499023438,-0.0345399081707001,-0.0799184814095497,-0.429555058479309,-0.898833990097046
1010.80352783203,4.15693616867065,-0.852747917175293,-0.267345786094666,359.623687744141,9.98232460021973,51.0540542602539,-0.0345400013029575,-0.0799185335636139,-0.429558277130127,-0.898832440376282
1011.30487060547,4.15693616867065,-0.85274738073349,-0.267345786094666,359.623687744141,9.98234939575195,51.0541725158691,-0.0345402583479881,-0.0799186676740646,-0.429559201002121,-0.898832023143768
1011.80621337891,4.15693187713623,-0.852747917175293,-0.267345786094666,359.623718261719,9.98234176635742,51.0540237426758,-0.0345403961837292,-0.0799185186624527,-0.429558008909225,-0.898832619190216
1012.30786132813,4.15693187713623,-0.852747917175293,-0.267345786094666,359.623718261719,9.98234844207764,51.0539627075195,-0.0345402844250202,-0.0799186229705811,-0.429557532072067,-0.898832738399506
1012.80938720703,4.15692758560181,-0.852747917175293,-0.267345786094666,359.623687744141,9.98234176635742,51.0539665222168,-0.0345401056110859,-0.0799186378717422,-0.42955756187439,-0.898832738399506
1013.31048583984,4.15692758560181,-0.852747917175293,-0.267345786094666,359.623687744141,9.98234272003174,51.0539703369141,-0.0345401056110859,-0.079918660223484,-0.429557591676712,-0.89883279800415
1013.81176757813,4.15693187713623,-0.852747917175293,-0.267345786094666,359.623687744141,9.98234272003174,51.0539703369141,-0.0345401056110859,-0.079918660223484,-0.429557591676712,-0.89883279800415
1014.31311035156,4.15693187713623,-0.852747917175293,-0.267345786094666,359.623687744141,9.98234272003174,51.0539703369141,-0.0345401056110859,-0.079918660223484,-0.429557591676712,-0.89883279800415
1014.81384277344,4.15693187713623,-0.852747917175293,-0.267345786094666,359.623687744141,9.98234272003174,51.0539703369141,-0.0345401056110859,-0.079918660223484,-0.429557591676712,-0.89883279800415
1015.31561279297,4.15692758560181,-0.852747917175293,-0.267345786094666,359.623687744141,9.98234176635742,51.0539665222168,-0.0345401018857956,-0.0799186527729034,-0.42955756187439,-0.898832738399506
1015.81683349609,4.15693187713623,-0.852747917175293,-0.267345786094666,359.623687744141,9.98234176635742,51.0539703369141,-0.0345401018857956,-0.0799186527729034,-0.429557591676712,-0.89883279800415
1016.31799316406,4.15693187713623,-0.852747917175293,-0.267345786094666,359.623687744141,9.98234272003174,51.0539703369141,-0.0345401056110859,-0.079918660223484,-0.429557591676712,-0.89883279800415
1016.86242675781,4.15693187713623,-0.852747917175293,-0.267345786094666,359.623687744141,9.98234272003174,51.0539703369141,-0.0345401056110859,-0.079918660223484,-0.429557591676712,-0.89883279800415
1017.36456298828,4.15692758560181,-0.852747917175293,-0.267345786094666,359.623687744141,9.98234272003174,51.0539703369141,-0.0345401056110859,-0.079918660223484,-0.429557591676712,-0.89883279800415
1017.86480712891,4.15693187713623,-0.852747917175293,-0.267345786094666,359.623687744141,9.98234272003174,51.0539703369141,-0.0345401056110859,-0.079918660223484,-0.429557591676712,-0.89883279800415
1018.36639404297,4.15693616867065,-0.852747917175293,-0.267345786094666,359.623687744141,9.98234272003174,51.0539703369141,-0.0345401056110859,-0.079918660223484,-0.429557591676712,-0.89883279800415
1018.87786865234,4.15693187713623,-0.852747917175293,-0.267345786094666,359.623687744141,9.98235511779785,51.0540809631348,-0.0345401801168919,-0.0799187421798706,-0.429558485746384,-0.898832321166992
1019.40606689453,4.15692758560181,-0.852748453617096,-0.267345786094666,359.623718261719,9.98233413696289,51.0540046691895,-0.0345402397215366,-0.0799185186624527,-0.429557830095291,-0.898832619190216
1019.91076660156,4.15693187713623,-0.852747917175293,-0.267345786094666,359.623748779297,9.98228359222412,51.0538177490234,-0.0345401652157307,-0.0799180567264557,-0.429556399583817,-0.898833394050598
1020.41235351563,4.15692758560181,-0.852747917175293,-0.267345786094666,359.623718261719,9.98225498199463,51.0538215637207,-0.0345399975776672,-0.0799178555607796,-0.429556399583817,-0.898833394050598
1020.9150390625,4.15693187713623,-0.852747917175293,-0.267345786094666,359.623687744141,9.98227310180664,51.0538177490234,-0.0345397517085075,-0.0799181535840034,-0.429556399583817,-0.898833394050598
1021.41711425781,4.15693187713623,-0.852747917175293,-0.267345786094666,359.623657226563,9.98224353790283,51.0538139343262,-0.0345394760370255,-0.0799179971218109,-0.429556399583817,-0.898833394050598
1021.91864013672,4.15693187713623,-0.852747917175293,-0.267345786094666,359.623687744141,9.98219203948975,51.0537910461426,-0.0345394909381866,-0.0799174830317497,-0.429556220769882,-0.898833513259888
1022.42034912109,4.15693187713623,-0.852747917175293,-0.267345786094666,359.623718261719,9.98216342926025,51.053955078125,-0.0345395617187023,-0.0799171850085258,-0.429557502269745,-0.89883291721344
1022.92163085938,4.15693187713623,-0.852747917175293,-0.267345786094666,359.623687744141,9.98218059539795,51.0545349121094,-0.0345398858189583,-0.0799172222614288,-0.42956206202507,-0.898830711841583
1023.42291259766,4.15693187713623,-0.852747917175293,-0.267345786094666,359.623687744141,9.98218536376953,51.0545921325684,-0.0345399677753448,-0.0799172222614288,-0.429562509059906,-0.898830533027649
1023.92449951172,4.15693187713623,-0.852747917175293,-0.267345786094666,359.623687744141,9.98218536376953,51.0545921325684,-0.0345399677753448,-0.0799172222614288,-0.429562509059906,-0.898830533027649
1024.42578125,4.15693187713623,-0.852747917175293,-0.267345786094666,359.623687744141,9.98218536376953,51.0545921325684,-0.0345399677753448,-0.0799172222614288,-0.429562509059906,-0.898830533027649
1024.92602539063,4.15693616867065,-0.852747917175293,-0.267345786094666,359.623687744141,9.98218536376953,51.0545921325684,-0.0345399677753448,-0.0799172222614288,-0.429562509059906,-0.898830533027649
1025.427734375,4.15693187713623,-0.852747917175293,-0.267345786094666,359.61376953125,9.99246120452881,47.1514854431152,-0.0317550636827946,-0.0811634659767151,-0.39870810508728,-0.912927150726318
1025.92883300781,4.15693187713623,-0.852747917175293,-0.267345786094666,353.334655761719,17.5695171356201,33.6365127563477,0.0108803641051054,-0.162566155195236,-0.293957561254501,-0.94182950258255
1026.43041992188,4.15693616867065,-0.852747917175293,-0.267345786094666,357.942077636719,9.69672870635986,27.7203712463379,-0.00287090800702572,-0.0863313004374504,-0.240131393074989,-0.966889679431915
1026.93212890625,4.15693187713623,-0.852748453617096,-0.267345786094666,358.565216064453,5.5668568611145,6.9220666885376,0.00955168344080448,-0.0492234900593758,-0.060900654643774,-0.996883571147919
1027.43298339844,4.15693187713623,-0.852748453617096,-0.267345786094666,359.171844482422,358.730682373047,8.31439304351807,0.00801051966845989,0.010523421689868,-0.0724069401621819,-0.997287511825562
1027.93395996094,4.15693187713623,-0.852748453617096,-0.267345786094666,357.481567382813,4.47156715393066,31.9263153076172,0.0103856939822435,-0.0435375981032848,-0.27556774020195,-0.960239112377167
1028.43469238281,4.15692758560181,-0.852748990058899,-0.267345517873764,356.667877197266,5.61550092697144,45.195182800293,0.00799501594156027,-0.0563635416328907,-0.384947866201401,-0.92118102312088
1028.93591308594,4.15693187713623,-0.852748990058899,-0.267345786094666,352.985168457031,9.96424579620361,34.9152793884277,0.0321345776319504,-0.100973568856716,-0.303375571966171,-0.946960866451263
1029.43688964844,4.15693187713623,-0.852748990058899,-0.267345786094666,355.409545898438,4.32453918457031,22.0611381530762,0.0320674814283848,-0.0446601398289204,-0.192526176571846,-0.979750454425812
1029.93908691406,4.15693616867065,-0.852749526500702,-0.267345786094666,356.740631103516,0.106998398900032,8.49631214141846,0.0282921344041824,-0.00303748389706016,-0.0740728825330734,-0.996846795082092
1030.44006347656,4.15693616867065,-0.852748990058899,-0.267345786094666,356.997253417969,356.618591308594,354.668884277344,0.0247894637286663,0.0306801348924637,0.0472420230507851,-0.998104453086853
1030.94104003906,4.15693616867065,-0.852748990058899,-0.267345786094666,357.147216796875,359.145324707031,0.988154530525208,0.0249554142355919,0.00724127003923059,-0.00843460112810135,-0.999626815319061
1031.44213867188,4.15693616867065,-0.852748990058899,-0.267345786094666,355.519622802734,5.78755378723145,24.5198097229004,0.0274365320801735,-0.0575852021574974,-0.213842123746872,-0.974783480167389
1031.94323730469,4.15693616867065,-0.852748990058899,-0.267345786094666,354.827545166016,7.17930173873901,33.5120086669922,0.025090305134654,-0.0728740766644478,-0.290143102407455,-0.95387464761734
1032.4443359375,4.15693616867065,-0.852748990058899,-0.267345786094666,352.735992431641,10.4194555282593,32.6381225585938,0.0350818447768688,-0.10469476133585,-0.284783631563187,-0.952211439609528
1032.94543457031,4.15693616867065,-0.852748990058899,-0.267345786094666,352.735961914063,10.4194850921631,32.6380882263184,0.0350821129977703,-0.104695081710815,-0.284783333539963,-0.952211499214172
1033.447265625,4.15693616867065,-0.85275012254715,-0.267345786094666,350.420257568359,14.0746688842773,33.1128044128418,0.0446465872228146,-0.140641689300537,-0.291630804538727,-0.945080995559692
1033.94873046875,4.15643358230591,-0.85380619764328,-0.264489114284515,350.420227050781,14.0746650695801,33.1128959655762,0.0446467474102974,-0.140641778707504,-0.291631579399109,-0.945080757141113
1034.44958496094,4.15617322921753,-0.858261346817017,-0.259385317564011,350.420257568359,14.074667930603,33.1128082275391,0.0446465238928795,-0.140641674399376,-0.291630834341049,-0.945080995559692
1034.95056152344,4.15558815002441,-0.860252141952515,-0.258412420749664,350.420227050781,14.0748128890991,33.1128883361816,0.0446463152766228,-0.1406429708004,-0.291631579399109,-0.945080637931824
1035.46765136719,4.15558815002441,-0.860252141952515,-0.258412420749664,350.420288085938,14.0747518539429,33.1128158569336,0.0446461699903011,-0.140642330050468,-0.291630923748016,-0.945080876350403
1035.96887207031,4.15558385848999,-0.860252141952515,-0.258412420749664,350.420349121094,14.0748081207275,33.1128082275391,0.0446455217897892,-0.140642642974854,-0.291630804538727,-0.945080876350403
1036.46960449219,4.15559244155884,-0.860252678394318,-0.258412688970566,350.420379638672,14.0747900009155,33.1128349304199,0.0446452833712101,-0.140642449259758,-0.291631013154984,-0.945080935955048
1036.97106933594,4.15559244155884,-0.860252678394318,-0.258412420749664,350.420349121094,14.0747766494751,33.1130218505859,0.0446451269090176,-0.140642419457436,-0.291632562875748,-0.945080459117889
1037.47229003906,4.15558815002441,-0.860252678394318,-0.258412420749664,350.420349121094,14.0747003555298,33.1132736206055,0.0446450151503086,-0.140641883015633,-0.291634619235992,-0.945079922676086
1037.99072265625,4.15558815002441,-0.860252678394318,-0.258412420749664,350.420379638672,14.0746250152588,33.1132850646973,0.0446449741721153,-0.140641212463379,-0.291634678840637,-0.945079982280731
1038.51098632813,4.15558815002441,-0.860252678394318,-0.258412152528763,350.420349121094,14.074634552002,33.1135520935059,0.0446449294686317,-0.140641465783119,-0.291636854410172,-0.945079207420349
1039.01403808594,4.15558385848999,-0.860252678394318,-0.258412420749664,350.420349121094,14.074649810791,33.1136703491211,0.0446448959410191,-0.140641689300537,-0.291637867689133,-0.945078909397125
1039.51647949219,4.15558815002441,-0.860252678394318,-0.258412420749664,350.420288085938,14.0746002197266,33.1137847900391,0.0446452349424362,-0.140641421079636,-0.291638851165771,-0.945078670978546
1040.01916503906,4.15558815002441,-0.860252678394318,-0.258412420749664,350.420288085938,14.0745449066162,33.1140937805176,0.0446450561285019,-0.140641108155251,-0.291641354560852,-0.945077955722809
1040.52087402344,4.15558815002441,-0.860252678394318,-0.258412152528763,350.420227050781,14.0746231079102,33.1142959594727,0.0446451343595982,-0.140641987323761,-0.291643142700195,-0.945077240467072
1041.02258300781,4.15558815002441,-0.860252678394318,-0.258412420749664,350.420104980469,14.0746994018555,33.1145896911621,0.044645644724369,-0.140643030405045,-0.291645675897598,-0.945076286792755
1041.52453613281,4.15558815002441,-0.860252678394318,-0.258412420749664,350.420104980469,14.0746994018555,33.1145896911621,0.044645644724369,-0.140643030405045,-0.291645675897598,-0.945076286792755
1042.02600097656,4.15559244155884,-0.860252141952515,-0.258412420749664,350.420104980469,14.0746994018555,33.1145896911621,0.044645644724369,-0.140643030405045,-0.291645675897598,-0.945076286792755
1042.52746582031,4.15558815002441,-0.860252678394318,-0.258412420749664,350.420104980469,14.0746994018555,33.1145896911621,0.044645644724369,-0.140643030405045,-0.291645675897598,-0.945076286792755
1043.02844238281,4.15558815002441,-0.860252678394318,-0.258412420749664,350.420104980469,14.0746994018555,33.1145896911621,0.044645644724369,-0.140643030405045,-0.291645675897598,-0.945076286792755
1043.52954101563,4.15558815002441,-0.860252678394318,-0.258412420749664,350.420104980469,14.0746994018555,33.1145896911621,0.044645644724369,-0.140643030405045,-0.291645675897598,-0.945076286792755
1044.03100585938,4.15558815002441,-0.860252678394318,-0.258412420749664,350.420104980469,14.0746994018555,33.1145896911621,0.044645644724369,-0.140643030405045,-0.291645675897598,-0.945076286792755
1044.53234863281,4.15558815002441,-0.860252678394318,-0.258412420749664,350.420104980469,14.0746994018555,33.1145896911621,0.044645644724369,-0.140643030405045,-0.291645675897598,-0.945076286792755
1045.03308105469,4.15558815002441,-0.860252678394318,-0.258412688970566,350.420104980469,14.0746994018555,33.1145896911621,0.044645644724369,-0.140643030405045,-0.291645675897598,-0.945076286792755
1045.55017089844,4.15558815002441,-0.860252678394318,-0.258412420749664,350.420104980469,14.0746994018555,33.1145896911621,0.044645644724369,-0.140643030405045,-0.291645675897598,-0.945076286792755
1046.05126953125,4.15558815002441,-0.860252678394318,-0.258412420749664,350.420104980469,14.0746994018555,33.1145896911621,0.044645644724369,-0.140643030405045,-0.291645675897598,-0.945076286792755
1046.552734375,4.15558815002441,-0.860252678394318,-0.258412420749664,350.420104980469,14.0746994018555,33.1145896911621,0.044645644724369,-0.140643030405045,-0.291645675897598,-0.945076286792755
1047.05346679688,4.15558815002441,-0.860252678394318,-0.258412420749664,350.420104980469,14.0746994018555,33.1145896911621,0.044645644724369,-0.140643030405045,-0.291645675897598,-0.945076286792755
1047.57177734375,4.15558815002441,-0.860252678394318,-0.258412420749664,350.420104980469,14.0746994018555,33.1145896911621,0.044645644724369,-0.140643030405045,-0.291645675897598,-0.945076286792755
1048.07238769531,4.15558815002441,-0.860252678394318,-0.258412420749664,350.420104980469,14.0746994018555,33.1145896911621,0.044645644724369,-0.140643030405045,-0.291645675897598,-0.945076286792755
1048.59997558594,4.15558815002441,-0.860252678394318,-0.258412420749664,350.420074462891,14.074631690979,33.1146392822266,0.0446458347141743,-0.140642523765564,-0.291646063327789,-0.945076286792755
1049.1015625,4.15558815002441,-0.860252678394318,-0.258412420749664,350.420135498047,14.0744428634644,33.1146240234375,0.0446459054946899,-0.140640825033188,-0.29164582490921,-0.945076584815979
1049.60278320313,4.15559244155884,-0.860252678394318,-0.258412688970566,350.420104980469,14.0742988586426,33.1147193908691,0.0446463339030743,-0.14063972234726,-0.29164656996727,-0.945076465606689
1050.1044921875,4.15559244155884,-0.860252678394318,-0.258412420749664,351.355072021484,12.0554418563843,21.1908912658691,0.0544215999543667,-0.116707481443882,-0.190116137266159,-0.97327983379364
1050.60583496094,4.15558815002441,-0.860252141952515,-0.258412688970566,351.35498046875,12.05544090271,21.1910247802734,0.0544221214950085,-0.116707667708397,-0.190117329359055,-0.973279535770416
1051.10705566406,4.15558815002441,-0.860252678394318,-0.258412420749664,350.846527099609,13.7621469497681,12.1894884109497,0.0660918429493904,-0.127162784337997,-0.114578016102314,-0.983022570610046
1051.60949707031,4.15558815002441,-0.860252678394318,-0.258412688970566,350.846496582031,13.7620429992676,12.189567565918,0.0660920739173889,-0.127161964774132,-0.114578649401665,-0.983022570610046
1052.10986328125,4.15558815002441,-0.860253214836121,-0.258412420749664,350.846496582031,13.7619466781616,12.1895751953125,0.0660921931266785,-0.127161160111427,-0.114578671753407,-0.983022749423981
1052.61083984375,4.15558385848999,-0.860252678394318,-0.258412420749664,350.846496582031,13.7619180679321,12.1895685195923,0.0660922005772591,-0.127160891890526,-0.114578597247601,-0.983022749423981
1053.11169433594,4.15559244155884,-0.860252678394318,-0.258412420749664,350.846466064453,13.7620115280151,12.1895589828491,0.0660922527313232,-0.12716169655323,-0.114578582346439,-0.983022630214691
1053.61401367188,4.15558815002441,-0.860252678394318,-0.258412420749664,350.846466064453,13.7620134353638,12.1895589828491,0.0660922452807426,-0.127161711454391,-0.114578582346439,-0.983022630214691
1054.115234375,4.15558385848999,-0.860253214836121,-0.258412420749664,350.846466064453,13.7620134353638,12.1895580291748,0.0660922452807426,-0.127161726355553,-0.114578574895859,-0.983022689819336
1054.61633300781,4.15559244155884,-0.860252141952515,-0.258412688970566,350.846466064453,13.7620210647583,12.189549446106,0.0660924389958382,-0.127161800861359,-0.114578522741795,-0.983022630214691
1055.11730957031,4.15558815002441,-0.860252678394318,-0.258412420749664,350.846374511719,13.7619676589966,12.1895599365234,0.0660931915044785,-0.127161413431168,-0.114578649401665,-0.983022570610046
1055.61791992188,4.15558815002441,-0.860252678394318,-0.258412420749664,350.846374511719,13.7618465423584,12.1895837783813,0.0660931617021561,-0.127160385251045,-0.114578783512115,-0.983022749423981
1056.11926269531,4.15558385848999,-0.860252678394318,-0.258412420749664,350.846405029297,13.7618656158447,12.1895685195923,0.0660930797457695,-0.127160534262657,-0.114578656852245,-0.983022689819336
1056.62121582031,4.15558815002441,-0.860252678394318,-0.258412420749664,350.846496582031,13.7618379592896,12.1896457672119,0.066092275083065,-0.127160266041756,-0.114579223096371,-0.983022749423981
1057.12182617188,4.15558815002441,-0.860252678394318,-0.258412420749664,350.846496582031,13.7618408203125,12.1896505355835,0.0660922676324844,-0.127160295844078,-0.114579260349274,-0.983022749423981
1057.62316894531,4.15558815002441,-0.860252678394318,-0.258412420749664,350.846496582031,13.7618408203125,12.1896505355835,0.0660922676324844,-0.127160295844078,-0.114579260349274,-0.983022749423981
1058.12377929688,4.15558815002441,-0.860252678394318,-0.258411049842834,351.096710205078,13.1057434082031,27.3204250335693,0.048059843480587,-0.128768146038055,-0.242519959807396,-0.960361003875732
1058.62512207031,4.15558385848999,-0.860253214836121,-0.258411049842834,350.057678222656,15.3325233459473,17.3112640380859,0.0649007484316826,-0.144311681389809,-0.160017400979996,-0.9743492603302
1059.12670898438,4.15558815002441,-0.860253214836121,-0.258411049842834,350.445098876953,13.8334617614746,10.4147100448608,0.0714462175965309,-0.127017050981522,-0.0997752696275711,-0.984279990196228
1059.62719726563,4.15559244155884,-0.860253214836121,-0.258411049842834,350.445068359375,13.8335285186768,10.4147310256958,0.07144645601511,-0.127017676830292,-0.0997755229473114,-0.984279870986938
1060.12866210938,4.15558815002441,-0.860253214836121,-0.258411049842834,350.445068359375,13.8335628509521,10.4146900177002,0.0714463368058205,-0.127017930150032,-0.0997751802206039,-0.984279870986938
1060.62963867188,4.15422677993774,-0.859947621822357,-0.258119523525238,350.445129394531,13.8335418701172,10.4146661758423,0.0714460834860802,-0.127017706632614,-0.0997749269008636,-0.984279930591583
1061.130859375,4.14834451675415,-0.857980132102966,-0.257790893316269,350.445068359375,13.8334932327271,10.4146766662598,0.0714464262127876,-0.127017319202423,-0.0997750386595726,-0.984279990196228
1061.63220214844,4.14489412307739,-0.857892334461212,-0.25374048948288,350.445190429688,13.8334426879883,10.4145860671997,0.0714456662535667,-0.127016752958298,-0.0997741147875786,-0.984280169010162
1062.13342285156,4.14489412307739,-0.857892334461212,-0.25374048948288,350.445343017578,13.8332738876343,10.4145460128784,0.0714445859193802,-0.127015173435211,-0.0997735261917114,-0.984280526638031
1062.64892578125,4.14489412307739,-0.857892334461212,-0.25374048948288,350.445434570313,13.8330173492432,10.4146089553833,0.0714440047740936,-0.127012953162193,-0.0997738167643547,-0.98428076505661
1063.150390625,4.14489412307739,-0.857892334461212,-0.253737777471542,350.445556640625,13.8328008651733,10.4146213531494,0.0714430212974548,-0.127011001110077,-0.0997736528515816,-0.984281122684479
1063.65112304688,4.14489412307739,-0.857892334461212,-0.253736704587936,350.445648193359,13.8327026367188,10.4146432876587,0.0714423581957817,-0.127010121941566,-0.0997737124562263,-0.984281361103058
1064.15222167969,4.14489412307739,-0.857892334461212,-0.253736704587936,350.445648193359,13.8326730728149,10.4145708084106,0.0714424476027489,-0.127009823918343,-0.0997730568051338,-0.984281420707703
1064.69750976563,4.14489412307739,-0.857892334461212,-0.253736704587936,350.445678710938,13.8327341079712,10.4145030975342,0.0714422613382339,-0.12701028585434,-0.0997724905610085,-0.984281420707703
1065.24865722656,4.14489412307739,-0.857892334461212,-0.253736436367035,350.445739746094,13.8326959609985,10.4143762588501,0.0714418068528175,-0.127009823918343,-0.0997712984681129,-0.984281599521637
1065.75512695313,4.14489412307739,-0.857892334461212,-0.253736704587936,350.445739746094,13.8325653076172,10.4143199920654,0.0714419037103653,-0.127008661627769,-0.0997707396745682,-0.984281837940216
1066.25659179688,4.14489841461182,-0.857892334461212,-0.253736972808838,350.445770263672,13.8325834274292,10.414342880249,0.071441762149334,-0.127008825540543,-0.0997709259390831,-0.984281778335571
1066.75793457031,4.14489412307739,-0.857892334461212,-0.253736436367035,350.445739746094,13.8325262069702,10.4143714904785,0.071442075073719,-0.127008363604546,-0.0997711718082428,-0.984281778335571
1067.25952148438,4.14489412307739,-0.857892334461212,-0.253736436367035,350.445678710938,13.8326063156128,10.4144248962402,0.0714422315359116,-0.127009108662605,-0.0997717157006264,-0.984281659126282
1067.76147460938,4.14489412307739,-0.857892334461212,-0.253736436367035,350.445556640625,13.8327503204346,10.4144487380981,0.0714431554079056,-0.127010464668274,-0.0997721403837204,-0.984281420707703
1068.26318359375,4.14489412307739,-0.857892334461212,-0.253736436367035,350.445556640625,13.8327503204346,10.4144487380981,0.0714431554079056,-0.127010464668274,-0.0997721403837204,-0.984281420707703
1068.76501464844,4.14489412307739,-0.857892334461212,-0.253736436367035,350.445556640625,13.8327503204346,10.4144487380981,0.0714431554079056,-0.127010464668274,-0.0997721403837204,-0.984281420707703
1069.29260253906,4.14489412307739,-0.857892334461212,-0.253736436367035,350.445556640625,13.8327503204346,10.4144487380981,0.0714431554079056,-0.127010464668274,-0.0997721403837204,-0.984281420707703
1069.79357910156,4.14489412307739,-0.857892334461212,-0.253736436367035,350.445556640625,13.8327503204346,10.4144487380981,0.0714431554079056,-0.127010464668274,-0.0997721403837204,-0.984281420707703
1070.294921875,4.14489412307739,-0.857892334461212,-0.253736436367035,350.445556640625,13.8327503204346,10.4144487380981,0.0714431554079056,-0.127010464668274,-0.0997721403837204,-0.984281420707703
1070.79614257813,4.14489412307739,-0.857892334461212,-0.253736436367035,350.445556640625,13.8327503204346,10.4144487380981,0.0714431554079056,-0.127010464668274,-0.0997721403837204,-0.984281420707703
1071.29736328125,4.14489412307739,-0.857892334461212,-0.253736436367035,350.445556640625,13.8327503204346,10.4144487380981,0.0714431554079056,-0.127010464668274,-0.0997721403837204,-0.984281420707703
1071.79858398438,4.14489412307739,-0.857892334461212,-0.253736436367035,350.445556640625,13.8327503204346,10.4144487380981,0.0714431554079056,-0.127010464668274,-0.0997721403837204,-0.984281420707703
1072.29968261719,4.14489412307739,-0.857892334461212,-0.253736436367035,350.445556640625,13.8327503204346,10.4144487380981,0.0714431554079056,-0.127010464668274,-0.0997721403837204,-0.984281420707703
1072.80078125,4.14489841461182,-0.857892334461212,-0.253736436367035,350.445556640625,13.8327503204346,10.4144487380981,0.0714431554079056,-0.127010464668274,-0.0997721403837204,-0.984281420707703
1073.30261230469,4.14489412307739,-0.857891798019409,-0.253736436367035,350.445556640625,13.8327503204346,10.4144487380981,0.0714431554079056,-0.127010464668274,-0.0997721403837204,-0.984281420707703
1073.80419921875,4.14489412307739,-0.857892334461212,-0.253736436367035,350.445556640625,13.8327503204346,10.4144487380981,0.0714431554079056,-0.127010464668274,-0.0997721403837204,-0.984281420707703
1074.30493164063,4.14489412307739,-0.857892334461212,-0.253736436367035,350.445556640625,13.8327503204346,10.4144487380981,0.0714431554079056,-0.127010464668274,-0.0997721403837204,-0.984281420707703
1074.806640625,4.14489412307739,-0.857892334461212,-0.253736436367035,350.445556640625,13.8327503204346,10.4144487380981,0.0714431554079056,-0.127010464668274,-0.0997721403837204,-0.984281420707703
1075.30688476563,4.14489412307739,-0.857892334461212,-0.253736436367035,350.445556640625,13.8327503204346,10.4144487380981,0.0714431554079056,-0.127010464668274,-0.0997721403837204,-0.984281420707703
1075.80773925781,4.14489412307739,-0.857892334461212,-0.253736436367035,350.445556640625,13.8327503204346,10.4144487380981,0.0714431554079056,-0.127010464668274,-0.0997721403837204,-0.984281420707703
1076.30895996094,4.14489412307739,-0.857892334461212,-0.253736436367035,350.445556640625,13.8327503204346,10.4144487380981,0.0714431554079056,-0.127010464668274,-0.0997721403837204,-0.984281420707703
1076.8251953125,4.14489412307739,-0.857892334461212,-0.253736436367035,350.445556640625,13.8327503204346,10.4144487380981,0.0714431554079056,-0.127010464668274,-0.0997721403837204,-0.984281420707703
1077.32592773438,4.14489412307739,-0.857891798019409,-0.253736436367035,350.445556640625,13.8327503204346,10.4144487380981,0.0714431554079056,-0.127010464668274,-0.0997721403837204,-0.984281420707703
1077.82751464844,4.14489412307739,-0.857892334461212,-0.253736436367035,350.445556640625,13.8327503204346,10.4144487380981,0.0714431554079056,-0.127010464668274,-0.0997721403837204,-0.984281420707703
1078.32861328125,4.14489412307739,-0.857892334461212,-0.253736436367035,350.445556640625,13.8327503204346,10.4144487380981,0.0714431554079056,-0.127010464668274,-0.0997721403837204,-0.984281420707703
1078.84106445313,4.14489412307739,-0.857892334461212,-0.253736436367035,350.445556640625,13.8327503204346,10.4144487380981,0.0714431554079056,-0.127010464668274,-0.0997721403837204,-0.984281420707703
1079.36840820313,4.14489412307739,-0.857892334461212,-0.253736436367035,350.445526123047,13.8327131271362,10.4144172668457,0.0714436173439026,-0.127010151743889,-0.0997718796133995,-0.984281361103058
1079.87097167969,4.14489412307739,-0.857892334461212,-0.253736436367035,350.445404052734,13.8327989578247,10.4144382476807,0.0714445188641548,-0.127010971307755,-0.0997722297906876,-0.984281182289124
1080.37316894531,4.14489412307739,-0.857892334461212,-0.253736436367035,350.445343017578,13.8329706192017,10.4144802093506,0.0714447349309921,-0.127012521028519,-0.0997727438807487,-0.984280943870544
1080.87512207031,4.14489412307739,-0.857892334461212,-0.253736436367035,350.445404052734,13.8328981399536,10.4145345687866,0.0714444294571877,-0.127011895179749,-0.0997731313109398,-0.984281003475189
1081.37731933594,4.14489412307739,-0.857892334461212,-0.253736436367035,352.651519775391,354.155364990234,2.74016094207764,0.0651984736323357,0.0493324771523476,-0.0205637793987989,-0.9964399933815
1081.87927246094,4.14489412307739,-0.857891798019409,-0.253736704587936,352.934143066406,348.590759277344,3.49908399581909,0.0643172636628151,0.0972927734255791,-0.0241992119699717,-0.992880582809448
1082.38049316406,4.14489412307739,-0.857892334461212,-0.253736436367035,354.184661865234,338.437561035156,14.2478313446045,0.0726151019334793,0.179196581244469,-0.112254105508327,-0.974686980247498
1082.88208007813,4.14489412307739,-0.857896149158478,-0.253736436367035,354.184631347656,338.437316894531,14.2480707168579,0.0726157277822495,0.179198324680328,-0.112255997955799,-0.97468638420105
1083.38305664063,4.14489412307739,-0.857896149158478,-0.253736436367035,356.788787841797,325.614685058594,7.64650535583496,0.0464094765484333,0.293027222156525,-0.0554106384515762,-0.953368246555328
1083.88452148438,4.14489412307739,-0.857896149158478,-0.253736436367035,356.309844970703,326.996429443359,15.6329050064087,0.0691942200064659,0.277061879634857,-0.121270269155502,-0.950653672218323
1084.38684082031,4.14489412307739,-0.857896149158478,-0.253736436367035,351.374877929688,346.113067626953,8.17685794830322,0.0830504447221756,0.114918939769268,-0.061505276709795,-0.987984538078308
1084.88842773438,4.14489412307739,-0.857896149158478,-0.253736436367035,351.374908447266,346.113037109375,8.17687225341797,0.0830501690506935,0.114919260144234,-0.0615053996443748,-0.987984478473663
1085.38903808594,4.14489412307739,-0.857896149158478,-0.253736436367035,351.374908447266,346.113006591797,8.17680931091309,0.0830501541495323,0.114919528365135,-0.0615048408508301,-0.987984478473663
1085.89013671875,4.14489412307739,-0.857896149158478,-0.253736436367035,351.374847412109,346.112884521484,8.17692947387695,0.0830508843064308,0.114920482039452,-0.0615057125687599,-0.987984299659729
1086.39025878906,4.14489412307739,-0.857896149158478,-0.253736168146133,350.43701171875,358.990997314453,2.73488283157349,0.0835385248064995,0.00678293919190764,-0.0230463556945324,-0.996214926242828
1086.89184570313,4.14488983154297,-0.857896149158478,-0.253735899925232,349.857116699219,7.17983961105347,6.42977333068848,0.0845876634120941,-0.0672193467617035,-0.0612780675292015,-0.992255806922913
1087.392578125,4.14489841461182,-0.857896149158478,-0.253736168146133,347.969299316406,20.6986312866211,9.14624118804932,0.088516891002655,-0.186310529708862,-0.0967686027288437,-0.973698616027832
1087.89489746094,4.14489412307739,-0.857896149158478,-0.253736168146133,350.193389892578,14.8117294311523,28.8962116241455,0.0500381402671337,-0.145512029528618,-0.257185161113739,-0.95403265953064
1088.3955078125,4.14489412307739,-0.857896149158478,-0.253736168146133,350.664825439453,13.8171234130859,22.2413902282715,0.0561437234282494,-0.133216470479965,-0.200445339083672,-0.968980371952057
1088.89697265625,4.14489412307739,-0.857896149158478,-0.253736168146133,352.376831054688,9.03842449188232,15.550121307373,0.0550236813724041,-0.0868614614009857,-0.139755070209503,-0.984833002090454
1089.39855957031,4.14489412307739,-0.857896149158478,-0.253735899925232,352.400299072266,9.30371952056885,38.9973411560059,0.0352539382874966,-0.0983292981982231,-0.337020546197891,-0.935684621334076
1089.89868164063,4.14489412307739,-0.857896149158478,-0.253736168146133,352.400207519531,9.30371379852295,38.9980163574219,0.0352541580796242,-0.0983297452330589,-0.337026089429855,-0.935682535171509
1090.40026855469,4.14489412307739,-0.857896149158478,-0.253736168146133,352.903900146484,8.53039360046387,28.9610061645508,0.041192252188921,-0.0873039811849594,-0.25333645939827,-0.962549686431885
1090.90161132813,4.14489841461182,-0.857895612716675,-0.253736436367035,353.280456542969,7.75886201858521,16.9812393188477,0.0478580556809902,-0.0754337087273598,-0.150977581739426,-0.984492361545563
1091.40295410156,4.14489412307739,-0.857896685600281,-0.253736168146133,352.795501708984,10.7300634384155,6.95673799514771,0.0567774437367916,-0.0969393253326416,-0.0661503598093987,-0.991465210914612
1091.90368652344,4.14489412307739,-0.857896685600281,-0.253736168146133,352.684906005859,11.6617212295532,5.53513097763062,0.0584934465587139,-0.104331225156784,-0.0544099882245064,-0.991328954696655
1092.40551757813,4.14489412307739,-0.857896685600281,-0.253736168146133,352.672180175781,11.9413900375366,358.255401611328,0.0651299655437469,-0.102827556431293,0.00846382789313793,-0.992528557777405
1092.90673828125,4.14489412307739,-0.857896685600281,-0.253736168146133,352.672149658203,11.9414281845093,358.255401611328,0.065130278468132,-0.10282788425684,0.00846380367875099,-0.99252849817276
1093.40710449219,4.14489412307739,-0.857896685600281,-0.253736168146133,352.672180175781,11.9414567947388,358.255401611328,0.0651300325989723,-0.102828145027161,0.00846376270055771,-0.99252849817276
1093.9091796875,4.14489412307739,-0.857896685600281,-0.253736168146133,352.672119140625,11.9414558410645,358.255401611328,0.0651306286454201,-0.102828115224838,0.00846371985971928,-0.992528438568115
1094.41064453125,4.14489412307739,-0.85789829492569,-0.253736168146133,352.672027587891,11.9415140151978,358.255401611328,0.065131351351738,-0.102828606963158,0.00846370495855808,-0.99252837896347
1094.91162109375,4.14489412307739,-0.85789829492569,-0.253736436367035,352.671966552734,11.9415111541748,358.255401611328,0.0651318430900574,-0.102828569710255,0.00846370588988066,-0.992528319358826
1095.41247558594,4.14489412307739,-0.85789829492569,-0.253736168146133,352.671905517578,11.9415416717529,358.25537109375,0.0651323199272156,-0.102828815579414,0.00846370588988066,-0.992528259754181
1095.91381835938,4.14489412307739,-0.85789829492569,-0.253735899925232,352.671844482422,11.9415435791016,358.25537109375,0.0651330202817917,-0.102828808128834,0.00846369378268719,-0.992528259754181
1096.41540527344,4.14489412307739,-0.85789829492569,-0.253736168146133,352.671813964844,11.9414987564087,358.25537109375,0.0651332885026932,-0.102828413248062,0.00846368540078402,-0.992528259754181
1096.91674804688,4.14489412307739,-0.85789829492569,-0.253736168146133,352.671783447266,11.9414548873901,358.25537109375,0.0651335567235947,-0.102828033268452,0.00846368074417114,-0.992528319358826
1097.41748046875,4.14489412307739,-0.85789829492569,-0.253736168146133,352.671752929688,11.9414911270142,358.25537109375,0.0651338249444962,-0.102828331291676,0.00846368912607431,-0.992528259754181
1097.91809082031,4.14489412307739,-0.85789829492569,-0.253736168146133,352.663482666016,12.0673723220825,7.05231332778931,0.0570529997348785,-0.108612418174744,-0.0677505284547806,-0.990130364894867
1098.419921875,4.14489412307739,-0.85789829492569,-0.253735899925232,352.717498779297,11.7969465255737,8.98891925811768,0.0549417622387409,-0.10719358921051,-0.0842969492077827,-0.989133417606354
1098.92102050781,4.14489412307739,-0.85789829492569,-0.253735899925232,352.833557128906,9.71455383300781,355.533660888672,0.0655194893479347,-0.0820176750421524,0.0334625281393528,-0.993911743164063
1099.42236328125,4.14489412307739,-0.85789829492569,-0.253735899925232,352.847503662109,9.88051700592041,354.135009765625,0.0664608031511307,-0.0826574265956879,0.0455052815377712,-0.993317663669586
1099.92333984375,4.14489412307739,-0.85789829492569,-0.253735899925232,352.901153564453,10.3534870147705,355.584045410156,0.0650807544589043,-0.0876129418611526,0.032714456319809,-0.993487954139709
1100.4248046875,4.14489412307739,-0.85789829492569,-0.253735899925232,352.721527099609,14.2809057235718,9.27993679046631,0.0527403391897678,-0.128739714622498,-0.0879690870642662,-0.98635995388031
1100.92553710938,4.14489412307739,-0.85789829492569,-0.253735899925232,352.257385253906,16.5531978607178,27.8580513000488,0.0302746836096048,-0.155483350157738,-0.247102275490761,-0.955954492092133
1101.42626953125,4.14489412307739,-0.85789829492569,-0.253735899925232,355.475799560547,11.3599243164063,36.8643684387207,0.00599347008392215,-0.106239907443523,-0.318090528249741,-0.942069828510284
1101.92736816406,4.14489412307739,-0.85789829492569,-0.253735899925232,355.475769042969,11.3599624633789,36.8645668029785,0.00599342212080956,-0.106240309774876,-0.318092167377472,-0.942069232463837
1102.4287109375,4.14489412307739,-0.85789829492569,-0.253735899925232,356.219329833984,9.88871574401855,20.9247722625732,0.0166750364005566,-0.0906769335269928,-0.183611586689949,-0.9786656498909
1102.93041992188,4.14488983154297,-0.857899367809296,-0.253735899925232,356.721405029297,8.35396766662598,7.83402109146118,0.0234910566359758,-0.0745866969227791,-0.0701809823513031,-0.994464516639709
1103.43151855469,4.14488983154297,-0.857899367809296,-0.253735899925232,356.568389892578,9.89715385437012,0.927409946918488,0.0291314925998449,-0.086461529135704,-0.0106420591473579,-0.995772302150726
1103.93225097656,4.14488506317139,-0.857899367809296,-0.253735899925232,356.575317382813,10.1744527816772,355.078094482422,0.0335422530770302,-0.0872728824615479,0.0401029922068119,-0.994811594486237
1104.43359375,4.14488983154297,-0.857899963855743,-0.253735899925232,356.825073242188,11.5175132751465,344.977142333984,0.0404385030269623,-0.0958377346396446,0.127258494496346,-0.986400127410889
1104.93542480469,4.14488983154297,-0.85789829492569,-0.253735899925232,356.825042724609,11.5175180435181,344.977081298828,0.040438786149025,-0.0958377346396446,0.127258837223053,-0.986400067806244
1105.43579101563,4.14332914352417,-0.855993688106537,-0.253060728311539,357.449157714844,14.0220184326172,347.96875,0.0347591564059258,-0.119042582809925,0.101288296282291,-0.987097442150116
1105.93786621094,4.14333343505859,-0.855993151664734,-0.253060460090637,357.449127197266,14.0219984054565,347.968719482422,0.0347593799233437,-0.11904239654541,0.101288549602032,-0.987097442150116
1106.43920898438,4.13882493972778,-0.848743557929993,-0.251581996679306,357.449096679688,14.0220575332642,347.968719482422,0.034759595990181,-0.119042880833149,0.10128852725029,-0.987097382545471
1106.94006347656,4.13183307647705,-0.842682898044586,-0.248822301626205,357.441345214844,13.9945802688599,345.395721435547,0.0374604873359203,-0.117987670004368,0.123425707221031,-0.984602391719818
1107.44177246094,4.12755870819092,-0.829952418804169,-0.244901388883591,357.417053222656,13.8967990875244,345.105499267578,0.0378602221608162,-0.117024652659893,0.125925153493881,-0.98438549041748
1107.94274902344,4.12755870819092,-0.829952418804169,-0.244901388883591,357.438903808594,13.977518081665,344.182434082031,0.0387087166309357,-0.117435038089752,0.133846685290337,-0.983257710933685
1108.44421386719,4.12755870819092,-0.829952418804169,-0.244901388883591,357.445343017578,14.0000228881836,343.358001708984,0.039525032043457,-0.117354653775692,0.14091645181179,-0.982246577739716
1108.9609375,4.12755870819092,-0.829950213432312,-0.244901388883591,357.445404052734,13.9998941421509,343.357940673828,0.0395246036350727,-0.117353588342667,0.140917032957077,-0.982246577739716
1109.48889160156,4.12755870819092,-0.829949140548706,-0.244901388883591,357.445434570313,13.9998741149902,343.358001708984,0.0395241528749466,-0.117353484034538,0.140916377305984,-0.982246696949005
1109.99047851563,4.12756299972534,-0.829949140548706,-0.244901388883591,357.445495605469,13.9998149871826,343.357788085938,0.0395236238837242,-0.11735300719738,0.140918359160423,-0.982246518135071
1110.49157714844,4.12755441665649,-0.829949140548706,-0.244901388883591,357.445495605469,13.9998273849487,343.357788085938,0.0395237654447556,-0.117353104054928,0.140918388962746,-0.982246518135071
1110.9921875,4.12756299972534,-0.829949140548706,-0.244901388883591,357.445495605469,13.9997873306274,343.357757568359,0.0395238324999809,-0.117352738976479,0.140918642282486,-0.982246518135071
1111.51647949219,4.12756299972534,-0.829949140548706,-0.244901388883591,357.445495605469,13.9997787475586,343.357788085938,0.0395237132906914,-0.117352679371834,0.140918523073196,-0.982246577739716
1112.03771972656,4.12755441665649,-0.829949140548706,-0.244901388883591,357.445495605469,13.9998483657837,343.357574462891,0.0395238772034645,-0.117353223264217,0.140920177102089,-0.982246220111847
1112.53881835938,4.12755870819092,-0.829949140548706,-0.244901388883591,357.445495605469,13.9998912811279,343.357299804688,0.039524257183075,-0.117353484034538,0.14092256128788,-0.982245862483978
1113.04064941406,4.12755870819092,-0.829949140548706,-0.244901388883591,357.445465087891,13.9998598098755,343.357208251953,0.0395245589315891,-0.11735313385725,0.140923336148262,-0.982245743274689
1113.54162597656,4.12755870819092,-0.829949140548706,-0.244901388883591,357.445434570313,13.99973487854,343.357177734375,0.0395248010754585,-0.117352001368999,0.140923619270325,-0.982245802879333
1114.04309082031,4.12755870819092,-0.829949140548706,-0.244901388883591,357.445465087891,13.9998226165771,343.357025146484,0.03952481970191,-0.117352746427059,0.140925019979477,-0.982245564460754
1114.54455566406,4.12755870819092,-0.829948604106903,-0.244900852441788,357.445495605469,13.9998111724854,343.356994628906,0.0395246148109436,-0.117352671921253,0.140925124287605,-0.98224550485611
1115.04577636719,4.12755441665649,-0.829949676990509,-0.244900852441788,357.445465087891,13.9998626708984,343.357055664063,0.0395248048007488,-0.117353111505508,0.140924647450447,-0.982245564460754
1115.5478515625,4.12755441665649,-0.829949140548706,-0.244900852441788,357.445556640625,13.9998369216919,343.357086181641,0.0395240820944309,-0.117352999746799,0.140924409031868,-0.982245624065399
1116.04870605469,4.12755441665649,-0.829949140548706,-0.244900852441788,357.445495605469,13.9997797012329,343.357269287109,0.0395241528749466,-0.117352522909641,0.140922889113426,-0.982245922088623
1116.54956054688,4.12755870819092,-0.829949140548706,-0.244900852441788,357.445434570313,13.9997892379761,343.357330322266,0.0395245775580406,-0.117352560162544,0.140922263264656,-0.982246041297913
1117.05139160156,4.12756299972534,-0.829949140548706,-0.244900852441788,357.445434570313,13.9997892379761,343.357330322266,0.0395245775580406,-0.117352560162544,0.140922263264656,-0.982246041297913
1117.55200195313,4.12755441665649,-0.829949140548706,-0.244900852441788,357.445434570313,13.9997892379761,343.357330322266,0.0395245775580406,-0.117352560162544,0.140922263264656,-0.982246041297913
1118.05395507813,4.12755870819092,-0.829949140548706,-0.244900852441788,357.445434570313,13.9997892379761,343.357330322266,0.0395245775580406,-0.117352560162544,0.140922263264656,-0.982246041297913
1118.55529785156,4.12755870819092,-0.829949140548706,-0.244900852441788,357.445434570313,13.9997892379761,343.357330322266,0.0395245775580406,-0.117352560162544,0.140922263264656,-0.982246041297913
1119.0556640625,4.12755441665649,-0.829949140548706,-0.244900852441788,357.445434570313,13.9997892379761,343.357330322266,0.0395245775580406,-0.117352560162544,0.140922263264656,-0.982246041297913
1119.55725097656,4.12755870819092,-0.829949140548706,-0.244900852441788,357.445434570313,13.9997892379761,343.357330322266,0.0395245775580406,-0.117352560162544,0.140922263264656,-0.982246041297913
1120.05798339844,4.12755870819092,-0.829949140548706,-0.244900852441788,357.445434570313,13.9997892379761,343.357330322266,0.0395245775580406,-0.117352560162544,0.140922263264656,-0.982246041297913
1120.56005859375,4.12756299972534,-0.829949140548706,-0.244900852441788,357.445434570313,13.9997892379761,343.357330322266,0.0395245775580406,-0.117352560162544,0.140922263264656,-0.982246041297913
1121.0615234375,4.12755870819092,-0.829949140548706,-0.244900852441788,357.445434570313,13.9997892379761,343.357330322266,0.0395245775580406,-0.117352560162544,0.140922263264656,-0.982246041297913
1121.56188964844,4.12755870819092,-0.829949140548706,-0.244900852441788,357.445434570313,13.9997892379761,343.357330322266,0.0395245775580406,-0.117352560162544,0.140922263264656,-0.982246041297913
1122.06335449219,4.12755870819092,-0.829949140548706,-0.244900852441788,357.445434570313,13.9997892379761,343.357330322266,0.0395245775580406,-0.117352560162544,0.140922263264656,-0.982246041297913
1122.56530761719,4.12755870819092,-0.829949140548706,-0.244900852441788,357.445434570313,13.9997892379761,343.357330322266,0.0395245775580406,-0.117352560162544,0.140922263264656,-0.982246041297913
1123.06591796875,4.12755870819092,-0.829949140548706,-0.244900852441788,357.445434570313,13.9997892379761,343.357330322266,0.0395245775580406,-0.117352560162544,0.140922263264656,-0.982246041297913
1123.56677246094,4.12755870819092,-0.829949140548706,-0.244900852441788,357.445434570313,13.9997892379761,343.357330322266,0.0395245775580406,-0.117352560162544,0.140922263264656,-0.982246041297913
1124.06726074219,4.12755870819092,-0.829949140548706,-0.244900852441788,357.445434570313,13.9997892379761,343.357330322266,0.0395245775580406,-0.117352560162544,0.140922263264656,-0.982246041297913
1124.56848144531,4.12755870819092,-0.829949140548706,-0.244900852441788,357.445434570313,13.9997892379761,343.357330322266,0.0395245775580406,-0.117352560162544,0.140922263264656,-0.982246041297913
1125.08154296875,4.12756299972534,-0.829949140548706,-0.244900852441788,357.445434570313,13.9997892379761,343.357330322266,0.0395245775580406,-0.117352560162544,0.140922263264656,-0.982246041297913
1125.5849609375,4.12756299972534,-0.829949140548706,-0.244900852441788,357.445434570313,13.9997892379761,343.357330322266,0.0395245775580406,-0.117352560162544,0.140922263264656,-0.982246041297913
1126.08581542969,4.12755870819092,-0.829949140548706,-0.244900852441788,357.445434570313,13.9997892379761,343.357330322266,0.0395245775580406,-0.117352560162544,0.140922263264656,-0.982246041297913
1126.5869140625,4.12755870819092,-0.829949140548706,-0.244900852441788,357.445434570313,13.9997892379761,343.357330322266,0.0395245775580406,-0.117352560162544,0.140922263264656,-0.982246041297913
1127.08825683594,4.12755870819092,-0.829949140548706,-0.244900852441788,357.445434570313,13.9997892379761,343.357330322266,0.0395245775580406,-0.117352560162544,0.140922263264656,-0.982246041297913
1127.60632324219,4.12755870819092,-0.829949140548706,-0.244900852441788,357.445434570313,13.9997892379761,343.357330322266,0.0395245775580406,-0.117352560162544,0.140922263264656,-0.982246041297913
1128.13000488281,4.12755870819092,-0.829949140548706,-0.244900852441788,357.445434570313,13.9997587203979,343.357452392578,0.0395245961844921,-0.117352299392223,0.140921324491501,-0.982246160507202
1128.63146972656,4.12755870819092,-0.829949140548706,-0.244900852441788,357.445404052734,13.9998598098755,343.357391357422,0.0395249500870705,-0.117353111505508,0.140921741724014,-0.982245981693268
1129.13403320313,4.12755870819092,-0.829949140548706,-0.244900852441788,357.445404052734,13.9999856948853,343.357299804688,0.0395251624286175,-0.117354176938534,0.140922576189041,-0.982245743274689
1129.63708496094,4.12756299972534,-0.829949140548706,-0.244900852441788,357.445404052734,14.0000019073486,343.357238769531,0.0395252741873264,-0.117354296147823,0.140923082828522,-0.982245683670044
1130.13732910156,4.12755441665649,-0.829949140548706,-0.244900852441788,355.607269287109,6.19211101531982,350.932464599609,0.0424150116741657,-0.0507765077054501,0.0768098905682564,-0.994848251342773
1130.63940429688,4.12755870819092,-0.829949140548706,-0.244900852441788,353.787536621094,352.522216796875,353.432769775391,0.0502536483108997,0.0681041851639748,0.0606002658605576,-0.994567275047302
1131.14001464844,4.12755870819092,-0.829949140548706,-0.244900852441788,353.779632568359,352.106475830078,9.95294666290283,0.0598855540156364,0.0637736767530441,-0.0826931223273277,-0.992727875709534
1131.64147949219,4.12755441665649,-0.829949140548706,-0.244900852441788,354.379058837891,343.207458496094,0.288337618112564,0.0488735884428024,0.145720615983009,0.00467335991561413,-0.988106787204742
1132.14318847656,4.12755870819092,-0.829949140548706,-0.244900852441788,354.409729003906,342.815216064453,10.7787923812866,0.0620204247534275,0.144037768244743,-0.0855059251189232,-0.983918428421021
1132.64514160156,4.12756299972534,-0.829949140548706,-0.244900852441788,354.1982421875,343.623046875,18.8072509765625,0.0726607292890549,0.132151260972023,-0.154404133558273,-0.976430177688599
1133.14611816406,4.12755870819092,-0.829949140548706,-0.244900852441788,354.092346191406,343.936065673828,18.3077392578125,0.0725747719407082,0.129645437002182,-0.150207936763763,-0.977426469326019
1133.64794921875,4.12756299972534,-0.829949140548706,-0.244900852441788,351.477081298828,1.28135967254639,357.961944580078,0.0744899362325668,-0.00982761476188898,0.0169034637510777,-0.997030079364777
1134.14880371094,4.12756299972534,-0.829949140548706,-0.244900852441788,354.17431640625,18.222505569458,349.35205078125,0.0646332576870918,-0.152809485793114,0.0834859907627106,-0.98259961605072
1134.650390625,4.12755870819092,-0.829949140548706,-0.244900852441788,354.174377441406,18.2225475311279,349.35205078125,0.0646328553557396,-0.152809888124466,0.08348598331213,-0.982599556446075
1135.15112304688,4.12755870819092,-0.829949140548706,-0.244900852441788,354.174438476563,18.2226543426514,349.351989746094,0.0646324008703232,-0.152810841798782,0.0834864526987076,-0.982599377632141
1135.65270996094,4.12755870819092,-0.829949140548706,-0.244900852441788,354.174438476563,18.2228221893311,349.351898193359,0.0646325424313545,-0.152812242507935,0.0834873095154762,-0.982599139213562
1136.15356445313,4.12755870819092,-0.829949140548706,-0.244900852441788,354.174468994141,18.2227439880371,349.352020263672,0.0646322518587112,-0.152811631560326,0.0834863111376762,-0.982599318027496
1136.65454101563,4.12755870819092,-0.829949140548706,-0.244900852441788,354.174468994141,18.2227439880371,349.352020263672,0.0646322518587112,-0.152811631560326,0.0834863111376762,-0.982599318027496
1137.15576171875,4.12756299972534,-0.829949140548706,-0.244900852441788,354.174468994141,18.2227439880371,349.352020263672,0.0646322518587112,-0.152811631560326,0.0834863111376762,-0.982599318027496
1137.65698242188,4.12755870819092,-0.829949140548706,-0.244900852441788,353.970886230469,17.0638275146484,351.759033203125,0.062518835067749,-0.144035056233406,0.0631783902645111,-0.985572874546051
1138.15844726563,4.12756299972534,-0.829949140548706,-0.244900852441788,353.727081298828,14.8983058929443,356.82080078125,0.0578224807977676,-0.127897307276726,0.020374083891511,-0.989890813827515
1138.66015625,4.12756299972534,-0.829949140548706,-0.244900852441788,353.727081298828,14.8983058929443,356.82080078125,0.0578224807977676,-0.127897307276726,0.0203742031008005,-0.989890813827515
1139.18774414063,4.12755870819092,-0.829949140548706,-0.244900852441788,353.727081298828,14.898307800293,356.820770263672,0.0578224807977676,-0.127897307276726,0.0203743297606707,-0.989890813827515
1139.68957519531,4.12755870819092,-0.829949140548706,-0.244900852441788,353.483764648438,16.4298229217529,21.1888751983643,0.0290641337633133,-0.150565847754478,-0.189657688140869,-0.969801664352417
1140.19079589844,4.12756299972534,-0.829949140548706,-0.244900852441788,353.307678222656,16.8602161407471,25.4964179992676,0.0240192599594593,-0.155486017465591,-0.226256653666496,-0.961277902126312
1140.69189453125,4.12755870819092,-0.829949140548706,-0.244900852441788,353.690063476563,15.7629499435425,15.1037645339966,0.0360498651862144,-0.142893701791763,-0.137466564774513,-0.979481935501099
1141.19287109375,4.12755870819092,-0.829949140548706,-0.244900852441788,353.992218017578,14.4332094192505,10.1507654190063,0.0406869798898697,-0.1295555382967,-0.0942021459341049,-0.986248373985291
1141.69421386719,4.12755870819092,-0.829949140548706,-0.244900852441788,354.045135498047,13.8270673751831,0.116334423422813,0.0514428317546844,-0.120261132717133,-0.00725886086001992,-0.991382002830505
1142.1953125,4.12755870819092,-0.829949140548706,-0.244900852441788,354.045074462891,13.8271827697754,0.116330087184906,0.0514434091746807,-0.120262131094933,-0.00725894514471292,-0.991381883621216
1142.69641113281,4.12755870819092,-0.829949140548706,-0.244900852441788,354.044982910156,13.8272390365601,0.116323247551918,0.0514441095292568,-0.12026260048151,-0.00725899543613195,-0.991381764411926
1143.19750976563,4.12755870819092,-0.829949140548706,-0.244900852441788,354.044891357422,13.827335357666,0.116315335035324,0.0514448843896389,-0.120263420045376,-0.00725906388834119,-0.991381585597992
1143.69885253906,4.12755870819092,-0.829949140548706,-0.244900852441788,354.044891357422,13.827335357666,0.116315335035324,0.0514448843896389,-0.120263420045376,-0.00725906388834119,-0.991381585597992
1144.19995117188,4.12755870819092,-0.829949140548706,-0.244900852441788,354.044891357422,13.827335357666,0.116315335035324,0.0514448843896389,-0.120263420045376,-0.00725906388834119,-0.991381585597992
1144.701171875,4.12755870819092,-0.829949140548706,-0.244900852441788,354.044891357422,13.827335357666,0.116315335035324,0.0514448843896389,-0.120263420045376,-0.00725906388834119,-0.991381585597992
1145.20202636719,4.12755870819092,-0.829949140548706,-0.244900852441788,354.044891357422,13.827335357666,0.116315335035324,0.0514448843896389,-0.120263420045376,-0.00725906388834119,-0.991381585597992
1145.70349121094,4.12755870819092,-0.829949140548706,-0.244900852441788,354.044891357422,13.827335357666,0.116315335035324,0.0514448843896389,-0.120263420045376,-0.00725906388834119,-0.991381585597992
1146.20483398438,4.12755441665649,-0.829949140548706,-0.244900852441788,353.809387207031,11.1511249542236,349.174713134766,0.0626532211899757,-0.0915147736668587,0.0885217934846878,-0.989880621433258
1146.70678710938,4.12755441665649,-0.829949140548706,-0.244900852441788,353.809417724609,11.1511974334717,349.174621582031,0.0626530572772026,-0.0915153622627258,0.0885227471590042,-0.989880442619324
1147.20678710938,4.12755441665649,-0.829949140548706,-0.244900852441788,353.809478759766,11.1512117385864,349.174621582031,0.0626526325941086,-0.0915155336260796,0.0885228291153908,-0.989880442619324
1147.70812988281,4.12755441665649,-0.829949140548706,-0.244900852441788,353.809509277344,11.1512727737427,349.174682617188,0.0626523196697235,-0.0915161073207855,0.0885222926735878,-0.989880442619324
1148.20959472656,4.12755441665649,-0.829949140548706,-0.244900852441788,353.8095703125,11.1513042449951,349.174652099609,0.0626519024372101,-0.0915164276957512,0.0885226130485535,-0.989880442619324
1148.71057128906,4.12755441665649,-0.829949140548706,-0.244900852441788,353.062469482422,8.06026268005371,342.8720703125,0.0701283663511276,-0.0603825114667416,0.144068285822868,-0.985231161117554
1149.2119140625,4.12755441665649,-0.829949140548706,-0.244900852441788,353.925231933594,11.9754037857056,359.972442626953,0.0527234449982643,-0.104155778884888,-0.00528860604390502,-0.993148446083069
1149.71325683594,4.12755441665649,-0.829949140548706,-0.244900852441788,353.396545410156,13.4138441085815,24.5919418334961,0.0310572665184736,-0.126103609800339,-0.217725351452827,-0.967330873012543
1150.21411132813,4.12755441665649,-0.829949140548706,-0.244900852441788,353.683410644531,12.841028213501,30.6354579925537,0.0233082603663206,-0.122151620686054,-0.268057972192764,-0.955343246459961
1150.71557617188,4.12755441665649,-0.829949140548706,-0.244900315999985,351.737762451172,15.9999866485596,26.8266792297363,0.0371913649141788,-0.151573464274406,-0.238872408866882,-0.95842707157135
1151.21618652344,4.12755441665649,-0.829949140548706,-0.244900315999985,351.105651855469,14.7027025222778,3.48215198516846,0.0729910731315613,-0.129845932126045,-0.0399592816829681,-0.988036274909973
1151.71752929688,4.12755441665649,-0.829949140548706,-0.244900315999985,350.610137939453,10.5731792449951,341.070739746094,0.0954928249120712,-0.0771762430667877,0.155750930309296,-0.980136036872864
1152.21911621094,4.12755441665649,-0.829949140548706,-0.244900315999985,350.247924804688,9.52236175537109,337.978729248047,0.0989431291818619,-0.0650015994906425,0.182717874646187,-0.97601193189621
1152.72009277344,4.12755441665649,-0.829949140548706,-0.244900315999985,350.247924804688,9.52236175537109,337.978729248047,0.0989431291818619,-0.0650015994906425,0.182717874646187,-0.97601193189621
1153.2216796875,4.12755441665649,-0.829949140548706,-0.244900315999985,350.247924804688,9.52236175537109,337.978729248047,0.0989431291818619,-0.0650015994906425,0.182717874646187,-0.97601193189621
1153.72277832031,4.12755441665649,-0.829949140548706,-0.244900315999985,350.247924804688,9.52236175537109,337.978729248047,0.0989431291818619,-0.0650015994906425,0.182717874646187,-0.97601193189621
1154.22387695313,4.12755441665649,-0.829949140548706,-0.244900032877922,350.247924804688,9.52236175537109,337.978729248047,0.0989431291818619,-0.0650015994906425,0.182717874646187,-0.97601193189621
1154.72521972656,4.12755441665649,-0.829949140548706,-0.244900315999985,350.247924804688,9.52236175537109,337.978729248047,0.0989431291818619,-0.0650015994906425,0.182717874646187,-0.97601193189621
1155.22583007813,4.12755441665649,-0.829949140548706,-0.244900315999985,350.247924804688,9.52236175537109,337.978729248047,0.0989431291818619,-0.0650015994906425,0.182717874646187,-0.97601193189621
1155.72741699219,4.12755441665649,-0.829949140548706,-0.244900315999985,350.247924804688,9.52236175537109,337.978729248047,0.0989431291818619,-0.0650015994906425,0.182717874646187,-0.97601193189621
1156.22863769531,4.12755441665649,-0.829949140548706,-0.244900315999985,350.247924804688,9.52236175537109,337.978729248047,0.0989431291818619,-0.0650015994906425,0.182717874646187,-0.97601193189621
1156.72973632813,4.12755441665649,-0.829949140548706,-0.244900315999985,350.247924804688,9.52236175537109,337.978729248047,0.0989431291818619,-0.0650015994906425,0.182717874646187,-0.97601193189621
1157.23107910156,4.12755441665649,-0.829949140548706,-0.244900315999985,350.247924804688,9.52236175537109,337.978729248047,0.0989431291818619,-0.0650015994906425,0.182717874646187,-0.97601193189621
1157.73229980469,4.12755441665649,-0.829949140548706,-0.244900315999985,349.449432373047,7.83894157409668,331.156219482422,0.105787746608257,-0.043074693530798,0.24133837223053,-0.963695645332336
1158.23291015625,4.12755870819092,-0.829949140548706,-0.244900315999985,348.354949951172,5.8668646812439,328.4638671875,0.111336909234524,-0.0214642509818077,0.264991462230682,-0.957560956478119
1158.73425292969,4.12755441665649,-0.829949140548706,-0.244900315999985,345.148345947266,1.31075251102448,322.109130859375,0.12591578066349,0.0312302596867085,0.320525199174881,-0.938314259052277
1159.23522949219,4.12755441665649,-0.829949140548706,-0.244900315999985,347.0146484375,3.59394860267639,317.303314208984,0.116607993841171,0.0121247302740812,0.358221918344498,-0.926246523857117
1159.73657226563,4.12755441665649,-0.829948604106903,-0.244900315999985,350.041717529297,7.73549842834473,333.275726318359,0.0997811704874039,-0.0453673712909222,0.224012568593025,-0.968402743339539
1160.23840332031,4.12755441665649,-0.829948604106903,-0.244900315999985,351.213226318359,12.7693099975586,356.922424316406,0.0790788307785988,-0.108791694045067,0.0180931370705366,-0.990748941898346
1160.73986816406,4.12755441665649,-0.829948604106903,-0.244900315999985,351.239440917969,12.8301019668579,6.32571697235107,0.0696353614330292,-0.115421526134014,-0.0631891116499901,-0.98885589838028
1161.24084472656,4.12755441665649,-0.829948604106903,-0.244900315999985,351.154541015625,359.443572998047,347.686279296875,0.0761497318744659,0.0130839599296451,0.107302382588387,-0.991219580173492
1161.7412109375,4.12755441665649,-0.829948604106903,-0.244900315999985,353.542633056641,3.78380370140076,323.811645507813,0.063743993639946,-0.0138487815856934,0.308150291442871,-0.949098706245422
1162.2421875,4.12755441665649,-0.829948604106903,-0.244900315999985,353.542755126953,3.78375744819641,323.811706542969,0.0637428387999535,-0.013848758302629,0.30815002322197,-0.949098885059357
1162.74401855469,4.12755441665649,-0.829948604106903,-0.244900315999985,353.542755126953,3.78377532958984,323.811645507813,0.063743069767952,-0.0138488253578544,0.308150410652161,-0.949098765850067
1163.24536132813,4.11555957794189,-0.809749126434326,-0.239556476473808,353.542724609375,3.78378748893738,323.8115234375,0.0637433081865311,-0.0138487825170159,0.308151543140411,-0.949098408222198
1163.74658203125,4.1122522354126,-0.798387408256531,-0.240455165505409,354.466644287109,4.97604131698608,320.202392578125,0.0601021759212017,-0.0243578217923641,0.33767232298851,-0.939027070999146
1164.24731445313,4.11211347579956,-0.798154413700104,-0.240481987595558,353.560638427734,3.88293218612671,319.065979003906,0.0644163116812706,-0.0120621444657445,0.34713289141655,-0.935523331165314
1164.74841308594,4.11212205886841,-0.798154413700104,-0.240481987595558,353.575347900391,3.89985585212708,318.879913330078,0.0643675401806831,-0.0121407881379128,0.348648607730865,-0.93496185541153
1165.24938964844,4.11143732070923,-0.797441303730011,-0.240394204854965,353.575378417969,3.89982128143311,318.880096435547,0.0643670111894608,-0.0121407601982355,0.348647147417068,-0.934962391853333
1165.75085449219,4.11143732070923,-0.797441303730011,-0.240394204854965,353.575347900391,3.8998236656189,318.880187988281,0.0643672347068787,-0.012140748091042,0.348646342754364,-0.934962689876556
1166.251953125,4.11143732070923,-0.797441303730011,-0.240394204854965,353.575378417969,3.89982628822327,318.880126953125,0.0643671900033951,-0.0121407499536872,0.348646908998489,-0.934962451457977
1166.75354003906,4.11143732070923,-0.797441303730011,-0.240394204854965,353.575378417969,3.89982628822327,318.880126953125,0.0643671900033951,-0.0121407490223646,0.348646968603134,-0.934962451457977
1167.27111816406,4.11143732070923,-0.797440767288208,-0.240394204854965,353.575378417969,3.89982628822327,318.880126953125,0.0643671900033951,-0.0121407471597195,0.348647028207779,-0.934962451457977
1167.77258300781,4.11143732070923,-0.797441303730011,-0.240394204854965,353.575378417969,3.89982628822327,318.880126953125,0.0643671900033951,-0.0121407462283969,0.348647087812424,-0.934962451457977
1168.27331542969,4.11143732070923,-0.797441303730011,-0.240394204854965,353.575347900391,3.8998396396637,318.879943847656,0.0643673315644264,-0.0121407210826874,0.348648518323898,-0.93496185541153
1168.7744140625,4.11143732070923,-0.797441303730011,-0.240394204854965,353.575347900391,3.89986181259155,318.879577636719,0.0643675401806831,-0.0121406707912683,0.34865128993988,-0.934960842132568
1169.28491210938,4.11143732070923,-0.797436475753784,-0.240393921732903,353.575347900391,3.89988088607788,318.879364013672,0.0643675476312637,-0.0121407210826874,0.348653256893158,-0.934960126876831
1169.81225585938,4.11143732070923,-0.797435343265533,-0.240393921732903,353.575378417969,3.8998806476593,318.879150390625,0.064367301762104,-0.0121407033875585,0.348654955625534,-0.934959530830383
1170.31689453125,4.11143732070923,-0.797435343265533,-0.240393921732903,353.575317382813,3.89990091323853,318.879211425781,0.0643679797649384,-0.0121406745165586,0.348654389381409,-0.934959650039673
1170.81896972656,4.11143732070923,-0.797435343265533,-0.240393921732903,353.575317382813,3.89989900588989,318.879272460938,0.0643680095672607,-0.0121406707912683,0.34865391254425,-0.934959888458252
1171.32153320313,4.11143732070923,-0.797434270381927,-0.240393921732903,353.575286865234,3.89992761611938,318.879028320313,0.0643683895468712,-0.0121406661346555,0.348655819892883,-0.934959053993225
1171.82348632813,4.11143732070923,-0.797433197498322,-0.240393921732903,353.575347900391,3.89991545677185,318.878936767578,0.0643677860498428,-0.0121407378464937,0.348656564950943,-0.934958815574646
1172.3251953125,4.1114330291748,-0.797433733940125,-0.240393653512001,353.575347900391,3.89991164207458,318.879119873047,0.0643676891922951,-0.0121408374980092,0.348655015230179,-0.934959411621094
1172.82666015625,4.11143732070923,-0.797433733940125,-0.240393921732903,353.575347900391,3.89990925788879,318.879241943359,0.0643676370382309,-0.0121408980339766,0.348654121160507,-0.934959828853607
1173.32873535156,4.11143732070923,-0.797433733940125,-0.240393921732903,353.575347900391,3.89990878105164,318.879455566406,0.0643677413463593,-0.0121409650892019,0.348652362823486,-0.934960424900055
1173.82995605469,4.11143732070923,-0.797433733940125,-0.240393921732903,353.575347900391,3.89991116523743,318.879425048828,0.0643677338957787,-0.0121409753337502,0.348652571439743,-0.93496036529541
1174.33117675781,4.11143732070923,-0.797433197498322,-0.240393921732903,353.575347900391,3.89992570877075,318.879089355469,0.064367800951004,-0.0121408998966217,0.348655432462692,-0.934959232807159
1174.83215332031,4.11143732070923,-0.797433733940125,-0.240393921732903,353.575317382813,3.89996671676636,318.878692626953,0.0643682181835175,-0.0121409259736538,0.348658591508865,-0.934958100318909
1175.33349609375,4.11143732070923,-0.797435343265533,-0.240393921732903,353.575256347656,3.90000557899475,318.878570556641,0.0643688067793846,-0.0121410014107823,0.348659515380859,-0.934957683086395
1175.83508300781,4.11143732070923,-0.797435343265533,-0.240393921732903,353.575256347656,3.90000987052917,318.878570556641,0.0643688961863518,-0.0121410116553307,0.348659455776215,-0.93495774269104
1176.33630371094,4.11143732070923,-0.797435343265533,-0.240393921732903,353.575256347656,3.90000987052917,318.878570556641,0.0643688961863518,-0.0121410116553307,0.348659455776215,-0.93495774269104
1176.83728027344,4.11143732070923,-0.797435343265533,-0.240393921732903,353.575256347656,3.90000987052917,318.878570556641,0.0643688961863518,-0.0121410116553307,0.348659455776215,-0.93495774269104
1177.35205078125,4.11143732070923,-0.797435343265533,-0.240393921732903,353.575256347656,3.90000987052917,318.878570556641,0.0643688961863518,-0.0121410116553307,0.348659455776215,-0.93495774269104
1177.85363769531,4.11143732070923,-0.797435343265533,-0.240393921732903,353.575256347656,3.90000987052917,318.878570556641,0.0643688961863518,-0.0121410116553307,0.348659455776215,-0.93495774269104
1178.35473632813,4.11143732070923,-0.797435343265533,-0.240393921732903,353.575256347656,3.90000987052917,318.878570556641,0.0643688961863518,-0.0121410116553307,0.348659455776215,-0.93495774269104
1178.85620117188,4.11143732070923,-0.797435343265533,-0.240393921732903,353.575256347656,3.90000987052917,318.878570556641,0.0643688961863518,-0.0121410116553307,0.348659455776215,-0.93495774269104
1179.36853027344,4.11143732070923,-0.797435343265533,-0.240393921732903,353.575256347656,3.90000987052917,318.878570556641,0.0643688961863518,-0.0121410116553307,0.348659455776215,-0.93495774269104
1179.86901855469,4.11143732070923,-0.797435343265533,-0.240393921732903,353.575225830078,3.90002179145813,318.878509521484,0.0643691420555115,-0.0121409874409437,0.348660081624985,-0.934957504272461
1180.37219238281,4.11143732070923,-0.797435343265533,-0.240393921732903,353.575164794922,3.90006232261658,318.878173828125,0.064369797706604,-0.0121409446001053,0.348662734031677,-0.934956431388855
1180.87390136719,4.11143732070923,-0.797435343265533,-0.240393921732903,353.575225830078,3.90004014968872,318.8779296875,0.0643692761659622,-0.0121408179402351,0.348664581775665,-0.934955775737762
1181.37646484375,4.11143732070923,-0.797435343265533,-0.240393921732903,351.943023681641,2.29640483856201,311.772369384766,0.0722757056355476,0.0104512348771095,0.40617436170578,-0.910872936248779
1181.87817382813,4.11143732070923,-0.797435343265533,-0.240393921732903,345.295440673828,357.141571044922,301.982513427734,0.0998844876885414,0.0836721360683441,0.483597636222839,-0.865537643432617
1182.37939453125,4.11143732070923,-0.797435343265533,-0.240393653512001,338.287567138672,353.202484130859,292.331359863281,0.123755149543285,0.153048440814018,0.555141568183899,-0.808132886886597
1182.88073730469,4.1114330291748,-0.797435343265533,-0.240393921732903,338.287475585938,353.202301025391,292.331420898438,0.123755037784576,0.153050005435944,0.555141389369965,-0.808132767677307
1183.38232421875,4.11143732070923,-0.797433197498322,-0.240394204854965,340.196960449219,354.071380615234,296.119018554688,0.118774496018887,0.134079933166504,0.528006970882416,-0.830134868621826
1183.88366699219,4.1114068031311,-0.797433197498322,-0.240394204854965,340.197113037109,354.071380615234,296.119201660156,0.118773743510246,0.134078904986382,0.528005540370941,-0.830136060714722
1184.38464355469,4.11138534545898,-0.797433197498322,-0.240394204854965,340.197265625,354.071319580078,296.119171142578,0.11877217143774,0.134078696370125,0.528005957603455,-0.830136060714722
1184.88562011719,4.11138534545898,-0.797433197498322,-0.240394204854965,340.197418212891,354.071197509766,296.119232177734,0.118770487606525,0.134078696370125,0.528005719184875,-0.830136477947235
1185.38720703125,4.11138534545898,-0.797433197498322,-0.240394204854965,340.197448730469,354.071197509766,296.119232177734,0.118770323693752,0.13407863676548,0.528005599975586,-0.83013653755188
1185.88854980469,4.11138963699341,-0.797433197498322,-0.240394204854965,340.197448730469,354.071197509766,296.119232177734,0.118770323693752,0.13407863676548,0.528005599975586,-0.83013653755188
1186.38989257813,4.11138963699341,-0.797433197498322,-0.240394204854965,340.197448730469,354.071197509766,296.119232177734,0.118770323693752,0.13407863676548,0.528005599975586,-0.83013653755188
1186.89074707031,4.11138534545898,-0.797433197498322,-0.240394204854965,340.197448730469,354.071197509766,296.119232177734,0.118770323693752,0.13407863676548,0.528005599975586,-0.83013653755188
1187.39245605469,4.11138534545898,-0.797433197498322,-0.240394204854965,340.197448730469,354.071197509766,296.119232177734,0.118770323693752,0.13407863676548,0.528005599975586,-0.83013653755188
1187.8935546875,4.11138534545898,-0.797433197498322,-0.240394204854965,340.197448730469,354.071197509766,296.119232177734,0.118770323693752,0.13407863676548,0.528005599975586,-0.83013653755188
1188.39428710938,4.11138534545898,-0.797433197498322,-0.240394204854965,340.197448730469,354.071197509766,296.119232177734,0.118770323693752,0.13407863676548,0.528005599975586,-0.83013653755188
1188.89624023438,4.11138534545898,-0.797433197498322,-0.240394204854965,340.197448730469,354.071197509766,296.119232177734,0.118770323693752,0.13407863676548,0.528005599975586,-0.83013653755188
1189.39758300781,4.11138534545898,-0.797433197498322,-0.240394204854965,340.197448730469,354.071197509766,296.119232177734,0.118770323693752,0.13407863676548,0.528005599975586,-0.83013653755188
1189.8984375,4.11138534545898,-0.797433197498322,-0.240394204854965,340.3779296875,354.161224365234,292.894256591797,0.114084146916866,0.135882347822189,0.551148772239685,-0.815325677394867
1190.39965820313,4.11138534545898,-0.797433197498322,-0.240393921732903,340.3779296875,354.161224365234,292.893859863281,0.114083848893642,0.135882720351219,0.551151394844055,-0.815323889255524
1190.90112304688,4.11138534545898,-0.797433197498322,-0.240394204854965,340.377838134766,354.161254882813,292.893615722656,0.114084251224995,0.135883271694183,0.551153063774109,-0.815322518348694
1191.40295410156,4.11143732070923,-0.796290397644043,-0.24061581492424,340.377746582031,354.161346435547,292.893188476563,0.114084854722023,0.135883376002312,0.551155984401703,-0.815320432186127
1191.9306640625,4.11262512207031,-0.788598716259003,-0.241866707801819,340.377716064453,354.161254882813,292.89306640625,0.114084392786026,0.135884329676628,0.551156997680664,-0.815319716930389
1192.43212890625,4.1127462387085,-0.784980177879333,-0.242427259683609,340.377624511719,354.161010742188,292.89306640625,0.114084005355835,0.135886579751968,0.551157355308533,-0.815319120883942
1192.93334960938,4.1127462387085,-0.78497850894928,-0.242426991462708,340.377563476563,354.160858154297,292.892608642578,0.114083170890808,0.135888248682022,0.551160573959351,-0.81531685590744
1193.43469238281,4.11161518096924,-0.783003449440002,-0.242001354694366,343.234619140625,355.548309326172,299.056915283203,0.10606861114502,0.106989488005638,0.506194114685059,-0.849158585071564
1193.93603515625,4.11091279983521,-0.780643105506897,-0.242123007774353,350.602996826172,0.203083276748657,306.248413085938,0.0738633424043655,0.0354536287486553,0.450408637523651,-0.88905531167984
1194.43676757813,4.11091279983521,-0.780643105506897,-0.242123007774353,352.593505859375,1.61841237545013,312.283142089844,0.0647641196846962,0.0132331065833569,0.402758985757828,-0.912916123867035
1194.93823242188,4.11091279983521,-0.780643105506897,-0.242123007774353,343.804534912109,354.925048828125,299.711456298828,0.0996817350387573,0.108572460711002,0.502077519893646,-0.852170050144196
1195.43920898438,4.10953855514526,-0.775885581970215,-0.240933895111084,343.804565429688,354.925109863281,299.7109375,0.0996813327074051,0.10857231169939,0.502081274986267,-0.852167963981628
1195.94055175781,4.10877990722656,-0.772705376148224,-0.239757791161537,343.804595947266,354.925079345703,299.711578369141,0.099681593477726,0.108571857213974,0.502076625823975,-0.852170646190643
1196.48547363281,4.10878419876099,-0.772705376148224,-0.239758059382439,343.804595947266,354.925109863281,299.711822509766,0.0996818765997887,0.108571283519268,0.502074837684631,-0.852171778678894
1196.98596191406,4.10877990722656,-0.772705376148224,-0.239757791161537,343.804626464844,354.925201416016,299.712036132813,0.0996822193264961,0.108570381999016,0.502073168754578,-0.852172791957855
1197.48657226563,4.10877990722656,-0.772705912590027,-0.239757791161537,343.804656982422,354.925231933594,299.712127685547,0.0996824204921722,0.108569897711277,0.502072393894196,-0.852173328399658
1197.98791503906,4.10877990722656,-0.772705376148224,-0.239757791161537,343.804565429688,354.925262451172,299.712158203125,0.0996830686926842,0.108569912612438,0.502072036266327,-0.852173447608948
1198.48876953125,4.10877990722656,-0.772705376148224,-0.239757791161537,343.804565429688,354.92529296875,299.712158203125,0.0996833369135857,0.108569920063019,0.502072095870972,-0.852173447608948
1199.03015136719,4.10877561569214,-0.772705376148224,-0.239758059382439,343.804565429688,354.92529296875,299.712158203125,0.0996833369135857,0.108569920063019,0.502072095870972,-0.852173447608948
1199.55615234375,4.10875844955444,-0.77260947227478,-0.239717692136765,343.804595947266,354.925201416016,299.712463378906,0.0996828526258469,0.108570039272308,0.502069890499115,-0.852174699306488
1200.05871582031,4.10875844955444,-0.77260947227478,-0.239717692136765,343.804626464844,354.925140380859,299.712615966797,0.099682591855526,0.108570389449596,0.502068817615509,-0.852175295352936
1200.56079101563,4.10875844955444,-0.77260947227478,-0.239717692136765,343.804565429688,354.925231933594,299.712127685547,0.0996829867362976,0.108570285141468,0.502072393894196,-0.852173268795013
1201.06372070313,4.10875844955444,-0.77260947227478,-0.239717692136765,343.804473876953,354.925354003906,299.711608886719,0.0996837541460991,0.108570359647274,0.502075970172882,-0.852171003818512
1201.56555175781,4.10875844955444,-0.77260947227478,-0.239717692136765,343.80419921875,354.925354003906,299.711395263672,0.0996854975819588,0.108571603894234,0.502077460289001,-0.852169752120972
1202.06713867188,4.10876274108887,-0.77260947227478,-0.239717960357666,343.804168701172,354.925323486328,299.711395263672,0.0996854901313782,0.108572013676167,0.502077639102936,-0.852169632911682
1202.56884765625,4.10875844955444,-0.77260947227478,-0.239717692136765,343.804168701172,354.925323486328,299.711395263672,0.0996854901313782,0.108572013676167,0.502077639102936,-0.852169632911682
1203.07043457031,4.10875844955444,-0.77260947227478,-0.239717692136765,343.804168701172,354.925323486328,299.711395263672,0.0996854901313782,0.108572013676167,0.502077639102936,-0.852169632911682
1203.57153320313,4.10875844955444,-0.77260947227478,-0.239717692136765,343.804168701172,354.925323486328,299.711395263672,0.0996854901313782,0.108572013676167,0.502077639102936,-0.852169632911682
1204.07250976563,4.10875844955444,-0.77260947227478,-0.239717692136765,343.804168701172,354.925323486328,299.711395263672,0.0996854901313782,0.108572013676167,0.502077639102936,-0.852169632911682
1204.57421875,4.10875844955444,-0.77260947227478,-0.239717692136765,343.804168701172,354.925323486328,299.711395263672,0.0996854901313782,0.108572013676167,0.502077639102936,-0.852169632911682
1205.07543945313,4.10875844955444,-0.77260947227478,-0.239717692136765,343.804168701172,354.925323486328,299.711395263672,0.0996854901313782,0.108572013676167,0.502077639102936,-0.852169632911682
1205.57678222656,4.10875844955444,-0.77260947227478,-0.239717692136765,343.804168701172,354.925323486328,299.711395263672,0.0996854901313782,0.108572013676167,0.502077639102936,-0.852169632911682
1206.07763671875,4.10875844955444,-0.772610008716583,-0.239717409014702,343.804168701172,354.925323486328,299.711395263672,0.0996854901313782,0.108572013676167,0.502077639102936,-0.852169632911682
1206.59423828125,4.10875844955444,-0.77260947227478,-0.239717692136765,343.804168701172,354.925323486328,299.711395263672,0.0996854901313782,0.108572013676167,0.502077639102936,-0.852169632911682
1207.09606933594,4.10875844955444,-0.77260947227478,-0.239717692136765,343.804168701172,354.925323486328,299.711395263672,0.0996854901313782,0.108572013676167,0.502077639102936,-0.852169632911682
1207.59826660156,4.10875844955444,-0.77260947227478,-0.239717692136765,343.804168701172,354.925323486328,299.711395263672,0.0996854901313782,0.108572013676167,0.502077639102936,-0.852169632911682
1208.09875488281,4.10875844955444,-0.77260947227478,-0.239717692136765,343.804168701172,354.925323486328,299.711395263672,0.0996854901313782,0.108572013676167,0.502077639102936,-0.852169632911682
1208.61254882813,4.10875844955444,-0.77260947227478,-0.239717692136765,343.804168701172,354.925323486328,299.711395263672,0.0996854901313782,0.108572013676167,0.502077639102936,-0.852169632911682
1209.11779785156,4.10875844955444,-0.77260947227478,-0.239717692136765,343.804168701172,354.925323486328,299.711395263672,0.0996854901313782,0.108572013676167,0.502077639102936,-0.852169632911682
1209.64318847656,4.10875844955444,-0.77260947227478,-0.239717692136765,343.80419921875,354.925384521484,299.710754394531,0.0996851325035095,0.108571946620941,0.502082407474518,-0.852166891098022
1210.14538574219,4.10876274108887,-0.77260947227478,-0.239717960357666,343.804260253906,354.925384521484,299.710754394531,0.0996847003698349,0.108571752905846,0.502082407474518,-0.852166891098022
1210.64672851563,4.10875844955444,-0.77260947227478,-0.239717692136765,343.804260253906,354.925354003906,299.710998535156,0.0996846631169319,0.108571715652943,0.502080619335175,-0.852167963981628
1211.1484375,4.10875844955444,-0.77260947227478,-0.239717960357666,343.804321289063,354.925323486328,299.710906982422,0.099683977663517,0.108571648597717,0.502081215381622,-0.852167725563049
1211.64978027344,4.10875844955444,-0.77260947227478,-0.239717960357666,343.804351806641,354.925323486328,299.710876464844,0.0996837839484215,0.108571738004684,0.502081394195557,-0.85216760635376
1212.15100097656,4.10875844955444,-0.77260947227478,-0.239717960357666,343.804443359375,354.925323486328,299.711151123047,0.0996833443641663,0.108571007847786,0.502079367637634,-0.85216897726059
1212.65246582031,4.10875844955444,-0.77260947227478,-0.239717960357666,343.804351806641,354.925384521484,299.710479736328,0.0996837019920349,0.108571656048298,0.502084314823151,-0.852165877819061
1213.15380859375,4.10875844955444,-0.77260947227478,-0.239717960357666,343.804351806641,354.925354003906,299.710632324219,0.0996837541460991,0.108571574091911,0.502083241939545,-0.852166533470154
1213.67053222656,4.10875844955444,-0.77260947227478,-0.239717960357666,343.804351806641,354.92529296875,299.711059570313,0.0996836721897125,0.108571797609329,0.502080142498016,-0.852168381214142
1214.171875,4.10875844955444,-0.77260947227478,-0.239717960357666,343.804351806641,354.925262451172,299.711486816406,0.0996840372681618,0.10857168585062,0.502077043056488,-0.852170169353485
1214.67297363281,4.10875844955444,-0.77260947227478,-0.239717960357666,343.804290771484,354.925262451172,299.711822509766,0.0996847078204155,0.108571566641331,0.502074480056763,-0.852171659469604
1215.17443847656,4.10875844955444,-0.77260947227478,-0.239717960357666,343.804229736328,354.925262451172,299.712127685547,0.0996854901313782,0.108571521937847,0.502072155475616,-0.852172911167145
1215.69226074219,4.10875844955444,-0.77260947227478,-0.239717960357666,343.804138183594,354.925262451172,299.712280273438,0.099686473608017,0.108571842312813,0.502070963382721,-0.852173388004303
1216.21789550781,4.10875844955444,-0.77260947227478,-0.239717960357666,343.804168701172,354.925262451172,299.712371826172,0.0996863022446632,0.108571663498878,0.502070367336273,-0.852173805236816
1216.72021484375,4.10875844955444,-0.772608399391174,-0.239717960357666,348.877563476563,358.221282958984,305.740234375,0.0791918039321899,0.0579349510371685,0.455146849155426,-0.884993553161621
1217.22216796875,4.10875844955444,-0.772608399391174,-0.239717960357666,0.731747031211853,9.64548301696777,323.718994140625,0.0201287865638733,-0.0818740576505661,0.310749799013138,-0.946744918823242
1217.72314453125,4.10875844955444,-0.772607326507568,-0.239717960357666,2.01287937164307,11.5302267074585,348.416625976563,-0.00725163845345378,-0.101685851812363,0.102141462266445,-0.989532470703125
1218.224609375,4.10875844955444,-0.772607326507568,-0.239717960357666,2.16450357437134,19.6473789215088,12.058253288269,-0.0364252328872681,-0.167688146233559,-0.100270755589008,-0.980050921440125
1218.72619628906,4.10875844955444,-0.772607326507568,-0.239717960357666,1.98446345329285,20.2805843353271,25.2619819641113,-0.0551270432770252,-0.168044820427895,-0.212248086929321,-0.961078941822052
1219.22778320313,4.10875844955444,-0.772607326507568,-0.239717960357666,4.38983678817749,15.8578262329102,23.9695434570313,-0.0657295808196068,-0.126961708068848,-0.200347676873207,-0.969237446784973
1219.72827148438,4.10875844955444,-0.772607326507568,-0.239717960357666,5.44931650161743,12.9410362243652,4.27475547790527,-0.0513988323509693,-0.11072464287281,-0.0316629223525524,-0.992016017436981
1220.22985839844,4.10875844955444,-0.772607326507568,-0.239717960357666,5.45656681060791,12.6695461273193,358.114562988281,-0.0454892031848431,-0.11097589880228,0.0215850230306387,-0.992546796798706
1220.73132324219,4.10875844955444,-0.772607326507568,-0.239717960357666,5.48731088638306,14.1520862579346,1.97513794898987,-0.049616627395153,-0.122208327054977,-0.0111888386309147,-0.991200387477875
1221.23266601563,4.10875844955444,-0.772607326507568,-0.239717960357666,5.48678350448608,14.866494178772,357.541717529297,-0.0446778163313866,-0.130211099982262,0.0274369996041059,-0.990099132061005
1221.73352050781,4.10875844955444,-0.772607326507568,-0.239717960357666,5.50898408889771,15.5358171463013,359.850646972656,-0.0474394634366035,-0.135066419839859,0.00778516102582216,-0.989669680595398
1222.23510742188,4.10875844955444,-0.772607326507568,-0.239717960357666,5.50897598266602,15.5359859466553,359.850646972656,-0.0474393852055073,-0.135067880153656,0.00778521690517664,-0.989669442176819
1222.73608398438,4.10875844955444,-0.772607326507568,-0.239717960357666,5.50896406173706,15.5360612869263,359.850646972656,-0.0474392771720886,-0.135068520903587,0.00778523273766041,-0.989669322967529
1223.2373046875,4.14286518096924,-0.772699415683746,-0.249209180474281,5.60387706756592,15.5357141494751,359.850616455078,-0.0482589825987816,-0.13506118953228,0.00789710227400064,-0.989629864692688
1223.73876953125,4.19520473480225,-0.772839784622192,-0.263771951198578,4.85475063323975,15.5377206802368,359.850799560547,-0.0417884103953838,-0.135110318660736,0.00701397284865379,-0.989924132823944
1224.23986816406,4.23871803283691,-0.772956252098083,-0.275880366563797,4.36750984191895,15.5390634536743,359.850921630859,-0.0375788956880569,-0.135139510035515,0.00643943250179291,-0.990092754364014
1224.74084472656,4.24164009094238,-0.772963881492615,-0.276694774627686,3.13933491706848,15.5423107147217,359.851135253906,-0.0269652362912893,-0.135201185941696,0.00499068293720484,-0.990438640117645
1225.2421875,4.1791090965271,-0.772795915603638,-0.25929319858551,3.09068775177002,15.5423908233643,359.851135253906,-0.0265447702258825,-0.135202899575233,0.00493327574804425,-0.990450024604797
1225.74291992188,4.22859621047974,-0.77292811870575,-0.273064851760864,3.95948171615601,15.5401964187622,359.850982666016,-0.0340532101690769,-0.135162204504013,0.00595820089802146,-0.990220248699188
1226.24438476563,4.23065519332886,-0.772933542728424,-0.273635447025299,4.34462976455688,15.5392265319824,359.850921630859,-0.0373812019824982,-0.13514170050621,0.00641245441511273,-0.990100145339966
1226.7451171875,4.22651100158691,-0.772922694683075,-0.272486418485641,4.53515148162842,15.5387163162231,359.850891113281,-0.0390273071825504,-0.135130733251572,0.00663713272660971,-0.99003666639328
1227.24658203125,4.22532320022583,-0.772919416427612,-0.272155344486237,5.03611612319946,15.5375328063965,359.850769042969,-0.043355118483305,-0.135101526975632,0.00722784316167235,-0.989856421947479
1227.74792480469,4.22532320022583,-0.772919416427612,-0.272155344486237,5.03606224060059,15.5375556945801,359.850769042969,-0.0433546490967274,-0.135101720690727,0.00722779892385006,-0.989856421947479
1228.24877929688,4.22532320022583,-0.772919416427612,-0.272155344486237,5.03606700897217,15.5377826690674,359.850769042969,-0.0433546900749207,-0.135103657841682,0.00722782639786601,-0.989856123924255
1228.74987792969,4.22532320022583,-0.772919416427612,-0.272155344486237,5.03605270385742,15.5378389358521,359.850769042969,-0.0433545559644699,-0.135104164481163,0.00722783897072077,-0.989856123924255
1229.25122070313,4.22532320022583,-0.772919416427612,-0.272155344486237,5.03604602813721,15.5379943847656,359.850799560547,-0.0433544889092445,-0.13510550558567,0.00722786318510771,-0.989855945110321
1229.75268554688,4.22532320022583,-0.772919416427612,-0.272155344486237,5.03605842590332,15.5381479263306,359.850799560547,-0.0433545932173729,-0.135106816887856,0.00722791533917189,-0.989855706691742
1230.25390625,4.22532320022583,-0.772919416427612,-0.272155344486237,5.03610181808472,15.5381460189819,359.850799560547,-0.043354969471693,-0.135106816887856,0.00722794886678457,-0.989855706691742
1230.75463867188,4.22531890869141,-0.772919416427612,-0.272155344486237,5.03613471984863,15.538200378418,359.850799560547,-0.0433552637696266,-0.135107293725014,0.00722792185842991,-0.989855647087097
1231.25622558594,4.22532749176025,-0.772919416427612,-0.272155612707138,5.03616142272949,15.5382022857666,359.850799560547,-0.0433555096387863,-0.135107293725014,0.00722784548997879,-0.989855647087097
1231.75720214844,4.22532320022583,-0.772919416427612,-0.272155344486237,5.03619480133057,15.5382232666016,359.850830078125,-0.0433558076620102,-0.135107457637787,0.0072277975268662,-0.989855587482452
1232.2587890625,4.22532320022583,-0.772918879985809,-0.272155344486237,5.03623914718628,15.5382566452026,359.850830078125,-0.0433561988174915,-0.135107755661011,0.00722780264914036,-0.989855527877808
1232.75964355469,4.22532320022583,-0.772918879985809,-0.272155344486237,5.03627824783325,15.5383949279785,359.850830078125,-0.0433565340936184,-0.135108947753906,0.00722784223034978,-0.989855349063873
1233.26062011719,4.22532320022583,-0.772918879985809,-0.272155344486237,5.03629589080811,15.5384855270386,359.850830078125,-0.0433566942811012,-0.135109722614288,0.00722783990204334,-0.989855229854584
1233.76220703125,4.22532320022583,-0.772918879985809,-0.272155344486237,5.03627824783325,15.5383596420288,359.850830078125,-0.0433565452694893,-0.13510861992836,0.00722778122872114,-0.989855349063873
1234.263671875,4.22532320022583,-0.772918879985809,-0.272155344486237,5.0363073348999,15.5383796691895,359.850830078125,-0.0433567985892296,-0.135108813643456,0.00722781755030155,-0.989855349063873
1234.77807617188,4.22532320022583,-0.772918879985809,-0.272155344486237,5.03633546829224,15.5383796691895,359.850830078125,-0.0433570370078087,-0.135108798742294,0.00722784269601107,-0.989855349063873
1235.27954101563,4.22532320022583,-0.772918879985809,-0.272155344486237,5.03635406494141,15.5384569168091,359.850860595703,-0.0433572009205818,-0.135109469294548,0.00722785852849483,-0.989855229854584
1235.78100585938,4.22532320022583,-0.772918879985809,-0.272155344486237,5.03635406494141,15.5384569168091,359.850860595703,-0.0433572009205818,-0.135109469294548,0.00722785852849483,-0.989855229854584
1236.28198242188,4.22532320022583,-0.772918879985809,-0.272155344486237,5.03635406494141,15.5384569168091,359.850860595703,-0.0433572009205818,-0.135109469294548,0.00722785852849483,-0.989855229854584
1236.783203125,4.22532320022583,-0.772918879985809,-0.272155344486237,5.03635406494141,15.5384569168091,359.850860595703,-0.0433572009205818,-0.135109469294548,0.00722785852849483,-0.989855229854584
1237.29870605469,4.22532749176025,-0.772918879985809,-0.272155344486237,5.03635406494141,15.5384569168091,359.850860595703,-0.0433572009205818,-0.135109469294548,0.00722785852849483,-0.989855229854584
1237.82446289063,4.22532320022583,-0.772918879985809,-0.272155344486237,5.03635406494141,15.5384569168091,359.850860595703,-0.0433572009205818,-0.135109469294548,0.00722785852849483,-0.989855229854584
1238.32678222656,4.22532320022583,-0.772918879985809,-0.272155344486237,5.03635406494141,15.5384569168091,359.850860595703,-0.0433572009205818,-0.135109469294548,0.00722785852849483,-0.989855229854584
1238.82885742188,4.22532320022583,-0.772918879985809,-0.272155344486237,5.03635406494141,15.5384569168091,359.850860595703,-0.0433572009205818,-0.135109469294548,0.00722785852849483,-0.989855229854584
1239.33129882813,4.22532320022583,-0.772918343544006,-0.272155344486237,5.03635406494141,15.5384569168091,359.850860595703,-0.0433572009205818,-0.135109469294548,0.00722785852849483,-0.989855229854584
1239.8330078125,4.22532320022583,-0.772918879985809,-0.272155344486237,5.03635406494141,15.5384569168091,359.850860595703,-0.0433572009205818,-0.135109469294548,0.00722785852849483,-0.989855229854584
1240.33459472656,4.22532320022583,-0.772918879985809,-0.272155344486237,5.03635406494141,15.5384569168091,359.850860595703,-0.0433572009205818,-0.135109469294548,0.00722785852849483,-0.989855229854584
1240.83618164063,4.22532320022583,-0.772918879985809,-0.272155344486237,5.03635406494141,15.5384569168091,359.850860595703,-0.0433572009205818,-0.135109469294548,0.00722785852849483,-0.989855229854584
1241.33764648438,4.22532320022583,-0.772918879985809,-0.272155344486237,5.03635406494141,15.5384569168091,359.850860595703,-0.0433572009205818,-0.135109469294548,0.00722785852849483,-0.989855229854584
1241.83911132813,4.22532320022583,-0.772918879985809,-0.272155344486237,5.03635406494141,15.5384569168091,359.850860595703,-0.0433572009205818,-0.135109469294548,0.00722785852849483,-0.989855229854584
1242.34106445313,4.22532320022583,-0.772919416427612,-0.272155344486237,5.03635406494141,15.5384569168091,359.850860595703,-0.0433572009205818,-0.135109469294548,0.00722785852849483,-0.989855229854584
1242.84240722656,4.22532320022583,-0.772918879985809,-0.272155344486237,5.03635406494141,15.5384569168091,359.850860595703,-0.0433572009205818,-0.135109469294548,0.00722785852849483,-0.989855229854584
1243.34252929688,4.22532320022583,-0.772918879985809,-0.272155344486237,5.03635406494141,15.5384569168091,359.850860595703,-0.0433572009205818,-0.135109469294548,0.00722785852849483,-0.989855229854584
1243.84399414063,4.22532320022583,-0.772918879985809,-0.272155344486237,5.03635406494141,15.5384569168091,359.850860595703,-0.0433572009205818,-0.135109469294548,0.00722785852849483,-0.989855229854584
1244.34533691406,4.22532320022583,-0.772919416427612,-0.272155344486237,5.03635406494141,15.5384569168091,359.850860595703,-0.0433572009205818,-0.135109469294548,0.00722785852849483,-0.989855229854584
1244.84680175781,4.22532320022583,-0.772919416427612,-0.272155344486237,5.03635406494141,15.5384569168091,359.850860595703,-0.0433572009205818,-0.135109469294548,0.00722785852849483,-0.989855229854584
1245.34790039063,4.22532320022583,-0.772918879985809,-0.272155344486237,5.03635406494141,15.5384569168091,359.850860595703,-0.0433572009205818,-0.135109469294548,0.00722785852849483,-0.989855229854584
1245.849609375,4.22532320022583,-0.772918879985809,-0.272155344486237,5.03635406494141,15.5384569168091,359.850860595703,-0.0433572009205818,-0.135109469294548,0.00722785852849483,-0.989855229854584
1246.35009765625,4.22532320022583,-0.772918879985809,-0.272155344486237,5.03635406494141,15.5384569168091,359.850860595703,-0.0433572009205818,-0.135109469294548,0.00722785852849483,-0.989855229854584
1246.85144042969,4.22532320022583,-0.772918879985809,-0.272155344486237,5.03635406494141,15.5384569168091,359.850860595703,-0.0433572009205818,-0.135109469294548,0.00722785852849483,-0.989855229854584
1247.35302734375,4.22532320022583,-0.772918879985809,-0.272155344486237,5.03635406494141,15.5384569168091,359.850860595703,-0.0433572009205818,-0.135109469294548,0.00722785852849483,-0.989855229854584
1247.85339355469,4.22532320022583,-0.772918879985809,-0.272155344486237,5.03635406494141,15.5384569168091,359.850860595703,-0.0433572009205818,-0.135109469294548,0.00722785852849483,-0.989855229854584
1248.35461425781,4.22532320022583,-0.772918879985809,-0.272155344486237,5.03635406494141,15.5384569168091,359.850860595703,-0.0433572009205818,-0.135109469294548,0.00722785852849483,-0.989855229854584
1248.85583496094,4.22532320022583,-0.772918879985809,-0.272155344486237,5.03635406494141,15.5384569168091,359.850860595703,-0.0433572009205818,-0.135109469294548,0.00722785852849483,-0.989855229854584
1249.35717773438,4.22532320022583,-0.772918879985809,-0.272155344486237,5.03635406494141,15.5384569168091,359.850860595703,-0.0433572009205818,-0.135109469294548,0.00722785852849483,-0.989855229854584
1249.85827636719,4.22532320022583,-0.772918879985809,-0.272155344486237,5.03635406494141,15.5384569168091,359.850860595703,-0.0433572009205818,-0.135109469294548,0.00722785852849483,-0.989855229854584
1250.359375,4.22532320022583,-0.772918879985809,-0.272155344486237,5.03635406494141,15.5384569168091,359.850860595703,-0.0433572009205818,-0.135109469294548,0.00722785852849483,-0.989855229854584
1250.86071777344,4.22532320022583,-0.772918879985809,-0.272155344486237,5.03635406494141,15.5384569168091,359.850860595703,-0.0433572009205818,-0.135109469294548,0.00722785852849483,-0.989855229854584
1251.36193847656,4.22532320022583,-0.772918879985809,-0.272155344486237,5.03635406494141,15.5384569168091,359.850860595703,-0.0433572009205818,-0.135109469294548,0.00722785852849483,-0.989855229854584
1251.86328125,4.22532320022583,-0.772918879985809,-0.272155344486237,5.03635406494141,15.5384569168091,359.850860595703,-0.0433572009205818,-0.135109469294548,0.00722785852849483,-0.989855229854584
1252.36437988281,4.22532320022583,-0.772918879985809,-0.272155344486237,5.03635406494141,15.5384569168091,359.850860595703,-0.0433572009205818,-0.135109469294548,0.00722785852849483,-0.989855229854584
1252.86535644531,4.22532320022583,-0.772918879985809,-0.272155344486237,5.03635406494141,15.5384569168091,359.850860595703,-0.0433572009205818,-0.135109469294548,0.00722785852849483,-0.989855229854584
1253.36657714844,4.22532320022583,-0.772918879985809,-0.272155344486237,5.03635406494141,15.5384569168091,359.850860595703,-0.0433572009205818,-0.135109469294548,0.00722785852849483,-0.989855229854584
1253.86901855469,4.22532320022583,-0.772918879985809,-0.272155344486237,5.03635406494141,15.5384569168091,359.850860595703,-0.0433572009205818,-0.135109469294548,0.00722785852849483,-0.989855229854584
1254.39685058594,4.22532320022583,-0.772918879985809,-0.272155344486237,5.03635406494141,15.5384569168091,359.850860595703,-0.0433572009205818,-0.135109469294548,0.00722785852849483,-0.989855229854584
1254.89807128906,4.22532320022583,-0.772918879985809,-0.272155344486237,5.03635406494141,15.5384569168091,359.850860595703,-0.0433572009205818,-0.135109469294548,0.00722785852849483,-0.989855229854584
1255.3994140625,4.22532320022583,-0.772918879985809,-0.272155344486237,5.03635406494141,15.5384569168091,359.850860595703,-0.0433572009205818,-0.135109469294548,0.00722785852849483,-0.989855229854584
1255.90087890625,4.22532320022583,-0.772918879985809,-0.272155344486237,5.03635406494141,15.5384569168091,359.850860595703,-0.0433572009205818,-0.135109469294548,0.00722785852849483,-0.989855229854584
1256.40234375,4.22532320022583,-0.772919416427612,-0.272155344486237,5.03635406494141,15.5384569168091,359.850860595703,-0.0433572009205818,-0.135109469294548,0.00722785852849483,-0.989855229854584
1256.90344238281,4.22532320022583,-0.772918879985809,-0.272155344486237,5.03635406494141,15.5384569168091,359.850860595703,-0.0433572009205818,-0.135109469294548,0.00722785852849483,-0.989855229854584
1257.40490722656,4.22532320022583,-0.772918879985809,-0.272155344486237,5.03635406494141,15.5384569168091,359.850860595703,-0.0433572009205818,-0.135109469294548,0.00722785852849483,-0.989855229854584
1257.90637207031,4.22532320022583,-0.772918879985809,-0.272155344486237,5.03635406494141,15.5384569168091,359.850860595703,-0.0433572009205818,-0.135109469294548,0.00722785852849483,-0.989855229854584
1258.40759277344,4.22532320022583,-0.772918343544006,-0.272155344486237,5.03635406494141,15.5384569168091,359.850860595703,-0.0433572009205818,-0.135109469294548,0.00722785852849483,-0.989855229854584
1258.90783691406,4.22532320022583,-0.772918879985809,-0.272155344486237,5.03635406494141,15.5384569168091,359.850860595703,-0.0433572009205818,-0.135109469294548,0.00722785852849483,-0.989855229854584
1259.40893554688,4.22532320022583,-0.772918879985809,-0.272155344486237,5.03635406494141,15.5384569168091,359.850860595703,-0.0433572009205818,-0.135109469294548,0.00722785852849483,-0.989855229854584
1259.91003417969,4.22532320022583,-0.772918879985809,-0.272155344486237,5.03635406494141,15.5384569168091,359.850860595703,-0.0433572009205818,-0.135109469294548,0.00722785852849483,-0.989855229854584
1260.4111328125,4.22532320022583,-0.772918879985809,-0.272155344486237,5.03635406494141,15.5384569168091,359.850860595703,-0.0433572009205818,-0.135109469294548,0.00722785852849483,-0.989855229854584
1260.98498535156,4.22532320022583,-0.772918879985809,-0.272155344486237,5.03635406494141,15.5384569168091,359.850860595703,-0.0433572009205818,-0.135109469294548,0.00722785852849483,-0.989855229854584
1261.51086425781,4.22532320022583,-0.772918879985809,-0.272155344486237,5.03635406494141,15.5384569168091,359.850860595703,-0.0433572009205818,-0.135109469294548,0.00722785852849483,-0.989855229854584
1262.01257324219,4.22532320022583,-0.772918879985809,-0.272155344486237,5.03635406494141,15.5384569168091,359.850860595703,-0.0433572009205818,-0.135109469294548,0.00722785852849483,-0.989855229854584
1262.51330566406,4.22532320022583,-0.772918879985809,-0.272155344486237,5.03635406494141,15.5384569168091,359.850860595703,-0.0433572009205818,-0.135109469294548,0.00722785852849483,-0.989855229854584
1263.01452636719,4.22532320022583,-0.772918879985809,-0.272155344486237,5.03635406494141,15.5384569168091,359.850860595703,-0.0433572009205818,-0.135109469294548,0.00722785852849483,-0.989855229854584
1263.52136230469,4.22532320022583,-0.772918879985809,-0.272155344486237,5.03635406494141,15.5384569168091,359.850860595703,-0.0433572009205818,-0.135109469294548,0.00722785852849483,-0.989855229854584
1264.025390625,4.22532320022583,-0.772918343544006,-0.272155344486237,5.03635406494141,15.5384569168091,359.850860595703,-0.0433572009205818,-0.135109469294548,0.00722785852849483,-0.989855229854584
1264.53051757813,4.22532320022583,-0.772918879985809,-0.272155344486237,5.03635406494141,15.5384569168091,359.850860595703,-0.0433572009205818,-0.135109469294548,0.00722785852849483,-0.989855229854584
1265.0322265625,4.22532320022583,-0.772918879985809,-0.272155076265335,5.03635406494141,15.5384569168091,359.850860595703,-0.0433572009205818,-0.135109469294548,0.00722785852849483,-0.989855229854584
1265.53393554688,4.22532320022583,-0.772918879985809,-0.272155344486237,5.03635406494141,15.5384569168091,359.850860595703,-0.0433572009205818,-0.135109469294548,0.00722785852849483,-0.989855229854584
1266.03625488281,4.22532320022583,-0.772918879985809,-0.272155344486237,5.03635406494141,15.5384569168091,359.850860595703,-0.0433572009205818,-0.135109469294548,0.00722785852849483,-0.989855229854584
1266.5380859375,4.22532320022583,-0.772918879985809,-0.272155344486237,5.03635406494141,15.5384569168091,359.850860595703,-0.0433572009205818,-0.135109469294548,0.00722785852849483,-0.989855229854584
1267.03930664063,4.22532320022583,-0.772918879985809,-0.272155344486237,5.03635406494141,15.5384569168091,359.850860595703,-0.0433572009205818,-0.135109469294548,0.00722785852849483,-0.989855229854584
1267.54052734375,4.22532320022583,-0.772918879985809,-0.272155344486237,5.03635406494141,15.5384569168091,359.850860595703,-0.0433572009205818,-0.135109469294548,0.00722785852849483,-0.989855229854584
1268.04174804688,4.22532320022583,-0.772918343544006,-0.272155344486237,5.03635406494141,15.5384569168091,359.850860595703,-0.0433572009205818,-0.135109469294548,0.00722785852849483,-0.989855229854584
1268.54357910156,4.22532320022583,-0.772918879985809,-0.272155344486237,5.03635406494141,15.5384569168091,359.850860595703,-0.0433572009205818,-0.135109469294548,0.00722785852849483,-0.989855229854584
1269.06091308594,4.22532320022583,-0.772918879985809,-0.272155344486237,5.03635406494141,15.5384569168091,359.850860595703,-0.0433572009205818,-0.135109469294548,0.00722785852849483,-0.989855229854584
1269.56262207031,4.22532320022583,-0.772918879985809,-0.272155344486237,5.03635406494141,15.5384569168091,359.850860595703,-0.0433572009205818,-0.135109469294548,0.00722785852849483,-0.989855229854584
1270.0634765625,4.22532320022583,-0.772918879985809,-0.272155344486237,5.03635406494141,15.5384569168091,359.850860595703,-0.0433572009205818,-0.135109469294548,0.00722785852849483,-0.989855229854584
1270.56494140625,4.22532320022583,-0.772918879985809,-0.272155344486237,5.03635406494141,15.5384569168091,359.850860595703,-0.0433572009205818,-0.135109469294548,0.00722785852849483,-0.989855229854584
1271.06591796875,4.22532320022583,-0.772918879985809,-0.272155612707138,5.03635406494141,15.5384569168091,359.850860595703,-0.0433572009205818,-0.135109469294548,0.00722785852849483,-0.989855229854584
1271.58264160156,4.22532320022583,-0.772918879985809,-0.272155344486237,5.03635406494141,15.5384569168091,359.850860595703,-0.0433572009205818,-0.135109469294548,0.00722785852849483,-0.989855229854584
1272.10803222656,4.22532320022583,-0.772918879985809,-0.272155344486237,5.03635406494141,15.5384569168091,359.850860595703,-0.0433572009205818,-0.135109469294548,0.00722785852849483,-0.989855229854584
1272.60998535156,4.22531890869141,-0.772918879985809,-0.272155344486237,5.03635406494141,15.5384569168091,359.850860595703,-0.0433572009205818,-0.135109469294548,0.00722785852849483,-0.989855229854584
1273.11181640625,4.22532320022583,-0.772918879985809,-0.272155344486237,5.03635406494141,15.5384569168091,359.850860595703,-0.0433572009205818,-0.135109469294548,0.00722785852849483,-0.989855229854584
1273.61376953125,4.22532320022583,-0.772918879985809,-0.272155344486237,5.03635406494141,15.5384569168091,359.850860595703,-0.0433572009205818,-0.135109469294548,0.00722785852849483,-0.989855229854584
1274.11511230469,4.22532320022583,-0.772918879985809,-0.272155344486237,5.03635406494141,15.5384569168091,359.850860595703,-0.0433572009205818,-0.135109469294548,0.00722785852849483,-0.989855229854584
1274.61804199219,4.22532320022583,-0.772918879985809,-0.272155344486237,5.03635406494141,15.5384569168091,359.850860595703,-0.0433572009205818,-0.135109469294548,0.00722785852849483,-0.989855229854584
1275.119140625,4.22532320022583,-0.772918343544006,-0.272155344486237,5.03635406494141,15.5384569168091,359.850860595703,-0.0433572009205818,-0.135109469294548,0.00722785852849483,-0.989855229854584
1275.62072753906,4.22532749176025,-0.772918879985809,-0.272155344486237,5.03635406494141,15.5384569168091,359.850860595703,-0.0433572009205818,-0.135109469294548,0.00722785852849483,-0.989855229854584
1276.12231445313,4.22532320022583,-0.772919416427612,-0.272155344486237,5.03635406494141,15.5384569168091,359.850860595703,-0.0433572009205818,-0.135109469294548,0.00722785852849483,-0.989855229854584
1276.62292480469,4.22532320022583,-0.772918879985809,-0.272155344486237,5.03635406494141,15.5384569168091,359.850860595703,-0.0433572009205818,-0.135109469294548,0.00722785852849483,-0.989855229854584
1277.12438964844,4.22532320022583,-0.772918879985809,-0.272155344486237,5.03635406494141,15.5384569168091,359.850860595703,-0.0433572009205818,-0.135109469294548,0.00722785852849483,-0.989855229854584
1277.6259765625,4.22532320022583,-0.772918879985809,-0.272155344486237,5.03635406494141,15.5384569168091,359.850860595703,-0.0433572009205818,-0.135109469294548,0.00722785852849483,-0.989855229854584
1278.12670898438,4.22532320022583,-0.772918879985809,-0.272155344486237,6.86514711380005,359.3134765625,8.95328617095947,-0.0592233724892139,0.010635188780725,-0.078268863260746,-0.995114803314209
1278.62768554688,4.22532320022583,-0.772918879985809,-0.272155344486237,6.86510467529297,359.3134765625,8.95325469970703,-0.0592229999601841,0.0106352819129825,-0.0782686024904251,-0.995114862918854
1279.12939453125,4.22532320022583,-0.772918879985809,-0.272155344486237,6.40011596679688,4.20389842987061,2.13454151153564,-0.056457381695509,-0.0355750918388367,-0.0165376663208008,-0.997633934020996
1279.63073730469,4.22532320022583,-0.772918879985809,-0.272155344486237,6.40010023117065,4.20387506484985,2.13452410697937,-0.056457232683897,-0.0355749055743217,-0.0165375340729952,-0.997633993625641
1280.13293457031,4.22532320022583,-0.772918879985809,-0.272155344486237,6.40005922317505,4.20388269424438,2.13452219963074,-0.056456882506609,-0.0355749763548374,-0.0165375266224146,-0.997633993625641
1280.66076660156,4.22532320022583,-0.772918879985809,-0.272155344486237,6.40003108978271,4.20388031005859,2.13452553749084,-0.0564566366374493,-0.0355749577283859,-0.0165375676006079,-0.997633993625641
1281.16186523438,4.22532320022583,-0.772918879985809,-0.272155344486237,6.81956052780151,358.340087890625,5.05163764953613,-0.0587755404412746,0.0170660652220249,-0.0448476225137711,-0.997117280960083
1281.66296386719,4.22532320022583,-0.772918879985809,-0.272155344486237,7.46350812911987,349.091949462891,2.85401487350464,-0.0624086372554302,0.0964296087622643,-0.0309223495423794,-0.992899954319
1282.16442871094,4.17695903778076,-0.775357246398926,-0.281800180673599,6.37737607955933,349.037475585938,2.84744882583618,-0.0529833063483238,0.0967187434434891,-0.0300058387219906,-0.993447542190552
1282.66552734375,4.09010982513428,-0.779736042022705,-0.299121022224426,5.6281943321228,349.000061035156,2.84351587295532,-0.0464792214334011,0.0969126373529434,-0.0293719191104174,-0.993773102760315
1283.16687011719,4.02553749084473,-0.782990992069244,-0.311999976634979,0.547674536705017,348.748016357422,2.82992553710938,-0.00233411439694464,0.098120704293251,-0.0250424202531576,-0.994856655597687
1283.66711425781,3.96940064430237,-0.785820066928864,-0.323195070028305,1.65314161777496,348.802734375,2.83095645904541,-0.0119430050253868,0.0978739336133003,-0.0259887967258692,-0.994787752628326
1284.16845703125,3.93088936805725,-0.787759363651276,-0.330872416496277,0.578640699386597,348.749572753906,2.82992887496948,-0.00260329968295991,0.0981137156486511,-0.0250688623636961,-0.994855999946594
1284.66967773438,3.91023802757263,-0.788800835609436,-0.334991633892059,359.131408691406,349.712188720703,356.828857421875,0.00506576569750905,0.0898295342922211,0.0282371006906033,-0.995543897151947
1285.17199707031,3.91023802757263,-0.788800835609436,-0.334991931915283,359.604339599609,353.705871582031,349.543243408203,-0.00156940473243594,0.0549843832850456,0.0911765471100807,-0.994314432144165
1285.67272949219,3.91023802757263,-0.788800835609436,-0.334991931915283,359.604339599609,353.705871582031,349.543243408203,-0.00156940473243594,0.0549843832850456,0.0911765471100807,-0.994314432144165
1286.17309570313,3.91023802757263,-0.788800835609436,-0.334991633892059,359.466430664063,347.249755859375,3.31860709190369,0.00784078240394592,0.110855586826801,-0.0282600857317448,-0.993403792381287
1286.67541503906,3.91023802757263,-0.788800835609436,-0.334992468357086,359.53564453125,346.058776855469,3.47319674491882,0.00769834034144878,0.121181719005108,-0.0295889042317867,-0.992159426212311
1287.17626953125,3.91023802757263,-0.788800835609436,-0.334992468357086,359.556854248047,345.174652099609,358.445007324219,0.00208385079167783,0.129054084420204,0.0139547679573298,-0.991537153720856
1287.67712402344,3.91023802757263,-0.788800835609436,-0.334992468357086,359.343170166016,342.367584228516,356.858184814453,0.00146040378604084,0.15336050093174,0.0279677864164114,-0.987773358821869
1288.17895507813,3.91023802757263,-0.788800835609436,-0.334992468357086,359.239959716797,339.471405029297,359.891265869141,0.00635728659108281,0.178191289305687,0.00211552041582763,-0.983973145484924
1288.6796875,3.91023802757263,-0.788800835609436,-0.334992468357086,358.900146484375,352.234680175781,5.87438154220581,0.0130327390506864,0.0671304762363434,-0.0504721887409687,-0.996381521224976
1289.18115234375,3.91023802757263,-0.788800299167633,-0.334992736577988,0.766474962234497,336.588592529297,5.00918006896973,0.00232240231707692,0.202972531318665,-0.0441453717648983,-0.978186070919037
1289.6826171875,3.91023373603821,-0.788800835609436,-0.334992468357086,0.856492042541504,347.416687011719,355.637634277344,-0.011594663374126,0.10922434180975,0.037010919302702,-0.993260204792023
1290.21020507813,3.91023373603821,-0.788800835609436,-0.334992468357086,4.37919950485229,11.4848604202271,348.458282470703,-0.0277686696499586,-0.103299230337143,0.103775970637798,-0.988832056522369
1290.71240234375,3.91022944450378,-0.788800835609436,-0.334992200136185,6.05970239639282,25.557804107666,2.11812400817871,-0.0556207709014416,-0.219889745116234,-0.00631081825122237,-0.973917365074158
1291.21362304688,3.91023373603821,-0.788800835609436,-0.334992468357086,6.05970239639282,25.557804107666,2.11812400817871,-0.0556207709014416,-0.219889745116234,-0.00631081825122237,-0.973917365074158
1291.71472167969,3.91023802757263,-0.788800299167633,-0.334992736577988,6.05970239639282,25.557804107666,2.11812400817871,-0.0556207709014416,-0.219889745116234,-0.00631081825122237,-0.973917365074158
1292.21618652344,3.91023373603821,-0.788800835609436,-0.334992468357086,5.61390733718872,30.6883506774902,10.8718118667603,-0.0720506086945534,-0.258636832237244,-0.0783454701304436,-0.960092604160309
1292.74462890625,3.91023373603821,-0.788800299167633,-0.334992468357086,6.12268924713135,28.5174808502197,16.0343189239502,-0.0855565220117569,-0.236326903104782,-0.121954992413521,-0.960185766220093
1293.24572753906,3.91023373603821,-0.788800835609436,-0.334992200136185,6.80248832702637,26.1491889953613,15.8289260864258,-0.088333897292614,-0.215712547302246,-0.120595455169678,-0.964946568012238
1293.74731445313,3.91023373603821,-0.788800835609436,-0.334992200136185,7.92333793640137,21.4444828033447,6.18719673156738,-0.0778004080057144,-0.181669548153877,-0.0400631614029408,-0.979458212852478
1294.24755859375,3.91023373603821,-0.788800835609436,-0.334992200136185,7.76827383041382,22.3573341369629,14.7314443588257,-0.0907028689980507,-0.183308109641075,-0.112456940114498,-0.972380876541138
1294.74816894531,3.91023373603821,-0.788800835609436,-0.334992200136185,7.7749605178833,22.3338928222656,18.3185291290283,-0.0964226797223091,-0.180171549320221,-0.142843499779701,-0.968419671058655
1295.24987792969,3.91023373603821,-0.788800835609436,-0.334992200136185,7.77504110336304,22.3339405059814,18.3184719085693,-0.0964233353734016,-0.180171892046928,-0.142842829227448,-0.968419671058655
1295.76794433594,3.91023373603821,-0.788800835609436,-0.334992200136185,7.77495908737183,22.3338718414307,18.3184280395508,-0.096422478556633,-0.180171445012093,-0.142842650413513,-0.968419790267944
1296.26953125,3.91023802757263,-0.788800299167633,-0.334992200136185,7.77491044998169,22.3338413238525,18.3184547424316,-0.0964220762252808,-0.180171236395836,-0.142842993140221,-0.968419849872589
1296.77062988281,3.91023373603821,-0.788800835609436,-0.334992200136185,7.77493953704834,22.3338661193848,18.318546295166,-0.0964225009083748,-0.180171340703964,-0.142843693494797,-0.968419671058655
1297.27197265625,3.91023373603821,-0.788800835609436,-0.334992200136185,7.77490520477295,22.3338966369629,18.3187122344971,-0.0964225009083748,-0.180171504616737,-0.142845124006271,-0.968419432640076
1297.77294921875,3.91022944450378,-0.788800835609436,-0.334992200136185,7.77492809295654,22.3339462280273,18.3187313079834,-0.0964227989315987,-0.180171921849251,-0.1428452283144,-0.968419373035431
1298.27429199219,3.91023373603821,-0.788800835609436,-0.334992200136185,7.77497673034668,22.3340034484863,18.3187866210938,-0.096423365175724,-0.180172234773636,-0.142845541238785,-0.968419134616852
1298.77880859375,3.91023373603821,-0.788800835609436,-0.334992200136185,7.77497673034668,22.3340034484863,18.3187866210938,-0.096423365175724,-0.180172234773636,-0.142845541238785,-0.968419134616852
1299.29211425781,3.91023373603821,-0.788800835609436,-0.334992200136185,7.77497673034668,22.3340034484863,18.3187866210938,-0.096423365175724,-0.180172234773636,-0.142845541238785,-0.968419134616852
1299.79333496094,3.91023373603821,-0.788800835609436,-0.334992200136185,7.77497673034668,22.3340034484863,18.3187866210938,-0.096423365175724,-0.180172234773636,-0.142845541238785,-0.968419134616852
1300.29479980469,3.91023802757263,-0.788800835609436,-0.334992200136185,7.77497673034668,22.3340034484863,18.3187866210938,-0.096423365175724,-0.180172234773636,-0.142845541238785,-0.968419134616852
1300.7958984375,3.91023373603821,-0.788800299167633,-0.334992200136185,7.77497673034668,22.3340034484863,18.3187866210938,-0.096423365175724,-0.180172234773636,-0.142845541238785,-0.968419134616852
1301.29724121094,3.91023373603821,-0.788800835609436,-0.334992200136185,7.77497673034668,22.3340034484863,18.3187866210938,-0.096423365175724,-0.180172234773636,-0.142845541238785,-0.968419134616852
1301.79870605469,3.91023373603821,-0.788800835609436,-0.334992200136185,7.77497673034668,22.3340034484863,18.3187866210938,-0.096423365175724,-0.180172234773636,-0.142845541238785,-0.968419134616852
1302.30041503906,3.91023802757263,-0.788800835609436,-0.334992200136185,7.77497673034668,22.3340034484863,18.3187866210938,-0.096423365175724,-0.180172234773636,-0.142845541238785,-0.968419134616852
1302.80163574219,3.91023373603821,-0.788800835609436,-0.334992200136185,7.77497673034668,22.3340034484863,18.3187866210938,-0.096423365175724,-0.180172234773636,-0.142845541238785,-0.968419134616852
1303.30261230469,3.91023373603821,-0.788800835609436,-0.334992200136185,7.77497673034668,22.3340034484863,18.3187866210938,-0.096423365175724,-0.180172234773636,-0.142845541238785,-0.968419134616852
1303.80395507813,3.91023373603821,-0.788800835609436,-0.334992200136185,7.77497673034668,22.3340034484863,18.3187866210938,-0.096423365175724,-0.180172234773636,-0.142845541238785,-0.968419134616852
1304.30505371094,3.91022944450378,-0.788800835609436,-0.334992200136185,7.77497673034668,22.3340034484863,18.3187866210938,-0.096423365175724,-0.180172234773636,-0.142845541238785,-0.968419134616852
1304.80627441406,3.91023802757263,-0.788800835609436,-0.334992200136185,7.77497673034668,22.3340034484863,18.3187866210938,-0.096423365175724,-0.180172234773636,-0.142845541238785,-0.968419134616852
1305.30773925781,3.91023373603821,-0.788800299167633,-0.334992200136185,7.77497673034668,22.3340034484863,18.3187866210938,-0.096423365175724,-0.180172234773636,-0.142845541238785,-0.968419134616852
1305.80920410156,3.91023373603821,-0.788800835609436,-0.334992200136185,7.77497673034668,22.3340034484863,18.3187866210938,-0.096423365175724,-0.180172234773636,-0.142845541238785,-0.968419134616852
1306.31030273438,3.91023373603821,-0.788800835609436,-0.334992200136185,6.47242403030396,25.9266605377197,22.8766670227051,-0.09833724796772,-0.208611384034157,-0.18053837120533,-0.956146955490112
1306.8115234375,3.91023373603821,-0.788800835609436,-0.334992200136185,3.50047540664673,31.9579544067383,32.7595252990723,-0.105765618383884,-0.255708307027817,-0.262913644313812,-0.924285352230072
1307.31237792969,3.91023373603821,-0.788801372051239,-0.334992200136185,2.32639980316162,33.4244651794434,39.8747482299805,-0.116314925253391,-0.263644486665726,-0.321034610271454,-0.902163624763489
1307.81384277344,3.91023373603821,-0.788801372051239,-0.334992200136185,1.02065849304199,34.6720733642578,32.8092498779297,-0.0923066213726997,-0.283432602882385,-0.267032980918884,-0.916427254676819
1308.31555175781,3.91023373603821,-0.788801372051239,-0.334992200136185,8.93661499023438,16.8411121368408,16.0430469512939,-0.0966863259673119,-0.133809998631477,-0.126324206590652,-0.978155851364136
1308.81604003906,3.91023373603821,-0.788801372051239,-0.334992200136185,9.91261959075928,13.0673751831055,10.4814367294312,-0.0958306416869164,-0.105047851800919,-0.0806180685758591,-0.986550688743591
1309.31762695313,3.91023373603821,-0.788802981376648,-0.334992200136185,3.35745358467102,34.0138130187988,25.272346496582,-0.0912922918796539,-0.279151767492294,-0.200742200016975,-0.934581518173218
1309.81848144531,3.91023373603821,-0.788802981376648,-0.334992200136185,358.772399902344,42.5525741577148,33.7619590759277,-0.0958121567964554,-0.350108593702316,-0.27429661154747,-0.890508532524109
1310.31921386719,3.91023373603821,-0.788802981376648,-0.334992200136185,359.516540527344,41.5217514038086,38.4493637084961,-0.112991131842136,-0.335997462272644,-0.309302359819412,-0.882423281669617
1310.82055664063,3.91023373603821,-0.788802444934845,-0.334992200136185,3.26164579391479,36.9146614074707,39.6780700683594,-0.132796496152878,-0.288525849580765,-0.313315242528915,-0.894958913326263
1311.32189941406,3.91023802757263,-0.788802444934845,-0.334992200136185,5.50946950912476,34.0234794616699,33.9694061279297,-0.12931826710701,-0.266058325767517,-0.265564292669296,-0.917586743831635
1311.82275390625,3.91023373603821,-0.788802981376648,-0.334992200136185,11.0701847076416,22.6786289215088,21.7208957672119,-0.129752412438393,-0.174377843737602,-0.165252953767776,-0.962002158164978
1312.32421875,3.91023802757263,-0.788802981376648,-0.334992200136185,17.1631088256836,2.61455392837524,6.54551935195923,-0.15022274851799,-0.014005608856678,-0.0530368052423,-0.987129211425781
1312.82543945313,3.91023802757263,-0.788802444934845,-0.334992200136185,15.6804733276367,14.4061737060547,11.5827054977417,-0.147177994251251,-0.109924502670765,-0.0821571499109268,-0.979543566703796
1313.32629394531,3.91023373603821,-0.788802981376648,-0.334992200136185,9.09127044677734,33.7972221374512,29.42165184021,-0.146928280591965,-0.26100954413414,-0.219929382205009,-0.928394973278046
1313.82739257813,3.91023373603821,-0.788802981376648,-0.334992200136185,9.09443950653076,33.7914657592773,29.5463638305664,-0.147226497530937,-0.260795533657074,-0.220938786864281,-0.92816823720932
1314.32885742188,3.91022944450378,-0.788803517818451,-0.334992200136185,7.71736097335815,36.0900039672852,34.9621658325195,-0.153869941830635,-0.275567293167114,-0.265085190534592,-0.911107361316681
1314.82995605469,3.91023373603821,-0.788803517818451,-0.334992200136185,7.71731805801392,36.0901222229004,34.9622001647949,-0.153869971632957,-0.275568306446075,-0.265085428953171,-0.911106944084167
1315.33093261719,3.91023373603821,-0.788803517818451,-0.334992200136185,8.9138708114624,34.451473236084,38.8671188354492,-0.168226316571236,-0.253725737333298,-0.295127213001251,-0.905661761760712
1315.83251953125,3.90593791007996,-0.794320225715637,-0.330419421195984,8.9137544631958,34.451587677002,38.8671913146973,-0.168225854635239,-0.253726840019226,-0.295127898454666,-0.905661284923553
1316.33361816406,3.90303778648376,-0.798723340034485,-0.326347351074219,9.16285514831543,34.13818359375,39.1023788452148,-0.16986870765686,-0.250164210796356,-0.296792268753052,-0.905801832675934
1316.83532714844,3.90303778648376,-0.798723936080933,-0.326347351074219,13.1594152450562,28.4525661468506,15.9286241531372,-0.143826171755791,-0.22638900578022,-0.10553453117609,-0.957561790943146
1317.3359375,3.90303349494934,-0.798723936080933,-0.326346814632416,13.1539001464844,28.0220317840576,0.363002836704254,-0.111891262233257,-0.240161865949631,0.0246770344674587,-0.963946998119354
1317.83728027344,3.90303778648376,-0.798723340034485,-0.326347082853317,12.2159280776978,20.3042774200439,343.751312255859,-0.0789168328046799,-0.188304498791695,0.156886100769043,-0.966281712055206
1318.33874511719,3.90303778648376,-0.798723340034485,-0.326346278190613,10.0510530471802,15.4606199264526,329.873474121094,-0.048997949808836,-0.151948198676109,0.267911791801453,-0.950123250484467
1318.83972167969,3.90303778648376,-0.798723340034485,-0.326346278190613,4.23650789260864,7.71215200424194,315.678436279297,-0.00880416762083769,-0.0761507973074913,0.378397881984711,-0.922463357448578
1319.34106445313,3.90303778648376,-0.798723340034485,-0.326346278190613,9.06780242919922,14.068943977356,334.496765136719,-0.049572117626667,-0.136388942599297,0.227820008993149,-0.962828516960144
1319.84216308594,3.90303778648376,-0.798723340034485,-0.326346278190613,10.6989898681641,21.0323715209961,359.713134765625,-0.0912095606327057,-0.181947231292725,0.0194663051515818,-0.978875398635864
1320.34387207031,3.90303778648376,-0.798723936080933,-0.326345980167389,10.0655660629272,25.4888973236084,19.471643447876,-0.121493548154831,-0.202118113636971,-0.145229756832123,-0.960882902145386
1320.845703125,3.90304207801819,-0.798722803592682,-0.326346278190613,9.29867553710938,26.9714679718018,35.7591323852539,-0.146377325057983,-0.197010323405266,-0.279579877853394,-0.928221821784973
1321.34582519531,3.89850783348083,-0.804956376552582,-0.330208361148834,8.42174243927002,28.0344409942627,46.4014434814453,-0.160643026232719,-0.193959206342697,-0.364844113588333,-0.896360695362091
1321.8466796875,3.89849042892456,-0.804966688156128,-0.330212444067001,8.42163753509521,28.0344047546387,46.4016609191895,-0.160642459988594,-0.193958967924118,-0.364846110343933,-0.896360039710999
1322.34802246094,3.89849042892456,-0.804966688156128,-0.330212444067001,8.42162418365479,28.0343971252441,46.4016494750977,-0.160642310976982,-0.19395899772644,-0.364846050739288,-0.896360099315643
1322.84912109375,3.89436364173889,-0.806888103485107,-0.333347111940384,8.42161846160889,28.0344333648682,46.4017295837402,-0.160642519593239,-0.193959161639214,-0.364846646785736,-0.896359741687775
1323.3505859375,3.89207482337952,-0.809239268302917,-0.33502796292305,8.4216833114624,28.0343265533447,46.4015350341797,-0.160642340779305,-0.193958386778831,-0.364845097064972,-0.896360576152802
1323.8515625,3.89199686050415,-0.809406697750092,-0.335089176893234,8.42164134979248,28.0343589782715,46.4015426635742,-0.160642147064209,-0.193958789110184,-0.364845216274261,-0.896360456943512
1324.35302734375,3.89199686050415,-0.809417009353638,-0.335087567567825,8.42179870605469,28.0344734191895,46.4016609191895,-0.16064390540123,-0.193958953022957,-0.364845603704453,-0.896359920501709
1324.85412597656,3.89199686050415,-0.80941641330719,-0.335087567567825,8.98502254486084,27.370885848999,34.724494934082,-0.143022149801254,-0.202407091856003,-0.271361440420151,-0.930020928382874
1325.35498046875,3.89199686050415,-0.80941641330719,-0.335087567567825,9.02810287475586,27.3003005981445,35.0892524719238,-0.143841907382011,-0.201262012124062,-0.274315923452377,-0.929275989532471
1325.85607910156,3.89199686050415,-0.80941641330719,-0.335087567567825,9.20787906646729,27.0605239868164,41.4270858764648,-0.155478611588478,-0.190527483820915,-0.325204700231552,-0.913108825683594
1326.35705566406,3.89199686050415,-0.80941641330719,-0.335087567567825,9.30983543395996,26.9472351074219,43.3314170837402,-0.159082040190697,-0.186686158180237,-0.340272337198257,-0.907775282859802
1326.85815429688,3.89199686050415,-0.80941641330719,-0.335087567567825,9.30978488922119,26.947193145752,43.3314361572266,-0.1590815782547,-0.186685964465141,-0.340272665023804,-0.907775342464447
1327.35961914063,3.89823484420776,-0.801492810249329,-0.339320838451385,11.2270975112915,28.7958393096924,43.6611328125,-0.179973602294922,-0.194483608007431,-0.335877656936646,-0.903864979743958
1327.86120605469,3.89494895935059,-0.791064739227295,-0.342576891183853,11.5489101409912,29.1094055175781,43.7229957580566,-0.18348254263401,-0.195786356925964,-0.335119366645813,-0.903159379959106
1328.36181640625,3.88858532905579,-0.794128954410553,-0.348572015762329,14.6851987838745,25.5604133605957,38.9780349731445,-0.19069167971611,-0.165245532989502,-0.296041280031204,-0.921243786811829
1328.86328125,3.88858532905579,-0.794128954410553,-0.348572015762329,18.0410919189453,20.9048824310303,34.7716674804688,-0.20068122446537,-0.124918006360531,-0.263067215681076,-0.935370624065399
1329.36450195313,3.88853764533997,-0.796001613140106,-0.350535184144974,13.3379526138306,27.0011005401611,42.8890342712402,-0.189879968762398,-0.174537852406502,-0.327857375144958,-0.908840835094452
1329.86584472656,3.88926577568054,-0.78811913728714,-0.358985215425491,15.6516790390015,29.2425670623779,43.4501991271973,-0.214961722493172,-0.183546125888824,-0.322900772094727,-0.903237164020538
1330.36694335938,3.88746690750122,-0.772194981575012,-0.368334472179413,19.7484798431396,30.0889339447021,44.1851119995117,-0.249627649784088,-0.174661681056023,-0.316588163375854,-0.89830470085144
1330.86828613281,3.87727570533752,-0.77293187379837,-0.373695373535156,24.7406196594238,23.3534736633301,34.054012298584,-0.258488059043884,-0.127592578530312,-0.23864758014679,-0.927335619926453
1331.36987304688,3.87585377693176,-0.773777723312378,-0.373507082462311,35.8732566833496,32.8463134765625,38.8753242492676,-0.368077367544174,-0.155353203415871,-0.221581518650055,-0.889542639255524
1331.87084960938,3.88617086410522,-0.767633557319641,-0.374875545501709,15.2058620452881,16.7978534698486,31.8047618865967,-0.165548726916313,-0.103376418352127,-0.250091820955276,-0.948346495628357
1332.37170410156,3.89110398292542,-0.765096604824066,-0.375269770622253,12.528356552124,15.1013832092285,31.3979625701904,-0.139475002884865,-0.0964780896902084,-0.252832621335983,-0.95253050327301
1332.87316894531,3.894779920578,-0.766586720943451,-0.374464273452759,11.5556631088257,14.4958896636963,31.2716903686523,-0.130002379417419,-0.0939610153436661,-0.253779381513596,-0.953869342803955
1333.37451171875,3.88890171051025,-0.768920481204987,-0.374630898237228,10.1723299026489,18.3196353912354,37.9246063232422,-0.134297713637352,-0.121516957879066,-0.306192368268967,-0.9345822930336
1333.87561035156,3.87381196022034,-0.772171676158905,-0.377179265022278,11.5260753631592,15.8270959854126,20.0756359100342,-0.121811650693417,-0.117550686001778,-0.158152416348457,-0.972795784473419
1334.37658691406,3.87381196022034,-0.772171676158905,-0.377179801464081,12.6133890151978,7.81775712966919,354.647186279297,-0.106311425566673,-0.0728009641170502,0.0537848435342312,-0.990204572677612
1334.87731933594,3.87380766868591,-0.772171676158905,-0.377179533243179,12.8929967880249,16.8144702911377,4.30785417556763,-0.116450741887093,-0.141006410121918,-0.0205413345247507,-0.982921361923218
1335.37902832031,3.87380766868591,-0.772171676158905,-0.377179533243179,11.0578889846802,24.9282646179199,29.4005908966064,-0.145512714982033,-0.183918863534927,-0.226515218615532,-0.94535219669342
1335.88049316406,3.87167048454285,-0.780438840389252,-0.374948173761368,13.3911333084106,20.095100402832,20.0832443237305,-0.143259972333908,-0.150603219866753,-0.150488406419754,-0.966513633728027
1336.3818359375,3.87167048454285,-0.780438840389252,-0.374948173761368,14.0676736831665,18.3710308074951,16.710205078125,-0.142623320221901,-0.139183178544044,-0.123024582862854,-0.97218906879425
1336.88256835938,3.86676359176636,-0.791645050048828,-0.368883669376373,11.5270404815674,24.3887500762939,41.6017227172852,-0.166391730308533,-0.161605194211006,-0.325524032115936,-0.916641533374786
1337.38354492188,3.85949397087097,-0.809439182281494,-0.369340181350708,11.3866319656372,24.5863513946533,45.4257164001465,-0.171215683221817,-0.158008456230164,-0.355915039777756,-0.905009984970093
1337.88525390625,3.8594982624054,-0.809439182281494,-0.369340181350708,11.1740837097168,24.8599891662598,31.5292358398438,-0.149701192975044,-0.180335476994514,-0.243889480829239,-0.941056132316589
1338.38610839844,3.8594982624054,-0.809439182281494,-0.369340181350708,11.8223752975464,23.903657913208,41.0154113769531,-0.166533425450325,-0.157636061310768,-0.320940613746643,-0.918920397758484
1338.88781738281,3.8731791973114,-0.79729175567627,-0.372573465108871,12.5233125686646,24.3642539978027,42.0486831665039,-0.174770429730415,-0.157547801733017,-0.327110111713409,-0.915222883224487
1339.38854980469,3.88229537010193,-0.785479187965393,-0.365817815065384,12.9181108474731,24.7297496795654,42.1292533874512,-0.179017409682274,-0.159064114093781,-0.326375871896744,-0.914401590824127
1339.88928222656,3.88017988204956,-0.784616053104401,-0.359661996364594,12.7900629043579,25.817777633667,42.0641250610352,-0.181012600660324,-0.168256878852844,-0.324417918920517,-0.913059234619141
1340.39050292969,3.88017988204956,-0.784616053104401,-0.359661459922791,12.7900142669678,25.8177242279053,42.0645141601563,-0.181012645363808,-0.168256014585495,-0.324421167373657,-0.913058221340179
1340.90063476563,3.88017559051514,-0.784616053104401,-0.359661459922791,12.7900094985962,25.8178539276123,42.064453125,-0.181012868881226,-0.168257161974907,-0.32442045211792,-0.913058221340179
1341.40441894531,3.88017988204956,-0.784616053104401,-0.359661459922791,12.7899208068848,25.8179416656494,42.064208984375,-0.181012079119682,-0.168258503079414,-0.324418574571609,-0.913058757781982
1341.90576171875,3.88017988204956,-0.784616053104401,-0.359661459922791,12.7899370193481,25.8180103302002,42.0640869140625,-0.181012213230133,-0.168259188532829,-0.324417442083359,-0.913058996200562
1342.4072265625,3.88017988204956,-0.784616053104401,-0.359661459922791,12.7900686264038,25.818021774292,42.0638961791992,-0.181013002991676,-0.168259173631668,-0.324415653944016,-0.913059532642365
1342.91821289063,3.88017988204956,-0.784616053104401,-0.359661459922791,12.7901067733765,25.818042755127,42.0639114379883,-0.181013375520706,-0.168259173631668,-0.324415624141693,-0.913059413433075
1343.4453125,3.88017988204956,-0.784616053104401,-0.359661459922791,12.7900733947754,25.8179473876953,42.0639343261719,-0.181012883782387,-0.168258517980576,-0.324416071176529,-0.913059532642365
1343.94995117188,3.88017988204956,-0.784616053104401,-0.359661459922791,12.790018081665,25.8178195953369,42.0635147094727,-0.181011468172073,-0.168258354067802,-0.324413031339645,-0.913060903549194
1344.45166015625,3.88017988204956,-0.784616053104401,-0.359661459922791,12.7900581359863,25.8178482055664,42.0634155273438,-0.181011721491814,-0.168258592486382,-0.324412107467651,-0.913061141967773
1344.95446777344,3.88017988204956,-0.784616053104401,-0.359661191701889,12.7899808883667,25.8179397583008,42.0636596679688,-0.181011736392975,-0.16825920343399,-0.324414074420929,-0.913060307502747
1345.45617675781,3.88017559051514,-0.784616053104401,-0.359661191701889,12.7900047302246,25.8181800842285,42.0636711120605,-0.181012630462646,-0.168261021375656,-0.32441371679306,-0.913059949874878
1345.95751953125,3.88017559051514,-0.784616053104401,-0.359661191701889,12.7898302078247,25.8183097839355,42.0635604858398,-0.181011453270912,-0.168262764811516,-0.324413001537323,-0.913060069084167
1346.45959472656,3.88017559051514,-0.784616053104401,-0.359661191701889,12.7897834777832,25.8180809020996,42.0632438659668,-0.181009992957115,-0.168261602520943,-0.324410974979401,-0.913061320781708
1346.96069335938,3.88017559051514,-0.784616053104401,-0.359661191701889,12.7899627685547,25.8181819915771,42.0631103515625,-0.181011483073235,-0.168262049555779,-0.324409335851669,-0.913061559200287
1347.46215820313,3.88017559051514,-0.784616053104401,-0.359661191701889,12.7900485992432,25.8184757232666,42.0631675720215,-0.181013062596321,-0.168264016509056,-0.324409157037735,-0.913060903549194
1347.96337890625,3.88017559051514,-0.784616053104401,-0.359661191701889,12.790093421936,25.8185977935791,42.063159942627,-0.181013748049736,-0.168264836072922,-0.324408829212189,-0.91306072473526
1348.46520996094,3.88017559051514,-0.784616053104401,-0.359661191701889,12.790093421936,25.8185977935791,42.063159942627,-0.181013748049736,-0.168264836072922,-0.324408829212189,-0.91306072473526
1348.96643066406,3.88017988204956,-0.784616053104401,-0.359661459922791,12.790093421936,25.8185977935791,42.063159942627,-0.181013748049736,-0.168264836072922,-0.324408829212189,-0.91306072473526
1349.46765136719,3.88017559051514,-0.784616053104401,-0.359661191701889,12.790093421936,25.8185977935791,42.063159942627,-0.181013748049736,-0.168264836072922,-0.324408829212189,-0.91306072473526
1350.04089355469,3.88017559051514,-0.784616053104401,-0.359661191701889,12.790093421936,25.8185977935791,42.063159942627,-0.181013748049736,-0.168264836072922,-0.324408829212189,-0.91306072473526
1350.54150390625,3.88017559051514,-0.784616053104401,-0.359661191701889,12.790093421936,25.8185977935791,42.063159942627,-0.181013748049736,-0.168264836072922,-0.324408829212189,-0.91306072473526
1351.04272460938,3.88017559051514,-0.784616053104401,-0.359661191701889,12.790093421936,25.8185977935791,42.063159942627,-0.181013748049736,-0.168264836072922,-0.324408829212189,-0.91306072473526
1351.5439453125,3.88017129898071,-0.784616053104401,-0.359661191701889,12.790093421936,25.8185977935791,42.063159942627,-0.181013748049736,-0.168264836072922,-0.324408829212189,-0.91306072473526
1352.06188964844,3.88017559051514,-0.784616053104401,-0.359660923480988,12.790093421936,25.8185977935791,42.063159942627,-0.181013748049736,-0.168264836072922,-0.324408829212189,-0.91306072473526
1352.58618164063,3.88017559051514,-0.784616053104401,-0.359661191701889,12.7900915145874,25.8185901641846,42.063159942627,-0.181013703346252,-0.168264776468277,-0.324408829212189,-0.91306072473526
1353.09008789063,3.88017129898071,-0.784616053104401,-0.359661191701889,12.7901363372803,25.8185653686523,42.0633201599121,-0.181014224886894,-0.168264210224152,-0.324410080909729,-0.913060367107391
1353.59191894531,3.88017988204956,-0.784616053104401,-0.359661459922791,12.7901363372803,25.8185653686523,42.0633201599121,-0.181014224886894,-0.168264210224152,-0.324410080909729,-0.913060367107391
1354.09350585938,3.88017559051514,-0.784616053104401,-0.359661191701889,17.1943225860596,18.6936779022217,26.2916259765625,-0.180158287286758,-0.122831098735332,-0.198247030377388,-0.955590724945068
1354.59460449219,3.88017559051514,-0.784616053104401,-0.359661191701889,21.1542491912842,4.60393667221069,3.33882594108582,-0.184483170509338,-0.0341236479580402,-0.0212448053061962,-0.982013404369354
1355.095703125,3.88017559051514,-0.784616053104401,-0.359661191701889,21.2326278686523,9.42259311676025,355.334075927734,-0.180170327425003,-0.0881362855434418,0.0549940280616283,-0.978134095668793
1355.59704589844,3.88017559051514,-0.784616053104401,-0.359661191701889,22.916036605835,26.6539783477783,3.81286573410034,-0.200708895921707,-0.219358578324318,0.0140386968851089,-0.954673111438751
1356.09777832031,3.88017559051514,-0.784616053104401,-0.359661459922791,24.1666431427002,7.5448522567749,354.060546875,-0.205266684293747,-0.0750713497400284,0.0643051639199257,-0.973701596260071
1356.59924316406,3.88017559051514,-0.784616053104401,-0.359661191701889,20.0707321166992,348.467681884766,339.256164550781,-0.188352689146996,0.0661012977361679,0.159164279699326,-0.966861307621002
1357.10070800781,3.88017559051514,-0.784616053104401,-0.359661191701889,20.0824947357178,348.545288085938,350.432098388672,-0.181077599525452,0.0834552645683289,0.0643719062209129,-0.977804899215698
1357.60229492188,3.88017559051514,-0.784616053104401,-0.359661191701889,20.1497535705566,345.224426269531,4.08799743652344,-0.16885694861412,0.1327084004879,-0.0573049895465374,-0.974983096122742
1358.10388183594,3.88017559051514,-0.784616053104401,-0.359661191701889,19.2672920227051,5.12777042388916,5.9405403137207,-0.169240891933441,-0.0353803187608719,-0.043559942394495,-0.983975768089294
1358.60412597656,3.88017559051514,-0.784616053104401,-0.359661191701889,14.0092573165894,28.9040470123291,20.900203704834,-0.161060720682144,-0.222178727388382,-0.144398808479309,-0.950707733631134
1359.10510253906,3.88017129898071,-0.784616053104401,-0.359661191701889,13.3845682144165,30.299337387085,34.1051254272461,-0.183657437562943,-0.215162724256516,-0.252011835575104,-0.925453960895538
1359.60668945313,3.88017559051514,-0.784616053104401,-0.359661191701889,13.5456523895264,30.0893783569336,39.6368293762207,-0.194536507129669,-0.203880712389946,-0.296335339546204,-0.912564337253571
1360.10766601563,3.88017559051514,-0.784616053104401,-0.359661191701889,13.5456857681274,30.0893802642822,39.6368293762207,-0.194536790251732,-0.20388063788414,-0.296335190534592,-0.912564277648926
1360.60888671875,3.88017559051514,-0.784616053104401,-0.359661191701889,13.5457735061646,30.0894432067871,39.6366081237793,-0.194537237286568,-0.203881233930588,-0.296333163976669,-0.912564754486084
1361.1103515625,3.88017129898071,-0.784616053104401,-0.359660655260086,12.94273853302,30.9712600708008,26.7620258331299,-0.167062684893608,-0.232957080006599,-0.19232776761055,-0.938526093959808
1361.6103515625,3.88017129898071,-0.784616053104401,-0.359660655260086,12.9507961273193,30.954517364502,25.3790760040283,-0.164277926087379,-0.234801948070526,-0.180991545319557,-0.940809726715088
1362.11218261719,3.88016700744629,-0.784616053104401,-0.359660655260086,12.950831413269,30.9545707702637,25.379035949707,-0.164278209209442,-0.23480236530304,-0.180991068482399,-0.940809667110443
1362.61401367188,3.88017129898071,-0.784616053104401,-0.359660655260086,12.9508485794067,30.9545783996582,25.3790493011475,-0.164278388023376,-0.234802395105362,-0.180991113185883,-0.940809667110443
1363.11499023438,3.88017129898071,-0.784616053104401,-0.359660655260086,12.9508485794067,30.9545783996582,25.3790493011475,-0.164278388023376,-0.234802395105362,-0.180991113185883,-0.940809667110443
1363.61584472656,3.88017129898071,-0.784616053104401,-0.359660655260086,12.9508485794067,30.9545783996582,25.3790493011475,-0.164278388023376,-0.234802395105362,-0.180991113185883,-0.940809667110443
1364.11730957031,3.88017129898071,-0.784616053104401,-0.359660655260086,12.9508485794067,30.9545783996582,25.3790493011475,-0.164278388023376,-0.234802395105362,-0.180991113185883,-0.940809667110443
1364.61877441406,3.88017129898071,-0.784616053104401,-0.359660655260086,12.9508485794067,30.9545783996582,25.3790493011475,-0.164278388023376,-0.234802395105362,-0.180991113185883,-0.940809667110443
1365.11962890625,3.88017129898071,-0.784616053104401,-0.359660655260086,12.9508485794067,30.9545783996582,25.3790493011475,-0.164278388023376,-0.234802395105362,-0.180991113185883,-0.940809667110443
1365.62060546875,3.88017129898071,-0.784616053104401,-0.359660655260086,12.9508485794067,30.9545783996582,25.3790493011475,-0.164278388023376,-0.234802395105362,-0.180991113185883,-0.940809667110443
1366.1220703125,3.88017129898071,-0.784616053104401,-0.359660655260086,12.9312601089478,30.9969348907471,25.0969467163086,-0.163607239723206,-0.23559458553791,-0.178662285208702,-0.941173613071442
1366.62316894531,3.88017129898071,-0.784616053104401,-0.359660387039185,12.3407402038574,32.334400177002,20.5292892456055,-0.150911703705788,-0.254001766443253,-0.140707194805145,-0.944939315319061
1367.12548828125,3.88017129898071,-0.784616053104401,-0.359660655260086,11.2255868911743,36.0286254882813,10.4026069641113,-0.120528787374496,-0.298072665929794,-0.0556757859885693,-0.945264935493469
1367.62561035156,3.88017129898071,-0.784616053104401,-0.359660655260086,11.5098733901978,30.7871932983398,0.579738914966583,-0.0980114042758942,-0.263618022203445,0.0217640977352858,-0.959388196468353
1368.12670898438,3.88017129898071,-0.784616053104401,-0.35965958237648,11.0427646636963,36.0427207946777,18.9902954101563,-0.141041770577431,-0.288623631000519,-0.126784265041351,-0.938471853733063
1368.62780761719,3.88017129898071,-0.784616053104401,-0.35965958237648,11.0549011230469,36.0066299438477,23.0253467559814,-0.151162683963776,-0.283162176609039,-0.15975846350193,-0.93351286649704
1369.12915039063,3.88017129898071,-0.784616053104401,-0.35965958237648,11.0548372268677,36.0067443847656,23.0253524780273,-0.151162341237068,-0.283163219690323,-0.159758552908897,-0.933512628078461
1369.63037109375,3.88017129898071,-0.784616053104401,-0.359658747911453,11.0549211502075,36.0067443847656,23.0254020690918,-0.151163130998611,-0.283163011074066,-0.159758731722832,-0.933512568473816
1370.13098144531,3.88017129898071,-0.784616589546204,-0.359658747911453,10.1584577560425,38.2805938720703,20.0785675048828,-0.139291420578957,-0.307014018297195,-0.135455802083015,-0.931660950183868
1370.63232421875,3.88016700744629,-0.784616589546204,-0.359658747911453,10.4335279464722,37.5513000488281,21.7361240386963,-0.14497683942318,-0.298549830913544,-0.149035051465034,-0.931471049785614
1371.13305664063,3.88017129898071,-0.784616589546204,-0.359658747911453,10.4335432052612,37.5511283874512,21.7361221313477,-0.144976735115051,-0.298548400402069,-0.149035230278969,-0.931471526622772
1371.63452148438,3.88017129898071,-0.784616589546204,-0.359658747911453,11.0052127838135,36.0738906860352,21.0876483917236,-0.146036505699158,-0.286314845085144,-0.144003763794899,-0.935927391052246
1372.13635253906,3.90287733078003,-0.774523317813873,-0.373772859573364,12.5582361221313,36.6877288818359,21.2130699157715,-0.159621343016624,-0.28837788105011,-0.139828771352768,-0.933706164360046
1372.63720703125,3.91830086708069,-0.774207949638367,-0.378233194351196,11.6146545410156,36.3139877319336,21.1348838806152,-0.151370450854301,-0.287132084369659,-0.142370402812958,-0.935079097747803
1373.13818359375,3.925297498703,-0.779863893985748,-0.387558072805405,12.0114765167236,36.4708557128906,21.1670169830322,-0.154841482639313,-0.287658870220184,-0.141303434967995,-0.93451052904129
1373.63989257813,3.92095828056335,-0.787584364414215,-0.383797287940979,11.9275798797607,36.6825332641602,24.7714214324951,-0.163456499576569,-0.284535318613052,-0.170559570193291,-0.929102301597595
1374.14074707031,3.9209451675415,-0.787588655948639,-0.383794844150543,11.9474802017212,36.6388740539551,25.0986595153809,-0.164361193776131,-0.283672422170639,-0.173217967152596,-0.928714692592621
1374.64172363281,3.92070245742798,-0.788572669029236,-0.382056027650833,11.9475297927856,36.638843536377,25.0989398956299,-0.164362236857414,-0.283671647310257,-0.173220127820969,-0.928714275360107
1375.15600585938,3.9206850528717,-0.788836598396301,-0.382010757923126,11.9475650787354,36.6388626098633,25.0991268157959,-0.164363011717796,-0.283671498298645,-0.173221543431282,-0.928713977336884
1375.65966796875,3.9206850528717,-0.788836598396301,-0.382010757923126,11.9475917816162,36.6389808654785,25.099157333374,-0.164363473653793,-0.283672332763672,-0.173221543431282,-0.92871367931366
1376.16052246094,3.9206850528717,-0.788836598396301,-0.382010757923126,11.9475603103638,36.6390190124512,25.0991497039795,-0.164363265037537,-0.283672720193863,-0.173221498727798,-0.92871356010437
1376.66198730469,3.9206850528717,-0.78883820772171,-0.382010221481323,11.9477224349976,36.6388168334961,25.099063873291,-0.164364039897919,-0.283670872449875,-0.173220634460449,-0.928714156150818
1377.16296386719,3.9206850528717,-0.78883820772171,-0.382010221481323,11.9476699829102,36.6390075683594,25.098970413208,-0.16436368227005,-0.283672660589218,-0.173219755291939,-0.928713858127594
1377.67834472656,3.92068934440613,-0.78883820772171,-0.382010221481323,11.947491645813,36.6391105651855,25.0991096496582,-0.164362758398056,-0.283673673868179,-0.173221230506897,-0.928713440895081
1378.20385742188,3.9206850528717,-0.78883820772171,-0.382010221481323,11.9474506378174,36.6391639709473,25.0993843078613,-0.164363205432892,-0.283673793077469,-0.17322351038456,-0.928712844848633
1378.7060546875,3.9206850528717,-0.78883820772171,-0.382010221481323,11.9474382400513,36.6390151977539,25.0994510650635,-0.164363026618958,-0.283672541379929,-0.173224300146103,-0.928713142871857
1379.20788574219,3.9206850528717,-0.78883820772171,-0.382010221481323,11.9474067687988,36.6389007568359,25.0994815826416,-0.16436268389225,-0.283671587705612,-0.173224806785583,-0.928713381290436
1379.71069335938,3.9206850528717,-0.788842022418976,-0.382010489702225,11.9473686218262,36.6391067504883,25.0995559692383,-0.164362877607346,-0.283673256635666,-0.173225209116936,-0.928712785243988
1380.21276855469,3.9206850528717,-0.788842022418976,-0.382010221481323,11.9473733901978,36.6390609741211,25.0996360778809,-0.164363041520119,-0.283672720193863,-0.173225909471512,-0.928712725639343
1380.71362304688,3.9206850528717,-0.788842022418976,-0.382010221481323,11.9473867416382,36.6389007568359,25.0996227264404,-0.164362877607346,-0.283671498298645,-0.173225998878479,-0.928713202476501
1381.21508789063,3.9206850528717,-0.788842022418976,-0.382010221481323,11.9473943710327,36.6385917663574,25.0995502471924,-0.164362296462059,-0.283669054508209,-0.173225834965706,-0.928714036941528
1381.716796875,3.9206850528717,-0.788842022418976,-0.382010221481323,11.9473571777344,36.6384658813477,25.0994663238525,-0.164361581206322,-0.28366819024086,-0.173225447535515,-0.928714513778687
1382.21862792969,3.9206850528717,-0.788842022418976,-0.382010221481323,11.9472417831421,36.6386032104492,25.0995464324951,-0.164361074566841,-0.2836694419384,-0.173226222395897,-0.928714036941528
1382.71960449219,3.92068076133728,-0.788842558860779,-0.382009953260422,11.9472208023071,36.6387519836426,25.0997276306152,-0.164361581206322,-0.283670425415039,-0.173227533698082,-0.928713440895081
1383.22082519531,3.9206850528717,-0.788842022418976,-0.382010221481323,11.9472579956055,36.6389350891113,25.0997257232666,-0.164362147450447,-0.283671855926514,-0.173227146267891,-0.928712964057922
1383.72216796875,3.9206850528717,-0.788842022418976,-0.382010221481323,11.9472970962524,36.6386642456055,25.0996189117432,-0.164361789822578,-0.283669739961624,-0.173226565122604,-0.928713798522949
1384.2236328125,3.9206850528717,-0.788841485977173,-0.382010221481323,11.9473934173584,36.6387023925781,25.0995559692383,-0.164362445473671,-0.283669918775558,-0.173225715756416,-0.928713798522949
1384.72448730469,3.9206850528717,-0.788842022418976,-0.382010221481323,11.9475049972534,36.6385879516602,25.0995845794678,-0.164363250136375,-0.283668726682663,-0.173225805163383,-0.928713977336884
1385.22583007813,3.9206850528717,-0.788842022418976,-0.382010221481323,11.9474697113037,36.6387977600098,25.0996227264404,-0.164363384246826,-0.283670425415039,-0.173225909471512,-0.928713381290436
1385.72692871094,3.9206850528717,-0.788842022418976,-0.382010221481323,11.9472599029541,36.6393165588379,25.0999202728271,-0.164363220334053,-0.283674657344818,-0.173228174448013,-0.928711712360382
1386.22802734375,3.9206850528717,-0.788842022418976,-0.382009953260422,11.947211265564,36.6391143798828,25.1000385284424,-0.164362818002701,-0.28367292881012,-0.173229560256004,-0.928712069988251
1386.72924804688,3.9206850528717,-0.788842022418976,-0.382010221481323,11.947244644165,36.639087677002,25.0999622344971,-0.164362862706184,-0.283672779798508,-0.173228859901428,-0.92871218919754
1387.23034667969,3.9206850528717,-0.788842022418976,-0.382010221481323,11.947244644165,36.639087677002,25.0999622344971,-0.164362862706184,-0.283672779798508,-0.173228859901428,-0.92871218919754
1387.73168945313,3.9206850528717,-0.788842022418976,-0.382010221481323,11.947244644165,36.639087677002,25.0999622344971,-0.164362862706184,-0.283672779798508,-0.173228859901428,-0.92871218919754
1388.23315429688,3.9206850528717,-0.788842022418976,-0.382010221481323,11.947244644165,36.639087677002,25.0999622344971,-0.164362862706184,-0.283672779798508,-0.173228859901428,-0.92871218919754
1388.73400878906,3.9206850528717,-0.788842022418976,-0.382010221481323,11.947244644165,36.639087677002,25.0999622344971,-0.164362862706184,-0.283672779798508,-0.173228859901428,-0.92871218919754
1389.23522949219,3.9206850528717,-0.788842022418976,-0.382009953260422,11.947244644165,36.639087677002,25.0999622344971,-0.164362862706184,-0.283672779798508,-0.173228859901428,-0.92871218919754
1389.73608398438,3.9206850528717,-0.788842022418976,-0.382010221481323,11.947244644165,36.639087677002,25.0999622344971,-0.164362862706184,-0.283672779798508,-0.173228859901428,-0.92871218919754
1390.23718261719,3.9206850528717,-0.788842022418976,-0.382010221481323,11.947244644165,36.639087677002,25.0999622344971,-0.164362862706184,-0.283672779798508,-0.173228859901428,-0.92871218919754
1390.73852539063,3.9206850528717,-0.788842022418976,-0.382010221481323,11.947244644165,36.639087677002,25.0999622344971,-0.164362862706184,-0.283672779798508,-0.173228859901428,-0.92871218919754
1391.240234375,3.9206850528717,-0.788842022418976,-0.382010489702225,11.947244644165,36.639087677002,25.0999622344971,-0.164362862706184,-0.283672779798508,-0.173228859901428,-0.92871218919754
1391.78552246094,3.9206850528717,-0.788842022418976,-0.382010221481323,11.947244644165,36.639087677002,25.0999622344971,-0.164362862706184,-0.283672779798508,-0.173228859901428,-0.92871218919754
1392.28601074219,3.9206850528717,-0.788842022418976,-0.382010221481323,11.947244644165,36.639087677002,25.0999622344971,-0.164362862706184,-0.283672779798508,-0.173228859901428,-0.92871218919754
1392.78686523438,3.9206850528717,-0.788842022418976,-0.382009953260422,11.947244644165,36.639087677002,25.0999622344971,-0.164362862706184,-0.283672779798508,-0.173228859901428,-0.92871218919754
1393.28833007813,3.92068934440613,-0.788841485977173,-0.382010489702225,11.947244644165,36.639087677002,25.0999622344971,-0.164362862706184,-0.283672779798508,-0.173228859901428,-0.92871218919754
1393.80615234375,3.9206850528717,-0.788842022418976,-0.382010221481323,11.947244644165,36.639087677002,25.0999622344971,-0.164362862706184,-0.283672779798508,-0.173228859901428,-0.92871218919754
1394.3359375,3.9206850528717,-0.788841485977173,-0.382010489702225,11.947244644165,36.639087677002,25.0999622344971,-0.164362862706184,-0.283672779798508,-0.173228859901428,-0.92871218919754
1394.8623046875,3.9206850528717,-0.788842022418976,-0.382010221481323,11.9472513198853,36.6392631530762,25.0999660491943,-0.164363175630569,-0.283674150705338,-0.17322863638401,-0.928711771965027
1395.36376953125,3.92068076133728,-0.788842022418976,-0.382010221481323,12.8769054412842,34.9775238037109,35.0607376098633,-0.191934034228325,-0.252539217472076,-0.253342270851135,-0.913894474506378
1395.865234375,3.9206850528717,-0.788842022418976,-0.382010221481323,14.8362913131714,32.3941993713379,41.6050720214844,-0.214139237999916,-0.21454268693924,-0.304530829191208,-0.902982175350189
1396.36730957031,3.9206850528717,-0.788842022418976,-0.382009953260422,12.5142040252686,35.6699485778809,17.9927501678467,-0.15008370578289,-0.284482657909393,-0.114999935030937,-0.939850807189941
1396.86791992188,3.9206850528717,-0.788841485977173,-0.382009416818619,11.890965461731,40.3714065551758,5.58808326721191,-0.113834418356419,-0.338060796260834,-0.00980581250041723,-0.934162974357605
1397.36926269531,3.9206850528717,-0.788842022418976,-0.382009148597717,11.8454561233521,39.9207496643066,355.824798583984,-0.0845552831888199,-0.342855632305145,0.0692581385374069,-0.933007955551147
1397.87060546875,3.9206850528717,-0.788842022418976,-0.382009148597717,9.46550369262695,29.5520458221436,333.242767333984,-0.0188031867146492,-0.26573371887207,0.243442073464394,-0.932613551616669
1398.37243652344,3.9206850528717,-0.788842558860779,-0.382009148597717,9.51618194580078,29.4049034118652,330.629180908203,-0.0134925441816449,-0.265002220869064,0.264730513095856,-0.927097380161285
1398.87353515625,3.9206850528717,-0.788842022418976,-0.382009148597717,10.4527702331543,31.0400848388672,355.531402587891,-0.0773146376013756,-0.269682228565216,0.0617636069655418,-0.957851350307465
1399.37451171875,3.9206850528717,-0.788842022418976,-0.382009148597717,10.4571533203125,31.1068744659424,359.37060546875,-0.0863242298364639,-0.267499476671219,0.0297042075544596,-0.959223568439484
1399.87561035156,3.9206850528717,-0.788842022418976,-0.382009148597717,10.4043636322021,32.9366264343262,8.89718341827393,-0.108586765825748,-0.274722516536713,-0.0484499409794807,-0.954143106937408
1400.37670898438,3.9206850528717,-0.788842022418976,-0.382009148597717,9.53348636627197,37.3996086120605,16.8574390411377,-0.124694623053074,-0.304512321949005,-0.11200625449419,-0.937645018100739
1400.87829589844,3.92066788673401,-0.788842022418976,-0.382009148597717,9.06189632415771,40.0950889587402,5.18403482437134,-0.0895893201231956,-0.338022738695145,-0.0152982193976641,-0.936739265918732
1401.3798828125,3.92066788673401,-0.788842022418976,-0.382009148597717,9.06190395355225,40.0954399108887,5.18408441543579,-0.0895895734429359,-0.338025569915771,-0.0152983237057924,-0.936738193035126
1401.88098144531,3.92066788673401,-0.788842022418976,-0.382009148597717,9.06190872192383,40.0954399108887,5.18407106399536,-0.0895895734429359,-0.338025599718094,-0.0152981989085674,-0.936738193035126
1402.38159179688,3.92066788673401,-0.788842022418976,-0.382009148597717,9.06190872192383,40.0954399108887,5.18407106399536,-0.0895895734429359,-0.338025599718094,-0.0152981989085674,-0.936738193035126
1402.88330078125,3.92066788673401,-0.788842022418976,-0.382009148597717,9.06190872192383,40.0954399108887,5.18407106399536,-0.0895895734429359,-0.338025599718094,-0.0152981989085674,-0.936738193035126
1403.384765625,3.92066788673401,-0.788842022418976,-0.382009148597717,9.06190872192383,40.0954399108887,5.18407106399536,-0.0895895734429359,-0.338025599718094,-0.0152981989085674,-0.936738193035126
1403.88598632813,3.92066788673401,-0.788842022418976,-0.382008880376816,9.06190872192383,40.0954399108887,5.18407106399536,-0.0895895734429359,-0.338025599718094,-0.0152981989085674,-0.936738193035126
1404.38598632813,3.92067217826843,-0.788842022418976,-0.382009148597717,9.06190872192383,40.0954399108887,5.18407106399536,-0.0895895734429359,-0.338025599718094,-0.0152981989085674,-0.936738193035126
1404.88793945313,3.92066788673401,-0.788842022418976,-0.382009148597717,9.06190872192383,40.0954399108887,5.18407106399536,-0.0895895734429359,-0.338025599718094,-0.0152981989085674,-0.936738193035126
1405.388671875,3.92066788673401,-0.788842022418976,-0.382008880376816,9.06190872192383,40.0954399108887,5.18407106399536,-0.0895895734429359,-0.338025599718094,-0.0152981989085674,-0.936738193035126
1405.89038085938,3.92066788673401,-0.788842558860779,-0.382009416818619,9.23021602630615,38.8305168151855,11.2152948379517,-0.10789966583252,-0.322333604097366,-0.0652417615056038,-0.938190937042236
1406.39086914063,3.92066788673401,-0.788842022418976,-0.382009416818619,9.36410617828369,38.2162971496582,14.2403707504272,-0.116974383592606,-0.314183682203293,-0.0902163162827492,-0.937798798084259
1406.89221191406,3.92066788673401,-0.788842022418976,-0.382009416818619,8.93758392333984,41.7011642456055,2.94180536270142,-0.0818982496857643,-0.35286408662796,0.00380838266573846,-0.93207573890686
1407.39318847656,3.92066788673401,-0.788842022418976,-0.382009416818619,9.00499725341797,40.5466461181641,4.40180349349976,-0.0868507549166679,-0.34234681725502,-0.00873228441923857,-0.935510277748108
1407.89428710938,3.92066788673401,-0.788842022418976,-0.382009416818619,9.00496006011963,40.5466728210449,4.40178680419922,-0.0868504047393799,-0.342347025871277,-0.00873224623501301,-0.935510218143463
1408.39575195313,3.92066788673401,-0.788842022418976,-0.382009416818619,9.00495624542236,40.5466156005859,4.40178871154785,-0.0868503749370575,-0.342346578836441,-0.0087323160842061,-0.935510396957397
1408.89672851563,3.92066788673401,-0.788842022418976,-0.382008343935013,9.00502967834473,40.5466842651367,4.4018292427063,-0.086851105093956,-0.342347055673599,-0.00873236637562513,-0.935510098934174
1409.39807128906,3.92066788673401,-0.788842022418976,-0.382008343935013,9.00503921508789,40.5470962524414,4.40189743041992,-0.0868514180183411,-0.342350393533707,-0.00873258151113987,-0.935508906841278
1409.89892578125,3.92066788673401,-0.788842022418976,-0.382008343935013,8.9765567779541,40.8087348937988,7.79728746414185,-0.096807487308979,-0.341783165931702,-0.0363101325929165,-0.934073984622955
1410.40026855469,3.93127965927124,-0.790810585021973,-0.394064724445343,9.70856952667236,40.910530090332,7.81377553939819,-0.102828077971935,-0.342011004686356,-0.0341054014861584,-0.933430075645447
1410.90185546875,3.95728898048401,-0.801990270614624,-0.413615852594376,10.4952917098999,41.0203247070313,7.83302688598633,-0.109294153749943,-0.342239111661911,-0.0317344181239605,-0.932695090770721
1411.40319824219,3.95985078811646,-0.790896713733673,-0.419607222080231,9.97231483459473,40.9475326538086,7.82010650634766,-0.10499656945467,-0.342091381549835,-0.0333109237253666,-0.933187901973724
1411.90478515625,3.97002482414246,-0.792109429836273,-0.42916265130043,10.2887535095215,40.9916954040527,7.82786798477173,-0.107597306370735,-0.342182815074921,-0.0323571972548962,-0.932891607284546
1412.40625,3.97725105285645,-0.791902422904968,-0.434552520513535,11.7538976669312,41.1977806091309,7.86724948883057,-0.119628734886646,-0.342574805021286,-0.0279382038861513,-0.931424200534821
1412.90747070313,3.99153017997742,-0.789400100708008,-0.446343958377838,13.161491394043,41.397647857666,7.91035985946655,-0.131169840693474,-0.342895954847336,-0.0236879419535398,-0.929868698120117
1413.40869140625,3.97339296340942,-0.792581915855408,-0.431353121995926,11.2428569793701,41.1258811950684,7.85290670394897,-0.115434348583221,-0.34244629740715,-0.0294801741838455,-0.931953072547913
1413.90942382813,3.92609930038452,-0.808016300201416,-0.394606322050095,12.3168830871582,41.2776412963867,7.88388586044312,-0.124247036874294,-0.342711001634598,-0.0262388084083796,-0.930818676948547
1414.41064453125,3.90445971488953,-0.812463879585266,-0.374829232692719,12.4020757675171,41.2897911071777,7.88647270202637,-0.124945640563965,-0.342731177806854,-0.0259815156459808,-0.93072497844696
1414.91174316406,3.91291260719299,-0.810242772102356,-0.38162550330162,11.9016675949097,41.2179756164551,14.0095958709717,-0.139010474085808,-0.335644274950027,-0.0773128941655159,-0.928462088108063
1415.41296386719,3.91352820396423,-0.812612354755402,-0.381739556789398,14.2256841659546,34.434871673584,26.3138599395752,-0.182026863098145,-0.259089022874832,-0.180056139826775,-0.931299567222595
1415.91418457031,3.88656091690063,-0.827239871025085,-0.367136716842651,12.9661149978638,33.7960510253906,26.1637001037598,-0.170600816607475,-0.256862372159958,-0.183217659592628,-0.933460474014282
1416.4150390625,3.81588053703308,-0.865162491798401,-0.330331116914749,11.9942770004272,33.3081970214844,26.0582180023193,-0.161776915192604,-0.255120545625687,-0.185635015368462,-0.935030162334442
1416.91662597656,3.82524394989014,-0.861678302288055,-0.335765689611435,11.973596572876,35.2342300415039,10.1966905593872,-0.125763282179832,-0.290979146957397,-0.0527940317988396,-0.946956992149353
1417.41809082031,3.84390997886658,-0.856631994247437,-0.348528146743774,11.4433746337891,38.0092468261719,14.4104442596436,-0.134157836437225,-0.309640675783157,-0.0857870951294899,-0.937424659729004
1417.91918945313,3.91257452964783,-0.835524380207062,-0.396772414445877,11.120922088623,37.9249000549316,14.3939371109009,-0.131433933973312,-0.309390842914581,-0.0866863057017326,-0.937810242176056
1418.419921875,3.92848348617554,-0.839198172092438,-0.403661072254181,11.9538869857788,38.1435394287109,14.4376792907715,-0.138468876481056,-0.310033619403839,-0.0843619778752327,-0.936797082424164
1418.9208984375,3.93503785133362,-0.839897155761719,-0.404445946216583,13.9633874893188,38.6767272949219,14.5572881698608,-0.155413374304771,-0.311511009931564,-0.0787330642342567,-0.934135317802429
1419.42224121094,3.93437027931213,-0.841112554073334,-0.403802216053009,13.5885171890259,40.1326217651367,15.3403797149658,-0.15560182929039,-0.322817981243134,-0.0842600092291832,-0.92977249622345
1419.92395019531,3.93348169326782,-0.841621935367584,-0.399283647537231,13.1397819519043,41.8475227355957,13.8267469406128,-0.148797526955605,-0.339336842298508,-0.071129247546196,-0.926094233989716
1420.42419433594,3.93322587013245,-0.842400550842285,-0.398860186338425,13.109278678894,41.9745407104492,14.0665950775146,-0.149344637989998,-0.340091854333878,-0.0729991793632507,-0.92558354139328
1420.92553710938,3.93264508247375,-0.843528151512146,-0.397239476442337,12.9428701400757,42.6521949768066,15.4445333480835,-0.152594283223152,-0.343973487615585,-0.0837553888559341,-0.922703802585602
1421.42639160156,3.93048620223999,-0.846447706222534,-0.396161735057831,12.9428081512451,42.6521987915039,15.4445743560791,-0.152593910694122,-0.34397354722023,-0.0837559178471565,-0.922703802585602
1421.94384765625,3.93048620223999,-0.84644877910614,-0.396161198616028,12.9427556991577,42.652286529541,15.4446029663086,-0.152593642473221,-0.34397429227829,-0.0837562084197998,-0.922703564167023
1422.44482421875,3.93048191070557,-0.84644877910614,-0.396161198616028,12.9428205490112,42.6523056030273,15.4446544647217,-0.152594342827797,-0.343974262475967,-0.0837563797831535,-0.922703385353088
1422.94641113281,3.93048620223999,-0.84644877910614,-0.396161198616028,12.9428367614746,42.6523094177246,15.4446649551392,-0.15259450674057,-0.34397429227829,-0.0837563946843147,-0.922703385353088
1423.44775390625,3.93048620223999,-0.8464515209198,-0.396159559488297,12.9428911209106,42.6522903442383,15.4446496963501,-0.1525948792696,-0.343974053859711,-0.0837561190128326,-0.922703385353088
1423.95239257813,3.93048620223999,-0.846450984477997,-0.396157920360565,12.9427881240845,42.6524467468262,15.4446239471436,-0.152594089508057,-0.343975514173508,-0.0837560594081879,-0.92270302772522
1424.45495605469,3.93048620223999,-0.8464515209198,-0.39615523815155,12.9427881240845,42.6523246765137,15.4445362091064,-0.152593731880188,-0.343974649906158,-0.0837555155158043,-0.922703444957733
1424.96154785156,3.93048620223999,-0.8464515209198,-0.39615523815155,12.9429035186768,42.6523818969727,15.4446115493774,-0.152594923973083,-0.34397479891777,-0.0837556570768356,-0.922703146934509
1425.46350097656,3.93048620223999,-0.8464515209198,-0.39615523815155,12.9429349899292,42.652458190918,15.4446392059326,-0.152595311403275,-0.343975365161896,-0.083755686879158,-0.92270290851593
1425.96618652344,3.93049073219299,-0.8464515209198,-0.39615523815155,12.9429197311401,42.6525268554688,15.44469165802,-0.152595415711403,-0.343975871801376,-0.0837560668587685,-0.922702670097351
1426.46813964844,3.93049073219299,-0.8464515209198,-0.396153330802917,12.9429111480713,42.6521873474121,15.444543838501,-0.152594640851021,-0.343973338603973,-0.0837553441524506,-0.922703802585602
1426.96984863281,3.93048620223999,-0.8464515209198,-0.396153062582016,12.9428596496582,42.6524810791016,15.4446439743042,-0.152594745159149,-0.34397566318512,-0.0837559476494789,-0.92270290851593
1427.47106933594,3.93048620223999,-0.8464515209198,-0.396153062582016,12.9427909851074,42.6526908874512,15.4447536468506,-0.152594685554504,-0.343977272510529,-0.0837567672133446,-0.922702193260193
1427.97277832031,3.93048620223999,-0.846452057361603,-0.396153062582016,12.9428272247314,42.6530685424805,15.4447431564331,-0.152595207095146,-0.343980252742767,-0.0837560668587685,-0.922701060771942
1428.47375488281,3.93048620223999,-0.8464515209198,-0.396153062582016,12.9428911209106,42.652946472168,15.4447040557861,-0.15259550511837,-0.343979269266129,-0.0837556943297386,-0.922701418399811
1428.97534179688,3.93048620223999,-0.8464515209198,-0.396153062582016,12.9428520202637,42.6531600952148,15.4447154998779,-0.152595400810242,-0.343981027603149,-0.0837556347250938,-0.922700762748718
1429.47680664063,3.93048620223999,-0.846450984477997,-0.396153062582016,12.9428071975708,42.6528854370117,15.4446716308594,-0.152594700455666,-0.343978941440582,-0.0837557837367058,-0.92270165681839
1429.97790527344,3.93048620223999,-0.8464515209198,-0.396153062582016,12.9428520202637,42.6528930664063,15.4447259902954,-0.152595236897469,-0.343978852033615,-0.0837560743093491,-0.9227015376091
1430.47912597656,3.93049073219299,-0.846450984477997,-0.396153062582016,12.9428520202637,42.6528930664063,15.4447259902954,-0.152595236897469,-0.343978852033615,-0.0837560743093491,-0.9227015376091
1431.02368164063,3.93048620223999,-0.8464515209198,-0.396153062582016,12.9428520202637,42.6528930664063,15.4447259902954,-0.152595236897469,-0.343978852033615,-0.0837560743093491,-0.9227015376091
1431.52600097656,3.93048620223999,-0.8464515209198,-0.396153062582016,12.9428520202637,42.6528930664063,15.4447259902954,-0.152595236897469,-0.343978852033615,-0.0837560743093491,-0.9227015376091
1432.02673339844,3.93048191070557,-0.8464515209198,-0.396153062582016,12.9428520202637,42.6528930664063,15.4447259902954,-0.152595236897469,-0.343978852033615,-0.0837560743093491,-0.9227015376091
1432.52807617188,3.93049073219299,-0.8464515209198,-0.396153062582016,12.9428520202637,42.6528930664063,15.4447259902954,-0.152595236897469,-0.343978852033615,-0.0837560743093491,-0.9227015376091
1433.05871582031,3.93048620223999,-0.8464515209198,-0.396153062582016,12.9428520202637,42.6528930664063,15.4447259902954,-0.152595236897469,-0.343978852033615,-0.0837560743093491,-0.9227015376091
1433.5712890625,3.93049073219299,-0.8464515209198,-0.396153062582016,12.9428520202637,42.6528930664063,15.4447259902954,-0.152595236897469,-0.343978852033615,-0.0837560743093491,-0.9227015376091
1434.09887695313,3.93048620223999,-0.846450984477997,-0.396153062582016,12.9428663253784,42.6533126831055,15.4448118209839,-0.152595907449722,-0.343982130289078,-0.083756148815155,-0.92270028591156
1434.60131835938,3.93048620223999,-0.846452057361603,-0.396153062582016,15.6126699447632,36.9911918640137,34.8497924804688,-0.217014834284782,-0.261296451091766,-0.240245416760445,-0.909346401691437
1435.10327148438,3.93048620223999,-0.846450984477997,-0.396153330802917,16.1373615264893,36.3084716796875,49.3742866516113,-0.250028610229492,-0.22459103167057,-0.353207856416702,-0.873091459274292
1435.60607910156,3.93048620223999,-0.846452593803406,-0.396153330802917,14.0664472579956,38.4437866210938,40.2254943847656,-0.220927059650421,-0.267066568136215,-0.284401029348373,-0.893858313560486
1436.10754394531,3.93048620223999,-0.846452593803406,-0.396153330802917,12.5625152587891,40.5324897766113,23.6599559783936,-0.171041086316109,-0.315949499607086,-0.1540697067976,-0.920425653457642
1436.60900878906,3.93048620223999,-0.846452593803406,-0.396153330802917,12.2014455795288,41.5641479492188,12.4765472412109,-0.13711054623127,-0.339918911457062,-0.0635328814387321,-0.9282346367836
1437.1103515625,3.93048191070557,-0.846452593803406,-0.396153330802917,12.3572359085083,40.6328887939453,5.90180969238281,-0.118569225072861,-0.339534223079681,-0.0106776617467403,-0.933029413223267
1437.61157226563,3.93048191070557,-0.846452593803406,-0.396153062582016,12.3572692871094,40.6328887939453,5.90183305740356,-0.118569575250149,-0.339534163475037,-0.0106777409091592,-0.933029353618622
1438.11279296875,3.93048620223999,-0.846452593803406,-0.396153330802917,12.3573627471924,40.6327896118164,5.90185356140137,-0.118570379912853,-0.339533299207687,-0.0106777288019657,-0.933029651641846
1438.61437988281,3.93048620223999,-0.846452593803406,-0.396153330802917,12.3573627471924,40.6327896118164,5.90185356140137,-0.118570379912853,-0.339533299207687,-0.0106777288019657,-0.933029651641846
1439.11608886719,3.93049073219299,-0.846452593803406,-0.396153330802917,12.3573627471924,40.6327896118164,5.90185356140137,-0.118570379912853,-0.339533299207687,-0.0106777288019657,-0.933029651641846
1439.61694335938,3.93049073219299,-0.846452593803406,-0.396153330802917,12.3573627471924,40.6327896118164,5.90185356140137,-0.118570379912853,-0.339533299207687,-0.0106777288019657,-0.933029651641846
1440.11840820313,3.93048620223999,-0.846452593803406,-0.396153330802917,12.3573627471924,40.6327896118164,5.90185356140137,-0.118570379912853,-0.339533299207687,-0.0106777288019657,-0.933029651641846
1440.61938476563,3.93048620223999,-0.846452593803406,-0.396153330802917,12.3573627471924,40.6327896118164,5.90185356140137,-0.118570379912853,-0.339533299207687,-0.0106777288019657,-0.933029651641846
1441.12036132813,3.93048620223999,-0.846452593803406,-0.396153330802917,12.3573627471924,40.6327896118164,5.90185356140137,-0.118570379912853,-0.339533299207687,-0.0106777288019657,-0.933029651641846
1441.62231445313,3.93049073219299,-0.846452593803406,-0.396153330802917,12.3876447677612,40.0276527404785,359.758117675781,-0.100658088922501,-0.340462297201157,0.0388975590467453,-0.934045135974884
1442.12316894531,3.93048620223999,-0.846452593803406,-0.396153330802917,11.8349609375,34.3967514038086,348.759429931641,-0.069209486246109,-0.302336871623993,0.123394802212715,-0.942643225193024
1442.62438964844,3.93048620223999,-0.846452593803406,-0.396152257919312,11.2745628356934,32.3125114440918,335.835357666016,-0.0342985354363918,-0.290527194738388,0.226805701851845,-0.928965449333191
1443.12487792969,3.93048620223999,-0.846452593803406,-0.396152257919312,12.4006595611572,38.5703353881836,358.825286865234,-0.0985733717679977,-0.329365879297256,0.0452881678938866,-0.937950134277344
1443.62719726563,3.93048620223999,-0.846452593803406,-0.396152257919312,12.6543483734131,39.0753402709961,23.7946720123291,-0.170154184103012,-0.303837597370148,-0.157040998339653,-0.924158215522766
1444.12817382813,3.93048620223999,-0.846452593803406,-0.396152257919312,13.8173999786377,37.2603454589844,40.9570121765137,-0.217734023928642,-0.257218569517136,-0.29311802983284,-0.894713580608368
1444.62866210938,3.93048620223999,-0.846452593803406,-0.396152257919312,14.1890001296997,36.9018440246582,48.0231170654297,-0.234820261597633,-0.239216819405556,-0.347341746091843,-0.875778794288635
1445.12951660156,3.93048620223999,-0.846452593803406,-0.396152257919312,14.8510618209839,36.1900520324707,22.8634967803955,-0.181452259421349,-0.277531027793884,-0.147474020719528,-0.931827783584595
1445.63134765625,3.93048620223999,-0.846452593803406,-0.396152257919312,15.4459791183472,33.564079284668,4.22710227966309,-0.139124721288681,-0.281173050403595,0.00378540460951626,-0.949511289596558
1446.13256835938,3.93049073219299,-0.846452593803406,-0.396152526140213,15.4557332992554,34.9224510192871,356.264953613281,-0.118513964116573,-0.301357448101044,0.0711318626999855,-0.943439722061157
1446.63366699219,3.93048620223999,-0.846452593803406,-0.396151691675186,15.8340911865234,40.4193420410156,351.222961425781,-0.102698117494583,-0.351051539182663,0.118567407131195,-0.923123896121979
1447.13513183594,3.93048191070557,-0.846452593803406,-0.396151691675186,15.7549018859863,39.9393424987793,351.830749511719,-0.104389905929565,-0.346615999937057,0.113003574311733,-0.925305485725403
1447.63586425781,3.93048191070557,-0.846452593803406,-0.396151691675186,15.754903793335,39.939281463623,351.830749511719,-0.10438996553421,-0.346615523099899,0.11300353705883,-0.925305724143982
1448.13757324219,3.93048191070557,-0.846452593803406,-0.396151691675186,15.7549018859863,39.9392166137695,351.830718994141,-0.104389935731888,-0.346615016460419,0.1130036637187,-0.925305902957916
1448.63891601563,3.93048191070557,-0.846452593803406,-0.396151691675186,15.7548933029175,39.9392433166504,351.830718994141,-0.104389794170856,-0.346615225076675,0.113003835082054,-0.925305783748627
1449.1396484375,3.93048191070557,-0.846452593803406,-0.396151691675186,15.7549076080322,39.9393615722656,351.830749511719,-0.104389920830727,-0.346616148948669,0.113003581762314,-0.925305485725403
1449.64111328125,3.92149138450623,-0.838731646537781,-0.383171439170837,15.754958152771,39.939525604248,351.830749511719,-0.104390174150467,-0.346617490053177,0.113003887236118,-0.9253049492836
1450.14233398438,3.91910719871521,-0.837456107139587,-0.38037434220314,15.7927875518799,40.1954879760742,349.732299804688,-0.0980424210429192,-0.350543856620789,0.130255311727524,-0.922247409820557
1450.64331054688,3.91764640808105,-0.835765480995178,-0.376673728227615,15.7929191589355,40.1959686279297,349.732360839844,-0.0980430841445923,-0.350547760725021,0.130255684256554,-0.922245860099792
1451.14489746094,3.91764640808105,-0.835765480995178,-0.37667316198349,15.8030414581299,40.2548484802246,350.197692871094,-0.099482998251915,-0.35062363743782,0.126589626073837,-0.922573208808899
1451.64611816406,3.91764640808105,-0.835765480995178,-0.37667316198349,16.0398197174072,41.801197052002,352.378936767578,-0.106572277843952,-0.361139506101608,0.11113978177309,-0.919711112976074
1452.14721679688,3.91764640808105,-0.835765480995178,-0.37667316198349,16.1359233856201,42.5594711303711,353.753845214844,-0.111007750034332,-0.365920901298523,0.101123616099358,-0.918451547622681
1452.64819335938,3.91765069961548,-0.835765480995178,-0.376671552658081,15.9436101913452,40.5398330688477,355.544464111328,-0.116661936044693,-0.347893118858337,0.0841228291392326,-0.926436126232147
1453.1494140625,3.91764640808105,-0.835765480995178,-0.376671552658081,15.9470252990723,40.5800933837891,353.781219482422,-0.111288383603096,-0.349972009658813,0.0984167009592056,-0.924904704093933
1453.650390625,3.91764640808105,-0.835765480995178,-0.376671552658081,15.947003364563,40.5802268981934,353.781280517578,-0.111288227140903,-0.349973052740097,0.0984163656830788,-0.924904346466064
1454.16674804688,3.91764640808105,-0.835765480995178,-0.376671552658081,15.9470472335815,40.5804901123047,353.781311035156,-0.111288473010063,-0.349975138902664,0.0984164699912071,-0.924903512001038
1454.66809082031,3.91764640808105,-0.835765480995178,-0.376671552658081,15.9471893310547,40.5811614990234,353.781341552734,-0.111289151012897,-0.349980503320694,0.0984172597527504,-0.924901306629181
1455.16943359375,3.91764640808105,-0.835765480995178,-0.376671552658081,15.9473495483398,40.5813827514648,353.781280517578,-0.111290119588375,-0.349982351064682,0.0984183102846146,-0.924900472164154
1455.67041015625,3.91764640808105,-0.835765480995178,-0.376671552658081,15.9473495483398,40.5813827514648,353.781280517578,-0.111290119588375,-0.349982351064682,0.0984183102846146,-0.924900472164154
1456.21118164063,3.91764211654663,-0.835765480995178,-0.376671552658081,15.9473495483398,40.5813827514648,353.781280517578,-0.111290119588375,-0.349982351064682,0.0984183102846146,-0.924900472164154
1456.73852539063,3.91764640808105,-0.835765480995178,-0.376671552658081,15.9473361968994,40.5814247131348,353.781311035156,-0.111290030181408,-0.349982678890228,0.0984181836247444,-0.92490029335022
1457.24133300781,3.91764640808105,-0.835765480995178,-0.376671552658081,15.9473581314087,40.5815048217773,353.781311035156,-0.11129017919302,-0.349983334541321,0.0984181985259056,-0.924900054931641
1457.74255371094,3.91764640808105,-0.835765480995178,-0.376671552658081,15.9474077224731,40.5816307067871,353.781311035156,-0.111290454864502,-0.349984347820282,0.0984185487031937,-0.924899578094482
1458.24389648438,3.91764640808105,-0.835765480995178,-0.376671552658081,15.9473991394043,40.581844329834,353.781311035156,-0.111290223896503,-0.34998607635498,0.0984186306595802,-0.924898982048035
1458.74548339844,3.91764640808105,-0.835765480995178,-0.376671552658081,15.9473533630371,40.581859588623,353.781311035156,-0.11128980666399,-0.349986165761948,0.098418615758419,-0.92489892244339
1459.24670410156,3.91764640808105,-0.835765480995178,-0.376671552658081,15.9472723007202,40.5818176269531,353.781341552734,-0.111289240419865,-0.349985837936401,0.0984182059764862,-0.924899160861969
1459.74829101563,3.91764211654663,-0.835765480995178,-0.376671552658081,15.9471979141235,40.5817565917969,353.781372070313,-0.111288830637932,-0.349985301494598,0.0984175801277161,-0.924899518489838
1460.24938964844,3.91764640808105,-0.835765480995178,-0.376671552658081,15.9472179412842,40.5815391540527,353.781341552734,-0.111289091408253,-0.349983543157578,0.098417654633522,-0.924900114536285
1460.75085449219,3.91764640808105,-0.835765480995178,-0.376671552658081,15.9473066329956,40.5815849304199,353.781341552734,-0.11128980666399,-0.349983900785446,0.098417840898037,-0.924899935722351
1461.25219726563,3.91764640808105,-0.835765480995178,-0.376671552658081,15.9473190307617,40.5813446044922,353.781280517578,-0.111289910972118,-0.349982053041458,0.0984181687235832,-0.924900591373444
1461.75354003906,3.91764640808105,-0.835765480995178,-0.376671552658081,15.9472131729126,40.5812873840332,353.781280517578,-0.111289024353027,-0.3499815762043,0.0984179675579071,-0.924900889396667
1462.25415039063,3.91764640808105,-0.835765480995178,-0.376671552658081,15.9472723007202,40.5811614990234,353.781188964844,-0.111289419233799,-0.349980652332306,0.0984186083078384,-0.924901127815247
1462.75549316406,3.91764640808105,-0.835765480995178,-0.376671552658081,15.9473066329956,40.5810089111328,353.781158447266,-0.111289694905281,-0.34997946023941,0.0984188616275787,-0.924901485443115
1463.25695800781,3.91764640808105,-0.835765480995178,-0.376671552658081,15.9473257064819,40.5811004638672,353.781127929688,-0.111289694905281,-0.349980264902115,0.0984193161129951,-0.924901187419891
1463.75866699219,3.91764640808105,-0.835765480995178,-0.376671552658081,15.9474077224731,40.5810203552246,353.781097412109,-0.11129030585289,-0.349979609251022,0.098419725894928,-0.924901247024536
1464.27526855469,3.91764640808105,-0.835765480995178,-0.376671552658081,15.9474678039551,40.5808067321777,353.780975341797,-0.111290663480759,-0.349977999925613,0.098420538008213,-0.924901723861694
1464.77697753906,3.91764640808105,-0.835765480995178,-0.376671552658081,15.9474830627441,40.5808181762695,353.780975341797,-0.111290723085403,-0.349978119134903,0.0984206572175026,-0.924901723861694
1465.27795410156,3.91764640808105,-0.835765480995178,-0.376671552658081,15.9474830627441,40.5808181762695,353.780975341797,-0.111290723085403,-0.349978119134903,0.0984206572175026,-0.924901723861694
1465.79565429688,3.91764640808105,-0.835765480995178,-0.376671552658081,15.9474830627441,40.5808181762695,353.780975341797,-0.111290723085403,-0.349978119134903,0.0984206572175026,-0.924901723861694
1466.32092285156,3.91764640808105,-0.835765480995178,-0.376671552658081,15.9474830627441,40.5808181762695,353.780975341797,-0.111290723085403,-0.349978119134903,0.0984206572175026,-0.924901723861694
1466.84875488281,3.91764640808105,-0.835765480995178,-0.376671552658081,15.947361946106,40.5806655883789,353.781036376953,-0.111290007829666,-0.34997683763504,0.0984198078513145,-0.924902379512787
1467.35083007813,3.91764640808105,-0.835765480995178,-0.376671552658081,15.9397821426392,40.5148506164551,351.931854248047,-0.105631731450558,-0.35119566321373,0.113248832523823,-0.923405826091766
1467.85327148438,3.91765069961548,-0.835765480995178,-0.376671552658081,13.4886074066162,34.6163330078125,329.634613037109,-0.0308291167020798,-0.314503848552704,0.282028019428253,-0.905868232250214
1468.35571289063,3.91764640808105,-0.835765480995178,-0.376671552658081,12.4114170074463,32.6147918701172,334.402282714844,-0.0393329001963139,-0.295193046331406,0.240969821810722,-0.9237140417099
1468.85693359375,3.91765069961548,-0.835765480995178,-0.376671552658081,12.411376953125,32.6145706176758,334.402252197266,-0.0393330156803131,-0.29519122838974,0.240969702601433,-0.923714637756348
1469.35852050781,3.91764640808105,-0.835765480995178,-0.376671552658081,12.4113702774048,32.614631652832,334.402313232422,-0.0393329486250877,-0.295191675424576,0.240969374775887,-0.923714518547058
1469.85974121094,3.91765069961548,-0.835765480995178,-0.376671552658081,12.4112930297852,32.6143836975098,334.402282714844,-0.0393327474594116,-0.295189559459686,0.240969404578209,-0.923715233802795
1470.361328125,3.91764640808105,-0.835765480995178,-0.376671552658081,12.4113731384277,32.6142921447754,334.402099609375,-0.0393331572413445,-0.295188993215561,0.240970939397812,-0.923714995384216
1470.86254882813,3.91764640808105,-0.835765480995178,-0.376671552658081,12.4114427566528,32.6144065856934,334.402130126953,-0.039333526045084,-0.295190066099167,0.240970939397812,-0.923714697360992
1471.36389160156,3.91764640808105,-0.835765480995178,-0.376671552658081,12.4114427566528,32.6144065856934,334.402130126953,-0.039333526045084,-0.295190066099167,0.240970939397812,-0.923714697360992
1471.86511230469,3.91765069961548,-0.835765480995178,-0.376671552658081,12.4114427566528,32.6144065856934,334.402130126953,-0.039333526045084,-0.295190066099167,0.240970939397812,-0.923714697360992
1472.3662109375,3.91765069961548,-0.835765480995178,-0.376671552658081,12.4114427566528,32.6144065856934,334.402130126953,-0.039333526045084,-0.295190066099167,0.240970939397812,-0.923714697360992
1472.86779785156,3.91764640808105,-0.835765480995178,-0.376671552658081,12.4114427566528,32.6144065856934,334.402130126953,-0.039333526045084,-0.295190066099167,0.240970939397812,-0.923714697360992
1473.36865234375,3.91764640808105,-0.835765480995178,-0.376671552658081,12.5012273788452,32.8513870239258,340.874938964844,-0.0562869384884834,-0.294533789157867,0.188756331801414,-0.935121834278107
1473.86950683594,3.91764640808105,-0.835765480995178,-0.376671552658081,13.2142772674561,38.4816055297852,6.50524759292603,-0.127032205462456,-0.320659399032593,-0.015357437543571,-0.938511908054352
1474.37121582031,3.91764640808105,-0.835765480995178,-0.376671552658081,12.8770904541016,39.9369659423828,31.8108100891113,-0.194359436631203,-0.297473669052124,-0.219120472669601,-0.90869140625
1474.87280273438,3.91764640808105,-0.835765480995178,-0.376671552658081,14.0509538650513,38.4147529602051,43.7990188598633,-0.22895210981369,-0.259876430034637,-0.312237948179245,-0.884620070457458
1475.37377929688,3.91764640808105,-0.835765480995178,-0.37667128443718,14.5002727508545,37.9444389343262,43.8522796630859,-0.231141775846481,-0.254616916179657,-0.312241196632385,-0.885578513145447
1475.87487792969,3.91764640808105,-0.835765480995178,-0.37667128443718,13.5856046676636,38.7610206604004,19.1987781524658,-0.164963319897652,-0.306290596723557,-0.117504484951496,-0.930142879486084
1476.37548828125,3.91765069961548,-0.835765480995178,-0.37667128443718,13.4676389694214,37.6038932800293,354.124481201172,-0.0944498926401138,-0.325342744588852,0.0859235003590584,-0.936935663223267
1476.87683105469,3.91764640808105,-0.835765480995178,-0.376671016216278,12.8050785064697,34.5599479675293,342.816192626953,-0.061184961348772,-0.307783365249634,0.174515053629875,-0.933311522006989
1477.3779296875,3.91764211654663,-0.835765480995178,-0.376671016216278,10.9599304199219,29.8407173156738,333.512847900391,-0.0311078280210495,-0.270623207092285,0.244290173053741,-0.930654525756836
1477.87927246094,3.91764640808105,-0.835765480995178,-0.376671016216278,10.9600257873535,29.8409023284912,333.512725830078,-0.0311079174280167,-0.270624905824661,0.244291424751282,-0.930653691291809
1478.38024902344,3.91764640808105,-0.835765480995178,-0.376671016216278,10.9599914550781,29.8409233093262,333.512878417969,-0.0311079509556293,-0.270624965429306,0.244290143251419,-0.930653929710388
1478.88159179688,3.91765069961548,-0.835765480995178,-0.376671016216278,12.146183013916,32.4301719665527,337.415100097656,-0.0452479794621468,-0.292193800210953,0.215943336486816,-0.930561125278473
1479.38330078125,3.91764211654663,-0.835765480995178,-0.376671016216278,11.808801651001,31.6550388336182,334.091064453125,-0.0356318652629852,-0.286577075719833,0.241875901818275,-0.926336884498596
1479.88391113281,3.91688776016235,-0.835325479507446,-0.376333147287369,11.8088150024414,31.6550235748291,334.091003417969,-0.0356318950653076,-0.286576986312866,0.241876348853111,-0.926336765289307
1480.38525390625,3.90862107276917,-0.830557644367218,-0.37308794260025,11.8089141845703,31.6552429199219,334.091003417969,-0.03563217446208,-0.286578953266144,0.241876780986786,-0.926336050033569
1480.88623046875,3.90833497047424,-0.830389142036438,-0.372939497232437,11.2730665206909,30.53391456604,333.950561523438,-0.033256471157074,-0.276656210422516,0.241563752293587,-0.929517269134521
1481.40417480469,3.90833926200867,-0.830389142036438,-0.372939497232437,11.2730560302734,30.533992767334,333.950561523438,-0.0332562737166882,-0.276656836271286,0.24156354367733,-0.929517149925232
1481.90576171875,3.90833926200867,-0.830389142036438,-0.372939497232437,11.27308177948,30.5340099334717,333.950469970703,-0.0332562178373337,-0.276657044887543,0.241564437747002,-0.929516851902008
1482.40673828125,3.90833926200867,-0.830389142036438,-0.372939497232437,11.2731866836548,30.5341014862061,333.950286865234,-0.0332564041018486,-0.276658028364182,0.241566225886345,-0.929516077041626
1482.90759277344,3.90833497047424,-0.830389142036438,-0.372939229011536,11.2730741500854,30.5338287353516,333.950408935547,-0.0332563705742359,-0.276655584573746,0.241564869880676,-0.929517209529877
1483.40893554688,3.90833926200867,-0.830389142036438,-0.372939229011536,11.2731504440308,30.533821105957,333.950225830078,-0.0332565493881702,-0.276655703783035,0.241566583514214,-0.929516673088074
1483.95227050781,3.90833926200867,-0.830389142036438,-0.372939497232437,11.2730798721313,30.5338344573975,333.950439453125,-0.0332564562559128,-0.276655644178391,0.241564720869064,-0.929517209529877
1484.47509765625,3.90833926200867,-0.830389142036438,-0.372939497232437,11.2730617523193,30.5338821411133,333.950531005859,-0.0332564376294613,-0.276655972003937,0.24156391620636,-0.929517328739166
1484.97802734375,3.90833926200867,-0.830389142036438,-0.372939765453339,11.2730655670166,30.5338764190674,333.950561523438,-0.0332565419375896,-0.276655912399292,0.241563752293587,-0.929517388343811
1485.48010253906,3.90833926200867,-0.830389142036438,-0.372939497232437,11.2730464935303,30.5338859558105,333.950622558594,-0.0332565493881702,-0.276655942201614,0.241563081741333,-0.929517507553101
1485.98229980469,3.90833926200867,-0.830389142036438,-0.372939497232437,11.2731151580811,30.5338859558105,333.950439453125,-0.033256683498621,-0.276656091213226,0.241564705967903,-0.929517030715942
1486.48449707031,3.90833926200867,-0.830389142036438,-0.372939497232437,11.2731533050537,30.5340538024902,333.950500488281,-0.0332567691802979,-0.276657491922379,0.241564363241196,-0.929516732692719
1486.98645019531,3.90833926200867,-0.830389142036438,-0.372939497232437,11.2731513977051,30.5340766906738,333.950561523438,-0.0332568809390068,-0.276657670736313,0.241563767194748,-0.929516792297363
1487.48791503906,3.90833926200867,-0.830389142036438,-0.372939497232437,11.2731409072876,30.5337772369385,333.950378417969,-0.0332569815218449,-0.276655256748199,0.241565182805061,-0.929517149925232
1487.98962402344,3.90833926200867,-0.830389142036438,-0.372939229011536,11.2732381820679,30.533763885498,333.950134277344,-0.0332572273910046,-0.276655405759811,0.241567313671112,-0.929516553878784
1488.49133300781,3.90833926200867,-0.830389142036438,-0.372939497232437,11.2733945846558,30.5339679718018,333.949951171875,-0.0332576036453247,-0.276657372713089,0.241569325327873,-0.929515421390533
1488.99267578125,3.90833926200867,-0.830389142036438,-0.372939497232437,11.2733993530273,30.5340118408203,333.949951171875,-0.0332575589418411,-0.27665776014328,0.241569310426712,-0.929515302181244
1489.49426269531,3.90833926200867,-0.830389142036438,-0.372939497232437,11.2734727859497,30.5342693328857,333.950042724609,-0.0332578420639038,-0.276659905910492,0.241568833589554,-0.929514765739441
1489.99523925781,3.90833926200867,-0.830389142036438,-0.372939497232437,11.2734365463257,30.5342693328857,333.950225830078,-0.033257968723774,-0.276659846305847,0.241567268967628,-0.929515242576599
1490.49633789063,3.90833926200867,-0.830389142036438,-0.372939497232437,11.2734003067017,30.5342884063721,333.950408935547,-0.0332580767571926,-0.27665987610817,0.241565704345703,-0.929515659809113
1490.99719238281,3.90833926200867,-0.830389142036438,-0.372939497232437,11.2733936309814,30.5342826843262,333.950408935547,-0.0332580804824829,-0.276659816503525,0.24156554043293,-0.929515659809113
1491.49877929688,3.90833926200867,-0.830389142036438,-0.372939497232437,11.2733936309814,30.5342826843262,333.950408935547,-0.0332580804824829,-0.276659816503525,0.24156554043293,-0.929515659809113
1492.015625,3.90833926200867,-0.830389142036438,-0.372939765453339,11.2733936309814,30.5342826843262,333.950408935547,-0.0332580804824829,-0.276659816503525,0.24156554043293,-0.929515659809113
1492.51635742188,3.90833926200867,-0.830389142036438,-0.372939497232437,11.2733936309814,30.5342826843262,333.950408935547,-0.0332580804824829,-0.276659816503525,0.24156554043293,-0.929515659809113
1493.01806640625,3.90833926200867,-0.830389142036438,-0.372939497232437,11.2733936309814,30.5342826843262,333.950408935547,-0.0332580804824829,-0.276659816503525,0.24156554043293,-0.929515659809113
1493.59191894531,3.90833926200867,-0.830389142036438,-0.372939497232437,11.2733936309814,30.5342826843262,333.950408935547,-0.0332580804824829,-0.276659816503525,0.24156554043293,-0.929515659809113
1494.11999511719,3.90833926200867,-0.830389142036438,-0.372939497232437,11.2733936309814,30.5342826843262,333.950408935547,-0.0332580804824829,-0.276659816503525,0.24156554043293,-0.929515659809113
1494.64685058594,3.90833926200867,-0.830389142036438,-0.372939497232437,11.2735071182251,30.5344295501709,333.950164794922,-0.033258106559515,-0.276661217212677,0.241567835211754,-0.929514646530151
1495.14965820313,3.90833926200867,-0.830389142036438,-0.372939497232437,11.2736358642578,30.534688949585,333.950012207031,-0.0332582108676434,-0.27666363120079,0.241569474339485,-0.929513514041901
1495.65087890625,3.90833926200867,-0.830389142036438,-0.372939497232437,9.897292137146,28.3544788360596,322.027191162109,0.00030155063723214,-0.25794443488121,0.334237217903137,-0.906504333019257
1496.15258789063,3.90833926200867,-0.830389142036438,-0.372939229011536,11.734935760498,32.2615966796875,341.613891601563,-0.0527875125408173,-0.288514703512192,0.180704846978188,-0.938785672187805
1496.65368652344,3.90833926200867,-0.830389142036438,-0.372939497232437,12.5633850097656,35.3732490539551,350.992279052734,-0.0802090838551521,-0.309240013360977,0.107504568994045,-0.941477537155151
1497.15502929688,3.90833926200867,-0.830389142036438,-0.372938394546509,12.8217525482178,38.9704971313477,10.3492841720581,-0.134730264544487,-0.320633500814438,-0.0474014319479465,-0.936373353004456
1497.65649414063,3.90833926200867,-0.830389142036438,-0.37293866276741,12.8217067718506,38.9708213806152,10.3493366241455,-0.134730190038681,-0.32063615322113,-0.0474016219377518,-0.936372458934784
1498.15832519531,3.90833067893982,-0.830389142036438,-0.372938394546509,13.004319190979,32.7725219726563,353.173065185547,-0.0917591080069542,-0.286268085241318,0.0886449664831161,-0.949617266654968
1498.65930175781,3.90833067893982,-0.830389142036438,-0.372938126325607,10.9443378448486,25.6012859344482,332.109924316406,-0.0371009819209576,-0.23645980656147,0.25443622469902,-0.937001883983612
1499.16040039063,3.90833067893982,-0.830389142036438,-0.372938126325607,10.9443387985229,25.6013431549072,332.110015869141,-0.0371010079979897,-0.236460268497467,0.254435688257217,-0.937001883983612
1499.66198730469,3.90833067893982,-0.830389142036438,-0.372938126325607,10.9443387985229,25.6013431549072,332.110015869141,-0.0371010079979897,-0.236460268497467,0.254435688257217,-0.937001883983612
1500.16320800781,3.90833067893982,-0.830389142036438,-0.372938126325607,10.9443387985229,25.6013431549072,332.110015869141,-0.0371010079979897,-0.236460268497467,0.254435688257217,-0.937001883983612
1500.66442871094,3.90833067893982,-0.830389142036438,-0.372938126325607,8.23299694061279,21.2916889190674,322.9326171875,-0.00832050759345293,-0.197129711508751,0.324158847332001,-0.925198197364807
1501.16516113281,3.90833067893982,-0.830389142036438,-0.372938126325607,4.62656784057617,16.9544334411621,315.991973876953,0.0181732177734375,-0.151524409651756,0.375792980194092,-0.914051294326782
1501.666015625,3.90833067893982,-0.830389142036438,-0.372938126325607,4.62663745880127,16.9546070098877,315.992034912109,0.0181731339544058,-0.151526018977165,0.375792473554611,-0.914051234722137
1502.16760253906,3.90833067893982,-0.830389142036438,-0.372938126325607,3.04257607460022,15.3806867599487,312.350219726563,0.0299686379730701,-0.133000090718269,0.403418451547623,-0.904801964759827
1502.66870117188,3.90833067893982,-0.830389142036438,-0.372938126325607,3.04262757301331,15.3808193206787,312.350402832031,0.0299684684723616,-0.133001357316971,0.403416931629181,-0.90480238199234
1503.16955566406,3.90833067893982,-0.830388069152832,-0.372938126325607,3.0427303314209,15.3809404373169,312.350158691406,0.029968373477459,-0.133002609014511,0.403418958187103,-0.904801249504089
1503.67053222656,3.90833067893982,-0.830388069152832,-0.372938126325607,3.0427770614624,15.380838394165,312.349914550781,0.0299679152667522,-0.133001908659935,0.403420895338058,-0.904800593852997
1504.17175292969,3.90833067893982,-0.830388069152832,-0.372938126325607,3.04284930229187,15.3808660507202,312.349945068359,0.0299674272537231,-0.133002370595932,0.403420895338058,-0.904800534248352
1504.67309570313,3.90833067893982,-0.830388069152832,-0.372938126325607,3.04289102554321,15.3808689117432,312.349975585938,0.0299670770764351,-0.133002534508705,0.403420716524124,-0.904800534248352
1505.17443847656,3.90833067893982,-0.830387532711029,-0.372938126325607,3.04290580749512,15.3808603286743,312.349945068359,0.0299669485539198,-0.133002519607544,0.403420865535736,-0.904800534248352
1505.67541503906,3.90833067893982,-0.830388069152832,-0.372937858104706,3.04290127754211,15.3808584213257,312.349945068359,0.0299669746309519,-0.133002504706383,0.403420776128769,-0.904800534248352
1506.17663574219,3.90833067893982,-0.830388069152832,-0.372938126325607,3.04290127754211,15.3808584213257,312.349945068359,0.0299669746309519,-0.133002504706383,0.403420776128769,-0.904800534248352
1506.677734375,3.90833497047424,-0.830388069152832,-0.372938126325607,3.04290127754211,15.3808584213257,312.349945068359,0.0299669746309519,-0.133002504706383,0.403420776128769,-0.904800534248352
1507.17907714844,3.90833067893982,-0.830388069152832,-0.372938126325607,3.04290127754211,15.3808584213257,312.349945068359,0.0299669746309519,-0.133002504706383,0.403420776128769,-0.904800534248352
1507.68017578125,3.90833067893982,-0.830388069152832,-0.372938126325607,3.04289984703064,15.3808641433716,312.349975585938,0.0299669895321131,-0.133002534508705,0.403420716524124,-0.904800593852997
1508.18115234375,3.90833067893982,-0.830388069152832,-0.372938126325607,3.04289984703064,15.3808641433716,312.349975585938,0.0299669895321131,-0.133002534508705,0.403420716524124,-0.904800593852997
1508.68249511719,3.90833067893982,-0.830388069152832,-0.372938126325607,3.04290390014648,15.3808622360229,312.349945068359,0.0299669709056616,-0.133002519607544,0.403420865535736,-0.904800474643707
1509.18395996094,3.90833067893982,-0.830388069152832,-0.372938126325607,3.04290390014648,15.3808622360229,312.349945068359,0.0299669709056616,-0.133002519607544,0.403420865535736,-0.904800474643707
1509.68518066406,3.9083263874054,-0.830388069152832,-0.372938126325607,3.04290127754211,15.3808584213257,312.349945068359,0.0299669746309519,-0.133002504706383,0.403420776128769,-0.904800534248352
1510.18627929688,3.90833067893982,-0.830388069152832,-0.372938126325607,3.04290127754211,15.3808584213257,312.349945068359,0.0299669746309519,-0.133002504706383,0.403420776128769,-0.904800534248352
1510.68701171875,3.90833067893982,-0.830388069152832,-0.372938126325607,3.04290127754211,15.3808584213257,312.349945068359,0.0299669746309519,-0.133002504706383,0.403420776128769,-0.904800534248352
1511.18872070313,3.90833067893982,-0.830388069152832,-0.372938126325607,358.619506835938,11.7236671447754,305.965270996094,0.0570662282407284,-0.0855339914560318,0.450756251811981,-0.886705279350281
1511.69018554688,3.90833067893982,-0.830388069152832,-0.372938126325607,3.46263599395752,15.6854543685913,314.753356933594,0.0248390901833773,-0.137410432100296,0.38470447063446,-0.912416577339172
1512.19140625,3.90833067893982,-0.830388069152832,-0.372938126325607,3.34652471542358,15.5855340957642,307.11279296875,0.0344517342746258,-0.134235396981239,0.444561153650284,-0.884962916374207
1512.69287109375,3.90833067893982,-0.830388069152832,-0.372938126325607,3.34647583961487,15.5855388641357,307.112854003906,0.0344520583748817,-0.134235262870789,0.444560617208481,-0.88496321439743
1513.19372558594,3.90833067893982,-0.830388069152832,-0.372938126325607,3.34646439552307,15.5855360031128,307.11279296875,0.0344522036612034,-0.134235173463821,0.444561094045639,-0.884962975978851
1513.69482421875,3.90796232223511,-0.830080270767212,-0.372777730226517,3.34651350975037,15.5855731964111,307.112762451172,0.0344519950449467,-0.13423565030098,0.444561272859573,-0.884962856769562
1514.19653320313,3.90003800392151,-0.824688792228699,-0.369373232126236,3.34655785560608,15.5856332778931,307.112670898438,0.034451998770237,-0.134236246347427,0.444562077522278,-0.884962320327759
1514.697265625,3.89731574058533,-0.823165595531464,-0.368179231882095,3.34660983085632,15.5857353210449,307.112609863281,0.0344520658254623,-0.134237214922905,0.444562554359436,-0.884961903095245
1515.1982421875,3.89731574058533,-0.823165059089661,-0.368178158998489,3.34666657447815,15.5857524871826,307.112243652344,0.0344520807266235,-0.134237453341484,0.444565206766129,-0.884960532188416
1515.71569824219,3.89732003211975,-0.823165059089661,-0.368176251649857,3.34674596786499,15.5858631134033,307.111877441406,0.0344523303210735,-0.134238511323929,0.4445680975914,-0.884958922863007
1516.21752929688,3.89731574058533,-0.823163986206055,-0.368175446987152,3.34680414199829,15.5859899520874,307.111907958984,0.0344523452222347,-0.134239718317986,0.444567948579788,-0.884958803653717
1516.71826171875,3.89732003211975,-0.823162376880646,-0.368172734975815,3.3468770980835,15.5862035751343,307.112030029297,0.0344524830579758,-0.134241670370102,0.444567143917084,-0.884958922863007
1517.21960449219,3.89731574058533,-0.823160707950592,-0.368172198534012,3.34686160087585,15.5861301422119,307.112274169922,0.0344520248472691,-0.134241119027138,0.444565236568451,-0.884959995746613
1517.73742675781,3.8973114490509,-0.823160707950592,-0.368172198534012,3.34686207771301,15.5861320495605,307.112274169922,0.0344520211219788,-0.134241133928299,0.444565176963806,-0.884959995746613
1518.2900390625,3.8973114490509,-0.823160707950592,-0.36817193031311,3.34686660766602,15.5861368179321,307.112274169922,0.0344520062208176,-0.134241193532944,0.444565176963806,-0.884959995746613
1518.81726074219,3.89731574058533,-0.823160707950592,-0.368172198534012,3.34686779975891,15.5861158370972,307.112213134766,0.0344519801437855,-0.134241029620171,0.44456559419632,-0.884959816932678
1519.32006835938,3.89731574058533,-0.823160171508789,-0.368172198534012,3.34683680534363,15.586085319519,307.112365722656,0.0344519428908825,-0.134240716695786,0.444564521312714,-0.884960412979126
1519.82202148438,3.89731574058533,-0.823160707950592,-0.368172198534012,3.34686326980591,15.5861930847168,307.112426757813,0.0344520732760429,-0.134241655468941,0.444564014673233,-0.884960532188416
1520.32421875,3.89731574058533,-0.823160707950592,-0.368172198534012,3.34689974784851,15.5861911773682,307.111999511719,0.0344523042440414,-0.134241655468941,0.444567441940308,-0.884958803653717
1520.82568359375,3.89732003211975,-0.823160707950592,-0.368172198534012,3.34687829017639,15.5862302780151,307.111999511719,0.0344525799155235,-0.134241878986359,0.444567173719406,-0.884958922863007
1521.32775878906,3.89731574058533,-0.823160707950592,-0.368172466754913,3.34689235687256,15.5862627029419,307.112030029297,0.0344525799155235,-0.134242191910744,0.444567054510117,-0.884958922863007
1521.82885742188,3.89731574058533,-0.823160707950592,-0.368172198534012,3.34697389602661,15.5864238739014,307.111968994141,0.0344526395201683,-0.134243726730347,0.444567531347275,-0.884958446025848
1522.33068847656,3.89731574058533,-0.823160707950592,-0.368172198534012,3.34703159332275,15.5866289138794,307.111968994141,0.0344529785215855,-0.134245529770851,0.44456747174263,-0.884958148002625
1522.83142089844,3.89731574058533,-0.823160707950592,-0.36817193031311,3.34700202941895,15.5866441726685,307.111968994141,0.0344532653689384,-0.134245529770851,0.444567441940308,-0.884958148002625
1523.33288574219,3.89732003211975,-0.823160707950592,-0.368172198534012,3.34700202941895,15.5866947174072,307.111907958984,0.034453559666872,-0.134245917201042,0.444568008184433,-0.884957849979401
1523.83361816406,3.89731574058533,-0.823160707950592,-0.368172198534012,3.34699630737305,15.5866985321045,307.111907958984,0.0344536155462265,-0.134245917201042,0.444568008184433,-0.884957849979401
1524.33520507813,3.89731574058533,-0.823160707950592,-0.368172198534012,3.34699630737305,15.5866985321045,307.111907958984,0.0344536155462265,-0.134245917201042,0.444568008184433,-0.884957849979401
1524.83618164063,3.89731574058533,-0.823160707950592,-0.368172198534012,3.34699630737305,15.5866985321045,307.111907958984,0.0344536155462265,-0.134245917201042,0.444568008184433,-0.884957849979401
1525.33752441406,3.8973114490509,-0.823160707950592,-0.368172198534012,3.34699630737305,15.5866985321045,307.111907958984,0.0344536155462265,-0.134245917201042,0.444568008184433,-0.884957849979401
1525.83862304688,3.89731574058533,-0.823160707950592,-0.368172466754913,3.34699630737305,15.5866985321045,307.111907958984,0.0344536155462265,-0.134245917201042,0.444568008184433,-0.884957849979401
1526.33972167969,3.89731574058533,-0.823160707950592,-0.368172198534012,3.34699630737305,15.5866985321045,307.111907958984,0.0344536155462265,-0.134245917201042,0.444568008184433,-0.884957849979401
1526.8857421875,3.8973114490509,-0.823161244392395,-0.368172198534012,3.34699630737305,15.5866985321045,307.111907958984,0.0344536155462265,-0.134245917201042,0.444568008184433,-0.884957849979401
1527.38720703125,3.8973114490509,-0.823160707950592,-0.368172198534012,3.34699630737305,15.5866985321045,307.111907958984,0.0344536155462265,-0.134245917201042,0.444568008184433,-0.884957849979401
1527.88830566406,3.89732003211975,-0.823160707950592,-0.368172466754913,3.34699630737305,15.5866985321045,307.111907958984,0.0344536155462265,-0.134245917201042,0.444568008184433,-0.884957849979401
1528.38928222656,3.89731574058533,-0.823160707950592,-0.368172198534012,3.34699630737305,15.5866985321045,307.111907958984,0.0344536155462265,-0.134245917201042,0.444568008184433,-0.884957849979401
1528.89050292969,3.89731574058533,-0.823160707950592,-0.368172198534012,3.34699630737305,15.5866985321045,307.111907958984,0.0344536155462265,-0.134245917201042,0.444568008184433,-0.884957849979401
1529.42358398438,3.89731574058533,-0.823160707950592,-0.368172198534012,3.34699630737305,15.5866985321045,307.111907958984,0.0344536155462265,-0.134245917201042,0.444568008184433,-0.884957849979401
1529.93395996094,3.89731574058533,-0.823160707950592,-0.368172198534012,3.34698724746704,15.586709022522,307.112030029297,0.0344535894691944,-0.134245991706848,0.444567114114761,-0.884958267211914
1530.43725585938,3.89731574058533,-0.823160707950592,-0.368172466754913,3.34702038764954,15.5868129730225,307.112091064453,0.0344536453485489,-0.134246960282326,0.444566488265991,-0.884958446025848
1530.93859863281,3.89731574058533,-0.823160707950592,-0.368172466754913,3.4917459487915,15.6966047286987,307.753387451172,0.0329978913068771,-0.135833889245987,0.439712822437286,-0.887193918228149
1531.44116210938,3.89731574058533,-0.82315856218338,-0.368172198534012,8.42228698730469,20.7780780792236,325.854553222656,-0.0162458326667547,-0.19312410056591,0.300651133060455,-0.933835208415985
1531.94189453125,3.89731574058533,-0.82315856218338,-0.368172198534012,0.534955024719238,12.6709766387939,304.883666992188,0.046939305961132,-0.0999753698706627,0.460274994373322,-0.880879461765289
1532.44360351563,3.89732003211975,-0.82315856218338,-0.368172466754913,0.534964859485626,12.6709175109863,304.883361816406,0.0469392538070679,-0.0999748110771179,0.460277408361435,-0.880878210067749
1532.94494628906,3.89732003211975,-0.82315856218338,-0.368172198534012,9.81020355224609,20.0218486785889,316.307250976563,-0.0137058682739735,-0.192094832658768,0.378908097743988,-0.905174255371094
1533.4462890625,3.89731574058533,-0.82315856218338,-0.368172198534012,14.0474224090576,25.2857971191406,326.356323242188,-0.0513435713946819,-0.242465287446976,0.305879205465317,-0.919245600700378
1533.94677734375,3.89731574058533,-0.82315856218338,-0.368172198534012,17.1606788635254,34.3843231201172,351.631896972656,-0.120825797319412,-0.301889270544052,0.112901955842972,-0.938891470432281
1534.44775390625,3.89731574058533,-0.82315856218338,-0.368170559406281,16.9986820220947,41.1572227478027,17.3299121856689,-0.189160779118538,-0.322818279266357,-0.0881370306015015,-0.923167586326599
1534.94909667969,3.89731574058533,-0.82315856218338,-0.368170291185379,18.2761554718018,37.9984436035156,25.989465713501,-0.21859273314476,-0.279426366090775,-0.159534588456154,-0.92124205827713
1535.45043945313,3.89731574058533,-0.82315856218338,-0.368170291185379,19.4823760986328,30.5780334472656,359.907684326172,-0.163000240921974,-0.260017722845078,0.0453813299536705,-0.950664162635803
1535.95178222656,3.89731574058533,-0.82315856218338,-0.368170291185379,16.7313957214355,19.1967906951904,334.132293701172,-0.102890506386757,-0.192890331149101,0.241988107562065,-0.945329964160919
1536.45361328125,3.89731574058533,-0.82315856218338,-0.368170291185379,11.7551164627075,11.395450592041,318.778656005859,-0.0606104768812656,-0.128306567668915,0.35795122385025,-0.922894775867462
1536.95422363281,3.89731574058533,-0.82315856218338,-0.368170291185379,11.0093774795532,10.4832210540771,317.686462402344,-0.0562670938670635,-0.119282558560371,0.365927070379257,-0.921250820159912
1537.45556640625,3.89731574058533,-0.82315856218338,-0.368170291185379,16.1726913452148,18.3131656646729,342.339996337891,-0.113042302429676,-0.177001044154167,0.172159731388092,-0.962420463562012
1537.95666503906,3.89732003211975,-0.82315856218338,-0.368170291185379,16.2875957489014,18.7157325744629,348.610626220703,-0.123111233115196,-0.174035638570786,0.119839698076248,-0.969635903835297
1538.45764160156,3.89731574058533,-0.82315856218338,-0.368170022964478,16.287561416626,18.715726852417,348.610595703125,-0.123110912740231,-0.174035623669624,0.119839832186699,-0.969635963439941
1538.95922851563,3.89731574058533,-0.82315856218338,-0.368170022964478,16.2876472473145,18.7159118652344,348.610565185547,-0.123111411929131,-0.174037232995033,0.119840368628502,-0.969635426998138
1539.46044921875,3.89731574058533,-0.82315856218338,-0.368170022964478,16.2876205444336,18.715784072876,348.610565185547,-0.123111337423325,-0.174036145210266,0.119840130209923,-0.969635725021362
1539.96142578125,3.89732003211975,-0.82315856218338,-0.368170022964478,16.2876930236816,18.7157707214355,348.610504150391,-0.123111873865128,-0.174036145210266,0.119840726256371,-0.969635546207428
1540.47863769531,3.8973114490509,-0.82315856218338,-0.368169754743576,16.2878265380859,18.7158184051514,348.610412597656,-0.123112812638283,-0.174036726355553,0.119841821491718,-0.969635188579559
1540.98022460938,3.89731574058533,-0.82315856218338,-0.368170022964478,16.2878093719482,18.7159690856934,348.610412597656,-0.123112507164478,-0.174037992954254,0.119841821491718,-0.96963506937027
1541.48107910156,3.89731574058533,-0.82315856218338,-0.368170022964478,16.2878170013428,18.7160339355469,348.610412597656,-0.123112477362156,-0.17403855919838,0.119842126965523,-0.969634890556335
1541.98217773438,3.89731574058533,-0.82315856218338,-0.368170022964478,16.2877750396729,18.7160377502441,348.610412597656,-0.123112142086029,-0.174038544297218,0.119841977953911,-0.96963495016098
1542.49816894531,3.89731574058533,-0.82315856218338,-0.368169754743576,16.2877960205078,18.7159557342529,348.610321044922,-0.12311228364706,-0.174037978053093,0.119842641055584,-0.96963495016098
1543.02465820313,3.89731574058533,-0.82315856218338,-0.368169754743576,16.2877826690674,18.7158889770508,348.610290527344,-0.123112171888351,-0.17403744161129,0.119842924177647,-0.969635009765625
1543.52758789063,3.8973114490509,-0.82315856218338,-0.368169754743576,16.2877082824707,18.7159538269043,348.610290527344,-0.123111456632614,-0.174037933349609,0.119842879474163,-0.96963506937027
1544.02978515625,3.89731574058533,-0.823159098625183,-0.368169486522675,17.0421619415283,23.1988372802734,352.042266845703,-0.130999580025673,-0.208440721035004,0.0969420894980431,-0.964361906051636
1544.53112792969,3.8973114490509,-0.82315856218338,-0.368169754743576,17.433084487915,26.6636543273926,355.751953125,-0.13891327381134,-0.233235791325569,0.0705685466527939,-0.959856450557709
1545.03295898438,3.89732003211975,-0.82315856218338,-0.368169218301773,17.4330806732178,26.6635036468506,355.751892089844,-0.138913184404373,-0.233234569430351,0.0705688521265984,-0.959856688976288
1545.5341796875,3.89731574058533,-0.82315856218338,-0.368169218301773,17.5585060119629,30.3863754272461,357.998718261719,-0.142747655510902,-0.261536687612534,0.0566495656967163,-0.952896893024445
1546.03576660156,3.89731574058533,-0.82315856218338,-0.368169218301773,17.5768642425537,30.7620582580566,357.092193603516,-0.140615776181221,-0.265776216983795,0.0646883174777031,-0.951528072357178
1546.53698730469,3.89731574058533,-0.82315856218338,-0.368169218301773,17.5833168029785,30.9154376983643,359.053375244141,-0.145132392644882,-0.264603614807129,0.0486034564673901,-0.952134072780609
1547.0380859375,3.89731574058533,-0.82315856218338,-0.368169218301773,17.5833511352539,30.915584564209,359.053405761719,-0.145132705569267,-0.26460474729538,0.0486034341156483,-0.952133655548096
1547.53942871094,3.89731574058533,-0.82315856218338,-0.368169218301773,17.5833511352539,30.915584564209,359.053405761719,-0.145132705569267,-0.26460474729538,0.0486034341156483,-0.952133655548096
1548.04089355469,3.89731574058533,-0.82315856218338,-0.368169218301773,17.5833511352539,30.915584564209,359.053405761719,-0.145132705569267,-0.26460474729538,0.0486034341156483,-0.952133655548096
1548.54211425781,3.89930987358093,-0.823195397853851,-0.369378119707108,17.6506805419922,30.9144515991211,359.053070068359,-0.145692199468613,-0.264576405286789,0.0487589091062546,-0.952048182487488
1549.04284667969,3.93854475021362,-0.823917150497437,-0.393137872219086,15.9417638778687,30.9439029693604,359.061584472656,-0.13147659599781,-0.265274882316589,0.0448074117302895,-0.954115033149719
1549.54406738281,3.95628762245178,-0.824235796928406,-0.403903543949127,18.6942653656006,34.8854370117188,1.091064453125,-0.157756313681602,-0.294283509254456,0.0397194400429726,-0.941770970821381
1550.04528808594,3.95753169059753,-0.824207067489624,-0.404763221740723,18.4063777923584,34.8796539306641,1.08920454978943,-0.155389323830605,-0.294382393360138,0.0389800295233727,-0.942164421081543
1550.54638671875,3.98715615272522,-0.823558449745178,-0.425150454044342,20.3643703460693,34.9193992614746,1.10236835479736,-0.171467214822769,-0.293673664331436,0.0440052226185799,-0.939371287822723
1551.04760742188,4.02091646194458,-0.822819888591766,-0.448385953903198,17.3757667541504,34.859504699707,1.08293509483337,-0.146907970309258,-0.29472416639328,0.036330558359623,-0.943523168563843
1551.54895019531,4.04046678543091,-0.82239180803299,-0.461841702461243,17.2955837249756,34.8579444885254,1.08248090744019,-0.146247655153275,-0.294749796390533,0.0361241847276688,-0.943625628948212
1552.04992675781,4.05934953689575,-0.82197892665863,-0.474836051464081,17.444787979126,34.8609619140625,1.08337485790253,-0.14747641980648,-0.29470294713974,0.0365079827606678,-0.943434238433838
1552.55102539063,4.07110118865967,-0.821722090244293,-0.482920616865158,17.0124530792236,34.8524703979492,1.08085322380066,-0.143915325403214,-0.294839113950729,0.0353956520557404,-0.943983852863312
1553.05249023438,4.08844518661499,-0.821341693401337,-0.494851291179657,17.1023082733154,34.8542900085449,1.08137536048889,-0.144655629992485,-0.294811576604843,0.0356269143521786,-0.943870544433594
1553.55346679688,4.10073471069336,-0.821074545383453,-0.503304064273834,17.1368198394775,34.8550491333008,1.08158576488495,-0.144939929246902,-0.294801503419876,0.0357157327234745,-0.943826794624329
1554.0546875,4.03549861907959,-0.822501301765442,-0.45841172337532,14.6404542922974,34.8064193725586,1.06827545166016,-0.124342411756516,-0.295510172843933,0.0292842853814363,-0.946760356426239
1554.55590820313,4.01611328125,-0.82273918390274,-0.444958686828613,13.8860311508179,35.021125793457,359.985687255859,-0.115243293344975,-0.298689633607864,0.0364895351231098,-0.946663677692413
1555.05725097656,4.01790332794189,-0.822738647460938,-0.446222573518753,10.3553295135498,35.3326988220215,0.0407308116555214,-0.0860958397388458,-0.302204638719559,0.0270494669675827,-0.948961675167084
1555.55822753906,4.02233791351318,-0.822734296321869,-0.449367552995682,34.8224067687988,35.3534736633301,0.0488379709422588,-0.285222738981247,-0.289612174034119,0.0904717743396759,-0.909168660640717
1556.05932617188,4.02663850784302,-0.822731554508209,-0.45241117477417,34.4112663269043,35.3532371520996,0.0487104877829552,-0.281959056854248,-0.289936155080795,0.0894316658377647,-0.910185813903809
1556.560546875,4.03874111175537,-0.822721302509308,-0.460988819599152,30.2862682342529,35.3494720458984,0.0466110967099667,-0.249019131064415,-0.292969137430191,0.0789390876889229,-0.919743061065674
1557.06188964844,4.04695606231689,-0.822712063789368,-0.466807305812836,30.5219573974609,35.3495635986328,0.0466940142214298,-0.250910341739655,-0.292805165052414,0.079541452229023,-0.919229209423065
1557.56298828125,4.04719877243042,-0.822712063789368,-0.466979622840881,31.0157222747803,35.3498802185059,0.0469342172145844,-0.254868984222412,-0.292458444833755,0.0808020308613777,-0.918139934539795
1558.06433105469,4.04720306396484,-0.822712063789368,-0.466979622840881,31.0156097412109,35.3497047424316,0.0469431281089783,-0.254868239164352,-0.29245713353157,0.0808013007044792,-0.918140590190887
1558.56518554688,4.047194480896,-0.822712063789368,-0.466979622840881,31.0155792236328,35.3498306274414,0.0470696240663528,-0.25486820936203,-0.292457908391953,0.0808004811406136,-0.918140470981598
1559.06665039063,4.04719877243042,-0.822710990905762,-0.466979622840881,31.0156307220459,35.3498802185059,0.0472051352262497,-0.254868924617767,-0.292457938194275,0.0807996243238449,-0.918140351772308
1559.56750488281,4.04719877243042,-0.822710990905762,-0.466979622840881,31.0158824920654,35.349796295166,0.0472899377346039,-0.254871219396591,-0.292456895112991,0.080799400806427,-0.918140053749084
1560.06896972656,4.04719877243042,-0.822710990905762,-0.466979622840881,31.0160121917725,35.349666595459,0.0473029501736164,-0.254872411489487,-0.292455762624741,0.0807993561029434,-0.918140113353729
1560.57043457031,4.04720306396484,-0.822710990905762,-0.466979622840881,31.0161666870117,35.3499298095703,0.0473857149481773,-0.254873633384705,-0.292457580566406,0.0807996615767479,-0.918139159679413
1561.07153320313,4.04719877243042,-0.822710990905762,-0.466979622840881,31.0161685943604,35.349925994873,0.0473857186734676,-0.254873692989349,-0.292457520961761,0.0807996615767479,-0.918139159679413
1561.57263183594,4.04719877243042,-0.822710990905762,-0.466979622840881,31.0162410736084,35.3499412536621,0.0473747961223125,-0.254874229431152,-0.292457610368729,0.0807999670505524,-0.918138921260834
1562.07385253906,4.04719877243042,-0.822710990905762,-0.46697935461998,31.016284942627,35.3498954772949,0.0472482927143574,-0.254874259233475,-0.292457520961761,0.0808009803295135,-0.918138921260834
1562.58984375,4.04719877243042,-0.822710990905762,-0.466979622840881,31.016284942627,35.3498916625977,0.0472472943365574,-0.254874259233475,-0.292457491159439,0.0808009803295135,-0.918138921260834
1563.091796875,4.04719877243042,-0.822710990905762,-0.466979622840881,31.016284942627,35.3498916625977,0.0472472943365574,-0.254874259233475,-0.292457491159439,0.0808009803295135,-0.918138921260834
1563.59313964844,4.04719877243042,-0.822710990905762,-0.466979622840881,31.016284942627,35.3498916625977,0.0472472943365574,-0.254874259233475,-0.292457491159439,0.0808009803295135,-0.918138921260834
1564.09387207031,4.04719877243042,-0.822710990905762,-0.466979622840881,31.016284942627,35.3498916625977,0.0472472943365574,-0.254874259233475,-0.292457491159439,0.0808009803295135,-0.918138921260834
1564.63989257813,4.04719877243042,-0.822710990905762,-0.466979622840881,31.0162830352783,35.3498954772949,0.0472482964396477,-0.254874259233475,-0.292457491159439,0.0808009803295135,-0.918138861656189
1565.16247558594,4.04719877243042,-0.822710990905762,-0.466979622840881,31.0162830352783,35.3498840332031,0.0472443103790283,-0.254874229431152,-0.292457431554794,0.0808009803295135,-0.918138921260834
1565.66650390625,4.047194480896,-0.822710990905762,-0.466979622840881,31.0160865783691,35.3500785827637,0.0471615344285965,-0.254872351884842,-0.292459279298782,0.0808015912771225,-0.918138742446899
1566.16906738281,4.047194480896,-0.822710990905762,-0.466979622840881,31.015926361084,35.3501434326172,0.0470528602600098,-0.254870712757111,-0.292460203170776,0.0808021947741508,-0.918138921260834
1566.67065429688,4.04719877243042,-0.822710990905762,-0.466979622840881,31.01584815979,35.3501243591309,0.0470269210636616,-0.254870057106018,-0.292460143566132,0.0808021500706673,-0.918139159679413
1567.17236328125,4.04719877243042,-0.822710990905762,-0.466979622840881,31.01584815979,35.3501243591309,0.0470269210636616,-0.254870057106018,-0.292460143566132,0.0808021500706673,-0.918139159679413
1567.67407226563,4.04719877243042,-0.822710990905762,-0.466979622840881,31.01584815979,35.3501243591309,0.0470269210636616,-0.254870057106018,-0.292460143566132,0.0808021500706673,-0.918139159679413
1568.17565917969,4.04719877243042,-0.822710990905762,-0.466979622840881,31.01584815979,35.3501243591309,0.0470269210636616,-0.254870057106018,-0.292460143566132,0.0808021500706673,-0.918139159679413
1568.67724609375,4.04719877243042,-0.822710990905762,-0.466979622840881,31.01584815979,35.3501243591309,0.0470269210636616,-0.254870057106018,-0.292460143566132,0.0808021500706673,-0.918139159679413
1569.17834472656,4.04719877243042,-0.822710990905762,-0.466979622840881,31.01584815979,35.3501243591309,0.0470269210636616,-0.254870057106018,-0.292460143566132,0.0808021500706673,-0.918139159679413
1569.67944335938,4.04719877243042,-0.822710990905762,-0.466979622840881,31.01584815979,35.3501243591309,0.0470269210636616,-0.254870057106018,-0.292460143566132,0.0808021500706673,-0.918139159679413
1570.1806640625,4.04719877243042,-0.822710990905762,-0.466979622840881,31.01584815979,35.3501243591309,0.0470269210636616,-0.254870057106018,-0.292460143566132,0.0808021500706673,-0.918139159679413
1570.68188476563,4.04719877243042,-0.822710990905762,-0.466979622840881,31.01584815979,35.3501243591309,0.0470269210636616,-0.254870057106018,-0.292460143566132,0.0808021500706673,-0.918139159679413
1571.18334960938,4.04719877243042,-0.822710990905762,-0.466979622840881,31.01584815979,35.3501243591309,0.0470269210636616,-0.254870057106018,-0.292460143566132,0.0808021500706673,-0.918139159679413
1571.68444824219,4.04719877243042,-0.822710990905762,-0.466979622840881,31.01584815979,35.3501243591309,0.0470269210636616,-0.254870057106018,-0.292460143566132,0.0808021500706673,-0.918139159679413
1572.18603515625,4.04719877243042,-0.822710990905762,-0.466979622840881,31.01584815979,35.3501243591309,0.0470269210636616,-0.254870057106018,-0.292460143566132,0.0808021500706673,-0.918139159679413
1572.68676757813,4.04720306396484,-0.822710990905762,-0.466979891061783,31.01584815979,35.3501243591309,0.0470269210636616,-0.254870057106018,-0.292460143566132,0.0808021500706673,-0.918139159679413
1573.18908691406,4.04720306396484,-0.822710990905762,-0.466979622840881,31.01584815979,35.3501243591309,0.0470269210636616,-0.254870057106018,-0.292460143566132,0.0808021500706673,-0.918139159679413
1573.68994140625,4.04719877243042,-0.822710990905762,-0.466979622840881,31.01584815979,35.3501243591309,0.0470269210636616,-0.254870057106018,-0.292460143566132,0.0808021500706673,-0.918139159679413
1574.19140625,4.04719877243042,-0.822710990905762,-0.466979622840881,31.01584815979,35.3501243591309,0.0470269210636616,-0.254870057106018,-0.292460143566132,0.0808021500706673,-0.918139159679413
1574.69287109375,4.04720306396484,-0.822710990905762,-0.466979622840881,31.01584815979,35.3501243591309,0.0470269210636616,-0.254870057106018,-0.292460143566132,0.0808021500706673,-0.918139159679413
1575.19384765625,4.04719877243042,-0.822710990905762,-0.466979622840881,31.01584815979,35.3501243591309,0.0470269210636616,-0.254870057106018,-0.292460143566132,0.0808021500706673,-0.918139159679413
1575.69506835938,4.04719877243042,-0.822710990905762,-0.466979622840881,31.01584815979,35.3501243591309,0.0470269210636616,-0.254870057106018,-0.292460143566132,0.0808021500706673,-0.918139159679413
1576.19555664063,4.04719877243042,-0.822710990905762,-0.466979622840881,31.01584815979,35.3501243591309,0.0470269210636616,-0.254870057106018,-0.292460143566132,0.0808021500706673,-0.918139159679413
1576.69689941406,4.04720306396484,-0.822710990905762,-0.466979622840881,31.01584815979,35.3501243591309,0.0470269210636616,-0.254870057106018,-0.292460143566132,0.0808021500706673,-0.918139159679413
1577.19836425781,4.047194480896,-0.822710990905762,-0.46697935461998,31.01584815979,35.3501243591309,0.0470269210636616,-0.254870057106018,-0.292460143566132,0.0808021500706673,-0.918139159679413
1577.69958496094,4.047194480896,-0.822710990905762,-0.466979622840881,31.01584815979,35.3501243591309,0.0470269210636616,-0.254870057106018,-0.292460143566132,0.0808021500706673,-0.918139159679413
1578.20068359375,4.04720306396484,-0.822710990905762,-0.466979622840881,31.01584815979,35.3501243591309,0.0470269210636616,-0.254870057106018,-0.292460143566132,0.0808021500706673,-0.918139159679413
1578.70104980469,4.04719877243042,-0.822710990905762,-0.466979622840881,31.01584815979,35.3501243591309,0.0470269210636616,-0.254870057106018,-0.292460143566132,0.0808021500706673,-0.918139159679413
1579.203125,4.04719877243042,-0.822710990905762,-0.466979622840881,31.01584815979,35.3501243591309,0.0470269210636616,-0.254870057106018,-0.292460143566132,0.0808021500706673,-0.918139159679413
1579.70446777344,4.04719877243042,-0.822710990905762,-0.466979622840881,31.01584815979,35.3501243591309,0.0470269210636616,-0.254870057106018,-0.292460143566132,0.0808021500706673,-0.918139159679413
1580.20544433594,4.04719877243042,-0.822710990905762,-0.466979622840881,31.01584815979,35.3501243591309,0.0470269210636616,-0.254870057106018,-0.292460143566132,0.0808021500706673,-0.918139159679413
1580.70654296875,4.047194480896,-0.822710990905762,-0.466979622840881,31.01584815979,35.3501243591309,0.0470269210636616,-0.254870057106018,-0.292460143566132,0.0808021500706673,-0.918139159679413
1581.20788574219,4.04719877243042,-0.822710990905762,-0.466979622840881,31.01584815979,35.3501243591309,0.0470269210636616,-0.254870057106018,-0.292460143566132,0.0808021500706673,-0.918139159679413
1581.70922851563,4.047194480896,-0.822710990905762,-0.466979622840881,31.01584815979,35.3501243591309,0.0470269210636616,-0.254870057106018,-0.292460143566132,0.0808021500706673,-0.918139159679413
1582.21032714844,4.04720306396484,-0.822710990905762,-0.466979622840881,31.01584815979,35.3501243591309,0.0470269210636616,-0.254870057106018,-0.292460143566132,0.0808021500706673,-0.918139159679413
1582.71081542969,4.04719877243042,-0.822710990905762,-0.466979622840881,31.01584815979,35.3501243591309,0.0470269210636616,-0.254870057106018,-0.292460143566132,0.0808021500706673,-0.918139159679413
1583.21179199219,4.04719877243042,-0.822710990905762,-0.466979622840881,31.01584815979,35.3501243591309,0.0470269210636616,-0.254870057106018,-0.292460143566132,0.0808021500706673,-0.918139159679413
1583.72521972656,4.047194480896,-0.822710990905762,-0.466979622840881,31.01584815979,35.3501243591309,0.0470269210636616,-0.254870057106018,-0.292460143566132,0.0808021500706673,-0.918139159679413
1584.22741699219,4.047194480896,-0.822710990905762,-0.466979622840881,31.01584815979,35.3501243591309,0.0470269210636616,-0.254870057106018,-0.292460143566132,0.0808021500706673,-0.918139159679413
1584.72888183594,4.04720306396484,-0.822710990905762,-0.466979891061783,31.01584815979,35.3501243591309,0.0470269210636616,-0.254870057106018,-0.292460143566132,0.0808021500706673,-0.918139159679413
1585.23022460938,4.04719877243042,-0.822710990905762,-0.466979622840881,31.01584815979,35.3501243591309,0.0470269210636616,-0.254870057106018,-0.292460143566132,0.0808021500706673,-0.918139159679413
1585.73132324219,4.04720306396484,-0.822710990905762,-0.466979622840881,31.01584815979,35.3501243591309,0.0470269210636616,-0.254870057106018,-0.292460143566132,0.0808021500706673,-0.918139159679413
1586.27685546875,4.04719877243042,-0.822710990905762,-0.466979622840881,31.01584815979,35.3501243591309,0.0470269210636616,-0.254870057106018,-0.292460143566132,0.0808021500706673,-0.918139159679413
1586.80139160156,4.04719877243042,-0.822710990905762,-0.466979622840881,31.01584815979,35.3501243591309,0.0470269210636616,-0.254870057106018,-0.292460143566132,0.0808021500706673,-0.918139159679413
1587.30358886719,4.04719877243042,-0.822710990905762,-0.466979622840881,31.01584815979,35.3501243591309,0.0470269210636616,-0.254870057106018,-0.292460143566132,0.0808021500706673,-0.918139159679413
1587.80505371094,4.04719877243042,-0.822710990905762,-0.466979622840881,31.01584815979,35.3501243591309,0.0470269210636616,-0.254870057106018,-0.292460143566132,0.0808021500706673,-0.918139159679413
1588.30688476563,4.04720306396484,-0.822710990905762,-0.466979891061783,31.01584815979,35.3501243591309,0.0470269210636616,-0.254870057106018,-0.292460143566132,0.0808021500706673,-0.918139159679413
1588.80847167969,4.04719877243042,-0.822710990905762,-0.466979622840881,31.01584815979,35.3501243591309,0.0470269210636616,-0.254870057106018,-0.292460143566132,0.0808021500706673,-0.918139159679413
1589.31030273438,4.047194480896,-0.822710990905762,-0.466979622840881,31.01584815979,35.3501243591309,0.0470269210636616,-0.254870057106018,-0.292460143566132,0.0808021500706673,-0.918139159679413
1589.8115234375,4.047194480896,-0.822710990905762,-0.466979622840881,31.01584815979,35.3501243591309,0.0470269210636616,-0.254870057106018,-0.292460143566132,0.0808021500706673,-0.918139159679413
1590.31262207031,4.04719877243042,-0.822710990905762,-0.466979622840881,31.01584815979,35.3501243591309,0.0470269210636616,-0.254870057106018,-0.292460143566132,0.0808021500706673,-0.918139159679413
1590.81384277344,4.04719877243042,-0.822710990905762,-0.466979622840881,31.01584815979,35.3501243591309,0.0470269210636616,-0.254870057106018,-0.292460143566132,0.0808021500706673,-0.918139159679413
1591.31469726563,4.04719877243042,-0.822710990905762,-0.466979622840881,31.01584815979,35.3501243591309,0.0470269210636616,-0.254870057106018,-0.292460143566132,0.0808021500706673,-0.918139159679413
1591.81689453125,4.04719877243042,-0.822710990905762,-0.466979622840881,31.5771541595459,24.3419532775879,4.52876091003418,-0.273780643939972,-0.192208379507065,0.0201541222631931,-0.942175149917603
1592.31787109375,3.97798800468445,-0.827742159366608,-0.439064055681229,36.6235847473145,24.8392887115479,4.80787181854248,-0.315129548311234,-0.19112953543663,0.028624564409256,-0.929162800312042
1592.81909179688,3.88939166069031,-0.834182143211365,-0.403331637382507,34.6623306274414,24.638822555542,4.69102907180786,-0.299126297235489,-0.191593185067177,0.0253379978239536,-0.934437572956085
1593.32067871094,3.85699272155762,-0.836537659168243,-0.390261948108673,30.3003005981445,25.0603923797607,3.89271473884583,-0.262089908123016,-0.200627878308296,0.0246655996888876,-0.943636000156403
1593.82202148438,3.86080312728882,-0.836522459983826,-0.392874538898468,30.1846828460693,36.6854667663574,359.775848388672,-0.24655120074749,-0.30432853102684,0.0837327614426613,-0.91628897190094
1594.32360839844,3.86255431175232,-0.836449325084686,-0.394451349973679,31.9455814361572,50.2363739013672,5.16717195510864,-0.267300605773926,-0.396452397108078,0.077453538775444,-0.874858260154724
1594.82495117188,3.84944558143616,-0.838046193122864,-0.379412561655045,31.729118347168,61.3662109375,8.37345886230469,-0.270302444696426,-0.472379267215729,0.078727699816227,-0.835222363471985
1595.32592773438,3.84136533737183,-0.839896619319916,-0.366987407207489,31.39013671875,61.3077049255371,8.3428783416748,-0.267804026603699,-0.472612142562866,0.0773147493600845,-0.836027085781097
1595.82678222656,3.83285164833069,-0.841846764087677,-0.353895246982574,30.7218704223633,61.1937141418457,8.28414726257324,-0.262872487306595,-0.473059445619583,0.0745274946093559,-0.837590932846069
1596.32849121094,3.83040690422058,-0.842404901981354,-0.350144773721695,30.0069961547852,61.073299407959,8.22334003448486,-0.257587283849716,-0.473518222570419,0.071543850004673,-0.839232265949249
1596.82958984375,3.83134317398071,-0.842190325260162,-0.351588845252991,30.6383361816406,61.1793556213379,8.27698612213135,-0.262255758047104,-0.473112434148788,0.0741780996322632,-0.837785303592682
1597.35437011719,3.83134317398071,-0.842190325260162,-0.351588845252991,30.6384525299072,61.1794738769531,8.27715587615967,-0.262257218360901,-0.47311270236969,0.0741776376962662,-0.837784767150879
1597.85791015625,3.83134317398071,-0.842190325260162,-0.351588547229767,29.2814483642578,68.2675857543945,9.76126098632813,-0.254646509885788,-0.523138761520386,0.0731779783964157,-0.810015976428986
1598.36010742188,3.83134317398071,-0.842190325260162,-0.351587742567062,29.5135898590088,64.2037353515625,3.03347992897034,-0.229298382997513,-0.508006155490875,0.113633207976818,-0.822459399700165
1598.86071777344,3.83134317398071,-0.842190325260162,-0.351587742567062,30.2484836578369,61.0699119567871,26.3129405975342,-0.33046618103981,-0.426441192626953,-0.0601742826402187,-0.839832782745361
1599.36254882813,3.83134746551514,-0.842189788818359,-0.351587742567062,30.3485698699951,60.8395767211914,28.1334133148193,-0.337727576494217,-0.419161945581436,-0.0737239494919777,-0.839528501033783
1599.86328125,3.83133888244629,-0.842190325260162,-0.351587742567062,26.7541618347168,68.7770767211914,27.0640239715576,-0.314194798469543,-0.489550232887268,-0.0608103461563587,-0.811125338077545
1600.36462402344,3.83134317398071,-0.842190325260162,-0.351587742567062,25.4236106872559,71.4581069946289,31.6769599914551,-0.327319532632828,-0.499260097742081,-0.092508889734745,-0.796896040439606
1600.86608886719,3.83134317398071,-0.842189788818359,-0.351587742567062,21.3847846984863,77.3861541748047,44.9590034484863,-0.368685871362686,-0.512248575687408,-0.186072766780853,-0.753026604652405
1601.36767578125,3.83134317398071,-0.842190325260162,-0.351587742567062,26.0170497894287,71.7378921508789,38.7148895263672,-0.361326456069946,-0.478161692619324,-0.137273564934731,-0.788644850254059
1601.86950683594,3.83134317398071,-0.842190325260162,-0.351587474346161,37.9803085327148,47.1771545410156,19.6743793487549,-0.358478039503098,-0.321873873472214,-0.0197499468922615,-0.876071155071259
1602.36950683594,3.83134317398071,-0.842190325260162,-0.351587206125259,41.0579643249512,16.4090766906738,352.837890625,-0.338066667318344,-0.1550632417202,0.107842199504375,-0.921974182128906
1602.87048339844,3.83134317398071,-0.842190325260162,-0.351587206125259,38.6891136169434,358.190277099609,357.558715820313,-0.331449180841446,0.00784169510006905,0.0148675367236137,-0.943323373794556
1603.37158203125,3.83134317398071,-0.842190325260162,-0.351587206125259,38.6172485351563,355.423614501953,359.187591552734,-0.330651581287384,0.0353368408977985,-0.00651609431952238,-0.94306868314743
1603.87365722656,3.83134317398071,-0.842190325260162,-0.351587206125259,38.6172485351563,355.423614501953,359.187591552734,-0.330651581287384,0.0353368408977985,-0.00651609431952238,-0.94306868314743
1604.37414550781,3.81799173355103,-0.842041850090027,-0.352537095546722,40.4814872741699,355.388854980469,359.165466308594,-0.345951080322266,0.035226184874773,-0.00709014479070902,-0.937564253807068
1604.875,3.76717829704285,-0.841476678848267,-0.35615211725235,35.6935043334961,355.474639892578,359.218444824219,-0.306482344865799,0.0354916267096996,-0.00561236822977662,-0.951197922229767
1605.37683105469,3.75758957862854,-0.841371059417725,-0.356835126876831,33.4008712768555,355.512054443359,359.239654541016,-0.287389934062958,0.0355969667434692,-0.00490111019462347,-0.957139492034912
1605.87841796875,3.76104426383972,-0.841408431529999,-0.356589108705521,32.5915298461914,355.524810791016,359.246612548828,-0.280622124671936,0.0356306806206703,-0.00464955344796181,-0.959145486354828
1606.37951660156,3.74645304679871,-0.841245889663696,-0.357627332210541,33.1351280212402,355.516296386719,359.241973876953,-0.285169333219528,0.0356081016361713,-0.00481853447854519,-0.95780336856842
1606.88024902344,3.73489212989807,-0.841117441654205,-0.35844960808754,34.9212341308594,344.925994873047,4.3966178894043,-0.29243940114975,0.136440694332123,-0.0756023302674294,-0.943476319313049
1607.38146972656,3.73489212989807,-0.841117441654205,-0.35844960808754,35.367244720459,334.093627929688,4.63549327850342,-0.287152141332626,0.225360468029976,-0.105583682656288,-0.924991071224213
1607.88220214844,3.73489212989807,-0.841117441654205,-0.35844960808754,35.6162109375,332.126098632813,11.6168270111084,-0.272095710039139,0.258176058530807,-0.166799083352089,-0.911859154701233
1608.38391113281,3.73488759994507,-0.841117978096008,-0.358449339866638,35.6164741516113,332.125946044922,11.6167440414429,-0.272097796201706,0.258177071809769,-0.166799232363701,-0.911858260631561
1608.88525390625,3.73489212989807,-0.841117441654205,-0.358449876308441,35.5066871643066,332.8056640625,10.0608224868774,-0.275599777698517,0.249023541808128,-0.15257702767849,-0.915834248065948
1609.38586425781,3.73489212989807,-0.841117978096008,-0.35844960808754,34.539005279541,340.510925292969,351.414031982422,-0.303861290216446,0.139269918203354,0.0203454773873091,-0.942262291908264
1609.88732910156,3.73488759994507,-0.841117441654205,-0.358449339866638,34.3892860412598,339.458435058594,347.214996337891,-0.308037638664246,0.136886090040207,0.052277036011219,-0.940022468566895
1610.38891601563,3.73489212989807,-0.841117978096008,-0.35844960808754,34.3951034545898,339.493438720703,349.458465576172,-0.305335819721222,0.142595693469048,0.0339478030800819,-0.94089537858963
1610.89050292969,3.73489212989807,-0.841117441654205,-0.35844960808754,34.4899482727051,339.430786132813,2.61192917823792,-0.287732630968094,0.177115648984909,-0.0743322893977165,-0.93825089931488
1611.39135742188,3.73489212989807,-0.841117441654205,-0.35844960808754,34.5175895690918,339.166290283203,11.1837329864502,-0.273584634065628,0.200279146432877,-0.144909039139748,-0.929538130760193
1611.89245605469,3.73489212989807,-0.841117441654205,-0.358449876308441,34.5177345275879,339.166259765625,11.1835603713989,-0.273586064577103,0.200279057025909,-0.144907906651497,-0.929537951946259
1612.39404296875,3.73489212989807,-0.841117441654205,-0.35844960808754,34.5177154541016,339.166259765625,11.1835632324219,-0.273585915565491,0.200278878211975,-0.144907847046852,-0.929538011550903
1612.89416503906,3.73489212989807,-0.841116905212402,-0.358449876308441,34.4740219116211,339.379913330078,357.530151367188,-0.295156747102737,0.164613515138626,-0.0327707901597023,-0.940590798854828
1613.39636230469,3.7348964214325,-0.841117441654205,-0.358449876308441,34.4739646911621,339.379974365234,357.530242919922,-0.295156210660934,0.164613291621208,-0.0327713079750538,-0.940590977668762
1613.89709472656,3.7348964214325,-0.841117441654205,-0.358449876308441,34.473949432373,339.380065917969,357.5302734375,-0.295156031847,0.164612621068954,-0.0327714160084724,-0.940591156482697
1614.39782714844,3.73488759994507,-0.841117978096008,-0.358449876308441,34.4550437927246,335.110687255859,3.08943653106689,-0.283554643392563,0.213549911975861,-0.0889425128698349,-0.930635571479797
1614.90002441406,3.73489212989807,-0.841116905212402,-0.358449876308441,34.4755592346191,334.630035400391,3.59661149978638,-0.282380968332291,0.218696281313896,-0.0942810103297234,-0.92927074432373
1615.40100097656,3.73489212989807,-0.841117441654205,-0.358449876308441,34.475528717041,334.630035400391,3.59663796424866,-0.282380700111389,0.218696504831314,-0.0942812263965607,-0.92927074432373
1615.90222167969,3.73489212989807,-0.841117441654205,-0.358449876308441,34.4755973815918,334.630004882813,3.59661960601807,-0.282381236553192,0.218696638941765,-0.0942812561988831,-0.929270565509796
1616.40356445313,3.73489212989807,-0.841117441654205,-0.358449876308441,34.7006454467773,329.629180908203,2.88564562797546,-0.281413942575455,0.2571921646595,-0.101284727454185,-0.918912351131439
1616.90380859375,3.72057819366455,-0.841816425323486,-0.367398142814636,34.8669013977051,329.639251708984,2.89144587516785,-0.282748460769653,0.257045954465866,-0.101658418774605,-0.91850221157074
1617.404296875,3.68956637382507,-0.843332588672638,-0.386786729097366,34.0921401977539,329.592041015625,2.86470007896423,-0.276524156332016,0.257727921009064,-0.0999159291386604,-0.920395374298096
1617.90649414063,3.68956637382507,-0.843332588672638,-0.386786729097366,32.8712043762207,353.408905029297,8.91014766693115,-0.277333170175552,0.0769124776124954,-0.0905961096286774,-0.95339560508728
1618.40710449219,3.68956637382507,-0.843333125114441,-0.386786729097366,26.6210594177246,19.7420043945313,17.4643039703369,-0.249517872929573,-0.130456760525703,-0.1065394282341,-0.953609585762024
1618.90808105469,3.68956637382507,-0.843333125114441,-0.386786460876465,21.9015560150146,37.3207359313965,11.5750799179077,-0.210739061236382,-0.294381201267242,-0.0333281382918358,-0.931567549705505
1619.40942382813,3.68956637382507,-0.843333125114441,-0.386786729097366,22.4467906951904,33.7269477844238,6.52901840209961,-0.202166616916656,-0.273475646972656,0.00291575794108212,-0.940388917922974
1619.91076660156,3.68956637382507,-0.843333125114441,-0.386786997318268,23.4741401672363,19.1897792816162,2.82005953788757,-0.20453017950058,-0.158210724592209,0.0101404301822186,-0.965936839580536
1620.41247558594,3.68956637382507,-0.843333125114441,-0.386786729097366,24.8211727142334,0.398413449525833,4.48141002655029,-0.214882895350456,0.00500969775021076,-0.0374372228980064,-0.975909233093262
1620.91296386719,3.68956637382507,-0.843333125114441,-0.386786460876465,27.1903038024902,337.309661865234,7.35736560821533,-0.217723831534386,0.205600365996361,-0.107290223240852,-0.94805783033371
1621.41430664063,3.68956637382507,-0.843333125114441,-0.386786460876465,28.3893032073975,328.959503173828,13.4049768447876,-0.204383790493011,0.285213023424149,-0.174190908670425,-0.920075237751007
1621.91540527344,3.68956637382507,-0.843333125114441,-0.386786460876465,27.9672241210938,332.234985351563,4.6048436164856,-0.225043103098869,0.242057651281357,-0.0957760959863663,-0.938930630683899
1622.4169921875,3.68956637382507,-0.843333125114441,-0.386786460876465,27.9671840667725,332.235137939453,4.60489416122437,-0.225042819976807,0.242056474089622,-0.0957761257886887,-0.938930988311768
1622.91784667969,3.68956637382507,-0.843333125114441,-0.386786460876465,27.9175987243652,335.387634277344,358.787902832031,-0.237856075167656,0.20433720946312,-0.0413813851773739,-0.948661386966705
1623.41979980469,3.68956208229065,-0.843333125114441,-0.386786192655563,27.9173011779785,335.387603759766,358.787963867188,-0.237853467464447,0.204337954521179,-0.0413814373314381,-0.948661863803864
1623.92065429688,3.68956208229065,-0.843333125114441,-0.386786460876465,27.9441909790039,334.870880126953,6.86925840377808,-0.222596511244774,0.22484290599823,-0.109175309538841,-0.942325472831726
1624.42163085938,3.68956637382507,-0.843333125114441,-0.386786460876465,27.9251403808594,335.186950683594,359.994232177734,-0.235663816332817,0.208486810326576,-0.051792286336422,-0.947794020175934
1624.92358398438,3.68956637382507,-0.843333125114441,-0.386786460876465,27.9249801635742,335.187042236328,-0.00571993226185441,-0.23566247522831,0.208486109972,-0.0517920814454556,-0.947794497013092
1625.42468261719,3.68956637382507,-0.843333125114441,-0.386786460876465,27.924898147583,335.187164306641,-0.00571461347863078,-0.235661834478378,0.208485171198845,-0.0517917238175869,-0.947794914245605
1625.92504882813,3.68956637382507,-0.843333125114441,-0.386787533760071,28.0212726593018,331.576751708984,5.48879623413086,-0.223018258810043,0.249164566397667,-0.104403160512447,-0.93663227558136
1626.42663574219,3.68956637382507,-0.843333125114441,-0.386788636445999,27.4238090515137,343.971893310547,2.15993213653564,-0.232130527496338,0.139842689037323,-0.0511731691658497,-0.961218416690826
1626.92810058594,3.68956637382507,-0.843333125114441,-0.386788636445999,25.5080852508545,10.6638994216919,7.86993455886841,-0.225512430071831,-0.0753350332379341,-0.0461748465895653,-0.970225036144257
1627.42907714844,3.68956637382507,-0.843333125114441,-0.386788636445999,23.5042476654053,21.6827831268311,14.3713827133179,-0.22150582075119,-0.157679378986359,-0.082268550992012,-0.958803594112396
1627.93029785156,3.68956637382507,-0.843333125114441,-0.386788636445999,19.2790145874023,37.7001037597656,21.1231346130371,-0.214167311787605,-0.284088462591171,-0.117827594280243,-0.927115380764008
1628.43078613281,3.68956637382507,-0.843333125114441,-0.386788070201874,15.9413442611694,44.8735656738281,34.793041229248,-0.235315218567848,-0.322366982698441,-0.223177373409271,-0.889324545860291
1628.9326171875,3.68956637382507,-0.843333125114441,-0.386788070201874,7.7477011680603,57.1096343994141,33.7566070556641,-0.195250898599625,-0.439134448766708,-0.223537802696228,-0.847979366779327
1629.43347167969,3.68956637382507,-0.843333125114441,-0.386788070201874,10.5151844024658,53.4330673217773,39.567310333252,-0.228547692298889,-0.393557697534561,-0.262298285961151,-0.850927710533142
1629.9345703125,3.68956637382507,-0.843333125114441,-0.386788070201874,10.5151424407959,53.4328765869141,39.5674018859863,-0.228547275066376,-0.393556237220764,-0.262299507856369,-0.850928068161011
1630.43542480469,3.68956637382507,-0.843333125114441,-0.386788070201874,10.5999174118042,53.3262329101563,38.1803550720215,-0.224144488573074,-0.395254641771317,-0.251856535673141,-0.854459702968597
1630.93701171875,3.68956637382507,-0.843333125114441,-0.386788070201874,14.2168130874634,48.7771911621094,40.150016784668,-0.246503621339798,-0.346168786287308,-0.262224078178406,-0.866395831108093
1631.43774414063,3.68956637382507,-0.843333125114441,-0.386788070201874,14.2166910171509,48.7773628234863,40.1499061584473,-0.246502786874771,-0.346170693635941,-0.262223303318024,-0.866395533084869
1631.93933105469,3.68956637382507,-0.843333125114441,-0.386788070201874,14.216534614563,48.7777709960938,40.1498832702637,-0.24650251865387,-0.346174329519272,-0.262222856283188,-0.866394340991974
1632.44006347656,3.68956637382507,-0.843333125114441,-0.386788070201874,14.2164964675903,48.7784309387207,40.149715423584,-0.246503233909607,-0.346179813146591,-0.262220233678818,-0.86639267206192
1632.94165039063,3.68956637382507,-0.843333125114441,-0.386788070201874,15.098653793335,47.6907539367676,39.6833534240723,-0.24906013906002,-0.336187124252319,-0.257798373699188,-0.870911777019501
1633.44262695313,3.68956637382507,-0.843333125114441,-0.386788070201874,15.0985307693481,47.6911239624023,39.6833381652832,-0.249060034751892,-0.33619037270546,-0.25779789686203,-0.870910704135895
1633.95874023438,3.68956637382507,-0.843333125114441,-0.386788070201874,15.0987329483032,47.69140625,39.6830444335938,-0.249061271548271,-0.336192518472672,-0.257794350385666,-0.870910584926605
1634.46008300781,3.68956637382507,-0.843333661556244,-0.386788070201874,15.0988063812256,47.6913642883301,39.6828002929688,-0.249061018228531,-0.336192518472672,-0.257792294025421,-0.870911240577698
1634.96118164063,3.68956637382507,-0.843333661556244,-0.386788070201874,15.0988245010376,47.6913719177246,39.6828689575195,-0.2490613758564,-0.33619236946106,-0.257792741060257,-0.870911061763763
1635.46240234375,3.68956637382507,-0.843333661556244,-0.386788070201874,15.0988025665283,47.6913032531738,39.6829299926758,-0.249061226844788,-0.336191743612289,-0.257793456315994,-0.870911121368408
1635.96301269531,3.68956637382507,-0.843333125114441,-0.386788070201874,15.0987634658813,47.690975189209,39.6827278137207,-0.249059617519379,-0.336189836263657,-0.257792770862579,-0.870912551879883
1636.47619628906,3.68956637382507,-0.843333661556244,-0.386788070201874,15.0986080169678,47.6908340454102,39.6825485229492,-0.24905763566494,-0.3361896276474,-0.257792264223099,-0.870913326740265
1636.98010253906,3.68956637382507,-0.843333661556244,-0.386788070201874,15.0987854003906,47.6911811828613,39.6820755004883,-0.249058336019516,-0.336192756891251,-0.257787257432938,-0.87091338634491
1637.48168945313,3.68956637382507,-0.843333661556244,-0.386788070201874,15.0988655090332,47.691535949707,39.6819000244141,-0.249059185385704,-0.336195588111877,-0.257784873247147,-0.870912790298462
1637.98303222656,3.68956637382507,-0.843333661556244,-0.386788070201874,15.0986404418945,47.6917266845703,39.6821174621582,-0.24905863404274,-0.336197257041931,-0.257786929607391,-0.870911657810211
1638.48413085938,3.68956637382507,-0.843333661556244,-0.386788070201874,15.0986423492432,47.691722869873,39.6821174621582,-0.24905863404274,-0.336197257041931,-0.257786959409714,-0.870911717414856
1638.98571777344,3.68956637382507,-0.843333661556244,-0.386788070201874,15.0986442565918,47.6917266845703,39.6821212768555,-0.249058663845062,-0.336197257041931,-0.257786959409714,-0.870911657810211
1639.48718261719,3.68956637382507,-0.843333661556244,-0.386788070201874,15.0986442565918,47.6917266845703,39.6821212768555,-0.249058663845062,-0.336197257041931,-0.257786959409714,-0.870911657810211
1639.98852539063,3.68956637382507,-0.843333661556244,-0.386788070201874,15.0986442565918,47.6917266845703,39.6821212768555,-0.249058663845062,-0.336197257041931,-0.257786959409714,-0.870911657810211
1640.4892578125,3.68956637382507,-0.843333661556244,-0.386788070201874,15.0986442565918,47.6917266845703,39.6821212768555,-0.249058663845062,-0.336197257041931,-0.257786959409714,-0.870911657810211
1640.99072265625,3.68956637382507,-0.843333661556244,-0.386788070201874,15.0986404418945,47.6917266845703,39.6821174621582,-0.24905863404274,-0.336197257041931,-0.257786929607391,-0.870911657810211
1641.4912109375,3.68956637382507,-0.843333661556244,-0.386788070201874,15.0986404418945,47.6917266845703,39.6821174621582,-0.24905863404274,-0.336197257041931,-0.257786929607391,-0.870911657810211
1641.99243164063,3.68956637382507,-0.843333661556244,-0.386788070201874,15.0986404418945,47.6917266845703,39.6821174621582,-0.24905863404274,-0.336197257041931,-0.257786929607391,-0.870911657810211
1642.49389648438,3.68956637382507,-0.843333661556244,-0.386788070201874,15.0986404418945,47.6917266845703,39.6821174621582,-0.24905863404274,-0.336197257041931,-0.257786929607391,-0.870911657810211
1642.9951171875,3.68956637382507,-0.843333661556244,-0.386788070201874,15.0986423492432,47.691722869873,39.6821174621582,-0.24905863404274,-0.336197257041931,-0.257786959409714,-0.870911717414856
1643.49645996094,3.68956637382507,-0.843334197998047,-0.386787801980972,15.0986423492432,47.691722869873,39.6821174621582,-0.24905863404274,-0.336197257041931,-0.257786959409714,-0.870911717414856
1643.99755859375,3.68956637382507,-0.843333661556244,-0.386788070201874,15.0986423492432,47.691722869873,39.6821174621582,-0.24905863404274,-0.336197257041931,-0.257786959409714,-0.870911717414856
1644.49853515625,3.68956637382507,-0.843333661556244,-0.386788070201874,15.0986423492432,47.691722869873,39.6821174621582,-0.24905863404274,-0.336197257041931,-0.257786959409714,-0.870911717414856
1644.99951171875,3.68956637382507,-0.843334197998047,-0.386788070201874,15.0986404418945,47.6917266845703,39.6821174621582,-0.24905863404274,-0.336197257041931,-0.257786929607391,-0.870911657810211
1645.50085449219,3.68956637382507,-0.843333661556244,-0.386788070201874,15.0986423492432,47.691722869873,39.6821174621582,-0.24905863404274,-0.336197257041931,-0.257786959409714,-0.870911717414856
1646.00219726563,3.68956637382507,-0.843333661556244,-0.386788070201874,15.0986423492432,47.691722869873,39.6821174621582,-0.24905863404274,-0.336197257041931,-0.257786959409714,-0.870911717414856
1646.50317382813,3.68956637382507,-0.843333661556244,-0.386788070201874,15.0986404418945,47.6917266845703,39.6821174621582,-0.24905863404274,-0.336197257041931,-0.257786929607391,-0.870911657810211
1647.0048828125,3.68956637382507,-0.843333661556244,-0.386788070201874,15.0986404418945,47.6917266845703,39.6821174621582,-0.24905863404274,-0.336197257041931,-0.257786929607391,-0.870911657810211
1647.50610351563,3.68956637382507,-0.843334197998047,-0.386788070201874,9.49370861053467,55.9379692077637,32.0205421447754,-0.199162378907204,-0.42909774184227,-0.205454558134079,-0.856736838817596
1648.00732421875,3.68956637382507,-0.843333661556244,-0.386788070201874,8.38051223754883,57.2996864318848,8.08107852935791,-0.0976563692092896,-0.472467124462128,-0.026723962277174,-0.87551349401474
1648.5087890625,3.68956637382507,-0.843333661556244,-0.386788070201874,8.27833366394043,49.9246444702148,343.243316650391,-0.0034062322229147,-0.425963848829269,0.161889344453812,-0.890132069587708
1649.009765625,3.68956637382507,-0.843333661556244,-0.386788070201874,8.36916446685791,49.7918663024902,336.919036865234,0.0191442426294088,-0.424603164196014,0.211082920432091,-0.880221426486969
1649.51159667969,3.68956637382507,-0.843333661556244,-0.386787533760071,8.62155723571777,49.7797393798828,1.91628324985504,-0.0751931667327881,-0.418485969305038,0.0165053606033325,-0.904954791069031
1650.0126953125,3.68956637382507,-0.843333661556244,-0.386787533760071,8.35795974731445,50.2334480285645,26.9850997924805,-0.162932887673378,-0.396256446838379,-0.180617809295654,-0.885330975055695
1650.51318359375,3.68956637382507,-0.843333661556244,-0.386787265539169,8.70483779907227,49.7157821655273,35.0699081420898,-0.191946983337402,-0.37893334031105,-0.242166042327881,-0.872308194637299
1651.01477050781,3.68956637382507,-0.843333661556244,-0.386787265539169,9.01552200317383,49.0625915527344,23.2891578674316,-0.153571009635925,-0.390955597162247,-0.15109296143055,-0.894841134548187
1651.515625,3.68956637382507,-0.843333661556244,-0.386787265539169,9.01544189453125,49.0627632141113,23.2893199920654,-0.153571173548698,-0.390956848859787,-0.151094287633896,-0.89484030008316
1652.01647949219,3.68956637382507,-0.843333661556244,-0.386785924434662,9.14491558074951,48.6055488586426,9.60739517211914,-0.106755159795284,-0.40272331237793,-0.0433841943740845,-0.908039152622223
1652.51818847656,3.68956637382507,-0.843333125114441,-0.386785924434662,9.62043285369873,47.367504119873,31.8086223602295,-0.183540865778923,-0.36390745639801,-0.217673435807228,-0.886849701404572
1653.01989746094,3.68956637382507,-0.843333661556244,-0.386785924434662,10.7754402160645,45.7405052185059,39.5914077758789,-0.2124412804842,-0.334764212369919,-0.276329815387726,-0.875467598438263
1653.52038574219,3.68956637382507,-0.843334197998047,-0.386785924434662,10.7755117416382,45.7402954101563,39.5914497375488,-0.212441429495811,-0.334762334823608,-0.276330292224884,-0.875468134880066
1654.02185058594,3.68956637382507,-0.843334197998047,-0.386785924434662,11.6198740005493,44.8380165100098,47.4550971984863,-0.238340944051743,-0.309690892696381,-0.334721595048904,-0.857465207576752
1654.5224609375,3.68956637382507,-0.843333661556244,-0.386785924434662,11.6199703216553,44.8379516601563,47.4551963806152,-0.238341718912125,-0.309689849615097,-0.33472216129303,-0.857465147972107
1655.02380371094,3.68956637382507,-0.843333661556244,-0.386785924434662,13.2020816802979,43.5990524291992,55.5137100219727,-0.266256332397461,-0.2767413854599,-0.39177206158638,-0.836084008216858
1655.52514648438,3.68956637382507,-0.843334197998047,-0.386784553527832,13.2113485336304,43.5928840637207,56.6003723144531,-0.268911153078079,-0.274120897054672,-0.39966693520546,-0.832352638244629
1656.02600097656,3.68956637382507,-0.843334197998047,-0.386784285306931,13.1934747695923,43.6045989990234,60.7740936279297,-0.27863797545433,-0.264308869838715,-0.429741203784943,-0.817205190658569
1656.52709960938,3.68956637382507,-0.843334197998047,-0.386784553527832,13.1933298110962,43.6047782897949,60.7746543884277,-0.278638988733292,-0.26430943608284,-0.429745227098465,-0.817202508449554
1657.02758789063,3.68956637382507,-0.843334197998047,-0.386784553527832,13.1932401657104,43.6052474975586,60.7751350402832,-0.278641223907471,-0.264311999082565,-0.429747760295868,-0.81719958782196
1657.52954101563,3.68956637382507,-0.843334197998047,-0.386784553527832,13.1933898925781,43.6052093505859,60.7753257751465,-0.278642565011978,-0.264310628175735,-0.429748773574829,-0.817199051380157
1658.03076171875,3.68956637382507,-0.843334197998047,-0.386784553527832,13.1934156417847,43.6051902770996,60.7753868103027,-0.278642803430557,-0.264310210943222,-0.42974916100502,-0.817198872566223
1658.53210449219,3.68956637382507,-0.843334197998047,-0.386784553527832,13.1935043334961,43.6051330566406,60.7754669189453,-0.278643369674683,-0.264309227466583,-0.429749608039856,-0.817198812961578
1659.03308105469,3.68956637382507,-0.843334197998047,-0.386784553527832,13.1936655044556,43.6053771972656,60.7754287719727,-0.278645277023315,-0.264310359954834,-0.429748147726059,-0.817198514938354
1659.53393554688,3.68954491615295,-0.843334197998047,-0.386784553527832,13.1939687728882,43.6052207946777,60.7752227783203,-0.278646260499954,-0.264308393001556,-0.429746091365814,-0.817199885845184
1660.03601074219,3.69686198234558,-0.830662250518799,-0.389655619859695,13.7965383529663,44.7187194824219,61.0349388122559,-0.287466257810593,-0.26894012093544,-0.426861882209778,-0.814139664173126
1660.537109375,3.71300959587097,-0.802696824073792,-0.395990490913391,17.6703128814697,52.2957458496094,63.0933456420898,-0.345327496528625,-0.298971027135849,-0.406393140554428,-0.791334211826324
1661.03833007813,3.72864985466003,-0.775639593601227,-0.402120023965836,17.5406150817871,52.028148651123,63.0123481750488,-0.343350142240524,-0.297955691814423,-0.407138139009476,-0.792194247245789
1661.5400390625,3.73956942558289,-0.758378624916077,-0.406678140163422,13.8537645339966,44.8254470825195,61.0601997375488,-0.288306266069412,-0.269382238388062,-0.426582306623459,-0.81384289264679
1662.041015625,3.73834252357483,-0.76112961769104,-0.406262546777725,16.2713241577148,49.4653968811035,62.2668800354004,-0.324164360761642,-0.2880619764328,-0.414198398590088,-0.80023592710495
1662.54162597656,3.73833823204041,-0.761130154132843,-0.406262010335922,16.9232120513916,49.1446914672852,66.3112640380859,-0.336987555027008,-0.271159797906876,-0.440743297338486,-0.786547660827637
1663.04272460938,3.73833394050598,-0.761130154132843,-0.406262010335922,16.9231815338135,49.1447486877441,66.3113708496094,-0.336987853050232,-0.271160036325455,-0.440743952989578,-0.786547005176544
1663.54443359375,3.73833394050598,-0.761130154132843,-0.406262010335922,16.9231815338135,49.1447486877441,66.3113708496094,-0.336987853050232,-0.271160036325455,-0.440743952989578,-0.786547005176544
1664.04528808594,3.73833823204041,-0.761130154132843,-0.406262010335922,16.9231815338135,49.1447486877441,66.3113708496094,-0.336987853050232,-0.271160036325455,-0.440743952989578,-0.786547005176544
1664.54663085938,3.73833394050598,-0.761130154132843,-0.406262010335922,16.9231815338135,49.1447486877441,66.3113708496094,-0.336987853050232,-0.271160036325455,-0.440743952989578,-0.786547005176544
1665.04772949219,3.73833823204041,-0.761130154132843,-0.406262010335922,16.9231815338135,49.1447486877441,66.3113708496094,-0.336987853050232,-0.271160036325455,-0.440743952989578,-0.786547005176544
1665.54907226563,3.73833823204041,-0.761130154132843,-0.406262010335922,16.9231815338135,49.1447486877441,66.3113708496094,-0.336987853050232,-0.271160036325455,-0.440743952989578,-0.786547005176544
1666.05017089844,3.73833823204041,-0.761130154132843,-0.406262010335922,16.7100963592529,48.6391334533691,66.1650848388672,-0.333354443311691,-0.269123166799545,-0.441990613937378,-0.78809380531311
1666.55151367188,3.73861575126648,-0.738866746425629,-0.411250382661819,16.8545532226563,48.9818115234375,66.2642288208008,-0.335818141698837,-0.270504891872406,-0.441148281097412,-0.787046074867249
1667.05236816406,3.73770546913147,-0.739602625370026,-0.410096764564514,17.603141784668,50.7871017456055,66.7989196777344,-0.348682582378387,-0.277705550193787,-0.436651587486267,-0.78143173456192
1667.55346679688,3.73729777336121,-0.74174565076828,-0.408245205879211,17.6031665802002,50.787109375,66.7989349365234,-0.348682790994644,-0.277705401182175,-0.436651557683945,-0.781431674957275
1668.05493164063,3.73729348182678,-0.74174565076828,-0.408244669437408,17.6032218933105,50.7873954772949,66.7989959716797,-0.348684400320053,-0.277706891298294,-0.436650931835175,-0.781430780887604
1668.55603027344,3.73729777336121,-0.741746187210083,-0.40824493765831,17.6032791137695,50.7873077392578,66.7988586425781,-0.348684042692184,-0.277706444263458,-0.436650037765503,-0.781431615352631
1669.0576171875,3.73729348182678,-0.741746187210083,-0.40824493765831,17.6034526824951,50.7867088317871,66.7990341186523,-0.348683267831802,-0.277700990438461,-0.436652392148972,-0.781432569026947
1669.55859375,3.73729777336121,-0.741746187210083,-0.40824493765831,17.6035175323486,50.7867240905762,66.7988433837891,-0.348683267831802,-0.277701407670975,-0.436650782823563,-0.781433343887329
1670.07531738281,3.73729777336121,-0.741746187210083,-0.40824493765831,17.6033172607422,50.7870864868164,66.7985916137695,-0.348682820796967,-0.277705579996109,-0.43664875626564,-0.781433165073395
1670.57653808594,3.73729777336121,-0.741746187210083,-0.408244669437408,17.6033973693848,50.7871246337891,66.7982711791992,-0.348682701587677,-0.277706414461136,-0.436646163463593,-0.781434416770935
1671.07763671875,3.73729777336121,-0.741746187210083,-0.408244669437408,17.6032028198242,50.7870635986328,66.7981338500977,-0.348680913448334,-0.277707368135452,-0.436646103858948,-0.781434893608093
1671.57897949219,3.73729777336121,-0.741746187210083,-0.408244669437408,17.6029090881348,50.7868309020996,66.7976760864258,-0.348677098751068,-0.277708560228348,-0.43664476275444,-0.781436860561371
1672.12585449219,3.73729777336121,-0.741746187210083,-0.408244669437408,17.6025676727295,50.7865295410156,66.7969665527344,-0.348672121763229,-0.277710288763046,-0.436642199754715,-0.781439960002899
1672.65051269531,3.73729348182678,-0.741747856140137,-0.408242493867874,17.6024265289307,50.7867584228516,66.7967071533203,-0.348671466112137,-0.277713298797607,-0.436640232801437,-0.781440258026123
1673.15393066406,3.73729777336121,-0.741747260093689,-0.408243060112,17.6024875640869,50.7865943908691,66.7967834472656,-0.348671406507492,-0.277711689472198,-0.436641037464142,-0.781440436840057
1673.65515136719,3.73729777336121,-0.741750001907349,-0.408242762088776,17.6023445129395,50.7864418029785,66.7967300415039,-0.348669826984406,-0.277711510658264,-0.43664163351059,-0.781440854072571
1674.15710449219,3.73730230331421,-0.741750001907349,-0.408242762088776,17.6022434234619,50.7863388061523,66.796745300293,-0.348668843507767,-0.277711242437363,-0.436642438173294,-0.78144097328186
1674.65832519531,3.73729777336121,-0.741750001907349,-0.408242762088776,17.6022682189941,50.7863655090332,66.7967681884766,-0.348669141530991,-0.27771121263504,-0.436642438173294,-0.781440794467926
1675.15979003906,3.73729777336121,-0.741750001907349,-0.408242762088776,17.601978302002,50.7865867614746,66.7969284057617,-0.348668575286865,-0.277713596820831,-0.436643958091736,-0.781439363956451
1675.66064453125,3.73729777336121,-0.741750001907349,-0.408242762088776,17.6016998291016,50.7868270874023,66.7972869873047,-0.348668664693832,-0.277715504169464,-0.436646670103073,-0.781437158584595
1676.16223144531,3.73729777336121,-0.741750001907349,-0.408242762088776,17.6016597747803,50.786865234375,66.797248840332,-0.348668456077576,-0.277716070413589,-0.436646461486816,-0.781437158584595
1676.66320800781,3.73729777336121,-0.741750001907349,-0.408242762088776,17.6016597747803,50.786865234375,66.797248840332,-0.348668456077576,-0.277716070413589,-0.436646461486816,-0.781437158584595
1677.16442871094,3.73729777336121,-0.741750001907349,-0.408242762088776,17.6016597747803,50.786865234375,66.797248840332,-0.348668456077576,-0.277716070413589,-0.436646461486816,-0.781437158584595
1677.66564941406,3.73730230331421,-0.741750001907349,-0.408242762088776,17.6016597747803,50.786865234375,66.797248840332,-0.348668456077576,-0.277716070413589,-0.436646461486816,-0.781437158584595
1678.1669921875,3.73729777336121,-0.741750001907349,-0.408242762088776,17.6016597747803,50.786865234375,66.797248840332,-0.348668456077576,-0.277716070413589,-0.436646461486816,-0.781437158584595
1678.66809082031,3.73729348182678,-0.741750001907349,-0.408242762088776,17.6016597747803,50.786865234375,66.797248840332,-0.348668456077576,-0.277716070413589,-0.436646461486816,-0.781437158584595
1679.16955566406,3.73729777336121,-0.741750001907349,-0.408242762088776,17.6016597747803,50.786865234375,66.797248840332,-0.348668456077576,-0.277716070413589,-0.436646461486816,-0.781437158584595
1679.68310546875,3.73729777336121,-0.741750001907349,-0.408242762088776,17.6016597747803,50.786865234375,66.797248840332,-0.348668456077576,-0.277716070413589,-0.436646461486816,-0.781437158584595
1680.18542480469,3.73729348182678,-0.741750538349152,-0.408242762088776,17.6016597747803,50.786865234375,66.797248840332,-0.348668456077576,-0.277716070413589,-0.436646461486816,-0.781437158584595
1680.68615722656,3.73729348182678,-0.741750001907349,-0.408242493867874,17.6016597747803,50.786865234375,66.797248840332,-0.348668456077576,-0.277716070413589,-0.436646461486816,-0.781437158584595
1681.18786621094,3.73729777336121,-0.741750001907349,-0.408242762088776,17.6016597747803,50.786865234375,66.797248840332,-0.348668456077576,-0.277716070413589,-0.436646461486816,-0.781437158584595
1681.73364257813,3.73729777336121,-0.741750001907349,-0.408242762088776,17.6016597747803,50.786865234375,66.797248840332,-0.348668456077576,-0.277716070413589,-0.436646461486816,-0.781437158584595
1682.25573730469,3.73729777336121,-0.741750001907349,-0.408242762088776,17.6016387939453,50.7867012023926,66.7973403930664,-0.34866788983345,-0.277714759111404,-0.436647653579712,-0.78143721818924
1682.75915527344,3.73729777336121,-0.741750001907349,-0.408242762088776,17.601469039917,50.7866516113281,66.7977752685547,-0.348667740821838,-0.277713865041733,-0.436651408672333,-0.781435430049896
1683.26062011719,3.73729777336121,-0.741750001907349,-0.408242762088776,19.5990028381348,49.7208976745605,59.2595024108887,-0.339050799608231,-0.283755451440811,-0.379837453365326,-0.81255829334259
1683.76379394531,3.73729348182678,-0.741750001907349,-0.408242762088776,19.9200553894043,49.6958465576172,49.1198425292969,-0.314776003360748,-0.311198085546494,-0.305377870798111,-0.843099117279053
1684.26489257813,3.73729348182678,-0.741750001907349,-0.408242762088776,13.9652614593506,55.6613426208496,43.8663024902344,-0.27281579375267,-0.389700442552567,-0.275221943855286,-0.835438787937164
1684.76733398438,3.73729777336121,-0.741750001907349,-0.408242762088776,17.8952827453613,52.9025192260742,67.7740325927734,-0.360930472612381,-0.287634432315826,-0.435602128505707,-0.772817194461823
1685.26879882813,3.73730230331421,-0.741750001907349,-0.408242762088776,20.6633338928223,51.7040596008301,65.688606262207,-0.36825767159462,-0.272869884967804,-0.414464324712753,-0.786223709583282
1685.76989746094,3.73730230331421,-0.741750538349152,-0.408242225646973,28.736198425293,45.410400390625,41.8298530578613,-0.347317695617676,-0.267559707164764,-0.229543372988701,-0.868960320949554
1686.27124023438,3.73729777336121,-0.741750538349152,-0.408242225646973,32.0982055664063,40.3299407958984,31.7475051879883,-0.34023255109787,-0.247673481702805,-0.155077457427979,-0.893784523010254
1686.77282714844,3.73729777336121,-0.741750538349152,-0.408242225646973,33.8732528686523,36.5002632141113,24.5700359344482,-0.334068834781647,-0.233856752514839,-0.104167126119137,-0.907115399837494
1687.27294921875,3.73729777336121,-0.741750538349152,-0.408242225646973,24.4211654663086,56.699291229248,38.6413764953613,-0.32920828461647,-0.376385539770126,-0.189809933304787,-0.844942688941956
1687.77465820313,3.73729777336121,-0.741750538349152,-0.408241957426071,23.8673648834229,57.4539413452148,40.2994918823242,-0.332219690084457,-0.379004031419754,-0.202245518565178,-0.839692115783691
1688.27575683594,3.73729777336121,-0.741750538349152,-0.408241957426071,23.8671646118164,57.4540138244629,40.2991600036621,-0.332217335700989,-0.379006236791611,-0.202243730425835,-0.83969247341156
1688.77709960938,3.73729777336121,-0.741751074790955,-0.408241420984268,23.9990634918213,57.3044967651367,50.5869255065918,-0.365343183279037,-0.346100658178329,-0.276611864566803,-0.818672478199005
1689.27868652344,3.73729777336121,-0.741751611232758,-0.408241420984268,23.9698162078857,57.3116264343262,61.1440658569336,-0.395480543375015,-0.311204433441162,-0.35085728764534,-0.789712607860565
1689.78002929688,3.73729777336121,-0.741751611232758,-0.408241420984268,18.0713138580322,60.7591247558594,58.2678451538086,-0.361503005027771,-0.370300620794296,-0.345417529344559,-0.782866418361664
1690.28076171875,3.73729777336121,-0.741751611232758,-0.408241420984268,12.0435819625854,65.0075912475586,52.2960586547852,-0.314920604228973,-0.440710455179214,-0.319006234407425,-0.777710974216461
1690.78210449219,3.73730230331421,-0.741751611232758,-0.408241420984268,12.0436325073242,65.0076065063477,52.2962532043457,-0.314921706914902,-0.440709799528122,-0.319007307291031,-0.777710437774658
1691.28381347656,3.73729777336121,-0.741751611232758,-0.408241420984268,12.0434875488281,65.0076751708984,52.2966156005859,-0.314922392368317,-0.440709859132767,-0.319010198116302,-0.777708947658539
1691.78491210938,3.73729777336121,-0.741751611232758,-0.408241420984268,15.2977848052979,62.5619850158691,55.7283134460449,-0.341083943843842,-0.401784539222717,-0.334782302379608,-0.781122148036957
1692.28576660156,3.73729777336121,-0.741751611232758,-0.408241420984268,15.2974214553833,62.5619125366211,55.7285575866699,-0.341082274913788,-0.401784747838974,-0.334785759449005,-0.781121253967285
1692.787109375,3.73729777336121,-0.741751611232758,-0.408241420984268,15.2973165512085,62.5619430541992,55.7287673950195,-0.341082483530045,-0.401784747838974,-0.334787607192993,-0.781120419502258
1693.28771972656,3.73729777336121,-0.741751611232758,-0.408241420984268,15.2973680496216,62.5619239807129,55.7288017272949,-0.341082870960236,-0.401784330606461,-0.334787636995316,-0.781120419502258
1693.78979492188,3.73729777336121,-0.741751611232758,-0.408241420984268,15.2973680496216,62.5619239807129,55.7288017272949,-0.341082870960236,-0.401784330606461,-0.334787636995316,-0.781120419502258
1694.29028320313,3.73730230331421,-0.741751611232758,-0.408241420984268,15.2973680496216,62.5619239807129,55.7288017272949,-0.341082870960236,-0.401784330606461,-0.334787636995316,-0.781120419502258
1694.79187011719,3.73729777336121,-0.741751611232758,-0.408241420984268,15.2973680496216,62.5619239807129,55.7288017272949,-0.341082870960236,-0.401784330606461,-0.334787636995316,-0.781120419502258
1695.29333496094,3.73729777336121,-0.741751611232758,-0.408241420984268,15.2973680496216,62.5619239807129,55.7288017272949,-0.341082870960236,-0.401784330606461,-0.334787636995316,-0.781120419502258
1695.7939453125,3.73729777336121,-0.741751611232758,-0.408241420984268,15.2973680496216,62.5619239807129,55.7288017272949,-0.341082870960236,-0.401784330606461,-0.334787636995316,-0.781120419502258
1696.29516601563,3.73729348182678,-0.741751611232758,-0.408241420984268,15.2973680496216,62.5619239807129,55.7288017272949,-0.341082870960236,-0.401784330606461,-0.334787636995316,-0.781120419502258
1696.79565429688,3.73730230331421,-0.741751611232758,-0.408241420984268,15.2973680496216,62.5619239807129,55.7288017272949,-0.341082870960236,-0.401784330606461,-0.334787636995316,-0.781120419502258
1697.29736328125,3.73729777336121,-0.741751611232758,-0.408241420984268,15.2973680496216,62.5619239807129,55.7288017272949,-0.341082870960236,-0.401784330606461,-0.334787636995316,-0.781120419502258
1697.79858398438,3.73730230331421,-0.741751611232758,-0.408241420984268,15.2973680496216,62.5619239807129,55.7288017272949,-0.341082870960236,-0.401784330606461,-0.334787636995316,-0.781120419502258
1698.30029296875,3.73729777336121,-0.741751611232758,-0.408241420984268,15.2973680496216,62.5619239807129,55.7288017272949,-0.341082870960236,-0.401784330606461,-0.334787636995316,-0.781120419502258
1698.80090332031,3.73729777336121,-0.741751611232758,-0.408241420984268,15.2973680496216,62.5619239807129,55.7288017272949,-0.341082870960236,-0.401784330606461,-0.334787636995316,-0.781120419502258
1699.30212402344,3.73729777336121,-0.741751611232758,-0.408241420984268,15.2973680496216,62.5619239807129,55.7288017272949,-0.341082870960236,-0.401784330606461,-0.334787636995316,-0.781120419502258
1699.80395507813,3.73728489875793,-0.741751611232758,-0.408241420984268,10.63551902771,65.9123229980469,53.1232414245605,-0.311764866113663,-0.44971239566803,-0.328495413064957,-0.76983904838562
1700.30456542969,3.73728489875793,-0.741751611232758,-0.408241420984268,10.6354570388794,65.9122314453125,53.123176574707,-0.311764001846313,-0.449712216854095,-0.328495532274246,-0.769839525222778
1700.80590820313,3.73728489875793,-0.741751611232758,-0.408241420984268,8.5474214553833,67.5297241210938,51.9569053649902,-0.298467397689819,-0.471102684736252,-0.325902611017227,-0.7633917927742
1701.30712890625,3.73079133033752,-0.745762467384338,-0.397261440753937,8.54754257202148,67.5300140380859,51.9571228027344,-0.298469871282578,-0.471103578805923,-0.325902789831161,-0.763390183448792
1701.80834960938,3.72844171524048,-0.75209629535675,-0.391905963420868,8.5475378036499,67.5300598144531,51.9571571350098,-0.298470139503479,-0.471103847026825,-0.325902909040451,-0.763389885425568
1702.30908203125,3.72460103034973,-0.754495084285736,-0.384600043296814,8.56306457519531,67.5181274414063,50.8989486694336,-0.294172823429108,-0.473706841468811,-0.318798720836639,-0.76644092798233
1702.81030273438,3.72358226776123,-0.7560675740242,-0.382979333400726,8.93204498291016,67.1945953369141,47.0671157836914,-0.279740214347839,-0.479889899492264,-0.292069911956787,-0.77855396270752
1703.31201171875,3.72358226776123,-0.7560675740242,-0.382979333400726,8.94316673278809,67.1760101318359,50.4550666809082,-0.293824106454849,-0.471247792243958,-0.314953744411469,-0.769673347473145
1703.81323242188,3.72352600097656,-0.756141781806946,-0.382853627204895,8.94328117370605,67.1758804321289,50.455192565918,-0.293825000524521,-0.471246212720871,-0.314954400062561,-0.769673705101013
1704.314453125,3.72278046607971,-0.757088959217072,-0.381127536296844,8.94354915618896,67.1757125854492,50.4551124572754,-0.293825924396515,-0.471244335174561,-0.314953118562698,-0.769675076007843
1704.81530761719,3.72278046607971,-0.757089495658875,-0.381126463413239,8.94370269775391,67.1756286621094,50.4547576904297,-0.2938252389431,-0.471244156360626,-0.314950227737427,-0.769676566123962
1705.31701660156,3.72278046607971,-0.757089495658875,-0.381125926971436,8.94370746612549,67.1754608154297,50.4543609619141,-0.293823182582855,-0.471244096755981,-0.314947932958603,-0.769678354263306
1705.8173828125,3.73239088058472,-0.747958660125732,-0.378681838512421,9.0177583694458,67.2658920288086,50.4683418273926,-0.294602453708649,-0.471561402082443,-0.314469128847122,-0.769381880760193
1706.31848144531,3.7252209186554,-0.763520300388336,-0.365510582923889,8.01630401611328,68.6595611572266,48.5202026367188,-0.283775985240936,-0.489177733659744,-0.302538216114044,-0.767233371734619
1706.81970214844,3.73089098930359,-0.752082705497742,-0.371837884187698,7.680992603302,68.276969909668,48.4682502746582,-0.280386477708817,-0.487835824489594,-0.304697334766388,-0.768478512763977
1707.32153320313,3.72996759414673,-0.751745164394379,-0.367429047822952,7.36449956893921,67.9165573120117,48.4211654663086,-0.277183920145035,-0.486560940742493,-0.306726932525635,-0.769640266895294
1707.82312011719,3.72996759414673,-0.751746773719788,-0.367425799369812,7.36449956893921,67.9165573120117,48.4211654663086,-0.277183920145035,-0.486560940742493,-0.306726932525635,-0.769640266895294
1708.32409667969,3.72996759414673,-0.751746773719788,-0.367425799369812,7.36449956893921,67.9165573120117,48.4211654663086,-0.277183920145035,-0.486560940742493,-0.306726932525635,-0.769640266895294
1708.84118652344,3.7299633026123,-0.751746773719788,-0.367425799369812,7.36449956893921,67.9165573120117,48.4211654663086,-0.277183920145035,-0.486560940742493,-0.306726932525635,-0.769640266895294
1709.341796875,3.72996759414673,-0.751746773719788,-0.367425799369812,7.36449956893921,67.9165573120117,48.4211654663086,-0.277183920145035,-0.486560940742493,-0.306726932525635,-0.769640266895294
1709.84289550781,3.72996759414673,-0.751746773719788,-0.367425799369812,7.36449956893921,67.9165573120117,48.4211654663086,-0.277183920145035,-0.486560940742493,-0.306726932525635,-0.769640266895294
1710.34350585938,3.72996759414673,-0.751746773719788,-0.367425799369812,7.36449956893921,67.9165573120117,48.4211654663086,-0.277183920145035,-0.486560940742493,-0.306726932525635,-0.769640266895294
1710.84509277344,3.72996759414673,-0.751746773719788,-0.367425799369812,7.36449956893921,67.9165573120117,48.4211654663086,-0.277183920145035,-0.486560940742493,-0.306726932525635,-0.769640266895294
1711.36376953125,3.72996759414673,-0.751746773719788,-0.367425799369812,7.36449956893921,67.9165573120117,48.4211654663086,-0.277183920145035,-0.486560940742493,-0.306726932525635,-0.769640266895294
1711.88647460938,3.72996759414673,-0.751746773719788,-0.367425799369812,7.36469268798828,67.9165115356445,48.4212760925293,-0.277185499668121,-0.486559718847275,-0.306726902723312,-0.769640505313873
1712.39038085938,3.72996759414673,-0.751746773719788,-0.367425799369812,7.36454582214355,67.9163131713867,48.4209213256836,-0.277182519435883,-0.486559718847275,-0.306725680828094,-0.769642055034637
1712.89184570313,3.72996759414673,-0.751746773719788,-0.367425501346588,7.36459589004517,67.9165802001953,48.4209671020508,-0.2771837413311,-0.486561208963394,-0.306725114583969,-0.769640862941742
1713.39392089844,3.72996759414673,-0.751746773719788,-0.367425501346588,7.36476755142212,67.9166030883789,48.4211158752441,-0.277185559272766,-0.486560463905334,-0.306725263595581,-0.769640684127808
1713.89501953125,3.72996759414673,-0.751746773719788,-0.367425233125687,7.3646559715271,67.9164886474609,48.4210052490234,-0.277184069156647,-0.486560344696045,-0.306725293397903,-0.769641220569611
1714.39660644531,3.72996759414673,-0.751746773719788,-0.367425501346588,7.36465072631836,67.9160308837891,48.4209175109863,-0.277182430028915,-0.486557513475418,-0.306725829839706,-0.769643425941467
1714.8974609375,3.72996759414673,-0.751746773719788,-0.367424696683884,7.36495208740234,67.9158096313477,48.4211959838867,-0.277184963226318,-0.486554354429245,-0.30672687292099,-0.769644141197205
1715.3994140625,3.72996759414673,-0.751746773719788,-0.367424964904785,7.36518430709839,67.9158630371094,48.4212226867676,-0.277186721563339,-0.486553877592087,-0.306725859642029,-0.769644200801849
1715.90026855469,3.72996759414673,-0.751746773719788,-0.367424964904785,7.36532068252563,67.91552734375,48.4211616516113,-0.277186453342438,-0.486551344394684,-0.30672562122345,-0.769645988941193
1716.40148925781,3.72996759414673,-0.751746773719788,-0.367424964904785,7.36520576477051,67.9156265258789,48.4213066101074,-0.277186572551727,-0.486552029848099,-0.306726902723312,-0.769645035266876
1716.90234375,3.72996759414673,-0.751746773719788,-0.367424696683884,7.36504364013672,67.9155349731445,48.4211158752441,-0.27718448638916,-0.48655241727829,-0.306726574897766,-0.769645631313324
1717.40344238281,3.72996759414673,-0.751746773719788,-0.367424964904785,7.36565828323364,67.915657043457,48.4211044311523,-0.277188718318939,-0.486551254987717,-0.306723326444626,-0.769646108150482
1717.90502929688,3.72996759414673,-0.751747310161591,-0.367424964904785,7.36602020263672,67.9159698486328,48.4211959838867,-0.277192264795303,-0.486551970243454,-0.306721538305283,-0.769645154476166
1718.40563964844,3.72996759414673,-0.751746773719788,-0.367424696683884,7.3659815788269,67.9156188964844,48.4212608337402,-0.277191370725632,-0.486549556255341,-0.30672299861908,-0.769646346569061
1718.90686035156,3.72996759414673,-0.751746773719788,-0.367424964904785,7.36569595336914,67.9153594970703,48.4215888977051,-0.277190238237381,-0.486547946929932,-0.306727170944214,-0.769646108150482
1719.40881347656,3.72996759414673,-0.751746773719788,-0.367423623800278,7.36613035202026,67.9156799316406,48.4218139648438,-0.277194857597351,-0.486548155546188,-0.306725889444351,-0.769644856452942
1719.91015625,3.72996759414673,-0.751746773719788,-0.367421448230743,7.36629867553711,67.9158401489258,48.4216117858887,-0.277195543050766,-0.486549198627472,-0.306723386049271,-0.769644975662231
1720.41101074219,3.72996759414673,-0.751746773719788,-0.367421448230743,7.36646413803101,67.9160385131836,48.4218292236328,-0.277198046445847,-0.486549466848373,-0.306723564863205,-0.769643783569336
1720.91223144531,3.72996759414673,-0.751746773719788,-0.367421448230743,7.36681652069092,67.9159698486328,48.4218597412109,-0.277200251817703,-0.486547738313675,-0.306722283363342,-0.769644558429718
1721.41345214844,3.72996759414673,-0.751746773719788,-0.367421448230743,7.36671495437622,67.9160766601563,48.4218826293945,-0.277199953794479,-0.486548721790314,-0.306722670793533,-0.769643902778625
1721.91455078125,3.72996759414673,-0.751746773719788,-0.367421448230743,7.36703538894653,67.9158782958984,48.4216346740723,-0.277200430631638,-0.48654693365097,-0.306719988584518,-0.769645929336548
1722.41650390625,3.72996759414673,-0.751746237277985,-0.367421716451645,7.36719751358032,67.9153518676758,48.4213676452637,-0.277198970317841,-0.486543536186218,-0.306718736886978,-0.769649088382721
1722.91760253906,3.72996759414673,-0.751746773719788,-0.367421716451645,7.36740064620972,67.915397644043,48.4216651916504,-0.277201652526855,-0.486542463302612,-0.306719690561295,-0.769648432731628
1723.41833496094,3.72996759414673,-0.751746773719788,-0.367421448230743,7.36724042892456,67.9154205322266,48.4219284057617,-0.277201801538467,-0.486542522907257,-0.306722164154053,-0.769647419452667
1723.91931152344,3.72996759414673,-0.751746773719788,-0.367421448230743,7.36732816696167,67.9156112670898,48.4218597412109,-0.277202576398849,-0.48654368519783,-0.306720793247223,-0.769646883010864
1724.421875,3.72996759414673,-0.751746773719788,-0.367421448230743,7.36721467971802,67.9157485961914,48.421875,-0.277202308177948,-0.486544966697693,-0.306721091270447,-0.769646108150482
1724.92248535156,3.72996759414673,-0.751746773719788,-0.367421448230743,7.36714220046997,67.9159545898438,48.4220123291016,-0.277202963829041,-0.486546248197556,-0.306721866130829,-0.769644737243652
1725.43212890625,3.72996759414673,-0.751746773719788,-0.367421448230743,7.36726856231689,67.9161911010742,48.4221611022949,-0.277205049991608,-0.48654705286026,-0.306721717119217,-0.769643545150757
1725.93518066406,3.72996759414673,-0.751746773719788,-0.367421448230743,7.36725378036499,67.9161911010742,48.4221038818359,-0.277204722166061,-0.486547261476517,-0.306721389293671,-0.769643664360046
1726.43640136719,3.72996759414673,-0.751746773719788,-0.367421448230743,7.36725378036499,67.9161911010742,48.4221038818359,-0.277204722166061,-0.486547261476517,-0.306721389293671,-0.769643664360046
1726.93701171875,3.72996759414673,-0.751746773719788,-0.367421448230743,7.36725378036499,67.9161911010742,48.4221038818359,-0.277204722166061,-0.486547261476517,-0.306721389293671,-0.769643664360046
1727.46423339844,3.72996759414673,-0.751746773719788,-0.367421448230743,7.36725378036499,67.9161911010742,48.4221038818359,-0.277204722166061,-0.486547261476517,-0.306721389293671,-0.769643664360046
1728.00659179688,3.72996759414673,-0.751746773719788,-0.367421448230743,7.36725378036499,67.9161911010742,48.4221038818359,-0.277204722166061,-0.486547261476517,-0.306721389293671,-0.769643664360046
1728.53369140625,3.72996759414673,-0.751746773719788,-0.367421448230743,7.36751079559326,67.91650390625,48.4220733642578,-0.27720707654953,-0.486548572778702,-0.306719273328781,-0.76964282989502
1729.03625488281,3.72996759414673,-0.751746773719788,-0.367421448230743,12.9302186965942,63.6447486877441,57.489444732666,-0.335847705602646,-0.41336053609848,-0.353967308998108,-0.768795490264893
1729.5380859375,3.72996759414673,-0.751746773719788,-0.367421448230743,22.5271549224854,57.4240112304688,58.981990814209,-0.381054162979126,-0.325776040554047,-0.341765224933624,-0.794898927211761
1730.04064941406,3.72996759414673,-0.751746773719788,-0.367421448230743,10.2062492370605,67.3930892944336,44.7833366394043,-0.278927683830261,-0.482739448547363,-0.270050317049026,-0.785006284713745
1730.5419921875,3.72996759414673,-0.751746773719788,-0.36742091178894,6.93404674530029,71.0254974365234,29.9014415740967,-0.197145611047745,-0.547493457794189,-0.175675228238106,-0.794054687023163
1731.04345703125,3.72996759414673,-0.751746773719788,-0.36742091178894,6.66188764572144,71.3753433227539,16.2238483428955,-0.128897920250893,-0.56989461183548,-0.0808586701750755,-0.807506859302521
1731.54467773438,3.72996759414673,-0.751746773719788,-0.367419004440308,7.10109567642212,65.8755416870117,357.624053955078,-0.0407123118638992,-0.543645083904266,0.051031980663538,-0.836772501468658
1732.04650878906,3.72996759414673,-0.751746773719788,-0.367419004440308,5.37945508956909,56.9763717651367,338.779357910156,0.0471883155405521,-0.475900202989578,0.183655500411987,-0.858814895153046
1732.54821777344,3.72996759414673,-0.751746773719788,-0.367419004440308,4.87669610977173,55.8823738098145,329.085205078125,0.0885442867875099,-0.46122482419014,0.254453629255295,-0.845390439033508
1733.04931640625,3.7299633026123,-0.751746773719788,-0.367419004440308,5.08389759063721,56.4656066894531,351.558837890625,-0.00418760627508163,-0.474183946847916,0.0857006162405014,-0.876234889030457
1733.55041503906,3.7299633026123,-0.751746237277985,-0.367417126893997,4.99111652374268,60.7382011413574,16.468900680542,-0.109520971775055,-0.494501203298569,-0.101668074727058,-0.856234312057495
1734.05249023438,3.72996759414673,-0.751746773719788,-0.367417126893997,4.97149991989136,60.9155960083008,27.7310962677002,-0.157658711075783,-0.482710421085358,-0.185035452246666,-0.84136575460434
1734.55395507813,3.7299633026123,-0.751746773719788,-0.367417126893997,5.49360179901123,60.0896263122559,52.6820678710938,-0.259077787399292,-0.429769188165665,-0.36214953660965,-0.785509288311005
1735.0546875,3.72996759414673,-0.751746773719788,-0.367417126893997,10.2455310821533,57.4649963378906,66.3160171508789,-0.327426791191101,-0.358011424541473,-0.441756039857864,-0.754633128643036
1735.55615234375,3.7299633026123,-0.751746773719788,-0.367417126893997,8.05128955841064,58.624340057373,54.3271827697754,-0.277415186166763,-0.406550526618958,-0.366520076990128,-0.789569914340973
1736.05676269531,3.72995901107788,-0.751748383045197,-0.367417126893997,7.22435712814331,59.569221496582,32.1542472839355,-0.18983106315136,-0.461222440004349,-0.209798619151115,-0.840965270996094
1736.55859375,3.7299633026123,-0.751748383045197,-0.367417126893997,7.22447490692139,59.5686149597168,32.154052734375,-0.189830005168915,-0.461218029260635,-0.209797710180283,-0.840968191623688
1737.05908203125,3.7299633026123,-0.751747846603394,-0.367417126893997,6.24212980270386,61.3509330749512,25.0114498138428,-0.156024262309074,-0.48719185590744,-0.158843144774437,-0.844434380531311
1737.56042480469,3.7299633026123,-0.751747846603394,-0.367417126893997,5.98562669754028,61.9167327880859,22.1263122558594,-0.142517730593681,-0.495575249195099,-0.137971118092537,-0.845610976219177
1738.06127929688,3.7299633026123,-0.751748383045197,-0.367417126893997,6.24411201477051,61.0553207397461,3.59493613243103,-0.0627997890114784,-0.505479276180267,0.000672616763040423,-0.860550165176392
1738.56188964844,3.7299633026123,-0.751748383045197,-0.367417126893997,6.44848537445068,59.8601264953613,17.2563915252686,-0.122925162315369,-0.485202431678772,-0.102063529193401,-0.859680771827698
1739.064453125,3.72996759414673,-0.751748919487,-0.367417126893997,6.45625591278076,59.8083801269531,24.8913879394531,-0.154941588640213,-0.475542902946472,-0.159109741449356,-0.851196944713593
1739.56579589844,3.72995901107788,-0.751748919487,-0.367417126893997,6.41810846328735,59.892692565918,37.2835960388184,-0.205276608467102,-0.456752479076385,-0.250062614679337,-0.828678011894226
1740.06591796875,3.72995018959045,-0.751748919487,-0.367417126893997,6.17247629165649,60.2447624206543,28.9813632965088,-0.170478597283363,-0.473526865243912,-0.189957946538925,-0.842985987663269
1740.56677246094,3.72995018959045,-0.751748919487,-0.367414951324463,6.17243671417236,60.2446136474609,28.9812717437744,-0.170477703213692,-0.47352597117424,-0.189957678318024,-0.842986702919006
1741.06811523438,3.72993302345276,-0.751748919487,-0.367413312196732,6.1726393699646,60.2439002990723,28.9810218811035,-0.170476958155632,-0.473520666360855,-0.189956024289131,-0.842990219593048
1741.5703125,3.72993302345276,-0.751748919487,-0.367413312196732,6.17275428771973,60.2433128356934,28.9808826446533,-0.170476242899895,-0.473516315221786,-0.1899553835392,-0.842992961406708
1742.07043457031,3.72993302345276,-0.751748919487,-0.367413312196732,6.17267036437988,60.2433013916016,28.9811038970947,-0.170476526021957,-0.47351610660553,-0.1899573802948,-0.842992603778839
1742.57202148438,3.72993302345276,-0.751748919487,-0.367413312196732,6.17266893386841,60.2429389953613,28.9807014465332,-0.170474246144295,-0.47351399064064,-0.189954981207848,-0.842994749546051
1743.07287597656,3.72993302345276,-0.751748919487,-0.367413312196732,6.17256832122803,60.2430610656738,28.98046875,-0.170472756028175,-0.47351548075676,-0.189953491091728,-0.842994511127472
1743.57421875,3.72993302345276,-0.751748919487,-0.367413312196732,6.17268562316895,60.2428855895996,28.9803600311279,-0.170472875237465,-0.473514080047607,-0.189952462911606,-0.842995524406433
1744.07592773438,3.72993302345276,-0.751748919487,-0.367413312196732,6.17278099060059,60.2429504394531,28.9803657531738,-0.170473709702492,-0.473514407873154,-0.189952000975609,-0.842995345592499
1744.57666015625,3.72993302345276,-0.751748919487,-0.367413312196732,6.17273759841919,60.2429580688477,28.9803562164307,-0.170473352074623,-0.473514527082443,-0.189952090382576,-0.842995285987854
1745.07751464844,3.72993302345276,-0.751748919487,-0.36741304397583,6.17265176773071,60.2429809570313,28.980411529541,-0.170472994446754,-0.473514795303345,-0.189952835440636,-0.842995047569275
1745.57885742188,3.72993302345276,-0.751748919487,-0.36741304397583,6.17266035079956,60.2426452636719,28.9799880981445,-0.170470744371414,-0.473512977361679,-0.189950197935104,-0.842997193336487
1746.08093261719,3.72993302345276,-0.751751124858856,-0.36741304397583,6.17280530929565,60.2428436279297,28.9800281524658,-0.17047230899334,-0.473514080047607,-0.189949586987495,-0.842996418476105
1746.58190917969,3.72993302345276,-0.751751124858856,-0.36741304397583,4.52893114089966,63.2823257446289,27.6431999206543,-0.157892882823944,-0.500973522663116,-0.183100625872612,-0.831005156040192
1747.08276367188,3.72993302345276,-0.751751124858856,-0.36741304397583,4.42028903961182,63.4958915710449,25.6683921813965,-0.148769453167915,-0.505371510982513,-0.168967634439468,-0.833016932010651
1747.58386230469,3.72993302345276,-0.751751661300659,-0.367412775754929,4.64506816864014,63.0120544433594,23.7340126037598,-0.141189500689507,-0.503894090652466,-0.154457032680511,-0.838033020496368
1748.08508300781,3.72993731498718,-0.751751124858856,-0.36741304397583,4.64500999450684,63.0124588012695,23.7340183258057,-0.141189649701118,-0.503897130489349,-0.154456838965416,-0.83803117275238
1748.58715820313,3.72993302345276,-0.751751124858856,-0.36741304397583,4.64507436752319,63.0124969482422,23.7340393066406,-0.141190260648727,-0.503897309303284,-0.154456660151482,-0.838031053543091
1749.08813476563,3.72993302345276,-0.751751124858856,-0.36741304397583,4.64504623413086,63.0127639770508,23.7341022491455,-0.141190692782402,-0.503899216651917,-0.154456913471222,-0.838029742240906
1749.58911132813,3.72993302345276,-0.751751124858856,-0.367411434650421,4.64508867263794,63.0129089355469,23.7341918945313,-0.141191586852074,-0.503900110721588,-0.154457181692123,-0.838029026985168
1750.09008789063,3.72993302345276,-0.751751124858856,-0.367410898208618,4.64500713348389,63.0130233764648,23.7341613769531,-0.141191020607948,-0.503901124000549,-0.154457196593285,-0.83802855014801
1750.59094238281,3.72993302345276,-0.751751124858856,-0.367410898208618,4.64514875411987,63.0132026672363,23.7343330383301,-0.141193047165871,-0.503901958465576,-0.154457613825798,-0.838027596473694
1751.09289550781,3.74352288246155,-0.739483952522278,-0.391902148723602,5.39747142791748,63.3458099365234,23.7634143829346,-0.147200629115105,-0.504999220371246,-0.150838941335678,-0.836991906166077
1751.59375,3.74840378761292,-0.744101107120514,-0.402430236339569,8.83810424804688,64.8790512084961,23.9534378051758,-0.174593538045883,-0.509678542613983,-0.13418173789978,-0.831709206104279
1752.09448242188,3.74672627449036,-0.743263959884644,-0.400650769472122,9.58667182922363,64.9816589355469,24.2628154754639,-0.18140135705471,-0.508519768714905,-0.132756531238556,-0.831190049648285
1752.59643554688,3.7467565536499,-0.743540823459625,-0.400460839271545,9.59410858154297,64.9648056030273,25.3761577606201,-0.186365246772766,-0.506596505641937,-0.140818268060684,-0.82993870973587
1753.09729003906,3.74611926078796,-0.74340158700943,-0.399474650621414,9.42282104492188,65.3470916748047,22.197416305542,-0.171416759490967,-0.514655470848083,-0.11797870695591,-0.831761419773102
1753.59899902344,3.74640536308289,-0.744786024093628,-0.393219411373138,10.0114679336548,63.4121475219727,13.6120576858521,-0.135755881667137,-0.511070609092712,-0.054902195930481,-0.846972823143005
1754.09948730469,3.74640107154846,-0.744786024093628,-0.393219143152237,10.2828435897827,61.9728469848633,9.81355476379395,-0.120402999222279,-0.504313111305237,-0.027065496891737,-0.854657173156738
1754.60034179688,3.74640107154846,-0.744786024093628,-0.393219143152237,10.2664737701416,62.0607261657715,14.0297145843506,-0.138797089457512,-0.500218331813812,-0.0584530420601368,-0.852701723575592
1755.10205078125,3.74640536308289,-0.744786024093628,-0.393219411373138,10.2533073425293,62.1130905151367,15.7721719741821,-0.146323204040527,-0.498457908630371,-0.0714045912027359,-0.851487338542938
1755.60278320313,3.74640107154846,-0.744786024093628,-0.393219143152237,10.2533073425293,62.1130905151367,15.7721719741821,-0.146323204040527,-0.498457908630371,-0.0714045912027359,-0.851487338542938
1756.10388183594,3.74911046028137,-0.743315458297729,-0.397772401571274,11.1394300460815,62.3682289123535,15.8195209503174,-0.153161257505417,-0.499015867710114,-0.0673965290188789,-0.850283861160278
1756.60461425781,3.74440264701843,-0.74599277973175,-0.404719322919846,14.5371952056885,63.3624649047852,16.0405559539795,-0.179302006959915,-0.500854551792145,-0.051980122923851,-0.845158934593201
1757.10595703125,3.74377846717834,-0.746330857276917,-0.403672724962234,14.5372009277344,63.3617477416992,16.0404186248779,-0.179301127791405,-0.500849485397339,-0.0519801862537861,-0.845162093639374
1757.60827636719,3.74377846717834,-0.746330857276917,-0.403672724962234,14.5373077392578,63.361083984375,16.0403366088867,-0.179301247000694,-0.500844538211823,-0.0519801340997219,-0.845165014266968
1758.109375,3.74533033370972,-0.745770037174225,-0.408717185258865,13.709132194519,63.1158103942871,15.9806070327759,-0.172941759228706,-0.500437796115875,-0.0557452030479908,-0.846490204334259
1758.60974121094,3.74451541900635,-0.748187839984894,-0.412149310112,12.5729465484619,62.7828483581543,15.904881477356,-0.164204373955727,-0.499838709831238,-0.0609024241566658,-0.848227083683014
1759.111328125,3.74451541900635,-0.748187839984894,-0.412147969007492,12.5730953216553,62.7830047607422,15.9050197601318,-0.164206132292747,-0.499839395284653,-0.0609025321900845,-0.848226249217987
1759.61218261719,3.74451541900635,-0.748187839984894,-0.412147700786591,12.5731554031372,62.783145904541,15.905029296875,-0.164206698536873,-0.499840408563614,-0.0609021298587322,-0.848225653171539
1760.11376953125,3.74451541900635,-0.748187839984894,-0.412147969007492,12.5730762481689,62.7832374572754,15.9049510955811,-0.164205834269524,-0.499841302633286,-0.0609017796814442,-0.848225295543671
1760.61547851563,3.7407398223877,-0.750413239002228,-0.409441649913788,13.0217800140381,61.2274360656738,18.1545352935791,-0.176189243793488,-0.484230548143387,-0.0778796747326851,-0.853471100330353
1761.11645507813,3.73998546600342,-0.750528156757355,-0.408582240343094,14.9133291244507,54.853199005127,15.8291893005371,-0.176980823278427,-0.43650496006012,-0.0619792751967907,-0.879943132400513
1761.61755371094,3.73998117446899,-0.750528156757355,-0.408582240343094,14.9134292602539,54.8533363342285,15.8293037414551,-0.176982089877129,-0.436505615711212,-0.0619795471429825,-0.87994247674942
1762.11877441406,3.74542570114136,-0.748178601264954,-0.41523277759552,16.0647850036621,55.1929740905762,15.9200239181519,-0.186163872480392,-0.437128365039825,-0.0574166364967823,-0.878046214580536
1762.61926269531,3.75374865531921,-0.743749439716339,-0.423398345708847,17.897632598877,55.742359161377,16.080530166626,-0.200747236609459,-0.438022285699844,-0.0501357913017273,-0.874827682971954
1763.12036132813,3.75530934333801,-0.742781698703766,-0.423918783664703,17.0334205627441,55.4818916320801,16.002347946167,-0.193876206874847,-0.437615543603897,-0.0535714402794838,-0.876375913619995
1763.6220703125,3.75530934333801,-0.742781698703766,-0.423918783664703,17.0334205627441,55.4818916320801,16.002347946167,-0.193876206874847,-0.437615543603897,-0.0535714402794838,-0.876375913619995
1764.1396484375,3.75530934333801,-0.742781698703766,-0.423918783664703,17.0334205627441,55.4818916320801,16.002347946167,-0.193876206874847,-0.437615543603897,-0.0535714402794838,-0.876375913619995
1764.64147949219,3.75530934333801,-0.742781698703766,-0.423918783664703,17.0334205627441,55.4818916320801,16.002347946167,-0.193876206874847,-0.437615543603897,-0.0535714402794838,-0.876375913619995
1765.14221191406,3.75530934333801,-0.742781698703766,-0.423918783664703,17.0334205627441,55.4818916320801,16.002347946167,-0.193876206874847,-0.437615543603897,-0.0535714402794838,-0.876375913619995
1765.64331054688,3.75530934333801,-0.742781698703766,-0.423918783664703,17.0334205627441,55.4818916320801,16.002347946167,-0.193876206874847,-0.437615543603897,-0.0535714402794838,-0.876375913619995
1766.16613769531,3.75530934333801,-0.742781698703766,-0.423918783664703,17.0334205627441,55.4818916320801,16.002347946167,-0.193876206874847,-0.437615543603897,-0.0535714402794838,-0.876375913619995
1766.68676757813,3.75530934333801,-0.742781698703766,-0.423918783664703,17.0333881378174,55.4816017150879,16.0022354125977,-0.193875372409821,-0.437613546848297,-0.0535712279379368,-0.876377105712891
1767.18920898438,3.75530934333801,-0.742781698703766,-0.423918783664703,17.0335369110107,55.4818649291992,16.0024070739746,-0.193877294659615,-0.437615066766739,-0.0535714663565159,-0.876375913619995
1767.6904296875,3.75530934333801,-0.742781698703766,-0.423918515443802,17.0335674285889,55.4821243286133,16.0024871826172,-0.193877920508385,-0.437616854906082,-0.0535715222358704,-0.876374900341034
1768.19140625,3.75530934333801,-0.742781698703766,-0.423918515443802,17.0335426330566,55.4823112487793,16.0024929046631,-0.19387786090374,-0.437618315219879,-0.0535713359713554,-0.876374185085297
1768.69299316406,3.75530934333801,-0.742781698703766,-0.423918783664703,17.0334758758545,55.4830474853516,16.0026359558105,-0.193878248333931,-0.437623798847198,-0.0535714700818062,-0.876371324062347
1769.1943359375,3.75530934333801,-0.742781698703766,-0.423918783664703,17.033483505249,55.4834899902344,16.0027408599854,-0.193878918886185,-0.437627017498016,-0.0535715073347092,-0.876369655132294
1769.69592285156,3.75530934333801,-0.742781698703766,-0.423918783664703,17.033483505249,55.4834899902344,16.0027408599854,-0.193878918886185,-0.437627017498016,-0.0535715073347092,-0.876369655132294
1770.19665527344,3.75530934333801,-0.742781698703766,-0.423918783664703,17.033483505249,55.4834899902344,16.0027408599854,-0.193878918886185,-0.437627017498016,-0.0535715073347092,-0.876369655132294
1770.69836425781,3.75530934333801,-0.742781698703766,-0.423918783664703,17.033483505249,55.4834899902344,16.0027408599854,-0.193878918886185,-0.437627017498016,-0.0535715073347092,-0.876369655132294
1771.19934082031,3.75530934333801,-0.742781698703766,-0.423918783664703,17.033483505249,55.4834899902344,16.0027408599854,-0.193878918886185,-0.437627017498016,-0.0535715073347092,-0.876369655132294
1771.70043945313,3.75530934333801,-0.742781698703766,-0.423918783664703,17.033483505249,55.4834899902344,16.0027408599854,-0.193878918886185,-0.437627017498016,-0.0535715073347092,-0.876369655132294
1772.20141601563,3.75530934333801,-0.742781698703766,-0.423918783664703,17.033483505249,55.4834899902344,16.0027408599854,-0.193878918886185,-0.437627017498016,-0.0535715073347092,-0.876369655132294
1772.70288085938,3.75530934333801,-0.742781698703766,-0.423918783664703,17.033483505249,55.4834899902344,16.0027408599854,-0.193878918886185,-0.437627017498016,-0.0535715073347092,-0.876369655132294
1773.20446777344,3.75530934333801,-0.742781698703766,-0.423918783664703,17.033483505249,55.4834899902344,16.0027408599854,-0.193878918886185,-0.437627017498016,-0.0535715073347092,-0.876369655132294
1773.70544433594,3.75530934333801,-0.742781698703766,-0.423918783664703,17.033483505249,55.4834899902344,16.0027408599854,-0.193878918886185,-0.437627017498016,-0.0535715073347092,-0.876369655132294
1774.20666503906,3.75530934333801,-0.742782235145569,-0.423918783664703,17.033483505249,55.4834899902344,16.0027408599854,-0.193878918886185,-0.437627017498016,-0.0535715073347092,-0.876369655132294
1774.71997070313,3.75530934333801,-0.742781698703766,-0.423918783664703,17.033483505249,55.4834899902344,16.0027408599854,-0.193878918886185,-0.437627017498016,-0.0535715073347092,-0.876369655132294
1775.22082519531,3.75530934333801,-0.742781698703766,-0.423918515443802,17.033483505249,55.4834899902344,16.0027408599854,-0.193878918886185,-0.437627017498016,-0.0535715073347092,-0.876369655132294
1775.7216796875,3.75530934333801,-0.742781698703766,-0.423918783664703,17.033483505249,55.4834899902344,16.0027408599854,-0.193878918886185,-0.437627017498016,-0.0535715073347092,-0.876369655132294
1776.22290039063,3.75530934333801,-0.742781698703766,-0.423918783664703,17.033483505249,55.4834899902344,16.0027408599854,-0.193878918886185,-0.437627017498016,-0.0535715073347092,-0.876369655132294
1776.76867675781,3.75530934333801,-0.742781698703766,-0.423918783664703,17.033483505249,55.4834899902344,16.0027408599854,-0.193878918886185,-0.437627017498016,-0.0535715073347092,-0.876369655132294
1777.29150390625,3.75530934333801,-0.742781698703766,-0.423918783664703,17.0333557128906,55.4833068847656,16.0026035308838,-0.193877339363098,-0.4376260638237,-0.0535712949931622,-0.876370489597321
1777.7939453125,3.75530934333801,-0.742781698703766,-0.423918783664703,17.0332927703857,55.4828262329102,16.0024852752686,-0.193876191973686,-0.437622666358948,-0.0535714440047741,-0.876372396945953
1778.29638671875,3.75530934333801,-0.742781698703766,-0.423918783664703,17.9125423431396,44.6356620788574,358.681854248047,-0.139694437384605,-0.376745849847794,0.0696262270212173,-0.913071930408478
1778.79895019531,3.75530934333801,-0.742781698703766,-0.423918783664703,17.9125423431396,44.6356620788574,358.681854248047,-0.139694437384605,-0.376745849847794,0.0696262270212173,-0.913071930408478
1779.30114746094,3.75530934333801,-0.742781698703766,-0.423918783664703,18.6736297607422,62.2250442504883,359.375061035156,-0.136117964982986,-0.510624706745148,0.0884375721216202,-0.844341814517975
1779.80285644531,3.75530934333801,-0.742781698703766,-0.423918783664703,18.1498069763184,69.7297973632813,10.2401437759399,-0.179274529218674,-0.550686359405518,0.0174952670931816,-0.815045535564423
1780.30432128906,3.75530934333801,-0.742781698703766,-0.423918783664703,15.4596672058105,79.2791061401367,34.3924293518066,-0.285840958356857,-0.5732781291008,-0.143628746271133,-0.754332780838013
1780.8056640625,3.75530934333801,-0.742783308029175,-0.423918783664703,20.3867969512939,72.5774002075195,41.4858551025391,-0.339712023735046,-0.494231283664703,-0.183023676276207,-0.778995215892792
1781.30700683594,3.75530934333801,-0.742783308029175,-0.423918783664703,17.442440032959,75.3570098876953,56.4622421264648,-0.391517341136932,-0.475529700517654,-0.288397341966629,-0.733084380626678
1781.80834960938,3.75530934333801,-0.742783308029175,-0.4239182472229,9.86279678344727,80.2392578125,55.9605369567871,-0.35925766825676,-0.536115288734436,-0.308526307344437,-0.698803126811981
1782.30944824219,3.75530934333801,-0.742783308029175,-0.423918515443802,9.143310546875,80.564811706543,31.1085071563721,-0.231400787830353,-0.604590177536011,-0.154265597462654,-0.746409177780151
1782.81127929688,3.75530934333801,-0.742783308029175,-0.4239182472229,10.2773838043213,78.131706237793,18.8156604766846,-0.17120748758316,-0.607870519161224,-0.0707174465060234,-0.772127270698547
1783.33911132813,3.75530505180359,-0.742784976959229,-0.423917979001999,14.028790473938,58.9140777587891,13.6572999954224,-0.163611620664597,-0.471984833478928,-0.0431263074278831,-0.865217745304108
1783.84033203125,3.75530934333801,-0.742785513401031,-0.4239182472229,14.2420711517334,57.6954765319824,24.4976844787598,-0.207683563232422,-0.444826573133469,-0.125946894288063,-0.862052321434021
1784.34155273438,3.75530934333801,-0.742784976959229,-0.4239182472229,14.6598930358887,57.4751129150391,48.7913627624512,-0.29884460568428,-0.388086080551147,-0.303338229656219,-0.817353665828705
1784.84313964844,3.75530934333801,-0.742784976959229,-0.4239182472229,8.65636825561523,62.1044731140137,58.1088600158691,-0.3063063621521,-0.418223321437836,-0.380830556154251,-0.765659034252167
1785.34509277344,3.75530934333801,-0.742784976959229,-0.4239182472229,8.04437732696533,62.4882621765137,60.2379112243652,-0.311506658792496,-0.417457908391953,-0.396492213010788,-0.755967259407043
1785.845703125,3.75530934333801,-0.742784976959229,-0.423917710781097,17.3961791992188,56.7470817565918,54.3784217834473,-0.333001881837845,-0.357046484947205,-0.333489507436752,-0.80648148059845
1786.34606933594,3.75530934333801,-0.742785513401031,-0.423917710781097,23.6560401916504,51.1472663879395,30.4496326446533,-0.289357244968414,-0.359122067689896,-0.146474093198776,-0.875128090381622
1786.84814453125,3.75530934333801,-0.742785513401031,-0.423917710781097,22.0653629302979,54.6385688781738,21.002836227417,-0.249278247356415,-0.411932706832886,-0.072580948472023,-0.87344366312027
1787.34875488281,3.75530934333801,-0.742785513401031,-0.423917710781097,21.401159286499,57.9259147644043,6.7047438621521,-0.190001055598259,-0.465509474277496,0.0394855290651321,-0.863505303859711
1787.84997558594,3.75530505180359,-0.742785513401031,-0.423917710781097,20.6776695251465,51.6356353759766,341.932861328125,-0.0922805592417717,-0.448492020368576,0.216236934065819,-0.86231130361557
1788.35119628906,3.75530934333801,-0.742785513401031,-0.423917710781097,19.1619625091553,48.3667221069336,329.021057128906,-0.0384418368339539,-0.429821640253067,0.305933266878128,-0.848634481430054
1788.85217285156,3.75530934333801,-0.742785513401031,-0.423917710781097,16.3661823272705,44.2697639465332,320.276428222656,0.00270768441259861,-0.395561993122101,0.361948728561401,-0.844106912612915
1789.35461425781,3.75530934333801,-0.742785513401031,-0.423917174339294,17.0645904541016,45.4290428161621,345.682464599609,-0.0882047712802887,-0.395944774150848,0.170525372028351,-0.897980451583862
1789.85485839844,3.75530934333801,-0.742785513401031,-0.423917174339294,17.0831699371338,47.1330299377441,10.6895837783813,-0.172376736998558,-0.380978524684906,-0.0253080576658249,-0.908020496368408
1790.35705566406,3.75530934333801,-0.742785513401031,-0.423917174339294,17.0828495025635,47.132884979248,10.6893739700317,-0.172373503446579,-0.380978107452393,-0.0253077484667301,-0.90802127122879
1790.85778808594,3.75530934333801,-0.742785513401031,-0.423917174339294,17.0369987487793,47.6082763671875,359.419097900391,-0.133502319455147,-0.39984068274498,0.0643724948167801,-0.90452241897583
1791.35913085938,3.75524854660034,-0.742785513401031,-0.423917174339294,17.0369701385498,47.6085357666016,359.419158935547,-0.133502095937729,-0.399842709302902,0.064372330904007,-0.904521584510803
1791.85961914063,3.75524854660034,-0.742785513401031,-0.423916906118393,16.8148517608643,48.7952117919922,16.3427543640137,-0.189882844686508,-0.385552793741226,-0.0682691261172295,-0.900351464748383
1792.36157226563,3.75524425506592,-0.742785513401031,-0.423916906118393,14.6967124938965,53.8975639343262,34.7144432067871,-0.242911443114281,-0.394990921020508,-0.208424523472786,-0.861124575138092
1792.86315917969,3.75524854660034,-0.742785513401031,-0.423916906118393,14.9824914932251,53.4859352111816,37.4194831848145,-0.253389149904251,-0.385224312543869,-0.228450208902359,-0.857441902160645
1793.36450195313,3.75524854660034,-0.742785513401031,-0.423916906118393,20.2562007904053,47.4353103637695,44.8224678039551,-0.299798309803009,-0.304675132036209,-0.278221786022186,-0.860166728496552
1793.86499023438,3.75524854660034,-0.742785513401031,-0.423916906118393,16.8868675231934,50.2060928344727,23.8193092346191,-0.216704472899437,-0.383176356554031,-0.123898662626743,-0.889305472373962
1794.36584472656,3.75524854660034,-0.742785513401031,-0.423916637897491,17.0928897857666,50.0378761291504,10.1163101196289,-0.171015456318855,-0.404719829559326,-0.0164012908935547,-0.898157358169556
1794.86694335938,3.75524854660034,-0.742785513401031,-0.423916637897491,20.3492164611816,33.8763961791992,14.3935995101929,-0.203578606247902,-0.263329118490219,-0.0668992251157761,-0.940605163574219
1795.36791992188,3.75524854660034,-0.742785513401031,-0.423916637897491,22.9315147399902,24.2498569488525,20.8194561004639,-0.228343650698662,-0.167348146438599,-0.132064208388329,-0.949954152107239
1795.86987304688,3.75524854660034,-0.742785513401031,-0.423916637897491,21.8268260955811,26.5421504974365,23.8402252197266,-0.226853102445602,-0.18248575925827,-0.154871985316277,-0.944061100482941
1796.36999511719,3.75524854660034,-0.742785513401031,-0.42391636967659,16.5618228912354,43.124885559082,10.601902961731,-0.16697396337986,-0.349752813577652,-0.0323202982544899,-0.92127525806427
1796.87145996094,3.75524854660034,-0.742786049842834,-0.42391636967659,15.4298038482666,53.6844329833984,0.304078370332718,-0.120966508984566,-0.447128504514694,0.0582693889737129,-0.884334743022919
1797.37255859375,3.75524854660034,-0.742785513401031,-0.423916101455688,15.429877281189,53.6843566894531,0.304074466228485,-0.120967097580433,-0.447127878665924,0.0582696236670017,-0.884334981441498
1797.87365722656,3.75524854660034,-0.742785513401031,-0.423914730548859,15.4298896789551,53.6838226318359,0.304012984037399,-0.120967216789722,-0.447123825550079,0.0582695864140987,-0.884336948394775
1798.37487792969,3.75524854660034,-0.742785513401031,-0.423915266990662,15.4299306869507,53.6839714050293,0.304043978452682,-0.120967574417591,-0.44712495803833,0.0582696609199047,-0.884336411952972
1798.87609863281,3.75524854660034,-0.742785513401031,-0.423915266990662,15.4299306869507,53.6839714050293,0.304043978452682,-0.120967574417591,-0.44712495803833,0.0582696609199047,-0.884336411952972
1799.37719726563,3.75524854660034,-0.742785513401031,-0.423915266990662,15.4299306869507,53.6839714050293,0.304043978452682,-0.120967574417591,-0.44712495803833,0.0582696609199047,-0.884336411952972
1799.87817382813,3.75524854660034,-0.742785513401031,-0.423915266990662,15.4299306869507,53.6839714050293,0.304043978452682,-0.120967574417591,-0.44712495803833,0.0582696609199047,-0.884336411952972
1800.37963867188,3.75524854660034,-0.742785513401031,-0.423915266990662,15.4299306869507,53.6839714050293,0.304043978452682,-0.120967574417591,-0.44712495803833,0.0582696609199047,-0.884336411952972
1800.88061523438,3.75524854660034,-0.742785513401031,-0.423915266990662,15.4299306869507,53.6839714050293,0.304043978452682,-0.120967574417591,-0.44712495803833,0.0582696609199047,-0.884336411952972
1801.38208007813,3.75524854660034,-0.742785513401031,-0.423915266990662,15.4299306869507,53.6839714050293,0.304043978452682,-0.120967574417591,-0.44712495803833,0.0582696609199047,-0.884336411952972
1801.88317871094,3.75524854660034,-0.742785513401031,-0.423915266990662,15.4299306869507,53.6839714050293,0.304043978452682,-0.120967574417591,-0.44712495803833,0.0582696609199047,-0.884336411952972
1802.384765625,3.75524854660034,-0.742785513401031,-0.423915266990662,15.4299306869507,53.6839714050293,0.304043978452682,-0.120967574417591,-0.44712495803833,0.0582696609199047,-0.884336411952972
1802.88647460938,3.75524854660034,-0.742785513401031,-0.423915266990662,15.4557704925537,55.1632347106934,357.031860351563,-0.107263818383217,-0.46173945069313,0.0849867314100266,-0.876395106315613
1803.38793945313,3.75524854660034,-0.742785513401031,-0.423915266990662,15.1074514389038,54.4809913635254,343.365447998047,-0.0500094927847385,-0.465888530015945,0.187033280730247,-0.86340343952179
1803.88842773438,3.75524854660034,-0.742785513401031,-0.423915266990662,14.4124212265015,52.8541641235352,329.52294921875,0.00767145631834865,-0.455543607473373,0.287378132343292,-0.842517077922821
1804.38940429688,3.75524854660034,-0.742784976959229,-0.423915266990662,13.4707489013672,51.4865798950195,324.197875976563,0.0320543721318245,-0.442932367324829,0.323431074619293,-0.835569143295288
1804.89038085938,3.75524854660034,-0.742784976959229,-0.423915266990662,15.0906629562378,56.3371772766113,349.610015869141,-0.0729093998670578,-0.47653916478157,0.140863284468651,-0.864726722240448
1805.39147949219,3.75524854660034,-0.742784976959229,-0.423915266990662,14.6665592193604,53.3509368896484,353.627044677734,-0.0891284123063087,-0.450915813446045,0.106477104127407,-0.88169938325882
1805.892578125,3.75524854660034,-0.742784976959229,-0.423915266990662,14.5827493667603,52.1977272033691,1.93610036373138,-0.121330566704273,-0.434376120567322,0.0407752618193626,-0.891590595245361
1806.39392089844,3.75524854660034,-0.742784976959229,-0.423915266990662,14.6504535675049,56.6279945373535,355.149566650391,-0.0922401770949364,-0.47476065158844,0.0973689407110214,-0.869835257530212
1806.89538574219,3.75524854660034,-0.742784976959229,-0.423915266990662,14.4706373214722,55.3208770751953,349.762145996094,-0.0700158625841141,-0.468650221824646,0.13663125038147,-0.869940638542175
1807.39660644531,3.75524854660034,-0.742784976959229,-0.423914730548859,14.4706678390503,55.3207855224609,349.762115478516,-0.0700160562992096,-0.468649566173553,0.136631578207016,-0.869940876960754
1807.89782714844,3.75524854660034,-0.742784380912781,-0.423913657665253,14.470664024353,55.3207588195801,349.762084960938,-0.0700159668922424,-0.468649357557297,0.13663175702095,-0.869940996170044
1808.39904785156,3.75524854660034,-0.742784976959229,-0.423913389444351,14.4707040786743,55.3207473754883,349.762054443359,-0.0700161308050156,-0.468649327754974,0.136632144451141,-0.869940996170044
1808.90002441406,3.75524854660034,-0.742784976959229,-0.423913389444351,14.4708337783813,55.3211860656738,349.762023925781,-0.0700164660811424,-0.468652695417404,0.136633187532425,-0.869938969612122
1809.40100097656,3.75524854660034,-0.742784976959229,-0.42391312122345,14.4709644317627,55.3215942382813,349.761993408203,-0.0700168013572693,-0.468655854463577,0.136634290218353,-0.869937002658844
1809.90246582031,3.75985670089722,-0.744683086872101,-0.431621879339218,14.668025970459,55.2851676940918,349.752746582031,-0.0715366005897522,-0.468419075012207,0.137453123927116,-0.86981189250946
1810.40380859375,3.75708651542664,-0.752282679080963,-0.434237450361252,16.6510391235352,54.9109497070313,349.651702880859,-0.0868231356143951,-0.465928822755814,0.14567044377327,-0.868419408798218
1810.90502929688,3.75595951080322,-0.752368807792664,-0.432931274175644,16.6550178527832,54.9345703125,351.2490234375,-0.0933123156428337,-0.464852720499039,0.133586138486862,-0.870264053344727
1811.4189453125,3.75596380233765,-0.752368807792664,-0.432930469512939,16.6548042297363,54.934268951416,351.2490234375,-0.0933110266923904,-0.46485048532486,0.133585035800934,-0.870265603065491
1811.92126464844,3.75596380233765,-0.752368807792664,-0.432930469512939,16.6547336578369,54.934268951416,351.248992919922,-0.0933103412389755,-0.46485048532486,0.133585035800934,-0.870265603065491
1812.423828125,3.75595951080322,-0.752368807792664,-0.432930469512939,16.6547336578369,54.934268951416,351.248992919922,-0.0933103412389755,-0.46485048532486,0.133585035800934,-0.870265603065491
1812.95166015625,3.75596380233765,-0.752368807792664,-0.432930469512939,16.6547336578369,54.934268951416,351.248992919922,-0.0933103412389755,-0.46485048532486,0.133585035800934,-0.870265603065491
1813.4970703125,3.75596833229065,-0.752368807792664,-0.432930737733841,16.6547336578369,54.934268951416,351.248992919922,-0.0933103412389755,-0.46485048532486,0.133585035800934,-0.870265603065491
1814.02026367188,3.75596380233765,-0.752368807792664,-0.432930469512939,16.6546840667725,54.9342269897461,351.2490234375,-0.0933100506663322,-0.464850127696991,0.13358473777771,-0.870265901088715
1814.52490234375,3.75596380233765,-0.752368807792664,-0.432930469512939,16.6546287536621,54.9342269897461,351.249053955078,-0.0933098122477531,-0.464850097894669,0.133584186434746,-0.870266020298004
1815.02600097656,3.75596380233765,-0.752368807792664,-0.432930201292038,16.6545677185059,54.9340324401855,351.249053955078,-0.0933095142245293,-0.464848667383194,0.1335838586092,-0.870266914367676
1815.52758789063,3.75596380233765,-0.752368807792664,-0.432930201292038,16.6546859741211,54.9344215393066,351.2490234375,-0.0933099389076233,-0.464851647615433,0.133584693074226,-0.870265126228333
1816.0283203125,3.75596833229065,-0.752368807792664,-0.432930201292038,16.6547718048096,54.9343719482422,351.248931884766,-0.0933102071285248,-0.464851319789886,0.133585825562477,-0.870265126228333
1816.52978515625,3.75596833229065,-0.752368807792664,-0.432930201292038,16.6547718048096,54.9343719482422,351.248931884766,-0.0933102071285248,-0.464851319789886,0.133585825562477,-0.870265126228333
1817.03125,3.75596833229065,-0.752368807792664,-0.432930201292038,16.6547718048096,54.9343719482422,351.248931884766,-0.0933102071285248,-0.464851319789886,0.133585825562477,-0.870265126228333
1817.5322265625,3.75596380233765,-0.752368807792664,-0.432930201292038,16.6547718048096,54.9343719482422,351.248931884766,-0.0933102071285248,-0.464851319789886,0.133585825562477,-0.870265126228333
1818.03344726563,3.75595951080322,-0.752368807792664,-0.432930201292038,16.6547718048096,54.9343719482422,351.248931884766,-0.0933102071285248,-0.464851319789886,0.133585825562477,-0.870265126228333
1818.53491210938,3.75596380233765,-0.752368807792664,-0.432930201292038,16.6547718048096,54.9343719482422,351.248931884766,-0.0933102071285248,-0.464851319789886,0.133585825562477,-0.870265126228333
1819.03625488281,3.75595951080322,-0.752368807792664,-0.432930201292038,16.6547718048096,54.9343719482422,351.248931884766,-0.0933102071285248,-0.464851319789886,0.133585825562477,-0.870265126228333
1819.53723144531,3.75596380233765,-0.752368807792664,-0.432930201292038,16.6547718048096,54.9343719482422,351.248931884766,-0.0933102071285248,-0.464851319789886,0.133585825562477,-0.870265126228333
1820.03820800781,3.75596380233765,-0.752368807792664,-0.432930201292038,16.6547718048096,54.9343719482422,351.248931884766,-0.0933102071285248,-0.464851319789886,0.133585825562477,-0.870265126228333
1820.53979492188,3.75596380233765,-0.752369403839111,-0.432930201292038,16.6547718048096,54.9343719482422,351.248931884766,-0.0933102071285248,-0.464851319789886,0.133585825562477,-0.870265126228333
1821.04113769531,3.75596833229065,-0.752368807792664,-0.432930201292038,16.6547718048096,54.9343719482422,351.248931884766,-0.0933102071285248,-0.464851319789886,0.133585825562477,-0.870265126228333
1821.54248046875,3.75596380233765,-0.752368807792664,-0.432930201292038,16.6547718048096,54.9343719482422,351.248931884766,-0.0933102071285248,-0.464851319789886,0.133585825562477,-0.870265126228333
1822.04370117188,3.75596380233765,-0.752368807792664,-0.432930201292038,16.6547718048096,54.9343719482422,351.248931884766,-0.0933102071285248,-0.464851319789886,0.133585825562477,-0.870265126228333
1822.56030273438,3.75596380233765,-0.752368807792664,-0.432930201292038,16.6547718048096,54.9343719482422,351.248931884766,-0.0933102071285248,-0.464851319789886,0.133585825562477,-0.870265126228333
1823.06176757813,3.75596380233765,-0.752368807792664,-0.432930201292038,16.6547718048096,54.9343719482422,351.248931884766,-0.0933102071285248,-0.464851319789886,0.133585825562477,-0.870265126228333
1823.56237792969,3.75596380233765,-0.752368807792664,-0.432930201292038,16.6547718048096,54.9343719482422,351.248931884766,-0.0933102071285248,-0.464851319789886,0.133585825562477,-0.870265126228333
1824.06408691406,3.75596833229065,-0.752368807792664,-0.432930201292038,16.6547718048096,54.9343719482422,351.248931884766,-0.0933102071285248,-0.464851319789886,0.133585825562477,-0.870265126228333
1824.58264160156,3.75596380233765,-0.752368807792664,-0.432930201292038,16.6547718048096,54.9343719482422,351.248931884766,-0.0933102071285248,-0.464851319789886,0.133585825562477,-0.870265126228333
1825.08471679688,3.75596380233765,-0.752368807792664,-0.432930201292038,16.6547718048096,54.9343719482422,351.248931884766,-0.0933102071285248,-0.464851319789886,0.133585825562477,-0.870265126228333
1825.60803222656,3.75596380233765,-0.752368807792664,-0.432930201292038,16.6547775268555,54.9341926574707,351.248901367188,-0.0933104231953621,-0.464849948883057,0.133585780858994,-0.870265781879425
1826.11059570313,3.75596380233765,-0.752368807792664,-0.432930201292038,16.6547660827637,54.9341087341309,351.248931884766,-0.0933104678988457,-0.464849323034286,0.13358561694622,-0.870266139507294
1826.61328125,3.75596380233765,-0.752368807792664,-0.432930201292038,16.6292762756348,54.7732353210449,349.404998779297,-0.0858298689126968,-0.465068221092224,0.147352501749992,-0.868695616722107
1827.14074707031,3.75596380233765,-0.752368807792664,-0.432930201292038,14.6813993453979,48.3950462341309,330.413452148438,-0.00888130348175764,-0.422806471586227,0.281624019145966,-0.861303508281708
1827.642578125,3.75596380233765,-0.752368807792664,-0.432930201292038,15.3620719909668,49.4150314331055,319.027893066406,0.0312308464199305,-0.430533796548843,0.367421299219131,-0.823812425136566
1828.14501953125,3.75596380233765,-0.752368807792664,-0.432930201292038,15.3622055053711,49.415397644043,319.027923583984,0.031230878084898,-0.43053674697876,0.367421329021454,-0.823810875415802
1828.64624023438,3.75596833229065,-0.752368807792664,-0.432928025722504,12.2659740447998,46.0617790222168,312.167633056641,0.0678166151046753,-0.395448803901672,0.40916034579277,-0.819517552852631
1829.14636230469,3.75596380233765,-0.752368807792664,-0.432925879955292,1.61366629600525,38.1865196228027,298.928527832031,0.154717236757278,-0.28847399353981,0.484044939279556,-0.811508417129517
1829.64831542969,3.75596380233765,-0.752368807792664,-0.432925879955292,3.93944358825684,39.9288749694824,313.115661621094,0.106111876666546,-0.325922250747681,0.384461969137192,-0.857148766517639
1830.14990234375,3.75596380233765,-0.752368807792664,-0.432925879955292,7.80454635620117,44.6322784423828,324.212860107422,0.0564850233495235,-0.379855424165726,0.308170318603516,-0.870373666286469
1830.650390625,3.75596380233765,-0.752368807792664,-0.432925879955292,9.0200309753418,46.4372749328613,326.750061035156,0.0432015918195248,-0.397266447544098,0.291823863983154,-0.86899471282959
1831.15185546875,3.75595951080322,-0.752368807792664,-0.432926148176193,9.27143573760986,46.7665367126465,316.856506347656,0.0764552801847458,-0.395148605108261,0.366195201873779,-0.838995397090912
1831.65283203125,3.75596380233765,-0.752368807792664,-0.432926952838898,9.27136516571045,46.7665672302246,316.856475830078,0.0764560028910637,-0.395148605108261,0.366195201873779,-0.838995337486267
1832.15454101563,3.75596380233765,-0.752368807792664,-0.432926684617996,8.95722198486328,46.4321136474609,315.924621582031,0.080937884747982,-0.3912093937397,0.372313052415848,-0.83772736787796
1832.65551757813,3.75596380233765,-0.752368807792664,-0.432926684617996,8.95743656158447,46.4327163696289,315.924682617188,0.0809381157159805,-0.391214460134506,0.372313022613525,-0.837725102901459
1833.15661621094,3.75596380233765,-0.752368807792664,-0.432926416397095,8.95733737945557,46.4328002929688,315.924835205078,0.0809385851025581,-0.391214907169342,0.372311502695084,-0.837725520133972
1833.65783691406,3.75596380233765,-0.752368807792664,-0.432926684617996,8.95728397369385,46.4330177307129,315.924987792969,0.0809391215443611,-0.391216486692429,0.372309952974319,-0.837725460529327
1834.15893554688,3.75596380233765,-0.752368807792664,-0.432926684617996,8.95716857910156,46.4331588745117,315.925262451172,0.0809395387768745,-0.3912173807621,0.372307568788528,-0.83772599697113
1834.66064453125,3.75596380233765,-0.752368807792664,-0.432926684617996,8.9571475982666,46.4333724975586,315.925476074219,0.0809395760297775,-0.391219019889832,0.372305661439896,-0.837726056575775
1835.16198730469,3.75596380233765,-0.752368807792664,-0.432926684617996,8.9571475982666,46.4333724975586,315.925476074219,0.0809395760297775,-0.391219019889832,0.372305661439896,-0.837726056575775
1835.6630859375,3.75596833229065,-0.752368807792664,-0.432926952838898,8.9571475982666,46.4333724975586,315.925476074219,0.0809395760297775,-0.391219019889832,0.372305661439896,-0.837726056575775
1836.16394042969,3.75595951080322,-0.752368807792664,-0.432926684617996,8.9571475982666,46.4333724975586,315.925476074219,0.0809395760297775,-0.391219019889832,0.372305661439896,-0.837726056575775
1836.66528320313,3.75596380233765,-0.752368807792664,-0.432926684617996,8.9571475982666,46.4333724975586,315.925476074219,0.0809395760297775,-0.391219019889832,0.372305661439896,-0.837726056575775
1837.16650390625,3.75596833229065,-0.752368807792664,-0.432926684617996,8.9571475982666,46.4333724975586,315.925476074219,0.0809395760297775,-0.391219019889832,0.372305661439896,-0.837726056575775
1837.66772460938,3.75596380233765,-0.752368807792664,-0.432926416397095,8.95718193054199,46.4333305358887,315.925384521484,0.0809395387768745,-0.39121875166893,0.372306525707245,-0.837725818157196
1838.1689453125,3.75596380233765,-0.752368271350861,-0.432926148176193,8.95720767974854,46.433235168457,315.925170898438,0.0809397473931313,-0.39121800661087,0.372308164834976,-0.837725460529327
1838.67016601563,3.75596380233765,-0.752368271350861,-0.432926148176193,11.5698652267456,49.1796607971191,315.854644775391,0.0706378743052483,-0.418099075555801,0.378831058740616,-0.822612047195435
1839.17175292969,3.75596833229065,-0.752366662025452,-0.432926416397095,11.5698375701904,49.1795196533203,315.854675292969,0.0706374943256378,-0.418098032474518,0.378830790519714,-0.822612702846527
1839.67309570313,3.75596833229065,-0.752366662025452,-0.432926148176193,11.5699949264526,49.1796722412109,315.854339599609,0.0706380903720856,-0.41809931397438,0.378833651542664,-0.822610676288605
1840.17346191406,3.75413465499878,-0.751125812530518,-0.431053727865219,11.5699787139893,49.1797065734863,315.854370117188,0.0706382095813751,-0.418099522590637,0.378833383321762,-0.822610676288605
1840.67407226563,3.75106978416443,-0.749572277069092,-0.428006321191788,11.3713636398315,48.9709510803223,315.783325195313,0.0716872662305832,-0.416032642126083,0.378868818283081,-0.823550999164581
1841.17578125,3.75106549263,-0.749572277069092,-0.428006321191788,10.6935529708862,48.3137550354004,311.189727783203,0.0909289792180061,-0.406178712844849,0.410089045763016,-0.811528086662292
1841.67724609375,3.75106549263,-0.749572277069092,-0.428006321191788,10.647533416748,48.2732162475586,315.371185302734,0.0762590244412422,-0.408808946609497,0.380098313093185,-0.826187133789063
1842.17834472656,3.75106549263,-0.749572277069092,-0.428006321191788,10.6368913650513,48.2624702453613,315.902770996094,0.0744060277938843,-0.409052222967148,0.376236528158188,-0.828001260757446
1842.67895507813,3.75106549263,-0.749572277069092,-0.428006321191788,10.6368026733398,48.2626533508301,315.902862548828,0.0744070261716843,-0.409053385257721,0.376235574483871,-0.828001081943512
1843.17956542969,3.76751208305359,-0.753657400608063,-0.424441963434219,12.5315408706665,46.3761138916016,315.524047851563,0.0552646517753601,-0.400253981351852,0.385581493377686,-0.82949960231781
1843.68078613281,3.76893830299377,-0.751603722572327,-0.413987845182419,15.6832981109619,46.9909706115723,312.718566894531,0.0437511391937733,-0.411978602409363,0.414143860340118,-0.81045937538147
1844.18310546875,3.7689425945282,-0.751603722572327,-0.413987845182419,16.5623531341553,47.8474006652832,314.396911621094,0.0341484472155571,-0.420953989028931,0.404394805431366,-0.81123149394989
1844.68359375,3.76893830299377,-0.75160425901413,-0.413987845182419,16.5624485015869,47.8472518920898,314.396606445313,0.034148283302784,-0.420953065156937,0.404397219419479,-0.811230778694153
1845.18493652344,3.76910281181335,-0.750160753726959,-0.412703901529312,16.7825202941895,48.0723152160645,314.433074951172,0.0331641212105751,-0.423124134540558,0.404686629772186,-0.809996843338013
1845.75842285156,3.76911592483521,-0.749970555305481,-0.412581443786621,16.7825164794922,48.0723114013672,314.433074951172,0.0331641472876072,-0.423124104738235,0.404686659574509,-0.809996902942657
1846.26013183594,3.76911592483521,-0.749970555305481,-0.412581712007523,16.7825164794922,48.0723114013672,314.433074951172,0.0331641472876072,-0.423124104738235,0.404686659574509,-0.809996902942657
1846.76123046875,3.76911592483521,-0.749970555305481,-0.412581712007523,16.7825164794922,48.0723114013672,314.433074951172,0.0331641472876072,-0.423124104738235,0.404686659574509,-0.809996902942657
1847.26208496094,3.76911163330078,-0.749970555305481,-0.412581443786621,16.7825164794922,48.0723114013672,314.433074951172,0.0331641472876072,-0.423124104738235,0.404686659574509,-0.809996902942657
1847.76403808594,3.76912021636963,-0.749970555305481,-0.412581443786621,16.7825164794922,48.0723114013672,314.433074951172,0.0331641472876072,-0.423124104738235,0.404686659574509,-0.809996902942657
1848.28076171875,3.76911592483521,-0.749970555305481,-0.412581443786621,16.7825164794922,48.0723114013672,314.433074951172,0.0331641472876072,-0.423124104738235,0.404686659574509,-0.809996902942657
1848.8017578125,3.76911592483521,-0.749970555305481,-0.412581443786621,16.7824840545654,48.0721817016602,314.433013916016,0.0331641249358654,-0.423123061656952,0.404687017202377,-0.809997200965881
1849.30480957031,3.76911592483521,-0.749970555305481,-0.412581443786621,16.7826461791992,48.0724449157715,314.432891845703,0.0331642180681229,-0.423125326633453,0.404688119888306,-0.809995472431183
1849.80627441406,3.76911163330078,-0.749970555305481,-0.412580907344818,16.7825489044189,48.0723495483398,314.433074951172,0.033163994550705,-0.423124432563782,0.404686659574509,-0.809996664524078
1850.30859375,3.76911592483521,-0.749970555305481,-0.412580907344818,16.782434463501,48.0720558166504,314.43310546875,0.0331637598574162,-0.423122107982635,0.40468630194664,-0.809998095035553
1850.81018066406,3.76911592483521,-0.749970555305481,-0.412580907344818,16.7822742462158,48.0715637207031,314.433044433594,0.0331634245812893,-0.42311817407608,0.40468642115593,-0.810000121593475
1851.31140136719,3.76911592483521,-0.749970555305481,-0.412580907344818,16.782299041748,48.0714302062988,314.432922363281,0.033163134008646,-0.423117250204086,0.404687255620956,-0.81000018119812
1851.81335449219,3.76911592483521,-0.749970555305481,-0.412580102682114,16.7824440002441,48.0713157653809,314.432434082031,0.0331634804606438,-0.423116713762283,0.404691159725189,-0.809998512268066
1852.314453125,3.76911592483521,-0.749970555305481,-0.4125716984272,16.7823085784912,48.0713653564453,314.432678222656,0.0331638008356094,-0.423116773366928,0.404689103364944,-0.809999465942383
1852.81567382813,3.76911592483521,-0.749970555305481,-0.412571430206299,16.7822284698486,48.0712432861328,314.432739257813,0.0331637971103191,-0.423115730285645,0.404688596725464,-0.81000030040741
1853.31665039063,3.76911592483521,-0.749970018863678,-0.4125716984272,16.7822284698486,48.0712432861328,314.432739257813,0.0331637971103191,-0.423115730285645,0.404688596725464,-0.81000030040741
1853.81823730469,3.76912021636963,-0.749970555305481,-0.4125716984272,16.7822284698486,48.0712432861328,314.432739257813,0.0331637971103191,-0.423115730285645,0.404688596725464,-0.81000030040741
1854.3193359375,3.76911592483521,-0.749970555305481,-0.4125716984272,16.7822284698486,48.0712432861328,314.432739257813,0.0331637971103191,-0.423115730285645,0.404688596725464,-0.81000030040741
1854.82067871094,3.76911592483521,-0.749970555305481,-0.4125716984272,16.7822284698486,48.0712432861328,314.432739257813,0.0331637971103191,-0.423115730285645,0.404688596725464,-0.81000030040741
1855.3212890625,3.76911592483521,-0.749970555305481,-0.4125716984272,16.7822284698486,48.0712432861328,314.432739257813,0.0331637971103191,-0.423115730285645,0.404688596725464,-0.81000030040741
1855.82214355469,3.76911163330078,-0.749970555305481,-0.4125716984272,16.7822284698486,48.0712432861328,314.432739257813,0.0331637971103191,-0.423115730285645,0.404688596725464,-0.81000030040741
1856.33630371094,3.76911592483521,-0.749970555305481,-0.4125716984272,16.7822284698486,48.0712432861328,314.432739257813,0.0331637971103191,-0.423115730285645,0.404688596725464,-0.81000030040741
1856.83764648438,3.76911592483521,-0.749970555305481,-0.4125716984272,16.7822284698486,48.0712432861328,314.432739257813,0.0331637971103191,-0.423115730285645,0.404688596725464,-0.81000030040741
1857.33947753906,3.76911592483521,-0.749970555305481,-0.412571430206299,16.7822284698486,48.0712432861328,314.432739257813,0.0331637971103191,-0.423115730285645,0.404688596725464,-0.81000030040741
1857.84045410156,3.76911592483521,-0.749970555305481,-0.4125716984272,16.7822284698486,48.0712432861328,314.432739257813,0.0331637971103191,-0.423115730285645,0.404688596725464,-0.81000030040741
1858.35571289063,3.76911592483521,-0.749970555305481,-0.4125716984272,16.7822284698486,48.0712432861328,314.432739257813,0.0331637971103191,-0.423115730285645,0.404688596725464,-0.81000030040741
1858.88317871094,3.76911163330078,-0.749970555305481,-0.4125716984272,16.7822036743164,48.071174621582,314.432708740234,0.0331637822091579,-0.423115164041519,0.404688626527786,-0.810000538825989
1859.38427734375,3.76911592483521,-0.749970555305481,-0.4125716984272,16.7820892333984,48.0710067749023,314.432800292969,0.0331637524068356,-0.4231136739254,0.404687851667404,-0.81000167131424
1859.88696289063,3.76911592483521,-0.749970555305481,-0.4125716984272,16.7820892333984,48.0710067749023,314.432800292969,0.0331637524068356,-0.4231136739254,0.404687851667404,-0.81000167131424
1860.38891601563,3.76911592483521,-0.749970555305481,-0.4125716984272,5.3969874382019,40.5337791442871,293.080932617188,0.153925463557243,-0.313017725944519,0.530245542526245,-0.772765457630157
1860.890625,3.76911592483521,-0.749970555305481,-0.4125716984272,3.57975625991821,39.7932510375977,287.109802246094,0.178445905447006,-0.291079372167587,0.5668705701828,-0.749725103378296
1861.39221191406,3.76911592483521,-0.749970555305481,-0.4125716984272,3.41359448432922,39.7491264343262,282.201568603516,0.191585823893547,-0.282048135995865,0.598169386386871,-0.725215196609497
1861.89343261719,3.76911163330078,-0.749970555305481,-0.412571430206299,3.68163681030273,39.8128662109375,285.94482421875,0.18082132935524,-0.289873033761978,0.574657618999481,-0.743670582771301
1862.39501953125,3.76911592483521,-0.749970555305481,-0.4125716984272,4.53896903991699,40.0525093078613,284.841644287109,0.17919659614563,-0.293873101472855,0.583280384540558,-0.735738575458527
1862.89611816406,3.76912021636963,-0.749966204166412,-0.4125716984272,4.53890037536621,40.0524444580078,284.841979980469,0.179195865988731,-0.293872833251953,0.583278238773346,-0.735740542411804
1863.39733886719,3.76911592483521,-0.749966204166412,-0.4125716984272,4.53872728347778,40.0525169372559,284.84228515625,0.179196625947952,-0.29387292265892,0.583275854587555,-0.735742211341858
1863.89880371094,3.76911592483521,-0.749966204166412,-0.4125716984272,4.53866243362427,40.0524368286133,284.842437744141,0.179196178913116,-0.293872386217117,0.583274662494659,-0.735743463039398
1864.40002441406,3.76912021636963,-0.749966204166412,-0.4125716984272,4.53876876831055,40.0525360107422,284.842193603516,0.179196655750275,-0.293873161077499,0.583276391029358,-0.7357417345047
1864.9013671875,3.76911592483521,-0.749966204166412,-0.4125716984272,4.53859186172485,40.0523986816406,284.842407226563,0.179196566343307,-0.293871700763702,0.583274900913239,-0.735743463039398
1865.40234375,3.76911592483521,-0.749966204166412,-0.4125716984272,4.53859186172485,40.0523986816406,284.842407226563,0.179196566343307,-0.293871700763702,0.583274900913239,-0.735743463039398
1865.90356445313,3.76911592483521,-0.749965667724609,-0.4125716984272,4.53859186172485,40.0523986816406,284.842407226563,0.179196566343307,-0.293871700763702,0.583274900913239,-0.735743463039398
1866.40502929688,3.76911163330078,-0.749966740608215,-0.4125716984272,4.53859186172485,40.0523986816406,284.842407226563,0.179196566343307,-0.293871700763702,0.583274900913239,-0.735743463039398
1866.90576171875,3.76911592483521,-0.749966204166412,-0.4125716984272,4.53859186172485,40.0523986816406,284.842407226563,0.179196566343307,-0.293871700763702,0.583274900913239,-0.735743463039398
1867.4072265625,3.76912021636963,-0.749966204166412,-0.4125716984272,4.53859186172485,40.0523986816406,284.842407226563,0.179196566343307,-0.293871700763702,0.583274900913239,-0.735743463039398
1867.90808105469,3.76911592483521,-0.749966204166412,-0.4125716984272,4.53859186172485,40.0523986816406,284.842407226563,0.179196566343307,-0.293871700763702,0.583274900913239,-0.735743463039398
1868.4091796875,3.76911592483521,-0.749966204166412,-0.4125716984272,4.53859186172485,40.0523986816406,284.842407226563,0.179196566343307,-0.293871700763702,0.583274900913239,-0.735743463039398
1868.91027832031,3.76911592483521,-0.749966204166412,-0.4125716984272,4.53859186172485,40.0523986816406,284.842407226563,0.179196566343307,-0.293871700763702,0.583274900913239,-0.735743463039398
1869.41149902344,3.76911163330078,-0.749966204166412,-0.4125716984272,4.53859186172485,40.0523986816406,284.842407226563,0.179196566343307,-0.293871700763702,0.583274900913239,-0.735743463039398
1869.91259765625,3.76912021636963,-0.749966204166412,-0.4125716984272,4.53859186172485,40.0523986816406,284.842407226563,0.179196566343307,-0.293871700763702,0.583274900913239,-0.735743463039398
1870.41357421875,3.77155637741089,-0.76597386598587,-0.416282624006271,4.83371067047119,38.9314384460449,284.750823974609,0.171768441796303,-0.287975192070007,0.586208581924438,-0.73751300573349
1870.91564941406,3.77584791183472,-0.787281453609467,-0.418519169092178,4.6581826210022,39.5988540649414,284.806243896484,0.176192402839661,-0.291488945484161,0.584467887878418,-0.736469805240631
1871.41687011719,3.7767972946167,-0.781928420066833,-0.416526198387146,5.5360312461853,41.1573028564453,283.517150878906,0.181802988052368,-0.303728103637695,0.592135548591614,-0.723928451538086
1871.91772460938,3.77662396430969,-0.774540662765503,-0.414746463298798,5.61201763153076,40.8394088745117,283.486145019531,0.179746970534325,-0.302045375108719,0.592996597290039,-0.724440932273865
1872.41833496094,3.78124070167542,-0.782521188259125,-0.416239559650421,5.44561815261841,41.5344848632813,283.553070068359,0.184242337942123,-0.305721491575241,0.591109752655029,-0.723310828208923
1872.91955566406,3.78191685676575,-0.781115591526031,-0.415700137615204,5.24306392669678,42.3769035339355,283.631195068359,0.189683198928833,-0.310164749622345,0.588793396949768,-0.721900641918182
1873.4208984375,3.78191256523132,-0.781115591526031,-0.415700137615204,5.24305200576782,42.3769721984863,283.631195068359,0.18968366086483,-0.310165107250214,0.588793337345123,-0.721900403499603
1873.92248535156,3.78191256523132,-0.781115591526031,-0.415700137615204,5.95722341537476,42.5510673522949,283.779357910156,0.185543119907379,-0.315000742673874,0.589173316955566,-0.720571398735046
1874.42370605469,3.78120160102844,-0.777951121330261,-0.412744551897049,6.86065053939819,42.7742958068848,284.21435546875,0.179605185985565,-0.321485102176666,0.588086724281311,-0.720099568367004
1874.92504882813,3.77974510192871,-0.775003969669342,-0.410507470369339,7.74012088775635,42.9990081787109,285.315307617188,0.171873226761818,-0.328798592090607,0.582749783992767,-0.72301709651947
1875.42639160156,3.77974510192871,-0.77500182390213,-0.410505592823029,7.74015045166016,42.9990882873535,285.315307617188,0.171873435378075,-0.328799247741699,0.582749783992767,-0.723016798496246
1875.94079589844,3.77974510192871,-0.77500182390213,-0.410505056381226,7.73999929428101,42.9991493225098,285.316009521484,0.171872735023499,-0.328799962997437,0.582744896411896,-0.723020553588867
1876.44213867188,3.77974510192871,-0.77500182390213,-0.410505324602127,7.73973846435547,42.998779296875,285.316223144531,0.171872034668922,-0.328796684741974,0.582743704319,-0.723023176193237
1876.94360351563,3.77974510192871,-0.77500182390213,-0.410505056381226,7.73971796035767,42.9985427856445,285.315704345703,0.171872437000275,-0.328794330358505,0.582747220993042,-0.723021328449249
1877.44470214844,3.77974510192871,-0.77500182390213,-0.410505056381226,7.73964691162109,42.9983825683594,285.315490722656,0.171872675418854,-0.328792691230774,0.582748591899872,-0.723020911216736
1877.96252441406,3.77974510192871,-0.77500182390213,-0.410505056381226,7.73962116241455,42.9984321594238,285.315216064453,0.171873897314072,-0.328792423009872,0.582750260829926,-0.723019361495972
1878.49133300781,3.77974939346313,-0.77500182390213,-0.410505056381226,7.73951625823975,42.9981346130371,285.315002441406,0.171873703598976,-0.32878977060318,0.58275181055069,-0.723019480705261
1879.01403808594,3.77974510192871,-0.77500182390213,-0.410505056381226,7.7397141456604,42.9980239868164,285.314605712891,0.171872988343239,-0.328789412975311,0.582754969596863,-0.723017275333405
1879.51599121094,3.77974939346313,-0.77500182390213,-0.410505324602127,7.73976039886475,42.9978370666504,285.314331054688,0.171872511506081,-0.328788042068481,0.58275705575943,-0.723016321659088
1880.01843261719,3.77974081039429,-0.77500182390213,-0.410505324602127,7.73999881744385,42.9979438781738,285.313842773438,0.171872839331627,-0.32878914475441,0.582760393619537,-0.723013043403625
1880.52038574219,3.77974510192871,-0.77500182390213,-0.410505324602127,7.74045944213867,42.9978713989258,285.313293457031,0.171871080994606,-0.328789979219437,0.582765161991119,-0.72300922870636
1881.02270507813,3.77974510192871,-0.77500182390213,-0.410505324602127,7.74040269851685,42.9980850219727,285.313415527344,0.171872183680534,-0.328791290521622,0.582763850688934,-0.723009407520294
1881.52416992188,3.77974510192871,-0.77500182390213,-0.410505324602127,7.74040508270264,42.9982604980469,285.313629150391,0.171872451901436,-0.328792721033096,0.58276230096817,-0.723010003566742
1882.02563476563,3.77974939346313,-0.77500182390213,-0.410505324602127,7.74023151397705,42.9982681274414,285.313720703125,0.171873345971107,-0.328792065382004,0.582761287689209,-0.723010778427124
1882.52709960938,3.77974510192871,-0.77500182390213,-0.410505324602127,7.74036836624146,42.998119354248,285.313385009766,0.171872645616531,-0.328791290521622,0.582763910293579,-0.723009288311005
1883.02856445313,3.77974510192871,-0.77500182390213,-0.410505324602127,7.74048852920532,42.9979362487793,285.313232421875,0.171871364116669,-0.328790485858917,0.582765400409698,-0.723008692264557
1883.53051757813,3.77974510192871,-0.77500182390213,-0.410505324602127,7.74054431915283,42.9978446960449,285.312927246094,0.171871438622475,-0.328789681196213,0.5827676653862,-0.723007261753082
1884.03161621094,3.77974510192871,-0.77500182390213,-0.410505324602127,7.74061584472656,42.9977226257324,285.312683105469,0.171870976686478,-0.328788906335831,0.582769393920898,-0.723006248474121
1884.53259277344,3.77974510192871,-0.77500182390213,-0.410505324602127,7.740638256073,42.9977836608887,285.312805175781,0.171870842576027,-0.328789502382278,0.582768738269806,-0.723006546497345
1885.03405761719,3.77974510192871,-0.77500182390213,-0.410505324602127,7.74083471298218,42.9976615905762,285.312255859375,0.171870455145836,-0.328788936138153,0.582772672176361,-0.723003804683685
1885.53564453125,3.77974510192871,-0.77500182390213,-0.410505324602127,7.74071836471558,42.9976577758789,285.312438964844,0.171870648860931,-0.328788608312607,0.582771241664886,-0.723004996776581
1886.037109375,3.77974510192871,-0.77500182390213,-0.410505324602127,7.74090528488159,42.9975471496582,285.311950683594,0.171870306134224,-0.328788042068481,0.582774996757507,-0.723002314567566
1886.53771972656,3.77974510192871,-0.77500182390213,-0.410505324602127,7.74074506759644,42.997501373291,285.312286376953,0.171870172023773,-0.328787505626678,0.582772612571716,-0.723004579544067
1887.0390625,3.77974510192871,-0.77500182390213,-0.410505324602127,7.74055957794189,42.997314453125,285.312408447266,0.171870097517967,-0.328785628080368,0.582771718502045,-0.723006129264832
1887.5400390625,3.77974510192871,-0.77500182390213,-0.410505324602127,7.74026393890381,42.9969825744629,285.312316894531,0.171870663762093,-0.328782021999359,0.582772195339203,-0.723007261753082
1888.05798339844,3.77974510192871,-0.77500182390213,-0.410505324602127,7.74010801315308,42.9969787597656,285.312438964844,0.171871230006218,-0.328781425952911,0.582770943641663,-0.723008334636688
1888.58239746094,3.77974939346313,-0.775001287460327,-0.410505324602127,7.73998737335205,42.9970016479492,285.312316894531,0.171872556209564,-0.328780800104141,0.58277153968811,-0.72300785779953
1889.08386230469,3.77974939346313,-0.775001287460327,-0.410505324602127,7.74006509780884,42.9974403381348,285.312438964844,0.171873912215233,-0.328784137964249,0.582770228385925,-0.723007082939148
1889.58508300781,3.77974081039429,-0.77500182390213,-0.410505324602127,7.74002265930176,42.997631072998,285.312530517578,0.171874895691872,-0.328785270452499,0.582769274711609,-0.723007082939148
1890.08618164063,3.77974510192871,-0.77500182390213,-0.410505324602127,7.74001979827881,42.9976387023926,285.312530517578,0.171874985098839,-0.328785300254822,0.582769334316254,-0.723007023334503
1890.63159179688,3.77974510192871,-0.77500182390213,-0.410505324602127,7.74001979827881,42.9976387023926,285.312530517578,0.171874985098839,-0.328785300254822,0.582769334316254,-0.723007023334503
1891.15698242188,3.77974081039429,-0.77500182390213,-0.410505324602127,7.74001979827881,42.9976387023926,285.312530517578,0.171874985098839,-0.328785300254822,0.582769334316254,-0.723007023334503
1891.68310546875,3.77974510192871,-0.77500182390213,-0.410505324602127,7.73997211456299,42.9979705810547,285.312622070313,0.171876698732376,-0.328787267208099,0.582768142223358,-0.723006665706635
1892.18542480469,3.77974939346313,-0.775001287460327,-0.410505324602127,7.7402400970459,42.9982719421387,285.312255859375,0.171877473592758,-0.328789949417114,0.582770466804504,-0.723003387451172
1892.68774414063,3.77974510192871,-0.77500182390213,-0.410505324602127,10.4696989059448,43.8212661743164,288.791809082031,0.147516787052155,-0.351416081190109,0.565557301044464,-0.731362104415894
1893.18969726563,3.77974939346313,-0.775001287460327,-0.410505324602127,25.2521553039551,52.5007400512695,310.022369384766,0.00463225739076734,-0.474014073610306,0.457342445850372,-0.752414166927338
1893.69189453125,3.77974510192871,-0.77500182390213,-0.410505324602127,32.4937057495117,60.6412353515625,334.193176269531,-0.127175748348236,-0.526368975639343,0.322739899158478,-0.776273787021637
1894.19360351563,3.77974510192871,-0.774997472763062,-0.410505324602127,28.9689254760742,51.4042816162109,350.699951171875,-0.190587639808655,-0.436796575784683,0.17884349822998,-0.860755562782288
1894.69482421875,3.77973198890686,-0.774997472763062,-0.410504758358002,29.1906757354736,59.1971130371094,17.8831462860107,-0.290736228227615,-0.438116997480392,-0.00783328246325254,-0.850567221641541
1895.19592285156,3.77973198890686,-0.774997472763062,-0.410504758358002,29.02734375,59.8401222229004,37.4130706787109,-0.360603481531143,-0.387701481580734,-0.150706067681313,-0.83482962846756
1895.69702148438,3.77973198890686,-0.774998545646667,-0.410504758358002,19.105884552002,69.793342590332,55.5252380371094,-0.383241146802902,-0.435816407203674,-0.292736709117889,-0.759931266307831
1896.19946289063,3.77973198890686,-0.774998545646667,-0.410504758358002,20.8560924530029,68.9564895629883,59.9580307006836,-0.407438606023788,-0.407699793577194,-0.316351115703583,-0.75345641374588
1896.69995117188,3.77973198890686,-0.774998545646667,-0.410504758358002,24.3536911010742,66.1217422485352,34.7753944396973,-0.328056514263153,-0.456060886383057,-0.135006606578827,-0.816186666488647
1897.20141601563,3.77973198890686,-0.774998545646667,-0.4105044901371,24.5485858917236,67.1705627441406,10.8308181762695,-0.227325454354286,-0.521405637264252,0.0402521714568138,-0.821485936641693
1897.70275878906,3.77973198890686,-0.774998545646667,-0.410504221916199,24.9632244110107,60.3531112670898,355.129699707031,-0.165815457701683,-0.498281210660934,0.144403710961342,-0.838670790195465
1898.27661132813,3.77973198890686,-0.775000154972076,-0.410504221916199,24.9477367401123,60.0261878967285,359.682891845703,-0.18567967414856,-0.488906234502792,0.110379122197628,-0.845168769359589
1898.77783203125,3.77973198890686,-0.775000154972076,-0.410504221916199,24.947717666626,60.0257377624512,359.682952880859,-0.185680121183395,-0.488902896642685,0.110377982258797,-0.845170795917511
1899.27880859375,3.77973198890686,-0.775000154972076,-0.410504221916199,24.9477157592773,60.0257110595703,359.682952880859,-0.185680136084557,-0.488902717828751,0.110377945005894,-0.845170915126801
1899.7802734375,3.77973198890686,-0.775000154972076,-0.410504221916199,24.9477157592773,60.0257110595703,359.682952880859,-0.185680136084557,-0.488902717828751,0.110377945005894,-0.845170915126801
1900.28100585938,3.77973198890686,-0.775000154972076,-0.410504221916199,24.9477157592773,60.0257110595703,359.682952880859,-0.185680136084557,-0.488902717828751,0.110377945005894,-0.845170915126801
1900.78234863281,3.77973198890686,-0.775000154972076,-0.410504221916199,24.9477157592773,60.0257110595703,359.682952880859,-0.185680136084557,-0.488902717828751,0.110377945005894,-0.845170915126801
1901.35571289063,3.77973198890686,-0.775000154972076,-0.410504221916199,24.9477157592773,60.0257110595703,359.682952880859,-0.185680136084557,-0.488902717828751,0.110377945005894,-0.845170915126801
1901.85620117188,3.77973198890686,-0.775000154972076,-0.410504221916199,24.9477157592773,60.0257110595703,359.682952880859,-0.185680136084557,-0.488902717828751,0.110377945005894,-0.845170915126801
1902.38049316406,3.77973198890686,-0.775000154972076,-0.410497725009918,24.9478378295898,60.0257453918457,359.683044433594,-0.185681492090225,-0.488902628421783,0.110377706587315,-0.845170676708221
1902.88293457031,3.77973198890686,-0.775000154972076,-0.410489052534103,24.9478359222412,60.0259437561035,359.683166503906,-0.185681819915771,-0.488903880119324,0.110377103090286,-0.845169901847839
1903.38488769531,3.77973198890686,-0.775000154972076,-0.410489320755005,24.9479751586914,60.0255889892578,359.683135986328,-0.185682967305183,-0.488901227712631,0.110377483069897,-0.84517115354538
1903.88757324219,3.77973198890686,-0.775000154972076,-0.410489320755005,24.9480152130127,60.0255470275879,359.683166503906,-0.185683459043503,-0.488900810480118,0.110377348959446,-0.845171272754669
1904.38952636719,3.77973198890686,-0.775000154972076,-0.410489320755005,24.948127746582,60.0254859924316,359.683044433594,-0.185683876276016,-0.488900452852249,0.110378533601761,-0.845171213150024
1904.89099121094,3.77973198890686,-0.775000154972076,-0.410489320755005,24.9482746124268,60.0253372192383,359.683013916016,-0.185684964060783,-0.488899230957031,0.110379122197628,-0.845171630382538
1905.39233398438,3.77973198890686,-0.775000154972076,-0.410489320755005,24.9482078552246,60.0254859924316,359.682983398438,-0.185684114694595,-0.488900482654572,0.110379442572594,-0.84517103433609
1905.8935546875,3.77973198890686,-0.774999618530273,-0.410489588975906,24.9481925964355,60.0255012512207,359.682983398438,-0.185683995485306,-0.488900661468506,0.11037939786911,-0.84517103433609
1906.39489746094,3.77973198890686,-0.775000154972076,-0.410489320755005,24.9481925964355,60.0255012512207,359.682983398438,-0.185683995485306,-0.488900661468506,0.11037939786911,-0.84517103433609
1906.89636230469,3.77973198890686,-0.775000154972076,-0.410489320755005,24.9481925964355,60.0255012512207,359.682983398438,-0.185683995485306,-0.488900661468506,0.11037939786911,-0.84517103433609
1907.41394042969,3.77973198890686,-0.775000154972076,-0.410489320755005,24.9481925964355,60.0255012512207,359.682983398438,-0.185683995485306,-0.488900661468506,0.11037939786911,-0.84517103433609
1907.91528320313,3.77973198890686,-0.775000691413879,-0.410489320755005,24.9481925964355,60.0255012512207,359.682983398438,-0.185683995485306,-0.488900661468506,0.11037939786911,-0.84517103433609
1908.41650390625,3.77972769737244,-0.775000154972076,-0.410489052534103,24.9481925964355,60.0255012512207,359.682983398438,-0.185683995485306,-0.488900661468506,0.11037939786911,-0.84517103433609
1908.91760253906,3.77973198890686,-0.775000154972076,-0.410489320755005,24.9481925964355,60.0255012512207,359.682983398438,-0.185683995485306,-0.488900661468506,0.11037939786911,-0.84517103433609
1909.458984375,3.77972769737244,-0.775000154972076,-0.410489320755005,24.9481925964355,60.0255012512207,359.682983398438,-0.185683995485306,-0.488900661468506,0.11037939786911,-0.84517103433609
1909.98474121094,3.77973198890686,-0.775000154972076,-0.410489320755005,24.9482345581055,60.025691986084,359.683044433594,-0.185684472322464,-0.488901823759079,0.110379323363304,-0.845170199871063
1910.48937988281,3.77973198890686,-0.775000154972076,-0.410489320755005,24.9482975006104,60.025806427002,359.683074951172,-0.1856849193573,-0.488902628421783,0.110379606485367,-0.845169603824615
1910.99169921875,3.77973198890686,-0.775000154972076,-0.410489052534103,24.948127746582,60.0255966186523,359.682952880859,-0.185683339834213,-0.488901436328888,0.110379457473755,-0.845170676708221
1911.49304199219,3.77973198890686,-0.775000154972076,-0.410489320755005,24.9481925964355,60.0255737304688,359.682922363281,-0.185683786869049,-0.488901257514954,0.110379762947559,-0.845170676708221
1911.99401855469,3.77973198890686,-0.775000154972076,-0.410489052534103,24.9482669830322,60.0258407592773,359.683074951172,-0.185684680938721,-0.488902866840363,0.110379487276077,-0.845169544219971
1912.49572753906,3.77973198890686,-0.775000154972076,-0.410489052534103,24.9481544494629,60.0257377624512,359.683044433594,-0.185683846473694,-0.488902270793915,0.110379032790661,-0.845170140266418
1912.9970703125,3.77973198890686,-0.775000154972076,-0.410489320755005,24.9482536315918,60.0257987976074,359.683074951172,-0.185684606432915,-0.488902598619461,0.110379330813885,-0.84516978263855
1913.49853515625,3.77973198890686,-0.775000154972076,-0.410489320755005,24.9483242034912,60.0256004333496,359.683074951172,-0.185685381293297,-0.488901019096375,0.110379241406918,-0.845170497894287
1913.99987792969,3.77973198890686,-0.775000154972076,-0.410489320755005,24.9482574462891,60.025562286377,359.683044433594,-0.185684770345688,-0.488900899887085,0.11037914454937,-0.845170736312866
1914.50085449219,3.77971911430359,-0.775000154972076,-0.410489588975906,24.948356628418,60.0253219604492,359.683013916016,-0.185685560107231,-0.488899111747742,0.110379554331303,-0.845171511173248
1915.00280761719,3.77969741821289,-0.775000154972076,-0.410489320755005,24.9484004974365,60.0252685546875,359.682983398438,-0.185685873031616,-0.488898694515228,0.110379703342915,-0.845171689987183
1915.50329589844,3.77969741821289,-0.775000154972076,-0.410489320755005,24.9485187530518,60.0253562927246,359.68310546875,-0.185687184333801,-0.488898992538452,0.110379450023174,-0.845171272754669
1916.00451660156,3.77969741821289,-0.775000154972076,-0.410489320755005,24.9485149383545,60.0254249572754,359.683135986328,-0.185687214136124,-0.48889946937561,0.110379323363304,-0.845170974731445
1916.578125,3.77969741821289,-0.775000154972076,-0.410488784313202,24.9486141204834,60.0256576538086,359.683288574219,-0.185688346624374,-0.48890084028244,0.110379070043564,-0.845169961452484
1917.07885742188,3.77969741821289,-0.775000154972076,-0.410488784313202,24.948522567749,60.025634765625,359.683288574219,-0.185687705874443,-0.488900780677795,0.110378615558147,-0.845170199871063
1917.580078125,3.77969741821289,-0.775000154972076,-0.410488784313202,24.9482440948486,60.0254096984863,359.683166503906,-0.185685321688652,-0.4888995885849,0.11037802696228,-0.845171511173248
1918.08129882813,3.77969312667847,-0.775000154972076,-0.4104885160923,24.9479217529297,60.0253753662109,359.682983398438,-0.185682237148285,-0.488899886608124,0.110377848148346,-0.845171988010406
1918.58264160156,3.77969741821289,-0.775000691413879,-0.410488784313202,24.9479007720947,60.025691986084,359.683044433594,-0.185681968927383,-0.488902181386948,0.110377967357635,-0.845170736312866
1919.091796875,3.77969741821289,-0.775000154972076,-0.410488784313202,24.9477920532227,60.0260810852051,359.68310546875,-0.185681134462357,-0.488905012607574,0.1103775203228,-0.845169365406036
1919.59362792969,3.77969741821289,-0.775000154972076,-0.410488784313202,24.9477920532227,60.0266609191895,359.683258056641,-0.185681119561195,-0.488909125328064,0.110377542674541,-0.845166981220245
1920.09716796875,3.77969741821289,-0.775000154972076,-0.410488784313202,24.9478721618652,60.0269355773926,359.683349609375,-0.185681864619255,-0.488910883665085,0.110377550125122,-0.84516578912735
1920.59948730469,3.77969741821289,-0.775000154972076,-0.410488784313202,24.9478015899658,60.0274925231934,359.683563232422,-0.185681700706482,-0.488914757966995,0.110376626253128,-0.845163762569427
1921.10205078125,3.77969741821289,-0.775000154972076,-0.410488784313202,24.9476413726807,60.0274658203125,359.683563232422,-0.185680598020554,-0.488914638757706,0.110375829041004,-0.845164120197296
1921.60424804688,3.77969741821289,-0.775000154972076,-0.410488784313202,24.9441890716553,60.1310195922852,2.9046368598938,-0.1992447078228,-0.484272867441177,0.0867437571287155,-0.847500383853912
1922.10534667969,3.77969741821289,-0.775000154972076,-0.410488784313202,24.9442882537842,60.131420135498,2.90477633476257,-0.199245721101761,-0.48427551984787,0.0867438614368439,-0.847498655319214
1922.60705566406,3.77969741821289,-0.775000154972076,-0.410488784313202,24.9443473815918,60.1313591003418,2.90479683876038,-0.199246287345886,-0.484274953603745,0.0867438614368439,-0.847498834133148
1923.10876464844,3.77969741821289,-0.775000154972076,-0.410488784313202,24.9444427490234,60.1310615539551,2.90479183197021,-0.199247196316719,-0.484272599220276,0.0867437794804573,-0.847499907016754
1923.6103515625,3.80216932296753,-0.77299964427948,-0.447740614414215,23.3203792572021,60.0413246154785,2.86806011199951,-0.18720081448555,-0.485454797744751,0.079863466322422,-0.850242018699646
1924.11120605469,3.82194519042969,-0.771236956119537,-0.480541318655014,23.8262825012207,60.0690498352051,2.87912940979004,-0.190957292914391,-0.485097169876099,0.0820086821913719,-0.849406123161316
1924.61279296875,3.83041548728943,-0.770482122898102,-0.494593650102615,23.5112056732178,60.0516662597656,2.87209796905518,-0.188617810606956,-0.485320448875427,0.0806734040379524,-0.849928975105286
1925.11462402344,3.84791970252991,-0.768922686576843,-0.523620843887329,23.4255027770996,60.0467338562012,2.87018585205078,-0.187981307506561,-0.485378950834274,0.0803099125623703,-0.850070953369141
1925.61511230469,3.85811972618103,-0.774976313114166,-0.546673476696014,24.0117435455322,60.0787200927734,2.88307285308838,-0.192333087325096,-0.484959930181503,0.082795225083828,-0.849097669124603
1926.11633300781,3.83628058433533,-0.776921093463898,-0.510462820529938,25.0646381378174,60.4667854309082,3.95016694068909,-0.204304605722427,-0.484773188829422,0.0801272615790367,-0.846660673618317
1926.61779785156,3.83133888244629,-0.777597844600677,-0.50237500667572,26.6401882171631,60.6758842468262,4.61655712127686,-0.21847639977932,-0.483103811740875,0.0824502408504486,-0.843848824501038
1927.11840820313,3.83133459091187,-0.777597844600677,-0.50237500667572,26.6401214599609,60.6760597229004,4.61653804779053,-0.218475714325905,-0.483105182647705,0.0824504345655441,-0.8438481092453
1927.61938476563,3.83134317398071,-0.777597844600677,-0.50237500667572,26.6401214599609,60.6760597229004,4.61653804779053,-0.218475714325905,-0.483105182647705,0.0824504345655441,-0.8438481092453
1928.12145996094,3.83134317398071,-0.777597844600677,-0.50237500667572,26.6401214599609,60.6760597229004,4.61653804779053,-0.218475714325905,-0.483105182647705,0.0824504345655441,-0.8438481092453
1928.62219238281,3.83133888244629,-0.777597844600677,-0.50237500667572,26.6401214599609,60.6760597229004,4.61653804779053,-0.218475714325905,-0.483105182647705,0.0824504345655441,-0.8438481092453
1929.12341308594,3.83133888244629,-0.777597844600677,-0.50237500667572,26.6401214599609,60.6760597229004,4.61653804779053,-0.218475714325905,-0.483105182647705,0.0824504345655441,-0.8438481092453
1929.62475585938,3.83133888244629,-0.777597844600677,-0.50237500667572,26.6401214599609,60.6760597229004,4.61653804779053,-0.218475714325905,-0.483105182647705,0.0824504345655441,-0.8438481092453
1930.12609863281,3.83133888244629,-0.777597844600677,-0.50237500667572,26.6401214599609,60.6760597229004,4.61653804779053,-0.218475714325905,-0.483105182647705,0.0824504345655441,-0.8438481092453
1930.62707519531,3.83133888244629,-0.777597844600677,-0.50237500667572,26.6401214599609,60.6760597229004,4.61653804779053,-0.218475714325905,-0.483105182647705,0.0824504345655441,-0.8438481092453
1931.12805175781,3.83133888244629,-0.777597844600677,-0.502375304698944,26.6401214599609,60.6760597229004,4.61653804779053,-0.218475714325905,-0.483105182647705,0.0824504345655441,-0.8438481092453
1931.64343261719,3.83133459091187,-0.777597844600677,-0.50237500667572,26.6401214599609,60.6760597229004,4.61653804779053,-0.218475714325905,-0.483105182647705,0.0824504345655441,-0.8438481092453
1932.14538574219,3.83134317398071,-0.777597844600677,-0.50237500667572,26.6401214599609,60.6760597229004,4.61653804779053,-0.218475714325905,-0.483105182647705,0.0824504345655441,-0.8438481092453
1932.64709472656,3.83133888244629,-0.777597844600677,-0.50237500667572,26.6401214599609,60.6760597229004,4.61653804779053,-0.218475714325905,-0.483105182647705,0.0824504345655441,-0.8438481092453
1933.14819335938,3.83134317398071,-0.777597308158875,-0.50237500667572,26.6401214599609,60.6760597229004,4.61653804779053,-0.218475714325905,-0.483105182647705,0.0824504345655441,-0.8438481092453
1933.64929199219,3.83133888244629,-0.777597844600677,-0.50237500667572,26.6401214599609,60.6760597229004,4.61653804779053,-0.218475714325905,-0.483105182647705,0.0824504345655441,-0.8438481092453
1934.16442871094,3.83133888244629,-0.777597844600677,-0.50237500667572,26.6401214599609,60.6760597229004,4.61653804779053,-0.218475714325905,-0.483105182647705,0.0824504345655441,-0.8438481092453
1934.689453125,3.83133459091187,-0.777597844600677,-0.50237500667572,26.6401214599609,60.6760597229004,4.61653804779053,-0.218475714325905,-0.483105182647705,0.0824504345655441,-0.8438481092453
1935.19152832031,3.83133888244629,-0.777597844600677,-0.50237500667572,26.6401214599609,60.6760597229004,4.61653804779053,-0.218475714325905,-0.483105182647705,0.0824504345655441,-0.8438481092453
1935.69360351563,3.83133888244629,-0.777597844600677,-0.50237500667572,26.6401214599609,60.6760597229004,4.61653804779053,-0.218475714325905,-0.483105182647705,0.0824504345655441,-0.8438481092453
1936.19616699219,3.83133888244629,-0.777597844600677,-0.50237500667572,26.6401214599609,60.6760597229004,4.61653804779053,-0.218475714325905,-0.483105182647705,0.0824504345655441,-0.8438481092453
1936.69873046875,3.83133459091187,-0.777597844600677,-0.50237500667572,26.6401214599609,60.6760597229004,4.61653804779053,-0.218475714325905,-0.483105182647705,0.0824504345655441,-0.8438481092453
1937.19946289063,3.83133888244629,-0.777597844600677,-0.50237500667572,26.6401214599609,60.6760597229004,4.61653804779053,-0.218475714325905,-0.483105182647705,0.0824504345655441,-0.8438481092453
1937.70141601563,3.83133888244629,-0.777597844600677,-0.50237500667572,26.6401214599609,60.6760597229004,4.61653804779053,-0.218475714325905,-0.483105182647705,0.0824504345655441,-0.8438481092453
1938.20227050781,3.83133888244629,-0.777597844600677,-0.50237500667572,26.6401214599609,60.6760597229004,4.61653804779053,-0.218475714325905,-0.483105182647705,0.0824504345655441,-0.8438481092453
1938.7041015625,3.83133888244629,-0.777597844600677,-0.50237500667572,26.6401214599609,60.6760597229004,4.61653804779053,-0.218475714325905,-0.483105182647705,0.0824504345655441,-0.8438481092453
1939.20532226563,3.83133888244629,-0.777597844600677,-0.50237500667572,26.6401214599609,60.6760597229004,4.61653804779053,-0.218475714325905,-0.483105182647705,0.0824504345655441,-0.8438481092453
1939.70703125,3.83134317398071,-0.777597844600677,-0.50237500667572,26.6401214599609,60.6760597229004,4.61653804779053,-0.218475714325905,-0.483105182647705,0.0824504345655441,-0.8438481092453
1940.20837402344,3.83133888244629,-0.777597844600677,-0.50237500667572,26.6401214599609,60.6760597229004,4.61653804779053,-0.218475714325905,-0.483105182647705,0.0824504345655441,-0.8438481092453
1940.70935058594,3.83133888244629,-0.777597844600677,-0.50237500667572,26.6401214599609,60.6760597229004,4.61653804779053,-0.218475714325905,-0.483105182647705,0.0824504345655441,-0.8438481092453
1941.21142578125,3.83133888244629,-0.777597844600677,-0.50237500667572,26.6401214599609,60.6760597229004,4.61653804779053,-0.218475714325905,-0.483105182647705,0.0824504345655441,-0.8438481092453
1941.71215820313,3.83134317398071,-0.777597844600677,-0.50237500667572,26.6401214599609,60.6760597229004,4.61653804779053,-0.218475714325905,-0.483105182647705,0.0824504345655441,-0.8438481092453
1942.21374511719,3.83133888244629,-0.777597844600677,-0.50237500667572,26.6401214599609,60.6760597229004,4.61653804779053,-0.218475714325905,-0.483105182647705,0.0824504345655441,-0.8438481092453
1942.71508789063,3.83133459091187,-0.777597844600677,-0.50237500667572,26.6401214599609,60.6760597229004,4.61653804779053,-0.218475714325905,-0.483105182647705,0.0824504345655441,-0.8438481092453
1943.21569824219,3.83133888244629,-0.777597844600677,-0.50237500667572,26.6401214599609,60.6760597229004,4.61653804779053,-0.218475714325905,-0.483105182647705,0.0824504345655441,-0.8438481092453
1943.71801757813,3.83133459091187,-0.777597844600677,-0.50237500667572,26.6401214599609,60.6760597229004,4.61653804779053,-0.218475714325905,-0.483105182647705,0.0824504345655441,-0.8438481092453
1944.21923828125,3.83133888244629,-0.777597844600677,-0.50237500667572,26.6401214599609,60.6760597229004,4.61653804779053,-0.218475714325905,-0.483105182647705,0.0824504345655441,-0.8438481092453
1944.72033691406,3.83133888244629,-0.777597844600677,-0.50237500667572,26.6401214599609,60.6760597229004,4.61653804779053,-0.218475714325905,-0.483105182647705,0.0824504345655441,-0.8438481092453
1945.22119140625,3.83133459091187,-0.777597844600677,-0.50237500667572,26.6401214599609,60.6760597229004,4.61653804779053,-0.218475714325905,-0.483105182647705,0.0824504345655441,-0.8438481092453
1945.72253417969,3.83133888244629,-0.777597844600677,-0.50237500667572,26.6401214599609,60.6760597229004,4.61653804779053,-0.218475714325905,-0.483105182647705,0.0824504345655441,-0.8438481092453
1946.2236328125,3.83133459091187,-0.777597844600677,-0.50237500667572,26.6401214599609,60.6760597229004,4.61653804779053,-0.218475714325905,-0.483105182647705,0.0824504345655441,-0.8438481092453
1946.72509765625,3.83133888244629,-0.777597844600677,-0.50237500667572,26.6401214599609,60.6760597229004,4.61653804779053,-0.218475714325905,-0.483105182647705,0.0824504345655441,-0.8438481092453
1947.22570800781,3.83133888244629,-0.777597844600677,-0.50237500667572,26.6401214599609,60.6760597229004,4.61653804779053,-0.218475714325905,-0.483105182647705,0.0824504345655441,-0.8438481092453
1947.7265625,3.83133888244629,-0.777597844600677,-0.50237500667572,26.6401214599609,60.6760597229004,4.61653804779053,-0.218475714325905,-0.483105182647705,0.0824504345655441,-0.8438481092453
1948.2275390625,3.83133459091187,-0.777597844600677,-0.50237500667572,26.6401214599609,60.6760597229004,4.61653804779053,-0.218475714325905,-0.483105182647705,0.0824504345655441,-0.8438481092453
1948.72912597656,3.83134317398071,-0.777597844600677,-0.50237500667572,26.6401214599609,60.6760597229004,4.61653804779053,-0.218475714325905,-0.483105182647705,0.0824504345655441,-0.8438481092453
1949.23022460938,3.83133888244629,-0.777597844600677,-0.50237500667572,26.6401214599609,60.6760597229004,4.61653804779053,-0.218475714325905,-0.483105182647705,0.0824504345655441,-0.8438481092453
1949.73107910156,3.83133888244629,-0.777597844600677,-0.50237500667572,26.6401214599609,60.6760597229004,4.61653804779053,-0.218475714325905,-0.483105182647705,0.0824504345655441,-0.8438481092453
1950.23266601563,3.83133888244629,-0.777597844600677,-0.50237500667572,26.6401214599609,60.6760597229004,4.61653804779053,-0.218475714325905,-0.483105182647705,0.0824504345655441,-0.8438481092453
1950.73425292969,3.83133888244629,-0.777597844600677,-0.50237500667572,26.6401214599609,60.6760597229004,4.61653804779053,-0.218475714325905,-0.483105182647705,0.0824504345655441,-0.8438481092453
1951.23449707031,3.83133888244629,-0.777597844600677,-0.50237500667572,26.6401214599609,60.6760597229004,4.61653804779053,-0.218475714325905,-0.483105182647705,0.0824504345655441,-0.8438481092453
1951.73718261719,3.83133888244629,-0.777597844600677,-0.50237500667572,26.6401214599609,60.6760597229004,4.61653804779053,-0.218475714325905,-0.483105182647705,0.0824504345655441,-0.8438481092453
1952.23852539063,3.83133888244629,-0.777597844600677,-0.50237500667572,26.6401214599609,60.6760597229004,4.61653804779053,-0.218475714325905,-0.483105182647705,0.0824504345655441,-0.8438481092453
1952.73950195313,3.83133888244629,-0.777597844600677,-0.50237500667572,26.6401214599609,60.6760597229004,4.61653804779053,-0.218475714325905,-0.483105182647705,0.0824504345655441,-0.8438481092453
1953.23999023438,3.83133888244629,-0.777597844600677,-0.50237500667572,26.6401214599609,60.6760597229004,4.61653804779053,-0.218475714325905,-0.483105182647705,0.0824504345655441,-0.8438481092453
1953.74133300781,3.83133888244629,-0.777597844600677,-0.50237500667572,26.6401214599609,60.6760597229004,4.61653804779053,-0.218475714325905,-0.483105182647705,0.0824504345655441,-0.8438481092453
1954.24194335938,3.83133888244629,-0.777597844600677,-0.50237500667572,26.6401214599609,60.6760597229004,4.61653804779053,-0.218475714325905,-0.483105182647705,0.0824504345655441,-0.8438481092453
1954.74304199219,3.83134317398071,-0.777597844600677,-0.50237500667572,26.6401214599609,60.6760597229004,4.61653804779053,-0.218475714325905,-0.483105182647705,0.0824504345655441,-0.8438481092453
1955.26025390625,3.83134317398071,-0.777597844600677,-0.50237500667572,26.6401214599609,60.6760597229004,4.61653804779053,-0.218475714325905,-0.483105182647705,0.0824504345655441,-0.8438481092453
1955.76232910156,3.83133888244629,-0.777597844600677,-0.50237500667572,26.6401214599609,60.6760597229004,4.61653804779053,-0.218475714325905,-0.483105182647705,0.0824504345655441,-0.8438481092453
1956.26306152344,3.83133888244629,-0.777597844600677,-0.50237500667572,26.6401214599609,60.6760597229004,4.61653804779053,-0.218475714325905,-0.483105182647705,0.0824504345655441,-0.8438481092453
1956.76452636719,3.83133888244629,-0.777597844600677,-0.50237500667572,26.6401214599609,60.6760597229004,4.61653804779053,-0.218475714325905,-0.483105182647705,0.0824504345655441,-0.8438481092453
1957.26574707031,3.83134317398071,-0.777597844600677,-0.50237500667572,26.6401214599609,60.6760597229004,4.61653804779053,-0.218475714325905,-0.483105182647705,0.0824504345655441,-0.8438481092453
1957.77600097656,3.83133888244629,-0.777597844600677,-0.50237500667572,26.6401214599609,60.6760597229004,4.61653804779053,-0.218475714325905,-0.483105182647705,0.0824504345655441,-0.8438481092453
1958.30383300781,3.83133888244629,-0.777597844600677,-0.50237500667572,26.6401214599609,60.6760597229004,4.61653804779053,-0.218475714325905,-0.483105182647705,0.0824504345655441,-0.8438481092453
1958.806640625,3.83133888244629,-0.777597844600677,-0.50237500667572,26.6401214599609,60.6760597229004,4.61653804779053,-0.218475714325905,-0.483105182647705,0.0824504345655441,-0.8438481092453
1959.30895996094,3.83133888244629,-0.777597844600677,-0.50237500667572,26.6401214599609,60.6760597229004,4.61653804779053,-0.218475714325905,-0.483105182647705,0.0824504345655441,-0.8438481092453
1959.81115722656,3.83133888244629,-0.777597844600677,-0.50237500667572,26.6401214599609,60.6760597229004,4.61653804779053,-0.218475714325905,-0.483105182647705,0.0824504345655441,-0.8438481092453
1960.31323242188,3.83133888244629,-0.777597844600677,-0.50237500667572,26.6401214599609,60.6760597229004,4.61653804779053,-0.218475714325905,-0.483105182647705,0.0824504345655441,-0.8438481092453
1960.81469726563,3.83133888244629,-0.777597844600677,-0.50237500667572,26.6401214599609,60.6760597229004,4.61653804779053,-0.218475714325905,-0.483105182647705,0.0824504345655441,-0.8438481092453
1961.31652832031,3.83133888244629,-0.777597844600677,-0.50237500667572,26.6401214599609,60.6760597229004,4.61653804779053,-0.218475714325905,-0.483105182647705,0.0824504345655441,-0.8438481092453
1961.81811523438,3.83133888244629,-0.777597844600677,-0.50237500667572,26.6401214599609,60.6760597229004,4.61653804779053,-0.218475714325905,-0.483105182647705,0.0824504345655441,-0.8438481092453
1962.31945800781,3.83133888244629,-0.777597844600677,-0.50237500667572,26.6401214599609,60.6760597229004,4.61653804779053,-0.218475714325905,-0.483105182647705,0.0824504345655441,-0.8438481092453
1962.82043457031,3.83133888244629,-0.777597844600677,-0.50237500667572,26.6401214599609,60.6760597229004,4.61653804779053,-0.218475714325905,-0.483105182647705,0.0824504345655441,-0.8438481092453
1963.32177734375,3.83133888244629,-0.777597844600677,-0.50237500667572,26.6401214599609,60.6760597229004,4.61653804779053,-0.218475714325905,-0.483105182647705,0.0824504345655441,-0.8438481092453
1963.82312011719,3.83133888244629,-0.777597844600677,-0.50237500667572,26.6401214599609,60.6760597229004,4.61653804779053,-0.218475714325905,-0.483105182647705,0.0824504345655441,-0.8438481092453
1964.32397460938,3.83133888244629,-0.777597844600677,-0.50237500667572,26.6401214599609,60.6760597229004,4.61653804779053,-0.218475714325905,-0.483105182647705,0.0824504345655441,-0.8438481092453
1964.82507324219,3.83134317398071,-0.777597308158875,-0.50237500667572,26.6401214599609,60.6760597229004,4.61653804779053,-0.218475714325905,-0.483105182647705,0.0824504345655441,-0.8438481092453
1965.32653808594,3.83133888244629,-0.777597844600677,-0.50237500667572,26.6401214599609,60.6760597229004,4.61653804779053,-0.218475714325905,-0.483105182647705,0.0824504345655441,-0.8438481092453
1965.82763671875,3.83134317398071,-0.777597844600677,-0.50237500667572,26.6401214599609,60.6760597229004,4.61653804779053,-0.218475714325905,-0.483105182647705,0.0824504345655441,-0.8438481092453
1966.32885742188,3.83133888244629,-0.777597844600677,-0.50237500667572,26.6401214599609,60.6760597229004,4.61653804779053,-0.218475714325905,-0.483105182647705,0.0824504345655441,-0.8438481092453
1966.83044433594,3.83133888244629,-0.777597844600677,-0.50237500667572,26.6401214599609,60.6760597229004,4.61653804779053,-0.218475714325905,-0.483105182647705,0.0824504345655441,-0.8438481092453
1967.33142089844,3.83133888244629,-0.777597844600677,-0.50237500667572,26.6401214599609,60.6760597229004,4.61653804779053,-0.218475714325905,-0.483105182647705,0.0824504345655441,-0.8438481092453
1967.83264160156,3.83133888244629,-0.777597844600677,-0.50237500667572,26.6401214599609,60.6760597229004,4.61653804779053,-0.218475714325905,-0.483105182647705,0.0824504345655441,-0.8438481092453
1968.33447265625,3.83133888244629,-0.777597844600677,-0.50237500667572,26.6401214599609,60.6760597229004,4.61653804779053,-0.218475714325905,-0.483105182647705,0.0824504345655441,-0.8438481092453
1968.83532714844,3.83133888244629,-0.777597844600677,-0.50237500667572,26.6401214599609,60.6760597229004,4.61653804779053,-0.218475714325905,-0.483105182647705,0.0824504345655441,-0.8438481092453
1969.33666992188,3.83133888244629,-0.777597844600677,-0.50237500667572,26.6401214599609,60.6760597229004,4.61653804779053,-0.218475714325905,-0.483105182647705,0.0824504345655441,-0.8438481092453
1969.837890625,3.83133459091187,-0.777597844600677,-0.50237500667572,26.6401214599609,60.6760597229004,4.61653804779053,-0.218475714325905,-0.483105182647705,0.0824504345655441,-0.8438481092453
1970.3388671875,3.83133888244629,-0.777597844600677,-0.50237500667572,26.6401214599609,60.6760597229004,4.61653804779053,-0.218475714325905,-0.483105182647705,0.0824504345655441,-0.8438481092453
1970.83959960938,3.83133888244629,-0.777597844600677,-0.50237500667572,26.6401214599609,60.6760597229004,4.61653804779053,-0.218475714325905,-0.483105182647705,0.0824504345655441,-0.8438481092453
1971.34155273438,3.83133888244629,-0.777597844600677,-0.50237500667572,26.6401214599609,60.6760597229004,4.61653804779053,-0.218475714325905,-0.483105182647705,0.0824504345655441,-0.8438481092453
1971.84338378906,3.83133459091187,-0.777597844600677,-0.50237500667572,26.6401214599609,60.6760597229004,4.61653804779053,-0.218475714325905,-0.483105182647705,0.0824504345655441,-0.8438481092453
1972.3447265625,3.83133888244629,-0.777597844600677,-0.50237500667572,26.6401214599609,60.6760597229004,4.61653804779053,-0.218475714325905,-0.483105182647705,0.0824504345655441,-0.8438481092453
1972.84545898438,3.82423400878906,-0.778581321239471,-0.490738570690155,25.4723949432373,60.5715942382813,4.57065153121948,-0.209837600588799,-0.483922630548477,0.0775073394179344,-0.846037745475769
1973.34582519531,3.80032706260681,-0.781891584396362,-0.451569944620132,24.2005004882813,60.4598922729492,4.52377462387085,-0.200404584407806,-0.484753906726837,0.0721144676208496,-0.848322570323944
1973.84680175781,3.78224635124207,-0.784396052360535,-0.421929091215134,20.9151306152344,60.1818618774414,4.41704225540161,-0.175929203629494,-0.486627608537674,0.058146309107542,-0.853733897209167
1974.34802246094,3.75308108329773,-0.788433432579041,-0.374149739742279,18.266918182373,59.9662399291992,4.34474468231201,-0.156095936894417,-0.487842381000519,0.0468529760837555,-0.857583105564117
1974.84899902344,3.72727131843567,-0.792007029056549,-0.331855356693268,17.3710060119629,59.894905090332,4.32290887832642,-0.149367094039917,-0.488194614648819,0.0430266074836254,-0.858780682086945
1975.35095214844,3.71437931060791,-0.793792963027954,-0.310723900794983,17.3821067810059,59.8956642150879,4.32316446304321,-0.149450540542603,-0.488189518451691,0.0430739298462868,-0.858766674995422
1975.85205078125,3.70482087135315,-0.795116186141968,-0.29507115483284,17.7860260009766,59.9277267456055,4.33283853530884,-0.152485236525536,-0.488034129142761,0.0447994656860828,-0.858233034610748
1976.35388183594,3.70077657699585,-0.795675933361053,-0.28844827413559,18.9052772521973,60.8402404785156,4.40508985519409,-0.160714149475098,-0.493649482727051,0.0504039190709591,-0.853194296360016
1976.85400390625,3.70077657699585,-0.795676469802856,-0.28844827413559,16.246711730957,84.2907333374023,12.4689331054688,-0.176289245486259,-0.648974657058716,0.0145456567406654,-0.73996114730835
1977.35583496094,3.70077657699585,-0.795676469802856,-0.288448542356491,16.2469463348389,84.2903594970703,12.4690628051758,-0.1762914955616,-0.648971676826477,0.0145456278696656,-0.739963173866272
1977.85717773438,3.70077657699585,-0.795676469802856,-0.288448005914688,12.1376142501831,99.6647644042969,23.3722743988037,-0.220693930983543,-0.730314552783966,-0.0508034937083721,-0.644479632377625
1978.35791015625,3.70077657699585,-0.795676469802856,-0.288448542356491,14.5421915054321,96.7126007080078,45.9546813964844,-0.366800904273987,-0.649637877941132,-0.170235231518745,-0.643776178359985
1978.85827636719,3.70077657699585,-0.795676469802856,-0.288448542356491,17.6411380767822,92.9524688720703,23.0148735046387,-0.246417105197906,-0.681044220924377,-0.0268080364912748,-0.689012825489044
1979.36059570313,3.70077657699585,-0.795676469802856,-0.288448542356491,13.2862348556519,101.435012817383,36.1855621337891,-0.308390885591507,-0.708074867725372,-0.110190749168396,-0.62560623884201
1979.86169433594,3.70077657699585,-0.795676469802856,-0.288448542356491,8.78948974609375,106.406585693359,53.1187934875488,-0.398044556379318,-0.693633854389191,-0.212145194411278,-0.561628997325897
1980.36315917969,3.70077657699585,-0.795676469802856,-0.288448542356491,6.17054080963135,108.469268798828,50.0563735961914,-0.37128734588623,-0.720850884914398,-0.207337349653244,-0.547294199466705
1980.86389160156,3.70077657699585,-0.795676469802856,-0.28844827413559,353.718444824219,118.845085144043,53.5059585571289,-0.362078547477722,-0.780174612998962,-0.270767092704773,-0.432333081960678
1981.36511230469,3.70077657699585,-0.795676469802856,-0.28844827413559,357.221740722656,116.223945617676,52.6172409057617,-0.364727795124054,-0.766586184501648,-0.252511441707611,-0.464281409978867
1981.86645507813,3.70077657699585,-0.795676469802856,-0.288448005914688,9.37331962585449,103.899688720703,33.9418067932129,-0.27725026011467,-0.735961973667145,-0.117763094604015,-0.606320202350616
1982.36730957031,3.70077657699585,-0.795676469802856,-0.288448005914688,13.4317941665649,96.8822021484375,31.9246978759766,-0.27895724773407,-0.693150997161865,-0.097050242125988,-0.657499730587006
1982.86901855469,3.70077657699585,-0.795676469802856,-0.288448005914688,19.2416381835938,87.7264556884766,28.276273727417,-0.283725142478943,-0.633066296577454,-0.0613329485058784,-0.717610895633698
1983.36999511719,3.70077657699585,-0.795676469802856,-0.288447737693787,20.6673336029053,84.4181289672852,19.5862159729004,-0.243350610136986,-0.628710031509399,-0.00518419919535518,-0.738564372062683
1983.87023925781,3.70077657699585,-0.795676469802856,-0.288447737693787,14.3752565383911,97.05712890625,37.8313446044922,-0.319376856088638,-0.676390886306763,-0.124310441315174,-0.651951551437378
1984.37268066406,3.70077657699585,-0.795676469802856,-0.288447469472885,8.67977619171143,103.147514343262,58.7200736999512,-0.42399126291275,-0.657767772674561,-0.252180188894272,-0.569190859794617
1984.87365722656,3.70077657699585,-0.795676469802856,-0.288447737693787,8.67946529388428,103.148262023926,58.7202568054199,-0.423992544412613,-0.65777176618576,-0.252180248498917,-0.569185256958008
1985.37512207031,3.70077657699585,-0.795676469802856,-0.288447737693787,8.67912292480469,103.148414611816,58.7206993103027,-0.42399388551712,-0.657771944999695,-0.252183943986893,-0.569182336330414
1985.87622070313,3.70077657699585,-0.795676469802856,-0.288447737693787,8.67909240722656,103.148391723633,58.7207641601563,-0.423994064331055,-0.657771706581116,-0.25218454003334,-0.569182276725769
1986.37731933594,3.70077657699585,-0.795676469802856,-0.288447737693787,8.67909240722656,103.148391723633,58.7207641601563,-0.423994064331055,-0.657771706581116,-0.25218454003334,-0.569182276725769
1986.87841796875,3.70077657699585,-0.795676469802856,-0.288447737693787,359.826232910156,108.98567199707,54.6355438232422,-0.372801840305328,-0.723660111427307,-0.267642349004745,-0.515463411808014
1987.37939453125,3.70077657699585,-0.795676469802856,-0.288447201251984,357.562774658203,110.667724609375,51.2737464904785,-0.34487310051918,-0.746576726436615,-0.261811763048172,-0.505114138126373
1987.88073730469,3.70077657699585,-0.795676469802856,-0.288447201251984,350.840057373047,117.118774414063,40.2715950012207,-0.253661274909973,-0.812814772129059,-0.242953538894653,-0.464716911315918
1988.38220214844,3.70077657699585,-0.795676469802856,-0.288447201251984,350.840087890625,117.118728637695,40.271541595459,-0.253660947084427,-0.812814712524414,-0.242953211069107,-0.464717388153076
1988.88244628906,3.70077657699585,-0.795676469802856,-0.288447201251984,354.989807128906,111.718795776367,34.6196670532227,-0.222607254981995,-0.796721339225769,-0.201364070177078,-0.524531900882721
1989.38342285156,3.70077657699585,-0.795676469802856,-0.288446933031082,6.06186866760254,93.3917922973633,33.8631401062012,-0.246331498026848,-0.684643745422363,-0.162655651569366,-0.666428446769714
1989.88537597656,3.70077657699585,-0.795676469802856,-0.288447201251984,6.06214618682861,93.3910369873047,33.8632621765137,-0.246332719922066,-0.684638559818268,-0.162656292319298,-0.666433274745941
1990.38671875,3.70077657699585,-0.795676469802856,-0.288447201251984,5.18977117538452,94.6456909179688,37.0545425415039,-0.262468934059143,-0.686615586280823,-0.183615759015083,-0.652651846408844
1990.88781738281,3.70077657699585,-0.795676469802856,-0.288446933031082,1.59236145019531,98.7485504150391,46.0223350524902,-0.30499193072319,-0.694981873035431,-0.244795933365822,-0.603369772434235
1991.38891601563,3.70077657699585,-0.795676469802856,-0.288446933031082,1.592245221138,98.7490005493164,46.0224571228027,-0.304993003606796,-0.694984138011932,-0.244796097278595,-0.603366553783417
1991.8896484375,3.70077657699585,-0.795676469802856,-0.288446933031082,1.59215974807739,98.7493209838867,46.0222969055176,-0.304992288351059,-0.694986462593079,-0.244794920086861,-0.603364706039429
1992.39099121094,3.70077657699585,-0.795676469802856,-0.288446933031082,1.59242117404938,98.7493209838867,46.0225410461426,-0.304995119571686,-0.694985210895538,-0.244794622063637,-0.603364884853363
1992.89208984375,3.70077657699585,-0.795676469802856,-0.288446933031082,1.59257137775421,98.74951171875,46.0227508544922,-0.304997593164444,-0.694985330104828,-0.244794294238091,-0.603363692760468
1993.40466308594,3.70077657699585,-0.795676469802856,-0.288446933031082,1.59264671802521,98.7495040893555,46.0227355957031,-0.304997861385345,-0.694985151290894,-0.244793772697449,-0.603363931179047
1993.90637207031,3.70077657699585,-0.795676469802856,-0.288446933031082,1.592853307724,98.7494735717773,46.022388458252,-0.30499678850174,-0.694985449314117,-0.244790762662888,-0.603365361690521
1994.40856933594,3.70077657699585,-0.795676469802856,-0.288446933031082,1.59252023696899,98.7499542236328,46.0223617553711,-0.304995894432068,-0.69498884677887,-0.244791343808174,-0.603361666202545
1994.93640136719,3.70077657699585,-0.795676469802856,-0.288446664810181,1.59205222129822,98.7503662109375,46.0220947265625,-0.304992705583572,-0.69499272108078,-0.244791746139526,-0.603358566761017
1995.43737792969,3.70077657699585,-0.795676469802856,-0.288446933031082,1.59194278717041,98.750732421875,46.0225524902344,-0.304995745420456,-0.694993734359741,-0.244793847203255,-0.603355050086975
1995.955078125,3.70077657699585,-0.795676469802856,-0.288446933031082,1.59181988239288,98.7507781982422,46.0229682922363,-0.304997712373734,-0.694993138313293,-0.244796648621559,-0.603353559970856
1996.47387695313,3.70077657699585,-0.795676469802856,-0.288446933031082,1.59133470058441,98.751350402832,46.0232772827148,-0.304998278617859,-0.694996476173401,-0.244799748063087,-0.603348314762115
1996.97839355469,3.70077657699585,-0.795676469802856,-0.288446933031082,1.59151756763458,98.7513427734375,46.0231971740723,-0.304998725652695,-0.694996178150177,-0.244798243045807,-0.603348970413208
1997.48095703125,3.70077657699585,-0.795676469802856,-0.288446098566055,359.340087890625,101.001991271973,43.4496116638184,-0.282212615013123,-0.718172192573547,-0.239562913775444,-0.589232087135315
1997.98315429688,3.70077657699585,-0.795676469802856,-0.288446098566055,344.057647705078,120.120895385742,36.270751953125,-0.201347276568413,-0.837091386318207,-0.268045604228973,-0.432306557893753
1998.48461914063,3.70077657699585,-0.795676469802856,-0.288446098566055,338.147399902344,128.981048583984,36.2240791320801,-0.197898596525192,-0.86762148141861,-0.294046759605408,-0.348720103502274
1998.98571777344,3.70077657699585,-0.795676469802856,-0.288446098566055,338.147399902344,128.981140136719,36.223762512207,-0.197896495461464,-0.867622315883636,-0.294045478105545,-0.348720163106918
1999.48767089844,3.68103981018066,-0.77972137928009,-0.302662372589111,339.558837890625,130.081726074219,35.8267211914063,-0.203184366226196,-0.87199991941452,-0.280798614025116,-0.345665246248245
1999.9892578125,3.63080286979675,-0.739110589027405,-0.338850498199463,339.347381591797,129.91862487793,35.8839988708496,-0.202397063374519,-0.871358692646027,-0.282783001661301,-0.346126228570938
2000.49072265625,3.60686135292053,-0.719759106636047,-0.356094390153885,340.628051757813,130.898391723633,35.5486831665039,-0.207142129540443,-0.875167727470398,-0.270763278007507,-0.343308717012405
2000.99206542969,3.60823965072632,-0.720872640609741,-0.355101972818375,350.098510742188,116.208854675293,32.4822044372559,-0.192787304520607,-0.824843108654022,-0.217569291591644,-0.484902650117874
2001.49401855469,3.60823535919189,-0.720872640609741,-0.355101972818375,3.37473154067993,95.7782516479492,31.6040878295898,-0.220927804708481,-0.708126425743103,-0.161507293581963,-0.650894284248352
2001.99438476563,3.60823965072632,-0.720872640609741,-0.355102241039276,14.1619329452515,74.758171081543,26.1918869018555,-0.231914415955544,-0.564591705799103,-0.105787083506584,-0.785022914409637
2002.49560546875,3.60823965072632,-0.720872640609741,-0.355101972818375,21.3839263916016,60.7114295959473,23.2411842346191,-0.256840914487839,-0.454166829586029,-0.0789589136838913,-0.849429726600647
2002.99719238281,3.60823965072632,-0.720874309539795,-0.355101972818375,12.8671531677246,78.5118026733398,32.6696395874023,-0.260112106800079,-0.579015851020813,-0.148365810513496,-0.758333742618561
2003.49914550781,3.60823965072632,-0.720874309539795,-0.355101972818375,4.05875015258789,90.1986770629883,47.4228134155273,-0.307549178600311,-0.6380774974823,-0.260711580514908,-0.65597265958786
2004.00073242188,3.60823965072632,-0.720874309539795,-0.355101972818375,6.19785642623901,88.3544006347656,52.1908569335938,-0.340905547142029,-0.607872307300568,-0.281173288822174,-0.659709215164185
2004.50170898438,3.60823965072632,-0.720874309539795,-0.355101972818375,6.19767618179321,88.3551025390625,52.1911125183105,-0.340907663106918,-0.607876181602478,-0.281173706054688,-0.659704446792603
2005.00280761719,3.60823535919189,-0.720874309539795,-0.355101972818375,14.2070837020874,81.0024871826172,41.6840476989746,-0.317180156707764,-0.568852007389069,-0.193405896425247,-0.733756363391876
2005.50329589844,3.60823535919189,-0.720874309539795,-0.355101704597473,16.2736625671387,78.3508529663086,28.4917907714844,-0.260233491659164,-0.579106628894806,-0.102188147604465,-0.765814423561096
2006.00451660156,3.60823965072632,-0.720874845981598,-0.355101704597473,17.4604530334473,72.4314041137695,2.82556986808777,-0.136818677186966,-0.580784738063812,0.0699884220957756,-0.799419462680817
2006.50659179688,3.60823965072632,-0.720874845981598,-0.355101704597473,17.5023403167725,72.1155166625977,352.695190429688,-0.0856874585151672,-0.588401913642883,0.140269562602043,-0.791685163974762
2007.00830078125,3.60823965072632,-0.720874845981598,-0.355101704597473,14.509033203125,61.5083961486816,334.880615234375,0.00438575260341167,-0.51872193813324,0.248406812548637,-0.818047940731049
2007.50830078125,3.60823965072632,-0.720874845981598,-0.355101704597473,15.0247106552124,63.2555084228516,351.591125488281,-0.0729055032134056,-0.526659786701202,0.130265563726425,-0.836866319179535
2008.01025390625,3.60824418067932,-0.720874845981598,-0.355101704597473,15.0247106552124,63.255428314209,351.591064453125,-0.0729053094983101,-0.526659250259399,0.130265980958939,-0.836866557598114
2008.51062011719,3.60823965072632,-0.720874845981598,-0.355101972818375,15.105393409729,70.2960739135742,13.9228610992432,-0.175849333405495,-0.553463518619537,-0.0231326147913933,-0.813768982887268
2009.01220703125,3.60823965072632,-0.720874845981598,-0.355101972818375,14.7108955383301,71.456169128418,27.6479530334473,-0.239297688007355,-0.53752601146698,-0.119781479239464,-0.799659192562103
2009.51342773438,3.60823965072632,-0.720874845981598,-0.3551025390625,15.3933439254761,69.5822219848633,13.2784252166748,-0.174624785780907,-0.548937439918518,-0.0181882623583078,-0.817216694355011
2010.01379394531,3.60824418067932,-0.720874845981598,-0.3551025390625,12.6518115997314,75.6209411621094,36.5740928649902,-0.273844212293625,-0.551231622695923,-0.182251676917076,-0.766770720481873
2010.51599121094,3.60823535919189,-0.720874845981598,-0.355102241039276,10.3046607971191,78.3165588378906,49.4269905090332,-0.326193332672119,-0.542198181152344,-0.271357923746109,-0.725247502326965
2011.01708984375,3.60823965072632,-0.720874845981598,-0.355101436376572,10.3045444488525,78.3170928955078,49.4269332885742,-0.326193660497665,-0.542202174663544,-0.271356642246246,-0.725244879722595
2011.51831054688,3.60824418067932,-0.720874845981598,-0.355101704597473,10.3048048019409,78.3170394897461,49.4267387390137,-0.326194137334824,-0.542201519012451,-0.271354198455811,-0.725246071815491
2012.01965332031,3.60823965072632,-0.720875382423401,-0.355101436376572,6.95122909545898,81.1574172973633,51.2967300415039,-0.322553157806396,-0.56538861989975,-0.292598605155945,-0.700486481189728
2012.52087402344,3.60823965072632,-0.720875382423401,-0.355101436376572,6.9507474899292,81.1572875976563,51.2969665527344,-0.322551190853119,-0.565388679504395,-0.292602926492691,-0.700485467910767
2013.02160644531,3.60823965072632,-0.720875382423401,-0.355100363492966,7.32938718795776,80.840576171875,48.2551422119141,-0.308909744024277,-0.570643603801727,-0.272740840911865,-0.710319101810455
2013.5224609375,3.60823965072632,-0.720875918865204,-0.355100363492966,7.45553922653198,80.7271270751953,47.984935760498,-0.308040857315063,-0.570283889770508,-0.27069753408432,-0.711765468120575
2014.02368164063,3.60823965072632,-0.720875382423401,-0.355100363492966,7.45547246932983,80.7270584106445,47.9848365783691,-0.308039784431458,-0.570283949375153,-0.270697444677353,-0.711765944957733
2014.52502441406,3.60823965072632,-0.720875382423401,-0.355099827051163,7.48640394210815,80.6990127563477,49.229564666748,-0.314329832792282,-0.566635012626648,-0.278325498104095,-0.708982765674591
2015.02673339844,3.60823965072632,-0.720875382423401,-0.355099827051163,7.48651075363159,80.6989669799805,49.2297897338867,-0.314331471920013,-0.566633760929108,-0.278326451778412,-0.708982646465302
2015.52734375,3.60823535919189,-0.720875382423401,-0.355099827051163,7.48654413223267,80.6989593505859,49.2297782897949,-0.314331591129303,-0.566633641719818,-0.278326243162155,-0.708982765674591
2016.02856445313,3.60824418067932,-0.720875382423401,-0.355099827051163,7.48654413223267,80.6989593505859,49.2297782897949,-0.314331591129303,-0.566633641719818,-0.278326243162155,-0.708982765674591
2016.52978515625,3.60823965072632,-0.720875382423401,-0.355099827051163,7.48654413223267,80.6989593505859,49.2297782897949,-0.314331591129303,-0.566633641719818,-0.278326243162155,-0.708982765674591
2017.03137207031,3.60823535919189,-0.720875382423401,-0.355099827051163,7.48654413223267,80.6989593505859,49.2297782897949,-0.314331591129303,-0.566633641719818,-0.278326243162155,-0.708982765674591
2017.53259277344,3.60823965072632,-0.720875382423401,-0.355099827051163,7.48654413223267,80.6989593505859,49.2297782897949,-0.314331591129303,-0.566633641719818,-0.278326243162155,-0.708982765674591
2018.03344726563,3.60823965072632,-0.720875382423401,-0.355099827051163,7.48654413223267,80.6989593505859,49.2297782897949,-0.314331591129303,-0.566633641719818,-0.278326243162155,-0.708982765674591
2018.53466796875,3.60823965072632,-0.720875382423401,-0.355099827051163,7.48654413223267,80.6989593505859,49.2297782897949,-0.314331591129303,-0.566633641719818,-0.278326243162155,-0.708982765674591
2019.03601074219,3.60823965072632,-0.720875918865204,-0.355099827051163,7.48654413223267,80.6989593505859,49.2297782897949,-0.314331591129303,-0.566633641719818,-0.278326243162155,-0.708982765674591
2019.53723144531,3.60823965072632,-0.720875382423401,-0.355100095272064,7.48654413223267,80.6989593505859,49.2297782897949,-0.314331591129303,-0.566633641719818,-0.278326243162155,-0.708982765674591
2020.03759765625,3.60823535919189,-0.720875382423401,-0.355099558830261,7.48654413223267,80.6989593505859,49.2297782897949,-0.314331591129303,-0.566633641719818,-0.278326243162155,-0.708982765674591
2020.53967285156,3.60823965072632,-0.720875382423401,-0.355099827051163,5.79374980926514,82.1254730224609,51.8068809509277,-0.32087442278862,-0.573487043380737,-0.299101710319519,-0.691874504089355
2021.04089355469,3.60823965072632,-0.720875382423401,-0.355099827051163,4.52726459503174,83.1088180541992,53.6491622924805,-0.325477957725525,-0.578151643276215,-0.314045876264572,-0.679102420806885
2021.54211425781,3.60823965072632,-0.720875382423401,-0.355099827051163,6.46725034713745,81.4208068847656,47.7454681396484,-0.302643537521362,-0.578181147575378,-0.272642135620117,-0.706951081752777
2022.04296875,3.60823965072632,-0.720875382423401,-0.355099558830261,6.46722650527954,81.4209213256836,47.745304107666,-0.302642852067947,-0.578182339668274,-0.272640943527222,-0.706950843334198
2022.54431152344,3.60824418067932,-0.720875382423401,-0.355099558830261,6.4673433303833,81.4210891723633,47.7453231811523,-0.302644044160843,-0.578182935714722,-0.272639989852905,-0.706950128078461
2023.04553222656,3.60823965072632,-0.720875382423401,-0.355099558830261,6.46697902679443,81.4216842651367,47.7453536987305,-0.302643448114395,-0.578187644481659,-0.272640556097031,-0.70694637298584
2023.546875,3.60823965072632,-0.720875382423401,-0.355099558830261,6.45092391967773,81.4038925170898,47.7433433532715,-0.302496075630188,-0.578130781650543,-0.272761017084122,-0.707009494304657
2024.04748535156,3.61196351051331,-0.70592325925827,-0.368364274501801,7.39317607879639,82.450813293457,47.8697509765625,-0.311129659414291,-0.581425666809082,-0.265664517879486,-0.703253149986267
2024.54846191406,3.61639356613159,-0.683324456214905,-0.39233809709549,8.39068126678467,83.5671615600586,48.0230255126953,-0.320242255926132,-0.584829270839691,-0.258086264133453,-0.699150264263153
2025.04956054688,3.61621165275574,-0.695892870426178,-0.384071201086044,7.28937864303589,84.6869583129883,50.1775970458984,-0.327584743499756,-0.588866591453552,-0.273991107940674,-0.686187565326691
2025.55126953125,3.61694860458374,-0.69217574596405,-0.387026488780975,7.06792259216309,85.1482391357422,55.1569595336914,-0.352853506803513,-0.577517807483673,-0.303315103054047,-0.670796275138855
2026.05212402344,3.62361121177673,-0.689645767211914,-0.389027863740921,7.49787282943726,85.7719192504883,55.235954284668,-0.357255458831787,-0.579500019550323,-0.299511522054672,-0.668461799621582
2026.5537109375,3.6244695186615,-0.69009929895401,-0.385986685752869,6.7841625213623,87.9555130004883,54.893367767334,-0.357280135154724,-0.595515012741089,-0.294642716646194,-0.656428635120392
2027.05529785156,3.62448263168335,-0.690195202827454,-0.385957956314087,6.78392219543457,87.9555130004883,54.8936805725098,-0.357280433177948,-0.59551477432251,-0.294645845890045,-0.656427264213562
2027.55554199219,3.64344763755798,-0.687645792961121,-0.389234572649002,8.16246891021729,89.942008972168,55.1519508361816,-0.370972454547882,-0.601563394069672,-0.282086431980133,-0.648789823055267
2028.05749511719,3.64470911026001,-0.689428508281708,-0.38720965385437,8.16270065307617,89.9425811767578,55.1520576477051,-0.370975643396378,-0.601565539836884,-0.282083868980408,-0.648787081241608
2028.55810546875,3.64470911026001,-0.689429044723511,-0.387209385633469,8.16275882720947,89.942756652832,55.1520233154297,-0.370976179838181,-0.601566433906555,-0.282082796096802,-0.64878648519516
2029.05944824219,3.64470911026001,-0.689429044723511,-0.38720965385437,8.16275882720947,89.942756652832,55.1520233154297,-0.370976179838181,-0.601566433906555,-0.282082796096802,-0.64878648519516
2029.56127929688,3.64470911026001,-0.689428508281708,-0.387209385633469,8.16275882720947,89.942756652832,55.1520233154297,-0.370976179838181,-0.601566433906555,-0.282082796096802,-0.64878648519516
2030.06176757813,3.64470911026001,-0.689429044723511,-0.387209385633469,8.16275882720947,89.942756652832,55.1520233154297,-0.370976179838181,-0.601566433906555,-0.282082796096802,-0.64878648519516
2030.56311035156,3.64470911026001,-0.689429044723511,-0.387209385633469,8.16275882720947,89.942756652832,55.1520233154297,-0.370976179838181,-0.601566433906555,-0.282082796096802,-0.64878648519516
2031.13464355469,3.64470911026001,-0.689429044723511,-0.387209385633469,8.16275882720947,89.942756652832,55.1520233154297,-0.370976179838181,-0.601566433906555,-0.282082796096802,-0.64878648519516
2031.63708496094,3.64470911026001,-0.689429044723511,-0.387209385633469,8.16275882720947,89.942756652832,55.1520233154297,-0.370976179838181,-0.601566433906555,-0.282082796096802,-0.64878648519516
2032.13818359375,3.64470911026001,-0.689429044723511,-0.387209385633469,8.16275882720947,89.942756652832,55.1520233154297,-0.370976179838181,-0.601566433906555,-0.282082796096802,-0.64878648519516
2032.63928222656,3.64470911026001,-0.689429044723511,-0.387209385633469,8.16275882720947,89.942756652832,55.1520233154297,-0.370976179838181,-0.601566433906555,-0.282082796096802,-0.64878648519516
2033.14135742188,3.64470911026001,-0.689429044723511,-0.387209385633469,8.16275882720947,89.942756652832,55.1520233154297,-0.370976179838181,-0.601566433906555,-0.282082796096802,-0.64878648519516
2033.65844726563,3.64470481872559,-0.689429044723511,-0.387209385633469,8.16275882720947,89.942756652832,55.1520233154297,-0.370976179838181,-0.601566433906555,-0.282082796096802,-0.64878648519516
2034.18298339844,3.64470911026001,-0.689429044723511,-0.387209117412567,8.16284370422363,89.9426574707031,55.1520347595215,-0.370976448059082,-0.601565599441528,-0.282082676887512,-0.648787140846252
2034.68518066406,3.64470911026001,-0.689429044723511,-0.387209385633469,8.162766456604,89.942626953125,55.1520347595215,-0.370975971221924,-0.601565659046173,-0.282083213329315,-0.648787081241608
2035.18737792969,3.64470911026001,-0.689430117607117,-0.387209385633469,8.16269302368164,89.942756652832,55.1520385742188,-0.370975971221924,-0.601566672325134,-0.282083243131638,-0.648786187171936
2035.68896484375,3.64470911026001,-0.689430117607117,-0.387208580970764,8.16276264190674,89.9428405761719,55.1519889831543,-0.370976239442825,-0.601567029953003,-0.282082289457321,-0.648786067962646
2036.19018554688,3.64470911026001,-0.689430117607117,-0.387208580970764,8.16286754608154,89.9428939819336,55.151798248291,-0.370975941419601,-0.601567625999451,-0.282080471515656,-0.648786544799805
2036.69128417969,3.64470911026001,-0.689430117607117,-0.387208849191666,8.1628885269165,89.9429016113281,55.1518287658691,-0.370976209640503,-0.601567506790161,-0.282080441713333,-0.648786425590515
2037.19274902344,3.64470911026001,-0.689429581165314,-0.387208580970764,8.1628885269165,89.9429016113281,55.1518287658691,-0.370976209640503,-0.601567506790161,-0.282080441713333,-0.648786425590515
2037.69482421875,3.64470911026001,-0.689430117607117,-0.387208580970764,8.1628885269165,89.9429016113281,55.1518287658691,-0.370976209640503,-0.601567506790161,-0.282080441713333,-0.648786425590515
2038.22265625,3.64470911026001,-0.689430117607117,-0.387208580970764,8.1628885269165,89.9429016113281,55.1518287658691,-0.370976209640503,-0.601567506790161,-0.282080441713333,-0.648786425590515
2038.72424316406,3.64470911026001,-0.689429581165314,-0.387208849191666,8.1628885269165,89.9429016113281,55.1518287658691,-0.370976209640503,-0.601567506790161,-0.282080441713333,-0.648786425590515
2039.22583007813,3.64470911026001,-0.689430117607117,-0.387208580970764,8.1628885269165,89.9429016113281,55.1518287658691,-0.370976209640503,-0.601567506790161,-0.282080441713333,-0.648786425590515
2039.72680664063,3.64470911026001,-0.689429581165314,-0.387208580970764,8.1628885269165,89.9429016113281,55.1518287658691,-0.370976209640503,-0.601567506790161,-0.282080441713333,-0.648786425590515
2040.22839355469,3.64470911026001,-0.689430117607117,-0.387208580970764,8.1628885269165,89.9429016113281,55.1518287658691,-0.370976209640503,-0.601567506790161,-0.282080441713333,-0.648786425590515
2040.72961425781,3.64470911026001,-0.689430117607117,-0.387208580970764,8.1628885269165,89.9429016113281,55.1518287658691,-0.370976209640503,-0.601567506790161,-0.282080441713333,-0.648786425590515
2041.23107910156,3.64470911026001,-0.689430117607117,-0.387208580970764,8.1628885269165,89.9429016113281,55.1518287658691,-0.370976209640503,-0.601567506790161,-0.282080441713333,-0.648786425590515
2041.7314453125,3.64470911026001,-0.689430117607117,-0.387208580970764,8.1628885269165,89.9429016113281,55.1518287658691,-0.370976209640503,-0.601567506790161,-0.282080441713333,-0.648786425590515
2042.2333984375,3.64470911026001,-0.689430117607117,-0.387208580970764,8.1628885269165,89.9429016113281,55.1518287658691,-0.370976209640503,-0.601567506790161,-0.282080441713333,-0.648786425590515
2042.73388671875,3.64470911026001,-0.689430117607117,-0.387208580970764,8.1628885269165,89.9429016113281,55.1518287658691,-0.370976209640503,-0.601567506790161,-0.282080441713333,-0.648786425590515
2043.25207519531,3.64470911026001,-0.689430117607117,-0.387208580970764,8.1628885269165,89.9429016113281,55.1518287658691,-0.370976209640503,-0.601567506790161,-0.282080441713333,-0.648786425590515
2043.77966308594,3.64470911026001,-0.689430117607117,-0.387208580970764,8.1628885269165,89.9429016113281,55.1518287658691,-0.370976209640503,-0.601567506790161,-0.282080441713333,-0.648786425590515
2044.28002929688,3.64470911026001,-0.689430117607117,-0.387208580970764,8.1628885269165,89.9429016113281,55.1518287658691,-0.370976209640503,-0.601567506790161,-0.282080441713333,-0.648786425590515
2044.78100585938,3.64470911026001,-0.689430117607117,-0.387208580970764,8.1628885269165,89.9429016113281,55.1518287658691,-0.370976209640503,-0.601567506790161,-0.282080441713333,-0.648786425590515
2045.29919433594,3.64470911026001,-0.68943065404892,-0.387208580970764,8.1628885269165,89.9429016113281,55.1518287658691,-0.370976209640503,-0.601567506790161,-0.282080441713333,-0.648786425590515
2045.82153320313,3.64470911026001,-0.689429581165314,-0.387208580970764,8.1628885269165,89.9429016113281,55.1518287658691,-0.370976209640503,-0.601567506790161,-0.282080441713333,-0.648786425590515
2046.32458496094,3.64471340179443,-0.689430117607117,-0.387208580970764,8.16292476654053,89.942756652832,55.1523857116699,-0.370978981256485,-0.601564764976501,-0.282083868980408,-0.648785889148712
2046.82653808594,3.64471769332886,-0.689430117607117,-0.387208580970764,8.16260242462158,89.9427871704102,55.152473449707,-0.370977789163589,-0.601565659046173,-0.282086104154587,-0.648784756660461
2047.32836914063,3.64472222328186,-0.689430117607117,-0.387208580970764,7.51993227005005,90.08251953125,40.8115844726563,-0.289619654417038,-0.64562714099884,-0.202345624566078,-0.677009880542755
2047.82983398438,3.64472222328186,-0.689430117607117,-0.387208580970764,10.1831026077271,86.3919525146484,26.287073135376,-0.218037754297256,-0.649222493171692,-0.105962097644806,-0.720931172370911
2048.33129882813,3.64471769332886,-0.689432859420776,-0.387208580970764,5.38705587387085,96.4541320800781,21.8869857788086,-0.172161996364594,-0.725476324558258,-0.0919183939695358,-0.659996509552002
2048.83374023438,3.64472222328186,-0.689432859420776,-0.387208580970764,6.96985530853271,91.9052658081055,18.2097454071045,-0.155257686972618,-0.701709151268005,-0.0666744410991669,-0.692137241363525
2049.3349609375,3.64472651481628,-0.689432859420776,-0.387208580970764,7.91204929351807,88.6649169921875,13.9035406112671,-0.133365511894226,-0.686057448387146,-0.0385110676288605,-0.714181840419769
2049.83642578125,3.64472222328186,-0.689432859420776,-0.387206941843033,7.34373760223389,89.5486373901367,39.0288848876953,-0.277641206979752,-0.647308945655823,-0.194131821393967,-0.682802617549896
2050.337890625,3.64472222328186,-0.689432859420776,-0.387206941843033,7.56676530838013,89.2802963256836,41.5863494873047,-0.292786955833435,-0.638787984848022,-0.208696559071541,-0.680199563503265
2050.83911132813,3.64472222328186,-0.689432859420776,-0.387206941843033,5.42638111114502,91.9090423583984,36.911262512207,-0.258508920669556,-0.670637726783752,-0.187567174434662,-0.669504880905151
2051.34057617188,3.64472222328186,-0.689432859420776,-0.387206941843033,0.0569492690265179,99.9400939941406,30.1590805053711,-0.199515089392662,-0.739258348941803,-0.166964158415794,-0.621139109134674
2051.84130859375,3.64472222328186,-0.689432859420776,-0.387206941843033,5.97435569763184,92.7938613891602,47.4162101745605,-0.32366931438446,-0.64767062664032,-0.242367461323738,-0.645770072937012
2052.34350585938,3.64472222328186,-0.689432859420776,-0.387206941843033,6.90226125717163,91.9425582885742,48.768798828125,-0.334407985210419,-0.636393904685974,-0.247002258896828,-0.649741470813751
2052.8447265625,3.64471769332886,-0.689432859420776,-0.387206941843033,6.90246915817261,91.9421234130859,48.7685585021973,-0.334406852722168,-0.636391580104828,-0.247000962495804,-0.649744927883148
2053.34545898438,3.64472222328186,-0.689432859420776,-0.387206941843033,6.90244388580322,91.9421234130859,48.7683258056641,-0.334405422210693,-0.63639235496521,-0.246999770402908,-0.649745285511017
2053.8466796875,3.64472222328186,-0.689432859420776,-0.387206941843033,6.08135175704956,92.7065200805664,45.1077728271484,-0.310963064432144,-0.653283357620239,-0.228910714387894,-0.651247024536133
2054.34741210938,3.64472222328186,-0.689432859420776,-0.38720640540123,4.08107805252075,94.4433898925781,26.5996437072754,-0.192278355360031,-0.70828515291214,-0.130706414580345,-0.66654109954834
2054.84985351563,3.64471769332886,-0.689432859420776,-0.387205302715302,4.08101272583008,94.4438247680664,26.5995178222656,-0.192277699708939,-0.708288013935089,-0.1307053565979,-0.66653847694397
2055.3505859375,3.64472222328186,-0.689432859420776,-0.387203693389893,4.66810894012451,93.2236404418945,20.6412448883057,-0.157611191272736,-0.70935332775116,-0.0938499569892883,-0.680564999580383
2055.85180664063,3.64472222328186,-0.689432859420776,-0.387203693389893,4.6680121421814,93.2236175537109,20.6412105560303,-0.157610401511192,-0.709353446960449,-0.093850389122963,-0.680565118789673
2056.35229492188,3.64472222328186,-0.689432859420776,-0.387203693389893,4.76010084152222,92.9999084472656,24.2071647644043,-0.179915353655815,-0.702643156051636,-0.114756077528,-0.678788781166077
2056.85375976563,3.64472222328186,-0.689432859420776,-0.387203693389893,4.76009321212769,92.9999847412109,24.2072067260742,-0.179915651679039,-0.702643573284149,-0.114756241440773,-0.678788185119629
2057.35473632813,3.64472222328186,-0.689432859420776,-0.387203693389893,4.76009321212769,92.9999847412109,24.2072067260742,-0.179915651679039,-0.702643573284149,-0.114756241440773,-0.678788185119629
2057.85546875,3.64472222328186,-0.689432859420776,-0.387203693389893,4.76009321212769,92.9999847412109,24.2072067260742,-0.179915651679039,-0.702643573284149,-0.114756241440773,-0.678788185119629
2058.35766601563,3.64471769332886,-0.689432859420776,-0.387203693389893,4.76009321212769,92.9999847412109,24.2072067260742,-0.179915651679039,-0.702643573284149,-0.114756241440773,-0.678788185119629
2058.85888671875,3.64472651481628,-0.689432859420776,-0.387203693389893,4.76009321212769,92.9999847412109,24.2072067260742,-0.179915651679039,-0.702643573284149,-0.114756241440773,-0.678788185119629
2059.36010742188,3.64472222328186,-0.689432859420776,-0.387203693389893,4.76009321212769,92.9999847412109,24.2072067260742,-0.179915651679039,-0.702643573284149,-0.114756241440773,-0.678788185119629
2059.861328125,3.64472651481628,-0.689432859420776,-0.387203693389893,4.76009321212769,92.9999847412109,24.2072067260742,-0.179915651679039,-0.702643573284149,-0.114756241440773,-0.678788185119629
2060.36157226563,3.64472222328186,-0.689432859420776,-0.387203693389893,4.76009321212769,92.9999847412109,24.2072067260742,-0.179915651679039,-0.702643573284149,-0.114756241440773,-0.678788185119629
2060.86328125,3.64472222328186,-0.689432859420776,-0.387203693389893,4.76009321212769,92.9999847412109,24.2072067260742,-0.179915651679039,-0.702643573284149,-0.114756241440773,-0.678788185119629
2061.36401367188,3.64472222328186,-0.689432859420776,-0.387203693389893,4.76009321212769,92.9999847412109,24.2072067260742,-0.179915651679039,-0.702643573284149,-0.114756241440773,-0.678788185119629
2061.86499023438,3.64471769332886,-0.689432859420776,-0.387203693389893,3.51769423484802,95.8866882324219,22.0638523101807,-0.162191703915596,-0.72448468208313,-0.105754487216473,-0.661537528038025
2062.36694335938,3.64472222328186,-0.689432859420776,-0.387203693389893,5.01303672790527,92.2079544067383,22.2320213317871,-0.168549343943596,-0.70055741071701,-0.10262493044138,-0.685768663883209
2062.8681640625,3.64472222328186,-0.689432859420776,-0.387202620506287,6.91889524459839,87.629035949707,25.0584259033203,-0.192422688007355,-0.66516125202179,-0.115471959114075,-0.712180018424988
2063.3681640625,3.64928245544434,-0.696898579597473,-0.366500556468964,3.80575585365295,95.0562057495117,18.9045028686523,-0.14318422973156,-0.72351062297821,-0.0866686254739761,-0.669715821743011
2063.87036132813,3.64833307266235,-0.698915958404541,-0.360911548137665,3.49735474586487,95.9573516845703,17.9355068206787,-0.135925143957138,-0.730288863182068,-0.0819049477577209,-0.664450287818909
2064.37158203125,3.64571046829224,-0.701479494571686,-0.356624603271484,3.42816019058228,96.1743240356445,17.3981609344482,-0.132251605391502,-0.732250094413757,-0.0789830833673477,-0.663385987281799
2064.87231445313,3.64570617675781,-0.701479494571686,-0.356624603271484,3.33340311050415,96.4797592163086,16.8905620574951,-0.128667101264,-0.734694123268127,-0.0763119086623192,-0.661699295043945
2065.3740234375,3.64571046829224,-0.701479494571686,-0.356624603271484,3.41493558883667,96.5045547485352,16.8920192718506,-0.129159092903137,-0.734750628471375,-0.075765572488308,-0.661603391170502
2065.87475585938,3.64420199394226,-0.705674529075623,-0.363550931215286,3.28624773025513,96.4655456542969,16.8897323608398,-0.128382608294487,-0.734661996364594,-0.0766277089715004,-0.661753714084625
2066.3759765625,3.64744877815247,-0.714279294013977,-0.348372876644135,3.43768405914307,98.930290222168,23.6574268341064,-0.174801990389824,-0.739541053771973,-0.110850609838963,-0.64049631357193
2066.876953125,3.65631794929504,-0.7442826628685,-0.280313611030579,3.55131649971008,98.9801406860352,23.6604061126709,-0.175494879484177,-0.739660561084747,-0.110049597918987,-0.640306949615479
2067.37817382813,3.64815092086792,-0.716636955738068,-0.343026340007782,4.03910112380981,99.1943435668945,23.6745510101318,-0.178468585014343,-0.740163803100586,-0.106610618531704,-0.639484763145447
2067.87915039063,3.65396404266357,-0.70327627658844,-0.374235063791275,5.52421426773071,99.8485794067383,23.7290687561035,-0.187501385807991,-0.741598606109619,-0.0961240231990814,-0.636894762516022
2068.38061523438,3.65885376930237,-0.713324546813965,-0.365020185709,5.10010194778442,101.032287597656,25.2116928100586,-0.195882648229599,-0.746278941631317,-0.105123236775398,-0.627412855625153
2068.88305664063,3.65859365463257,-0.713726580142975,-0.364670962095261,5.10001373291016,101.032203674316,25.2116794586182,-0.195882007479668,-0.746278703212738,-0.10512387752533,-0.627413272857666
2069.3837890625,3.65858936309814,-0.713726580142975,-0.364670425653458,5.09996128082275,101.032196044922,25.2116470336914,-0.195881515741348,-0.746278762817383,-0.105124078691006,-0.627413332462311
2069.884765625,3.65662145614624,-0.717052519321442,-0.361425220966339,9.07621955871582,92.0106658935547,22.3748931884766,-0.193054109811783,-0.692858815193176,-0.0785025209188461,-0.690300107002258
2070.38598632813,3.65661692619324,-0.717052519321442,-0.361424148082733,9.22346210479736,91.2261047363281,11.7780418395996,-0.129030361771584,-0.702788591384888,-0.0143824256956577,-0.699451565742493
2070.88745117188,3.65661692619324,-0.717052519321442,-0.361424148082733,10.195894241333,84.360466003418,7.30413198471069,-0.108315132558346,-0.663256347179413,0.0125288870185614,-0.740406572818756
2071.38891601563,3.65661692619324,-0.717052519321442,-0.361424148082733,9.77498817443848,86.1274642944336,19.9031009674072,-0.178880959749222,-0.659335494041443,-0.0684990286827087,-0.727039337158203
2071.88916015625,3.65647387504578,-0.718429923057556,-0.35944852232933,359.887817382813,106.080108642578,26.8626461029053,-0.185031890869141,-0.777337431907654,-0.140420436859131,-0.584629714488983
2072.39013671875,3.65684247016907,-0.718822240829468,-0.358379691839218,0.718575239181519,104.203666687012,23.3884944915771,-0.163711369037628,-0.771928548812866,-0.11965574324131,-0.602501034736633
2072.89233398438,3.65684247016907,-0.718822240829468,-0.358379423618317,2.07843160629272,100.711044311523,21.5768413543701,-0.155477568507195,-0.754117786884308,-0.105688318610191,-0.629256010055542
2073.39331054688,3.65650868415833,-0.717911958694458,-0.36012476682663,2.05357575416565,102.021614074707,27.1414909362793,-0.19331257045269,-0.752797305583954,-0.134069696068764,-0.61477792263031
2073.89379882813,3.64441442489624,-0.70651388168335,-0.367748469114304,3.51515889167786,102.772399902344,27.1779632568359,-0.202105432748795,-0.754642188549042,-0.123264670372009,-0.611943125724792
2074.39477539063,3.64683747291565,-0.709512531757355,-0.356266170740128,3.48135900497437,102.754844665527,27.1770038604736,-0.201902985572815,-0.754600167274475,-0.123515732586384,-0.612011194229126
2074.89575195313,3.64601397514343,-0.707299053668976,-0.360507309436798,3.27695775032043,102.382591247559,27.251537322998,-0.200913846492767,-0.752779901027679,-0.125928625464439,-0.614083111286163
2075.39697265625,3.64050436019897,-0.711109936237335,-0.355685830116272,4.70375442504883,101.043159484863,27.6371612548828,-0.209538519382477,-0.742660939693451,-0.120971076190472,-0.624431252479553
2075.89819335938,3.63767790794373,-0.705720067024231,-0.362643599510193,5.00223731994629,101.199890136719,27.6503562927246,-0.211373046040535,-0.743012666702271,-0.118786752223969,-0.623813629150391
2076.40014648438,3.63493394851685,-0.707530975341797,-0.36037266254425,4.88544368743896,101.138031005859,27.6449279785156,-0.210653781890869,-0.742873311042786,-0.11964163929224,-0.6240593791008
2076.90063476563,3.63279247283936,-0.707316398620605,-0.361506760120392,5.49361371994019,101.457778930664,27.6737651824951,-0.214388325810432,-0.74357533454895,-0.11518818885088,-0.62278813123703
2077.40234375,3.63279247283936,-0.707771003246307,-0.361246675252914,5.49364376068115,101.457763671875,27.6735572814941,-0.214387103915215,-0.743575632572174,-0.115186877548695,-0.622788488864899
2077.90405273438,3.63279676437378,-0.707771003246307,-0.361244797706604,5.49372434616089,101.457664489746,27.6734600067139,-0.214386805891991,-0.743575155735016,-0.115185990929604,-0.622789263725281
2078.45239257813,3.63279247283936,-0.707771003246307,-0.361244797706604,5.49387216567993,101.457328796387,27.6735801696777,-0.214388027787209,-0.74357283115387,-0.115186311304569,-0.622791588306427
2078.97802734375,3.63279247283936,-0.707771003246307,-0.361244797706604,5.49405288696289,101.457084655762,27.6736850738525,-0.214389398694038,-0.743571043014526,-0.115186132490635,-0.622793316841125
2079.47924804688,3.63279676437378,-0.707771003246307,-0.361244797706604,5.49410772323608,101.456741333008,27.6736164093018,-0.214388906955719,-0.743569195270538,-0.115186043083668,-0.622795641422272
2079.97998046875,3.63279247283936,-0.707771003246307,-0.361244797706604,5.49406671524048,101.457077026367,27.6737079620361,-0.214389607310295,-0.743570923805237,-0.115186147391796,-0.622793316841125
2080.48095703125,3.63279247283936,-0.707771003246307,-0.361244797706604,5.4941840171814,101.457176208496,27.6735363006592,-0.214389234781265,-0.743571639060974,-0.115184284746647,-0.622793078422546
2080.99633789063,3.63279247283936,-0.707771003246307,-0.361244797706604,5.49426126480103,101.457130432129,27.6733264923096,-0.214388236403465,-0.743571639060974,-0.11518270522356,-0.622793614864349
2081.52099609375,3.63278818130493,-0.707771003246307,-0.361244797706604,5.49433183670044,101.457122802734,27.6732597351074,-0.21438817679882,-0.743571579456329,-0.115181908011436,-0.622793853282928
2082.02294921875,3.63278818130493,-0.707771003246307,-0.361244797706604,5.49441957473755,101.456718444824,27.6728916168213,-0.214385837316513,-0.743569910526276,-0.115180112421513,-0.622796952724457
2082.5244140625,3.63278818130493,-0.707771003246307,-0.361244797706604,5.49437522888184,101.45662689209,27.6728420257568,-0.214385181665421,-0.743569672107697,-0.115180253982544,-0.622797548770905
2083.02661132813,3.63278818130493,-0.707771003246307,-0.361243695020676,5.49435758590698,101.45671081543,27.6730098724365,-0.214386254549026,-0.743569791316986,-0.115181125700474,-0.622796773910522
2083.52734375,3.63278818130493,-0.707771003246307,-0.361243695020676,5.49443387985229,101.456398010254,27.6727905273438,-0.214384943246841,-0.743568360805511,-0.115180037915707,-0.622799158096313
2084.05029296875,3.63278818130493,-0.707771003246307,-0.361243695020676,5.49448919296265,101.456398010254,27.6725807189941,-0.214383870363235,-0.74356871843338,-0.115178525447845,-0.622799456119537
2084.55224609375,3.63278818130493,-0.707771003246307,-0.361243695020676,5.49449491500854,101.456565856934,27.6724681854248,-0.214383333921432,-0.743569791316986,-0.115177556872368,-0.622798442840576
2085.05493164063,3.63278818130493,-0.707775890827179,-0.361243695020676,5.49447059631348,101.456893920898,27.6723308563232,-0.214382618665695,-0.743571877479553,-0.115176349878311,-0.622796475887299
2085.55786132813,3.63278818130493,-0.707775890827179,-0.361243695020676,5.49443483352661,101.457206726074,27.6721382141113,-0.214381530880928,-0.743574023246765,-0.115174978971481,-0.622794568538666
2086.05981445313,3.63278818130493,-0.707775890827179,-0.361243695020676,5.49451351165771,101.456802368164,27.6719799041748,-0.214380487799644,-0.743571996688843,-0.115174308419228,-0.622797429561615
2086.56274414063,3.63278818130493,-0.707775890827179,-0.361243695020676,5.4944748878479,101.456672668457,27.6716690063477,-0.214378178119659,-0.743571937084198,-0.115173168480396,-0.622798562049866
2087.06372070313,3.63278818130493,-0.707775890827179,-0.361243695020676,5.49442005157471,101.456558227539,27.6714248657227,-0.214376166462898,-0.743571817874908,-0.115172408521175,-0.622799456119537
2087.56518554688,3.63278818130493,-0.707775890827179,-0.361243695020676,5.49442100524902,101.456329345703,27.6714420318604,-0.21437606215477,-0.743570506572723,-0.115172937512398,-0.622800946235657
2088.06640625,3.63278818130493,-0.707775890827179,-0.361243695020676,5.49448776245117,101.456100463867,27.6715259552002,-0.214376717805862,-0.743569076061249,-0.115173362195492,-0.622802436351776
2088.56811523438,3.63278818130493,-0.707775890827179,-0.361243695020676,5.49449491500854,101.45613861084,27.6714534759521,-0.21437631547451,-0.743569374084473,-0.115172855556011,-0.622802317142487
2089.08471679688,3.63278818130493,-0.707775890827179,-0.361243695020676,5.49460983276367,101.455833435059,27.6715221405029,-0.214377075433731,-0.743567407131195,-0.115173041820526,-0.622804343700409
2089.587890625,3.63278818130493,-0.707775890827179,-0.361243695020676,5.49457693099976,101.455657958984,27.6713790893555,-0.214375793933868,-0.743566751480103,-0.115172795951366,-0.622805535793304
2090.08862304688,3.63278818130493,-0.707775890827179,-0.361243695020676,5.49454975128174,101.455680847168,27.6713104248047,-0.214375227689743,-0.743567109107971,-0.115172564983368,-0.62280547618866
2090.58959960938,3.63278818130493,-0.707775890827179,-0.361243695020676,5.49440145492554,101.456039428711,27.6712532043457,-0.214374423027039,-0.743569374084473,-0.115172564983368,-0.622802972793579
2091.13525390625,3.63278818130493,-0.707775890827179,-0.361243695020676,5.49434804916382,101.456008911133,27.6713275909424,-0.214374601840973,-0.743569135665894,-0.115173406898975,-0.622803092002869
2091.68530273438,3.63278818130493,-0.707775890827179,-0.361243695020676,5.4944543838501,101.456192016602,27.6714057922363,-0.214375823736191,-0.743569791316986,-0.115172743797302,-0.622801899909973
2092.18920898438,3.63278818130493,-0.707775890827179,-0.361243695020676,5.49432325363159,101.456558227539,27.6714572906494,-0.214375868439674,-0.743571937084198,-0.11517322063446,-0.622799277305603
2092.69140625,3.63278818130493,-0.707775890827179,-0.361243695020676,5.49432325363159,101.456558227539,27.6714572906494,-0.214375868439674,-0.743571937084198,-0.11517322063446,-0.622799277305603
2093.19262695313,3.63278388977051,-0.707775890827179,-0.361243695020676,8.91359329223633,92.8596572875977,15.2921314239502,-0.149192720651627,-0.708791375160217,-0.0356278829276562,-0.688539803028107
2093.69506835938,3.63278818130493,-0.707775890827179,-0.361242890357971,7.83840465545654,97.4591674804688,8.06607627868652,-0.0977107435464859,-0.744819462299347,0.00496147153899074,-0.660054624080658
2094.1962890625,3.63278818130493,-0.707775890827179,-0.361242890357971,8.03462982177734,89.9828338623047,355.426208496094,-0.0213640462607145,-0.706679046154022,0.0776423513889313,-0.702936768531799
2094.69750976563,3.63278818130493,-0.707775890827179,-0.361242890357971,6.94472599029541,82.0419540405273,348.091644287109,0.0225092805922031,-0.65633624792099,0.117657668888569,-0.744897902011871
2095.19897460938,3.63278818130493,-0.707775890827179,-0.361241817474365,7.45611476898193,86.9043807983398,8.75878524780273,-0.0994697287678719,-0.680685579776764,-0.0107288816943765,-0.725711941719055
2095.7001953125,3.63278818130493,-0.707776963710785,-0.361241817474365,6.56558322906494,88.649528503418,33.8653755187988,-0.242358505725861,-0.655404984951019,-0.169736981391907,-0.694907248020172
2096.20166015625,3.63279247283936,-0.707776963710785,-0.361241817474365,6.89510250091553,88.2424468994141,37.2233657836914,-0.262696444988251,-0.644799470901489,-0.189019739627838,-0.692456364631653
2096.70190429688,3.63279247283936,-0.707776963710785,-0.361241817474365,8.0958194732666,85.5152282714844,12.2134475708008,-0.123577326536179,-0.667848229408264,-0.030261455103755,-0.733342826366425
2097.20434570313,3.63278818130493,-0.707776963710785,-0.361241817474365,7.08222198486328,93.6898422241211,2.09165072441101,-0.0555280633270741,-0.727219939231873,0.0325900204479694,-0.683378159999847
2097.70581054688,3.63278818130493,-0.707776963710785,-0.361240446567535,7.2913236618042,89.6333770751953,4.05744361877441,-0.0699785649776459,-0.701376855373383,0.0197287704795599,-0.709072828292847
2098.20629882813,3.63278818130493,-0.707776963710785,-0.361240446567535,6.9822735786438,92.5585479736328,8.96756553649902,-0.0983527600765228,-0.715878009796143,-0.0100566884502769,-0.691190481185913
2098.70776367188,3.63278818130493,-0.707776963710785,-0.361239641904831,7.17704248428345,91.3125457763672,8.65007400512695,-0.09745142608881,-0.708425462245941,-0.00797367095947266,-0.69897997379303
2099.20849609375,3.63278818130493,-0.707776963710785,-0.361239910125732,7.17704248428345,91.3123397827148,8.65006446838379,-0.097451351583004,-0.708424210548401,-0.00797378178685904,-0.698981285095215
2099.70971679688,3.63278818130493,-0.707776963710785,-0.361239910125732,7.17704343795776,91.3126602172852,8.65011978149414,-0.0974517241120338,-0.708426058292389,-0.00797384977340698,-0.698979318141937
2100.21118164063,3.63278818130493,-0.707776963710785,-0.361239641904831,7.17706394195557,91.3126525878906,8.65016078948975,-0.0974521040916443,-0.708425998687744,-0.00797397177666426,-0.698979377746582
2100.7119140625,3.63278818130493,-0.707776963710785,-0.361239641904831,7.17711067199707,91.3124160766602,8.65019798278809,-0.0974526032805443,-0.708424508571625,-0.00797411240637302,-0.698980808258057
2101.21240234375,3.63278818130493,-0.707776427268982,-0.361239641904831,7.17703485488892,91.3125839233398,8.65014362335205,-0.097451813519001,-0.708425641059875,-0.00797411520034075,-0.698979794979095
2101.71459960938,3.63278818130493,-0.707776963710785,-0.361239373683929,7.1770715713501,91.3126831054688,8.65021228790283,-0.0974524691700935,-0.708426177501678,-0.0079742269590497,-0.698979198932648
2102.2158203125,3.63278818130493,-0.707776963710785,-0.361239641904831,7.17712450027466,91.3122253417969,8.65021228790283,-0.0974527597427368,-0.708423316478729,-0.0079742819070816,-0.698982000350952
2102.71728515625,3.63278818130493,-0.707776963710785,-0.361239641904831,7.17714214324951,91.3121566772461,8.65021991729736,-0.0974529087543488,-0.708422839641571,-0.00797427445650101,-0.698982417583466
2103.21850585938,3.63278818130493,-0.707776963710785,-0.361239641904831,7.17712783813477,91.3121490478516,8.65020084381104,-0.097452700138092,-0.708422899246216,-0.00797425489872694,-0.69898247718811
2103.71948242188,3.63278818130493,-0.707776963710785,-0.361239641904831,7.17710971832275,91.3121490478516,8.65018463134766,-0.0974524915218353,-0.708422899246216,-0.00797426048666239,-0.69898247718811
2104.220703125,3.63278818130493,-0.707776963710785,-0.361239373683929,7.17710494995117,91.3121490478516,8.65017890930176,-0.09745242446661,-0.708422899246216,-0.00797425955533981,-0.69898247718811
2104.72192382813,3.63278818130493,-0.707776963710785,-0.361239641904831,7.17710494995117,91.3121490478516,8.65017890930176,-0.09745242446661,-0.708422899246216,-0.00797425955533981,-0.69898247718811
2105.22314453125,3.63278818130493,-0.707776963710785,-0.361239641904831,7.17710494995117,91.3121490478516,8.65017890930176,-0.09745242446661,-0.708422899246216,-0.00797425955533981,-0.69898247718811
2105.72485351563,3.63278818130493,-0.707776963710785,-0.361239641904831,7.17710494995117,91.3121490478516,8.65017890930176,-0.09745242446661,-0.708422899246216,-0.00797425955533981,-0.69898247718811
2106.22583007813,3.63278818130493,-0.707776963710785,-0.361239641904831,7.17711591720581,91.3120880126953,8.65018177032471,-0.0974525138735771,-0.708422541618347,-0.00797426234930754,-0.698982834815979
2106.72680664063,3.63278818130493,-0.707776963710785,-0.361240446567535,7.17710733413696,91.3121719360352,8.65019416809082,-0.0974525362253189,-0.708423018455505,-0.00797432381659746,-0.698982357978821
2107.22827148438,3.63278818130493,-0.707776963710785,-0.361240446567535,7.17708158493042,91.3122100830078,8.65017223358154,-0.0974522531032562,-0.708423316478729,-0.00797431264072657,-0.698982059955597
2107.72924804688,3.63278818130493,-0.707776963710785,-0.361240446567535,7.17708158493042,91.3122100830078,8.65017223358154,-0.0974522531032562,-0.708423316478729,-0.00797431264072657,-0.698982059955597
2108.22924804688,3.63824152946472,-0.695401966571808,-0.372454524040222,9.84463405609131,91.7239990234375,8.71114158630371,-0.113883718848228,-0.708414733409882,0.00870855990797281,-0.696493566036224
2108.73046875,3.64702391624451,-0.687443137168884,-0.348963797092438,8.81799602508545,94.1833572387695,5.98470401763916,-0.0903900191187859,-0.726548492908478,0.0207944884896278,-0.680826306343079
2109.23193359375,3.64851951599121,-0.689057886600494,-0.324412375688553,7.58582353591919,93.8495254516602,0.26093652844429,-0.0468375533819199,-0.728752851486206,0.0467682145535946,-0.681570529937744
2109.73364257813,3.64778256416321,-0.688642263412476,-0.336646497249603,8.46907424926758,93.6673126220703,2.79963445663452,-0.0682689622044563,-0.725928425788879,0.0371734760701656,-0.683363318443298
2110.234375,3.64844584465027,-0.690467238426208,-0.362887442111969,9.00720405578613,93.6940612792969,2.80369997024536,-0.0714812278747559,-0.725746273994446,0.0405860990285873,-0.683034062385559
2110.7353515625,3.64993691444397,-0.694776654243469,-0.369761198759079,10.0571451187134,93.7463150024414,2.81233286857605,-0.0777438282966614,-0.725343585014343,0.0472420267760754,-0.682349443435669
2111.23779296875,3.65120267868042,-0.697482168674469,-0.368961155414581,10.4408855438232,93.7660980224609,2.81580901145935,-0.0800313130021095,-0.725184798240662,0.0496737323701382,-0.682081043720245
2111.73876953125,3.65062189102173,-0.697229146957397,-0.368157565593719,10.4408760070801,93.7668075561523,2.81582808494568,-0.0800310671329498,-0.725189030170441,0.0496740490198135,-0.682076632976532
2112.23950195313,3.65063047409058,-0.697246432304382,-0.368145912885666,10.4409017562866,93.7662963867188,2.81576037406921,-0.0800310149788857,-0.725186049938202,0.0496742576360703,-0.682079792022705
2112.74096679688,3.65063047409058,-0.697246432304382,-0.368145376443863,10.4408435821533,93.7669067382813,2.81579351425171,-0.080030620098114,-0.725189626216888,0.0496741198003292,-0.682075977325439
2113.2412109375,3.65079522132874,-0.699748754501343,-0.372055441141129,9.23682498931885,93.7070465087891,2.8055694103241,-0.0728512182831764,-0.725672841072083,0.0420426577329636,-0.682879269123077
2113.74291992188,3.64865827560425,-0.70000559091568,-0.369132906198502,8.97440624237061,93.6935958862305,2.80349111557007,-0.0712853744626045,-0.725764751434326,0.0403785780072212,-0.683047235012054
2114.24462890625,3.64865827560425,-0.70000559091568,-0.369132906198502,8.97440624237061,93.6935958862305,2.80349111557007,-0.0712853744626045,-0.725764751434326,0.0403785780072212,-0.683047235012054
2114.76245117188,3.64865827560425,-0.70000559091568,-0.369132906198502,8.97440624237061,93.6935958862305,2.80349111557007,-0.0712853744626045,-0.725764751434326,0.0403785780072212,-0.683047235012054
2115.263671875,3.64865827560425,-0.70000559091568,-0.369132906198502,8.97440624237061,93.6935958862305,2.80349111557007,-0.0712853744626045,-0.725764751434326,0.0403785780072212,-0.683047235012054
2115.76489257813,3.64865827560425,-0.70000559091568,-0.369132906198502,8.97440624237061,93.6935958862305,2.80349111557007,-0.0712853744626045,-0.725764751434326,0.0403785780072212,-0.683047235012054
2116.265625,3.64865827560425,-0.70000559091568,-0.369132906198502,8.97440624237061,93.6935958862305,2.80349111557007,-0.0712853744626045,-0.725764751434326,0.0403785780072212,-0.683047235012054
2116.8115234375,3.64865827560425,-0.70000559091568,-0.369132906198502,8.97440624237061,93.6935958862305,2.80349111557007,-0.0712853744626045,-0.725764751434326,0.0403785780072212,-0.683047235012054
2117.3134765625,3.64865374565125,-0.70000559091568,-0.369132906198502,8.97440624237061,93.6935958862305,2.80349111557007,-0.0712853744626045,-0.725764751434326,0.0403785780072212,-0.683047235012054
2117.83715820313,3.64853692054749,-0.699969828128815,-0.368985533714294,8.97437572479248,93.6935424804688,2.80348634719849,-0.071285180747509,-0.725764513015747,0.0403783805668354,-0.683047592639923
2118.33984375,3.64853692054749,-0.699969828128815,-0.368985533714294,8.97438716888428,93.6935577392578,2.80349588394165,-0.0712853074073792,-0.725764513015747,0.0403784066438675,-0.683047473430634
2118.84130859375,3.64853692054749,-0.699969828128815,-0.368985533714294,8.97440624237061,93.69384765625,2.80353188514709,-0.0712855458259583,-0.725766241550446,0.0403784923255444,-0.68304568529129
2119.34301757813,3.64853692054749,-0.699969828128815,-0.368985533714294,8.97444248199463,93.6940536499023,2.80354070663452,-0.0712857395410538,-0.725767493247986,0.0403787940740585,-0.683044373989105
2119.84521484375,3.64853692054749,-0.699969828128815,-0.368985533714294,8.97442054748535,93.6935882568359,2.80349826812744,-0.0712855085730553,-0.725764691829681,0.0403786115348339,-0.683047354221344
2120.34643554688,3.64853692054749,-0.699969828128815,-0.368985533714294,8.97441482543945,93.6938705444336,2.80347466468811,-0.071285218000412,-0.72576642036438,0.0403789021074772,-0.683045446872711
2120.8466796875,3.64853692054749,-0.699969828128815,-0.368985533714294,8.97439956665039,93.6938781738281,2.80351543426514,-0.0712853893637657,-0.72576642036438,0.0403785668313503,-0.683045446872711
2121.3486328125,3.64853692054749,-0.699969828128815,-0.368985533714294,8.97443771362305,93.6938705444336,2.80356621742249,-0.0712859332561493,-0.725766360759735,0.0403784960508347,-0.683045506477356
2121.85009765625,3.64853692054749,-0.699969828128815,-0.368985533714294,8.97443771362305,93.6938705444336,2.80356621742249,-0.0712859332561493,-0.725766360759735,0.0403784960508347,-0.683045506477356
2122.3515625,3.64853692054749,-0.699969828128815,-0.368985533714294,8.97443771362305,93.6938705444336,2.80356621742249,-0.0712859332561493,-0.725766360759735,0.0403784960508347,-0.683045506477356
2122.85278320313,3.64854121208191,-0.699969828128815,-0.368985533714294,8.97443771362305,93.6938705444336,2.80356621742249,-0.0712859332561493,-0.725766360759735,0.0403784960508347,-0.683045506477356
2123.35375976563,3.64853239059448,-0.699969828128815,-0.368985533714294,8.97443771362305,93.6938705444336,2.80356621742249,-0.0712859332561493,-0.725766360759735,0.0403784960508347,-0.683045506477356
2123.85473632813,3.64854121208191,-0.699969828128815,-0.368985533714294,8.97443771362305,93.6938705444336,2.80356621742249,-0.0712859332561493,-0.725766360759735,0.0403784960508347,-0.683045506477356
2124.35693359375,3.64853692054749,-0.699969828128815,-0.368985533714294,8.97443771362305,93.6938705444336,2.80356621742249,-0.0712859332561493,-0.725766360759735,0.0403784960508347,-0.683045506477356
2124.85791015625,3.64853692054749,-0.699969828128815,-0.368985533714294,8.97443771362305,93.6938705444336,2.80356621742249,-0.0712859332561493,-0.725766360759735,0.0403784960508347,-0.683045506477356
2125.3583984375,3.64853692054749,-0.699969291687012,-0.368985801935196,8.97443771362305,93.6938705444336,2.80356621742249,-0.0712859332561493,-0.725766360759735,0.0403784960508347,-0.683045506477356
2125.85986328125,3.64853692054749,-0.699969828128815,-0.368985533714294,8.97443771362305,93.6938705444336,2.80356621742249,-0.0712859332561493,-0.725766360759735,0.0403784960508347,-0.683045506477356
2126.361328125,3.64853692054749,-0.699969828128815,-0.368985533714294,8.97443771362305,93.6938705444336,2.80356621742249,-0.0712859332561493,-0.725766360759735,0.0403784960508347,-0.683045506477356
2126.87890625,3.64853692054749,-0.699969828128815,-0.368985533714294,8.97443771362305,93.6938705444336,2.80356621742249,-0.0712859332561493,-0.725766360759735,0.0403784960508347,-0.683045506477356
2127.38061523438,3.64853692054749,-0.699969828128815,-0.368985533714294,8.97443771362305,93.6938705444336,2.80356621742249,-0.0712859332561493,-0.725766360759735,0.0403784960508347,-0.683045506477356
2127.88208007813,3.64853692054749,-0.699969828128815,-0.368985533714294,8.97443771362305,93.6938705444336,2.80356621742249,-0.0712859332561493,-0.725766360759735,0.0403784960508347,-0.683045506477356
2128.3828125,3.64854121208191,-0.699969828128815,-0.368985801935196,8.97443771362305,93.6938705444336,2.80356621742249,-0.0712859332561493,-0.725766360759735,0.0403784960508347,-0.683045506477356
2128.92407226563,3.64854121208191,-0.699969828128815,-0.368985533714294,8.97443771362305,93.6938705444336,2.80356621742249,-0.0712859332561493,-0.725766360759735,0.0403784960508347,-0.683045506477356
2129.44799804688,3.64853692054749,-0.699969828128815,-0.368985265493393,8.974440574646,93.6937789916992,2.80356526374817,-0.0712859854102135,-0.725765764713287,0.040378462523222,-0.683046162128448
2129.95166015625,3.64853692054749,-0.699969828128815,-0.368985533714294,8.97444820404053,93.6940307617188,2.8036162853241,-0.0712862610816956,-0.725767195224762,0.0403783582150936,-0.68304455280304
2130.45288085938,3.64853692054749,-0.699969828128815,-0.368985533714294,8.98872375488281,92.9268646240234,359.191711425781,-0.0488773584365845,-0.723068535327911,0.0616489425301552,-0.686281561851501
2130.9560546875,3.64853692054749,-0.699969828128815,-0.368984162807465,9.2119312286377,92.5444412231445,349.819915771484,0.00861671287566423,-0.722382605075836,0.118929371237755,-0.681135058403015
2131.45751953125,3.64853692054749,-0.699969828128815,-0.368983626365662,10.7873487472534,99.9495849609375,349.519165039063,0.00943129695951939,-0.764706015586853,0.130159303545952,-0.63102650642395
2131.9580078125,3.64853692054749,-0.699970364570618,-0.368983626365662,10.8082513809204,98.401008605957,12.4535121917725,-0.142917543649673,-0.74251526594162,0.000317111582262442,-0.654404759407043
2132.45971679688,3.64853692054749,-0.699969828128815,-0.368983626365662,12.0815801620483,94.6735610961914,24.969934463501,-0.227718740701675,-0.698556482791901,-0.0701357424259186,-0.674717783927917
2132.96215820313,3.64853692054749,-0.699969828128815,-0.368983626365662,13.4762744903564,91.8827667236328,26.8775157928467,-0.245217680931091,-0.67516165971756,-0.0784880965948105,-0.691277623176575
2133.46264648438,3.64853692054749,-0.699969828128815,-0.368983626365662,13.831184387207,91.2208404541016,1.75354862213135,-0.0950741171836853,-0.708028972148895,0.0754063725471497,-0.695679366588593
2133.96557617188,3.64853692054749,-0.699969828128815,-0.368983626365662,13.8924350738525,93.5145645141602,354.541320800781,-0.0483262278139591,-0.726236283779144,0.120381101965904,-0.675095438957214
2134.46606445313,3.64853692054749,-0.699969828128815,-0.368983626365662,13.8691854476929,90.3272552490234,6.07546377182007,-0.122313685715199,-0.698435366153717,0.0484049282968044,-0.703480184078217
2134.96752929688,3.64853692054749,-0.699969828128815,-0.368983626365662,13.8617143630981,90.4004821777344,5.00773572921753,-0.115720212459564,-0.700001418590546,0.0549854077398777,-0.702555000782013
2135.46850585938,3.64853692054749,-0.699969828128815,-0.368983626365662,13.8554677963257,90.4946060180664,350.190093994141,-0.0243325494229794,-0.709646761417389,0.145101800560951,-0.68902462720871
2135.97045898438,3.64853692054749,-0.699969828128815,-0.368983626365662,13.8554582595825,90.4947509765625,350.190124511719,-0.0243325047194958,-0.709647655487061,0.145101606845856,-0.689023792743683
2136.4716796875,3.64853239059448,-0.699969828128815,-0.368983626365662,13.8530158996582,90.5011520385742,345.528717041016,0.00457172095775604,-0.710088193416595,0.172987312078476,-0.682516872882843
2136.97412109375,3.64853692054749,-0.699969828128815,-0.368983626365662,13.455117225647,89.3142929077148,337.245788574219,0.0560027696192265,-0.700745463371277,0.220075145363808,-0.676303565502167
2137.50170898438,3.64853692054749,-0.699969828128815,-0.368983626365662,13.0027694702148,88.241340637207,334.979095458984,0.0704802870750427,-0.69287896156311,0.231458455324173,-0.67924839258194
2138.001953125,3.64853692054749,-0.699969828128815,-0.368983626365662,12.8113241195679,87.7617950439453,334.811859130859,0.0717141181230545,-0.689794301986694,0.231653094291687,-0.68218606710434
2138.50439453125,3.64853692054749,-0.699969828128815,-0.368983626365662,13.4201612472534,89.022834777832,331.394195556641,0.0912661105394363,-0.695252776145935,0.254341512918472,-0.666036427021027
2139.00561523438,3.64854121208191,-0.699969828128815,-0.368983626365662,13.500280380249,89.1738433837891,330.265441894531,0.0979608967900276,-0.695265114307404,0.261216253042221,-0.662401854991913
2139.50659179688,3.64853692054749,-0.699969828128815,-0.368983626365662,13.5002965927124,89.1733627319336,330.265167236328,0.0979614108800888,-0.695262134075165,0.261218369007111,-0.66240406036377
2140.00756835938,3.64853692054749,-0.699969828128815,-0.368983626365662,13.5003309249878,89.1732330322266,330.265075683594,0.0979614332318306,-0.695261359214783,0.261219173669815,-0.662404596805573
2140.5087890625,3.64853692054749,-0.699969828128815,-0.368983626365662,13.5002765655518,89.1731719970703,330.265167236328,0.0979611501097679,-0.695261001586914,0.261218458414078,-0.662405252456665
2141.01049804688,3.64853692054749,-0.699966609477997,-0.368983626365662,13.5004920959473,89.1737060546875,330.265075683594,0.0979615524411201,-0.695264160633087,0.26121973991394,-0.66240131855011
2141.51147460938,3.64853692054749,-0.699966609477997,-0.368983626365662,12.6209297180176,87.4750061035156,335.21923828125,0.0698801577091217,-0.688201606273651,0.228312596678734,-0.68510490655899
2142.0126953125,3.64853692054749,-0.699966609477997,-0.368983626365662,12.6208820343018,87.4750289916992,335.219451904297,0.0698792859911919,-0.688201785087585,0.228311106562614,-0.685105264186859
2142.51391601563,3.64853692054749,-0.699966609477997,-0.368983626365662,12.6209087371826,87.4751434326172,335.219482421875,0.0698790028691292,-0.688202559947968,0.228310868144035,-0.685104668140411
2143.01489257813,3.64853239059448,-0.699956834316254,-0.368983626365662,12.6208457946777,87.4751815795898,335.219421386719,0.0698799267411232,-0.688202738761902,0.228310897946358,-0.685104429721832
2143.51635742188,3.6481249332428,-0.703193366527557,-0.376272469758987,12.9929456710815,87.2990646362305,335.180358886719,0.0674291178584099,-0.687382876873016,0.230770945549011,-0.685348808765411
2144.0166015625,3.6373918056488,-0.704235911369324,-0.379860937595367,13.286449432373,87.1596527099609,335.148712158203,0.0654942542314529,-0.686729311943054,0.232709527015686,-0.685536026954651
2144.51782226563,3.63808107376099,-0.698195815086365,-0.368405193090439,12.4881801605225,87.9474182128906,331.690490722656,0.0928883254528046,-0.688394606113434,0.248167932033539,-0.675201773643494
2145.01904296875,3.63926887512207,-0.687939465045929,-0.351193815469742,12.0125331878662,85.9282913208008,327.71875,0.114872142672539,-0.672368466854095,0.270818591117859,-0.679251313209534
2145.5205078125,3.63924717903137,-0.687720000743866,-0.350567430257797,12.8062171936035,85.4444885253906,328.949554443359,0.101520515978336,-0.671542227268219,0.268313378095627,-0.683178305625916
2146.02172851563,3.63906073570251,-0.689847886562347,-0.354227423667908,19.0637645721436,81.4445495605469,327.849182128906,0.0575600638985634,-0.652980208396912,0.310771107673645,-0.688276946544647
2146.52319335938,3.63906073570251,-0.689847350120544,-0.354227691888809,19.0638904571533,81.4448471069336,327.84912109375,0.057560458779335,-0.6529820561409,0.310772001743317,-0.688274681568146
2147.0234375,3.63925576210022,-0.687722742557526,-0.350580155849457,22.4613018035889,79.1253204345703,327.026428222656,0.0333212614059448,-0.641650259494781,0.333541691303253,-0.689872860908508
2147.5244140625,3.64088129997253,-0.669986546039581,-0.320145219564438,21.709192276001,79.6494293212891,327.223510742188,0.038710992783308,-0.644234418869019,0.328518241643906,-0.689593613147736
2148.02709960938,3.64087700843811,-0.669986546039581,-0.320145219564438,21.7091312408447,79.6488342285156,327.223297119141,0.0387109145522118,-0.644230604171753,0.328519523143768,-0.689596474170685
2148.52783203125,3.64087700843811,-0.669986546039581,-0.320145219564438,21.7088756561279,79.6484146118164,327.223388671875,0.0387108437716961,-0.644227921962738,0.32851779460907,-0.689599812030792
2149.02856445313,3.64087700843811,-0.669986546039581,-0.320145219564438,21.7088813781738,79.6484985351563,327.223388671875,0.0387110263109207,-0.644228458404541,0.328517735004425,-0.689599394798279
2149.52954101563,3.64087700843811,-0.669986546039581,-0.320145219564438,21.7088623046875,79.6484985351563,327.223388671875,0.0387112349271774,-0.644228458404541,0.328517735004425,-0.689599394798279
2150.03125,3.64087700843811,-0.669986546039581,-0.320145219564438,21.7088832855225,79.6485290527344,327.223388671875,0.0387112461030483,-0.644228637218475,0.328517913818359,-0.689599096775055
2150.53173828125,3.64087700843811,-0.669986546039581,-0.320145219564438,21.7088832855225,79.6485290527344,327.223388671875,0.0387112461030483,-0.644228637218475,0.328517913818359,-0.689599096775055
2151.03295898438,3.64087700843811,-0.669986546039581,-0.320145219564438,21.7088832855225,79.6485290527344,327.223388671875,0.0387112461030483,-0.644228637218475,0.328517913818359,-0.689599096775055
2151.53442382813,3.64085102081299,-0.670280754566193,-0.320650219917297,16.7148704528809,82.9805068969727,328.321136474609,0.0741604939103127,-0.660286664962769,0.294917285442352,-0.686691761016846
2152.03588867188,3.64073824882507,-0.671559035778046,-0.32284152507782,11.2246074676514,86.413444519043,329.151031494141,0.112502172589302,-0.675768733024597,0.257474839687347,-0.681459188461304
2152.537109375,3.64004921913147,-0.679091989994049,-0.335773020982742,10.5296325683594,86.835563659668,329.230682373047,0.117311537265778,-0.677570581436157,0.252696603536606,-0.680647194385529
2153.03833007813,3.63964605331421,-0.683504343032837,-0.343343615531921,11.143931388855,86.4624176025391,329.160491943359,0.113061048090458,-0.675978779792786,0.256921172142029,-0.681367337703705
2153.53930664063,3.63838028907776,-0.697378158569336,-0.367152690887451,11.4545841217041,86.2731018066406,329.123504638672,0.110908143222332,-0.675163924694061,0.259054154157639,-0.681721389293671
2154.0400390625,3.63766932487488,-0.705143511295319,-0.380480289459229,11.5121603012085,86.2373580932617,329.116546630859,0.110507391393185,-0.675008535385132,0.25944972038269,-0.681789875030518
2154.54150390625,3.64259791374207,-0.702985823154449,-0.391691654920578,12.1010885238647,85.8771514892578,329.042907714844,0.106420814990997,-0.673443257808685,0.263488084077835,-0.682438910007477
2155.04296875,3.64329600334167,-0.702722489833832,-0.392982631921768,12.2265300750732,85.8002853393555,329.026672363281,0.105549894273281,-0.673107087612152,0.264347583055496,-0.682573437690735
2155.54443359375,3.64670324325562,-0.694876909255981,-0.388095051050186,13.0766534805298,87.223503112793,327.302124023438,0.113787390291691,-0.680779337882996,0.277845740318298,-0.668127059936523
2156.04516601563,3.64734482765198,-0.693018317222595,-0.386648297309875,13.0767421722412,87.2229766845703,327.301818847656,0.113787345588207,-0.680776059627533,0.27784851193428,-0.668129205703735
2156.546875,3.64769148826599,-0.692019104957581,-0.385877221822739,13.0766267776489,87.2227172851563,327.301879882813,0.113787040114403,-0.680774509906769,0.277847737073898,-0.668131232261658
2157.04833984375,3.64769148826599,-0.692018568515778,-0.385877221822739,13.076584815979,87.2227401733398,327.301940917969,0.113786928355694,-0.680774629116058,0.277847081422806,-0.668131351470947
2157.5595703125,3.64769577980042,-0.692018568515778,-0.385877221822739,13.0765924453735,87.2227325439453,327.301940917969,0.113786891102791,-0.680774629116058,0.277847141027451,-0.668131351470947
2158.06201171875,3.64769577980042,-0.692018568515778,-0.385877221822739,13.0766115188599,87.2227325439453,327.301940917969,0.113786764442921,-0.680774569511414,0.27784726023674,-0.668131291866302
2158.56372070313,3.64769577980042,-0.692018568515778,-0.385877221822739,13.0766124725342,87.2227249145508,327.301940917969,0.113786816596985,-0.680774569511414,0.277847319841385,-0.668131291866302
2159.06518554688,3.64769577980042,-0.692018568515778,-0.385877221822739,13.076717376709,87.2228698730469,327.301940917969,0.113786421716213,-0.68077552318573,0.277847677469254,-0.668130218982697
2159.56616210938,3.64769577980042,-0.692018568515778,-0.385877221822739,13.076868057251,87.2228622436523,327.302062988281,0.113784730434418,-0.680775761604309,0.277847796678543,-0.668130218982697
2160.083984375,3.64769577980042,-0.692018568515778,-0.385877221822739,13.0767889022827,87.2229156494141,327.30224609375,0.11378438025713,-0.680776238441467,0.277846336364746,-0.66813051700592
2160.60717773438,3.64769577980042,-0.692018568515778,-0.385877221822739,13.0767135620117,87.2231674194336,327.302398681641,0.113784559071064,-0.680777728557587,0.277844786643982,-0.668129563331604
2161.10961914063,3.64769577980042,-0.692016959190369,-0.385877221822739,13.076735496521,87.2232131958008,327.302429199219,0.113784246146679,-0.680778026580811,0.277844607830048,-0.66812938451767
2161.61181640625,3.64769577980042,-0.692016959190369,-0.385877221822739,13.0767984390259,87.2232055664063,327.302368164063,0.113784298300743,-0.680777966976166,0.277845412492752,-0.668129026889801
2162.11401367188,3.64769148826599,-0.692016959190369,-0.385877221822739,13.0768413543701,87.2231826782227,327.302215576172,0.113784849643707,-0.680777728557587,0.277846544981003,-0.668128728866577
2162.615234375,3.64769577980042,-0.692016959190369,-0.385877221822739,13.0771465301514,87.2237396240234,327.302185058594,0.113784484565258,-0.680781304836273,0.277847826480865,-0.668124616146088
2163.1171875,3.64769577980042,-0.692016959190369,-0.385877221822739,13.0772857666016,87.2236862182617,327.302001953125,0.113784492015839,-0.680781006813049,0.277849644422531,-0.668124198913574
2163.61938476563,3.64769577980042,-0.692016959190369,-0.385877221822739,13.0773048400879,87.2233505249023,327.301910400391,0.113784164190292,-0.680778980255127,0.277850657701492,-0.668125927448273
2164.11987304688,3.64769148826599,-0.692016959190369,-0.385877221822739,13.0774946212769,87.2234954833984,327.301940917969,0.113783128559589,-0.680780053138733,0.27785137295723,-0.668124675750732
2164.62158203125,3.64769577980042,-0.692017495632172,-0.385877221822739,13.0775260925293,87.2235488891602,327.301940917969,0.1137830093503,-0.680780351161957,0.277851462364197,-0.668124318122864
2165.12280273438,3.64769577980042,-0.692016959190369,-0.385877221822739,13.0775260925293,87.2235488891602,327.301940917969,0.1137830093503,-0.680780351161957,0.277851462364197,-0.668124318122864
2165.62426757813,3.64769577980042,-0.692016959190369,-0.385877221822739,13.0775260925293,87.2235488891602,327.301940917969,0.1137830093503,-0.680780351161957,0.277851462364197,-0.668124318122864
2166.12475585938,3.64770007133484,-0.692016959190369,-0.385877221822739,13.0775260925293,87.2235488891602,327.301940917969,0.1137830093503,-0.680780351161957,0.277851462364197,-0.668124318122864
2166.6259765625,3.64769577980042,-0.692017495632172,-0.385877221822739,13.0775260925293,87.2235488891602,327.301940917969,0.1137830093503,-0.680780351161957,0.277851462364197,-0.668124318122864
2167.12744140625,3.64769577980042,-0.692016959190369,-0.385877221822739,13.0775260925293,87.2235488891602,327.301940917969,0.1137830093503,-0.680780351161957,0.277851462364197,-0.668124318122864
2167.62939453125,3.64769577980042,-0.692016959190369,-0.385877221822739,13.0775260925293,87.2235488891602,327.301940917969,0.1137830093503,-0.680780351161957,0.277851462364197,-0.668124318122864
2168.13012695313,3.64770007133484,-0.692016959190369,-0.385877221822739,13.0775260925293,87.2235488891602,327.301940917969,0.1137830093503,-0.680780351161957,0.277851462364197,-0.668124318122864
2168.63061523438,3.64770007133484,-0.692016959190369,-0.385877221822739,13.0775260925293,87.2235488891602,327.301940917969,0.1137830093503,-0.680780351161957,0.277851462364197,-0.668124318122864
2169.17749023438,3.64769577980042,-0.692016959190369,-0.385877221822739,13.0775260925293,87.2235488891602,327.301940917969,0.1137830093503,-0.680780351161957,0.277851462364197,-0.668124318122864
2169.70288085938,3.64769148826599,-0.692016959190369,-0.385877221822739,13.0775260925293,87.2235488891602,327.301940917969,0.1137830093503,-0.680780351161957,0.277851462364197,-0.668124318122864
2170.20385742188,3.64769577980042,-0.692016959190369,-0.385877221822739,13.0775260925293,87.2235488891602,327.301940917969,0.1137830093503,-0.680780351161957,0.277851462364197,-0.668124318122864
2170.705078125,3.64769577980042,-0.692016959190369,-0.385877221822739,13.0775260925293,87.2235488891602,327.301940917969,0.1137830093503,-0.680780351161957,0.277851462364197,-0.668124318122864
2171.20654296875,3.64769577980042,-0.692016959190369,-0.385877221822739,13.0775260925293,87.2235488891602,327.301940917969,0.1137830093503,-0.680780351161957,0.277851462364197,-0.668124318122864
2171.72021484375,3.64769148826599,-0.692016959190369,-0.385877221822739,13.0775260925293,87.2235488891602,327.301940917969,0.1137830093503,-0.680780351161957,0.277851462364197,-0.668124318122864
2172.24462890625,3.64769577980042,-0.692016959190369,-0.385877221822739,13.0775594711304,87.2232818603516,327.301879882813,0.113782547414303,-0.680778801441193,0.277852296829224,-0.668125689029694
2172.748046875,3.64769577980042,-0.692016959190369,-0.385877221822739,13.0776958465576,87.2232208251953,327.3017578125,0.113782286643982,-0.680778503417969,0.277853816747665,-0.66812539100647
2173.25024414063,3.64770007133484,-0.692016959190369,-0.385877221822739,13.0777425765991,87.223014831543,327.301849365234,0.11378102004528,-0.680777430534363,0.277853816747665,-0.668126702308655
2173.75341796875,3.64769577980042,-0.692016959190369,-0.385877221822739,11.710503578186,85.0239410400391,327.978607177734,0.113126747310162,-0.666884779930115,0.26851624250412,-0.685832440853119
2174.25463867188,3.64769577980042,-0.692016959190369,-0.385877221822739,8.87280941009521,80.5471115112305,326.023803710938,0.131863504648209,-0.633621692657471,0.270072042942047,-0.712879180908203
2174.75537109375,3.64769577980042,-0.692016959190369,-0.385877221822739,7.10425806045532,77.9436721801758,332.139068603516,0.104370579123497,-0.620863914489746,0.224629119038582,-0.7437584400177
2175.25708007813,3.64769577980042,-0.692016959190369,-0.385876953601837,4.97909498214722,73.3710098266602,332.020111083984,0.110491313040257,-0.587575554847717,0.218864694237709,-0.771132230758667
2175.75927734375,3.64769577980042,-0.692016959190369,-0.385876685380936,3.21694755554199,70.3162612915039,325.657073974609,0.148012325167656,-0.556725919246674,0.256719589233398,-0.776043653488159
2176.259765625,3.64769577980042,-0.692016959190369,-0.385876685380936,16.2792987823486,89.2041625976563,328.323272705078,0.0927288383245468,-0.696229159832001,0.288009256124496,-0.650935530662537
2176.76147460938,3.64769577980042,-0.692016959190369,-0.38587611913681,17.0636653900146,90.8377075195313,340.859649658203,0.0144196404144168,-0.711885094642639,0.219605445861816,-0.666922152042389
2177.26245117188,3.64069509506226,-0.695460498332977,-0.37742093205452,17.6659030914307,93.3454360961914,6.28816318511963,-0.144629940390587,-0.711957931518555,0.0743464604020119,-0.683133006095886
2177.763671875,3.64069509506226,-0.695460498332977,-0.37742093205452,18.2359218597412,91.2905426025391,30.5181903839111,-0.292684435844421,-0.65194433927536,-0.0723532438278198,-0.695751070976257
2178.265625,3.64069509506226,-0.695460498332977,-0.377421200275421,12.4169015884399,98.7555923461914,54.3454513549805,-0.407231241464615,-0.639134109020233,-0.222557067871094,-0.613301515579224
2178.76635742188,3.64069509506226,-0.695460498332977,-0.377421200275421,13.3930921554565,97.9538803100586,43.724983215332,-0.350058317184448,-0.666907429695129,-0.161099761724472,-0.637762129306793
2179.267578125,3.64069509506226,-0.695459961891174,-0.37742093205452,15.463207244873,94.0771636962891,18.1944046020508,-0.205186530947685,-0.701542258262634,-0.00955879874527454,-0.68238228559494
2179.76831054688,3.64007949829102,-0.694873631000519,-0.375882059335709,15.8661270141602,91.2112808227539,352.600341796875,-0.050686240196228,-0.712459027767181,0.143124938011169,-0.685090005397797
2180.26977539063,3.64006638526917,-0.694863379001617,-0.375856310129166,15.7558212280273,90.6485366821289,344.048583984375,0.0023001495283097,-0.71094411611557,0.193157896399498,-0.676197648048401
2180.77221679688,3.64006638526917,-0.694863379001617,-0.375856310129166,15.7559690475464,90.6486358642578,344.048461914063,0.00230017188005149,-0.710944652557373,0.193159520626068,-0.67619663476944
2181.2724609375,3.64006638526917,-0.694863379001617,-0.375856310129166,15.7560329437256,90.6486434936523,344.048400878906,0.00230016699060798,-0.710944771766663,0.193160220980644,-0.676196336746216
2181.77416992188,3.64006209373474,-0.694863379001617,-0.375856310129166,15.7560329437256,90.6486434936523,344.048400878906,0.00230016699060798,-0.710944771766663,0.193160220980644,-0.676196336746216
2182.27612304688,3.64006209373474,-0.694863379001617,-0.375856310129166,15.7560329437256,90.6486434936523,344.048400878906,0.00230016699060798,-0.710944771766663,0.193160220980644,-0.676196336746216
2182.77685546875,3.64006638526917,-0.694863379001617,-0.375856041908264,15.7560329437256,90.6486434936523,344.048400878906,0.00230016699060798,-0.710944771766663,0.193160220980644,-0.676196336746216
2183.27758789063,3.64006638526917,-0.694863379001617,-0.375856310129166,15.7560329437256,90.6486434936523,344.048400878906,0.00230016699060798,-0.710944771766663,0.193160220980644,-0.676196336746216
2183.77880859375,3.64006638526917,-0.694863379001617,-0.375856578350067,15.7560329437256,90.6486434936523,344.048400878906,0.00230016699060798,-0.710944771766663,0.193160220980644,-0.676196336746216
2184.28051757813,3.64006638526917,-0.694863379001617,-0.375856310129166,15.7560329437256,90.6486434936523,344.048400878906,0.00230016699060798,-0.710944771766663,0.193160220980644,-0.676196336746216
2184.78173828125,3.64007067680359,-0.694863379001617,-0.375856578350067,15.7560329437256,90.6486434936523,344.048400878906,0.00230016699060798,-0.710944771766663,0.193160220980644,-0.676196336746216
2185.28198242188,3.64006638526917,-0.694863379001617,-0.375856310129166,15.7560329437256,90.6486434936523,344.048400878906,0.00230016699060798,-0.710944771766663,0.193160220980644,-0.676196336746216
2185.78442382813,3.64006638526917,-0.694863379001617,-0.375856310129166,14.9025049209595,87.8269958496094,340.202667236328,0.0261913184076548,-0.693536758422852,0.211398482322693,-0.688208878040314
2186.28540039063,3.64007067680359,-0.694863379001617,-0.375856876373291,13.21901512146,83.5489349365234,333.61083984375,0.0674815103411674,-0.663895726203918,0.243754401803017,-0.703756034374237
2186.787109375,3.64006638526917,-0.694863379001617,-0.375856876373291,13.2379722595215,83.6326751708984,328.066680908203,0.0995920747518539,-0.660381555557251,0.27753359079361,-0.690617620944977
2187.31469726563,3.64006638526917,-0.694862842559814,-0.375856876373291,10.2033748626709,79.6331100463867,313.697509765625,0.187953472137451,-0.613287091255188,0.353144228458405,-0.681059241294861
2187.81567382813,3.64006209373474,-0.694862842559814,-0.375856876373291,12.2811632156372,81.4861145019531,307.696716308594,0.213264435529709,-0.618213415145874,0.39468240737915,-0.645411789417267
2188.31787109375,3.64006638526917,-0.694862842559814,-0.375856876373291,12.2811498641968,81.4860992431641,307.696716308594,0.21326445043087,-0.61821323633194,0.394682377576828,-0.645411908626556
2188.81884765625,3.64006209373474,-0.694862842559814,-0.375856876373291,12.558988571167,81.6919860839844,303.086334228516,0.237027853727341,-0.610982179641724,0.421186149120331,-0.626993536949158
2189.3203125,3.64006638526917,-0.694862246513367,-0.375857144594193,12.5590772628784,81.6918792724609,303.086212158203,0.237027481198311,-0.610981583595276,0.421187400817871,-0.626993417739868
2189.8212890625,3.64006638526917,-0.694862842559814,-0.375856041908264,12.559175491333,81.6919021606445,303.086242675781,0.237026810646057,-0.610982060432434,0.42118763923645,-0.626993060112
2190.32202148438,3.64006638526917,-0.694862842559814,-0.375856041908264,12.5592555999756,81.6920623779297,303.086212158203,0.23702709376812,-0.61098301410675,0.421187877655029,-0.626991808414459
2190.82299804688,3.64006209373474,-0.694863379001617,-0.375856041908264,12.5589733123779,81.6918029785156,303.086181640625,0.237028121948242,-0.610980808734894,0.421187341213226,-0.626993954181671
2191.32348632813,3.63679790496826,-0.721251428127289,-0.394135445356369,12.6331033706665,81.5746994018555,303.060424804688,0.236284509301186,-0.610477924346924,0.421913892030716,-0.627275884151459
2191.82495117188,3.62890410423279,-0.741147994995117,-0.397177994251251,11.4662370681763,83.3941955566406,303.440307617188,0.247891321778297,-0.618206262588501,0.410505741834641,-0.622780859470367
2192.326171875,3.63258004188538,-0.740216016769409,-0.395479261875153,10.9682445526123,84.1606521606445,303.58935546875,0.252785295248032,-0.621417045593262,0.40562829375267,-0.620810985565186
2192.82836914063,3.63229823112488,-0.73662942647934,-0.395120799541473,11.6959066390991,84.2280807495117,300.930084228516,0.263098269701004,-0.617688417434692,0.423225104808807,-0.608375608921051
2193.32934570313,3.63205552101135,-0.734610974788666,-0.393543183803558,12.3548097610474,83.8073654174805,296.670074462891,0.28040274977684,-0.607196509838104,0.449605971574783,-0.592065155506134
2193.830078125,3.63556694984436,-0.712238132953644,-0.38089182972908,12.435604095459,83.0337753295898,301.128479003906,0.253207206726074,-0.613731861114502,0.428335070610046,-0.612983286380768
2194.33129882813,3.6351203918457,-0.715441584587097,-0.383028924465179,12.6029024124146,82.6715393066406,303.168121337891,0.23991484940052,-0.616602718830109,0.418907046318054,-0.621899366378784
2194.83203125,3.63370275497437,-0.737080216407776,-0.396889984607697,12.1830730438232,83.3270111083984,303.308807373047,0.244065076112747,-0.619386374950409,0.414777725934982,-0.620283961296082
2195.33374023438,3.64530730247498,-0.735904932022095,-0.404808193445206,13.0040102005005,85.1755447387695,301.74462890625,0.254452049732208,-0.627918064594269,0.423005402088165,-0.601697266101837
2195.83520507813,3.64642572402954,-0.73480498790741,-0.403305888175964,13.0041446685791,85.17529296875,301.745025634766,0.254448235034943,-0.627917885780334,0.423004597425461,-0.601699531078339
2196.33666992188,3.64642572402954,-0.73480498790741,-0.403305888175964,13.0044565200806,85.175407409668,301.745178222656,0.254445910453796,-0.627919673919678,0.423004984855652,-0.601698458194733
2196.85400390625,3.64642572402954,-0.734803915023804,-0.403301000595093,13.0045976638794,85.1755523681641,301.745208740234,0.254445403814316,-0.627920866012573,0.423005104064941,-0.601697325706482
2197.35571289063,3.64642572402954,-0.734803915023804,-0.403300732374191,13.0043497085571,85.1751861572266,301.745452880859,0.254444181919098,-0.627918779850006,0.423003524541855,-0.601701080799103
2197.85668945313,3.64642572402954,-0.734804451465607,-0.403300732374191,13.0038175582886,85.1743469238281,301.745452880859,0.254444301128387,-0.627912998199463,0.423002898693085,-0.601707518100739
2198.35766601563,3.64642572402954,-0.734803915023804,-0.403300732374191,13.0033493041992,85.1735763549805,301.745361328125,0.254444599151611,-0.627907693386078,0.423002690076828,-0.601713061332703
2198.90502929688,3.64642572402954,-0.734803915023804,-0.403300732374191,13.0029945373535,85.1728820800781,301.745239257813,0.254444897174835,-0.627902805805206,0.423003345727921,-0.601717591285706
2199.42846679688,3.64642572402954,-0.734803915023804,-0.403300732374191,13.0031414031982,85.1730804443359,301.745269775391,0.254444628953934,-0.627904236316681,0.423003435134888,-0.601716101169586
2199.93115234375,3.64642572402954,-0.734803915023804,-0.403300732374191,13.0032043457031,85.1730499267578,301.745239257813,0.254444271326065,-0.627904176712036,0.423003941774368,-0.601715981960297
2200.43212890625,3.64642572402954,-0.734803915023804,-0.40330046415329,13.0029230117798,85.1727905273438,301.7451171875,0.25444558262825,-0.62790185213089,0.423003762960434,-0.601717948913574
2200.93359375,3.64642572402954,-0.734803915023804,-0.403300195932388,13.0028638839722,85.1727828979492,301.744873046875,0.254447281360626,-0.627901136875153,0.42300483584404,-0.601717293262482
2201.43579101563,3.64642572402954,-0.734803915023804,-0.403300195932388,13.0030860900879,85.1731643676758,301.744476318359,0.254449516534805,-0.627902865409851,0.423007071018219,-0.601713001728058
2201.93627929688,3.64642572402954,-0.734803915023804,-0.403300195932388,13.0034370422363,85.1732864379883,301.744812011719,0.254446148872375,-0.627905130386353,0.423006802797318,-0.601712286472321
2202.43774414063,3.64642572402954,-0.734803915023804,-0.403300195932388,13.0034370422363,85.1733169555664,301.744842529297,0.254446148872375,-0.627905368804932,0.423006564378738,-0.601712226867676
2202.93896484375,3.64642572402954,-0.734803915023804,-0.403300195932388,13.0036506652832,85.1736068725586,301.744537353516,0.254447549581528,-0.627906739711761,0.423008501529694,-0.601708769798279
2203.44091796875,3.64642572402954,-0.734803915023804,-0.403300195932388,13.003851890564,85.1732025146484,301.744171142578,0.254446864128113,-0.627904295921326,0.423012286424637,-0.601708948612213
2203.94213867188,3.64642572402954,-0.734803915023804,-0.403300195932388,13.0039186477661,85.1731872558594,301.743957519531,0.254447609186172,-0.627903938293457,0.423013776540756,-0.601707994937897
2204.44311523438,3.64642572402954,-0.734803915023804,-0.403300195932388,13.0039186477661,85.1731872558594,301.743957519531,0.254447609186172,-0.627903938293457,0.423013776540756,-0.601707994937897
2204.9443359375,3.64642572402954,-0.734803915023804,-0.403300195932388,13.0039186477661,85.1731872558594,301.743957519531,0.254447609186172,-0.627903938293457,0.423013776540756,-0.601707994937897
2205.4453125,3.64642572402954,-0.734803318977356,-0.403300195932388,13.0039186477661,85.1731872558594,301.743957519531,0.254447609186172,-0.627903938293457,0.423013776540756,-0.601707994937897
2205.94677734375,3.64642572402954,-0.734803915023804,-0.403300195932388,13.0039186477661,85.1731872558594,301.743957519531,0.254447609186172,-0.627903938293457,0.423013776540756,-0.601707994937897
2206.44750976563,3.64642572402954,-0.734803915023804,-0.403300195932388,13.0039186477661,85.1731872558594,301.743957519531,0.254447609186172,-0.627903938293457,0.423013776540756,-0.601707994937897
2207.02099609375,3.64642572402954,-0.734803915023804,-0.403300195932388,13.0039186477661,85.1731872558594,301.743957519531,0.254447609186172,-0.627903938293457,0.423013776540756,-0.601707994937897
2207.52221679688,3.64642572402954,-0.734803915023804,-0.403300195932388,13.0039186477661,85.1731872558594,301.743957519531,0.254447609186172,-0.627903938293457,0.423013776540756,-0.601707994937897
2208.02270507813,3.64642143249512,-0.734804451465607,-0.403299927711487,13.0039186477661,85.1731872558594,301.743957519531,0.254447609186172,-0.627903938293457,0.423013776540756,-0.601707994937897
2208.5234375,3.64642572402954,-0.734803915023804,-0.403300195932388,13.0039186477661,85.1731872558594,301.743957519531,0.254447609186172,-0.627903938293457,0.423013776540756,-0.601707994937897
2209.02465820313,3.64642572402954,-0.734803915023804,-0.403299927711487,13.0039186477661,85.1731872558594,301.743957519531,0.254447609186172,-0.627903938293457,0.423013776540756,-0.601707994937897
2209.57104492188,3.64642572402954,-0.734803915023804,-0.403300195932388,13.0039186477661,85.1731872558594,301.743957519531,0.254447609186172,-0.627903938293457,0.423013776540756,-0.601707994937897
2210.0966796875,3.64642572402954,-0.734803915023804,-0.403300195932388,13.0037984848022,85.1729888916016,301.743865966797,0.254448026418686,-0.627902388572693,0.423014044761658,-0.601709187030792
2210.59838867188,3.64642572402954,-0.734803915023804,-0.403300195932388,13.0038719177246,85.1728897094727,301.743865966797,0.254447281360626,-0.627901971340179,0.42301470041275,-0.601709425449371
2211.09936523438,3.64642572402954,-0.734803915023804,-0.403300195932388,11.072901725769,84.2635803222656,292.191192626953,0.313070297241211,-0.594088613986969,0.465460568666458,-0.576534688472748
2211.60205078125,3.64642572402954,-0.734803915023804,-0.403300195932388,7.41572952270508,83.0703582763672,278.252014160156,0.396405696868896,-0.532016813755035,0.521247565746307,-0.53676962852478
2212.1025390625,3.64642572402954,-0.734803915023804,-0.403300195932388,4.99327850341797,82.8916702270508,269.713653564453,0.445734024047852,-0.489574491977692,0.551190078258514,-0.50776731967926
2212.6044921875,3.64642572402954,-0.734803915023804,-0.403300195932388,3.02137017250061,82.997932434082,262.395141601563,0.485394805669785,-0.451136410236359,0.574865221977234,-0.479997783899307
2213.10595703125,3.64642572402954,-0.734803915023804,-0.403301268815994,6.26065349578857,82.6327896118164,266.048675537109,0.453956037759781,-0.479783624410629,0.572863817214966,-0.485343933105469
2213.60717773438,3.64642572402954,-0.734803915023804,-0.403301268815994,6.26044750213623,82.6331634521484,266.048858642578,0.453958123922348,-0.479784935712814,0.572860836982727,-0.48534420132637
2214.10864257813,3.64642572402954,-0.734803915023804,-0.403301268815994,6.26043701171875,82.6331787109375,266.048858642578,0.453958243131638,-0.479784995317459,0.572860717773438,-0.48534420132637
2214.61010742188,3.64642572402954,-0.734803915023804,-0.403301268815994,6.26043558120728,82.6331787109375,266.048858642578,0.453958243131638,-0.479784965515137,0.572860717773438,-0.485344171524048
2215.11108398438,3.64642572402954,-0.734803915023804,-0.403301268815994,6.26043558120728,82.6331787109375,266.048858642578,0.453958243131638,-0.479784965515137,0.572860717773438,-0.485344171524048
2215.6123046875,3.64642572402954,-0.734803915023804,-0.403301268815994,6.26043558120728,82.6331787109375,266.048858642578,0.453958243131638,-0.479784965515137,0.572860717773438,-0.485344171524048
2216.11352539063,3.64642572402954,-0.734803915023804,-0.403301268815994,6.26043033599854,82.633186340332,266.048858642578,0.453958302736282,-0.479784995317459,0.572860658168793,-0.48534420132637
2216.61474609375,3.64642572402954,-0.734803915023804,-0.403301268815994,6.26042699813843,82.633186340332,266.048858642578,0.453958332538605,-0.479784965515137,0.572860658168793,-0.485344171524048
2217.11572265625,3.64642572402954,-0.734803915023804,-0.403301268815994,6.26042699813843,82.633186340332,266.048858642578,0.453958332538605,-0.479784965515137,0.572860658168793,-0.485344171524048
2217.61694335938,3.64642572402954,-0.734803915023804,-0.403301268815994,6.26042699813843,82.633186340332,266.048858642578,0.453958332538605,-0.479784965515137,0.572860658168793,-0.485344171524048
2218.11889648438,3.64642572402954,-0.734803915023804,-0.403301268815994,6.26042699813843,82.633186340332,266.048858642578,0.453958332538605,-0.479784965515137,0.572860658168793,-0.485344171524048
2218.61962890625,3.64642572402954,-0.734803915023804,-0.403301268815994,6.7915997505188,82.5887451171875,263.292236328125,0.462700188159943,-0.471026450395584,0.58643102645874,-0.469192236661911
2219.12060546875,3.64642572402954,-0.734803318977356,-0.403301268815994,7.1681113243103,82.5437088012695,257.757629394531,0.483012765645981,-0.449800968170166,0.609831094741821,-0.438729822635651
2219.6220703125,3.64642572402954,-0.734803318977356,-0.403301268815994,7.83992671966553,82.4043884277344,260.773345947266,0.467237412929535,-0.464991122484207,0.600924372673035,-0.452064633369446
2220.123046875,3.64642572402954,-0.734803318977356,-0.403301000595093,7.83993530273438,82.4045944213867,260.773559570313,0.467237532138824,-0.46499291062355,0.600922644138336,-0.45206493139267
2220.62475585938,3.64642572402954,-0.734803318977356,-0.403301268815994,7.83975791931152,82.404541015625,260.773559570313,0.467238068580627,-0.464991837739944,0.600922286510468,-0.452066004276276
2221.15283203125,3.64700651168823,-0.730492830276489,-0.405738562345505,7.83960056304932,82.4047088623047,260.773712158203,0.467239081859589,-0.464992314577103,0.600920498371124,-0.452066779136658
2221.65380859375,3.65322279930115,-0.720745861530304,-0.408855617046356,7.83953428268433,82.4047088623047,260.773803710938,0.467239052057266,-0.464992344379425,0.600919961929321,-0.452067524194717
2222.15502929688,3.65673398971558,-0.717373311519623,-0.411172896623611,8.83474159240723,82.2380828857422,259.759002685547,0.465955972671509,-0.464927613735199,0.608871817588806,-0.44272169470787
2222.67163085938,3.65673398971558,-0.717373311519623,-0.411173969507217,8.8352746963501,82.2377090454102,259.758483886719,0.465953648090363,-0.464926689863205,0.608876943588257,-0.442717999219894
2223.17309570313,3.65673851966858,-0.717372238636017,-0.411175042390823,8.83532905578613,82.2378616333008,259.758666992188,0.465953499078751,-0.464928269386292,0.608875870704651,-0.442718088626862
2223.67456054688,3.65673851966858,-0.717369556427002,-0.411175042390823,8.83490562438965,82.2381362915039,259.759063720703,0.465955227613449,-0.464928925037384,0.608871817588806,-0.4427210688591
2224.17602539063,3.656742811203,-0.717369556427002,-0.411175042390823,8.83470630645752,82.2384033203125,259.759490966797,0.465955883264542,-0.46493074297905,0.608868479728699,-0.44272318482399
2224.6904296875,3.65673851966858,-0.717369556427002,-0.411175042390823,8.834397315979,82.2388076782227,259.760040283203,0.465957134962082,-0.464933067560196,0.608863711357117,-0.442725986242294
2225.21948242188,3.65676879882813,-0.717354893684387,-0.411189138889313,8.83457946777344,82.2388153076172,259.759948730469,0.465956777334213,-0.464933633804321,0.608864605426788,-0.44272455573082
2225.7197265625,3.65676879882813,-0.717354357242584,-0.411189138889313,8.8350248336792,82.2385940551758,259.759674072266,0.465954691171646,-0.464933723211288,0.608868062496185,-0.442721873521805
2226.22119140625,3.65676879882813,-0.717354357242584,-0.411189138889313,8.8351526260376,82.2384719848633,259.759582519531,0.465953767299652,-0.464933514595032,0.608869314193726,-0.442721337080002
2226.72412109375,3.65676879882813,-0.717354357242584,-0.411189138889313,8.83541297912598,82.2384262084961,259.759216308594,0.465953826904297,-0.464933097362518,0.608871698379517,-0.442718327045441
2227.22583007813,3.65676879882813,-0.717354357242584,-0.411189138889313,8.83538722991943,82.2387542724609,259.759399414063,0.465955078601837,-0.464934885501862,0.608869671821594,-0.44271793961525
2227.7275390625,3.65676879882813,-0.717354357242584,-0.411189138889313,8.8358268737793,82.2383575439453,259.759094238281,0.465952187776566,-0.464934200048447,0.608873903751373,-0.442715883255005
2228.22973632813,3.65676879882813,-0.717354357242584,-0.411189138889313,8.83608055114746,82.238395690918,259.758758544922,0.465952485799789,-0.464934259653091,0.608875811100006,-0.442712873220444
2228.73120117188,3.65676879882813,-0.717353820800781,-0.411189138889313,8.8364086151123,82.2383041381836,259.758331298828,0.465952306985855,-0.464933693408966,0.608878910541534,-0.44270932674408
2229.23217773438,3.65676879882813,-0.717354357242584,-0.411189138889313,8.83688640594482,82.2380981445313,259.757934570313,0.465950608253479,-0.464933544397354,0.608882904052734,-0.442705899477005
2229.73315429688,3.65676879882813,-0.717354357242584,-0.411189407110214,8.83690643310547,82.2379913330078,259.757904052734,0.465950101613998,-0.464933156967163,0.608883500099182,-0.442706048488617
2230.234375,3.65676879882813,-0.717354357242584,-0.411189138889313,8.83690643310547,82.2379913330078,259.757904052734,0.465950101613998,-0.464933156967163,0.608883500099182,-0.442706048488617
2230.73559570313,3.6567645072937,-0.717354893684387,-0.411188870668411,8.83690643310547,82.2379913330078,259.757904052734,0.465950101613998,-0.464933156967163,0.608883500099182,-0.442706048488617
2231.23706054688,3.65676879882813,-0.717354357242584,-0.411189138889313,8.83690643310547,82.2379913330078,259.757904052734,0.465950101613998,-0.464933156967163,0.608883500099182,-0.442706048488617
2231.73828125,3.65676879882813,-0.717354357242584,-0.411189138889313,8.83690643310547,82.2379913330078,259.757904052734,0.465950101613998,-0.464933156967163,0.608883500099182,-0.442706048488617
2232.2578125,3.65676879882813,-0.717353820800781,-0.411189138889313,8.83690643310547,82.2379913330078,259.757904052734,0.465950101613998,-0.464933156967163,0.608883500099182,-0.442706048488617
2232.78442382813,3.65676879882813,-0.717354357242584,-0.411189138889313,8.83690643310547,82.2379913330078,259.757904052734,0.465950101613998,-0.464933156967163,0.608883500099182,-0.442706048488617
2233.28588867188,3.65676879882813,-0.717354357242584,-0.411189138889313,8.83690643310547,82.2379913330078,259.757904052734,0.465950101613998,-0.464933156967163,0.608883500099182,-0.442706048488617
2233.78735351563,3.65676879882813,-0.717354357242584,-0.411189138889313,8.83690643310547,82.2379913330078,259.757904052734,0.465950101613998,-0.464933156967163,0.608883500099182,-0.442706048488617
2234.31494140625,3.65676879882813,-0.717354357242584,-0.411189138889313,8.83690643310547,82.2379913330078,259.757904052734,0.465950101613998,-0.464933156967163,0.608883500099182,-0.442706048488617
2234.82885742188,3.65676879882813,-0.717354357242584,-0.411189138889313,8.83690643310547,82.2379913330078,259.757904052734,0.465950101613998,-0.464933156967163,0.608883500099182,-0.442706048488617
2235.32934570313,3.65676879882813,-0.717354357242584,-0.411189138889313,8.83671283721924,82.238151550293,259.757995605469,0.465951383113861,-0.464933276176453,0.608881771564484,-0.442706882953644
2235.83203125,3.65676879882813,-0.717354357242584,-0.411189138889313,8.836669921875,82.2377853393555,259.7578125,0.465950399637222,-0.464930891990662,0.608883857727051,-0.442707598209381
2236.33447265625,3.65676879882813,-0.717354357242584,-0.411189138889313,11.0681381225586,81.8672866821289,262.818817138672,0.440910458564758,-0.485983997583389,0.605755031108856,-0.449975997209549
2236.83666992188,3.65676879882813,-0.717354357242584,-0.411189138889313,15.9586620330811,81.528564453125,286.681457519531,0.301728993654251,-0.581498265266418,0.520543813705444,-0.54758894443512
2237.33862304688,3.64012718200684,-0.718348145484924,-0.391553461551666,17.9665222167969,83.996711730957,310.017028808594,0.174043148756027,-0.648047983646393,0.404819786548615,-0.621179342269897
2237.84008789063,3.63830208778381,-0.717983484268188,-0.38981032371521,19.6034049987793,85.6866455078125,335.253875732422,0.0216574817895889,-0.681252598762512,0.267890244722366,-0.680926382541656
2238.34204101563,3.63831090927124,-0.717983484268188,-0.38981032371521,19.5610084533691,85.571159362793,344.573425292969,-0.0337007008492947,-0.68006044626236,0.211413756012917,-0.701203465461731
2238.84301757813,3.63830637931824,-0.717983484268188,-0.38981032371521,19.6618213653564,86.0099639892578,350.274719238281,-0.0674449950456619,-0.680211901664734,0.177116468548775,-0.708090960979462
2239.34423828125,3.63830637931824,-0.717983484268188,-0.38981032371521,19.773509979248,87.0216598510742,358.179504394531,-0.113734595477581,-0.680159568786621,0.129550352692604,-0.712505578994751
2239.84545898438,3.63830637931824,-0.717983484268188,-0.389810025691986,19.7735214233398,87.0216445922852,358.179443359375,-0.113734446465969,-0.680159509181976,0.129550650715828,-0.712505578994751
2240.34692382813,3.63830637931824,-0.717983484268188,-0.38981032371521,19.7735214233398,87.0216445922852,358.179443359375,-0.113734446465969,-0.680159509181976,0.129550650715828,-0.712505578994751
2240.84741210938,3.63830637931824,-0.717983484268188,-0.38981032371521,19.9626159667969,92.1505355834961,356.885375976563,-0.100916817784309,-0.712355971336365,0.143360406160355,-0.679567933082581
2241.349609375,3.63831090927124,-0.717983484268188,-0.38981032371521,19.9625358581543,92.1506881713867,356.885437011719,-0.100916370749474,-0.712356865406036,0.143359839916229,-0.679567158222198
2241.8505859375,3.63830637931824,-0.717983484268188,-0.389810025691986,19.9625511169434,92.150764465332,356.885437011719,-0.100916370749474,-0.712357342243195,0.143359959125519,-0.67956668138504
2242.35205078125,3.63830637931824,-0.717983484268188,-0.389810025691986,19.9625720977783,92.1504135131836,356.885375976563,-0.100916557013988,-0.712355315685272,0.143360167741776,-0.679568767547607
2242.85375976563,3.63830637931824,-0.717983484268188,-0.389807045459747,19.9626235961914,92.1504669189453,356.885314941406,-0.100916534662247,-0.712355613708496,0.143360793590546,-0.679568290710449
2243.35473632813,3.63830637931824,-0.717983484268188,-0.389807045459747,19.9625415802002,92.1503143310547,356.885284423828,-0.100916050374508,-0.712354779243469,0.143360316753387,-0.67956930398941
2243.85571289063,3.63830637931824,-0.717983484268188,-0.389807045459747,19.962423324585,92.1508560180664,356.885406494141,-0.100915297865868,-0.712358057498932,0.143359452486038,-0.679566204547882
2244.35717773438,3.63830208778381,-0.717983484268188,-0.389807045459747,19.9624977111816,92.1506881713867,356.885345458984,-0.100915670394897,-0.712357044219971,0.143360033631325,-0.679567098617554
2244.85815429688,3.63830208778381,-0.717983484268188,-0.389807045459747,19.9626331329346,92.1506576538086,356.885345458984,-0.100916504859924,-0.712356746196747,0.14336085319519,-0.679567158222198
2245.35913085938,3.63830208778381,-0.717983484268188,-0.389807045459747,19.9626865386963,92.1503753662109,356.885284423828,-0.100916840136051,-0.712355017662048,0.143361270427704,-0.679568767547607
2245.8603515625,3.63830637931824,-0.717983484268188,-0.389807045459747,19.9626884460449,92.1503067016602,356.885284423828,-0.100916914641857,-0.712354600429535,0.143361240625381,-0.679569184780121
2246.361328125,3.63830637931824,-0.717983484268188,-0.389807045459747,19.9626884460449,92.1503067016602,356.885284423828,-0.100916914641857,-0.712354600429535,0.143361240625381,-0.679569184780121
2246.86303710938,3.63830637931824,-0.717983484268188,-0.389807045459747,19.9626884460449,92.1503067016602,356.885284423828,-0.100916914641857,-0.712354600429535,0.143361240625381,-0.679569184780121
2247.36450195313,3.63830208778381,-0.717983484268188,-0.389807045459747,19.9626884460449,92.1503067016602,356.885284423828,-0.100916914641857,-0.712354600429535,0.143361240625381,-0.679569184780121
2247.86547851563,3.63830637931824,-0.717983484268188,-0.389807045459747,19.9626884460449,92.1503067016602,356.885284423828,-0.100916914641857,-0.712354600429535,0.143361240625381,-0.679569184780121
2248.36572265625,3.63830637931824,-0.717983484268188,-0.389807045459747,19.9626884460449,92.1503067016602,356.885284423828,-0.100916914641857,-0.712354600429535,0.143361240625381,-0.679569184780121
2248.92553710938,3.63831090927124,-0.717983484268188,-0.389807343482971,19.9626884460449,92.1503067016602,356.885284423828,-0.100916914641857,-0.712354600429535,0.143361240625381,-0.679569184780121
2249.43603515625,3.63830208778381,-0.717983484268188,-0.389806777238846,19.9626884460449,92.1503067016602,356.885284423828,-0.100916914641857,-0.712354600429535,0.143361240625381,-0.679569184780121
2249.93725585938,3.63831090927124,-0.717983484268188,-0.389807045459747,19.9626884460449,92.1503067016602,356.885284423828,-0.100916914641857,-0.712354600429535,0.143361240625381,-0.679569184780121
2250.43823242188,3.63830208778381,-0.717983484268188,-0.389807045459747,19.9626884460449,92.1503067016602,356.885284423828,-0.100916914641857,-0.712354600429535,0.143361240625381,-0.679569184780121
2250.93994140625,3.63831090927124,-0.717983484268188,-0.389807045459747,19.9626884460449,92.1503067016602,356.885284423828,-0.100916914641857,-0.712354600429535,0.143361240625381,-0.679569184780121
2251.44140625,3.63830637931824,-0.717983484268188,-0.389807045459747,19.9626884460449,92.1503067016602,356.885284423828,-0.100916914641857,-0.712354600429535,0.143361240625381,-0.679569184780121
2251.9853515625,3.63831090927124,-0.717983484268188,-0.389807045459747,19.9626884460449,92.1503067016602,356.885284423828,-0.100916914641857,-0.712354600429535,0.143361240625381,-0.679569184780121
2252.51000976563,3.63830637931824,-0.717983484268188,-0.389807045459747,19.9626884460449,92.1503067016602,356.885284423828,-0.100916914641857,-0.712354600429535,0.143361240625381,-0.679569184780121
2253.01220703125,3.63830208778381,-0.717983484268188,-0.389807045459747,19.9626884460449,92.1503067016602,356.885284423828,-0.100916914641857,-0.712354600429535,0.143361240625381,-0.679569184780121
2253.51513671875,3.63830208778381,-0.717983484268188,-0.389806777238846,19.9626884460449,92.1503067016602,356.885284423828,-0.100916914641857,-0.712354600429535,0.143361240625381,-0.679569184780121
2254.0166015625,3.63830637931824,-0.717983484268188,-0.389807045459747,19.9626884460449,92.1503067016602,356.885284423828,-0.100916914641857,-0.712354600429535,0.143361240625381,-0.679569184780121
2254.51782226563,3.63830637931824,-0.717983484268188,-0.389807045459747,19.9626884460449,92.1503067016602,356.885284423828,-0.100916914641857,-0.712354600429535,0.143361240625381,-0.679569184780121
2255.01953125,3.63831090927124,-0.717983484268188,-0.389807045459747,19.9626884460449,92.1503067016602,356.885284423828,-0.100916914641857,-0.712354600429535,0.143361240625381,-0.679569184780121
2255.52124023438,3.63830637931824,-0.717983484268188,-0.389807045459747,19.9626884460449,92.1503067016602,356.885284423828,-0.100916914641857,-0.712354600429535,0.143361240625381,-0.679569184780121
2256.02270507813,3.63830637931824,-0.717983484268188,-0.389807045459747,19.9626884460449,92.1503067016602,356.885284423828,-0.100916914641857,-0.712354600429535,0.143361240625381,-0.679569184780121
2256.52368164063,3.63830637931824,-0.717983484268188,-0.389807045459747,19.9626884460449,92.1503067016602,356.885284423828,-0.100916914641857,-0.712354600429535,0.143361240625381,-0.679569184780121
2257.02465820313,3.63676333427429,-0.719391763210297,-0.417307287454605,17.0575656890869,92.3154144287109,356.937744140625,-0.0836327895522118,-0.71576339006424,0.125231176614761,-0.681913077831268
2257.52587890625,3.63456988334656,-0.721395015716553,-0.456402778625488,16.2534046173096,92.3601303100586,356.950561523438,-0.0788385346531868,-0.716625213623047,0.120198056101799,-0.682484567165375
2258.02685546875,3.63297462463379,-0.722843945026398,-0.484697639942169,10.9802980422974,92.6458206176758,357.017913818359,-0.047316949814558,-0.72140109539032,0.0870598405599594,-0.685392022132874
2258.52856445313,3.63306999206543,-0.722751259803772,-0.48289543390274,14.3595848083496,92.4643936157227,356.978088378906,-0.0675331726670265,-0.718517124652863,0.108322009444237,-0.683695018291473
2259.02978515625,3.63234162330627,-0.723549425601959,-0.493619918823242,24.9265060424805,91.8524856567383,356.771484375,-0.130294799804688,-0.705465018749237,0.174121633172035,-0.674554765224457
2259.53149414063,3.62764692306519,-0.722795724868774,-0.493376344442368,20.4353275299072,92.1227035522461,356.875732421875,-0.1037228256464,-0.711755514144897,0.146302819252014,-0.679147362709045
2260.0322265625,3.62798070907593,-0.722711205482483,-0.48365131020546,19.7931175231934,92.1602401733398,356.888580322266,-0.0999093353748322,-0.712567090988159,0.142305672168732,-0.679717183113098
2260.53344726563,3.62756037712097,-0.723099708557129,-0.491218656301498,19.7948570251465,92.1603012084961,356.888580322266,-0.0999196320772171,-0.712565898895264,0.142316535115242,-0.679714679718018
2261.03564453125,3.62755608558655,-0.723102927207947,-0.491277724504471,19.7855587005615,92.1611022949219,356.888793945313,-0.0998642295598984,-0.712578952312469,0.142258688807487,-0.679721176624298
2261.56372070313,3.62755608558655,-0.723102927207947,-0.491277724504471,19.7855319976807,92.1609268188477,356.888793945313,-0.0998644158244133,-0.712577939033508,0.142258256673813,-0.679722309112549
2262.0654296875,3.62755608558655,-0.723102927207947,-0.491277724504471,19.7853584289551,92.1607131958008,356.888946533203,-0.0998644530773163,-0.712576687335968,0.142256230115891,-0.679723978042603
2262.56616210938,3.62755608558655,-0.723102927207947,-0.491274476051331,19.7852973937988,92.1605758666992,356.888946533203,-0.0998643636703491,-0.712575972080231,0.142255619168282,-0.679724991321564
2263.0673828125,3.62755608558655,-0.723102927207947,-0.491265535354614,19.7854061126709,92.1607284545898,356.888946533203,-0.0998646765947342,-0.712576746940613,0.142256513237953,-0.679723858833313
2263.56811523438,3.62755608558655,-0.723102927207947,-0.491265267133713,19.7853107452393,92.1604156494141,356.888946533203,-0.099864587187767,-0.71257495880127,0.142255619168282,-0.67972594499588
2264.07006835938,3.62755155563354,-0.723102927207947,-0.491265267133713,19.7852668762207,92.1608734130859,356.889038085938,-0.0998643636703491,-0.712577641010284,0.142255172133446,-0.679723262786865
2264.57055664063,3.62756037712097,-0.723102927207947,-0.491265267133713,19.7853240966797,92.160514831543,356.888977050781,-0.0998647958040237,-0.712575495243073,0.142255544662476,-0.679725348949432
2265.07153320313,3.62755608558655,-0.723102927207947,-0.491265267133713,19.7854957580566,92.1602630615234,356.888916015625,-0.0998656079173088,-0.712573945522308,0.142256900668144,-0.679726600646973
2265.57348632813,3.62755608558655,-0.723102927207947,-0.491265267133713,19.7856025695801,92.1603546142578,356.888916015625,-0.0998662188649178,-0.712574362754822,0.142257541418076,-0.67972594499588
2266.07495117188,3.62755155563354,-0.723102927207947,-0.491265267133713,19.7855834960938,92.1602325439453,356.888854980469,-0.0998659133911133,-0.712573766708374,0.142257675528526,-0.679726660251617
2266.57568359375,3.62755608558655,-0.723102927207947,-0.491265267133713,19.7855472564697,92.1602478027344,356.888885498047,-0.0998658165335655,-0.712573826313019,0.142257288098335,-0.679726660251617
2267.095703125,3.62756037712097,-0.723102927207947,-0.491265267133713,19.7855472564697,92.1602478027344,356.888885498047,-0.0998658165335655,-0.712573826313019,0.142257288098335,-0.679726660251617
2267.6220703125,3.62755608558655,-0.723102927207947,-0.491265267133713,19.7855472564697,92.1602478027344,356.888885498047,-0.0998658165335655,-0.712573826313019,0.142257288098335,-0.679726660251617
2268.12329101563,3.62755608558655,-0.723102927207947,-0.491265267133713,19.7855472564697,92.1602478027344,356.888885498047,-0.0998658165335655,-0.712573826313019,0.142257288098335,-0.679726660251617
2268.62426757813,3.62755608558655,-0.723102927207947,-0.491265267133713,19.7855472564697,92.1602478027344,356.888885498047,-0.0998658165335655,-0.712573826313019,0.142257288098335,-0.679726660251617
2269.12524414063,3.62755155563354,-0.723102927207947,-0.491265267133713,19.7855472564697,92.1602478027344,356.888885498047,-0.0998658165335655,-0.712573826313019,0.142257288098335,-0.679726660251617
2269.62646484375,3.62756037712097,-0.723102927207947,-0.491265267133713,19.7855472564697,92.1602478027344,356.888885498047,-0.0998658165335655,-0.712573826313019,0.142257288098335,-0.679726660251617
2270.12817382813,3.62755608558655,-0.723102927207947,-0.491265267133713,19.7855472564697,92.1602478027344,356.888885498047,-0.0998658165335655,-0.712573826313019,0.142257288098335,-0.679726660251617
2270.66821289063,3.62755608558655,-0.723102927207947,-0.491265267133713,19.7855472564697,92.1602478027344,356.888885498047,-0.0998658165335655,-0.712573826313019,0.142257288098335,-0.679726660251617
2271.19653320313,3.62755608558655,-0.723102927207947,-0.491265267133713,19.7855472564697,92.1602478027344,356.888885498047,-0.0998658165335655,-0.712573826313019,0.142257288098335,-0.679726660251617
2271.69995117188,3.62755155563354,-0.723102927207947,-0.491265267133713,19.7855472564697,92.1602478027344,356.888885498047,-0.0998658165335655,-0.712573826313019,0.142257288098335,-0.679726660251617
2272.20239257813,3.62755608558655,-0.723102927207947,-0.491265267133713,19.7855472564697,92.1602478027344,356.888885498047,-0.0998658165335655,-0.712573826313019,0.142257288098335,-0.679726660251617
2272.70361328125,3.62755608558655,-0.723102927207947,-0.491265267133713,19.7855472564697,92.1602478027344,356.888885498047,-0.0998658165335655,-0.712573826313019,0.142257288098335,-0.679726660251617
2273.20629882813,3.62755608558655,-0.723102927207947,-0.491265267133713,19.7855472564697,92.1602478027344,356.888885498047,-0.0998658165335655,-0.712573826313019,0.142257288098335,-0.679726660251617
2273.70654296875,3.62755155563354,-0.723102927207947,-0.491265267133713,19.7855472564697,92.1602478027344,356.888885498047,-0.0998658165335655,-0.712573826313019,0.142257288098335,-0.679726660251617
2274.20751953125,3.62755608558655,-0.723102927207947,-0.491265267133713,19.7855472564697,92.1602478027344,356.888885498047,-0.0998658165335655,-0.712573826313019,0.142257288098335,-0.679726660251617
2274.70922851563,3.62755608558655,-0.723102927207947,-0.491265267133713,19.7855472564697,92.1602478027344,356.888885498047,-0.0998658165335655,-0.712573826313019,0.142257288098335,-0.679726660251617
2275.21044921875,3.62755608558655,-0.723102927207947,-0.491264998912811,19.7855472564697,92.1602478027344,356.888885498047,-0.0998658165335655,-0.712573826313019,0.142257288098335,-0.679726660251617
2275.71166992188,3.62756037712097,-0.723102927207947,-0.491265267133713,19.7855472564697,92.1602478027344,356.888885498047,-0.0998658165335655,-0.712573826313019,0.142257288098335,-0.679726660251617
2276.21313476563,3.62755608558655,-0.723102927207947,-0.491265267133713,19.7855472564697,92.1602478027344,356.888885498047,-0.0998658165335655,-0.712573826313019,0.142257288098335,-0.679726660251617
2276.71459960938,3.62755608558655,-0.723102927207947,-0.491265267133713,19.7855472564697,92.1602478027344,356.888885498047,-0.0998658165335655,-0.712573826313019,0.142257288098335,-0.679726660251617
2277.21557617188,3.62755155563354,-0.723102927207947,-0.491265267133713,19.7855472564697,92.1602478027344,356.888885498047,-0.0998658165335655,-0.712573826313019,0.142257288098335,-0.679726660251617
2277.716796875,3.62755608558655,-0.723102927207947,-0.491265267133713,19.7855472564697,92.1602478027344,356.888885498047,-0.0998658165335655,-0.712573826313019,0.142257288098335,-0.679726660251617
2278.24462890625,3.62755608558655,-0.723102927207947,-0.491265267133713,19.7855472564697,92.1602478027344,356.888885498047,-0.0998658165335655,-0.712573826313019,0.142257288098335,-0.679726660251617
2278.74731445313,3.62756037712097,-0.723102927207947,-0.491265267133713,19.7855472564697,92.1602478027344,356.888885498047,-0.0998658165335655,-0.712573826313019,0.142257288098335,-0.679726660251617
2279.24926757813,3.62755155563354,-0.723102927207947,-0.491265267133713,19.7855472564697,92.1602478027344,356.888885498047,-0.0998658165335655,-0.712573826313019,0.142257288098335,-0.679726660251617
2279.75,3.62755608558655,-0.723102927207947,-0.491265267133713,19.7855472564697,92.1602478027344,356.888885498047,-0.0998658165335655,-0.712573826313019,0.142257288098335,-0.679726660251617
2280.2509765625,3.62755608558655,-0.723102927207947,-0.491265267133713,19.7855472564697,92.1602478027344,356.888885498047,-0.0998658165335655,-0.712573826313019,0.142257288098335,-0.679726660251617
2280.75268554688,3.62755608558655,-0.723102927207947,-0.491265267133713,19.7855472564697,92.1602478027344,356.888885498047,-0.0998658165335655,-0.712573826313019,0.142257288098335,-0.679726660251617
2281.25415039063,3.62755608558655,-0.723102927207947,-0.491265267133713,19.7855472564697,92.1602478027344,356.888885498047,-0.0998658165335655,-0.712573826313019,0.142257288098335,-0.679726660251617
2281.75512695313,3.62755608558655,-0.723102927207947,-0.491265267133713,19.7855472564697,92.1602478027344,356.888885498047,-0.0998658165335655,-0.712573826313019,0.142257288098335,-0.679726660251617
2282.25610351563,3.62755608558655,-0.723102927207947,-0.491265267133713,19.7855472564697,92.1602478027344,356.888885498047,-0.0998658165335655,-0.712573826313019,0.142257288098335,-0.679726660251617
2282.75708007813,3.62755155563354,-0.723102927207947,-0.491265267133713,19.7855472564697,92.1602478027344,356.888885498047,-0.0998658165335655,-0.712573826313019,0.142257288098335,-0.679726660251617
2283.25854492188,3.62755608558655,-0.723102927207947,-0.491265267133713,19.7855472564697,92.1602478027344,356.888885498047,-0.0998658165335655,-0.712573826313019,0.142257288098335,-0.679726660251617
2283.76025390625,3.62755608558655,-0.723102927207947,-0.491265267133713,19.7855472564697,92.1602478027344,356.888885498047,-0.0998658165335655,-0.712573826313019,0.142257288098335,-0.679726660251617
2284.26123046875,3.62755608558655,-0.723102927207947,-0.491265267133713,19.7855472564697,92.1602478027344,356.888885498047,-0.0998658165335655,-0.712573826313019,0.142257288098335,-0.679726660251617
2284.76220703125,3.62755608558655,-0.723102927207947,-0.491265267133713,19.7855472564697,92.1602478027344,356.888885498047,-0.0998658165335655,-0.712573826313019,0.142257288098335,-0.679726660251617
2285.26342773438,3.62755608558655,-0.723102927207947,-0.491265267133713,19.7855472564697,92.1602478027344,356.888885498047,-0.0998658165335655,-0.712573826313019,0.142257288098335,-0.679726660251617
2285.76489257813,3.62755608558655,-0.723102927207947,-0.491265267133713,19.7855472564697,92.1602478027344,356.888885498047,-0.0998658165335655,-0.712573826313019,0.142257288098335,-0.679726660251617
2286.26586914063,3.62755608558655,-0.723102927207947,-0.491265267133713,19.7855472564697,92.1602478027344,356.888885498047,-0.0998658165335655,-0.712573826313019,0.142257288098335,-0.679726660251617
2286.7666015625,3.62755608558655,-0.723102927207947,-0.491264998912811,19.7855472564697,92.1602478027344,356.888885498047,-0.0998658165335655,-0.712573826313019,0.142257288098335,-0.679726660251617
2287.26782226563,3.62756037712097,-0.723102927207947,-0.491265267133713,19.7855472564697,92.1602478027344,356.888885498047,-0.0998658165335655,-0.712573826313019,0.142257288098335,-0.679726660251617
2287.76928710938,3.62755608558655,-0.723102927207947,-0.491265267133713,19.7855472564697,92.1602478027344,356.888885498047,-0.0998658165335655,-0.712573826313019,0.142257288098335,-0.679726660251617
2288.27099609375,3.62755155563354,-0.723102927207947,-0.491265267133713,19.7855472564697,92.1602478027344,356.888885498047,-0.0998658165335655,-0.712573826313019,0.142257288098335,-0.679726660251617
2288.77221679688,3.62755608558655,-0.723102927207947,-0.491265267133713,19.7855472564697,92.1602478027344,356.888885498047,-0.0998658165335655,-0.712573826313019,0.142257288098335,-0.679726660251617
2289.27294921875,3.62755608558655,-0.723102927207947,-0.491265267133713,19.7855472564697,92.1602478027344,356.888885498047,-0.0998658165335655,-0.712573826313019,0.142257288098335,-0.679726660251617
2289.77392578125,3.62755608558655,-0.723102927207947,-0.491265267133713,19.7855472564697,92.1602478027344,356.888885498047,-0.0998658165335655,-0.712573826313019,0.142257288098335,-0.679726660251617
2290.27563476563,3.62755608558655,-0.723102927207947,-0.491265267133713,19.7855472564697,92.1602478027344,356.888885498047,-0.0998658165335655,-0.712573826313019,0.142257288098335,-0.679726660251617
2290.80322265625,3.62756037712097,-0.723102927207947,-0.491265267133713,19.7855472564697,92.1602478027344,356.888885498047,-0.0998658165335655,-0.712573826313019,0.142257288098335,-0.679726660251617
2291.31494140625,3.62755608558655,-0.723102927207947,-0.491265267133713,19.7855472564697,92.1602478027344,356.888885498047,-0.0998658165335655,-0.712573826313019,0.142257288098335,-0.679726660251617
2291.81762695313,3.62755155563354,-0.723102927207947,-0.491265267133713,19.7855472564697,92.1602478027344,356.888885498047,-0.0998658165335655,-0.712573826313019,0.142257288098335,-0.679726660251617
2292.3193359375,3.62755608558655,-0.723102927207947,-0.491265267133713,19.7855472564697,92.1602478027344,356.888885498047,-0.0998658165335655,-0.712573826313019,0.142257288098335,-0.679726660251617
2292.81982421875,3.62755608558655,-0.723102927207947,-0.491265267133713,19.7855472564697,92.1602478027344,356.888885498047,-0.0998658165335655,-0.712573826313019,0.142257288098335,-0.679726660251617
2293.39331054688,3.62756037712097,-0.723102927207947,-0.491265267133713,19.7855472564697,92.1602478027344,356.888885498047,-0.0998658165335655,-0.712573826313019,0.142257288098335,-0.679726660251617
2293.91064453125,3.62755608558655,-0.723103523254395,-0.491264998912811,19.7855472564697,92.1602478027344,356.888885498047,-0.0998658165335655,-0.712573826313019,0.142257288098335,-0.679726660251617
2294.41772460938,3.62755608558655,-0.723102927207947,-0.491265267133713,19.7855472564697,92.1602478027344,356.888885498047,-0.0998658165335655,-0.712573826313019,0.142257288098335,-0.679726660251617
2294.92016601563,3.62755608558655,-0.723102927207947,-0.491265267133713,19.7855472564697,92.1602478027344,356.888885498047,-0.0998658165335655,-0.712573826313019,0.142257288098335,-0.679726660251617
2295.42236328125,3.62755608558655,-0.723102927207947,-0.491265267133713,19.7855472564697,92.1602478027344,356.888885498047,-0.0998658165335655,-0.712573826313019,0.142257288098335,-0.679726660251617
2295.9248046875,3.62756037712097,-0.723102927207947,-0.491265267133713,19.7855472564697,92.1602478027344,356.888885498047,-0.0998658165335655,-0.712573826313019,0.142257288098335,-0.679726660251617
2296.42700195313,3.62755608558655,-0.723102927207947,-0.491265267133713,19.7855472564697,92.1602478027344,356.888885498047,-0.0998658165335655,-0.712573826313019,0.142257288098335,-0.679726660251617
2296.9287109375,3.62756037712097,-0.723102927207947,-0.491265267133713,19.7855472564697,92.1602478027344,356.888885498047,-0.0998658165335655,-0.712573826313019,0.142257288098335,-0.679726660251617
2297.42993164063,3.62756037712097,-0.723102927207947,-0.491265267133713,19.7855472564697,92.1602478027344,356.888885498047,-0.0998658165335655,-0.712573826313019,0.142257288098335,-0.679726660251617
2297.93090820313,3.62755608558655,-0.723102927207947,-0.491265267133713,19.7855472564697,92.1602478027344,356.888885498047,-0.0998658165335655,-0.712573826313019,0.142257288098335,-0.679726660251617
2298.43237304688,3.62755608558655,-0.723102927207947,-0.491265267133713,19.7855472564697,92.1602478027344,356.888885498047,-0.0998658165335655,-0.712573826313019,0.142257288098335,-0.679726660251617
2298.93408203125,3.62755155563354,-0.723102927207947,-0.491265267133713,20.3753700256348,92.1260375976563,356.877136230469,-0.103368327021599,-0.711830973625183,0.145928561687469,-0.679202854633331
2299.43408203125,3.63110613822937,-0.719861567020416,-0.42800036072731,23.3927211761475,91.9468841552734,356.810302734375,-0.12124165892601,-0.707736372947693,0.164647683501244,-0.676240265369415
2299.93505859375,3.63428807258606,-0.716958284378052,-0.371310383081436,25.9695701599121,91.7876510620117,356.743682861328,-0.136440321803093,-0.703851342201233,0.180544853210449,-0.673335611820221
2300.4365234375,3.63509011268616,-0.716223478317261,-0.356956511735916,24.8280448913574,91.8589248657227,356.774291992188,-0.129715234041214,-0.705616176128387,0.173513382673264,-0.674665093421936
2300.93798828125,3.6366982460022,-0.714753985404968,-0.32827365398407,22.6165752410889,91.9938659667969,356.82861328125,-0.116651333868504,-0.708837747573853,0.159843102097511,-0.677046298980713
2301.43896484375,3.63877463340759,-0.712868273258209,-0.291453987360001,22.2295417785645,92.0171890258789,356.837493896484,-0.114360570907593,-0.709375262260437,0.157444283366203,-0.677436172962189
2301.94067382813,3.64042186737061,-0.711364090442657,-0.262072682380676,21.2364635467529,92.0758590698242,356.859191894531,-0.108476221561432,-0.710713982582092,0.151281952857971,-0.678404271602631
2302.44116210938,3.64190888404846,-0.710012674331665,-0.235680013895035,20.5240535736084,92.1177597045898,356.874114990234,-0.104250282049179,-0.711643040180206,0.14685383439064,-0.679065585136414
2302.94287109375,3.64245057106018,-0.709520697593689,-0.226085290312767,19.4663639068604,92.178825378418,356.894958496094,-0.0979685038328171,-0.712969064712524,0.140269756317139,-0.680001318454742
2303.44384765625,3.64293622970581,-0.709077954292297,-0.217432588338852,19.2570457458496,92.1908645629883,356.89892578125,-0.0967242568731308,-0.713224530220032,0.138965398073196,-0.680179357528687
2303.94506835938,3.64346075057983,-0.708603322505951,-0.208146184682846,18.3647422790527,92.2417449951172,356.915405273438,-0.091417521238327,-0.714286148548126,0.133399128913879,-0.680913209915161
2304.44604492188,3.6443145275116,-0.707819223403931,-0.192840799689293,17.5770835876465,92.2864227294922,356.929107666016,-0.0867279767990112,-0.715188443660736,0.128479421138763,-0.681525409221649
2304.94750976563,3.64454436302185,-0.707613348960876,-0.188829138875008,18.3271541595459,85.5758666992188,356.980560302734,-0.0991628989577293,-0.673463881015778,0.127229616045952,-0.721405386924744
2305.44897460938,3.64454436302185,-0.707613348960876,-0.188829138875008,17.1988964080811,73.2249374389648,351.710815429688,-0.0770892277359962,-0.59682708978653,0.146304920315742,-0.785143077373505
2305.94995117188,3.64454436302185,-0.707613348960876,-0.188829138875008,15.5540037155151,61.2839546203613,355.578491210938,-0.0968566313385963,-0.509099245071411,0.101800255477428,-0.849160432815552
2306.45166015625,3.64454436302185,-0.707613348960876,-0.188828870654106,13.9973421096802,47.4063148498535,350.273193359375,-0.0773380398750305,-0.407025158405304,0.125855758786201,-0.901393234729767
2306.95288085938,3.64454436302185,-0.707613348960876,-0.188829138875008,12.6540336608887,39.2565307617188,350.922668457031,-0.0770539790391922,-0.34103712439537,0.110982656478882,-0.930289924144745
2307.45385742188,3.64454436302185,-0.707613348960876,-0.188829138875008,11.3139686584473,30.8747711181641,350.643341064453,-0.0730950236320496,-0.271755963563919,0.104387283325195,-0.953891634941101
2307.955078125,3.64454436302185,-0.707612812519073,-0.188829138875008,9.04078578948975,18.0980949401855,349.334350585938,-0.0629238337278366,-0.163345873355865,0.103840857744217,-0.97906881570816
2308.4560546875,3.64454436302185,-0.707613348960876,-0.188829138875008,7.49591684341431,10.0996065139771,348.186401367188,-0.0557291358709335,-0.0940679460763931,0.108015239238739,-0.988118588924408
2308.95776367188,3.64454436302185,-0.707613348960876,-0.188829138875008,5.5836877822876,359.603454589844,350.979248046875,-0.0488282702863216,-0.000384581624530256,0.0783778727054596,-0.995727181434631
2309.45922851563,3.64454436302185,-0.707613348960876,-0.188829138875008,4.75408554077148,353.876129150391,352.853881835938,-0.0446616597473621,0.0506846010684967,0.059967678040266,-0.995911836624146
2309.95947265625,3.64454436302185,-0.707613348960876,-0.188829138875008,4.30148553848267,348.936340332031,357.633666992188,-0.0393350943922997,0.0955389514565468,0.0169211849570274,-0.994504272937775
2310.4619140625,3.64454436302185,-0.707613348960876,-0.188829138875008,4.29229497909546,348.596923828125,0.21139095723629,-0.0370801202952862,0.0993452742695808,-0.0055546946823597,-0.994346380233765
2310.96215820313,3.64454436302185,-0.707613348960876,-0.188829138875008,4.2922739982605,348.597015380859,0.211391985416412,-0.0370799377560616,0.0993446409702301,-0.00555466115474701,-0.994346499443054
2311.4638671875,3.64454436302185,-0.707613348960876,-0.188829138875008,4.29183101654053,348.809600830078,359.83154296875,-0.037409320473671,0.0973763838410378,-0.00218881876207888,-0.994541943073273
2311.96508789063,3.64454436302185,-0.707613348960876,-0.188829138875008,4.29183101654053,348.8095703125,359.83154296875,-0.0374093130230904,0.0973763987421989,-0.00218888162635267,-0.994541943073273
2312.46508789063,3.64454436302185,-0.707613348960876,-0.188829138875008,4.38456392288208,351.931701660156,356.030822753906,-0.040570043027401,0.0689358487725258,0.0318299643695354,-0.996287524700165
2312.96630859375,3.64454436302185,-0.707612812519073,-0.188829138875008,4.5066032409668,353.5361328125,354.319641113281,-0.0419980175793171,0.0543201602995396,0.0472191721200943,-0.996521949768066
2313.4677734375,3.66598916053772,-0.709750413894653,-0.186569854617119,5.22635984420776,353.464233398438,354.313568115234,-0.0482872761785984,0.0546172261238098,0.0468752644956112,-0.99623692035675
2313.96875,3.73093438148499,-0.716225683689117,-0.179724529385567,1.16022896766663,353.868865966797,354.336120605469,-0.012739971280098,0.0529112629592419,0.0487925820052624,-0.997325122356415
2314.47094726563,3.78232002258301,-0.721342980861664,-0.174273416399956,0.878871321678162,351.752960205078,354.661163330078,-0.0109902201220393,0.0714705884456635,0.0459005385637283,-0.996325373649597
2314.97241210938,3.8085503578186,-0.723546743392944,-0.1686150431633,0.88810133934021,343.269256591797,355.002685546875,-0.014002688229084,0.14500817656517,0.042004331946373,-0.9884392619133
2315.47412109375,3.8556444644928,-0.728130877017975,-0.152536138892174,1.96029591560364,340.265991210938,354.654876708984,-0.0248237270861864,0.170364499092102,0.0430036000907421,-0.984129309654236
2315.97509765625,3.91369295120239,-0.733881652355194,-0.131917268037796,2.38023018836975,340.150573730469,355.049255371094,-0.0278823748230934,0.171272456645966,0.0389579720795155,-0.984058260917664
2316.47583007813,3.96486616134644,-0.73712956905365,-0.113401897251606,2.11535501480103,339.305450439453,2.57327032089233,-0.0141217485070229,0.179945737123489,-0.0253998432308435,-0.98324716091156
2316.97729492188,4.00249719619751,-0.735321879386902,-0.0991133153438568,2.00111532211304,339.300354003906,2.57307291030884,-0.0131405498832464,0.179970726370811,-0.0252201426774263,-0.983260869979858
2317.4775390625,4.01570987701416,-0.734687387943268,-0.094096764922142,2.56011390686035,339.325592041016,2.57406568527222,-0.017941776663065,0.179844528436661,-0.0260985679924488,-0.983185052871704
2317.978515625,4.01571464538574,-0.734686851501465,-0.094096764922142,2.56012892723083,339.325500488281,2.57405948638916,-0.0179418958723545,0.179845362901688,-0.0260985530912876,-0.983184933662415
2318.47998046875,4.04430723190308,-0.733313202857971,-0.0832414105534554,1.04602134227753,339.25732421875,2.57194375991821,-0.00493662711232901,0.18017590045929,-0.0237178653478622,-0.983336091041565
2318.98168945313,4.12410402297974,-0.728961527347565,-0.0527633875608444,357.288726806641,338.391235351563,3.97919273376465,0.0297309570014477,0.186484336853027,-0.0296608489006758,-0.981559932231903
2319.48266601563,4.15373706817627,-0.725272536277771,-0.038481030613184,357.200164794922,327.83740234375,9.04907703399658,0.0452466383576393,0.274203509092331,-0.0690303146839142,-0.95812314748764
2319.984375,4.17400693893433,-0.721213459968567,-0.0254790894687176,357.656311035156,325.526916503906,10.3232955932617,0.0461064279079437,0.293296605348587,-0.0798720940947533,-0.951562821865082
2320.48510742188,4.18393802642822,-0.719032526016235,-0.0187686905264854,357.133056640625,325.431457519531,10.3276309967041,0.0505225099623203,0.293664336204529,-0.0785098895430565,-0.951338529586792
2320.986328125,4.17570638656616,-0.720839619636536,-0.0243287198245525,357.212310791016,325.445892333984,10.32692527771,0.0498535670340061,0.293609410524368,-0.0787164270877838,-0.951373696327209
2321.48779296875,4.17526435852051,-0.720936059951782,-0.0246248468756676,356.89453125,325.387969970703,10.3299264907837,0.05253516882658,0.293829470872879,-0.0778886675834656,-0.951229572296143
2321.9892578125,4.17464876174927,-0.721071004867554,-0.0250396393239498,356.978729248047,325.403289794922,10.3291358947754,0.051824864000082,0.293771654367447,-0.0781083181500435,-0.951268374919891
2322.490234375,4.17086839675903,-0.721900582313538,-0.0275923442095518,357.664367675781,325.528350830078,10.3231725692749,0.0460381284356117,0.293291211128235,-0.0798925682902336,-0.951566100120544
2322.9912109375,4.17087268829346,-0.721900582313538,-0.0275923442095518,357.664398193359,325.528198242188,10.3232116699219,0.0460380613803864,0.293292582035065,-0.0798929110169411,-0.951565623283386
2323.49243164063,4.17086839675903,-0.721901118755341,-0.0275920741260052,357.664306640625,325.528503417969,10.3231410980225,0.0460385456681252,0.293289870023727,-0.0798921808600426,-0.951566517353058
2323.9931640625,4.17087268829346,-0.721901118755341,-0.0275920741260052,357.664245605469,325.528717041016,10.3231258392334,0.0460387654602528,0.293288141489029,-0.0798920094966888,-0.951567053794861
2324.49438476563,4.17087268829346,-0.721900582313538,-0.0275923442095518,357.664184570313,325.528961181641,10.323073387146,0.0460390374064445,0.293285965919495,-0.0798914805054665,-0.951567709445953
2324.99536132813,4.17087268829346,-0.721900582313538,-0.0275923442095518,357.664123535156,325.529144287109,10.3229694366455,0.0460392385721207,0.293284565210342,-0.0798905119299889,-0.951568245887756
2325.49658203125,4.17087745666504,-0.721900582313538,-0.0275923442095518,357.664093017578,325.529113769531,10.322958946228,0.0460394434630871,0.293284863233566,-0.0798903480172157,-0.951568186283112
2325.99780273438,4.17087268829346,-0.721900582313538,-0.0275923442095518,357.664123535156,325.529205322266,10.3229207992554,0.0460388734936714,0.293283939361572,-0.0798901915550232,-0.951568424701691
2326.49877929688,4.17087268829346,-0.721900582313538,-0.0275923442095518,357.664154052734,325.529418945313,10.3228797912598,0.0460385791957378,0.293282359838486,-0.0798899456858635,-0.951568961143494
2326.99975585938,4.17087268829346,-0.721900582313538,-0.0275923442095518,357.664215087891,325.529449462891,10.3228759765625,0.0460379309952259,0.293282181024551,-0.0798901244997978,-0.951569080352783
2327.5009765625,4.17087268829346,-0.721900582313538,-0.0275923442095518,357.664184570313,325.529968261719,10.3227653503418,0.0460375025868416,0.293277859687805,-0.0798893421888351,-0.951570451259613
2328.00244140625,4.17087745666504,-0.721900045871735,-0.0275923442095518,357.664215087891,325.530059814453,10.3227500915527,0.0460372678935528,0.293276995420456,-0.0798892974853516,-0.951570749282837
2328.50366210938,4.17087268829346,-0.721901118755341,-0.0275923442095518,357.664154052734,325.530456542969,10.3227567672729,0.0460373237729073,0.293273776769638,-0.0798894241452217,-0.951571762561798
2329.00537109375,4.17087268829346,-0.721900582313538,-0.0275923442095518,357.664184570313,325.530517578125,10.3228187561035,0.0460373237729073,0.293273359537125,-0.0798899903893471,-0.951571881771088
2329.5068359375,4.17087268829346,-0.721900582313538,-0.0275923442095518,357.664184570313,325.530517578125,10.3228187561035,0.0460373237729073,0.293273359537125,-0.0798899903893471,-0.951571881771088
2330.03442382813,4.17087268829346,-0.721900582313538,-0.0275923442095518,357.664184570313,325.530517578125,10.3228187561035,0.0460373237729073,0.293273359537125,-0.0798899903893471,-0.951571881771088
2330.53564453125,4.17087745666504,-0.721900582313538,-0.0275923442095518,357.664184570313,325.530517578125,10.3228187561035,0.0460373237729073,0.293273359537125,-0.0798899903893471,-0.951571881771088
2331.03686523438,4.17087745666504,-0.721900045871735,-0.0275923442095518,357.664184570313,325.530517578125,10.3228187561035,0.0460373237729073,0.293273359537125,-0.0798899903893471,-0.951571881771088
2331.53833007813,4.17087268829346,-0.721900582313538,-0.0275923442095518,357.664184570313,325.530517578125,10.3228187561035,0.0460373237729073,0.293273359537125,-0.0798899903893471,-0.951571881771088
2332.03930664063,4.17087268829346,-0.721900582313538,-0.0275923442095518,357.664184570313,325.530517578125,10.3228187561035,0.0460373237729073,0.293273359537125,-0.0798899903893471,-0.951571881771088
2332.54077148438,4.17087268829346,-0.721900582313538,-0.0275923442095518,357.664184570313,325.530517578125,10.3228187561035,0.0460373237729073,0.293273359537125,-0.0798899903893471,-0.951571881771088
2333.0419921875,4.17087268829346,-0.721900582313538,-0.0275920741260052,357.664184570313,325.530517578125,10.3228187561035,0.0460373237729073,0.293273359537125,-0.0798899903893471,-0.951571881771088
2333.54321289063,4.17087268829346,-0.721900582313538,-0.0275923442095518,357.664184570313,325.530517578125,10.3228187561035,0.0460373237729073,0.293273359537125,-0.0798899903893471,-0.951571881771088
2334.04443359375,4.17087268829346,-0.721900582313538,-0.0275923442095518,357.664184570313,325.530517578125,10.3228187561035,0.0460373237729073,0.293273359537125,-0.0798899903893471,-0.951571881771088
