Seconds,PositionX,PositionY,PositionZ,RotationX,RotationY,RotationZ,QuatX,QuatY,QuatZ,QuatW
3.84634852409363,-0.289747178554535,0.0396697483956814,0.353227168321609,8.73533916473389,75.5476226806641,1.12430727481842,0.0661861896514893,0.610146999359131,-0.0389143824577332,0.788559377193451
4.35626792907715,-0.299053996801376,0.0414199084043503,0.395414441823959,6.95042324066162,49.5883369445801,0.47967267036438,0.0567807592451572,0.418354481458664,-0.0216268990188837,0.906249284744263
4.8905234336853,-0.303077936172485,0.0411796942353249,0.420391887426376,8.71420669555664,39.7736358642578,0.337368428707123,0.0724402740597725,0.338968306779861,-0.0230824202299118,0.937720715999603
5.41791963577271,-0.261846572160721,0.0310521367937326,0.339389055967331,11.1076793670654,21.5123691558838,358.873901367188,0.0932506546378136,0.186679363250732,-0.0276704020798206,0.977593719959259
5.92644500732422,-0.280441343784332,0.037995632737875,0.30024641752243,9.10963249206543,19.3901863098145,0.603629231452942,0.0791618600487709,0.167458444833755,-0.00819732714444399,0.982661604881287
6.4320912361145,-0.305105179548264,0.0312807895243168,0.338079959154129,11.79176902771,19.0870342254639,1.06742084026337,0.102831237018108,0.16396889090538,-0.00789271760731936,0.981059432029724
6.94883871078491,-0.243698358535767,0.0321572534739971,0.281206399202347,10.7457313537598,19.07395362854,355.724945068359,0.0861258208751678,0.168285593390465,-0.0521245039999485,0.98058420419693
7.49060153961182,-0.201872333884239,0.0243357233703136,0.266502439975739,14.2856378555298,15.6879100799561,355.644836425781,0.11794526129961,0.139999106526375,-0.054306797683239,0.981600701808929
8.03385257720947,-0.192339107394218,0.0236638709902763,0.267861634492874,15.6053247451782,17.5189342498779,354.951904296875,0.127403527498245,0.15663942694664,-0.0637767389416695,0.977325439453125
8.55387401580811,-0.1927520185709,0.0170013885945082,0.28034383058548,18.5097522735596,15.9276704788208,354.716064453125,0.152803003787994,0.143940910696983,-0.0673144310712814,0.975397884845734
9.08293724060059,-0.194511637091637,0.005782516207546,0.300447404384613,21.7453022003174,15.3663549423218,353.796020507813,0.17955456674099,0.141218483448029,-0.0778465569019318,0.970441877841949
9.60335159301758,-0.188840687274933,0.00528880581259727,0.3005430996418,22.9855041503906,16.5736122131348,352.718627929688,0.187797218561172,0.153473258018494,-0.0902351588010788,0.965937793254852
10.1141805648804,-0.194410547614098,0.0145292161032557,0.292358905076981,18.4299793243408,16.0399494171143,354.1357421875,0.151320919394493,0.145648956298828,-0.072312094271183,0.975017607212067
10.6244382858276,-0.217294365167618,0.0272403489798307,0.303718000650406,13.0215129852295,359.867828369141,355.173675537109,0.113337367773056,0.00362923229113221,-0.0417029820382595,0.992674350738525
11.1554584503174,-0.204778268933296,0.0197329614311457,0.30453172326088,16.9479274749756,6.61566305160522,354.722106933594,0.144330814480782,0.0637834891676903,-0.0539571940898895,0.985996425151825
11.6717758178711,-0.196151494979858,0.019630204886198,0.307078868150711,17.3711853027344,10.0873384475708,354.662933349609,0.146218195557594,0.0938161090016365,-0.0591075904667377,0.983018338680267
12.1900205612183,-0.194574117660522,0.0182649120688438,0.314403623342514,17.7760028839111,9.60099411010742,354.802429199219,0.150054231286049,0.0895774737000465,-0.0575568452477455,0.982927680015564
12.733736038208,-0.194149821996689,0.0156520195305347,0.31838783621788,18.8088989257813,9.7882080078125,354.469940185547,0.158557012677193,0.0919235348701477,-0.0613425187766552,0.981145679950714
13.2798538208008,-0.185850664973259,0.0122045995667577,0.327599436044693,19.8483810424805,19.7436447143555,358.317352294922,0.167295217514038,0.17135414481163,-0.0437938012182713,0.969913482666016
13.8142328262329,-0.17889666557312,-0.00398596934974194,0.282321780920029,25.8363437652588,36.4349746704102,358.206726074219,0.207559391856194,0.307998180389404,-0.0843696817755699,0.924628615379333
14.3509817123413,-0.185894548892975,-0.0117489267140627,0.288944751024246,28.7909526824951,32.7770042419434,356.194946289063,0.229307919740677,0.281058013439178,-0.100957661867142,0.926407992839813
14.8845348358154,-0.192549273371696,-0.00646492606028914,0.296341598033905,23.346019744873,30.7373886108398,358.765991210938,0.192284628748894,0.261633813381195,-0.0637878403067589,0.943665981292725
15.4181861877441,-0.191725313663483,-0.0153278131037951,0.294649958610535,27.979133605957,29.812349319458,357.820770263672,0.228821262717247,0.25400447845459,-0.0800057426095009,0.936334192752838
15.9541301727295,-0.186211869120598,-0.00796682201325893,0.285800844430923,27.8487720489502,33.0266342163086,357.718566894531,0.225177556276321,0.280424028635025,-0.0869118645787239,0.929033756256104
16.495512008667,-0.183677583932877,-0.0152688091620803,0.301640927791595,23.9068431854248,33.017993927002,359.702423095703,0.197855442762375,0.278518915176392,-0.06129115447402,0.937829315662384
17.0277423858643,-0.180427119135857,-0.0114387953653932,0.304308921098709,23.1154918670654,34.1265335083008,359.377960205078,0.189972713589668,0.288513243198395,-0.0638730525970459,0.936264276504517
17.5914878845215,-0.184292331337929,-0.012083993293345,0.285022586584091,29.0712795257568,38.6184310913086,358.646362304688,0.233066365122795,0.322857737541199,-0.093776747584343,0.912495970726013
18.1115665435791,-0.190349087119102,-0.00371422013267875,0.297082513570786,24.5839958190918,30.8539123535156,356.683319091797,0.197615787386894,0.265741676092148,-0.0838653594255447,0.939838290214539
18.6323738098145,-0.202410787343979,-0.00341999437659979,0.321249037981033,25.3761100769043,21.5784893035889,356.950836181641,0.210824757814407,0.188301488757133,-0.0665993094444275,0.956901252269745
19.1339111328125,-0.201461121439934,-0.00624336721375585,0.331049263477325,26.2703800201416,15.4630994796753,356.645294189453,0.221252202987671,0.137547299265862,-0.0588054060935974,0.963675379753113
19.6504421234131,-0.199075445532799,-0.0047980616800487,0.325883060693741,26.3299007415771,17.0636959075928,357.422576904297,0.221928864717484,0.149489119648933,-0.055438045412302,0.961939334869385
20.1519966125488,-0.168433710932732,0.0403446555137634,0.273991465568542,3.31762385368347,43.2184066772461,0.407331109046936,0.0282215215265751,0.368021577596664,-0.00735719501972198,0.929359793663025
20.6939010620117,-0.160503059625626,0.0305406805127859,0.25544798374176,10.8290662765503,50.2819519042969,358.838958740234,0.0811318829655647,0.423795074224472,-0.0492180250585079,0.900773525238037
21.2287254333496,-0.122077032923698,0.0135150998830795,0.229878485202789,17.9123649597168,67.0299682617188,358.984313964844,0.124956674873829,0.546552002429962,-0.0932553112506866,0.822781980037689
21.7493190765381,-0.10422895103693,-0.00119617022573948,0.217532441020012,22.9012260437012,68.8316040039063,356.894958496094,0.148704946041107,0.558178782463074,-0.134068965911865,0.80520111322403
22.2859497070313,-0.088996559381485,-0.00329915434122086,0.216118052601814,23.3337745666504,66.5410079956055,356.185913085938,0.151102691888809,0.542587399482727,-0.13812418282032,0.814670920372009
22.8157024383545,-0.0865553170442581,0.00695050321519375,0.240239843726158,19.9297924041748,47.2490272521973,354.180694580078,0.138302519917488,0.40223440527916,-0.115062095224857,0.897686243057251
23.3594665527344,-0.129637688398361,0.0195833146572113,0.267315685749054,13.0661096572876,7.23610401153564,356.561065673828,0.111617274582386,0.0660741105675697,-0.0369282774627209,0.990864336490631
23.9132194519043,-0.188499048352242,0.0257255062460899,0.302428752183914,12.9042768478394,16.0209007263184,357.270294189453,0.107946924865246,0.141082271933556,-0.0390923954546452,0.983318388462067
24.4139404296875,-0.20685276389122,0.0261478815227747,0.311260372400284,13.5352458953857,14.0013427734375,359.363830566406,0.116290576756001,0.121679194271564,-0.0198343172669411,0.985534012317657
24.9142436981201,-0.171434968709946,0.0265998374670744,0.292771875858307,12.851282119751,9.43853855133057,359.236999511719,0.110987395048141,0.0824976563453674,-0.015801414847374,0.990265786647797
25.4167022705078,-0.162504032254219,0.02092170342803,0.298119306564331,14.8395547866821,7.30732583999634,357.684204101563,0.127572134137154,0.0657830312848091,-0.0282255597412586,0.989242792129517
25.9666366577148,-0.168000653386116,0.0198358036577702,0.309796541929245,16.2119121551514,6.92335176467896,358.114349365234,0.139744192361832,0.0620854906737804,-0.0247734561562538,0.987928748130798
26.4933681488037,-0.182112708687782,0.00936397816985846,0.320018261671066,20.3722877502441,1.14870131015778,358.460296630859,0.176689311861992,0.0122412452474236,-0.0149961253628135,0.984076321125031
27.0210361480713,-0.171258673071861,0.0277390610426664,0.303158730268478,10.7760810852051,9.39907932281494,1.31714260578156,0.0945161730051041,0.0804874524474144,0.00371192093007267,0.992257356643677
27.5388126373291,-0.160228222608566,0.0285000056028366,0.294365435838699,11.0765991210938,11.3419923782349,0.687842130661011,0.0966273993253708,0.0977764949202538,-0.00359141384251416,0.990499913692474
28.0454120635986,-0.155848115682602,0.0283295828849077,0.298936247825623,11.3556547164917,11.7650165557861,0.296175628900528,0.0986769571900368,0.101731345057487,-0.00758127402514219,0.989876866340637
28.5716953277588,-0.155233219265938,0.0274781454354525,0.307937353849411,12.0558586120605,12.9475812911987,0.169732421636581,0.104509584605694,0.111970618367195,-0.0103764804080129,0.988146126270294
29.137170791626,-0.156538709998131,0.0273408554494381,0.307454526424408,12.1441431045532,13.3917875289917,0.182484209537506,0.105242356657982,0.115777932107449,-0.0107610728591681,0.987625300884247
29.6570587158203,-0.156272977590561,0.0264965109527111,0.301341980695724,12.3399810791016,13.7847337722778,359.700927734375,0.106390178203583,0.119587518274784,-0.0154739283025265,0.986985564231873
30.1804294586182,-0.154575079679489,0.0269575137645006,0.302046090364456,12.1458978652954,13.9557600021362,359.302551269531,0.104273773729801,0.121441267430782,-0.0188597962260246,0.986926198005676
30.7186985015869,-0.153335094451904,0.025387354195118,0.305484861135483,12.8958616256714,14.0091705322266,359.355590820313,0.110778853297234,0.121802270412445,-0.0192409437149763,0.986165344715118
31.2557582855225,-0.153681635856628,0.025094585493207,0.309983611106873,13.2663955688477,14.3213233947754,359.349212646484,0.113906711339951,0.12446653097868,-0.0199959296733141,0.985461115837097
31.7891407012939,-0.15227384865284,0.0259562022984028,0.311628222465515,13.0047931671143,15.0151653289795,359.231384277344,0.111400716006756,0.13056705892086,-0.0214031394571066,0.984928488731384
32.2897415161133,-0.150962755084038,0.0239062644541264,0.313056409358978,13.9827537536621,15.1443529129028,359.428253173828,0.120004415512085,0.131395608186722,-0.0209486838430166,0.983816683292389
32.8288955688477,-0.151525467634201,0.0238047093153,0.311066061258316,14.0485153198242,15.554292678833,359.367156982422,0.120421156287193,0.134971842169762,-0.0219787787646055,0.98325902223587
33.3622360229492,-0.150225162506104,0.0233260672539473,0.31192472577095,14.2576818466187,15.594500541687,359.120422363281,0.121916651725769,0.135559037327766,-0.0243819747120142,0.982937276363373
33.9523506164551,-0.150495693087578,0.0243169404566288,0.311075627803802,13.8221549987793,15.5821304321289,359.281890869141,0.118372313678265,0.135320574045181,-0.0224753599613905,0.983448684215546
34.5091514587402,-0.148042097687721,0.025282995775342,0.308570116758347,13.6240940093994,15.8240900039673,359.023712158203,0.116314865648746,0.137676998972893,-0.0247058439999819,0.98331356048584
35.0277328491211,-0.147004753351212,0.026758398860693,0.309777200222015,12.5402088165283,17.0334091186523,359.522583007813,0.10739704221487,0.147660568356514,-0.020270224660635,0.982980847358704
35.5420074462891,-0.147443443536758,0.0258840676397085,0.311781078577042,13.0660381317139,16.762056350708,359.532379150391,0.111968867480755,0.145267099142075,-0.0205941926687956,0.982820630073547
36.0570373535156,-0.14830806851387,0.0258475448936224,0.311303228139877,13.0999565124512,16.6462306976318,359.665466308594,0.112448066473007,0.144139438867569,-0.019381994381547,0.982956528663635
36.5610275268555,-0.145831257104874,0.0257857199758291,0.311548799276352,13.1011409759521,16.175479888916,359.150421142578,0.111906088888645,0.140604436397552,-0.023341653868556,0.983444273471832
37.0998764038086,-0.146981552243233,0.0254292190074921,0.315113812685013,13.2261400222778,16.2930927276611,359.444396972656,0.113317780196667,0.141313716769218,-0.021086860448122,0.983231842517853
37.6184425354004,-0.146472319960594,0.0254622958600521,0.317897081375122,13.3009376525879,16.5042533874512,359.383239746094,0.113844014704227,0.143178388476372,-0.0219129379838705,0.982883214950562
38.1364631652832,-0.146159499883652,0.02461545355618,0.320077002048492,13.7314519882202,16.1993885040283,359.228363037109,0.11740580201149,0.140679374337196,-0.0234615467488766,0.982789278030396
38.6450424194336,-0.146193578839302,0.0253136716783047,0.31910502910614,13.4313192367554,16.0703277587891,359.130218505859,0.114737071096897,0.139696657657623,-0.0238098781555891,0.983236193656921
39.1499404907227,-0.146137967705727,0.0255084205418825,0.318620085716248,13.5670032501221,16.1064167022705,359.197326660156,0.115975916385651,0.139927744865417,-0.0234339516609907,0.983067035675049
39.7204780578613,-0.149127155542374,0.0250965096056461,0.318610817193985,13.6875925064087,16.1968994140625,359.537048339844,0.117408558726311,0.140346124768257,-0.0207579676061869,0.982897400856018
40.262508392334,-0.148696079850197,0.024873485788703,0.319274365901947,13.844841003418,16.3837585449219,359.435974121094,0.118597850203514,0.142035409808159,-0.022009614855051,0.982484638690948
40.8037948608398,-0.148896396160126,0.0276913400739431,0.319783985614777,12.5035085678101,16.552713394165,359.614013671875,0.107280567288399,0.143453970551491,-0.018988948315382,0.983641862869263
41.3194923400879,-0.15100784599781,0.0266042109578848,0.317866712808609,13.1901264190674,16.5676822662354,359.902648925781,0.113531582057476,0.143220216035843,-0.0173826795071363,0.983003735542297
41.8677368164063,-0.151610031723976,0.025863990187645,0.317814469337463,13.4353771209717,16.5642261505127,359.958038330078,0.115704968571663,0.143100723624229,-0.0172101426869631,0.982770800590515
42.4070663452148,-0.15169158577919,0.0256749540567398,0.318029940128326,13.2843189239502,16.2403774261475,359.849029541016,0.114323422312737,0.140452742576599,-0.0176336243748665,0.98330682516098
42.9605865478516,-0.150139689445496,0.0263669472187757,0.317732721567154,13.1653633117676,15.8370742797852,359.682739257813,0.113164454698563,0.137170642614365,-0.0185171589255333,0.983887791633606
43.5144271850586,-0.152443915605545,0.0261063911020756,0.320617973804474,13.4173498153687,15.8459177017212,0.0967934429645538,0.115821562707424,0.136799857020378,-0.0152718937024474,0.983685910701752
44.0598678588867,-0.155519589781761,0.0264902971684933,0.319708555936813,13.4241371154785,16.0388736724854,0.386594086885452,0.11620370298624,0.138161614537239,-0.0129879387095571,0.98348331451416
44.6110000610352,-0.155801832675934,0.02647590264678,0.320036590099335,13.6754322052002,16.0798473358154,0.553288877010345,0.118556462228298,0.138297468423843,-0.0119046894833446,0.983197093009949
45.1501579284668,-0.15264967083931,0.0267328154295683,0.320007294416428,13.2784786224365,16.3705558776855,0.462231129407883,0.115009143948555,0.140957057476044,-0.0124950064346194,0.983233392238617
45.6761283874512,-0.153870120644569,0.0264071691781282,0.317950010299683,13.5069723129272,16.5088272094727,0.490970879793167,0.116989336907864,0.142072722315788,-0.0126725193113089,0.982836842536926
46.1797485351563,-0.15405248105526,0.0267855655401945,0.319041728973389,13.1405277252197,16.6979942321777,0.580899238586426,0.113938711583614,0.143672972917557,-0.0116314524784684,0.982975482940674
46.7120056152344,-0.152344465255737,0.0256933998316526,0.321886092424393,13.8477554321289,16.9186992645264,0.516246676445007,0.119895711541176,0.145496189594269,-0.0133101558312774,0.981976926326752
47.2623901367188,-0.152840256690979,0.0265900101512671,0.317904472351074,13.2776803970337,17.2477893829346,0.497299522161484,0.114948712289333,0.148444786667824,-0.0130734611302614,0.982130348682404
47.7718734741211,-0.146856650710106,0.02532316185534,0.313766777515411,13.266752243042,19.0911827087402,359.256622314453,0.112845368683338,0.165457755327225,-0.0255104210227728,0.979407429695129
48.3140411376953,-0.144229128956795,0.0265431627631187,0.311158359050751,12.7621994018555,19.8526744842529,358.478485107422,0.10719308257103,0.172752425074577,-0.0321546792984009,0.978586912155151
48.828670501709,-0.138316497206688,0.0257793962955475,0.314869701862335,13.1515235900879,20.3772869110107,357.427947998047,0.108738757669926,0.178211331367493,-0.0421960055828094,0.977054834365845
49.3992729187012,-0.14139860868454,0.0263164937496185,0.316214174032211,12.9282646179199,20.2122917175293,357.730102539063,0.107359185814857,0.176517888903618,-0.0391268841922283,0.977642357349396
49.9403648376465,-0.14207099378109,0.0267229769378901,0.318481266498566,12.8299608230591,20.3691482543945,358.052429199219,0.106966145336628,0.177556201815605,-0.0363755449652672,0.977603673934937
50.4527587890625,-0.142906308174133,0.0273334924131632,0.321263581514359,12.6564893722534,20.072229385376,358.384613037109,0.106085255742073,0.174719780683517,-0.0330029278993607,0.978330075740814
51.0007019042969,-0.145137548446655,0.0285136550664902,0.322031825780869,12.3104782104492,20.3479118347168,358.627471923828,0.103425689041615,0.176870480179787,-0.0306590888649225,0.978304624557495
51.5011596679688,-0.143837153911591,0.0302820596843958,0.32212695479393,11.0456047058105,20.8556423187256,359.102386474609,0.0932382494211197,0.180892422795296,-0.0250868517905474,0.978751838207245
52.0310478210449,-0.137752667069435,0.0309922154992819,0.316477924585342,10.890775680542,26.1150550842285,359.854248046875,0.0921570882201195,0.225027054548264,-0.0226734932512045,0.969719469547272
52.5753288269043,-0.134585827589035,0.0328541807830334,0.310317486524582,9.7151050567627,29.7323608398438,359.456359863281,0.0806306526064873,0.256026238203049,-0.0262939967215061,0.96294230222702
53.1210899353027,-0.131482049822807,0.0341552905738354,0.306009560823441,8.9291934967041,31.9388732910156,359.14990234375,0.0728021636605263,0.274837344884872,-0.0285264290869236,0.958306074142456
53.662425994873,-0.128425255417824,0.0334825590252876,0.301399528980255,8.99802684783936,33.1820678710938,358.834381103516,0.0722768306732178,0.285408526659012,-0.0321151912212372,0.955137073993683
54.2094459533691,-0.131727382540703,0.0348571240901947,0.296369224786758,8.23379230499268,31.5615501403809,358.997772216797,0.0667106658220291,0.271849483251572,-0.0279181301593781,0.959618747234344
54.7328643798828,-0.138871610164642,0.0354963280260563,0.304230391979218,8.29951095581055,27.8263759613037,359.42333984375,0.0690327659249306,0.240171507000923,-0.022271603345871,0.968016624450684
55.2757606506348,-0.137163668870926,0.0353295281529427,0.307705760002136,8.58500194549561,29.5936145782471,359.365631103516,0.0709551349282265,0.255072176456451,-0.0244525019079447,0.964004993438721
55.8534927368164,-0.137689560651779,0.0350113995373249,0.314197152853012,8.73048973083496,28.8281288146973,359.322875976563,0.0722503736615181,0.248636797070503,-0.0246529243886471,0.965583741664886
56.4234733581543,-0.146879300475121,0.0366566851735115,0.308765262365341,7.66650342941284,25.8949851989746,359.305023193359,0.0637962371110916,0.223947808146477,-0.0208761226385832,0.972286820411682
56.9900741577148,-0.147436991333961,0.0366210304200649,0.311075925827026,7.79997205734253,25.3059616088867,359.143280029297,0.0647275820374489,0.219028353691101,-0.0221756808459759,0.973316550254822
57.5662803649902,-0.148141250014305,0.0371310524642467,0.310261636972427,7.55622911453247,25.078104019165,359.121398925781,0.0626582428812981,0.217119961977005,-0.0217732582241297,0.973888516426086
58.1420135498047,-0.145253047347069,0.0372847504913807,0.303756594657898,7.32058143615723,25.7785415649414,358.395690917969,0.059109453111887,0.223461970686913,-0.0278586093336344,0.972519814968109
58.6873168945313,-0.145734012126923,0.0377215445041656,0.299929291009903,7.18330383300781,25.7167129516602,358.558532714844,0.0582755021750927,0.222855165600777,-0.0261794216930866,0.972755968570709
59.2364730834961,-0.144275605678558,0.0376762300729752,0.302741497755051,7.33671426773071,25.4867267608643,358.6357421875,0.0597800835967064,0.220859840512276,-0.0257002171128988,0.973132491111755
59.7946739196777,-0.143165498971939,0.0369984768331051,0.307568401098251,7.71697998046875,25.2783298492432,358.923675537109,0.0636083409190178,0.218921422958374,-0.0238679237663746,0.973374426364899
60.3590698242188,-0.13673834502697,0.0338804125785828,0.307731449604034,8.27023506164551,26.5541725158691,358.387023925781,0.0669502839446068,0.230027809739113,-0.0302223041653633,0.970407903194427
60.9070281982422,-0.145868301391602,0.037209827452898,0.290277272462845,6.77839517593384,25.4423274993896,358.966339111328,0.0556818284094334,0.220332622528076,-0.0218010600656271,0.973590195178986
61.4696083068848,-0.146703287959099,0.0384144522249699,0.284661203622818,6.86511278152466,24.7610912322998,359.355316162109,0.0572762563824654,0.214344665408134,-0.0183221157640219,0.97490519285202
62.0319137573242,-0.15827938914299,0.0375116020441055,0.280402183532715,7.4517502784729,26.0902996063232,359.127288818359,0.0615886859595776,0.225717306137085,-0.02207101136446,0.971993565559387
62.5828552246094,-0.181733191013336,0.0352035462856293,0.296879023313522,8.26373100280762,28.9567413330078,357.370208740234,0.0640233606100082,0.250899910926819,-0.0401699729263783,0.965057849884033
63.14208984375,-0.214595571160316,0.0316341668367386,0.315622121095657,8.59251499176025,31.5576763153076,357.858795166016,0.0670116767287254,0.272460401058197,-0.038297101855278,0.959066271781921
63.7010345458984,-0.231716126203537,0.0345821194350719,0.331228971481323,6.96422529220581,28.2515735626221,359.797668457031,0.0584701411426067,0.243704557418823,-0.0165321249514818,0.967944264411926
64.2535629272461,-0.244790762662888,0.0343001186847687,0.329593867063522,6.67148208618164,27.5187835693359,359.835327148438,0.0561757534742355,0.237523093819618,-0.0152327511459589,0.969636559486389
64.8097763061523,-0.248862147331238,0.0343678742647171,0.326894134283066,6.55898141860962,27.113187789917,0.519407689571381,0.056672990322113,0.233767345547676,-0.0090102581307292,0.970597684383392
65.3528289794922,-0.24951060116291,0.0335425436496735,0.325026988983154,6.88710784912109,27.6383361816406,0.210422500967979,0.0587642751634121,0.238319575786591,-0.0125671355053782,0.969325840473175
65.9049987792969,-0.242850840091705,0.031145453453064,0.328297078609467,8.32981204986572,29.4241275787354,0.320819705724716,0.0709550380706787,0.253093272447586,-0.0157437417656183,0.964707911014557
66.4655685424805,-0.227957844734192,0.0291890855878592,0.313036739826202,9.41266918182373,34.5767288208008,359.715484619141,0.0776062160730362,0.296372592449188,-0.0267459321767092,0.951538324356079
67.0193862915039,-0.236989408731461,0.032777551561594,0.320628255605698,7.28514719009399,33.1730690002441,0.921666085720062,0.0631778612732887,0.284387528896332,-0.010442758910358,0.956568479537964
67.5681381225586,-0.214138075709343,0.0396329239010811,0.300829768180847,5.25606679916382,29.9252624511719,359.21484375,0.0425289124250412,0.258214890956879,-0.018450565636158,0.964974582195282
68.1266250610352,-0.152504652738571,0.0348496250808239,0.293024331331253,8.01839828491211,28.3546943664551,356.275939941406,0.0598125606775284,0.24639829993248,-0.0485411882400513,0.966102540493011
68.6941223144531,-0.191590890288353,0.0404250845313072,0.301884233951569,6.78237771987915,37.3196563720703,357.067657470703,0.0478530600667,0.320717960596085,-0.0431188941001892,0.94498199224472
69.246696472168,-0.217751309275627,0.0418874621391296,0.308727383613586,4.40861654281616,31.997091293335,358.572021484375,0.0335384234786034,0.275848358869553,-0.0225697588175535,0.960350751876831
69.802604675293,-0.217107340693474,0.0425971038639545,0.308126270771027,4.77106285095215,30.9202976226807,359.506500244141,0.0389698594808578,0.266507357358932,-0.0152425793930888,0.962924122810364
70.3556747436523,-0.211588725447655,0.0415201708674431,0.313554674386978,5.10729217529297,30.2253589630127,359.260772705078,0.0413327403366566,0.260731309652328,-0.0178376547992229,0.964361250400543
70.9142456054688,-0.214521765708923,0.0411328040063381,0.316350668668747,5.30901956558228,30.7266178131104,359.286895751953,0.0430105701088905,0.264927178621292,-0.0182640925049782,0.963135600090027
71.4695816040039,-0.215629652142525,0.0412775874137878,0.315497428178787,5.35372447967529,30.5150318145752,359.176696777344,0.0431670919060707,0.263187557458878,-0.0192138757556677,0.963586926460266
72.0209045410156,-0.214854016900063,0.0412054918706417,0.319985002279282,5.40108823776245,30.4899826049805,359.274963378906,0.0437952093780041,0.262937188148499,-0.0184863321483135,0.963641166687012
72.5772171020508,-0.212889716029167,0.0412763245403767,0.324452310800552,5.37204742431641,30.4983768463135,359.759704589844,0.0446617342531681,0.262822806835175,-0.0143467197194695,0.963703155517578
73.129768371582,-0.212632209062576,0.0414899289608002,0.325320452451706,5.04796028137207,29.9946060180664,359.739227294922,0.0419490560889244,0.25861868262291,-0.0135918594896793,0.96497255563736
73.6799163818359,-0.209412097930908,0.0410330891609192,0.325464755296707,5.25056171417236,30.3024940490723,359.452117919922,0.042962770909071,0.261302053928375,-0.0165815446525812,0.964157938957214
74.2244491577148,-0.210419252514839,0.0416254587471485,0.323094248771667,5.08803224563599,31.3262634277344,0.352042973041534,0.04356699436903,0.269582241773605,-0.00902839750051498,0.961948990821838
74.7886581420898,-0.213354736566544,0.0417375043034554,0.323870569467545,5.06740760803223,30.445384979248,0.225990474224091,0.0431731827557087,0.262230038642883,-0.00970640406012535,0.963990330696106
75.3293228149414,-0.210597947239876,0.0406695418059826,0.32722082734108,5.58694124221802,30.9186420440674,359.896545410156,0.0467322841286659,0.266279667615891,-0.0138599248602986,0.962662518024445
75.8799438476563,-0.207971796393394,0.0400258414447308,0.329087436199188,5.88578653335571,30.7843074798584,359.930358886719,0.0493380278348923,0.265104085206985,-0.0142120718955994,0.962851822376251
76.4365234375,-0.207350611686707,0.0401644967496395,0.327433288097382,5.86776924133301,30.9283409118652,359.80712890625,0.0488823391497135,0.266368865966797,-0.0152673767879605,0.962509751319885
76.9938049316406,-0.20117524266243,0.0354869104921818,0.327043116092682,6.39828157424927,32.1128005981445,358.501312255859,0.0500133372843266,0.276830196380615,-0.02798230946064,0.959208369255066
77.5512466430664,-0.205548405647278,0.0404219478368759,0.311850816011429,4.14569568634033,34.0089645385742,357.341339111328,0.0277994349598885,0.292978912591934,-0.0327454619109631,0.955153584480286
78.1159515380859,-0.216732993721962,0.0408159382641315,0.306741148233414,4.46094369888306,32.9604835510254,358.035583496094,0.0324556529521942,0.284067869186401,-0.0274643935263157,0.957861065864563
78.6647262573242,-0.220816642045975,0.0406640358269215,0.299931824207306,4.35830211639404,33.2264442443848,358.322601318359,0.0322510711848736,0.286205470561981,-0.0248865932226181,0.957301914691925
79.2191390991211,-0.221641659736633,0.0426344349980354,0.299947410821915,3.38399624824524,33.1241912841797,359.211730957031,0.0263409595936537,0.285117983818054,-0.0150070982053876,0.958012878894806
79.7561874389648,-0.219679817557335,0.0406219102442265,0.306478589773178,4.55126428604126,32.7528228759766,359.104675292969,0.0358936116099358,0.282013207674026,-0.0186851173639297,0.958556771278381
80.3169403076172,-0.216157838702202,0.0380108095705509,0.312975198030472,6.27850580215454,34.259449005127,359.062561035156,0.0499260164797306,0.294512420892715,-0.0239350646734238,0.954042434692383
80.8686828613281,-0.216466352343559,0.0380001924932003,0.315264284610748,6.45070266723633,33.7578506469727,359.470794677734,0.0525001399219036,0.290135860443115,-0.0207481030374765,0.955319046974182
81.4249954223633,-0.213632687926292,0.0373771227896214,0.316911160945892,6.55457925796509,33.5923614501953,359.328125,0.0530369654297829,0.288811326026917,-0.0221234876662493,0.955659806728363
81.9850387573242,-0.212798058986664,0.0367822460830212,0.320352852344513,6.71720790863037,33.0391159057617,359.181365966797,0.0541376285254955,0.284248232841492,-0.0234951078891754,0.956932663917542
82.5488662719727,-0.215511247515678,0.0388355739414692,0.314810246229172,5.58013486862183,33.9557991027832,358.965270996094,0.043919712305069,0.292065173387527,-0.022838992998004,0.955116450786591
83.1062240600586,-0.218884631991386,0.0401587001979351,0.315688699483871,5.11232042312622,33.4216613769531,359.455230712891,0.0413490198552608,0.287455260753632,-0.0173725597560406,0.95674341917038
83.6688690185547,-0.21392984688282,0.0385624691843987,0.319407224655151,5.87720823287964,33.4542007446289,359.223266601563,0.0471471548080444,0.287761270999908,-0.0212375950068235,0.956305146217346
84.2184219360352,-0.21203376352787,0.0381942540407181,0.322717905044556,6.06795835494995,33.2950782775879,359.454742431641,0.0493479147553444,0.286319881677628,-0.0197151862084866,0.956659317016602
84.768180847168,-0.20680733025074,0.0349836423993111,0.323185682296753,8.0064001083374,33.8577270507813,359.056213378906,0.0643923878669739,0.291013926267624,-0.0281874667853117,0.954133152961731
85.3263397216797,-0.207764282822609,0.0369849242269993,0.316113889217377,6.65391397476196,33.7026824951172,358.912841796875,0.0527937225997448,0.28991487622261,-0.0258869379758835,0.955244481563568
85.8814468383789,-0.200432777404785,0.0357376374304295,0.316212266683578,6.67139482498169,32.2022743225098,358.507873535156,0.0522938184440136,0.277568280696869,-0.0286245811730623,0.95885443687439
86.451286315918,-0.198576107621193,0.0358330719172955,0.319409668445587,6.75882816314697,31.5561332702637,358.718078613281,0.0536866150796413,0.272056668996811,-0.0267741121351719,0.960409343242645
87.0067520141602,-0.197838172316551,0.0361818373203278,0.319412976503372,6.75147867202759,31.5175933837891,358.55615234375,0.053250003606081,0.271809488534927,-0.0280957873910666,0.960465848445892
87.5844039916992,-0.196897178888321,0.0365585051476955,0.318915575742722,6.67460203170776,31.6700477600098,358.433044433594,0.0522747822105885,0.273145943880081,-0.0290157962590456,0.960112929344177
88.1262893676758,-0.195843741297722,0.0363109745085239,0.321762591600418,6.79468965530396,31.6638050079346,358.420166015625,0.0532522387802601,0.27309662103653,-0.0294055175036192,0.960061371326447
88.6365585327148,-0.196103677153587,0.0362790487706661,0.320130854845047,6.69997787475586,31.6781711578369,358.265563964844,0.0520860552787781,0.273289799690247,-0.0304828286170959,0.960036754608154
89.1418228149414,-0.196291998028755,0.0364832580089569,0.322320342063904,6.79014348983765,31.4845695495605,358.478179931641,0.0533975400030613,0.271567732095718,-0.0288251861929893,0.960504412651062
89.6703262329102,-0.197206720709801,0.0368378460407257,0.323409080505371,6.55975675582886,31.5733413696289,358.547760009766,0.0516088791191578,0.272286683320999,-0.0277389697730541,0.960430681705475
90.1727676391602,-0.196507275104523,0.0365915112197399,0.323170691728592,6.68528366088867,31.6240520477295,358.528533935547,0.0526032075285912,0.272716552019119,-0.0282200779765844,0.960240721702576
90.7389755249023,-0.196609288454056,0.0360487811267376,0.323084592819214,6.82069730758667,31.357442855835,358.412414550781,0.0535305067896843,0.270531892776489,-0.0293891411274672,0.960772275924683
91.3054122924805,-0.193707004189491,0.0360156334936619,0.324050515890121,7.08133125305176,31.2858486175537,358.161956787109,0.0551452673971653,0.270045876502991,-0.032065823674202,0.960732042789459
91.8809432983398,-0.192254528403282,0.0363492220640182,0.320901304483414,6.95830917358398,31.504825592041,357.797271728516,0.0531868822872639,0.272053211927414,-0.0349372364580631,0.960175812244415
92.4544525146484,-0.191179409623146,0.0362873673439026,0.319781005382538,6.83887958526611,31.6776313781738,357.709655761719,0.0519240349531174,0.273538529872894,-0.0354685299098492,0.959803402423859
93.0300903320313,-0.184943720698357,0.0356150455772877,0.321867138147354,7.43866109848022,31.4375,357.170532226563,0.0557494275271893,0.27180415391922,-0.0412845872342587,0.959848999977112
93.6065673828125,-0.188240751624107,0.0362852141261101,0.320778757333755,7.00512981414795,31.6584739685059,357.55908203125,0.0529641434550285,0.273451864719391,-0.0371141545474529,0.959709048271179
94.1268844604492,-0.189918652176857,0.0365071296691895,0.322866469621658,6.92604875564575,31.7497253417969,357.634185791016,0.0524515993893147,0.274179011583328,-0.0363399870693684,0.959559381008148
94.6521301269531,-0.191816449165344,0.0366780161857605,0.323367118835449,6.91298961639404,32.1569328308105,357.447784423828,0.0517612509429455,0.277671337127686,-0.0380538627505302,0.958525598049164
95.1852340698242,-0.191327914595604,0.0370122827589512,0.321935892105103,6.65936994552612,32.3984756469727,357.183685302734,0.0489142872393131,0.279793918132782,-0.0397574007511139,0.957988619804382
95.6934051513672,-0.193193480372429,0.0378668718039989,0.32148277759552,6.37456750869751,32.4592781066895,357.5830078125,0.0474868789315224,0.280119359493256,-0.0357548780739307,0.958123028278351
96.2144317626953,-0.194360598921776,0.0384838208556175,0.318099647760391,6.00352096557617,32.3567199707031,357.630615234375,0.0445293001830578,0.279226422309875,-0.0344169847667217,0.958574593067169
96.7335357666016,-0.194708630442619,0.0382143743336201,0.316552966833115,6.00273561477661,32.5990715026855,357.692687988281,0.0446021668612957,0.281228989362717,-0.0339903086423874,0.958000838756561
97.240119934082,-0.193967044353485,0.0381323136389256,0.318187534809113,6.19298410415649,32.8372230529785,357.712371826172,0.0461705811321735,0.283218443393707,-0.0343851484358311,0.957326114177704
97.7692260742188,-0.194416493177414,0.0380370616912842,0.321444422006607,6.34597063064575,32.9301300048828,358.029022216797,0.0482058227062225,0.283867239952087,-0.0321543216705322,0.957111120223999
98.2721328735352,-0.195853188633919,0.0376125685870647,0.325137108564377,6.40176963806152,33.0419692993164,358.223541259766,0.0491239205002785,0.284718573093414,-0.0307150855660439,0.956858813762665
98.7991790771484,-0.193863585591316,0.0377139747142792,0.32532674074173,6.54173707962036,33.008373260498,358.142303466797,0.0501007325947285,0.284472167491913,-0.0317242257297039,0.956848561763763
99.3044128417969,-0.197337701916695,0.0378655977547169,0.325463771820068,6.57122087478638,32.632022857666,358.546997070313,0.0514444522559643,0.281147986650467,-0.0282487869262695,0.957868099212646
99.8252487182617,-0.200621217489243,0.0376681610941887,0.323913902044296,6.56194257736206,32.6113624572754,358.668395996094,0.05166956782341,0.280921041965485,-0.0272020939737558,0.957952857017517
100.400512695313,-0.201206088066101,0.037350669503212,0.321565061807632,6.80889558792114,32.7793731689453,358.3984375,0.0530286133289337,0.28243950009346,-0.0301389880478382,0.957343995571136
100.917091369629,-0.20314884185791,0.0377110242843628,0.320454478263855,6.65784168243408,32.9557571411133,358.574066162109,0.0521551892161369,0.283837527036667,-0.0283816158771515,0.957032203674316
101.4365234375,-0.200290709733963,0.0370655953884125,0.323613971471786,7.03132343292236,33.0309295654297,358.635406494141,0.0554085113108158,0.28441908955574,-0.028826029971242,0.956663310527802
101.954307556152,-0.197996377944946,0.0368614532053471,0.325921624898911,7.26957941055298,33.0201034545898,358.612426757813,0.0573441050946712,0.284327059984207,-0.029600789770484,0.956552982330322
102.474563598633,-0.198295682668686,0.0366189815104008,0.328363507986069,7.40256261825562,32.6692581176758,358.781951904297,0.0589622035622597,0.281302720308304,-0.0283336658030748,0.957386791706085
103.028839111328,-0.198085531592369,0.0367032550275326,0.329905569553375,7.4325852394104,32.6046447753906,358.907318115234,0.0595362223684788,0.280695825815201,-0.0273262076079845,0.957558691501617
103.59716796875,-0.199123412370682,0.0362652912735939,0.331080406904221,7.59430456161499,32.6672134399414,358.964233398438,0.0610125549137592,0.281175196170807,-0.0272783767431974,0.957326412200928
104.17699432373,-0.200296133756638,0.0364922359585762,0.332345843315125,7.5268726348877,32.3248901367188,359.233428955078,0.0611834265291691,0.278176844120026,-0.0246816612780094,0.958261489868164
104.764038085938,-0.197062373161316,0.0355609282851219,0.33638733625412,7.99631690979004,32.2289123535156,359.327453613281,0.0653587058186531,0.277269929647446,-0.0249768514186144,0.958241045475006
105.339202880859,-0.197796911001205,0.0358502306044102,0.337342947721481,7.84162855148315,32.3238830566406,359.383117675781,0.0641794502735138,0.278051227331161,-0.0241912864148617,0.958114504814148
105.930549621582,-0.196629971265793,0.0353731326758862,0.340810120105743,7.9534764289856,32.4449501037598,359.372772216797,0.0650636926293373,0.279055446386337,-0.0246173553168774,0.957751929759979
106.461776733398,-0.193137839436531,0.0345027297735214,0.343168377876282,8.38103580474854,32.3738059997559,359.076324462891,0.0679330229759216,0.278582960367203,-0.0280903670936823,0.957594692707062
107.004837036133,-0.192983582615852,0.0352934040129185,0.33992326259613,8.14207172393799,32.2739181518555,358.897552490234,0.0655257627367973,0.277876347303391,-0.0289487950503826,0.957942128181458
107.566184997559,-0.195825070142746,0.0356761403381824,0.336525917053223,7.79067611694336,32.1471366882324,358.895294189453,0.062612384557724,0.27684822678566,-0.0280501190572977,0.958461225032806
108.12525177002,-0.194435000419617,0.035378061234951,0.33887568116188,7.89128971099854,32.4942283630371,358.786071777344,0.0631015449762344,0.279801666736603,-0.0293969009071589,0.957530677318573
108.652870178223,-0.195875778794289,0.0348244905471802,0.341724455356598,8.15670299530029,32.1921577453613,359.095947265625,0.0661486461758614,0.277077317237854,-0.0272782202810049,0.958179771900177
109.219520568848,-0.195126876235008,0.035784624516964,0.33665069937706,7.83910226821899,32.3172264099121,358.743988037109,0.0626081973314285,0.27834939956665,-0.0295251160860062,0.957982301712036
109.766395568848,-0.194118455052376,0.0359188057482243,0.331920325756073,7.70130825042725,32.3802642822266,358.470245361328,0.0607732571661472,0.279032409191132,-0.0315140523016453,0.957838416099548
110.321014404297,-0.194521680474281,0.0358249917626381,0.333637863397598,7.80880784988403,32.0491333007813,358.801849365234,0.0625629872083664,0.276078045368195,-0.0288217943161726,0.958663702011108
110.865776062012,-0.192863449454308,0.0356534235179424,0.334778785705566,7.91835021972656,32.4207229614258,358.504119873047,0.0626595318317413,0.279340296983719,-0.0317783020436764,0.957618415355682
111.433479309082,-0.192925304174423,0.0356949009001255,0.334571570158005,7.79392194747925,32.2791175842285,358.511901855469,0.061676912009716,0.278159618377686,-0.0313354954123497,0.958040356636047
111.989311218262,-0.191052109003067,0.035881083458662,0.336175441741943,7.82306289672852,32.3579139709473,358.494201660156,0.0618559569120407,0.278826206922531,-0.0315964259207249,0.957826435565948
112.531745910645,-0.187240421772003,0.0351798422634602,0.337602615356445,8.09322261810303,32.3066177368164,357.921173095703,0.0627367123961449,0.278698772192001,-0.0370099097490311,0.957612335681915
113.081314086914,-0.184764549136162,0.0345980636775494,0.34058490395546,8.35999870300293,32.1903419494629,357.736175537109,0.0645573064684868,0.277825683355331,-0.0391330644488335,0.957660615444183
113.647903442383,-0.187318205833435,0.0348204560577869,0.343006551265717,8.45309448242188,32.6888694763184,358.201507568359,0.0663086026906967,0.28172105550766,-0.0357565842568874,0.956534326076508
114.183906555176,-0.188847929239273,0.036516111344099,0.34059140086174,7.75445556640625,33.087329864502,358.311004638672,0.0606253109872341,0.285018771886826,-0.0333483442664146,0.956021368503571
114.743431091309,-0.18729542195797,0.0359576158225536,0.342622041702271,8.04092693328857,32.67919921875,358.3779296875,0.0633018538355827,0.28156191110611,-0.0332725793123245,0.956874430179596
115.243949890137,-0.185231566429138,0.0357143878936768,0.343319058418274,8.11617183685303,32.6488494873047,358.362976074219,0.0639027133584023,0.281312704086304,-0.0335640050470829,0.956897616386414
115.789222717285,-0.187344059348106,0.0367991365492344,0.343890875577927,7.7551703453064,32.5215721130371,358.689025878906,0.0617194809019566,0.280093163251877,-0.029891898855567,0.957520246505737
116.355895996094,-0.186098381876945,0.036048237234354,0.344375789165497,7.97258949279785,32.6116943359375,358.522430419922,0.0631046667695045,0.280922442674637,-0.0318618603050709,0.957123458385468
116.918548583984,-0.18583619594574,0.0357928387820721,0.342596858739853,7.85856294631958,32.4353294372559,358.379302978516,0.0618511997163296,0.279533356428146,-0.0326843149960041,0.957584142684937
117.480979919434,-0.185401424765587,0.0357371009886265,0.342582255601883,8.01324462890625,32.3238983154297,358.218292236328,0.0627850368618965,0.278682827949524,-0.0343435183167458,0.95771312713623
118.035102844238,-0.185709908604622,0.0363110080361366,0.343339473009109,7.84465312957764,32.5357475280762,358.20556640625,0.0612811110913754,0.280466318130493,-0.0341560952365398,0.957296550273895
118.612022399902,-0.185980647802353,0.0361353494226933,0.344766974449158,7.90576648712158,32.5608711242676,358.438568115234,0.06235496327281,0.280547708272934,-0.0323719084262848,0.957265377044678
119.168174743652,-0.184399202466011,0.0359879359602928,0.344764292240143,7.93905258178711,32.5599250793457,358.388366699219,0.0625105425715446,0.280565410852432,-0.0328717194497585,0.95723295211792
119.74104309082,-0.1866624802351,0.0367924645543098,0.340577244758606,7.43005990982056,32.6786270141602,358.106292724609,0.0575296059250832,0.281723201274872,-0.0340499319136143,0.95716404914856
120.305778503418,-0.189435482025146,0.0382791459560394,0.331674993038177,6.52772903442383,33.1597595214844,357.785888671875,0.0490527972579002,0.285890012979507,-0.034730575978756,0.95637571811676
120.810218811035,-0.189189180731773,0.0385576970875263,0.329984456300735,6.41038942337036,33.1200675964355,357.788757324219,0.0480918698012829,0.285555094480515,-0.0343994423747063,0.956536531448364
121.380012512207,-0.188445806503296,0.0384697876870632,0.327631771564484,6.34196901321411,33.4746055603027,357.558715820313,0.0468350127339363,0.288606345653534,-0.0362952798604965,0.955612659454346
121.890579223633,-0.190447479486465,0.0391055643558502,0.327983140945435,6.00315999984741,33.5903244018555,357.675231933594,0.0442659072577953,0.289512097835541,-0.0345214940607548,0.955526888370514
122.436584472656,-0.188100308179855,0.0386761873960495,0.330940306186676,6.17540836334229,34.0378684997559,357.616668701172,0.045416384935379,0.293270736932755,-0.0356194004416466,0.954285562038422
122.942085266113,-0.187813013792038,0.0387990213930607,0.331315785646439,6.13358545303345,33.980281829834,357.700531005859,0.045299906283617,0.292756527662277,-0.034792136400938,0.954479515552521
123.504447937012,-0.187869653105736,0.0385583601891994,0.332288533449173,6.09559631347656,34.0374870300293,357.659118652344,0.0448600016534328,0.293248057365417,-0.0350629985332489,0.954339444637299
124.064666748047,-0.188396349549294,0.0392629131674767,0.330876916646957,5.85425901412964,34.113956451416,357.530670166016,0.0424962341785431,0.293923825025558,-0.0355478562414646,0.954221844673157
124.643867492676,-0.189098238945007,0.0391887798905373,0.332069098949432,5.95364570617676,33.676815032959,357.586547851563,0.0436021536588669,0.290265202522278,-0.0351697392761707,0.955305218696594
125.194664001465,-0.188497081398964,0.0394232384860516,0.334319740533829,5.87821960449219,34.040828704834,357.809722900391,0.0434327535331249,0.293211042881012,-0.0332574173808098,0.954481482505798
125.762603759766,-0.186377882957458,0.0390079841017723,0.337819218635559,6.13760900497437,33.8904724121094,357.818542480469,0.0456614270806313,0.291961669921875,-0.0337835028767586,0.954741895198822
126.321395874023,-0.187123239040375,0.0389633551239967,0.340293288230896,6.19733953475952,33.8533744812012,357.951293945313,0.0465082004666328,0.291600197553635,-0.0328136198222637,0.954845309257507
126.887733459473,-0.190763294696808,0.0399657115340233,0.337153255939484,5.74765348434448,34.5045547485352,357.757720947266,0.0420761108398438,0.297086715698242,-0.0335292108356953,0.953333556652069
127.439109802246,-0.189036563038826,0.0392951406538486,0.336979568004608,6.19025421142578,35.0399703979492,357.409942626953,0.0446823239326477,0.301686257123947,-0.0377709157764912,0.951610386371613
127.995803833008,-0.188548803329468,0.0393748097121716,0.336368590593338,6.14686822891235,34.9444618225098,357.443359375,0.044440858066082,0.300877958536148,-0.0373430512845516,0.951894402503967
128.561996459961,-0.18719619512558,0.0393106304109097,0.337792485952377,6.25769233703613,34.8638114929199,357.392944335938,0.0452565364539623,0.300232768058777,-0.0380186475813389,0.95203298330307
129.12451171875,-0.186723932623863,0.0386588647961617,0.341168433427811,6.53171348571777,34.75146484375,357.622344970703,0.0481718517839909,0.299215465784073,-0.0367778390645981,0.952258884906769
129.684707641602,-0.187130346894264,0.0386522486805916,0.343436062335968,6.48648834228516,34.5511627197266,357.836700439453,0.0484162010252476,0.297459274530411,-0.0347948707640171,0.952871024608612
130.185241699219,-0.186334848403931,0.0382303893566132,0.344610124826431,6.69606494903564,34.9700241088867,357.936401367188,0.0502923205494881,0.300897926092148,-0.0346901565790176,0.951697289943695
130.732940673828,-0.185761913657188,0.0384800173342228,0.343068599700928,6.54955530166626,34.9491996765137,357.890930175781,0.0489616468548775,0.300744652748108,-0.03467658162117,0.951815605163574
131.301055908203,-0.183037772774696,0.0381658598780632,0.343282371759415,6.64995384216309,35.0482597351074,357.617401123047,0.0490459091961384,0.301685452461243,-0.0372524596750736,0.95141613483429
131.876586914063,-0.184436574578285,0.0383938550949097,0.342715084552765,6.67800712585449,34.6430702209473,357.760162353516,0.0497822277247906,0.298258274793625,-0.0359648317098618,0.952507376670837
132.44873046875,-0.18545988202095,0.0388444513082504,0.342570155858994,6.49294281005859,34.3244590759277,357.820007324219,0.0484956279397011,0.295580744743347,-0.0348544269800186,0.953449189662933
133.012557983398,-0.18542642891407,0.038213212043047,0.344095200300217,6.71276998519897,34.1315155029297,357.847534179688,0.0504559874534607,0.293965190649033,-0.0351035408675671,0.953837692737579
133.593490600586,-0.18584968149662,0.0376638844609261,0.347373485565186,6.96249485015869,33.9449501037598,358.031585693359,0.0530637055635452,0.292328208684921,-0.034121111035347,0.954234898090363
134.094619750977,-0.185577914118767,0.0382984466850758,0.344369202852249,6.93563842773438,34.2079620361328,358.118560791016,0.0529851615428925,0.294477790594101,-0.0334504432976246,0.953601837158203
134.681488037109,-0.186180517077446,0.0380123481154442,0.342320591211319,6.81222581863403,34.0536575317383,358.173767089844,0.0521432794630527,0.293170362710953,-0.0326057858765125,0.95408022403717
135.255737304688,-0.185562908649445,0.0383388474583626,0.343014299869537,6.88936567306519,33.8971633911133,358.238616943359,0.0529957748949528,0.291835725307465,-0.0321897603571415,0.954456508159637
135.837463378906,-0.185524269938469,0.0376403741538525,0.34429943561554,7.0535044670105,34.1581039428711,358.290924072266,0.054423451423645,0.293978989124298,-0.0322935618460178,0.953714609146118
136.412063598633,-0.186709597706795,0.0371636003255844,0.342644095420837,7.119713306427,33.7635765075684,358.243194580078,0.0549651458859444,0.290714502334595,-0.0326706059277058,0.954670906066895
136.91960144043,-0.188227951526642,0.0378478020429611,0.341290801763535,6.80522537231445,33.7160491943359,358.331237792969,0.052579689770937,0.290286362171173,-0.0311221312731504,0.954987227916718
137.42057800293,-0.184244617819786,0.0378074385225773,0.342948108911514,6.86930131912231,34.8840446472168,358.800201416016,0.0540196262300014,0.299784183502197,-0.0279272831976414,0.952066898345947
137.993621826172,-0.183559030294418,0.0376273728907108,0.346029311418533,7.10635948181152,34.2745323181152,358.633605957031,0.0557124502956867,0.294780731201172,-0.0296326987445354,0.953479111194611
138.558624267578,-0.184026002883911,0.037903007119894,0.344095081090927,6.9905858039856,34.2338447570801,358.679962158203,0.0548781454563141,0.294426798820496,-0.028931237757206,0.95365834236145
139.124481201172,-0.188173934817314,0.038602702319622,0.3392433822155,6.57865858078003,33.802490234375,358.667602539063,0.0515213944017887,0.290862709283829,-0.0277864877134562,0.954972505569458
139.663314819336,-0.19187206029892,0.0389833860099316,0.339163243770599,6.35213613510132,33.7424621582031,358.756072998047,0.0498711280524731,0.290334433317184,-0.0264506246894598,0.955258727073669
140.178314208984,-0.192294672131538,0.038972370326519,0.342148691415787,6.36382627487183,33.6496086120605,358.785949707031,0.0500655695796013,0.28954666852951,-0.0261904466897249,0.95549476146698
140.765563964844,-0.194783315062523,0.0394527837634087,0.341470301151276,6.01401138305664,33.0571327209473,358.884399414063,0.0475222133100033,0.284577757120132,-0.0242433585226536,0.957167387008667
141.304901123047,-0.195280402898788,0.0397924669086933,0.33856675028801,5.87693643569946,33.1309509277344,358.603607177734,0.0456624440848827,0.285313606262207,-0.0262790806591511,0.956985116004944
141.84196472168,-0.196771800518036,0.0399456582963467,0.335685670375824,5.83209419250488,33.2973022460938,358.544250488281,0.045101236552,0.286727130413055,-0.0267291981726885,0.956576704978943
142.388168334961,-0.19318088889122,0.0392348617315292,0.33538344502449,6.08646488189697,33.6354560852051,358.289001464844,0.046499390155077,0.289646506309509,-0.0296304803341627,0.955544233322144
142.972198486328,-0.193531721830368,0.0395720973610878,0.335882484912872,6.01188659667969,33.5157775878906,358.387359619141,0.0461556389927864,0.288609504699707,-0.0285746026784182,0.955906748771667
143.552169799805,-0.194336429238319,0.0400661379098892,0.335263341665268,5.7916111946106,33.7175025939941,358.377593994141,0.0442430600523949,0.29029843211174,-0.0281820055097342,0.955497324466705
144.058074951172,-0.194765836000443,0.0404086597263813,0.337679624557495,5.71649885177612,33.8058547973633,358.731262207031,0.0444929338991642,0.290899813175201,-0.0250775851309299,0.955389320850372
144.623550415039,-0.193747699260712,0.0402159467339516,0.338865786790848,5.81386137008667,34.2224540710449,358.853607177734,0.0455268546938896,0.294319182634354,-0.0244694333523512,0.954308569431305
145.192535400391,-0.193702802062035,0.0399137698113918,0.337126880884171,5.87488555908203,33.8260116577148,358.605224609375,0.0454892218112946,0.291112333536148,-0.0265368949621916,0.955238282680511
145.76513671875,-0.194736957550049,0.0403047725558281,0.33591040968895,5.69368982315063,33.4938888549805,358.809326171875,0.0445670112967491,0.288268238306046,-0.0242478922009468,0.956204652786255
146.294403076172,-0.194758415222168,0.0398099347949028,0.338147521018982,5.93154191970825,33.2129821777344,358.772308349609,0.0465207025408745,0.285928934812546,-0.0250389464199543,0.956793367862701
146.868316650391,-0.197365835309029,0.0399651005864143,0.334270775318146,5.67304420471191,33.4244804382324,358.590789794922,0.0438606515526772,0.287773936986923,-0.0259929299354553,0.956340312957764
147.434173583984,-0.196866035461426,0.0405163913965225,0.334188908338547,5.604896068573,33.2068557739258,358.522705078125,0.0431707538664341,0.28598427772522,-0.0263087470084429,0.956899762153625
148.002227783203,-0.196533203125,0.0404943972826004,0.332853585481644,5.5458722114563,33.2903938293457,358.389923095703,0.0423263423144817,0.28673180937767,-0.0273018218576908,0.956685900688171
148.554809570313,-0.196534171700478,0.0411430820822716,0.334814697504044,5.14577770233154,33.2669143676758,358.479034423828,0.0392127074301243,0.2865050137043,-0.0255528911948204,0.956934869289398
149.10595703125,-0.194169461727142,0.0404878966510296,0.336251199245453,5.62080860137939,33.3566970825195,358.360076904297,0.0428615026175976,0.287296146154404,-0.027762359008193,0.956479489803314
149.665176391602,-0.194300040602684,0.0404368750751019,0.337249577045441,5.65127944946289,33.208911895752,358.562774658203,0.043657723814249,0.28598552942276,-0.0260902792215347,0.956883251667023
150.230941772461,-0.195843443274498,0.0403662547469139,0.336117178201675,5.59492015838623,33.0984687805176,358.491912841797,0.0430356562137604,0.285090774297714,-0.0265003889799118,0.957167148590088
150.777420043945,-0.197194501757622,0.0407944247126579,0.33455491065979,5.39218521118164,32.9537086486816,358.60498046875,0.0416543669998646,0.283842176198959,-0.0250011682510376,0.957639575004578
151.359512329102,-0.198779448866844,0.0408591330051422,0.335607826709747,5.14261484146118,32.381233215332,358.627532958984,0.0397441498935223,0.279049098491669,-0.0239986218512058,0.959153831005096
151.922439575195,-0.197312876582146,0.0409396514296532,0.338176101446152,5.31885623931885,32.4780311584473,358.530456542969,0.0409619957208633,0.279892086982727,-0.0252732560038567,0.958824217319489
152.479827880859,-0.19865594804287,0.0412562191486359,0.337428480386734,5.23730325698853,32.3505058288574,358.706237792969,0.0407349541783333,0.278763085603714,-0.0235585123300552,0.959206402301788
153.039306640625,-0.200597122311592,0.0413613431155682,0.333153039216995,4.977867603302,32.2464179992676,358.756439208984,0.0387050658464432,0.277878224849701,-0.0224743038415909,0.959573090076447
153.616058349609,-0.198843479156494,0.0416798070073128,0.330929070711136,4.94311571121216,32.3604583740234,358.529479980469,0.0378393642604351,0.278909027576447,-0.0243284199386835,0.959263324737549
154.181716918945,-0.197773694992065,0.0429984368383884,0.332907259464264,4.37051868438721,33.6696281433105,359.045043945313,0.0340835824608803,0.289696931838989,-0.0190133154392242,0.956322431564331
154.744903564453,-0.20048613846302,0.0429629869759083,0.332793027162552,4.39312934875488,34.0610694885254,359.125671386719,0.0344130806624889,0.292937248945236,-0.0185151919722557,0.955332815647125
155.320785522461,-0.201988220214844,0.0425597131252289,0.331514924764633,4.24830770492554,33.836498260498,358.822052001953,0.0324696898460388,0.291156113147736,-0.0206132400780916,0.95590215921402
155.897613525391,-0.201185673475266,0.0424781292676926,0.329975068569183,4.31346416473389,34.4434127807617,358.45556640625,0.0319553166627884,0.296317785978317,-0.0240049045532942,0.95425283908844
156.470520019531,-0.19702610373497,0.0425376631319523,0.331235855817795,4.29211521148682,34.6413345336914,358.376190185547,0.0315296016633511,0.297987103462219,-0.0246655531227589,0.953730165958405
157.037826538086,-0.193498700857162,0.0415741316974163,0.332644522190094,4.84117603302002,34.6596794128418,357.990142822266,0.0350917167961597,0.298267632722855,-0.0293059088289738,0.953386664390564
157.590667724609,-0.194764718413353,0.0409542396664619,0.335955858230591,5.14926671981812,34.7394676208496,358.259063720703,0.0383365303277969,0.298852235078812,-0.0278934203088284,0.9531210064888
158.149642944336,-0.194459542632103,0.040533971041441,0.336429089307785,5.25696134567261,35.1472129821777,358.217987060547,0.0390238165855408,0.302256494760513,-0.0286537166684866,0.951996386051178
158.706329345703,-0.194612607359886,0.0408027209341526,0.336792379617691,5.28120279312134,34.500171661377,358.237640380859,0.0394377149641514,0.29686975479126,-0.0283319167792797,0.953682601451874
159.271423339844,-0.193649396300316,0.0411825105547905,0.338634014129639,5.04367780685425,34.501106262207,358.362518310547,0.0377832278609276,0.296833783388138,-0.02668028883636,0.953808307647705
159.833572387695,-0.189375013113022,0.0415183305740356,0.341701596975327,4.92261409759521,34.8095436096191,358.510284423828,0.0370900854468346,0.299351781606674,-0.0252378080040216,0.953087568283081
160.37744140625,-0.190369263291359,0.0428463332355022,0.340625703334808,4.36254835128784,34.8956642150879,358.76513671875,0.0330791994929314,0.299993962049484,-0.0216843225061893,0.953120768070221
160.940582275391,-0.186764970421791,0.04096544906497,0.34672611951828,5.46888732910156,34.3792610168457,358.711059570313,0.0422526784241199,0.295692622661591,-0.0248314961791039,0.954025149345398
161.480819702148,-0.187219440937042,0.0413097068667412,0.346295952796936,5.32680034637451,34.4652900695801,358.826751708984,0.0413502380251884,0.296371132135391,-0.0235337112098932,0.953887045383453
162.029296875,-0.189590856432915,0.0414383672177792,0.341132044792175,4.95205688476563,34.4368515014648,358.492919921875,0.0373723097145557,0.296255975961685,-0.0253373924642801,0.954040706157684
162.586547851563,-0.188238516449928,0.0416513532400131,0.33902296423912,4.91416168212891,34.7384071350098,358.251861572266,0.0363615788519382,0.29884284734726,-0.0273424908518791,0.953217267990112
163.153778076172,-0.188871249556541,0.0419556088745594,0.34114933013916,4.79137516021729,34.2402763366699,358.483123779297,0.0360515639185905,0.294622004032135,-0.0249432064592838,0.954607784748077
163.703399658203,-0.187010660767555,0.0416521914303303,0.34380054473877,5.1726450920105,34.4481506347656,358.551544189453,0.0393584929406643,0.296328961849213,-0.0254213120788336,0.953935980796814
164.209564208984,-0.186876624822617,0.0416883416473866,0.344029992818832,5.08252477645874,34.5465507507324,358.644287109375,0.038826797157526,0.297117620706558,-0.0244504772126675,0.953737795352936
164.734924316406,-0.188856586813927,0.041529580950737,0.342739105224609,5.10001516342163,34.5676612854004,358.508209228516,0.0386148169636726,0.297339111566544,-0.0256353933364153,0.953646242618561
165.29231262207,-0.190702706575394,0.0418672077357769,0.340286135673523,4.99205875396729,35.1178703308105,358.363677978516,0.037213034927845,0.301962614059448,-0.0267381239682436,0.952217876911163
165.851547241211,-0.193201288580894,0.0423270799219608,0.339900612831116,4.76576232910156,34.8515319824219,358.643585205078,0.0361245609819889,0.29965952038765,-0.0237338431179523,0.95306658744812
166.414199829102,-0.19266876578331,0.0426982827484608,0.333674371242523,4.48290824890137,34.9013900756836,357.973236083984,0.0320051982998848,0.300268560647964,-0.0285859201103449,0.952888965606689
166.973571777344,-0.196441233158112,0.0423411130905151,0.332852959632874,4.45160722732544,34.5901145935059,358.065948486328,0.0320629142224789,0.297651708126068,-0.0276463832706213,0.953735411167145
167.536743164063,-0.195969581604004,0.0424613617360592,0.334381967782974,4.57784557342529,34.8925819396973,358.173767089844,0.0333224534988403,0.300141602754593,-0.0271636378020048,0.952925384044647
168.09733581543,-0.195863947272301,0.0423782877624035,0.334294646978378,4.64977598190308,34.6356315612793,358.2939453125,0.0342946387827396,0.297970294952393,-0.0262749698013067,0.953597009181976
168.66145324707,-0.197821944952011,0.0430234707891941,0.332681447267532,4.26584529876709,34.487720489502,358.368591308594,0.0313241928815842,0.296709835529327,-0.0246186405420303,0.954136252403259
169.213012695313,-0.197766661643982,0.0427832901477814,0.333442866802216,4.33181667327881,34.9353408813477,358.443481445313,0.0319729670882225,0.30041515827179,-0.0242902971804142,0.9529629945755
169.783020019531,-0.197298094630241,0.0434051752090454,0.332439929246902,3.98980093002319,35.3508605957031,358.280242919922,0.028609661385417,0.30390402674675,-0.0248582568019629,0.951948463916779
170.359970092773,-0.198733687400818,0.0440822802484035,0.331258416175842,3.655118227005,35.2113647460938,358.309875488281,0.0259357914328575,0.302726000547409,-0.023695582523942,0.952430009841919
170.905090332031,-0.199212789535522,0.0441217459738255,0.333925932645798,3.62278819084167,35.1370468139648,358.579437255859,0.0263928640633821,0.302045732736588,-0.0213528797030449,0.952688753604889
171.462432861328,-0.198548719286919,0.0443654097616673,0.334995627403259,3.62065601348877,35.0383911132813,358.664031982422,0.0266159102320671,0.301205843687057,-0.0206209179013968,0.952964544296265
172.018981933594,-0.197627499699593,0.0442694500088692,0.333922654390335,3.5595977306366,35.187328338623,358.676696777344,0.0261148270219564,0.302440404891968,-0.0203894339501858,0.952592313289642
172.581588745117,-0.198585689067841,0.0456633865833282,0.332559585571289,2.86331462860107,35.3294906616211,359.014495849609,0.0211967173963785,0.303545653820038,-0.0157732740044594,0.952450513839722
173.145095825195,-0.195130750536919,0.0449399054050446,0.338137477636337,3.38702058792114,35.2575874328613,359.000579833984,0.0255239438265562,0.302950739860535,-0.0172581039369106,0.95250803232193
173.695922851563,-0.193472102284431,0.0442650951445103,0.341318726539612,3.68516063690186,35.184268951416,358.857513427734,0.0276365708559752,0.302373319864273,-0.0192161872982979,0.952595055103302
174.247741699219,-0.195285007357597,0.0442627407610416,0.340456813573837,3.72176885604858,35.2435989379883,359.245544433594,0.0289563406258821,0.302770107984543,-0.0161018781363964,0.952487587928772
174.790466308594,-0.195057332515717,0.0441033542156219,0.339765787124634,3.771897315979,35.1722831726074,359.121734619141,0.029056629166007,0.302207231521606,-0.0172452609986067,0.952643215656281
175.356811523438,-0.192699044942856,0.0438095927238464,0.342303842306137,3.98005843162537,34.9961280822754,359.082672119141,0.0307121556252241,0.300747722387314,-0.0180709343403578,0.953037798404694
175.911682128906,-0.194521427154541,0.0439711473882198,0.342085689306259,3.84089922904968,34.9561042785645,359.261596679688,0.0300297923386097,0.300371468067169,-0.0162076633423567,0.953211724758148
176.472671508789,-0.19544430077076,0.0440274700522423,0.340368509292603,3.89089679718018,35.0726699829102,359.208221435547,0.030288752168417,0.301353365182877,-0.0168133247643709,0.952883005142212
177.032379150391,-0.196387618780136,0.0447429977357388,0.338241755962372,3.57309579849243,35.0223388671875,359.222351074219,0.0276897083967924,0.300940304994583,-0.0158490538597107,0.95310914516449
177.603820800781,-0.199882626533508,0.0444163531064987,0.33939927816391,3.79981064796448,34.6559829711914,359.433471679688,0.0301767829805613,0.297830402851105,-0.014591314829886,0.954030156135559
178.158187866211,-0.201937764883041,0.0441108234226704,0.340841144323349,3.93841052055359,34.5667610168457,359.698883056641,0.0320304147899151,0.297007650136948,-0.0127166230231524,0.954253017902374
178.732772827148,-0.201077282428741,0.0441023446619511,0.339996516704559,3.94564580917358,34.7624588012695,359.551208496094,0.0316840410232544,0.298677504062653,-0.0140190767124295,0.953725039958954
179.276168823242,-0.204209491610527,0.0445272177457809,0.337964057922363,3.70815801620483,34.4181900024414,359.810455322266,0.0304165575653315,0.295755505561829,-0.011151360347867,0.954714179039001
179.841766357422,-0.202353462576866,0.0444866642355919,0.3376345038414,3.7717969417572,34.3952102661133,359.649383544922,0.0305335205048323,0.295602798461914,-0.0126515133306384,0.954739093780518
180.409408569336,-0.203427255153656,0.0438134893774986,0.339203268289566,4.14705467224121,34.2632141113281,359.731811523438,0.033887542784214,0.294454783201218,-0.0128931505605578,0.95497739315033
180.964096069336,-0.204253152012825,0.0436287261545658,0.339981228113174,4.33885383605957,34.2545394897461,359.681884765625,0.035358726978302,0.294383436441422,-0.0137991365045309,0.954933345317841
181.519073486328,-0.206633687019348,0.0433096140623093,0.341210752725601,4.41950845718384,34.1703834533691,359.803375244141,0.0363525003194809,0.293637633323669,-0.012967093847692,0.955137312412262
182.07958984375,-0.205522552132607,0.0433143936097622,0.341110646724701,4.46437406539917,34.5162467956543,359.747131347656,0.0365413017570972,0.296533197164536,-0.0136610809713602,0.954225420951843
182.649444580078,-0.203546345233917,0.0428954102098942,0.342807859182358,4.6670241355896,34.6118011474609,359.669525146484,0.0380156673491001,0.297337412834167,-0.0148629797622561,0.953899562358856
183.200408935547,-0.203699082136154,0.0431413687765598,0.34318807721138,4.60692119598389,34.8746604919434,359.796173095703,0.0378124713897705,0.299488037824631,-0.0137396771460772,0.953251481056213
183.766098022461,-0.206107839941978,0.0431118719279766,0.340882062911987,4.65169954299927,34.4946556091309,359.875213623047,0.0384350977838039,0.296294778585434,-0.0130717866122723,0.954233348369598
184.328750610352,-0.205300003290176,0.043259784579277,0.341801196336746,4.77391290664673,34.3576698303223,359.791748046875,0.0392538160085678,0.295170694589615,-0.0140357306227088,0.954534649848938
184.895172119141,-0.204048901796341,0.044085755944252,0.342803865671158,4.39823484420776,34.6813850402832,0.110161177814007,0.0369146652519703,0.297798037528992,-0.0105200354009867,0.953856885433197
185.474304199219,-0.1982781291008,0.0428850315511227,0.343456625938416,4.88209867477417,34.3866920471191,359.856201171875,0.0403174981474876,0.29537969827652,-0.0137877287343144,0.954429268836975
185.985610961914,-0.198023319244385,0.0427995808422565,0.348053812980652,5.06074714660645,34.2420196533203,0.250083893537521,0.0428342893719673,0.29401096701622,-0.0109133813530207,0.954779386520386
186.576217651367,-0.198438718914986,0.042939480394125,0.347257077693939,5.00608348846436,34.5049362182617,0.215066105127335,0.042263500392437,0.29622095823288,-0.0111618116497993,0.954118609428406
187.076370239258,-0.198504760861397,0.0426393412053585,0.345440268516541,4.98275089263916,34.419017791748,0.153893142938614,0.0419197902083397,0.295530885457993,-0.0115793794393539,0.954342842102051
187.584625244141,-0.199043065309525,0.0423333309590816,0.34601616859436,5.1185040473938,34.4105949401855,0.217201679944992,0.0432143956422806,0.295419961214066,-0.011399214155972,0.954321563243866
188.088760375977,-0.199336364865303,0.0424257479608059,0.349098592996597,5.23797607421875,34.2971267700195,0.306188136339188,0.044449508190155,0.294424623250961,-0.0109223183244467,0.95457798242569
188.602310180664,-0.198824629187584,0.0423195548355579,0.350432306528091,5.38642406463623,34.57861328125,0.434800922870636,0.0459911115467548,0.296696037054062,-0.0103457095101476,0.953807771205902
189.173614501953,-0.200352981686592,0.0423959903419018,0.348868429660797,5.22733211517334,34.3183441162109,0.477824658155441,0.0448000356554985,0.294536083936691,-0.00947344861924648,0.954542636871338
189.703903198242,-0.201263248920441,0.042176142334938,0.348109632730484,5.28027153015137,34.2742500305176,0.492272078990936,0.0452817492187023,0.294154971837997,-0.00947192031890154,0.954637467861176
190.284683227539,-0.199630886316299,0.042074378579855,0.35028862953186,5.4328236579895,34.2872314453125,0.59662276506424,0.046819232404232,0.294196844100952,-0.00900004338473082,0.954554975032806
190.790893554688,-0.198965385556221,0.0419281013309956,0.351829141378403,5.50956726074219,34.1601715087891,0.607510089874268,0.0474964268505573,0.293121010065079,-0.00905403774231672,0.954851925373077
191.298553466797,-0.200957119464874,0.0417727641761303,0.349583625793457,5.36305141448975,34.0185890197754,0.516250014305115,0.0460538677871227,0.292001992464066,-0.00938221160322428,0.955262184143066
191.802261352539,-0.204062312841415,0.042559091001749,0.344184696674347,5.02252244949341,33.9046821594238,0.483419299125671,0.0431403405964375,0.291116744279861,-0.00874408055096865,0.955674409866333
192.388595581055,-0.207156166434288,0.0425048097968102,0.342665910720825,4.98561954498291,33.4533882141113,0.366742998361588,0.042573731392622,0.287399619817734,-0.00945568829774857,0.956817448139191
192.891754150391,-0.211179479956627,0.0428728647530079,0.342317223548889,4.73936653137207,33.8122062683105,0.765393018722534,0.0414998903870583,0.290284723043442,-0.00563846481963992,0.956023454666138
193.394958496094,-0.212638899683952,0.0428481586277485,0.3417609333992,4.85832738876343,33.6547050476074,1.01610589027405,0.0431323871016502,0.28885754942894,-0.00378949102014303,0.956392467021942
193.906402587891,-0.212384670972824,0.0429130606353283,0.340085178613663,4.72250938415527,33.8204803466797,0.932826459407806,0.0417830720543861,0.290295720100403,-0.00420181080698967,0.956015169620514
194.420333862305,-0.21279264986515,0.0427066944539547,0.342198371887207,4.79777956008911,33.7098579406738,0.994279623031616,0.0425702966749668,0.289336889982224,-0.00383914308622479,0.956272542476654
194.930969238281,-0.213564053177834,0.0426387973129749,0.342066884040833,4.68957805633545,33.7534637451172,0.896137177944183,0.041418019682169,0.289755463600159,-0.00440007308498025,0.95619398355484
195.434967041016,-0.216217026114464,0.0427931845188141,0.341252118349075,4.62178611755371,33.5922698974609,1.00731539726257,0.0411381609737873,0.28838175535202,-0.00324269384145737,0.956625938415527
195.973281860352,-0.216386556625366,0.043474692851305,0.33964267373085,4.39834642410278,33.3532600402832,1.01352655887604,0.039294209331274,0.286422103643417,-0.00254524685442448,0.957294046878815
196.555313110352,-0.215212434530258,0.0426468662917614,0.339227229356766,4.59989595413208,33.3529472351074,0.880158364772797,0.040644209831953,0.286432325839996,-0.00416412949562073,0.95722895860672
197.069076538086,-0.215617671608925,0.0423492752015591,0.340823590755463,4.74876737594604,33.4102325439453,1.17133665084839,0.0426140949130058,0.286778658628464,-0.00212609418667853,0.957046270370483
197.608917236328,-0.215063273906708,0.0425466038286686,0.344226270914078,4.82914209365845,33.1495323181152,1.45660364627838,0.043998695909977,0.284476757049561,0.000154720517457463,0.957672774791718
198.122741699219,-0.211756527423859,0.0427527278661728,0.345017224550247,4.71297597885132,33.4685440063477,1.4472222328186,0.043005708605051,0.287169724702835,0.000246020761551335,0.956913888454437
198.711441040039,-0.207614243030548,0.0416129268705845,0.347657203674316,5.21625232696533,33.5362892150879,1.22335362434387,0.0466440282762051,0.287719070911407,-0.00291626597754657,0.956573843955994
199.214767456055,-0.205602139234543,0.041758194565773,0.346640586853027,5.21544790267944,33.3808135986328,1.1421058177948,0.04643814265728,0.286454170942307,-0.00352946924977005,0.956961393356323
199.793838500977,-0.20429801940918,0.0411359332501888,0.346184819936752,5.47231149673462,33.2334213256836,0.996826529502869,0.0482262708246708,0.285233110189438,-0.00532459747046232,0.957229316234589
200.306259155273,-0.204212158918381,0.0410903505980968,0.34720253944397,5.42853260040283,33.3350372314453,1.05824112892151,0.0480093359947205,0.28606453537941,-0.0047448668628931,0.956995129585266
200.809921264648,-0.203886225819588,0.0411283485591412,0.349473655223846,5.60566234588623,33.5722122192383,1.01712644100189,0.0493739806115627,0.288027286529541,-0.00563388271257281,0.956331968307495
201.323150634766,-0.20337125658989,0.0407033711671829,0.351140350103378,5.73505544662476,33.6203651428223,1.10988533496857,0.0506844520568848,0.288362443447113,-0.00520726013928652,0.9561647772789
201.915985107422,-0.205819860100746,0.0415701121091843,0.345332622528076,5.29995107650757,33.2231712341309,0.901149034500122,0.0465490892529488,0.285219192504883,-0.00568948592990637,0.957314431667328
202.501419067383,-0.210707366466522,0.0419865623116493,0.34133642911911,5.00817918777466,33.3740615844727,0.875726997852325,0.0440418273210526,0.286541283130646,-0.00523187126964331,0.957040786743164
203.016906738281,-0.212143585085869,0.041752852499485,0.343444794416428,5.03418874740601,33.4122161865234,1.08681404590607,0.0447855815291405,0.286773413419724,-0.00354902911931276,0.956944465637207
203.528030395508,-0.214145183563232,0.0417965203523636,0.342054426670074,4.97002410888672,33.1612167358398,1.24911046028137,0.0446603484451771,0.284625768661499,-0.00193482835311443,0.957595944404602
204.044494628906,-0.215356975793839,0.0419308021664619,0.3408143222332,4.94197940826416,33.261589050293,1.34720814228058,0.0446687713265419,0.285431802272797,-0.00108430325053632,0.957356870174408
204.554580688477,-0.214543759822845,0.0418002232909203,0.344102442264557,5.13993215560913,33.5392112731934,1.32562100887299,0.0462638400495052,0.287717789411545,-0.00187147874385118,0.956595361232758
205.084579467773,-0.216855779290199,0.0414675064384937,0.345368415117264,5.18244218826294,33.2258148193359,1.57470786571503,0.047243420034647,0.28498962521553,0.000229940444114618,0.95736563205719
205.596572875977,-0.217704057693481,0.0419196709990501,0.344159960746765,5.03635311126709,32.970043182373,1.6339613199234,0.0461681447923183,0.282861113548279,0.00119289592839777,0.958048343658447
206.112884521484,-0.217943802475929,0.0416329093277454,0.345478862524033,5.03473377227783,32.7542724609375,1.75670170783997,0.0464532971382141,0.281007438898087,0.00231055985204875,0.958577930927277
206.635940551758,-0.217563912272453,0.0414673984050751,0.344846099615097,5.01779699325562,32.8001174926758,1.64506042003632,0.0460384339094162,0.281439900398254,0.00139996246434748,0.958472847938538
207.214050292969,-0.218694493174553,0.041415873914957,0.345287144184113,5.09399080276489,32.875919342041,1.84233295917511,0.0471617877483368,0.281975626945496,0.00283082225359976,0.958257555961609
207.739883422852,-0.218623280525208,0.0415187291800976,0.347414046525955,5.14099597930908,33.1848754882813,1.89365077018738,0.0476892627775669,0.284525364637375,0.00301515543833375,0.957476913928986
208.260116577148,-0.217888548970222,0.0415434464812279,0.349378943443298,5.19741535186768,33.1588897705078,1.90363454818726,0.0481845773756504,0.284289866685867,0.00296871806494892,0.957522213459015
208.791885375977,-0.219737812876701,0.0413940958678722,0.351395159959793,5.2084493637085,32.9548759460449,2.17238259315491,0.0489340163767338,0.28246796131134,0.00527395913377404,0.958013296127319
209.320541381836,-0.21950688958168,0.0424073673784733,0.347354173660278,4.75279092788696,33.1088523864746,1.8213769197464,0.0442649833858013,0.284013271331787,0.0034092462155968,0.957791984081268
209.838455200195,-0.219448417425156,0.0425970703363419,0.342888921499252,4.4673810005188,32.9373397827148,1.77700102329254,0.0417645685374737,0.282661974430084,0.00381133682094514,0.95830237865448
210.359344482422,-0.217576622962952,0.0418641231954098,0.346562832593918,4.87042379379272,32.8754272460938,1.75232231616974,0.0450713820755482,0.282061040401459,0.00263105216436088,0.958333551883698
210.880035400391,-0.217072725296021,0.041511382907629,0.353129655122757,5.12811136245728,33.2010307312012,2.07441353797913,0.0480310618877411,0.284588158130646,0.00455091195181012,0.957435071468353
211.427001953125,-0.219367846846581,0.0420884564518929,0.349927365779877,4.75372982025146,32.9895935058594,2.16723036766052,0.0451232381165028,0.282881230115891,0.00634460151195526,0.958071947097778
211.938949584961,-0.217905029654503,0.042455930262804,0.348043739795685,4.56770181655884,32.7847480773926,2.2398407459259,0.0437345169484615,0.281188517808914,0.00749156717211008,0.958626210689545
212.469009399414,-0.215192571282387,0.0423003546893597,0.350316673517227,4.78343296051025,32.6277885437012,2.12954187393188,0.0452593974769115,0.27986204624176,0.00609871093183756,0.958953380584717
212.980575561523,-0.214620366692543,0.0420365706086159,0.352372586727142,4.90184879302979,32.8219985961914,2.21989440917969,0.0464815571904182,0.281419605016708,0.00648528197780252,0.958436489105225
213.515426635742,-0.21696649491787,0.0421307720243931,0.351726502180099,4.83934211730957,32.8357391357422,2.2499942779541,0.0460337549448013,0.281539082527161,0.00688589457422495,0.958420157432556
214.026626586914,-0.216880813241005,0.0421889908611774,0.352534681558609,4.87635087966919,32.8173561096191,2.38223624229431,0.0466667339205742,0.281321734189987,0.00790796335786581,0.958445489406586
214.541885375977,-0.214349761605263,0.0421805940568447,0.351616322994232,4.91088485717773,33.0382270812988,2.27260375022888,0.046699482947588,0.283203691244125,0.00681571569293737,0.957897901535034
215.071792602539,-0.214935764670372,0.0420462563633919,0.3514803647995,4.89885997772217,32.6943130493164,2.24309968948364,0.0465060845017433,0.280342847108841,0.00673857145011425,0.958748996257782
215.591049194336,-0.217086032032967,0.0421096682548523,0.353657156229019,4.85855865478516,32.6359901428223,2.35649752616882,0.0464424975216389,0.279819786548615,0.00781014561653137,0.95889675617218
216.125717163086,-0.217316150665283,0.0422165766358376,0.354926019906998,4.79731559753418,32.8168983459473,2.34805822372437,0.0459220632910728,0.281353563070297,0.00781747791916132,0.958472907543182
216.651031494141,-0.218697443604469,0.0425510443747044,0.353883743286133,4.67278671264648,32.7036590576172,2.48711013793945,0.0452131927013397,0.280385583639145,0.0093327984213829,0.958776593208313
217.177032470703,-0.220249861478806,0.0424813814461231,0.353183537721634,4.61953353881836,32.5293922424316,2.70197987556458,0.0452763736248016,0.278857737779617,0.0113305617123842,0.959197640419006
217.704925537109,-0.220871329307556,0.0426445305347443,0.353738993406296,4.65645313262939,32.5558929443359,2.81972670555115,0.0458745583891869,0.279021620750427,0.0122151141986251,0.959110677242279
218.217376708984,-0.221731752157211,0.0425044633448124,0.357260257005692,4.78388357162476,32.4373321533203,3.07040500640869,0.0475361570715904,0.277886807918549,0.0140499016270041,0.959334075450897
218.755554199219,-0.220119476318359,0.0424357056617737,0.360211968421936,4.85657453536987,32.678466796875,2.98781776428223,0.0479716621339321,0.279915750026703,0.0130799515172839,0.958736062049866
219.290115356445,-0.221916541457176,0.0425862967967987,0.358428210020065,4.79015731811523,32.3332557678223,3.02640914916992,0.0474695190787315,0.277031570672989,0.013709363527596,0.959589600563049
219.825439453125,-0.223076730966568,0.0438287891447544,0.349620372056961,4.11530494689941,32.2425384521484,2.56947255134583,0.040706142783165,0.276649117469788,0.0115581257268786,0.960038900375366
220.357009887695,-0.222058013081551,0.0436113774776459,0.348218083381653,4.13019132614136,32.3285140991211,2.50790119171143,0.0406903997063637,0.277387171983719,0.0109756197780371,0.959833443164825
220.898376464844,-0.220857366919518,0.0429327636957169,0.351618587970734,4.320725440979,32.4598121643066,2.55391216278076,0.0424093641340733,0.278417676687241,0.0108486535027623,0.959461987018585
221.419769287109,-0.220419809222221,0.043449554592371,0.351985484361649,4.07884550094604,32.6098251342773,2.48672151565552,0.0402359403669834,0.279763966798782,0.0108244363218546,0.959164261817932
221.934494018555,-0.219402223825455,0.0434864908456802,0.35077977180481,4.05802488327026,32.9754867553711,2.38765501976013,0.0398517139256001,0.282863408327103,0.00991919729858637,0.958280622959137
222.4453125,-0.220262661576271,0.0434418469667435,0.349324852228165,3.98483180999756,32.4309539794922,2.2073085308075,0.0387533716857433,0.278386861085892,0.00877682585269213,0.959646761417389
222.959197998047,-0.219574481248856,0.0435669794678688,0.346305012702942,3.99079966545105,32.9917449951172,2.10467934608459,0.0385922007262707,0.283113062381744,0.00771401962265372,0.958278715610504
223.47395324707,-0.218314111232758,0.0435659810900688,0.345597505569458,3.92484664916992,32.7274513244629,1.90352833271027,0.0375294201076031,0.280984163284302,0.00628206692636013,0.958957731723785
223.996520996094,-0.218825101852417,0.0431611947715282,0.347508400678635,4.13707828521729,32.6769676208496,2.00852727890015,0.0395592898130417,0.280477732419968,0.00665569351986051,0.959021925926208
224.50732421875,-0.21880042552948,0.043269619345665,0.35024505853653,4.22045660018921,32.6156311035156,1.89448130130768,0.0399747304618359,0.279984623193741,0.00551768625155091,0.959155976772308
225.027084350586,-0.220209792256355,0.0434306338429451,0.351640850305557,4.11395978927612,32.680980682373,2.11473989486694,0.0396261066198349,0.280480176210403,0.00760003458708525,0.959011435508728
225.545806884766,-0.221328645944595,0.0430293120443821,0.352060407400131,4.27402353286743,32.8439674377441,2.16352462768555,0.0410952866077423,0.281787246465683,0.00755628757178783,0.958566665649414
226.072906494141,-0.224116325378418,0.0442100577056408,0.349597692489624,3.70992398262024,32.7679634094238,2.22453474998474,0.036521852016449,0.281269490718842,0.00948464591056108,0.958886682987213
226.614135742188,-0.222813561558723,0.044382493942976,0.348677098751068,3.63119959831238,32.9018592834473,1.88916563987732,0.0350479520857334,0.28251251578331,0.00683134188875556,0.958598852157593
227.137908935547,-0.221295759081841,0.0439954064786434,0.348609745502472,3.72900748252869,33.1865158081055,1.77330338954926,0.0355940908193588,0.284907728433609,0.00553174084052444,0.957877933979034
227.688186645508,-0.220404356718063,0.0442922823131084,0.347202628850937,3.61114621162415,32.9578437805176,1.59225535392761,0.034150268882513,0.283074587583542,0.00438048271462321,0.958479762077332
228.283996582031,-0.222189605236053,0.0447247885167599,0.346919029951096,3.36467957496643,33.1080284118652,1.76518499851227,0.0325248315930367,0.284329026937485,0.00639501353725791,0.958153545856476
228.873794555664,-0.222260937094688,0.0442392006516457,0.349073469638824,3.58892846107483,33.2125778198242,1.78768384456635,0.034460611641407,0.285150527954102,0.00599356507882476,0.957844316959381
229.39192199707,-0.221241012215614,0.0439590513706207,0.349506855010986,3.61110305786133,33.1877479553223,1.83791124820709,0.0347695089876652,0.284923106431961,0.00636557582765818,0.957898437976837
229.898452758789,-0.219779536128044,0.0439149364829063,0.348104596138,3.66828203201294,33.3847427368164,1.6164642572403,0.0347041487693787,0.286624819040298,0.00431215204298496,0.957404434680939
230.413192749023,-0.222031727433205,0.0441479794681072,0.347759485244751,3.58830142021179,33.2554092407227,1.74180924892426,0.0343433059751987,0.285522401332855,0.00559883983805776,0.957740128040314
230.924713134766,-0.221641466021538,0.0442703142762184,0.349608451128006,3.69528484344482,33.2984161376953,1.91444039344788,0.0356697961688042,0.285806328058243,0.0067608174867928,0.957599461078644
231.426879882813,-0.219272032380104,0.043629564344883,0.350442439317703,3.87468814849854,33.4661293029785,1.62493705749512,0.0364520587027073,0.287260621786118,0.00383920758031309,0.957150876522064
231.949066162109,-0.220993131399155,0.0436656475067139,0.351023733615875,3.89158225059509,33.1953086853027,1.99667418003082,0.0375083759427071,0.284874141216278,0.00699036475270987,0.957805275917053
232.530899047852,-0.220322713255882,0.0440280474722385,0.351480036973953,3.87369704246521,32.8704566955566,2.14607930183411,0.0377067066729069,0.282112926244736,0.00839071813970804,0.958603203296661
233.047348022461,-0.223273172974586,0.0446961037814617,0.351086169481277,3.59289169311523,32.902961730957,2.43812298774719,0.0360807254910469,0.282360374927521,0.011517939157784,0.958560466766357
233.548416137695,-0.222286596894264,0.0450162962079048,0.355210304260254,3.48187923431396,33.0787544250488,2.64366245269775,0.0356795974075794,0.283795267343521,0.0134573588147759,0.958126366138458
234.078460693359,-0.218290001153946,0.0437682680785656,0.360169798135757,4.07478284835815,33.2906761169434,2.65205764770508,0.040677435696125,0.285400629043579,0.0119768362492323,0.957469820976257
234.588012695313,-0.218148499727249,0.0438680052757263,0.358707189559937,3.94322061538696,33.0104370117188,2.57942366600037,0.0393690206110477,0.283120095729828,0.0117957033216953,0.958203494548798
235.092864990234,-0.217821732163429,0.04393370449543,0.357793122529984,4.03118228912354,32.8150177001953,2.50727391242981,0.0399071723222733,0.281486719846725,0.0110420063138008,0.958671391010284
235.605728149414,-0.216837674379349,0.0440257824957371,0.356341779232025,4.04262351989746,32.9476699829102,2.37992477416992,0.0397014915943146,0.282637476921082,0.00990239903330803,0.958353698253632
236.111862182617,-0.219247713685036,0.044747494161129,0.357053697109222,3.68569254875183,32.7851066589355,2.80069828033447,0.0377350896596909,0.281232625246048,0.0143598727881908,0.958789944648743
236.62614440918,-0.218578681349754,0.0443188287317753,0.360217571258545,3.99837136268616,32.8979988098145,2.85619187355042,0.0404998958110809,0.282067656517029,0.0140127139165998,0.958436846733093
237.130081176758,-0.217600837349892,0.0443477928638458,0.36011865735054,3.89058256149292,32.954029083252,2.77096390724182,0.0393956042826176,0.282597303390503,0.0135474745184183,0.958333611488342
237.696426391602,-0.216931283473969,0.0437675788998604,0.357128739356995,4.03027772903442,33.2589225769043,2.3961181640625,0.0396654270589352,0.28523713350296,0.0099607277661562,0.957584083080292
238.211349487305,-0.214674547314644,0.0425718724727631,0.350334912538528,3.93248605728149,34.2340126037598,1.68021047115326,0.0371002480387688,0.293638318777084,0.00390700809657574,0.955188393592834
238.711532592773,-0.211442500352859,0.0391329005360603,0.334391385316849,3.52782273292542,34.3061866760254,0.154043704271317,0.0298083052039146,0.294746339321136,-0.00779428193345666,0.955078721046448
239.212173461914,-0.221553921699524,0.0460661016404629,0.303867965936661,0.292749583721161,34.0302429199219,359.480010986328,0.00111505563836545,0.292631179094315,-0.00508654722943902,0.95621120929718
239.713714599609,-0.228971987962723,0.0499224029481411,0.298286318778992,358.548797607422,33.2876205444336,1.45127809047699,-0.00850511156022549,0.286528766155243,0.0157597530633211,0.957904279232025
240.221633911133,-0.228435531258583,0.0475635230541229,0.299783170223236,359.698394775391,34.0832672119141,0.581531286239624,-0.00102918653283268,0.293074488639832,0.00562330661341548,0.956072509288788
240.736572265625,-0.233303979039192,0.0489220470190048,0.304627865552902,358.243835449219,34.9892997741699,1.35114741325378,-0.0110708251595497,0.300732880830765,0.0158505700528622,0.95351243019104
241.238677978516,-0.23265814781189,0.0485424995422363,0.313128530979156,359.022705078125,35.3242835998535,1.54916346073151,-0.00402421457692981,0.303474634885788,0.0154681960120797,0.952705442905426
241.742462158203,-0.232752546668053,0.048392616212368,0.313008219003677,359.221221923828,34.8323822021484,1.80071425437927,-0.0017806850373745,0.299368441104889,0.0170267429202795,0.953984022140503
242.261810302734,-0.231820359826088,0.0483037270605564,0.314611256122589,359.383239746094,34.6213684082031,1.90604901313782,-0.000188685226021335,0.297592908143997,0.0174803175032139,0.95453280210495
242.84326171875,-0.233884513378143,0.0477925762534142,0.316906660795212,359.572845458984,34.2788887023926,2.13149452209473,0.00191977270878851,0.294711470603943,0.0188719406723976,0.955397963523865
243.361373901367,-0.233007714152336,0.0478637032210827,0.314717054367065,359.49560546875,34.1148719787598,2.04983115196228,0.00103945971932262,0.293355733156204,0.0183911230415106,0.955825924873352
243.862014770508,-0.229873463511467,0.0473954193294048,0.31384938955307,359.642395019531,34.3642349243164,1.52543377876282,0.000951137859374285,0.295421987771988,0.0136391958221793,0.955269038677216
244.380157470703,-0.229060992598534,0.0474295690655708,0.315436393022537,359.789184570313,34.5483818054199,1.63000380992889,0.00246711145155132,0.296939194202423,0.0141286449506879,0.954788684844971
244.888671875,-0.228248566389084,0.0471358336508274,0.31505024433136,0.1201446428895,34.5939064025879,1.56511342525482,0.00506173213943839,0.297282546758652,0.0127284051850438,0.954691290855408
245.46272277832,-0.230224713683128,0.0473912581801414,0.312745273113251,359.814422607422,34.4414825439453,1.65443003177643,0.00272736744955182,0.296044886112213,0.014269333332777,0.95506352186203
245.976593017578,-0.229712799191475,0.0473127067089081,0.313305109739304,359.97216796875,34.4662475585938,1.58485388755798,0.00386543525382876,0.296235114336014,0.0132810659706593,0.955014884471893
246.476867675781,-0.230034098029137,0.0472318194806576,0.313137292861938,359.9775390625,34.4074630737305,1.58765757083893,0.0039106304757297,0.295744478702545,0.0132925547659397,0.955166578292847
246.978439331055,-0.230584055185318,0.0469528995454311,0.312464207410812,0.0946503207087517,34.2562713623047,1.61923015117645,0.00495068123564124,0.294468998908997,0.0132600544020534,0.955556273460388
247.480255126953,-0.229938641190529,0.0465194210410118,0.311942726373672,0.260154366493225,34.2041664123535,1.31423056125641,0.00554235745221376,0.294030129909515,0.0102938460186124,0.955724716186523
248.002944946289,-0.23239478468895,0.0457588955760002,0.314366608858109,0.779452323913574,33.872802734375,1.61044788360596,0.0106000853702426,0.291183084249496,0.0114622423425317,0.956539988517761
248.504577636719,-0.239448592066765,0.0466717518866062,0.310829639434814,0.415782511234283,33.9797019958496,2.02755951881409,0.00863934401422739,0.292093247175217,0.01586052775383,0.95621931552887
249.022857666016,-0.236926361918449,0.0467145182192326,0.310847580432892,0.717579066753387,34.3530807495117,1.39161038398743,0.0095684826374054,0.295216679573059,0.00975280255079269,0.955332696437836
249.535537719727,-0.235193684697151,0.0462282709777355,0.311403661966324,0.953358471393585,34.8677253723145,1.55711436271667,0.0120075009763241,0.299458831548691,0.0104709938168526,0.953976213932037
250.128234863281,-0.231429368257523,0.0452545955777168,0.316576987504959,1.43195497989655,34.5389709472656,1.58821022510529,0.0160454083234072,0.296649307012558,0.00952424295246601,0.954804182052612
250.644302368164,-0.230447486042976,0.0447640940546989,0.320711106061935,1.7875462770462,34.4929122924805,1.60997486114502,0.0190606787800789,0.296207875013351,0.00879163946956396,0.954892814159393
251.151336669922,-0.229604735970497,0.0445322021842003,0.319894075393677,1.84155023097992,34.3914184570313,1.39567565917969,0.0189505834132433,0.295389413833618,0.00688287056982517,0.955164194107056
251.656036376953,-0.232656076550484,0.0452033430337906,0.317886650562286,1.54117941856384,34.1623191833496,1.59693598747253,0.0169472694396973,0.293491780757904,0.00936962850391865,0.955765426158905
252.162506103516,-0.232782676815987,0.0445675700902939,0.317943155765533,1.90954375267029,34.5148010253906,1.71661460399628,0.020354550331831,0.296352088451385,0.00936056580394506,0.954815983772278
252.671585083008,-0.231228739023209,0.0445773601531982,0.317696213722229,1.83863234519958,34.329704284668,1.44395959377289,0.0190467983484268,0.29486745595932,0.00730312382802367,0.955320417881012
253.176208496094,-0.225947380065918,0.0437191352248192,0.319776684045792,2.32977533340454,34.8698616027832,1.10261297225952,0.0222771968692541,0.299360066652298,0.00308705284260213,0.953875124454498
253.688751220703,-0.226669639348984,0.0436881966888905,0.321146011352539,2.50141882896423,34.4166564941406,1.30473220348358,0.0242164395749569,0.295519828796387,0.00441631395369768,0.955019414424896
254.205047607422,-0.223485559225082,0.0429998189210892,0.319573998451233,2.86532354354858,34.8070907592773,1.02632772922516,0.0265345368534327,0.298780679702759,0.00106579274870455,0.953952252864838
254.706024169922,-0.227111965417862,0.0439618080854416,0.317264497280121,2.16148090362549,34.7548294067383,1.28372848033905,0.021344531327486,0.298391133546829,0.00505634117871523,0.954191565513611
255.208374023438,-0.226121872663498,0.0436132960021496,0.319695234298706,2.3492968082428,34.9023132324219,1.31855189800262,0.0230051185935736,0.299584805965424,0.00482696900144219,0.953780114650726
255.725128173828,-0.224719628691673,0.0433232672512531,0.321029990911484,2.48602700233459,35.1439247131348,1.35423934459686,0.0242462698370218,0.301566898822784,0.00471488479524851,0.953125059604645
256.244873046875,-0.224277019500732,0.0435157008469105,0.320698708295822,2.3421106338501,35.2314567565918,1.37538504600525,0.0231090746819973,0.302312731742859,0.00525247072800994,0.952914178371429
256.772705078125,-0.224790811538696,0.0440120920538902,0.320453613996506,2.17012166976929,35.0218544006348,1.60291314125061,0.0222653895616531,0.300551682710648,0.00763973919674754,0.953474998474121
257.277557373047,-0.2242541462183,0.0443841442465782,0.320781081914902,2.05841040611267,35.0076332092285,1.54318857192993,0.0211784448474646,0.300462871789932,0.00743889808654785,0.953529357910156
257.783203125,-0.225668162107468,0.0442623049020767,0.321252971887589,2.1252748966217,35.1262168884277,1.59090960025787,0.0218677781522274,0.301429629325867,0.00763776944950223,0.953207015991211
258.293365478516,-0.223280414938927,0.0426838360726833,0.32072514295578,3.05910468101501,35.6968612670898,0.791975438594818,0.0275247916579247,0.306207865476608,-0.00160481501370668,0.951565325260162
258.822937011719,-0.219568192958832,0.0435290224850178,0.321763843297958,2.72767424583435,36.5291061401367,0.695591509342194,0.0245035421103239,0.31317326426506,-0.00169658381491899,0.949378311634064
259.328948974609,-0.2066660374403,0.0416229590773582,0.322405099868774,4.17896175384521,36.0583419799805,359.583251953125,0.0335449501872063,0.309419423341751,-0.0147402845323086,0.950219511985779
259.839050292969,-0.212625563144684,0.04383834451437,0.318446457386017,2.81239604949951,35.4016380310059,0.592310547828674,0.0249493010342121,0.303830206394196,-0.0025386328343302,0.952396094799042
260.359985351563,-0.212169751524925,0.0437612943351269,0.318404167890549,2.55686521530151,35.6907958984375,0.616030275821686,0.0228842627257109,0.306254744529724,-0.00172117026522756,0.951672971248627
260.938568115234,-0.210701212286949,0.0426331385970116,0.328127920627594,3.35656428337097,35.7267532348633,1.071453332901,0.0307411029934883,0.306342661380768,-8.7974956841208E-05,0.951424777507782
261.449829101563,-0.209221884608269,0.0424143373966217,0.328031659126282,3.3673734664917,35.966365814209,0.847272038459778,0.0302272588014603,0.308389484882355,-0.00204144534654915,0.950777590274811
261.954650878906,-0.20850196480751,0.0415466204285622,0.327201962471008,3.80181574821472,35.6662254333496,0.808676898479462,0.0337364263832569,0.305846512317657,-0.00344400922767818,0.951476693153381
262.456451416016,-0.209374442696571,0.0415373183786869,0.328512012958527,3.76952815055847,35.5909271240234,0.800376653671265,0.0334484614431858,0.305228412151337,-0.00340464781038463,0.95168548822403
262.995452880859,-0.20813524723053,0.0405704379081726,0.334809958934784,4.30392360687256,35.7047843933105,1.0882511138916,0.0386496186256409,0.305996358394623,-0.00247802794910967,0.951244592666626
263.569458007813,-0.207531467080116,0.0402156859636307,0.33599728345871,4.564453125,35.8478813171387,1.29272019863129,0.0413556918501854,0.307063102722168,-0.00152970512863249,0.950788974761963
264.080657958984,-0.203941896557808,0.0399999842047691,0.332089811563492,4.65620183944702,35.9393119812012,0.867194533348083,0.0409719944000244,0.307957381010056,-0.00533948233351111,0.950502514839172
264.595581054688,-0.206603229045868,0.040611706674099,0.332454472780228,4.43653297424316,35.3616714477539,1.02973031997681,0.0396036431193352,0.303143203258514,-0.00320012238807976,0.952116429805756
265.097686767578,-0.208221644163132,0.0395324379205704,0.335998833179474,5.00837659835815,35.2767066955566,1.14878726005554,0.0446709804236889,0.302285879850388,-0.00369400205090642,0.952162861824036
265.616241455078,-0.210070967674255,0.0396815538406372,0.338109612464905,4.89300870895386,35.2322196960449,1.31272494792938,0.0441458374261856,0.301876157522202,-0.00200944091193378,0.952322423458099
266.136749267578,-0.207003012299538,0.0397235825657845,0.340624153614044,4.84862804412842,35.6650199890137,1.30015850067139,0.0437361598014832,0.305484861135483,-0.00216180132701993,0.951189517974854
266.714782714844,-0.201098620891571,0.0393175929784775,0.339103311300278,4.88097810745239,36.406867980957,1.37899076938629,0.0442035011947155,0.311599135398865,-0.00188015040475875,0.94918304681778
267.231567382813,-0.197543412446976,0.0382237173616886,0.334247380495071,5.58837747573853,36.8984909057617,1.45774734020233,0.0502601936459541,0.315474390983582,-0.0033731535077095,0.94759613275528
267.745178222656,-0.204715132713318,0.0413331352174282,0.328122138977051,4.21671533584595,36.3127136230469,1.65352880954742,0.0394473597407341,0.310863435268402,0.00223871786147356,0.949633002281189
268.249969482422,-0.210126549005508,0.0410739369690418,0.328991860151291,4.10191202163696,34.9451942443848,1.94174385070801,0.0392163395881653,0.299435794353485,0.00540807843208313,0.95329487323761
268.772430419922,-0.210286825895309,0.0422057919204235,0.327325522899628,3.48736882209778,34.9965324401855,1.8237247467041,0.0337994806468487,0.300037801265717,0.00602294132113457,0.953309297561646
269.276794433594,-0.209612563252449,0.0426998063921928,0.32378426194191,3.17044258117676,35.9267807006836,1.28711950778961,0.0297763627022505,0.307976216077805,0.00214916048571467,0.950925588607788
269.777038574219,-0.20607116818428,0.0415983460843563,0.326310247182846,3.7258460521698,35.7932090759277,0.956161737442017,0.0334970913827419,0.306869000196457,-0.00205344590358436,0.9511598944664
270.291931152344,-0.201923742890358,0.0405396856367588,0.332666516304016,4.45561695098877,35.5415115356445,1.02238821983337,0.0397375077009201,0.304636210203171,-0.00337409158237278,0.95163357257843
270.875549316406,-0.197145536541939,0.0393699929118156,0.33441162109375,5.1253514289856,35.9449882507324,1.14903092384338,0.0456191822886467,0.307809829711914,-0.00426751561462879,0.950344085693359
271.391998291016,-0.201488628983498,0.0403759330511093,0.329671293497086,4.48682641983032,35.3573684692383,1.28869557380676,0.0407064259052277,0.303007245063782,-0.00118027697317302,0.952117741107941
271.908416748047,-0.204784110188484,0.0404382534325123,0.324667781591415,4.28321838378906,35.5331687927246,1.05225336551666,0.0383856818079948,0.304587185382843,-0.00266395416110754,0.951706945896149
272.415893554688,-0.210550978779793,0.0404567718505859,0.324957340955734,4.13068532943726,35.4207153320313,1.33545815944672,0.0378717146813869,0.303586930036545,0.000131703025544994,0.952050805091858
272.916534423828,-0.213134735822678,0.0408068224787712,0.326542675495148,3.84406852722168,35.2784461975098,1.33226346969604,0.0354813933372498,0.302459806203842,0.00091054494259879,0.952501118183136
273.445526123047,-0.213093370199203,0.0409311726689339,0.327823370695114,3.92885756492615,35.0594062805176,1.44387006759644,0.0364773832261562,0.30058741569519,0.00168359512463212,0.953054964542389
274.027923583984,-0.209523275494576,0.0460313148796558,0.322384148836136,1.22125315666199,35.8108787536621,0.848753690719604,0.0124178230762482,0.307345986366272,0.00377111579291523,0.951509356498718
274.531280517578,-0.214040637016296,0.0446691364049911,0.320121705532074,1.90693509578705,36.1310539245605,1.59938645362854,0.0201459843665361,0.30981057882309,0.00810719840228558,0.950550258159637
275.056701660156,-0.211018279194832,0.0448367893695831,0.324853718280792,1.95717298984528,36.5952415466309,1.38528442382813,0.020008709281683,0.313688278198242,0.00611417507752776,0.949295461177826
275.581207275391,-0.206118628382683,0.0444468185305595,0.326502501964569,2.00308322906494,36.9983291625977,1.17866671085358,0.0198382809758186,0.317055106163025,0.00420692982152104,0.948190331459045
276.138793945313,-0.204862058162689,0.0447137579321861,0.326305747032166,1.79652690887451,36.8666076660156,1.56528306007385,0.0191898047924042,0.315929055213928,0.00800021458417177,0.948555052280426
276.659759521484,-0.207201808691025,0.0448311865329742,0.328466087579727,2.10658049583435,36.3581008911133,2.16917490959167,0.0233661402016878,0.311548352241516,0.0122466217726469,0.949864029884338
277.199462890625,-0.205676481127739,0.0435070395469666,0.331735670566559,2.54936695098877,36.3086700439453,1.96354687213898,0.02647246979177,0.311092704534531,0.00934716407209635,0.949964880943298
277.715362548828,-0.199161306023598,0.040499210357666,0.335244953632355,3.44130825996399,37.0129165649414,1.22691488265991,0.031869076192379,0.316945374011993,0.000618175603449345,0.947908043861389
278.254791259766,-0.204894885420799,0.040354035794735,0.33010470867157,2.93242979049683,37.7475547790527,1.01013457775116,0.027061365544796,0.323152482509613,6.14627788309008E-05,0.94595992565155
278.821838378906,-0.212948456406593,0.0435285158455372,0.326534301042557,2.20235300064087,37.6611022949219,1.90345597267151,0.0235470980405807,0.322364181280136,0.00951596908271313,0.946274995803833
279.400207519531,-0.21139107644558,0.043615497648716,0.331031531095505,2.47194576263428,37.4480667114258,2.10792827606201,0.0263284053653479,0.320505529642105,0.0104935001581907,0.946822583675385
279.973114013672,-0.20745575428009,0.0434506386518478,0.331709086894989,2.77247190475464,38.2204475402832,1.77825522422791,0.02793481759727,0.326896578073502,0.00673893745988607,0.944623172283173
280.553955078125,-0.209074407815933,0.0432956665754318,0.334086120128632,2.68880820274353,37.866268157959,1.72529232501984,0.0270738732069731,0.324004292488098,0.00662523228675127,0.945644915103912
281.127014160156,-0.209694102406502,0.0426558293402195,0.331869155168533,2.78139448165894,37.8192443847656,1.66207766532898,0.0276565961539745,0.323613733053207,0.00585259450599551,0.945766866207123
281.703430175781,-0.212033867835999,0.0434775538742542,0.327291011810303,2.38199210166931,37.5155334472656,1.63954138755798,0.0242790579795837,0.321183830499649,0.00686117587611079,0.946680724620819
282.260467529297,-0.223058581352234,0.0481170751154423,0.314871847629547,359.791076660156,37.1048278808594,2.15726852416992,0.00426142523065209,0.318147659301758,0.0184262655675411,0.947852492332458
282.828125,-0.223786905407906,0.0464276261627674,0.309022545814514,0.523090422153473,37.8204002380371,1.831334233284,0.0094969579949975,0.323972076177597,0.0136388521641493,0.945920705795288
283.356170654297,-0.22228117287159,0.0458232536911964,0.30780029296875,0.881420731544495,37.8185195922852,1.38400304317474,0.0111899534240365,0.323949217796326,0.00893279910087585,0.945966124534607
283.867309570313,-0.220044448971748,0.0457220934331417,0.315477788448334,1.30845165252686,37.3102798461914,1.77955496311188,0.0157838761806488,0.31964385509491,0.0110601922497153,0.947341740131378
284.441802978516,-0.221604079008102,0.0457461327314377,0.317766666412354,1.65294575691223,37.8129920959473,1.75109994411469,0.0185951627790928,0.323744654655457,0.0097814779728651,0.945911228656769
285.010559082031,-0.236776769161224,0.0461046956479549,0.321318358182907,1.61748707294464,39.3709907531738,2.28009939193726,0.0199887529015541,0.336492240428925,0.0139779038727283,0.9413703083992
285.513885498047,-0.241322726011276,0.0465365275740623,0.325860112905502,1.66391623020172,39.6299362182617,2.92700862884521,0.0223125480115414,0.338488519191742,0.0191050786525011,0.94051194190979
286.08349609375,-0.232897713780403,0.0469271801412106,0.32293227314949,1.59374499320984,43.2856521606445,2.66432166099548,0.0214973017573357,0.368383556604385,0.0164794083684683,0.929279267787933
286.666809082031,-0.22203853726387,0.0461533144116402,0.316616594791412,1.99138760566711,52.6789665222168,1.86344850063324,0.0227848179638386,0.443309962749481,0.00686146365478635,0.896052479743958
287.235534667969,-0.224650159478188,0.0468000061810017,0.317539870738983,1.99141526222229,51.8318901062012,2.58129382133484,0.025468721985817,0.436523169279099,0.0126630142331123,0.899243295192719
287.807739257813,-0.223964914679527,0.0475860461592674,0.316067934036255,1.35688138008118,49.104118347168,2.29394602775574,0.0190849248319864,0.415191888809204,0.0132868951186538,0.909436583518982
288.371978759766,-0.221719086170197,0.0476385019719601,0.318986624479294,1.38152384757996,47.8920021057129,2.72317862510681,0.0206587109714746,0.405469596385956,0.0168234091252089,0.9137202501297
288.945861816406,-0.231158316135406,0.0472900569438934,0.326715499162674,1.52652525901794,42.6331405639648,3.35340404510498,0.0230399891734123,0.362969666719437,0.0224151965230703,0.931246340274811
289.516784667969,-0.233027577400208,0.0472909063100815,0.328343659639359,1.51035284996033,41.9903755187988,3.45145583152771,0.0230883229523897,0.357725352048874,0.0233932211995125,0.933248221874237
290.090240478516,-0.234912127256393,0.0462250337004662,0.331398278474808,1.96235287189484,39.3024711608887,3.36454129219055,0.0259907376021147,0.335626214742661,0.0218868684023619,0.941382229328156
290.594512939453,-0.252639055252075,0.0470978952944279,0.335686296224594,1.35936427116394,31.2283115386963,4.84574556350708,0.0227921418845654,0.26841527223587,0.0375215411186218,0.962302446365356
291.094665527344,-0.253372848033905,0.0469980277121067,0.332208067178726,1.3859703540802,32.5162963867188,4.74007034301758,0.0231775883585215,0.279225468635559,0.0363133400678635,0.959258735179901
291.597320556641,-0.30407726764679,0.0392825864255428,0.361183673143387,5.29591417312622,359.664764404297,5.83952236175537,0.0459900833666325,-0.00527191208675504,0.0510177724063396,0.997624337673187
292.134826660156,-0.316702544689178,0.0372376702725887,0.361396223306656,5.889564037323,353.087890625,6.20852708816528,0.0479446314275265,-0.0628921017050743,0.0570756606757641,0.995232760906219
292.710784912109,-0.30427673459053,0.0421150028705597,0.369484394788742,2.35875821113586,352.276794433594,7.3639702796936,0.0161694902926683,-0.0685121417045593,0.0654424726963043,0.995370268821716
293.213348388672,-0.30362343788147,0.038781713694334,0.372671395540237,3.82873439788818,348.470764160156,5.68613338470459,0.0282167606055737,-0.101910807192326,0.0526733472943306,0.992997229099274
293.715881347656,-0.264640927314758,0.0426740944385529,0.360696017742157,3.61443972587585,12.683876991272,7.51991128921509,0.0385163426399231,0.108113832771778,0.0616666823625565,0.991476237773895
294.28125,-0.228044211864471,0.0338005423545837,0.341673225164413,6.9294695854187,25.8895149230957,356.441558837891,0.0519274584949017,0.22532294690609,-0.0437354631721973,0.971915781497955
294.783264160156,-0.227989315986633,0.0400483012199402,0.339868009090424,5.44795083999634,28.5366287231445,359.363220214844,0.0446896478533745,0.246436730027199,-0.0170923322439194,0.967977106571198
295.284088134766,-0.233450278639793,0.0424649268388748,0.337953120470047,4.44010972976685,28.0412731170654,0.906753301620483,0.0394979603588581,0.241784557700157,-0.00171337486244738,0.969524264335632
295.788024902344,-0.234012484550476,0.0419757850468159,0.339172095060349,4.4570894241333,28.0720691680908,1.2695187330246,0.0404071658849716,0.241915851831436,0.0013090861029923,0.969454646110535
296.363952636719,-0.234335064888,0.0408986918628216,0.341029524803162,4.99453639984131,27.910099029541,1.48074173927307,0.0453954264521599,0.24036505818367,0.00202134973369539,0.969618380069733
296.865112304688,-0.234520822763443,0.0410095639526844,0.340474784374237,4.96876573562622,27.9019508361816,1.50262701511383,0.0452231615781784,0.240292638540268,0.00226405332796276,0.969643831253052
297.372039794922,-0.235376074910164,0.0403788723051548,0.342526018619537,5.18140506744385,27.7915649414063,1.68094456195831,0.047392450273037,0.239241704344749,0.00337052159011364,0.969796895980835
297.933990478516,-0.235049486160278,0.0393697060644627,0.344036221504211,5.65763664245605,27.6874771118164,1.58604645729065,0.0512215904891491,0.238297075033188,0.00161442160606384,0.96983927488327
298.454406738281,-0.234574109315872,0.0389496088027954,0.34491902589798,5.91012763977051,27.7270107269287,1.65686345100403,0.0535054877400398,0.238542392849922,0.00166726717725396,0.969655573368073
298.971801757813,-0.235320821404457,0.0394979044795036,0.343033730983734,5.61742258071899,27.9023208618164,1.64636433124542,0.0510108359158039,0.240096986293793,0.00211338512599468,0.96940541267395
299.516418457031,-0.236341491341591,0.0394925139844418,0.342931151390076,5.47994041442871,27.6696224212646,1.70047438144684,0.0499556213617325,0.238135010004044,0.00296230870299041,0.969941973686218
300.021728515625,-0.235463529825211,0.0390858054161072,0.345410048961639,5.64452457427979,27.5965595245361,1.71883606910706,0.0513845533132553,0.237471014261246,0.0028064725920558,0.970030546188354
300.552520751953,-0.235594809055328,0.0401271320879459,0.343604445457458,5.2101788520813,28.2432670593262,1.88820052146912,0.0480880886316299,0.242969706654549,0.00487460568547249,0.968828976154327
301.053314208984,-0.236357688903809,0.0399972759187222,0.342938095331192,5.22503137588501,28.2905464172363,1.90265417098999,0.0482463017106056,0.243359819054604,0.00494522135704756,0.968722820281982
301.563385009766,-0.237102836370468,0.0395059660077095,0.343207716941833,5.45352172851563,28.3423652648926,1.95104825496674,0.0502820014953613,0.243721842765808,0.00484337145462632,0.968528747558594
302.132873535156,-0.237140685319901,0.0397122874855995,0.3428795337677,5.41887664794922,28.2226753234863,1.85624432563782,0.0497833117842674,0.242759823799133,0.00416823895648122,0.968799233436584
302.713012695313,-0.237730622291565,0.0396522916853428,0.343192368745804,5.34020185470581,28.283203125,1.94843697547913,0.0493164099752903,0.24325056374073,0.00508932955563068,0.96869558095932
303.218170166016,-0.238958492875099,0.039893377572298,0.342851668596268,5.14708995819092,28.4956016540527,1.96178615093231,0.0477231964468956,0.245086804032326,0.00552625209093094,0.968310058116913
303.788818359375,-0.238088756799698,0.0394339039921761,0.344672918319702,5.30527830123901,28.3423900604248,1.90983724594116,0.0489418543875217,0.243775844573975,0.00481234770268202,0.968583941459656
304.316589355469,-0.239189445972443,0.0397496037185192,0.344524562358856,5.12068128585815,28.1263961791992,2.10212016105652,0.0477781854569912,0.241913735866547,0.00692289369180799,0.969096064567566
304.834777832031,-0.23900493979454,0.0397135354578495,0.344486087560654,5.18314552307129,28.3390502929688,2.11861181259155,0.0483538061380386,0.243689075112343,0.00683990120887756,0.968623161315918
305.353637695313,-0.239698201417923,0.0398997664451599,0.345679938793182,5.18490982055664,28.2711582183838,2.28280091285706,0.0487129464745522,0.243045136332512,0.00825284328311682,0.968755900859833
305.941619873047,-0.240185469388962,0.0400890149176121,0.344957649707794,5.08736944198608,28.3229637145996,2.32256102561951,0.0479770079255104,0.243492215871811,0.00877566076815128,0.968675792217255
306.509307861328,-0.240024477243423,0.0398052409291267,0.344865828752518,5.10182094573975,28.4841976165771,2.26082038879395,0.0479794330894947,0.244876950979233,0.00815532263368368,0.968331933021545
307.011047363281,-0.238980621099472,0.0416559316217899,0.350211024284363,4.08227491378784,29.2708549499512,3.30546355247498,0.0417297519743443,0.251408398151398,0.0188925564289093,0.966796576976776
307.511199951172,-0.235231578350067,0.0412472300231457,0.343384057283401,4.26367664337158,30.1487636566162,2.01153945922852,0.0404753424227238,0.259222269058228,0.00726438267156482,0.964941918849945
308.087890625,-0.237105280160904,0.0450763367116451,0.330894112586975,2.38249778747559,31.2874603271484,1.71830523014069,0.0240598153322935,0.269266098737717,0.00883049983531237,0.96272474527359
308.593841552734,-0.232923597097397,0.0459624603390694,0.320640742778778,1.40888142585754,31.1961212158203,1.01396894454956,0.0142203010618687,0.268751561641693,0.00521621154621243,0.963090419769287
309.109436035156,-0.230152443051338,0.0448612682521343,0.327378809452057,2.39617681503296,30.2607536315918,1.26119017601013,0.0230550654232502,0.260721355676651,0.00516461860388517,0.96512496471405
309.614624023438,-0.229412630200386,0.0441219247877598,0.331251591444016,2.83618450164795,30.7740058898926,1.39180016517639,0.0270806755870581,0.264946788549423,0.00514047034084797,0.963868975639343
310.115509033203,-0.230001077055931,0.0447290986776352,0.325436353683472,2.67559361457825,30.925365447998,1.10235679149628,0.0250647664070129,0.266309201717377,0.00304478127509356,0.963556885719299
310.690032958984,-0.23607026040554,0.0452421046793461,0.32065361738205,2.24622774124146,30.76096534729,1.6605806350708,0.0227394290268421,0.264875054359436,0.00877100881189108,0.963974714279175
311.201843261719,-0.242836475372314,0.0459537506103516,0.320674002170563,1.73163974285126,30.6484146118164,1.96802294254303,0.0191095061600208,0.263961136341095,0.0125680100172758,0.964262127876282
311.788940429688,-0.241379603743553,0.0461630411446095,0.322750896215439,1.79188096523285,30.3515090942383,2.00765490531921,0.0196745004504919,0.261444240808487,0.0128134889528155,0.964932978153229
312.293365478516,-0.24162957072258,0.0462932027876377,0.323413580656052,1.81843113899231,30.1085948944092,2.07226538658142,0.0200172103941441,0.259382039308548,0.0133393136784434,0.96547520160675
312.854766845703,-0.241239383816719,0.0447574034333229,0.323748737573624,2.45879602432251,30.1976432800293,1.81459021568298,0.024835841730237,0.260064005851746,0.00969636160880327,0.96522319316864
313.359344482422,-0.242061585187912,0.0446823462843895,0.324012190103531,2.55639791488647,30.298360824585,1.99676311016083,0.0260808449238539,0.260853260755539,0.0109858112409711,0.964963555335999
313.883697509766,-0.240639746189117,0.0444268435239792,0.324199885129929,2.55647969245911,30.0918636322021,1.73777425289154,0.0254760030657053,0.259172171354294,0.00885060243308544,0.965454518795013
314.467315673828,-0.238587856292725,0.0444190017879009,0.325461596250534,2.57368874549866,29.792200088501,1.79436695575714,0.0257245767861605,0.256630837917328,0.00935568660497665,0.966121792793274
314.974700927734,-0.241289466619492,0.0460048243403435,0.325433880090714,1.97274780273438,29.898494720459,2.47361183166504,0.0221953373402357,0.257506012916565,0.0164113249629736,0.965882360935211
315.501525878906,-0.228698909282684,0.0426488183438778,0.332697331905365,2.9611394405365,30.8784599304199,0.845515251159668,0.026868462562561,0.265936255455017,0.000231518701184541,0.963616073131561
316.075714111328,-0.212814927101135,0.0338037274777889,0.334411680698395,6.52665901184082,32.4095230102539,358.148681640625,0.0501552298665047,0.279465079307556,-0.0313720889389515,0.958331644535065
316.658569335938,-0.222418621182442,0.0419238172471523,0.312029957771301,3.94273900985718,35.0652961730957,359.0556640625,0.0303198508918285,0.301330983638763,-0.0182160660624504,0.952863335609436
317.168762207031,-0.225679025053978,0.0450235567986965,0.298038601875305,1.64043068885803,34.1733932495117,359.089447021484,0.0113482279703021,0.293887734413147,-0.0118004363030195,0.955699741840363
317.736053466797,-0.214972257614136,0.0474379621446133,0.299149036407471,0.453847438097,34.5862121582031,359.235198974609,0.00179749610833824,0.297276258468628,-0.0075497031211853,0.954760015010834
318.311920166016,-0.214832410216331,0.0472645089030266,0.306043803691864,0.884099900722504,33.8729019165039,359.513092041016,0.00614267634227872,0.291330933570862,-0.00631223199889064,0.956581830978394
318.898834228516,-0.218554496765137,0.0472060665488243,0.314861088991165,1.09241724014282,32.8197135925293,0.656582295894623,0.0107631338760257,0.282436639070511,0.00280299317091703,0.959221482276917
319.428955078125,-0.219092190265656,0.0473312139511108,0.316116839647293,1.03033709526062,32.8366279602051,0.922740757465363,0.010900242254138,0.282558053731918,0.00518240686506033,0.959174335002899
319.949920654297,-0.218463093042374,0.0480917692184448,0.31607061624527,0.674222111701965,33.3737564086914,0.676582932472229,0.00733112264424562,0.287097901105881,0.00396611634641886,0.957864999771118
320.474609375,-0.217265769839287,0.0489117465913296,0.316219806671143,0.1164520829916,33.9380989074707,0.303941696882248,0.00174610095564276,0.291851341724396,0.00224031647667289,0.95645946264267
321.047607421875,-0.215531170368195,0.0485552363097668,0.320193082094193,0.262830406427383,34.1659622192383,0.396114587783813,0.00320785702206194,0.293746292591095,0.00263046263717115,0.955874443054199
321.620788574219,-0.216896504163742,0.0488666892051697,0.323083609342575,0.266601383686066,34.0632514953613,0.467613369226456,0.00341970846056938,0.292887181043625,0.00322027457877994,0.956135511398315
322.196380615234,-0.21530781686306,0.0484688766300678,0.326215654611588,0.495291978120804,34.2607879638672,0.677314877510071,0.00587135553359985,0.294515013694763,0.00437530735507607,0.955618798732758
322.76416015625,-0.21559676527977,0.0491974726319313,0.325335443019867,0.00526108685880899,34.5113868713379,0.785499215126038,0.00207720417529345,0.296629190444946,0.0065325740724802,0.954968154430389
323.267578125,-0.218144997954369,0.0495797395706177,0.322915583848953,359.752655029297,33.5356063842773,0.645637333393097,-0.000441355397924781,0.288500189781189,0.00601738272234797,0.957460820674896
323.775848388672,-0.219026178121567,0.0497356131672859,0.320618718862534,359.50048828125,33.6694679260254,0.429008454084396,-0.00308790383860469,0.289622962474823,0.00484572304412723,0.957123577594757
324.340270996094,-0.218598037958145,0.0502920784056187,0.321841150522232,359.480651855469,33.7846794128418,0.61590713262558,-0.00277475523762405,0.290590405464172,0.00645971670746803,0.956821739673615
324.902282714844,-0.218372091650963,0.0495881661772728,0.324638932943344,359.878692626953,34.0376472473145,0.85851776599884,0.00118055695202202,0.292685061693192,0.00747365551069379,0.956178963184357
325.497955322266,-0.218198254704475,0.0495496317744255,0.323903203010559,0.0111772576346993,33.9739379882813,0.999203443527222,0.0026407444383949,0.292142301797867,0.00831066444516182,0.956335127353668
326.065460205078,-0.216937467455864,0.0490071848034859,0.321293771266937,0.163560375571251,33.820930480957,0.67989844083786,0.00309142027981579,0.290863424539566,0.00526147242635489,0.956745147705078
326.617767333984,-0.220500111579895,0.049857210367918,0.315568178892136,359.547637939453,33.9865417480469,0.551518857479095,-0.00236864644102752,0.292271882295609,0.00575644429773092,0.956315040588379
327.129180908203,-0.219803869724274,0.04946294054389,0.316534698009491,359.865203857422,33.8571128845215,0.609684109687805,0.00042383058462292,0.291180729866028,0.00543245393782854,0.956652641296387
327.722015380859,-0.217306062579155,0.0464701764285564,0.330939531326294,1.19746661186218,34.157169342041,0.773978471755981,0.0119721302762628,0.293592840433121,0.00338716874830425,0.955849587917328
328.23193359375,-0.217312216758728,0.0468083620071411,0.332894533872604,1.14121460914612,34.6150131225586,0.823486268520355,0.0116454409435391,0.297409206628799,0.00389782292768359,0.954671144485474
328.792785644531,-0.216535553336143,0.0469705946743488,0.335923820734024,1.43326926231384,35.2894630432129,0.929464340209961,0.0143768703565001,0.302983611822128,0.00393780972808599,0.952879190444946
329.377838134766,-0.215977802872658,0.0475557073950768,0.335237890481949,1.0045930147171,35.9182891845703,0.953570187091827,0.0109048904851079,0.308246821165085,0.00521263014525175,0.951229631900787
329.957763671875,-0.218466132879257,0.0480928644537926,0.331486940383911,0.570129156112671,35.9406433105469,0.642206013202667,0.00646154209971428,0.308489143848419,0.00379583751782775,0.95119833946228
330.466796875,-0.221376195549965,0.049510195851326,0.325025975704193,359.744873046875,36.443473815918,0.839451253414154,0.000176009649294429,0.312701642513275,0.00765430927276611,0.949820518493652
331.044860839844,-0.221828147768974,0.0496100783348083,0.322101533412933,359.577789306641,35.7469367980957,0.291542947292328,-0.00272586056962609,0.306921780109406,0.00355222448706627,0.951724231243134
331.629150390625,-0.221364945173264,0.0493562258780003,0.322750240564346,359.762847900391,35.4902725219727,0.392454892396927,-0.000927360553760082,0.304787755012512,0.00389265106059611,0.952411949634552
332.203491210938,-0.221599712967873,0.0500199608504772,0.326248109340668,359.535461425781,34.3115348815918,0.813214421272278,-0.00178012927062809,0.294988095760345,0.00797650590538979,0.955465972423553
332.794250488281,-0.223586663603783,0.0498131401836872,0.32763797044754,359.529815673828,34.817813873291,0.916747152805328,-0.00152143591549248,0.299208372831345,0.0088610639795661,0.954145491123199
333.362091064453,-0.222561970353127,0.0498074740171432,0.326333612203598,359.584533691406,35.9341049194336,0.807694733142853,-0.00127452635206282,0.308484673500061,0.00782301183789968,0.951196312904358
333.936859130859,-0.22253879904747,0.050246424973011,0.323333114385605,359.311676025391,35.4613952636719,0.812330663204193,-0.00356248137541115,0.304570853710175,0.00858129002153873,0.95244437456131
334.511627197266,-0.224946543574333,0.0509123541414738,0.31951442360878,358.74853515625,35.4940414428711,0.685607671737671,-0.00857733841985464,0.30485337972641,0.00902672950178385,0.952317953109741
335.081848144531,-0.227338925004005,0.0516531877219677,0.31694096326828,358.27197265625,35.1205444335938,0.565014362335205,-0.0128890750929713,0.3017418384552,0.00924989394843578,0.95325767993927
335.655700683594,-0.228276073932648,0.0521205551922321,0.320176303386688,358.173522949219,34.8098678588867,1.06096065044403,-0.0124388672411442,0.299212962388992,0.0136007890105247,0.954008340835571
336.233673095703,-0.22742760181427,0.0524804256856441,0.322736531496048,358.083648681641,35.4478225708008,1.17945408821106,-0.0127950552850962,0.304535865783691,0.0148931751027703,0.952298521995544
336.737762451172,-0.227110087871552,0.0530718266963959,0.323612600564957,357.777435302734,35.2226676940918,1.18648838996887,-0.0153522621840239,0.30267670750618,0.0157343428581953,0.952839732170105
337.299896240234,-0.228419363498688,0.05304204672575,0.324286580085754,357.832916259766,35.0201988220215,1.39199876785278,-0.0143786463886499,0.301016956567764,0.0172714609652758,0.953353941440582
337.865447998047,-0.229767650365829,0.0528972670435905,0.324045211076736,357.810302734375,35.0135307312012,1.55403566360474,-0.014142177067697,0.30098295211792,0.0186779927462339,0.953341722488403
338.435150146484,-0.228725433349609,0.0528703667223454,0.322158694267273,357.692657470703,35.1105422973633,1.26471364498138,-0.0158668458461761,0.301758021116257,0.0165928844362497,0.953108072280884
338.991424560547,-0.224442735314369,0.0531383603811264,0.321356385946274,357.569396972656,35.1731758117676,1.02941799163818,-0.017503596842289,0.302248239517212,0.0149695342406631,0.952951014041901
339.495361328125,-0.224658846855164,0.0534148402512074,0.322160929441452,357.443145751953,34.9992408752441,1.19617927074432,-0.0181391928344965,0.300830394029617,0.0166613981127739,0.953359603881836
340.073669433594,-0.225829795002937,0.0529848858714104,0.322935253381729,357.583374023438,35.112003326416,1.11394369602203,-0.0171727687120438,0.301751911640167,0.015626473352313,0.953103721141815
340.576110839844,-0.226750373840332,0.0532055646181107,0.324041694402695,357.576751708984,35.3010406494141,1.25399529933929,-0.0168313346803188,0.303344786167145,0.0168365444988012,0.952583432197571
341.085968017578,-0.220883846282959,0.0523231998085976,0.332028388977051,358.380920410156,35.3069915771484,1.04839205741882,-0.0106885749846697,0.303339928388596,0.0130015909671783,0.952733755111694
341.666320800781,-0.226381778717041,0.0538474395871162,0.332407385110855,357.365539550781,35.520450592041,1.36327219009399,-0.0182630121707916,0.305192500352859,0.0183381866663694,0.951938927173615
342.231994628906,-0.224537163972855,0.0539964064955711,0.335488945245743,357.361541748047,35.3446197509766,1.31391739845276,-0.0184551198035479,0.303723722696304,0.0179104991257191,0.952413022518158
342.756591796875,-0.225219011306763,0.0543059706687927,0.336551040410995,357.151428222656,35.2804412841797,1.5907347202301,-0.0194795224815607,0.303244948387146,0.0207560881972313,0.952487409114838
343.289733886719,-0.225059121847153,0.0551203414797783,0.330329239368439,356.582000732422,34.9546661376953,1.38055372238159,-0.0248278733342886,0.30051577091217,0.0204421654343605,0.953234493732452
343.808807373047,-0.224581062793732,0.0563207864761353,0.327687859535217,355.960754394531,34.9140129089355,1.45516395568848,-0.0298088062554598,0.300206422805786,0.0226772800087929,0.953138649463654
344.357269287109,-0.222861632704735,0.0566782504320145,0.327182978391647,355.805694580078,34.8464241027832,1.22704899311066,-0.0317089818418026,0.299583494663239,0.0211663115769625,0.953308045864105
344.933807373047,-0.223325505852699,0.0564110204577446,0.329730182886124,355.864776611328,34.7457695007324,1.5300999879837,-0.0304456148296595,0.298827946186066,0.0235066134482622,0.953531563282013
345.491302490234,-0.224550932645798,0.0566846095025539,0.331184476613998,355.8193359375,34.6467552185059,1.73010694980621,-0.0303240604698658,0.298058062791824,0.0252627730369568,0.95373147726059
345.992584228516,-0.227417469024658,0.0570903681218624,0.328727334737778,355.355773925781,34.2688636779785,1.7445285320282,-0.0342331640422344,0.294928044080734,0.0264712832868099,0.954539120197296
346.541107177734,-0.227965921163559,0.0581432729959488,0.327151209115982,354.831115722656,33.8403587341309,1.81374073028564,-0.038532730191946,0.291389524936676,0.0282484944909811,0.955410599708557
347.116149902344,-0.227337911725044,0.0575908944010735,0.329792201519012,355.017974853516,33.8559112548828,1.87859952449799,-0.0368052050471306,0.291536390781403,0.0283212997019291,0.955431759357452
347.616149902344,-0.225855335593224,0.0573536977171898,0.328812330961227,355.186401367188,34.0150489807129,1.70173561573029,-0.0358136333525181,0.292803406715393,0.026469811797142,0.95513504743576
348.203033447266,-0.229796320199966,0.058195948600769,0.32267752289772,354.750183105469,33.4537010192871,1.94506859779358,-0.0389732494950294,0.288210391998291,0.029416861012578,0.956321358680725
348.773651123047,-0.236480951309204,0.0590172596275806,0.312195897102356,353.972320556641,33.3597831726074,1.96213603019714,-0.0454498752951622,0.287447690963745,0.0314676240086555,0.956199705600739
349.366424560547,-0.236197501420975,0.0592946112155914,0.313889771699905,354.075408935547,33.1375274658203,2.06568884849548,-0.0443915538489819,0.285631418228149,0.0319886580109596,0.956776261329651
349.913726806641,-0.236069023609161,0.0586745403707027,0.318567723035812,354.345764160156,33.3964767456055,2.15122032165527,-0.0418470539152622,0.287817627191544,0.0321277305483818,0.95623105764389
350.479644775391,-0.233674556016922,0.0579716600477695,0.323044031858444,354.744323730469,33.1077919006348,2.10299277305603,-0.0387175716459751,0.285376071929932,0.0306327063590288,0.957143187522888
351.053253173828,-0.233071446418762,0.0578971058130264,0.325566917657852,354.889312744141,33.142406463623,2.08891034126282,-0.0375318117439747,0.285654664039612,0.0301673356443644,0.957122087478638
351.615051269531,-0.234215587377548,0.057783305644989,0.328185468912125,355.000823974609,33.3240737915039,2.16976094245911,-0.0363500751554966,0.287192732095718,0.0306239109486341,0.95669287443161
352.148376464844,-0.233606100082397,0.0573333725333214,0.325733482837677,354.993438720703,33.0924263000488,1.98174571990967,-0.0369415655732155,0.285198330879211,0.0289979595690966,0.957317292690277
352.706268310547,-0.229455888271332,0.0561024360358715,0.325260639190674,355.696807861328,32.9980125427246,1.49047350883484,-0.03230344876647,0.284242689609528,0.0231235567480326,0.957928955554962
353.275268554688,-0.227122932672501,0.0561034269630909,0.329031676054001,355.848968505859,33.4994926452637,1.41469717025757,-0.0311219710856676,0.288409173488617,0.0222502741962671,0.956742644309998
353.838958740234,-0.225991129875183,0.0563839785754681,0.333048790693283,355.725250244141,34.0148010253906,1.34859764575958,-0.0322223305702209,0.292691171169281,0.0221540145576,0.95540714263916
354.377960205078,-0.224679246544838,0.0562303029000759,0.337925612926483,355.767333984375,33.6296081542969,1.37134075164795,-0.0318876281380653,0.289484173059464,0.0221293270587921,0.95639556646347
354.945190429688,-0.223905354738235,0.0563626177608967,0.337280929088593,355.686492919922,33.663444519043,1.45295989513397,-0.0323495864868164,0.289790123701096,0.0230237022042274,0.956266224384308
355.514404296875,-0.225041195750237,0.0565293505787849,0.33481365442276,355.538818359375,33.4555435180664,1.51751720905304,-0.0334622897207737,0.288075059652328,0.0238739643245935,0.956725180149078
356.083465576172,-0.228965729475021,0.057514026761055,0.333155632019043,354.899780273438,33.2496223449707,1.79973220825195,-0.0381392538547516,0.286454290151596,0.0277616679668427,0.956931889057159
356.651611328125,-0.227930620312691,0.0573615841567516,0.334501624107361,354.890472412109,33.2404479980469,1.61795771121979,-0.0386732928454876,0.286316871643066,0.0262636858969927,0.956993877887726
357.216339111328,-0.225664973258972,0.0583086311817169,0.339602112770081,354.677185058594,33.0978698730469,2.08141875267029,-0.0393351428210735,0.285288423299789,0.0306153930723667,0.957144677639008
357.767150878906,-0.228073060512543,0.05777907371521,0.338558495044708,354.929962158203,32.5704765319824,2.29521894454956,-0.0368361100554466,0.280939102172852,0.0316063053905964,0.95849746465683
358.319183349609,-0.22656187415123,0.0574854612350464,0.339881390333176,355.121032714844,32.8655014038086,2.22163391113281,-0.0353387407958508,0.283371716737747,0.0306161940097809,0.957869648933411
358.885192871094,-0.22394010424614,0.0583573766052723,0.344708383083344,354.870697021484,32.6653518676758,2.86652445793152,-0.0359006300568581,0.281918525695801,0.0365585647523403,0.958069205284119
359.428741455078,-0.22045311331749,0.0578712821006775,0.345602691173553,355.158843994141,32.2728576660156,2.4733624458313,-0.0345680490136147,0.278488427400589,0.0324489697813988,0.959268629550934
359.997497558594,-0.223233789205551,0.0573696941137314,0.345201045274734,355.311065673828,31.7201671600342,2.43665623664856,-0.0335351936519146,0.273835301399231,0.0316126756370068,0.960671782493591
360.524353027344,-0.21937969326973,0.0572241544723511,0.34710156917572,355.31005859375,31.9569911956787,2.06201434135437,-0.0343797206878662,0.275709271430969,0.0285452008247375,0.960201859474182
361.082336425781,-0.218633860349655,0.058355551213026,0.345766007900238,354.925994873047,31.7414493560791,1.91728210449219,-0.038000401109457,0.273873835802078,0.0281803514808416,0.960601329803467
361.64794921875,-0.218876019120216,0.0586664192378521,0.347253173589706,354.832794189453,31.4926300048828,2.21853756904602,-0.0381291098892689,0.27189177274704,0.0308444332331419,0.961077332496643
362.236389160156,-0.21854467689991,0.0591691471636295,0.343386977910995,354.402313232422,31.010124206543,2.37186193466187,-0.0415161922574043,0.267921268939972,0.0329703837633133,0.961981058120728
362.795257568359,-0.217902645468712,0.0593365095555782,0.336641073226929,354.300018310547,31.0515365600586,1.77037489414215,-0.043770968914032,0.268048852682114,0.02817402780056,0.961997985839844
363.324371337891,-0.21747025847435,0.0590483546257019,0.336317956447601,354.434875488281,31.1579914093018,1.79582619667053,-0.0425528548657894,0.268949925899506,0.0281135626137257,0.961802899837494
363.905609130859,-0.216619789600372,0.0590178519487381,0.334989935159683,354.463073730469,31.1124210357666,1.69743955135345,-0.0425576381385326,0.268530458211899,0.0272049643099308,0.9619460105896
364.420074462891,-0.21720190346241,0.0593259930610657,0.334364742040634,354.359985351563,31.0259094238281,1.78106236457825,-0.0432487316429615,0.267836898565292,0.0281146112829447,0.962082386016846
364.999389648438,-0.222464621067047,0.0595763064920902,0.329812616109848,354.096343994141,30.9739589691162,2.15459704399109,-0.0446040704846382,0.267551004886627,0.0318426750600338,0.961983859539032
365.512329101563,-0.224470853805542,0.0604405365884304,0.325161814689636,353.442260742188,30.9277896881104,2.16022992134094,-0.0500975325703621,0.267186433076859,0.0333857573568821,0.961762487888336
366.043640136719,-0.222191572189331,0.0603977553546429,0.327306032180786,353.52099609375,30.9975528717041,1.92421686649323,-0.0499674342572689,0.267667561769485,0.0312530100345612,0.961707174777985
366.581420898438,-0.222861707210541,0.0598780028522015,0.329437673091888,353.776824951172,30.9378509521484,2.09286594390869,-0.0474419295787811,0.267233461141586,0.0320502817630768,0.961929500102997
367.093139648438,-0.222233042120934,0.0593818463385105,0.328747242689133,354.000213623047,31.045316696167,1.91152775287628,-0.0459602139890194,0.268056631088257,0.0300536565482616,0.961836814880371
367.625885009766,-0.221202969551086,0.0594908073544502,0.328754037618637,354.158355712891,31.0156707763672,1.87139928340912,-0.0447335988283157,0.267789006233215,0.0293375942856073,0.961991310119629
368.159210205078,-0.219428241252899,0.0597270987927914,0.328234106302261,354.167510986328,31.2978572845459,1.65524399280548,-0.0450939424335957,0.270072430372238,0.0276127979159355,0.961386978626251
368.669677734375,-0.219217002391815,0.0594226829707623,0.329822987318039,354.209899902344,31.5199947357178,1.61357617378235,-0.0447836369276047,0.271919280290604,0.0272506959736347,0.960891127586365
369.198883056641,-0.217904016375542,0.0590962953865528,0.332198411226273,354.380584716797,31.4399547576904,1.46273338794708,-0.0437274314463139,0.271190613508224,0.0255521200597286,0.961192309856415
369.725952148438,-0.216686710715294,0.0595013275742531,0.330603778362274,354.310089111328,31.2334270477295,1.29849660396576,-0.0447515286505222,0.269393354654312,0.0242600385099649,0.961683928966522
370.24365234375,-0.211002081632614,0.0583260729908943,0.333431929349899,354.807098388672,31.0177268981934,0.568379878997803,-0.0423261933028698,0.267326176166534,0.0168873127549887,0.962527930736542
370.770324707031,-0.206088915467262,0.0577647462487221,0.337623864412308,355.168182373047,30.7030696868896,0.197903111577034,-0.0401921607553959,0.264575034379959,0.0128235360607505,0.963441848754883
371.281890869141,-0.199549123644829,0.0574172362685204,0.339124470949173,355.370300292969,32.5028800964355,359.895446777344,-0.039031945168972,0.279589295387268,0.0104282926768064,0.959269344806671
371.864868164063,-0.200928181409836,0.0571204423904419,0.343128472566605,355.653747558594,32.2449378967285,0.149041935801506,-0.0360668413341045,0.27753883600235,0.0117783928290009,0.9599649310112
372.412292480469,-0.201612144708633,0.0536900274455547,0.338650077581406,355.686431884766,31.7406578063965,359.675231933594,-0.0369738675653934,0.273163706064224,0.00756715377792716,0.961226940155029
372.924530029297,-0.202190831303596,0.0544903203845024,0.34161514043808,355.975952148438,31.1578693389893,0.138756185770035,-0.0334942527115345,0.268440842628479,0.0105947740375996,0.962655365467072
373.504974365234,-0.201963946223259,0.0539364293217659,0.345449239015579,356.83056640625,29.8802089691162,0.446296632289886,-0.0257162060588598,0.257812678813934,0.0108912149444222,0.965791285037994
374.066284179688,-0.200752452015877,0.0537871196866035,0.346327424049377,357.098937988281,30.3094902038574,0.455383062362671,-0.023394875228405,0.26143816113472,0.0104522267356515,0.964880049228668
374.63623046875,-0.201305121183395,0.053572166711092,0.344990134239197,357.230865478516,30.4345512390137,0.555869579315186,-0.0220426507294178,0.262513488531113,0.0110216457396746,0.964613556861877
375.195465087891,-0.204805955290794,0.0532021000981331,0.345443814992905,357.532836914063,29.6583309173584,1.00191497802734,-0.0185733679682016,0.256050735712051,0.0139598036184907,0.966384053230286
375.761749267578,-0.204749077558517,0.0494257770478725,0.349801659584045,359.925720214844,28.8525733947754,1.10153353214264,0.00176698283758014,0.249128714203835,0.00947095640003681,0.968422472476959
376.323364257813,-0.205797329545021,0.0482472255825996,0.349375486373901,0.417059183120728,28.6856174468994,1.08371138572693,0.0058686276897788,0.247676864266396,0.00826064497232437,0.968789756298065
376.878967285156,-0.204111903905869,0.0458206683397293,0.348019570112228,1.56666254997253,29.2758541107178,0.672634422779083,0.0147105343639851,0.252604275941849,0.0022239473182708,0.967455267906189
377.457641601563,-0.201504051685333,0.0450443178415298,0.343971878290176,1.85344612598419,29.6011352539063,359.968444824219,0.0155666880309582,0.255426228046417,-0.00439789239317179,0.966693222522736
378.024627685547,-0.205794632434845,0.0453533641993999,0.34642967581749,1.92529308795929,29.0431289672852,0.737990736961365,0.0178781040012836,0.250599026679993,0.00202095950953662,0.967923760414124
378.579162597656,-0.208863005042076,0.0457306541502476,0.347904831171036,1.86014246940613,28.7282028198242,1.23044514656067,0.0183871779590845,0.247867166996002,0.00637374352663755,0.968598604202271
379.166931152344,-0.209975868463516,0.0458171479403973,0.350317150354385,1.88800132274628,28.4796543121338,1.49116826057434,0.0191680192947388,0.245719194412231,0.00855876319110394,0.969113767147064
379.752563476563,-0.21112722158432,0.0451433323323727,0.354030102491379,2.22732162475586,28.274097442627,1.74700510501862,0.0225677508860826,0.24388025701046,0.0100339148193598,0.969490826129913
380.333770751953,-0.211744993925095,0.044537678360939,0.354701280593872,2.35737466812134,28.3179054260254,1.61423993110657,0.023388622328639,0.244255796074867,0.00862429570406675,0.969390392303467
380.893035888672,-0.213956773281097,0.0450779050588608,0.353867471218109,2.09785556793213,28.2609844207764,1.66177725791931,0.0212900545448065,0.243807107210159,0.00959145370870829,0.969542562961578
381.442199707031,-0.214797899127007,0.044750053435564,0.356878072023392,2.48721718788147,27.9137058258057,1.87595272064209,0.0250071827322245,0.24075722694397,0.0106490617617965,0.970204710960388
382.031707763672,-0.214070498943329,0.0444118455052376,0.356235504150391,2.75252032279968,28.7964153289795,1.60079371929169,0.026733860373497,0.248238623142242,0.00755473226308823,0.968300461769104
382.597625732422,-0.222132459282875,0.0436145178973675,0.360389053821564,3.15808463096619,29.9119873046875,1.83449721336365,0.0307489223778248,0.257519841194153,0.00834949873387814,0.965747535228729
383.105743408203,-0.229424118995667,0.0457372739911079,0.353557080030441,2.17290568351746,30.391077041626,2.01930379867554,0.0229131039232016,0.261703789234161,0.0120325172320008,0.96480119228363
383.628143310547,-0.225943520665169,0.0439956784248352,0.347719311714172,2.47527432441711,30.5660419464111,1.5175724029541,0.024323346093297,0.263226687908173,0.00707885762676597,0.964401364326477
384.198852539063,-0.225323021411896,0.0465327426791191,0.334986060857773,1.06098997592926,30.4277763366699,1.20076990127563,0.0116834510117769,0.262303829193115,0.00768125150352716,0.964884102344513
384.786315917969,-0.223382949829102,0.0458384938538074,0.332714766263962,1.37615299224854,30.2376842498779,1.0477489233017,0.0139773366972804,0.260686248540878,0.00569403823465109,0.96530556678772
385.340545654297,-0.221911042928696,0.0459206253290176,0.333304703235626,1.29440927505493,30.2592620849609,1.0573308467865,0.0133116971701384,0.260875403881073,0.00595835922285914,0.965262293815613
385.895050048828,-0.221467196941376,0.0459320396184921,0.334352076053619,1.24717593193054,30.2349319458008,1.0188981294632,0.0128251323476434,0.260679632425308,0.00574495550245047,0.965323090553284
386.465667724609,-0.221727922558784,0.0465246140956879,0.335122913122177,1.08816421031952,30.007303237915,1.23718583583832,0.0119664445519447,0.258754819631577,0.00796959456056356,0.965836048126221
387.027954101563,-0.222952648997307,0.0473219305276871,0.335986465215683,0.831652104854584,30.0405864715576,1.67712438106537,0.0108015229925513,0.25902396440506,0.0122541012242436,0.965732753276825
387.595062255859,-0.222311735153198,0.0475820824503899,0.339950650930405,0.76720529794693,29.6430854797363,1.66968154907227,0.0101987384259701,0.255682080984116,0.0123726176097989,0.966627955436707
388.157989501953,-0.22455421090126,0.0469270423054695,0.34373551607132,1.03631246089935,29.5549488067627,2.06811547279358,0.0133457770571113,0.254855871200562,0.0151428151875734,0.966768383979797
388.717834472656,-0.223986655473709,0.0466421134769917,0.34255239367485,1.22341060638428,29.3010063171387,2.23014736175537,0.0152487037703395,0.252658933401108,0.0161269754171371,0.967300832271576
389.220825195313,-0.222322359681129,0.0475273467600346,0.339030086994171,0.72825813293457,29.3921718597412,1.62340140342712,0.00974050350487232,0.253574192523956,0.0120905451476574,0.967191338539124
389.764770507813,-0.22431968152523,0.0471421591937542,0.344040066003799,0.973383903503418,29.0522918701172,2.04153442382813,0.0126896155998111,0.250626444816589,0.0151144908741117,0.967882692813873
390.326812744141,-0.221795946359634,0.047305915504694,0.342655271291733,0.743184626102448,29.4219627380371,1.47243165969849,0.00953520461916924,0.253836423158646,0.010780768468976,0.967140078544617
390.891571044922,-0.220057502388954,0.0482458882033825,0.347455948591232,0.207570284605026,29.461669921875,2.19351053237915,0.0066186236217618,0.254197925329208,0.0180511418730021,0.966961085796356
391.40576171875,-0.224142134189606,0.0491156578063965,0.346070468425751,359.836730957031,28.8624305725098,2.91474223136902,0.00495888525620103,0.249171763658524,0.0249856766313314,0.968124270439148
391.960205078125,-0.218146681785583,0.0484294593334198,0.349001109600067,0.0797557756304741,27.7852344512939,2.78954386711121,0.00651977537199855,0.24001532793045,0.0234618559479713,0.970463693141937
392.508850097656,-0.219125613570213,0.048364881426096,0.347858428955078,0.105392925441265,27.80592918396,2.83837342262268,0.00684346444904804,0.24018232524395,0.0238204430788755,0.970411360263824
393.076995849609,-0.220739036798477,0.0489405356347561,0.346960693597794,359.826446533203,27.5390872955322,3.01710391044617,0.00479562766849995,0.237973153591156,0.0259298849850893,0.970913708209991
393.642517089844,-0.220782652497292,0.0492194853723049,0.346421808004379,359.948608398438,27.7821884155273,2.86569881439209,0.0055678584612906,0.240012958645821,0.0243816860020161,0.970447540283203
394.144134521484,-0.220901548862457,0.0480843894183636,0.348751276731491,0.286352336406708,27.6670722961426,2.82095265388489,0.0083111422136426,0.238968908786774,0.0233036167919636,0.970712006092072
394.689056396484,-0.220283731818199,0.0481438860297203,0.35146826505661,0.402022957801819,27.4777908325195,2.79364967346191,0.00919630378484726,0.23734250664711,0.0228461977094412,0.971113801002502
395.254211425781,-0.220953598618507,0.0477580055594444,0.352548807859421,0.586999177932739,28.0009269714355,2.85666704177856,0.0109991896897554,0.241727516055107,0.022946847602725,0.970010459423065
395.820892333984,-0.219238668680191,0.0471560582518578,0.355217635631561,0.950143039226532,27.6550922393799,2.47727417945862,0.0132154943421483,0.238762229681015,0.0190082304179668,0.970802068710327
396.406005859375,-0.218426018953323,0.0474051088094711,0.350711852312088,0.9062380194664,27.9949588775635,2.22714447975159,0.0123726613819599,0.241676837205887,0.0169441141188145,0.97012996673584
396.970916748047,-0.21778330206871,0.0472307316958904,0.350980967283249,1.01989722251892,27.8288135528564,2.17894792556763,0.0132095348089933,0.240254864096642,0.0163152404129505,0.970482885837555
397.541046142578,-0.217447236180305,0.0471338480710983,0.355173498392105,1.07630181312561,27.6114807128906,2.3302116394043,0.0139711303636432,0.238385424017906,0.0175043884664774,0.970912337303162
398.111389160156,-0.21732585132122,0.0466587916016579,0.354947835206985,1.29275894165039,27.8013610839844,2.2348301410675,0.0156334359198809,0.239965051412582,0.0162193272262812,0.97052013874054
398.67626953125,-0.218168199062347,0.0469810925424099,0.354594022035599,1.16922831535339,27.736499786377,2.41062617301941,0.0149452919140458,0.239416211843491,0.0179758034646511,0.970635592937469
399.234222412109,-0.218961164355278,0.0467613898217678,0.353973060846329,1.20470106601715,27.72509765625,2.32310652732849,0.0150611652061343,0.23932409286499,0.0171617269515991,0.970671236515045
399.7998046875,-0.218954384326935,0.0469415970146656,0.353222370147705,1.17360401153564,27.4674053192139,2.31738495826721,0.0147471614181995,0.237147405743599,0.017211526632309,0.971209228038788
400.318786621094,-0.219290435314178,0.0471488907933235,0.354075789451599,1.08724141120911,27.3001003265381,2.36326718330383,0.0140842599794269,0.235740140080452,0.0178000051528215,0.97155100107193
400.894287109375,-0.219233483076096,0.0464773401618004,0.356704980134964,1.48150908946991,27.718729019165,2.57698035240173,0.0179346427321434,0.239176705479622,0.0187339745461941,0.970629692077637
401.466064453125,-0.220114320516586,0.0464288964867592,0.351457238197327,1.23867797851563,27.7399883270264,2.25948452949524,0.0152182197198272,0.239452138543129,0.0165497381240129,0.970647811889648
402.024749755859,-0.221560314297676,0.0463525466620922,0.351129770278931,1.23666977882385,27.9191951751709,2.59504175186157,0.0159326456487179,0.240924596786499,0.0193713139742613,0.970219731330872
402.561370849609,-0.221311569213867,0.0469738431274891,0.35207387804985,1.06559252738953,27.9888439178467,2.5977828502655,0.0145021015778184,0.241550296545029,0.0197460819035769,0.970079004764557
403.14697265625,-0.219703212380409,0.0471608564257622,0.354173004627228,0.876241564750671,27.9490413665771,2.86238408088684,0.0134493345394731,0.241222649812698,0.0223904866725206,0.970118224620819
403.652435302734,-0.220152944326401,0.0465092472732067,0.354710251092911,1.21848630905151,27.6067028045654,2.76622819900513,0.0160816684365273,0.238258004188538,0.0209029261022806,0.970843732357025
404.178588867188,-0.222629129886627,0.0484418086707592,0.35207924246788,0.439604967832565,27.8145961761475,3.20705890655518,0.0104481158778071,0.240151599049568,0.0262410193681717,0.970324397087097
404.696258544922,-0.224853873252869,0.0473496168851852,0.351672977209091,0.682223379611969,27.2626819610596,3.45350527763367,0.0128845842555165,0.235388204455376,0.0278812162578106,0.971415996551514
405.266448974609,-0.221389338374138,0.0446140542626381,0.350956678390503,1.22467708587646,26.7847518920898,2.47351288795471,0.0153930000960827,0.231326878070831,0.0185209047049284,0.97257798910141
405.838745117188,-0.222040295600891,0.0436796918511391,0.357948511838913,2.03377556800842,26.9860668182373,3.08831143379211,0.0235375445336103,0.232740625739098,0.0220600422471762,0.972003698348999
406.40185546875,-0.225602030754089,0.0433336198329926,0.362309992313385,2.49661231040955,26.4687728881836,3.59513711929321,0.0283759217709303,0.228102922439575,0.0255430322140455,0.972888171672821
406.964141845703,-0.224662467837334,0.0427926369011402,0.363640397787094,2.77069449424744,26.295093536377,3.53025555610657,0.0305358711630106,0.226559922099113,0.0244896784424782,0.973210394382477
407.476318359375,-0.224147945642471,0.0432225093245506,0.366489380598068,2.82211685180664,26.4435577392578,3.7147171497345,0.0313706733286381,0.227754443883896,0.0259132981300354,0.972868084907532
408.019256591797,-0.223815888166428,0.0432380884885788,0.365298986434937,2.91172027587891,26.3393821716309,3.66319012641907,0.0320056900382042,0.226855218410492,0.0253256354480982,0.973072946071625
408.586822509766,-0.223122477531433,0.0436370559036732,0.363379627466202,2.82232046127319,26.5577163696289,3.63266611099243,0.0312344189733267,0.228745892643929,0.0251851752400398,0.972658932209015
409.186218261719,-0.221785604953766,0.0431579351425171,0.364574104547501,2.9625871181488,26.3545818328857,3.63269901275635,0.0323804169893265,0.22697651386261,0.0249610170722008,0.973041713237762
409.762176513672,-0.221435680985451,0.0427120700478554,0.371720314025879,3.01333284378052,26.1179180145264,3.71677899360657,0.0329247824847698,0.224926054477692,0.0256417896598577,0.973481774330139
410.31201171875,-0.223186671733856,0.043189812451601,0.370749533176422,2.79061961174011,25.9100093841553,3.77546572685242,0.0311004184186459,0.223215967416763,0.0266371630132198,0.973908543586731
410.882507324219,-0.222869217395782,0.043294545263052,0.3694868683815,2.70086073875427,25.7978401184082,3.62923169136047,0.030027873814106,0.222330376505852,0.0255997590720654,0.974172592163086
411.386871337891,-0.224074095487595,0.0432699657976627,0.367532134056091,2.63972687721252,26.0369167327881,3.67210268974304,0.0296458713710308,0.224370524287224,0.0260218065232038,0.973705232143402
411.893280029297,-0.222425073385239,0.0430276691913605,0.366490542888641,2.70959138870239,26.2477493286133,3.54129219055176,0.0300287194550037,0.22617381811142,0.0247173979878426,0.973310232162476
412.394134521484,-0.221320360898972,0.0431085638701916,0.367073148488998,2.75408053398132,26.3290596008301,3.53766012191772,0.0304167475551367,0.226851552724838,0.0245766043663025,0.973143994808197
412.901000976563,-0.220907941460609,0.0429603904485703,0.368120431900024,2.719895362854,26.3125743865967,3.56350111961365,0.0301741138100624,0.226715356111526,0.0248685032129288,0.973175883293152
413.414184570313,-0.223221212625504,0.043244231492281,0.367235779762268,2.56518244743347,26.2080020904541,3.73252558708191,0.0291707813739777,0.225832313299179,0.0266385972499847,0.973364949226379
413.9228515625,-0.22212116420269,0.043232150375843,0.367506802082062,2.78183650970459,26.2596549987793,3.58449578285217,0.0307299885898829,0.226240962743759,0.0249376595020294,0.973267078399658
414.490203857422,-0.222385615110397,0.0440048277378082,0.36462476849556,2.41655540466309,26.3284130096436,3.65959191322327,0.0277925822883844,0.226920232176781,0.0262846015393734,0.973161816596985
415.053649902344,-0.224329799413681,0.0427925586700439,0.366993635892868,2.90433764457703,26.2929992675781,3.83455610275269,0.0322713926434517,0.226415708661079,0.0268085729330778,0.973126828670502
415.610595703125,-0.227241605520248,0.043239064514637,0.363415360450745,2.4496910572052,26.3552398681641,3.97723531723022,0.0287095438688993,0.227058976888657,0.0289093405008316,0.973028421401978
416.115600585938,-0.225551277399063,0.0437025725841522,0.361056476831436,2.32534599304199,26.5367202758789,3.74232387542725,0.027231415733695,0.228697821497917,0.02711939252913,0.972738564014435
416.625701904297,-0.224323719739914,0.0433970876038074,0.359512120485306,2.61008906364441,26.963794708252,3.47548460960388,0.0292055644094944,0.232298836112022,0.0241740290075541,0.97190535068512
417.184234619141,-0.226049154996872,0.0432355552911758,0.358187645673752,2.87207245826721,27.0620975494385,3.7486298084259,0.0320024490356445,0.232976734638214,0.0259288772940636,0.971609711647034
417.694213867188,-0.222867980599403,0.0413955226540565,0.359618604183197,4.05150270462036,28.0610752105713,2.62506604194641,0.0398349426686764,0.241438388824463,0.013641120865941,0.96950227022171
418.199493408203,-0.22733661532402,0.0409106314182281,0.359153687953949,4.14181709289551,28.8149490356445,3.19174456596375,0.0419111773371696,0.2475825548172,0.0179683454334736,0.967793107032776
418.780334472656,-0.230222031474113,0.0435812920331955,0.35913023352623,3.16911911964417,28.5280780792236,3.60281348228455,0.034528911113739,0.2453323751688,0.0236446224153042,0.968535363674164
419.294281005859,-0.227934777736664,0.0420785397291183,0.362584173679352,3.81540393829346,28.9439506530762,3.04881644248962,0.0388663709163666,0.248822048306465,0.0174280945211649,0.967612147331238
419.870910644531,-0.229295372962952,0.041991226375103,0.367851078510284,4.11032390594482,28.2893619537354,3.42551112174988,0.0420581102371216,0.243065610527992,0.020204309374094,0.968886971473694
420.406127929688,-0.234394088387489,0.0422905646264553,0.36879575252533,3.85830950737,27.9824886322021,3.59820771217346,0.0402351357042789,0.240491926670074,0.0223114583641291,0.969560205936432
420.997711181641,-0.23890046775341,0.0426180511713028,0.366621345281601,3.7684121131897,27.6901798248291,4.37159538269043,0.0410230681300163,0.237776651978493,0.0291496776044369,0.970015347003937
421.597564697266,-0.237550318241119,0.0425936914980412,0.367574006319046,3.79304361343384,27.1720943450928,3.9253306388855,0.0401902906596661,0.233537286520004,0.0255021937191486,0.971182107925415
422.127746582031,-0.234555765986443,0.0438806973397732,0.362574189901352,2.93023228645325,28.6938133239746,3.79301357269287,0.0329551659524441,0.246755748987198,0.0257195010781288,0.968175649642944
422.714538574219,-0.235293686389923,0.043456919491291,0.358618438243866,3.05606150627136,28.4261703491211,3.58516430854797,0.0335148349404335,0.244512736797333,0.0237689595669508,0.968775153160095
423.228942871094,-0.232505649328232,0.0437395498156548,0.359095513820648,2.90674066543579,28.4174957275391,3.36986541748047,0.0317917242646217,0.244547381997108,0.0222718175500631,0.9688600897789
423.809722900391,-0.231197357177734,0.0440452881157398,0.35936027765274,2.6835629940033,28.3922843933105,3.4898464679718,0.0301563087850809,0.24436990916729,0.0237719547003508,0.968921482563019
424.329895019531,-0.230213776230812,0.0437237545847893,0.361369997262955,2.80452370643616,28.0015468597412,3.65226006507874,0.0314399264752865,0.240983068943024,0.024993110448122,0.969697952270508
424.838165283203,-0.230667501688004,0.0425524972379208,0.361750483512878,3.46168947219849,27.9569225311279,3.82218766212463,0.0373455286026001,0.240335181355476,0.025054344907403,0.969647705554962
425.418029785156,-0.232256188988686,0.0436904206871986,0.362223774194717,2.89377880096436,27.7014217376709,3.85760092735291,0.0325570106506348,0.238355830311775,0.026627155020833,0.970266759395599
426.000244140625,-0.232625439763069,0.0432174764573574,0.36016172170639,3.03979825973511,27.7721195220947,3.69018769264221,0.0334600061178207,0.23895400762558,0.0248831547796726,0.97013521194458
426.511322021484,-0.241345137357712,0.0463443510234356,0.354934841394424,1.26645576953888,27.4972553253174,4.5828685760498,0.0202281922101974,0.237028881907463,0.0362099856138229,0.970616817474365
427.018981933594,-0.237281650304794,0.0434099547564983,0.351959735155106,1.96092748641968,27.6653728485107,3.66321873664856,0.0242473632097244,0.238399237394333,0.0269416123628616,0.970490634441376
427.543701171875,-0.238969594240189,0.0449420399963856,0.349047482013702,1.70636069774628,27.7933483123779,4.18645191192627,0.0232162103056908,0.239456862211227,0.0318787060678005,0.970105767250061
428.052459716797,-0.237840205430984,0.0457242615520954,0.346668064594269,1.43359208106995,27.3454265594482,4.09802341461182,0.0205986313521862,0.235771179199219,0.0317832492291927,0.971070289611816
428.580627441406,-0.235827058553696,0.0452731586992741,0.345707207918167,1.52279818058014,27.5153846740723,3.712082862854,0.0206023138016462,0.237252503633499,0.0282978005707264,0.9708172082901
429.102630615234,-0.2346371114254,0.0452420562505722,0.348506510257721,1.82274341583252,27.6523876190186,3.79733729362488,0.0233532059937716,0.238304272294044,0.0283688586205244,0.970495223999023
429.631408691406,-0.231434106826782,0.0444626547396183,0.346430093050003,2.24630761146545,27.7972068786621,3.12197351455688,0.0255626756697893,0.239550784230232,0.0217317417263985,0.970303952693939
430.140502929688,-0.231783851981163,0.0448854863643646,0.344860106706619,1.93982493877411,27.7984085083008,3.21096777915955,0.0231544747948647,0.239625483751297,0.0231284629553556,0.970313668251038
430.647796630859,-0.230200529098511,0.0443541966378689,0.350584715604782,2.21349000930786,27.6335430145264,3.47017526626587,0.0259773060679436,0.23809577524662,0.0247860699892044,0.970577776432037
431.152740478516,-0.228983893990517,0.0442702323198318,0.353705435991287,2.28604698181152,27.3448848724365,3.30532932281494,0.0261905454099178,0.235666498541832,0.0233043991029263,0.971201479434967
431.673797607422,-0.226880058646202,0.0435872785747051,0.353581517934799,2.74854707717896,27.616678237915,3.36628103256226,0.0302884913980961,0.237819120287895,0.0227933079004288,0.970569491386414
432.232971191406,-0.226593971252441,0.0428931713104248,0.35525643825531,3.0416088104248,27.7000408172607,3.22621083259583,0.0324943587183952,0.238476648926735,0.0209715608507395,0.970377862453461
432.736450195313,-0.227719962596893,0.043696865439415,0.356280595064163,2.78771781921387,28.021656036377,3.11382985115051,0.0301686860620975,0.241303011775017,0.0204667989164591,0.969764828681946
433.253845214844,-0.224954158067703,0.0430006869137287,0.360619455575943,3.18800449371338,27.8738136291504,2.97732090950012,0.0332437269389629,0.239977419376373,0.0185070093721151,0.970032572746277
433.847991943359,-0.216539651155472,0.0424412451684475,0.356776922941208,2.78615379333496,28.6708526611328,1.69657635688782,0.0272163897752762,0.247149080038071,0.00832086615264416,0.968559443950653
434.443176269531,-0.225946351885796,0.0428385324776173,0.355938494205475,2.94583106040955,28.5899143218994,2.98295331001282,0.0313246883451939,0.246100187301636,0.018869386985898,0.968554317951202
434.95166015625,-0.227687448263168,0.0423748455941677,0.356450974941254,3.13099718093872,27.9479351043701,3.1364119052887,0.0331073924899101,0.240574955940247,0.0199523996561766,0.9698606133461
435.472320556641,-0.228005677461624,0.0421964004635811,0.356311172246933,3.24326968193054,27.761043548584,3.08333468437195,0.0339143685996532,0.238976016640663,0.0193213801831007,0.970240712165833
436.025238037109,-0.227928727865219,0.0404682159423828,0.361890822649002,4.017746925354,27.9131889343262,3.42239308357239,0.0412020459771156,0.239915177226067,0.0205113552510738,0.969702243804932
436.56103515625,-0.23331107199192,0.0426265895366669,0.356630444526672,3.00466465950012,28.4527797698975,3.8689398765564,0.0336920469999313,0.244671523571014,0.0262705571949482,0.968664288520813
437.090393066406,-0.22474279999733,0.0425440110266209,0.355439990758896,2.80749154090881,28.6148777008057,2.92952609062195,0.0300450995564461,0.246363133192062,0.0187099035829306,0.96853107213974
437.667572021484,-0.224406093358994,0.0432861410081387,0.358782917261124,2.70985269546509,28.3042163848877,3.57310771942139,0.0305372830480337,0.243594974279404,0.0244430489838123,0.969087958335876
438.177124023438,-0.221610903739929,0.0432896800339222,0.36005237698555,2.69967246055603,28.7427749633789,3.5310332775116,0.0304538235068321,0.2473164498806,0.023992620408535,0.968158841133118
438.774627685547,-0.220692798495293,0.0430956482887268,0.361352026462555,2.84890270233154,28.6474494934082,3.49522757530212,0.0316174253821373,0.246474206447601,0.0233924947679043,0.968350946903229
439.277404785156,-0.219255939126015,0.041100237518549,0.365779608488083,4.10166788101196,28.2758197784424,3.19966602325439,0.0415036603808403,0.243036225438118,0.0183181408792734,0.968955755233765
439.778411865234,-0.218839526176453,0.0370592810213566,0.366407006978989,6.75890016555786,28.1761779785156,2.6850893497467,0.0628528073430061,0.241583794355392,0.00834058690816164,0.968306422233582
440.376922607422,-0.218183964490891,0.038820743560791,0.35899093747139,5.35324859619141,28.6880645751953,2.01577401161194,0.0495891720056534,0.246639251708984,0.00545551860705018,0.967822432518005
440.962646484375,-0.217777714133263,0.0400961153209209,0.355304062366486,4.96711015701294,28.6207504272461,2.4154064655304,0.0471835024654865,0.246002480387688,0.0096953148022294,0.968071520328522
441.484802246094,-0.217861786484718,0.0399030596017838,0.362861901521683,5.88460445404053,29.3724060058594,1.25313341617584,0.0524190552532673,0.252632677555084,-0.00244851852767169,0.966138184070587
442.076507568359,-0.228396475315094,0.04206807538867,0.353787302970886,4.68418264389038,29.8009757995605,1.93765270709991,0.0438302308320999,0.256221741437912,0.00581941520795226,0.965606272220612
442.676513671875,-0.22625270485878,0.0425766706466675,0.35639476776123,4.36914253234863,28.5604686737061,2.5530858039856,0.0424229316413403,0.245601311326027,0.0121737606823444,0.968365728855133
443.276519775391,-0.230040773749352,0.0425904765725136,0.359315097332001,4.26873445510864,28.0304412841797,3.08083295822144,0.0426271669566631,0.240952804684639,0.0170475002378225,0.969450414180756
443.799072265625,-0.230751022696495,0.0426775366067886,0.362133055925369,4.14406871795654,28.1832332611084,3.26096320152283,0.04197683557868,0.24221758544445,0.0187797248363495,0.969131588935852
444.366455078125,-0.230617582798004,0.0431955642998219,0.362634360790253,3.93775653839111,27.9471244812012,3.30477976799011,0.0402850247919559,0.240269869565964,0.0196730121970177,0.969670355319977
444.888946533203,-0.230628073215485,0.0438149571418762,0.360136330127716,3.77573037147522,27.829008102417,3.39916682243347,0.0390910618007183,0.239289104938507,0.0208544638007879,0.969936966896057
445.399841308594,-0.232095241546631,0.0436771549284458,0.360365301370621,3.80827879905701,27.7260665893555,3.54018235206604,0.0396410897374153,0.238358676433563,0.0220151506364346,0.97011810541153
445.91552734375,-0.233243048191071,0.0433984138071537,0.361423671245575,3.83051729202271,27.6465339660645,3.68697071075439,0.040118433535099,0.23762671649456,0.0232390239834785,0.970249474048615
446.490936279297,-0.236230418086052,0.0435615666210651,0.361812770366669,3.86922955513,27.7015571594238,3.92846322059631,0.0409587882459164,0.237993523478508,0.0251830276101828,0.970075905323029
446.992034912109,-0.238364487886429,0.0433412156999111,0.358959972858429,3.90109705924988,27.63796043396,4.00006914138794,0.0413628295063972,0.237417832016945,0.0257453471422195,0.970185101032257
447.567321777344,-0.238434463739395,0.0434497743844986,0.356311231851578,3.99681425094604,27.5159854888916,3.85806131362915,0.0418525859713554,0.23640188574791,0.0243873652070761,0.970447182655334
448.072692871094,-0.237679213285446,0.0429270938038826,0.357595860958099,4.12739372253418,27.4972515106201,3.75689482688904,0.0427452847361565,0.236234232783318,0.0232656169682741,0.970476627349854
448.640258789063,-0.238806039094925,0.0428055934607983,0.359614282846451,4.20609617233276,27.5793762207031,3.93600082397461,0.0437981858849525,0.23683375120163,0.0245871972292662,0.970251023769379
449.218109130859,-0.239366039633751,0.0430141054093838,0.357262223958969,4.11146354675293,27.6350746154785,3.9624330997467,0.0430641956627369,0.237330049276352,0.0249876715242863,0.970152318477631
449.779205322266,-0.239705860614777,0.0431848764419556,0.357065409421921,4.06683206558228,27.7498588562012,3.93047213554382,0.0426451973617077,0.238330006599426,0.0247677490115166,0.969931304454803
450.286010742188,-0.238073140382767,0.0431725829839706,0.354841977357864,3.9458634853363,27.9713153839111,3.60690641403198,0.0409916192293167,0.240364760160446,0.0222037322819233,0.969562530517578
450.809295654297,-0.238287478685379,0.0432243347167969,0.356121391057968,3.95331215858459,28.0001125335693,3.67783284187317,0.0412090979516506,0.240580394864082,0.0227777231484652,0.969486474990845
451.326385498047,-0.238275855779648,0.0430432669818401,0.356991618871689,3.98631572723389,28.0484752655029,3.65238189697266,0.041444219648838,0.240987405180931,0.0224749986082315,0.969382464885712
451.912353515625,-0.238412857055664,0.0422273129224777,0.358521699905396,4.33773469924927,27.4161586761475,3.45330262184143,0.0438853837549686,0.235590040683746,0.0202877409756184,0.970649182796478
452.419281005859,-0.23392716050148,0.0434330552816391,0.344477385282516,3.14802002906799,30.5782508850098,2.44212698936462,0.0321071185171604,0.262966006994247,0.0133065525442362,0.964178919792175
452.923858642578,-0.235725432634354,0.0421305261552334,0.340259611606598,2.93256211280823,29.5529479980469,2.29582715034485,0.0298452638089657,0.254418402910233,0.0128396051004529,0.966548383235931
453.426025390625,-0.235838264226913,0.0450272709131241,0.335529416799545,2.05039167404175,30.0186405181885,2.79189920425415,0.0235845874994993,0.258436858654022,0.0188943669199944,0.965555369853973
454.020843505859,-0.238393068313599,0.0452244803309441,0.333872824907303,1.75085771083832,29.1871643066406,3.19114065170288,0.0217947345227003,0.251422166824341,0.0230947826057673,0.967356503009796
454.58837890625,-0.222460404038429,0.0401765555143356,0.320010155439377,3.72869968414307,33.5232391357422,359.832336425781,0.0307292994111776,0.288283050060272,-0.0107824904844165,0.956991314888
455.106658935547,-0.223549842834473,0.0409393534064293,0.32499885559082,4.27762937545776,32.1900596618652,1.3685439825058,0.039163812994957,0.276590198278427,0.00112068734597415,0.960188925266266
455.630706787109,-0.224817082285881,0.0398957654833794,0.33047017455101,4.61620664596558,31.3698101043701,1.4194587469101,0.0421164967119694,0.269626468420029,0.00102900515776128,0.962042987346649
456.151824951172,-0.229395836591721,0.0397941283881664,0.336302578449249,4.76864099502563,30.7284851074219,2.28310632705688,0.0453814417123795,0.263873279094696,0.00817339308559895,0.96345454454422
456.657684326172,-0.228866338729858,0.0394780896604061,0.338356673717499,4.88958311080933,30.339714050293,2.4554181098938,0.0467625223100185,0.260501146316528,0.00950059201568365,0.964293658733368
457.167602539063,-0.226005405187607,0.0394902713596821,0.337016582489014,4.91894006729126,30.4102630615234,2.11131858825684,0.0462310276925564,0.26122659444809,0.00650931941345334,0.964147806167603
457.734008789063,-0.232636332511902,0.0415025390684605,0.334110468626022,3.85463523864746,28.5656852722168,3.05198431015015,0.0391468182206154,0.245613873004913,0.0174983907490969,0.968418896198273
458.243499755859,-0.240735769271851,0.0457439087331295,0.325854629278183,1.16304850578308,26.6909618377686,3.91283321380615,0.0177492052316666,0.230338618159294,0.0308743417263031,0.972458720207214
458.750274658203,-0.237135112285614,0.0434077121317387,0.329116612672806,2.60385584831238,27.2787761688232,3.26390147209167,0.0287851858884096,0.235024943947792,0.0223131198436022,0.971306800842285
459.25927734375,-0.239678591489792,0.0440743863582611,0.327736914157867,2.18032026290894,27.0719165802002,3.30867600440979,0.0252454280853271,0.233381658792496,0.0236114244908094,0.971770644187927
459.809143066406,-0.237325966358185,0.0442115291953087,0.327458590269089,2.19963073730469,27.3418865203857,3.09605979919434,0.0250273011624813,0.2357117831707,0.0217099282890558,0.971258103847504
460.338500976563,-0.234270721673965,0.0435095317661762,0.328341603279114,2.56435179710388,27.3010330200195,2.64343786239624,0.0271807406097651,0.235375568270683,0.0171297583729029,0.971373319625854
460.846832275391,-0.230734527111053,0.0417872294783592,0.32874783873558,3.54434585571289,29.4330825805664,1.90886783599854,0.0341361835598946,0.253382205963135,0.00824799761176109,0.966728627681732
461.376495361328,-0.231482684612274,0.0421324968338013,0.330371767282486,3.40465784072876,28.9450645446777,1.96085858345032,0.0330343842506409,0.249276787042618,0.00913747027516365,0.967825591564178
461.94384765625,-0.233576253056526,0.0428880974650383,0.328560471534729,2.74075126647949,28.6782474517822,2.48410391807556,0.0285316128283739,0.247029393911362,0.0150734279304743,0.968470573425293
462.51220703125,-0.234731405973434,0.0437658689916134,0.32662296295166,2.49084067344666,28.0450878143311,2.95798492431641,0.0273327380418777,0.241621449589729,0.019770659506321,0.969784080982208
463.060119628906,-0.235475808382034,0.0443878173828125,0.329936444759369,2.40213561058044,27.9834613800049,3.23411560058594,0.0271524488925934,0.241058498620987,0.0223099887371063,0.969874143600464
463.602508544922,-0.234724313020706,0.0443120114505291,0.331285148859024,2.42364716529846,28.0484237670898,3.20556426048279,0.0272868853062391,0.241608992218971,0.0220074057579041,0.969740271568298
464.165161132813,-0.23312745988369,0.0436398610472679,0.334197551012039,2.73215365409851,28.2441005706787,3.22228169441223,0.0299686659127474,0.243172451853752,0.0214440934360027,0.969282865524292
464.707550048828,-0.233746916055679,0.0434485301375389,0.334703385829926,2.81154417991638,28.2387943267822,3.25125622749329,0.0307004489004612,0.243096813559532,0.0215212181210518,0.969277203083038
465.214385986328,-0.237226754426956,0.0449302271008492,0.329516708850861,2.05836296081543,28.0339965820313,3.5450427532196,0.0249091517180204,0.241515770554543,0.0256571397185326,0.969737768173218
465.725616455078,-0.232824236154556,0.0449131429195404,0.328189790248871,2.09154653549194,28.2189807891846,3.01967120170593,0.0241164844483137,0.243184044957161,0.0211017560213804,0.969450712203979
466.233856201172,-0.232759803533554,0.0446692369878292,0.3299540579319,2.15769028663635,28.0762195587158,3.14870882034302,0.0249222405254841,0.241930842399597,0.0220835562795401,0.969721972942352
466.764709472656,-0.233909636735916,0.0442310161888599,0.330782204866409,2.53227353096008,28.4147987365723,3.09447836875916,0.0280381347984076,0.244704812765121,0.0207476671785116,0.968970060348511
467.302703857422,-0.232677072286606,0.0423136539757252,0.335399121046066,3.39873814582825,28.5990238189697,3.15686821937561,0.0355260148644447,0.245996877551079,0.0193584412336349,0.968425869941711
467.820129394531,-0.234722912311554,0.0424528978765011,0.333128124475479,3.46951413154602,28.4419746398926,2.92961454391479,0.0356122925877571,0.244719505310059,0.0173337943851948,0.968784630298615
468.334991455078,-0.237484276294708,0.0427139140665531,0.331188797950745,3.19269490242004,28.5171508789063,3.27249264717102,0.0340187884867191,0.245331421494484,0.0208050701767206,0.968618810176849
468.840179443359,-0.237722396850586,0.0437259562313557,0.330120086669922,2.80443906784058,28.6203498840332,3.36182355880737,0.0309495702385902,0.246295213699341,0.0223686750978231,0.968442320823669
469.354248046875,-0.239595204591751,0.0448316596448421,0.327812761068344,2.16432523727417,28.8268280029297,3.38532900810242,0.0256350077688694,0.248223349452019,0.0239044167101383,0.968068540096283
469.924072265625,-0.236317157745361,0.0440595336258411,0.332959443330765,2.52756285667419,28.7809906005859,3.36396789550781,0.028647193685174,0.247734636068344,0.0229450538754463,0.968132436275482
470.447601318359,-0.235261157155037,0.043998047709465,0.33244714140892,2.58670806884766,28.8671321868896,2.8767569065094,0.0281072817742825,0.248566567897797,0.0186790227890015,0.968026757240295
470.961883544922,-0.237350255250931,0.0437530912458897,0.335284829139709,2.60183620452881,28.2151260375977,3.14733815193176,0.0287023186683655,0.242983609437943,0.0210954286158085,0.96937620639801
471.524505615234,-0.235622256994247,0.0430987998843193,0.33690932393074,3.00330758094788,29.2458019256592,3.14792203903198,0.0322793051600456,0.251577734947205,0.019955188035965,0.96709281206131
472.028350830078,-0.237933412194252,0.0440430901944637,0.334612160921097,2.46747517585754,29.2933254241943,3.16706037521362,0.0278093945235014,0.252126574516296,0.0212878603488207,0.967060327529907
472.540161132813,-0.237136363983154,0.0439426638185978,0.335339069366455,2.42426657676697,29.2644863128662,3.18649125099182,0.0274821892380714,0.251890629529953,0.021554259583354,0.967125296592712
473.115356445313,-0.234667629003525,0.0430158190429211,0.333352714776993,2.86496877670288,29.1156120300293,2.86719417572021,0.0304753538221121,0.250594079494476,0.0179258957505226,0.967446446418762
473.679077148438,-0.235806941986084,0.0428866446018219,0.336435824632645,3.11646389961243,29.289005279541,3.16272735595703,0.0332738794386387,0.251905113458633,0.019817778840661,0.966976702213287
474.18212890625,-0.236010581254959,0.0430955961346626,0.3358074426651,2.90815925598145,29.391393661499,3.31915187835693,0.0318799503147602,0.252786368131638,0.0215698312968016,0.966756165027618
474.692962646484,-0.236027181148529,0.0428962111473083,0.335750043392181,3.04778838157654,29.2972660064697,3.34507536888123,0.0330969840288162,0.251942545175552,0.0215059574693441,0.966936945915222
475.212677001953,-0.235697865486145,0.0433854460716248,0.335223853588104,2.72743272781372,29.1482353210449,3.312664270401,0.0302949082106352,0.250790059566498,0.0219803247600794,0.967317700386047
475.720367431641,-0.234413921833038,0.0435308329761028,0.337380707263947,2.83019733428955,28.9508838653564,3.35599756240845,0.0312187448143959,0.249081417918205,0.0221738014370203,0.967725276947021
476.269592285156,-0.234285846352577,0.0427566394209862,0.339708566665649,3.0865490436554,28.9510517120361,3.43319344520569,0.0335505157709122,0.248982474207878,0.0222652368247509,0.967670679092407
476.816253662109,-0.236370652914047,0.0432538837194443,0.340283155441284,2.89736270904541,28.7577304840088,3.75289916992188,0.0326053760945797,0.24731819331646,0.025433637201786,0.968051493167877
477.336853027344,-0.237048268318176,0.0436670854687691,0.339513391256332,2.85630416870117,28.7061004638672,3.87948083877563,0.0325198695063591,0.246859818696976,0.0266068130731583,0.968139827251434
477.841979980469,-0.237735703587532,0.044359739869833,0.338139772415161,2.46365404129028,28.8637142181396,4.007981300354,0.0295199584215879,0.248290374875069,0.0285032391548157,0.967816114425659
478.420013427734,-0.239172250032425,0.0449410788714886,0.338476568460464,2.03077816963196,29.0802993774414,4.34647703170776,0.026659956201911,0.250187903642654,0.0322549790143967,0.967292547225952
478.926177978516,-0.239579111337662,0.0443183518946171,0.339086264371872,2.33006238937378,28.9161224365234,4.26302909851074,0.0289588943123817,0.248714700341225,0.0309351701289415,0.967649459838867
479.440673828125,-0.242164716124535,0.0441132858395576,0.339581578969955,2.36764097213745,28.5836448669434,4.54873180389404,0.0297994259744883,0.245819076895714,0.033352192491293,0.968283355236053
480.000854492188,-0.241960912942886,0.0449923947453499,0.337144374847412,2.04356360435486,28.5122928619385,4.4337043762207,0.0267945528030396,0.245365291833878,0.0330964326858521,0.968495011329651
480.503814697266,-0.239401593804359,0.0443423204123974,0.339275151491165,2.43072557449341,28.4755229949951,4.29263925552368,0.0297535583376884,0.244948476552963,0.0310800522565842,0.968580961227417
481.019866943359,-0.239023298025131,0.045150775462389,0.337135523557663,1.84100747108459,28.6412467956543,4.13072729110718,0.0244689844548702,0.246594205498695,0.0309441238641739,0.968315541744232
481.531219482422,-0.237620145082474,0.0445843897759914,0.338772356510162,2.33455395698547,28.5166969299316,4.02993822097778,0.0283897314220667,0.245396941900253,0.0290561355650425,0.968571186065674
482.098999023438,-0.239545047283173,0.0452228710055351,0.337260156869888,1.85910403728485,28.4871883392334,4.13542699813843,0.0245903450995684,0.245285004377365,0.0309778060764074,0.9686439037323
482.6181640625,-0.238443925976753,0.0449674688279629,0.337967723608017,2.03559565544128,28.8199768066406,3.91866827011108,0.0257012844085693,0.248085796833038,0.0286914259195328,0.967971980571747
483.120391845703,-0.238428443670273,0.044677060097456,0.338104546070099,1.98275744915009,28.81028175354,4.04618644714355,0.0255286321043968,0.247992902994156,0.0298856664448977,0.967964231967926
483.630157470703,-0.238734722137451,0.0449972748756409,0.337186723947525,1.8551287651062,28.6563415527344,4.04995536804199,0.0244184378534555,0.246734231710434,0.0302278380841017,0.968303799629211
484.14501953125,-0.23778623342514,0.0459113493561745,0.338036119937897,1.36930572986603,28.9624576568604,4.30295944213867,0.0209484621882439,0.249434381723404,0.033360343426466,0.96759021282196
484.658416748047,-0.237885594367981,0.0457389689981937,0.339578419923782,1.71501970291138,28.6759281158447,4.75247621536255,0.0247535519301891,0.246799200773239,0.0364623852074146,0.96806401014328
485.185424804688,-0.235869944095612,0.0452977605164051,0.341963112354279,1.89392352104187,28.6860771179199,4.27149248123169,0.0252313986420631,0.246924206614494,0.0320093184709549,0.968177258968353
485.744689941406,-0.236178576946259,0.0452443957328796,0.342129617929459,1.68156337738037,28.8094100952148,4.26425504684448,0.0234569683670998,0.248041659593582,0.0323826931416988,0.967923820018768
486.265106201172,-0.236521929502487,0.045017309486866,0.3425312936306,1.88612520694733,28.8227252960205,4.27998781204224,0.025222098454833,0.24807944893837,0.0320679284632206,0.967880189418793
486.843231201172,-0.235498130321503,0.0443206056952477,0.349533349275589,2.3919939994812,28.0029773712158,4.46648550033569,0.0296630859375,0.24092148244381,0.0327553674578667,0.96953809261322
487.401763916016,-0.225664228200912,0.044806957244873,0.357908189296722,1.6267853975296,27.872579574585,3.30846333503723,0.0207241903990507,0.240320444107056,0.0245976503938437,0.970160603523254
488.001739501953,-0.254629373550415,0.0542808324098587,0.324595779180527,357.877288818359,27.626485824585,5.36938285827637,-0.00678624724969268,0.239297464489937,0.0498947948217392,0.969639718532562
488.57177734375,-0.255745768547058,0.0541262626647949,0.324873566627502,357.479705810547,27.2060890197754,5.51263952255249,-0.0100430194288492,0.235892757773399,0.0518944449722767,0.970340549945831
489.092651367188,-0.253243565559387,0.0514747425913811,0.326576709747314,359.127685546875,28.5038356781006,4.40282821655273,0.00208370643667877,0.246280327439308,0.0391018316149712,0.968407332897186
489.59521484375,-0.253812253475189,0.0507523380219936,0.326074331998825,359.442504882813,28.6620311737061,4.33027124404907,0.00464103138074279,0.247521996498108,0.0378070250153542,0.968133270740509
490.111267089844,-0.248815730214119,0.049428902566433,0.328200489282608,0.604362905025482,29.186767578125,3.97503781318665,0.0138390362262726,0.251625508069992,0.0322343967854977,0.967188715934753
490.639282226563,-0.245857074856758,0.0482103414833546,0.332308650016785,1.40373051166534,28.9212169647217,3.84886932373047,0.020239919424057,0.249156430363655,0.0294579267501831,0.967803537845612
491.162628173828,-0.243131101131439,0.0480498746037483,0.336250275373459,1.74830603599548,29.4518375396729,3.53750777244568,0.0225931033492088,0.253589361906052,0.0259721297770739,0.966699242591858
491.680969238281,-0.243215352296829,0.046992301940918,0.340759575366974,2.28841853141785,29.4037227630615,3.64123797416687,0.0273667443543673,0.252997010946274,0.0256588086485863,0.966739475727081
492.222076416016,-0.245375245809555,0.0479504093527794,0.338326573371887,1.79906332492828,28.9151554107666,3.85580158233643,0.0235914885997772,0.248979642987251,0.0286552309989929,0.96779727935791
492.764465332031,-0.245727270841599,0.0474185943603516,0.338835716247559,1.98007142543793,28.5717620849609,3.88452553749084,0.0250966362655163,0.24601411819458,0.0285782124847174,0.968519747257233
493.291259765625,-0.245751664042473,0.0472818054258823,0.341573387384415,2.16966867446899,28.5207824707031,3.97549366950989,0.0268809497356415,0.24550025165081,0.0289500504732132,0.968591213226318
493.855865478516,-0.245613694190979,0.0475881658494473,0.343323796987534,2.06043338775635,28.4524879455566,3.98246955871582,0.0259554404765368,0.244957745075226,0.0292597189545631,0.968744516372681
494.413940429688,-0.244579493999481,0.0467422008514404,0.34243643283844,2.45273733139038,28.5394668579102,3.91921162605286,0.0291567258536816,0.245577245950699,0.0278599038720131,0.968537867069244
495.007904052734,-0.242530524730682,0.0467249266803265,0.334938168525696,2.48789525032043,29.3151035308838,3.74649500846863,0.029261127114296,0.252159863710403,0.0261268187314272,0.966890156269073
495.538269042969,-0.241000443696976,0.0468586273491383,0.334871500730515,2.41553688049316,29.1584510803223,3.61335015296936,0.0283233504742384,0.25089430809021,0.0252021905034781,0.96727180480957
496.063995361328,-0.241655796766281,0.046856801956892,0.335937082767487,2.26642894744873,29.4890384674072,3.6113178730011,0.0271341744810343,0.253730684518814,0.0254349745810032,0.966559708118439
496.588623046875,-0.240785241127014,0.0466089583933353,0.34115469455719,2.57189869880676,29.0854225158691,3.90256905555725,0.03025833517313,0.25015315413475,0.0273185297846794,0.967347681522369
497.105895996094,-0.241152659058571,0.046286553144455,0.345142096281052,2.79516243934631,28.5980739593506,4.27004814147949,0.0328164659440517,0.245857357978821,0.0300699640065432,0.968283534049988
497.612365722656,-0.243665933609009,0.0464891083538532,0.34055495262146,2.44750356674194,29.0797863006592,3.88580346107483,0.029170673340559,0.250151604413986,0.027451578527689,0.967377722263336
498.120635986328,-0.245393142104149,0.0479133650660515,0.333058774471283,1.46950280666351,28.7202892303467,3.84529662132263,0.0207361448556185,0.247439280152321,0.0293206926435232,0.968237638473511
498.667877197266,-0.246033012866974,0.0472810678184032,0.334116011857986,1.80546379089355,27.741527557373,4.39490747451782,0.0244753360748291,0.238940179347992,0.0334464386105537,0.970149457454681
499.173004150391,-0.249147772789001,0.0479366406798363,0.332938104867935,1.52201163768768,27.5322513580322,4.86824703216553,0.0229939166456461,0.237175703048706,0.0380894467234612,0.970447421073914
499.690582275391,-0.247823804616928,0.0479140765964985,0.332754582166672,1.71468615531921,27.3777751922607,4.77437543869019,0.0243811476975679,0.235812336206436,0.0369266755878925,0.970790684223175
500.272430419922,-0.248959958553314,0.0485397055745125,0.331041067838669,1.35146915912628,26.9744682312012,4.84419584274292,0.0213138237595558,0.23251947760582,0.0383445285260677,0.971601843833923
500.8349609375,-0.246408015489578,0.048207975924015,0.332621723413467,1.63657748699188,27.2261238098145,4.18077230453491,0.0224551670253277,0.234676763415337,0.0320886336266994,0.971284151077271
501.345520019531,-0.245692938566208,0.04770452901721,0.338312685489655,2.11117649078369,27.2250804901123,4.78638553619385,0.0277153681963682,0.234362006187439,0.0362450554966927,0.971078097820282
501.865051269531,-0.243576005101204,0.0480815432965755,0.341467380523682,1.62455439567566,27.3397064208984,4.68140411376953,0.023414371535182,0.23554340004921,0.036333229392767,0.970902144908905
502.418609619141,-0.23576308786869,0.0437340438365936,0.349255442619324,3.34060788154602,27.2944374084473,3.53367257118225,0.035583321005106,0.234857335686684,0.0230749659240246,0.971104264259338
502.995361328125,-0.239775508642197,0.0451970733702183,0.336717545986176,2.08811092376709,29.4169139862061,2.73711776733398,0.0236821193248034,0.253365248441696,0.0184720400720835,0.966904401779175
503.595367431641,-0.244377300143242,0.0487443134188652,0.324384272098541,0.756756126880646,29.7234268188477,3.28909802436829,0.0137410722672939,0.256192564964294,0.0260450895875692,0.966177105903625
504.106079101563,-0.243612706661224,0.0491229966282845,0.326760530471802,0.744517385959625,29.7104110717773,3.36008596420288,0.0137935699895024,0.256077468395233,0.0266725867986679,0.966189742088318
