Seconds,PositionX,PositionY,PositionZ,RotationX,RotationY,RotationZ,QuatX,QuatY,QuatZ,QuatW
3.83674716949463,0.0714046880602837,-0.0268341992050409,0.193388342857361,9.31956577301025,33.5977897644043,358.047821044922,0.0728536993265152,0.28934109210968,-0.0397298783063889,0.953622400760651
4.36986637115479,0.0355288274586201,-0.0210635308176279,0.201566338539124,6.48972034454346,15.3650541305542,359.865600585938,0.0559385716915131,0.133535340428352,-0.00872743781656027,0.989425599575043
4.9031400680542,0.0254169330000877,-0.033011756837368,0.206572219729424,13.0966787338257,11.6707401275635,2.05473756790161,0.115243300795555,0.0989567488431931,0.00612794747576118,0.988376975059509
5.4059157371521,0.0233990587294102,-0.0450846403837204,0.218426182866096,18.6516094207764,8.51884174346924,1.82267808914185,0.162745952606201,0.070711225271225,0.00361742381937802,0.984124302864075
5.9511570930481,0.0053993696346879,-0.0552119612693787,0.226224601268768,23.0000896453857,358.677978515625,0.0447622463107109,0.199351012706757,-0.0113828023895621,0.00268278014846146,0.9798583984375
6.45344209671021,0.00114592164754868,-0.0547181032598019,0.222214609384537,22.6684017181396,358.832641601563,1.25257110595703,0.196400329470634,-0.0121356807649136,0.0127187194302678,0.980366289615631
6.95477771759033,0.0435345843434334,-0.0317720137536526,0.198259338736534,12.8647298812866,24.1294040679932,5.0851001739502,0.118661768734455,0.20263583958149,0.0197152886539698,0.971838176250458
7.48145389556885,0.0828975066542625,-0.0212271325290203,0.159087255597115,7.14391422271729,39.4682273864746,357.161254882813,0.0502774938941002,0.338348954916,-0.0443002544343472,0.938631772994995
8.0124454498291,0.0322839468717575,-0.0493441261351109,0.199367508292198,21.2287788391113,10.3579273223877,1.84408092498779,0.184850201010704,0.0857588946819305,-0.000872823758982122,0.979017376899719
8.53307247161865,-0.00729329138994217,-0.0671855509281158,0.219118177890778,28.5397434234619,354.759490966797,3.76290917396545,0.244644358754158,-0.0523658283054829,0.0430478565394878,0.967240333557129
9.06588172912598,0.019051406532526,-0.0425839573144913,0.215989992022514,18.3197917938232,4.02162599563599,3.80175852775574,0.160153672099113,0.0293444264680147,0.0271447505801916,0.986282348632813
9.56797027587891,0.0506071522831917,-0.0292346961796284,0.19591112434864,11.094033241272,16.4516048431396,0.347987920045853,0.0961000695824623,0.142113491892815,-0.0108384490013123,0.985114753246307
10.1182909011841,0.0477052368223667,-0.0190752949565649,0.193183407187462,6.15546894073486,17.0929164886475,0.97767561674118,0.0543587245047092,0.147938564419746,0.000446051708422601,0.987501442432404
10.6704206466675,0.0482873469591141,-0.0199653133749962,0.199498265981674,6.23668527603149,16.69997215271,1.05584311485291,0.0551555901765823,0.144502341747284,0.00120328820776194,0.98796534538269
11.2047748565674,0.074771948158741,-0.0210156254470348,0.200900688767433,6.57981109619141,27.8165912628174,359.703674316406,0.0550848580896854,0.240115702152252,-0.0163002908229828,0.969043076038361
11.7211513519287,0.0788997858762741,-0.0205292552709579,0.203784301877022,6.73484897613525,27.1756916046143,359.152618408203,0.0553589016199112,0.234946087002754,-0.0209748800843954,0.970203995704651
12.2582569122314,0.0748709589242935,-0.029765285551548,0.212623953819275,11.5208759307861,23.8127384185791,359.801147460938,0.0978536382317543,0.205441236495972,-0.0223967935889959,0.973507583141327
12.779634475708,0.0717566087841988,-0.030527776107192,0.209875106811523,12.0229234695435,24.2913837432861,0.177941024303436,0.102707959711552,0.209082022309303,-0.0205247160047293,0.972272872924805
13.3092336654663,0.0666093677282333,-0.0227401629090309,0.202660471200943,7.81979131698608,22.9431381225586,359.520782470703,0.0659950822591782,0.198696494102478,-0.0176500342786312,0.977677285671234
13.8389024734497,0.0639322176575661,-0.0224160924553871,0.203630030155182,7.78469133377075,21.8281898498535,359.954437255859,0.0665790289640427,0.18892677128315,-0.0132422046735883,0.97964209318161
14.3743724822998,0.0621283799409866,-0.0221770610660315,0.198953792452812,7.24045324325562,21.6041717529297,359.936553955078,0.0619204118847847,0.187077403068542,-0.0123767675831914,0.98031359910965
14.8945436477661,0.0627921745181084,-0.0224355533719063,0.201110497117043,7.46734666824341,21.5632915496826,0.0587227270007133,0.0640649050474167,0.186636790633202,-0.0116792125627398,0.980268359184265
15.4359397888184,0.0454115159809589,-0.0181344505399466,0.204239562153816,5.92473888397217,15.7735805511475,1.0607647895813,0.0524575188755989,0.136553093791008,0.00206593796610832,0.989240765571594
15.964807510376,0.0327992588281631,-0.0144220050424337,0.207384616136551,4.33884716033936,11.3992166519165,1.8215399980545,0.0392401032149792,0.098630502820015,0.0120463762432337,0.994277238845825
16.5042495727539,0.0397609919309616,-0.0309021398425102,0.215193465352058,11.4632453918457,13.5079002380371,359.924072265625,0.0990983247756958,0.117083586752415,-0.0123997712507844,0.98808765411377
17.0417289733887,0.0652051120996475,-0.0391306355595589,0.206960245966911,18.2701511383057,29.2661323547363,1.78703892230988,0.157483711838722,0.246997848153114,-0.0252059083431959,0.955801069736481
17.5879859924316,0.060265064239502,-0.0295599121600389,0.193061262369156,13.8289012908936,27.9650707244873,0.47994527220726,0.11782369017601,0.239377409219742,-0.0250538010150194,0.96342533826828
18.1388549804688,0.0410924889147282,-0.015967009589076,0.195746794342995,5.91003561019897,16.5685901641846,0.939812242984772,0.0521924011409283,0.143470168113708,0.000677339208777994,0.988277196884155
18.6901607513428,0.0413904935121536,-0.0153605211526155,0.196856826543808,5.31302928924561,17.7626667022705,1.15493297576904,0.0473446175456047,0.153753235936165,0.00279169855639338,0.986970484256744
19.2430095672607,0.0553900636732578,-0.0102660832926631,0.196040317416191,2.04370594024658,26.7182903289795,1.69119322299957,0.0207586325705051,0.23073622584343,0.0102361757308245,0.972741067409515
19.7929763793945,0.0567589178681374,-0.0107713956385851,0.19997176527977,2.35124015808105,26.9135799407959,1.41956889629364,0.022834362462163,0.232397958636284,0.00727094104513526,0.972325563430786
20.2944526672363,0.0534379035234451,-0.010999483987689,0.198243170976639,2.61266016960144,25.435583114624,1.4504257440567,0.0250223930925131,0.219792798161507,0.00732477102428675,0.975198149681091
20.7951221466064,0.0498885996639729,-0.0116260098293424,0.199215710163116,2.91533994674683,23.5814170837402,1.3888955116272,0.027375616133213,0.203954353928566,0.00666290568187833,0.978574931621552
21.3466835021973,0.0514109693467617,-0.0113445352762938,0.201776891946793,3.01501250267029,23.613094329834,1.2579756975174,0.0279951337724924,0.204242065548897,0.00535924313589931,0.978505373001099
21.89306640625,0.0512994825839996,-0.0108423288911581,0.199869990348816,2.6865246295929,23.5934810638428,1.32403314113617,0.0253070257604122,0.204105421900749,0.00651475600898266,0.978600084781647
22.3957328796387,0.0530187785625458,-0.0104255964979529,0.194749817252159,2.37238073348999,24.5667419433594,0.944040060043335,0.0219791270792484,0.212527349591255,0.00364387407898903,0.976901113986969
22.9385929107666,0.0543271005153656,-0.0107676545158029,0.195402011275291,2.49287271499634,24.9484119415283,0.829427421092987,0.02280168607831,0.215789586305618,0.00236705620773137,0.976170778274536
23.4640789031982,0.0542461015284061,-0.0114038055762649,0.19780333340168,2.80772185325623,24.7100238800049,0.873882651329041,0.0255626831203699,0.213715434074402,0.00220516626723111,0.976558983325958
23.9943199157715,0.0541688874363899,-0.011234812438488,0.198935568332672,2.80178999900818,24.588020324707,0.802163243293762,0.025376645848155,0.212692186236382,0.00163206830620766,0.976788401603699
24.517053604126,0.0556165650486946,-0.0122075276449323,0.202926740050316,3.30692076683044,24.3492908477783,1.02061033248901,0.0300817582756281,0.210544884204865,0.0026175391394645,0.977117717266083
25.0463581085205,0.0600956529378891,-0.0133770946413279,0.205699756741524,3.97447943687439,24.3234825134277,0.876742780208588,0.0355085395276546,0.210279867053032,0.000169493912835605,0.976996183395386
25.5731067657471,0.0603724084794521,-0.0120777459815145,0.20029790699482,3.58660888671875,24.0141010284424,0.958242893218994,0.0323469787836075,0.20766693353653,0.00166527775581926,0.977663218975067
26.1006126403809,0.0611585155129433,-0.0116680357605219,0.187822341918945,2.99445176124573,24.7225284576416,1.02289986610413,0.0274320542812347,0.213765546679497,0.00312320818193257,0.976494789123535
26.6276321411133,0.051985539495945,-0.0109124993905425,0.191602796316147,2.87228393554688,24.4403476715088,1.3270822763443,0.0269437599927187,0.21130459010601,0.00601010397076607,0.977030336856842
27.1512489318848,0.0505753345787525,-0.0109736528247595,0.193533465266228,2.92046618461609,24.6813411712646,0.876019954681396,0.0265268906950951,0.21345791220665,0.00201938953250647,0.976589977741241
27.6766967773438,0.0449675470590591,-0.011477118358016,0.187138482928276,2.60471940040588,24.5970363616943,1.21354413032532,0.0244608018547297,0.212702974677086,0.00550325540825725,0.976795196533203
28.1961002349854,0.048000656068325,-0.0114861503243446,0.181981593370438,2.56149554252625,26.449254989624,0.713257253170013,0.0231818109750748,0.228572309017181,0.000944508996326476,0.973250448703766
28.7260913848877,0.0689539909362793,-0.0153806731104851,0.166881456971169,4.25358152389526,40.7015228271484,0.303724229335785,0.0357155464589596,0.34743344783783,-0.0104225669056177,0.936966300010681
29.230770111084,0.0780164152383804,-0.015265149064362,0.165639147162437,4.29650735855103,41.6686820983887,359.257598876953,0.0327308773994446,0.355636775493622,-0.0193828325718641,0.933849811553955
29.7415237426758,0.0699505135416985,-0.0142630264163017,0.180622741580009,4.2846884727478,34.5165939331055,359.640045166016,0.0347677171230316,0.29658317565918,-0.0140882357954979,0.954270005226135
30.247486114502,0.0564505346119404,-0.0131447780877352,0.194869145750999,3.78220748901367,25.2761917114258,0.197596922516823,0.0325774773955345,0.21861706674099,-0.00553846452385187,0.975251078605652
30.7767715454102,0.0519028455018997,-0.0141106629744172,0.205181449651718,4.30850505828857,22.9177055358887,0.829496920108795,0.0382767654955387,0.198251873254776,-0.000378212716896087,0.979403376579285
31.3026790618896,0.0485261790454388,-0.0134449619799852,0.20303501188755,3.82882952690125,22.7717609405518,1.13440907001495,0.0347007848322392,0.196971699595451,0.00310451467521489,0.979789972305298
31.8329544067383,0.0496503487229347,-0.0136671988293529,0.202394604682922,3.87738871574402,22.9526519775391,1.01102769374847,0.0349068865180016,0.198548883199692,0.00191073911264539,0.979467332363129
32.3562431335449,0.0500179678201675,-0.0133653907105327,0.203745365142822,3.74305248260498,23.0901184082031,0.80522620677948,0.0334025323390961,0.199801981449127,0.000344964792020619,0.979266762733459
32.8855476379395,0.0472194366157055,-0.012605925090611,0.204265624284744,3.57120847702026,22.8654613494873,1.07259058952332,0.0323944352567196,0.197826489806175,0.00299370102584362,0.979697048664093
33.4206695556641,0.0471058636903763,-0.0127235502004623,0.204162016510963,3.60317420959473,23.1799545288086,1.01651775836945,0.0325775146484375,0.200526148080826,0.0023695679847151,0.979143679141998
33.9750175476074,0.049673967063427,-0.0135813364759088,0.20338362455368,3.64111280441284,23.2437496185303,0.801768481731415,0.0325260572135448,0.201127544045448,0.00044995077769272,0.979024827480316
34.5043487548828,0.0488405600190163,-0.0132255461066961,0.204932525753975,3.82564330101013,22.9780406951904,1.01228225231171,0.0344672612845898,0.198772430419922,0.0020037479698658,0.979437351226807
35.0297050476074,0.0508056208491325,-0.0126271462067962,0.201699420809746,3.55516862869263,23.4590320587158,0.806534171104431,0.0318013578653336,0.20297509431839,0.000582095701247454,0.978667199611664
35.5568237304688,0.0527874417603016,-0.0126151889562607,0.204792991280556,3.56647539138794,23.4266014099121,0.67154335975647,0.0316589511930943,0.202734231948853,-0.000581896456424147,0.978721737861633
36.0830078125,0.0528239831328392,-0.0129855610430241,0.206504374742508,3.72913002967834,23.5147151947021,0.842661261558533,0.0333511605858803,0.203419834375381,0.000565632712095976,0.978523254394531
36.6116676330566,0.0523697100579739,-0.012948228046298,0.208836600184441,3.6833508014679,23.5779228210449,0.774522364139557,0.0328393429517746,0.203984633088112,4.71107559860684E-05,0.978423178195953
37.1458854675293,0.0474999435245991,-0.0126692596822977,0.207066014409065,3.33940029144287,23.2444915771484,1.20139789581299,0.0306498538702726,0.20106241106987,0.00439497549086809,0.979088962078094
37.6682052612305,0.0489235296845436,-0.0127230482175946,0.205810934305191,3.50792622566223,23.6482162475586,0.869548916816711,0.031511478126049,0.204578682780266,0.00115211342927068,0.978342115879059
38.2035636901855,0.0496712177991867,-0.0125353690236807,0.20383819937706,3.29164385795593,23.6286201477051,0.767458736896515,0.029482651501894,0.204463198781013,0.000672480557113886,0.978429973125458
38.7453460693359,0.0508380755782127,-0.0125185782089829,0.202377691864967,3.27227354049683,23.8798484802246,0.712806582450867,0.0292202103883028,0.206623867154121,0.000176399917108938,0.977984011173248
39.2877082824707,0.0501423142850399,-0.0124916145578027,0.201904907822609,3.26435351371765,23.707691192627,0.63706237077713,0.0290166884660721,0.205174401402473,-0.000412144436268136,0.978295087814331
39.8253746032715,0.0495825111865997,-0.012538286857307,0.201840803027153,3.35243797302246,23.9219932556152,0.751299679279327,0.0299738515168428,0.206965044140816,0.00034909910755232,0.977889060974121
40.3642921447754,0.0488017275929451,-0.0125395199283957,0.201683804392815,3.4512083530426,23.5942497253418,0.678806841373444,0.0306868758052588,0.204176008701324,-0.000360465404810384,0.978453040122986
40.9061241149902,0.0502892360091209,-0.0124166719615459,0.201125413179398,3.28449010848999,23.9762725830078,0.575214505195618,0.0290754809975624,0.207480505108833,-0.0010444107465446,0.977806389331818
41.4447822570801,0.0475830622017384,-0.0117598026990891,0.19729371368885,2.71237802505493,23.8066368103027,0.667654991149902,0.0243598464876413,0.206064641475677,0.00081782671622932,0.978234767913818
41.9809226989746,0.0472855269908905,-0.0124198012053967,0.196439072489738,2.94176959991455,24.169713973999,0.531681954860687,0.0260708965361118,0.209172427654266,-0.00083853438263759,0.977530837059021
42.5254325866699,0.0442071333527565,-0.0118635427206755,0.195592328906059,2.77253293991089,23.9702072143555,0.792838513851166,0.0251009408384562,0.207427874207497,0.00174232525750995,0.977926671504974
43.0623054504395,0.0455445237457752,-0.0122481100261211,0.196366176009178,2.95299577713013,24.2108249664307,0.781350553035736,0.0266227871179581,0.209464654326439,0.00126120867207646,0.9774529337883
43.6020393371582,0.0478321835398674,-0.011975291185081,0.197555243968964,2.78807973861694,24.2304573059082,0.462596237659454,0.0246331486850977,0.209718599915504,-0.00116009707562625,0.977450788021088
44.153621673584,0.0495896153151989,-0.0121730901300907,0.202495828270912,3.01661133766174,24.1190395355225,0.680058896541595,0.0269799828529358,0.208698868751526,0.000302349246339872,0.977607727050781
44.6870956420898,0.0479544997215271,-0.0114238429814577,0.200811013579369,2.77047991752625,24.1721286773682,0.69802325963974,0.0249133948236704,0.209171667695045,0.000892993528395891,0.977561175823212
45.2291603088379,0.0480400547385216,-0.0121821826323867,0.197546556591988,2.90579652786255,24.3594284057617,0.469730317592621,0.0256487615406513,0.210807517170906,-0.00134374829940498,0.977190136909485
45.747932434082,0.0490226149559021,-0.0121516920626163,0.194239526987076,2.93250870704651,24.3932151794434,0.381668537855148,0.0257138982415199,0.211113288998604,-0.00215146853588521,0.977120995521545
46.2895851135254,0.0500723943114281,-0.0121801663190126,0.194408848881721,3.29653429985046,23.9520473480225,0.528102338314056,0.0290932543575764,0.207284614443779,-0.00146210286766291,0.97784686088562
46.8383979797363,0.0496042817831039,-0.0115154143422842,0.195223942399025,2.84122753143311,24.4049987792969,0.548680424690247,0.025243179872632,0.211184024810791,-0.000561624940019101,0.977120161056519
47.3744163513184,0.0458629056811333,-0.0103783728554845,0.193583711981773,2.42175340652466,24.3743228912354,0.676622092723846,0.0219018198549747,0.210932999849319,0.00130919285584241,0.977254271507263
47.9262351989746,0.0462183207273483,-0.010182929225266,0.193203344941139,2.16883301734924,24.4274024963379,0.420402020215988,0.0192730166018009,0.211451351642609,-0.000418815994635224,0.977198421955109
48.477710723877,0.0471820048987865,-0.0101570328697562,0.193461060523987,2.09609866142273,24.6411972045898,0.417744100093842,0.0186472665518522,0.213279381394386,-0.000341972976457328,0.97681325674057
49.0130577087402,0.0487688593566418,-0.0102065140381455,0.194708794355392,2.12656307220459,24.5544090270996,0.288692444562912,0.0186678692698479,0.212558671832085,-0.00148463959340006,0.976968824863434
49.565486907959,0.0498728975653648,-0.0113661233335733,0.197262108325958,2.50470185279846,24.5978984832764,0.368997305631638,0.0220399517565966,0.212891727685928,-0.00151010835543275,0.976826012134552
50.1029930114746,0.0515958666801453,-0.011361232958734,0.201022773981094,2.49395108222961,24.7278079986572,0.371060073375702,0.0219504591077566,0.213999330997467,-0.00149742385838181,0.976585984230042
50.6490135192871,0.0516510531306267,-0.0102229751646519,0.203867405653,2.36392712593079,24.4572334289551,0.230281621217728,0.0205851793289185,0.211726948618889,-0.00240563345141709,0.977109134197235
51.2063865661621,0.0466390997171402,-0.010208597406745,0.20036219060421,2.18842530250549,24.4977474212646,0.644874095916748,0.0198551490902901,0.212011411786079,0.0014470349997282,0.977064371109009
51.7682800292969,0.0473156832158566,-0.0098113976418972,0.197073459625244,2.0017671585083,24.6131839752197,0.476453185081482,0.0179523602128029,0.213037475943565,0.000338555895723403,0.976879060268402
52.3043899536133,0.0483241900801659,-0.0100093046203256,0.196283802390099,2.12890696525574,24.4606151580811,0.319334089756012,0.0187456905841827,0.211753830313683,-0.00121240643784404,0.977142512798309
52.8364486694336,0.0501554273068905,-0.0101244086399674,0.196900606155396,2.21829223632813,24.7967205047607,0.263416111469269,0.0193990189582109,0.214623108506203,-0.00191138184163719,0.976502418518066
53.3882827758789,0.0494003444910049,-0.00985582079738379,0.197473660111427,2.132896900177,24.7361812591553,0.442069619894028,0.0190060324966908,0.214082524180412,-0.000218900400795974,0.976630687713623
53.9241943359375,0.0501906126737595,-0.00990781653672457,0.199072897434235,2.15465021133423,24.9063243865967,0.394039750099182,0.0191006790846586,0.215538918972015,-0.000697272538673133,0.976308166980743
54.472469329834,0.0475888103246689,-0.00908257625997066,0.196604371070862,1.90218019485474,24.7217578887939,0.630619764328003,0.0173917524516582,0.21394644677639,0.00182161235716194,0.976688861846924
55.0218315124512,0.046219490468502,-0.00840894877910614,0.192313492298126,1.67330098152161,24.6211605072021,0.732845067977905,0.015629131346941,0.213092476129532,0.00313432444818318,0.976902008056641
55.5590934753418,0.0434000492095947,-0.00742488820105791,0.185400977730751,1.22758686542511,24.5677108764648,0.815155327320099,0.0119803380221128,0.212663024663925,0.00467117084190249,0.977041006088257
56.1036529541016,0.0438501089811325,-0.0331835001707077,0.19191500544548,15.2876405715942,26.798303604126,4.06641054153442,0.137460768222809,0.224939048290253,0.00340174697339535,0.964621901512146
56.6441078186035,0.0521014668047428,-0.0369718372821808,0.190353557467461,17.6725006103516,33.7763633728027,7.1856484413147,0.164686024188995,0.277281761169434,0.0147142689675093,0.946454882621765
57.180793762207,0.0652918368577957,-0.0374571569263935,0.191593304276466,17.8669528961182,36.4385147094727,6.67864847183228,0.165243059396744,0.299745142459869,0.0061889486387372,0.93957930803299
57.7321243286133,0.0572654455900192,-0.0267152059823275,0.185342401266098,12.7796983718872,30.9293613433838,2.64166235923767,0.113343186676502,0.262444913387299,-0.00758947944268584,0.958237171173096
58.2813377380371,0.045641090720892,-0.0155261633917689,0.185549587011337,5.85005617141724,23.4512233734131,1.65533351898193,0.0528908707201481,0.202217325568199,0.00375581695698202,0.977904200553894
58.8162803649902,0.0488985665142536,-0.0152705311775208,0.191334262490273,5.86461353302002,24.3017902374268,1.80155098438263,0.0533085241913795,0.20939926803112,0.00458217039704323,0.976365327835083
59.367992401123,0.0488968975841999,-0.0153255695477128,0.197009816765785,5.94188451766968,24.5536251068115,1.96653139591217,0.0542807802557945,0.211448833346367,0.0057262759655714,0.975863814353943
59.9003562927246,0.046357274055481,-0.0150134023278952,0.198387041687965,5.58213138580322,24.5018405914307,2.11907124519348,0.0514960959553719,0.211025521159172,0.00771802384406328,0.976092636585236
60.4463768005371,0.0500059276819229,-0.0157408583909273,0.204781278967857,6.03634023666382,24.5985622406006,2.14465928077698,0.0554161816835403,0.211722657084465,0.00704569229856133,0.975732028484344
60.9795303344727,0.050703339278698,-0.0153796821832657,0.20723457634449,5.92451047897339,24.3689117431641,2.19589924812317,0.0545435063540936,0.20977096259594,0.00779983308166265,0.976196885108948
61.5172157287598,0.046345379203558,-0.014907805249095,0.204456269741058,5.52654838562012,24.2997589111328,2.37066531181335,0.0514683872461319,0.20920504629612,0.0100551238283515,0.976464629173279
62.0667343139648,0.0434356108307838,-0.0143599789589643,0.200059488415718,5.31851673126221,24.2119178771973,2.40959453582764,0.0497591979801655,0.208494260907173,0.0108083365485072,0.976697206497192
62.6146812438965,0.0440134108066559,-0.0143176969140768,0.196980252861977,5.22078084945679,24.2751388549805,2.31386852264404,0.0487578921020031,0.209099635481834,0.0101449573412538,0.976625382900238
63.1536560058594,0.0475934445858002,-0.014667353592813,0.198243960738182,5.32818031311035,24.2876987457275,2.08085083961487,0.049248468130827,0.209279701113701,0.00795601960271597,0.976582467556
63.7091178894043,0.049033235758543,-0.0142836589366198,0.199322551488876,5.22946929931641,24.1825904846191,1.96818971633911,0.0481951087713242,0.208454921841621,0.00722175370901823,0.976817071437836
64.2400207519531,0.0477617830038071,-0.0144843496382236,0.198760569095612,5.15512418746948,24.1618881225586,2.06235313415527,0.0477313809096813,0.208256348967552,0.00816931016743183,0.976874768733978
64.8047790527344,0.0464654862880707,-0.0148281715810299,0.201754301786423,5.35357713699341,23.9170913696289,2.11888861656189,0.0495074018836021,0.206097692251205,0.00839359685778618,0.977242231369019
65.3435134887695,0.0454458445310593,-0.0143008762970567,0.198477163910866,5.05842590332031,24.1692352294922,1.96959733963013,0.0467391908168793,0.208379551768303,0.00755262700840831,0.976901412010193
65.8900833129883,0.0418256670236588,-0.0136834066361189,0.190134555101395,4.75956296920776,24.2787895202637,1.93304133415222,0.0441329628229141,0.209394797682762,0.00774607388302684,0.976804077625275
66.4281997680664,0.0395478457212448,-0.0133364098146558,0.183207228779793,4.36536312103271,24.4202842712402,1.7744677066803,0.0404923111200333,0.210742622613907,0.00706917839124799,0.976677000522614
66.9804992675781,0.0406500287353992,-0.0137666305527091,0.189998120069504,4.82591438293457,24.4105186462402,2.04032611846924,0.0449041724205017,0.21046094596386,0.00848691817373037,0.976533591747284
67.5225296020508,0.0405154898762703,-0.0179395973682404,0.195762008428574,6.63121795654297,23.7157173156738,2.24277973175049,0.060605701059103,0.203993454575539,0.00723887979984283,0.977067649364471
68.075309753418,0.0387147143483162,-0.0194223523139954,0.199708297848701,7.77197313308716,22.9327068328857,1.99737632274628,0.0698654726147652,0.197147637605667,0.00357200554572046,0.97787469625473
68.6177291870117,0.0416976884007454,-0.00959025416523218,0.197709262371063,2.43132066726685,23.9581985473633,0.701719164848328,0.0220239888876677,0.207377165555954,0.00158558064140379,0.978011846542358
69.1658706665039,0.0402845144271851,-0.00922015402466059,0.199040144681931,2.31138753890991,23.7748317718506,0.59704977273941,0.0208095107227564,0.205841720104218,0.000942842976655811,0.978363573551178
69.7194061279297,0.0405810214579105,-0.0100555513054132,0.200995907187462,2.62140369415283,23.917610168457,0.793413519859314,0.0238113813102245,0.206994265317917,0.00203215866349638,0.978050291538239
70.2678451538086,0.0397753044962883,-0.00911635812371969,0.200143694877625,2.42630553245544,23.8424053192139,0.87047278881073,0.0222834795713425,0.206356674432755,0.00305745843797922,0.97821831703186
70.8243713378906,0.0383429750800133,-0.0101044438779354,0.198366969823837,2.85525631904602,23.7097434997559,0.929150879383087,0.026047233492136,0.205165192484856,0.0028148302808404,0.978376626968384
71.3715057373047,0.0360631197690964,-0.0100215785205364,0.190968006849289,2.35392713546753,23.8608741760254,1.1193333864212,0.0221146233379841,0.20647419989109,0.00530886277556419,0.978187739849091
71.9077453613281,0.0385064780712128,-0.0103204920887947,0.192731916904449,2.61363053321838,23.8783626556396,0.947697937488556,0.024022564291954,0.206627875566483,0.00337128131650388,0.97811883687973
72.460205078125,0.0402437895536423,-0.0103915510699153,0.195841148495674,2.66815638542175,23.9550285339355,1.01884627342224,0.0246188119053841,0.207260861992836,0.00386361009441316,0.977968275547028
73.0122528076172,0.0394693948328495,-0.00993520952761173,0.199692338705063,2.42483234405518,23.6966762542725,1.3668292760849,0.0231552347540855,0.205014243721962,0.0073267063125968,0.978457629680634
73.5475234985352,0.0381114222109318,-0.00941971596330404,0.200346887111664,2.21038842201233,23.4993381500244,1.33914959430695,0.0212618932127953,0.203363642096519,0.00751154916360974,0.978843629360199
74.0944900512695,0.0406195297837257,-0.00941085442900658,0.201081678271294,2.25880241394043,23.735969543457,1.11633896827698,0.0212913192808628,0.205419778823853,0.00547823449596763,0.978427052497864
74.6524810791016,0.0427007973194122,-0.00891877897083759,0.201071470975876,2.1912727355957,23.7834510803223,0.866607546806335,0.0202684588730335,0.205877795815468,0.00345877627842128,0.97836172580719
75.205680847168,0.0435563735663891,-0.00867621414363384,0.197223588824272,1.90069508552551,23.9132518768311,0.564164161682129,0.0172457136213779,0.207060262560844,0.00137968210037798,0.978175222873688
75.7510070800781,0.0427394136786461,-0.00915731023997068,0.196266114711761,2.09839582443237,23.8762092590332,0.720714211463928,0.0192153118550777,0.206703454256058,0.00236468482762575,0.978212118148804
76.2851181030273,0.0427548103034496,-0.0095291119068861,0.194956719875336,2.12789058685303,23.8842754364014,0.641787946224213,0.0193248260766268,0.206783100962639,0.00163631048053503,0.97819459438324
76.8388595581055,0.0418187826871872,-0.00935229007154703,0.194269046187401,2.13244891166687,23.9094181060791,0.672116458415985,0.019418878480792,0.206992208957672,0.00188271072693169,0.97814804315567
77.3886337280273,0.0417027808725834,-0.00937026739120483,0.193190604448318,2.23714065551758,23.9939842224121,0.636980831623077,0.0202500279992819,0.207711383700371,0.00137855065986514,0.977979600429535
77.9373550415039,0.0399281904101372,-0.00861728563904762,0.19001641869545,1.72353076934814,23.872537612915,0.692794322967529,0.0159648731350899,0.206707417964935,0.00280376081354916,0.978268563747406
78.4877853393555,0.0397999621927738,-0.00886792689561844,0.190929651260376,1.98964262008667,23.858528137207,0.818510949611664,0.0184628646820784,0.206546172499657,0.00339877256192267,0.97825676202774
79.0243225097656,0.040147066116333,-0.0087229460477829,0.192991301417351,1.85830199718475,23.8411483764648,0.890376031398773,0.0174705628305674,0.206398859620094,0.00425194948911667,0.978302717208862
79.5820159912109,0.040352888405323,-0.00908974837511778,0.194695100188255,1.86907744407654,23.7229309082031,0.954478204250336,0.0176730640232563,0.205378606915474,0.00479801138862967,0.978511273860931
80.1350784301758,0.0402775928378105,-0.00881411135196686,0.194912374019623,1.80241632461548,23.8397750854492,0.890556335449219,0.0169937442988157,0.20639243721962,0.00435447134077549,0.978312075138092
80.6780853271484,0.0391954779624939,-0.00834930315613747,0.19204106926918,1.56681859493256,23.8293342590332,0.867354989051819,0.014940214343369,0.206328198313713,0.00458256900310516,0.978358030319214
81.2288513183594,0.0363377518951893,-0.0079131405800581,0.187403976917267,1.34593021869659,23.7118549346924,0.971035182476044,0.0132350474596024,0.20533250272274,0.00587946036830544,0.978585124015808
81.7950134277344,0.0319669134914875,-0.00796823762357235,0.187848404049873,1.51135146617889,22.141580581665,1.19582390785217,0.0149461477994919,0.19185945391655,0.00770789058879018,0.981278419494629
82.3424530029297,0.0218898449093103,-0.00814726389944553,0.190607249736786,2.13492465019226,16.8287181854248,1.42672789096832,0.0202492289245129,0.146064788103104,0.00958818849176168,0.989021301269531
82.8907241821289,0.0258619673550129,-0.00884210132062435,0.187454000115395,2.44217205047607,17.8231410980225,1.34334790706635,0.0228672083467245,0.15461727976799,0.00827755592763424,0.987675070762634
83.4491958618164,0.0333486199378967,-0.00961564667522907,0.187585458159447,2.57333922386169,19.5983982086182,0.806697487831116,0.0233244020491838,0.169992834329605,0.00311364443041384,0.98516434431076
84.0015029907227,0.0382676608860493,-0.0100922547280788,0.19124436378479,2.67561721801758,20.5167198181152,0.678952753543854,0.0240282975137234,0.177899360656738,0.00167091027833521,0.98375391960144
84.5622329711914,0.0419921725988388,-0.0102099068462849,0.200590148568153,2.94001817703247,20.9777069091797,0.798399329185486,0.0264923442155123,0.181804165244102,0.00217862497083843,0.982975423336029
85.0912170410156,0.0400885492563248,-0.00960643775761127,0.201302394270897,2.68899726867676,20.987455368042,0.98795872926712,0.0246402584016323,0.181872069835663,0.00420168042182922,0.983004450798035
85.6399230957031,0.0370398685336113,-0.00894028320908546,0.19586293399334,2.30408120155334,21.0458297729492,0.873715162277222,0.0211590118706226,0.182435810565948,0.00382304028607905,0.982982635498047
86.2068710327148,0.0382775217294693,-0.00931564811617136,0.191103368997574,2.18521308898926,21.3705177307129,0.605678081512451,0.0197173580527306,0.185278475284576,0.00165742100216448,0.982486844062805
86.7439117431641,0.0437459275126457,-0.0098136430606246,0.199250280857086,2.74276995658875,21.4841499328613,0.495109736919403,0.0243183635175228,0.186231419444084,-0.000217062493902631,0.982204854488373
87.2926330566406,0.0459888726472855,-0.00971538852900267,0.205650016665459,2.70996165275574,21.497142791748,0.640904366970062,0.0242742151021957,0.186314538121223,0.00108322780579329,0.982189655303955
87.8582229614258,0.0432044938206673,-0.00901288352906704,0.207537829875946,2.51943182945251,21.1827983856201,0.8645880818367,0.0229956973344088,0.183591097593307,0.00337384268641472,0.982727885246277
88.3986511230469,0.0415896959602833,-0.00911168847233057,0.203703254461288,2.4647696018219,21.5418491363525,0.904828250408173,0.0226032324135303,0.186666920781136,0.00373586965724826,0.982156097888947
88.9622192382813,0.0411077998578548,-0.00913128349930048,0.199663206934929,2.46795225143433,21.5215854644775,0.681933462619781,0.0222670547664165,0.186536580324173,0.0018241930520162,0.982193946838379
89.5236282348633,0.0388205721974373,-0.00856213085353374,0.195084571838379,2.16297841072083,21.5337867736816,0.689679384231567,0.0196659583598375,0.186665445566177,0.0023856065236032,0.982223808765411
90.0790405273438,0.0390935391187668,-0.00879926886409521,0.19396285712719,2.28853106498718,21.6094970703125,0.693373441696167,0.0207495540380478,0.187303215265274,0.0021987936925143,0.982080519199371
90.6212005615234,0.0363020822405815,-0.00902196206152439,0.192737564444542,2.39550185203552,21.288703918457,0.84640634059906,0.021906953305006,0.184515044093132,0.00339657231234014,0.98257964849472
91.1679077148438,0.0350777730345726,-0.00903634168207645,0.19205479323864,2.48675560951233,21.6804981231689,0.972783386707306,0.022907517850399,0.187839314341545,0.00425471365451813,0.981923401355743
91.7200698852539,0.0341661795973778,-0.0109357060864568,0.19192823767662,3.37191939353943,21.2533283233643,0.914937376976013,0.0303875207901001,0.184092178940773,0.00241854763589799,0.982436180114746
92.2864990234375,0.0414268039166927,-0.0209822859615088,0.197563827037811,9.03793239593506,21.9866676330566,0.669802606105804,0.0784531086683273,0.189646661281586,-0.00930441357195377,0.978668868541718
92.8307723999023,0.0471828281879425,-0.00905712880194187,0.182708159089088,2.76508688926697,23.5733871459961,358.558074951172,0.0210474785417318,0.204490274190903,-0.0172419659793377,0.97849041223526
93.3956985473633,0.0448410883545876,-0.00901216641068459,0.182063803076744,2.80193877220154,23.4874725341797,359.221405029297,0.0225542634725571,0.203631833195686,-0.0116263888776302,0.97871869802475
93.9478454589844,0.0446971990168095,-0.00907713174819946,0.183380901813507,2.94214940071106,24.2318439483643,359.204437255859,0.0236431416124105,0.209990322589874,-0.0121738128364086,0.977341830730438
94.4917526245117,0.0419603697955608,-0.00830213073641062,0.178231343626976,2.35184502601624,24.0991077423096,359.323913574219,0.0188383534550667,0.208828419446945,-0.0100529324263334,0.977719187736511
95.0459747314453,0.040039911866188,-0.00872536934912205,0.179854735732079,2.5682098865509,23.854190826416,359.403930664063,0.0208511408418417,0.206726238131523,-0.00971943698823452,0.97812831401825
95.5951995849609,0.0413040854036808,-0.00905891507863998,0.183461710810661,2.70419263839722,23.851526260376,359.521026611328,0.0222233440726995,0.206681311130524,-0.00896447617560625,0.97811484336853
96.1400146484375,0.0405689179897308,-0.00991690531373024,0.19122888147831,2.90800547599792,23.8611698150635,359.608520507813,0.0241201333701611,0.20674355328083,-0.00858696922659874,0.978060126304626
96.6586990356445,0.0400797054171562,-0.0107744270935655,0.19510056078434,3.45646071434021,23.7079772949219,359.966888427734,0.0294562671333551,0.205333411693573,-0.00647773128002882,0.978227257728577
97.1842651367188,0.0400191321969032,-0.010345614515245,0.192250654101372,3.08190131187439,23.735652923584,359.870422363281,0.0260841306298971,0.205609947443008,-0.00663651153445244,0.978263854980469
97.7120208740234,0.0395956747233868,-0.00911588966846466,0.190970107913017,2.56149578094482,23.9708652496338,359.936889648438,0.0217498000711203,0.20762312412262,-0.00518021592870355,0.977953374385834
98.2438583374023,0.0396100021898746,-0.00930517446249723,0.188910931348801,2.48323535919189,23.7946166992188,359.788513183594,0.0208227392286062,0.206148594617844,-0.00627258978784084,0.978278994560242
98.7659378051758,0.0374790579080582,-0.00789581146091223,0.185830160975456,2.00080370903015,23.7169532775879,0.243935480713844,0.017524141818285,0.205426827073097,-0.00150482635945082,0.978514432907104
99.2899475097656,0.0379587262868881,-0.00747827580198646,0.184730917215347,1.88361823558807,23.6999130249023,0.247857749462128,0.0165307018905878,0.205286428332329,-0.00125872239004821,0.978561520576477
99.8189697265625,0.0388076454401016,-0.0080147348344326,0.187042936682701,2.17893576622009,23.4617118835449,0.267892062664032,0.019091697409749,0.203233793377876,-0.00157718837726861,0.97894287109375
100.333938598633,0.0390232242643833,-0.00706320581957698,0.184946000576019,1.91640722751617,23.7361526489258,0.351361393928528,0.0169959776103497,0.205579072237015,-0.000438985618529841,0.978492915630341
100.860733032227,0.0372226946055889,-0.00688496977090836,0.18345020711422,1.7197493314743,23.2281665802002,0.356742411851883,0.0153264170512557,0.201249271631241,2.78864954452729E-05,0.979420185089111
101.38826751709,0.0242218822240829,-0.00677745742723346,0.193133369088173,2.05845737457275,18.5982437133789,1.59383904933929,0.0199717693030834,0.161300465464592,0.0108211738988757,0.98664391040802
101.913497924805,0.0225206222385168,-0.00749347731471062,0.197340369224548,2.6190083026886,17.5493793487549,1.51884865760803,0.0246050767600536,0.152196675539017,0.00960959121584892,0.987997174263
102.440956115723,0.0310643874108791,-0.00596336321905255,0.190880969166756,1.73490953445435,21.758092880249,0.853107154369354,0.0162717867642641,0.188598766922951,0.00445279153063893,0.981909334659576
102.966346740723,0.031240850687027,-0.00933981686830521,0.18538860976696,3.27336478233337,23.3275814056396,0.493008494377136,0.0288410130888224,0.201963722705841,-0.00156246311962605,0.978967010974884
103.507369995117,0.0298376735299826,-0.00869194883853197,0.17252291738987,2.64174461364746,24.3792419433594,0.051003310829401,0.0226257629692554,0.211081594228745,-0.00443234015256166,0.977196514606476
104.021743774414,0.029200280085206,-0.00822323653846979,0.169860884547234,2.38601231575012,24.1996898651123,0.240540772676468,0.0207976959645748,0.209527298808098,-0.00231223949231207,0.97757887840271
104.549736022949,0.0322394222021103,-0.00800453312695026,0.172203838825226,2.22892189025879,24.0680732727051,0.273565024137497,0.019519941881299,0.208407282829285,-0.00172072916757315,0.977845847606659
105.077369689941,0.0340426340699196,-0.00814255513250828,0.174970731139183,2.39322447776794,23.7919979095459,0.278085380792618,0.0209348723292351,0.206040695309639,-0.00193067092914134,0.978317558765411
105.614013671875,0.0346467457711697,-0.00816353783011436,0.174536719918251,2.32215523719788,23.8417282104492,0.204834938049316,0.0201953649520874,0.20648230612278,-0.00243696640245616,0.978238880634308
106.147193908691,0.0353517457842827,-0.0082080066204071,0.17482827603817,2.29136753082275,23.9318752288818,0.187937572598457,0.0199001003056765,0.207256346940994,-0.00254137627780437,0.978080928325653
106.669738769531,0.0360973030328751,-0.00783066172152758,0.177282258868217,2.01871275901794,24.0677623748779,0.304571837186813,0.017782561480999,0.208411201834679,-0.001073605613783,0.977879047393799
107.195663452148,0.0390149168670177,-0.00808284524828196,0.188923060894012,2.26401543617249,22.9987487792969,359.939544677734,0.0192542783915997,0.199328497052193,-0.00445526605471969,0.979733407497406
107.719604492188,0.0447996482253075,-0.00851867999881506,0.195090472698212,2.68489575386047,24.0094394683838,359.932434082031,0.0227930266410112,0.207948669791222,-0.00544940587133169,0.97785896062851
108.241920471191,0.0383541285991669,-0.00714725535362959,0.18660643696785,1.82533395290375,24.1038036346436,0.428495526313782,0.0163578428328037,0.208711460232735,0.000330654525896534,0.977840423583984
108.772087097168,0.0344623625278473,-0.00730009423568845,0.182829588651657,1.65080773830414,23.9188976287842,0.581944704055786,0.0151448901742697,0.207123607397079,0.00198259577155113,0.978195548057556
109.327934265137,0.0375199653208256,-0.00671096425503492,0.185599818825722,1.59767782688141,24.2357311248779,0.556576371192932,0.0146506056189537,0.209834352135658,0.00182163866702467,0.977625489234924
109.841148376465,0.0406713113188744,-0.00632921187207103,0.187112212181091,1.4289379119873,24.0458736419678,0.294057190418243,0.012730436399579,0.20825506746769,-8.77859856700525E-05,0.977991700172424
110.359558105469,0.0414788983762264,-0.00596674391999841,0.183407634496689,1.16975522041321,24.3207836151123,0.355247110128403,0.0106317698955536,0.210606142878532,0.000880125444382429,0.977512776851654
110.890869140625,0.040853027254343,-0.00648310920223594,0.182325959205627,1.07136976718903,23.8282318115234,0.45932948589325,0.00997532997280359,0.206397905945778,0.00199176673777401,0.978415310382843
111.408973693848,0.0389082357287407,-0.00735229859128594,0.194466575980186,1.97608280181885,21.0774364471436,0.711018562316895,0.0180872026830912,0.182764038443565,0.00294538144953549,0.982986032962799
111.935577392578,0.0401942133903503,-0.00757403252646327,0.201853916049004,2.19467735290527,20.5417213439941,0.549432456493378,0.0196986496448517,0.178176715970039,0.00130236975383013,0.98380047082901
112.462249755859,0.0387589260935783,-0.00757475243881345,0.200957626104355,1.94799137115479,21.6167964935303,0.69572913646698,0.0178351104259491,0.187393352389336,0.00277516548521817,0.982119143009186
112.993125915527,0.038313202559948,-0.00779867451637983,0.19827638566494,1.81142044067383,21.931079864502,0.658138155937195,0.016610449180007,0.19010254740715,0.00263101165182889,0.981620192527771
113.518600463867,0.0429877527058125,-0.00826753955334425,0.198085427284241,2.00233721733093,22.1589603424072,0.243979319930077,0.0175561867654324,0.192104250192642,-0.00126863236073405,0.981216669082642
114.04313659668,0.0460261590778828,-0.00842013210058212,0.197102636098862,1.96961355209351,22.4316387176514,0.0364981591701508,0.0169209633022547,0.194471061229706,-0.0030306363478303,0.980757594108582
114.571998596191,0.0466893762350082,-0.00815910659730434,0.198039531707764,2.05377197265625,22.5700607299805,0.135270491242409,0.0178060363978148,0.195637613534927,-0.00234962184913456,0.980511784553528
115.09349822998,0.0466064512729645,-0.00745733408257365,0.195042654871941,1.60099625587463,22.8743019104004,0.0187761839479208,0.0137259382754564,0.198271319270134,-0.00260974140837789,0.980047583580017
115.624008178711,0.0459687113761902,-0.00758948177099228,0.195373550057411,1.62503886222839,22.7648315429688,359.973846435547,0.0138567350804806,0.197339817881584,-0.00302226864732802,0.9802325963974
116.162117004395,0.0468874722719193,-0.00849195756018162,0.20261338353157,2.18438386917114,22.8595390319824,0.299762338399887,0.0192014072090387,0.198081076145172,-0.0012137065641582,0.979996800422668
116.672927856445,0.0499442219734192,-0.00914541352540255,0.209373861551285,2.53111457824707,22.9181690216064,0.0134111410006881,0.0216693393886089,0.198617115616798,-0.00427317898720503,0.979828238487244
117.246566772461,0.0507098101079464,-0.00976768974214792,0.208084851503372,2.68005537986755,23.5117340087891,359.991241455078,0.0228796806186438,0.203688025474548,-0.0048393988981843,0.978756487369537
117.815078735352,0.0512086302042007,-0.0106419678777456,0.206330075860023,3.15104985237122,23.4231586456299,0.0842063277959824,0.0270713400095701,0.202888607978821,-0.00486173247918487,0.978815495967865
118.387748718262,0.0542895346879959,-0.0118235806003213,0.193461209535599,3.7030930519104,24.4225006103516,359.732635498047,0.0310855656862259,0.211479395627975,-0.00911339372396469,0.976845502853394
118.890731811523,0.048558421432972,-0.00868107005953789,0.192644506692886,1.59409081935883,23.3668270111084,0.164410173892975,0.0139129105955362,0.202464461326599,-0.00141206302214414,0.97918975353241
119.445518493652,0.0505802631378174,-0.0123360669240355,0.193654596805573,3.53455972671509,23.563627243042,0.287708878517151,0.0307025499641895,0.204011768102646,-0.00384038221091032,0.978479325771332
120.014251708984,0.0503743290901184,-0.01166189648211,0.193205341696739,3.13929200172424,24.0619373321533,0.16265943646431,0.0270861368626356,0.208323895931244,-0.00432183453813195,0.977675199508667
120.56908416748,0.0490457005798817,-0.0116919931024313,0.191162556409836,3.11643218994141,24.1869144439697,0.0891928002238274,0.0267521683126688,0.209408655762672,-0.00493624666705728,0.977449774742126
121.148544311523,0.0501330979168415,-0.0118877338245511,0.189667284488678,3.03129410743713,24.3341217041016,359.955749511719,0.025774447247386,0.210699066519737,-0.00595201458781958,0.977192997932434
121.707855224609,0.0512211322784424,-0.010930004529655,0.190088242292404,2.54366397857666,24.3103675842285,0.053371611982584,0.021796265617013,0.210498198866844,-0.00421835714951158,0.977342128753662
122.275184631348,0.0542772933840752,-0.0119332978501916,0.196877062320709,3.04930448532104,24.1665649414063,0.0311434417963028,0.0260744336992502,0.209252074360847,-0.00530407996848226,0.977499663829803
122.843360900879,0.0484490357339382,-0.0104840230196714,0.196510046720505,2.77595949172974,22.8693542480469,0.4408338367939,0.0245039314031601,0.198099613189697,-0.00103255058638752,0.979875028133392
123.411407470703,0.0442078188061714,-0.0126434462144971,0.193469345569611,3.58305883407593,23.1786060333252,0.954062163829803,0.0322963297367096,0.200534895062447,0.00187158107291907,0.979152262210846
123.983177185059,0.0526555888354778,-0.0124947372823954,0.189192682504654,3.86782169342041,24.9106349945068,359.673492431641,0.032338161021471,0.215648338198662,-0.0100589692592621,0.975883603096008
124.558082580566,0.0502769574522972,-0.0123608978465199,0.193596303462982,3.64178729057312,24.2350044250488,0.170747846364975,0.0313798561692238,0.209764704108238,-0.00521404203027487,0.977234363555908
125.127769470215,0.0509454309940338,-0.0126152969896793,0.195224568247795,3.82846546173096,24.5618724822998,0.194933116436005,0.0330006442964077,0.21253077685833,-0.00544382398948073,0.976581811904907
125.686088562012,0.0497693791985512,-0.012124452739954,0.196702063083649,3.56842136383057,24.3280143737793,0.457719355821609,0.0312772803008556,0.210485339164734,-0.00265772128477693,0.977092921733856
126.266143798828,0.0471928343176842,-0.0111275110393763,0.193072929978371,3.26955461502075,24.6437740325928,0.471915006637573,0.0287494491785765,0.21320016682148,-0.0020662872120738,0.976583302021027
126.831405639648,0.0445793494582176,-0.011957167647779,0.193886503577232,3.86102747917175,24.3429279327393,0.779412806034088,0.0343626476824284,0.210489451885223,-0.00045748773845844,0.976991951465607
127.417381286621,0.0342788398265839,-0.0192465651780367,0.19031947851181,9.11491203308105,22.2821502685547,0.446527063846588,0.0787112787365913,0.192309185862541,-0.0115421842783689,0.978104531764984
127.991821289063,0.0527719631791115,-0.0286582298576832,0.164595171809196,13.8029289245605,35.4906730651855,0.605172753334045,0.11604131758213,0.301969796419144,-0.0316299609839916,0.945699870586395
128.556884765625,0.0631536170840263,-0.0204882845282555,0.156023934483528,6.26307821273804,27.7390384674072,354.311401367188,0.0410931445658207,0.241690516471863,-0.061182364821434,0.96755039691925
129.124877929688,0.0771224647760391,-0.0181249119341373,0.177390307188034,4.80950593948364,24.3970031738281,355.611480712891,0.032898060977459,0.212528601288795,-0.0462495796382427,0.975505173206329
129.700347900391,0.0735252350568771,-0.013812031596899,0.163014605641365,2.7262852191925,24.3154277801514,356.407287597656,0.0166441313922405,0.21116928756237,-0.0356431193649769,0.976657629013062
130.281066894531,0.0665983110666275,-0.0125066488981247,0.163252666592598,2.32718300819397,22.000904083252,357.226318359375,0.0153108164668083,0.191203951835632,-0.0276268422603607,0.981041967868805
130.844116210938,0.069119967520237,-0.0134558165445924,0.184319317340851,3.18447470664978,22.0227088928223,357.526977539063,0.0231481455266476,0.191473886370659,-0.026479946449399,0.980867385864258
131.42253112793,0.0695777907967567,-0.0140964658930898,0.19135545194149,3.58815121650696,21.587329864502,357.89501953125,0.0273101255297661,0.187714219093323,-0.0238965600728989,0.981553137302399
131.932006835938,0.0642013624310493,-0.0137679856270552,0.181059524416924,3.26139998435974,22.1574420928955,357.821044921875,0.0242696776986122,0.192575961351395,-0.0241193119436502,0.980685353279114
132.445617675781,0.0606702007353306,-0.0126154273748398,0.16937430202961,2.48790717124939,22.7706127166748,357.583648681641,0.0171160865575075,0.197764292359352,-0.0249500032514334,0.979782521724701
132.997467041016,0.0642612278461456,-0.0137380678206682,0.175776809453964,2.85574960708618,22.6531429290771,357.580627441406,0.0202827360481024,0.196811959147453,-0.0255868528038263,0.979897439479828
133.574340820313,0.0727703273296356,-0.0151926511898637,0.18575419485569,3.45357751846313,23.3971347808838,357.253112792969,0.0246414169669151,0.203319773077965,-0.0295683778822422,0.978355586528778
134.143295288086,0.077905036509037,-0.0153829995542765,0.190114960074425,3.7385036945343,23.5910453796387,357.289306640625,0.0270884931087494,0.20500884950161,-0.0298073589801788,0.977931022644043
134.688507080078,0.0796414837241173,-0.0153566543012857,0.185470700263977,3.75812387466431,24.0102100372314,357.222717285156,0.0270254109054804,0.208603218197823,-0.0305096227675676,0.977150738239288
135.24609375,0.0773110389709473,-0.0145297404378653,0.180114403367043,3.37094020843506,23.8757400512695,357.329437255859,0.0239506959915161,0.207375809550285,-0.0288713779300451,0.977541863918304
135.814315795898,0.0768495723605156,-0.0143162626773119,0.178441643714905,3.09965634346008,23.8239040374756,357.194976806641,0.0214057676494122,0.206918701529503,-0.0295210406184196,0.977678418159485
136.377899169922,0.0771907493472099,-0.0151643762364984,0.185464918613434,3.67584466934204,23.8698387145996,357.55078125,0.0269543863832951,0.207317531108856,-0.0275301728397608,0.977514743804932
136.949691772461,0.0754763409495354,-0.015070142224431,0.188119247555733,3.83641529083252,23.8195018768311,357.680877685547,0.0285716131329536,0.206875637173653,-0.0266963765025139,0.977585554122925
137.513412475586,0.0755623355507851,-0.0148735539987683,0.186089560389519,3.62361693382263,24.0782127380371,357.677154541016,0.0266893431544304,0.209058910608292,-0.0264068972319365,0.977182030677795
138.071441650391,0.07778500020504,-0.0143876299262047,0.182571411132813,3.22498846054077,23.994592666626,357.301055908203,0.0226239506155252,0.208373829722404,-0.0288745667785406,0.977361142635345
138.639099121094,0.0775186792016029,-0.0140459863469005,0.182257398962975,3.19302129745483,23.9155101776123,357.323333740234,0.0224114842712879,0.207690104842186,-0.0286113247275352,0.977519273757935
139.21565246582,0.0754670426249504,-0.0145522532984614,0.184725344181061,3.42789602279663,23.7988376617432,357.392974853516,0.0245707146823406,0.206714481115341,-0.0284155234694481,0.977679908275604
139.782791137695,0.0777948945760727,-0.015226717106998,0.18977378308773,3.74041700363159,24.6240711212158,357.223083496094,0.0267114583402872,0.213832035660744,-0.0306177791208029,0.97602504491806
140.353271484375,0.0810517147183418,-0.0161543823778629,0.202125608921051,4.31860589981079,24.2413902282715,357.54736328125,0.0323391035199165,0.210562974214554,-0.0288191772997379,0.976620137691498
140.87744140625,0.0844854637980461,-0.0162635445594788,0.205184161663055,4.3907995223999,24.4636211395264,357.450134277344,0.03271808847785,0.212492480874062,-0.0298430025577545,0.976158738136292
141.428344726563,0.0868985801935196,-0.0155737139284611,0.200950607657433,4.16419315338135,24.6846256256104,357.402526855469,0.0306410845369101,0.214360296726227,-0.0298907347023487,0.975816249847412
141.976226806641,0.0844251736998558,-0.0158894453197718,0.195299103856087,4.23096179962158,24.1231365203857,357.32275390625,0.031210619956255,0.209606558084488,-0.0305415540933609,0.976810216903687
142.5517578125,0.0828413963317871,-0.0158645622432232,0.198456019163132,4.08033037185669,24.3427658081055,357.444732666016,0.0300931446254253,0.211426496505737,-0.0292858760803938,0.976491510868073
143.119537353516,0.0821328163146973,-0.0160378180444241,0.203579440712929,4.25755596160889,24.2766857147217,357.706909179688,0.0321033038198948,0.21081231534481,-0.0273579563945532,0.976616144180298
143.703643798828,0.0839122161269188,-0.0166633650660515,0.204670384526253,4.33001041412354,24.4656562805176,357.4951171875,0.0322829447686672,0.212489917874336,-0.0293485186994076,0.976188778877258
144.265075683594,0.0832473188638687,-0.0162840187549591,0.205145448446274,4.28156423568726,24.1682071685791,357.650024414063,0.0322297178208828,0.209906190633774,-0.0278561003506184,0.976793050765991
144.845474243164,0.0834050104022026,-0.0160583406686783,0.20228399336338,4.14086389541626,24.2759780883789,357.487396240234,0.0307047907263041,0.210853427648544,-0.0290152877569199,0.976604402065277
145.413162231445,0.0827671736478806,-0.0157437287271023,0.200025171041489,3.91587090492249,24.3533802032471,357.502990722656,0.0287959910929203,0.211481630802155,-0.0284909997135401,0.976542174816132
145.960983276367,0.0818677097558975,-0.0163007192313671,0.204452365636826,4.27809190750122,24.4287700653076,357.601409912109,0.032046727836132,0.21213997900486,-0.0283370148390532,0.976302564144135
146.525680541992,0.0787848755717278,-0.0160869527608156,0.206028550863266,4.35358285903931,24.1322860717773,357.978881835938,0.0334539525210857,0.209512487053871,-0.0251734256744385,0.976909220218658
147.086059570313,0.0789488479495049,-0.0158408172428608,0.203955322504044,4.25593900680542,24.3884620666504,357.932006835938,0.0324787572026253,0.211701303720474,-0.0254681427031755,0.976462543010712
147.657424926758,0.0778181180357933,-0.0151575654745102,0.197979792952538,3.77671122550964,24.273136138916,357.897033691406,0.0283540952950716,0.210684210062027,-0.0248577147722244,0.976826667785645
148.18635559082,0.0814765691757202,-0.0163420885801315,0.205247670412064,4.4220814704895,24.18869972229,357.923645019531,0.0339244231581688,0.210015296936035,-0.0257853306829929,0.976769089698792
148.756958007813,0.083442397415638,-0.0165597051382065,0.212005466222763,4.56703186035156,24.3123531341553,358.051116943359,0.0353669822216034,0.211041912436485,-0.0250008255243301,0.976517021656036
149.318969726563,0.0850954279303551,-0.0162766221910715,0.213657006621361,4.59484481811523,23.928840637207,357.981750488281,0.0355618968605995,0.207796141505241,-0.025524077937007,0.977192282676697
149.896057128906,0.0836589932441711,-0.0160580482333899,0.208185106515884,4.26418828964233,23.7648086547852,357.942657470703,0.0327064581215382,0.206381544470787,-0.025214895606041,0.977599680423737
150.450836181641,0.0791356414556503,-0.0154453050345182,0.200235396623611,3.76997852325439,23.5691013336182,357.904357910156,0.0284619014710188,0.204676285386086,-0.0246084649115801,0.978106319904327
151.036727905273,0.0713359192013741,-0.0147101003676653,0.195442318916321,3.46951770782471,23.1463851928711,358.138610839844,0.0263961032032967,0.20098289847374,-0.02197783626616,0.978992402553558
151.593292236328,0.0679536685347557,-0.0139517765492201,0.192359209060669,3.30914187431335,23.3097553253174,358.227600097656,0.0251518134027719,0.202345058321953,-0.0209735985845327,0.978766560554504
152.154922485352,0.066216878592968,-0.0135651854798198,0.185016542673111,2.84372138977051,23.0798892974854,358.143432617188,0.0210688281804323,0.200357094407082,-0.0208317525684834,0.979274868965149
152.721405029297,0.0693188160657883,-0.0138041311874986,0.186136096715927,2.94369578361511,23.1988487243652,358.118255615234,0.0218572504818439,0.20138780772686,-0.0212437305599451,0.979037225246429
153.278381347656,0.0703013464808464,-0.0138801075518131,0.190371215343475,3.12414288520813,23.204776763916,358.129425048828,0.0234176963567734,0.201453119516373,-0.0214653313159943,0.978982925415039
153.829223632813,0.0675078853964806,-0.0141492821276188,0.19149175286293,3.24459886550903,22.987340927124,358.389221191406,0.0249405205249786,0.199550107121468,-0.0194093659520149,0.979377865791321
154.398986816406,0.0674493685364723,-0.0139615284278989,0.193551883101463,3.24818348884583,23.2129020690918,358.391632080078,0.0249371062964201,0.201477229595184,-0.0194442588835955,0.978982627391815
154.961959838867,0.0668936148285866,-0.013588142581284,0.190314516425133,3.01832246780396,23.2456150054932,358.359466552734,0.022910950705409,0.201746597886086,-0.0193228032439947,0.978979051113129
155.514526367188,0.0678757727146149,-0.0133977923542261,0.187820345163345,2.95049691200256,23.065357208252,358.236663818359,0.022146999835968,0.200225025415421,-0.0202182941138744,0.979290902614594
156.090118408203,0.0685980394482613,-0.0131827387958765,0.188562422990799,3.02015399932861,23.282283782959,358.380584716797,0.0229576341807842,0.202055782079697,-0.0191530324518681,0.978917598724365
156.641098022461,0.0663693398237228,-0.0128770656883717,0.188691183924675,2.77415132522583,22.6760158538818,358.662048339844,0.0214379448443651,0.196802720427513,-0.0162029787898064,0.980074763298035
157.178741455078,0.0669488459825516,-0.0130493771284819,0.186374977231026,2.86745190620422,23.1998348236084,358.393035888672,0.0216883700340986,0.201337471604347,-0.0187628455460072,0.9791020154953
157.742767333984,0.0629196763038635,-0.0124618150293827,0.181467950344086,2.50288152694702,23.1640720367432,358.537475585938,0.0188318286091089,0.200979605317116,-0.0168842561542988,0.979268848896027
158.301773071289,0.0619233623147011,-0.0126212080940604,0.180843189358711,2.450119972229,22.8917541503906,358.567504882813,0.018472783267498,0.198643267154694,-0.0164915695786476,0.979758977890015
158.847244262695,0.0624041818082333,-0.0132406679913402,0.183874070644379,2.62145590782166,22.6333808898926,358.502227783203,0.0198637656867504,0.196456849575043,-0.0173009820282459,0.980158567428589
159.413009643555,0.0618954226374626,-0.013158337213099,0.184414476156235,2.68382000923157,22.5708446502686,358.66015625,0.0206767730414867,0.195898115634918,-0.0160453878343105,0.98027491569519
159.965042114258,0.0622316338121891,-0.0131119070574641,0.183417648077011,2.60682606697083,22.8708324432373,358.604095458984,0.0198792088776827,0.198468804359436,-0.0164458937942982,0.979767560958862
160.527709960938,0.0614511147141457,-0.0127769149839878,0.183911919593811,2.552574634552,22.7120056152344,358.865112304688,0.0198868662118912,0.197062313556671,-0.0140928523615003,0.98008793592453
161.031005859375,0.0596189349889755,-0.0129120908677578,0.185141295194626,2.72206497192383,22.2896575927734,359.163726806641,0.021893547847867,0.19340007007122,-0.0117489723488688,0.980805277824402
161.567199707031,0.0593942925333977,-0.0126314265653491,0.184263899922371,2.45541644096375,22.6656742095947,358.967712402344,0.0192375294864178,0.196644276380539,-0.0130406888201833,0.98019939661026
162.142959594727,0.0581438317894936,-0.0126642724499106,0.18767024576664,2.60882449150085,22.383150100708,359.337341308594,0.0212089847773314,0.19416569173336,-0.0100895017385483,0.98068755865097
162.648025512695,0.057083360850811,-0.0125013245269656,0.18625582754612,2.5311963558197,22.8200817108154,359.388519287109,0.020594859495759,0.197893589735031,-0.00959874503314495,0.979960143566132
163.152465820313,0.0575376600027084,-0.0130137959495187,0.187457099556923,2.69379615783691,22.6615352630615,359.422821044922,0.0220578629523516,0.196532025933266,-0.00955554097890854,0.980202674865723
163.653671264648,0.0577261596918106,-0.0124245025217533,0.187373802065849,2.40212416648865,22.4299163818359,359.514465332031,0.019736610352993,0.194533079862595,-0.00823194440454245,0.980662882328033
164.171112060547,0.0574512481689453,-0.0121040605008602,0.186359032988548,2.2049880027771,22.5471248626709,359.528228759766,0.0180648602545261,0.195533499121666,-0.00779821258038282,0.980499625205994
164.673370361328,0.0576236061751842,-0.0122460760176182,0.186936110258102,2.275803565979,22.7396984100342,359.564331054688,0.0187196061015129,0.197175174951553,-0.00764146726578474,0.980159759521484
165.179504394531,0.0555551387369633,-0.0117781599983573,0.185162156820297,2.06646466255188,22.361515045166,359.639831542969,0.0170806404203176,0.193928018212318,-0.00657942332327366,0.980844974517822
165.681884765625,0.0547625534236431,-0.0118507286533713,0.185799807310104,2.17601132392883,21.9950618743896,359.866638183594,0.0184174478054047,0.190753862261772,-0.0047644954174757,0.981453537940979
166.205184936523,0.0547338798642159,-0.0115644382312894,0.184704825282097,2.124831199646,22.0850791931152,359.890808105469,0.0180158000439405,0.19152207672596,-0.00448650913313031,0.981312692165375
166.71223449707,0.0532522164285183,-0.0108728567138314,0.178434357047081,1.57858371734619,22.3331737518311,359.898742675781,0.0133434180170298,0.193655744194984,-0.00353448861278594,0.980972468852997
167.212387084961,0.0527087338268757,-0.0110875368118286,0.179593980312347,1.70516002178192,21.9055118560791,359.982116699219,0.0145790884271264,0.189980745315552,-0.00298032816499472,0.981675028800964
167.716445922852,0.0557984560728073,-0.0113906431943178,0.183978244662285,2.0202522277832,21.9572849273682,359.927032470703,0.0171852316707373,0.190424472093582,-0.00398227758705616,0.981543362140656
168.238967895508,0.0560260303318501,-0.0109270205721259,0.182097211480141,1.68613493442535,22.1377468109131,359.864532470703,0.0142131028696895,0.191984996199608,-0.00398493790999055,0.981286883354187
168.765274047852,0.0549799278378487,-0.0114511316642165,0.184563979506493,1.949951171875,21.5927562713623,0.235842943191528,0.0170999523252249,0.187257319688797,-0.00116597034502774,0.982161343097687
169.290100097656,0.0554376691579819,-0.0115524707362056,0.187367916107178,2.10206913948059,21.6984062194824,0.275195300579071,0.0184670202434063,0.188149318099022,-0.00109438609797508,0.981966197490692
169.828720092773,0.0527277812361717,-0.0113879609853029,0.186989217996597,1.96556282043457,21.3638782501221,0.602265119552612,0.017828518524766,0.185238465666771,0.00198471150361001,0.982529878616333
170.383392333984,0.0525455549359322,-0.0114645520225167,0.188578888773918,2.09595394134521,21.619556427002,0.775719940662384,0.019234050065279,0.187391668558121,0.0032180268317461,0.982091665267944
170.927230834961,0.0522930808365345,-0.0114191174507141,0.189158037304878,2.06985545158386,21.460786819458,0.777341544628143,0.019008481875062,0.186032801866531,0.00330099835991859,0.98235410451889
171.468185424805,0.0506815351545811,-0.0113329403102398,0.191151946783066,2.09981393814087,21.4879722595215,1.04493689537048,0.0197009779512882,0.186217695474625,0.00554160820320249,0.982295334339142
171.999877929688,0.0569439418613911,-0.0117419986054301,0.195494309067726,2.31329846382141,22.1365242004395,0.663159072399139,0.0209209322929382,0.191821396350861,0.00180311687290668,0.98120528459549
172.544982910156,0.0632640868425369,-0.011814882978797,0.194382399320602,2.19014954566956,22.9600696563721,0.125798955559731,0.0189475938677788,0.198969438672066,-0.00272804731503129,0.979818761348724
173.055801391602,0.0655140429735184,-0.0116319749504328,0.191840574145317,2.14554572105408,23.6366844177246,-0.00363661046139896,0.018318947404623,0.204774081707001,-0.00386556517332792,0.978630185127258
173.558166503906,0.0676306188106537,-0.0116437887772918,0.189725831151009,2.03227114677429,23.5080146789551,359.851867675781,0.0170987974852324,0.203700453042984,-0.00487805344164371,0.978871822357178
174.081207275391,0.0676076635718346,-0.0121300797909498,0.196100011467934,2.35014891624451,22.8079853057861,0.385994523763657,0.0207683816552162,0.19761523604393,-0.000753596832510084,0.980059385299683
174.592880249023,0.0669620484113693,-0.0126704256981611,0.19905062019825,2.47902631759644,22.9923763275146,0.433232635259628,0.0219510868191719,0.199174538254738,-0.000607321795541793,0.979717969894409
175.114212036133,0.0628373995423317,-0.0115929329767823,0.196775838732719,2.10083723068237,22.4697589874268,0.499954849481583,0.0188306514173746,0.194718435406685,0.000706925522536039,0.980678141117096
175.622924804688,0.0537963099777699,-0.0107107246294618,0.20145745575428,1.76783990859985,20.8378601074219,1.80498170852661,0.0180185586214066,0.180561184883118,0.0126997586339712,0.983316719532013
176.173751831055,0.0511853359639645,-0.00948943011462688,0.20060433447361,1.25512182712555,21.0736923217773,1.66046118736267,0.0134165128692985,0.182681620121002,0.0122418608516455,0.98300439119339
176.708618164063,0.0516785755753517,-0.010751117952168,0.203992158174515,1.713662981987,21.4341602325439,1.52972841262817,0.0171739254146814,0.185726031661034,0.0103341089561582,0.982397139072418
177.262619018555,0.0495295412838459,-0.011158375069499,0.20107313990593,1.85346662998199,21.6098937988281,1.99798405170441,0.0191526934504509,0.187136113643646,0.0140918893739581,0.982046186923981
177.782043457031,0.0484593510627747,-0.0097260745242238,0.198132336139679,1.0623277425766,20.9016990661621,2.08381152153015,0.0124133629724383,0.181188434362411,0.0161999613046646,0.983236610889435
178.285202026367,0.0457544066011906,-0.0127718169242144,0.208656772971153,2.4957709312439,19.7477054595947,2.61405897140503,0.025360343977809,0.170904859900475,0.0187332816421986,0.984782934188843
178.819946289063,0.0524258092045784,-0.0140583133324981,0.203692123293877,2.65845918655396,20.4599189758301,1.9715827703476,0.025879880413413,0.17713251709938,0.0128071736544371,0.983763337135315
179.338958740234,0.0524478703737259,-0.0140467854216695,0.20580205321312,2.56412839889526,19.4554920196533,2.11806011199951,0.0251710470765829,0.168487951159477,0.0144323240965605,0.985276579856873
179.845642089844,0.0516515970230103,-0.0143038248643279,0.208442121744156,2.62671065330505,19.6700973510742,2.04983067512512,0.0256344545632601,0.170336097478867,0.013705232180655,0.984957158565521
180.359359741211,0.0477829128503799,-0.0133915850892663,0.209215804934502,2.3726544380188,19.4618473052979,2.41540241241455,0.0239630900323391,0.168517485260963,0.0172704923897982,0.98525595664978
180.883087158203,0.0525810234248638,-0.0137144001200795,0.211356192827225,2.54297375679016,20.2709712982178,2.17394781112671,0.0251770708709955,0.175487071275711,0.0147653166204691,0.984048962593079
181.408355712891,0.0526330471038818,-0.0141316810622811,0.213749915361404,2.69770407676697,19.8184604644775,2.44002151489258,0.0268463119864464,0.171507388353348,0.0169181618839502,0.984671652317047
181.916015625,0.0526792332530022,-0.0134872123599052,0.213371351361275,2.53191518783569,19.8911781311035,2.39792966842651,0.0253695733845234,0.172177582979202,0.0167899113148451,0.984596073627472
182.450942993164,0.050446130335331,-0.0129255773499608,0.210553109645844,2.20397186279297,19.7443065643311,2.56190228462219,0.0227746423333883,0.170952185988426,0.018723338842392,0.984838128089905
182.971420288086,0.0483372732996941,-0.0129662565886974,0.210920795798302,2.31394743919373,19.5120944976807,2.82298183441162,0.0240668244659901,0.168877393007278,0.0208509843796492,0.985122561454773
183.507965087891,0.0450112372636795,-0.012552541680634,0.211467027664185,2.17229151725769,19.4173374176025,3.14405584335327,0.0233027022331953,0.168032184243202,0.0238404031842947,0.985217690467834
184.020126342773,0.0423916131258011,-0.0121158799156547,0.214236631989479,2.02420663833618,19.1876373291016,3.60881114006042,0.0226549189537764,0.166005328297615,0.0280999839305878,0.985464036464691
184.544143676758,0.0436585918068886,-0.01281404402107,0.217021137475967,2.23485827445984,19.192419052124,3.54366898536682,0.0243728961795568,0.165997579693794,0.0272315368056297,0.985448777675629
185.072189331055,0.0457514189183712,-0.0124914795160294,0.21618178486824,2.12345433235168,19.6697864532471,3.33170771598816,0.0232142228633165,0.170177325606346,0.025474714115262,0.984810590744019
185.585830688477,0.0470928177237511,-0.0127998162060976,0.216367304325104,2.29848456382751,19.6134338378906,3.27015447616577,0.0246146079152822,0.169657498598099,0.0246962457895279,0.984886109828949
186.104888916016,0.0472122207283974,-0.01261633541435,0.216899812221527,2.22165417671204,19.5829067230225,3.33869242668152,0.0240491107106209,0.169401854276657,0.0254062227904797,0.984925985336304
186.627044677734,0.0482210367918015,-0.0127165298908949,0.217280104756355,2.22282576560974,19.4990253448486,3.31503534317017,0.0240057501941919,0.168685480952263,0.0252187252044678,0.985054850578308
187.133819580078,0.0482042506337166,-0.0124470526352525,0.216810002923012,2.08535099029541,19.4103851318359,3.33952617645264,0.0228404235094786,0.167956590652466,0.0256506130099297,0.985195934772491
187.649642944336,0.0477900095283985,-0.0123930554836988,0.212387755513191,1.95364844799042,19.5053901672363,3.27359771728516,0.0216326005756855,0.168822228908539,0.0252600740641356,0.985085308551788
188.180282592773,0.0481699481606483,-0.0119772795587778,0.210010379552841,1.93875026702881,19.6881294250488,3.13971209526062,0.0213457383215427,0.170422032475471,0.0240971744060516,0.984845221042633
188.703262329102,0.0421317219734192,-0.0121765034273267,0.215297043323517,2.18311953544617,18.2433395385742,3.97294521331787,0.0242922119796276,0.157755494117737,0.0312007386237383,0.986686170101166
189.221710205078,0.0367910526692867,-0.0155097329989076,0.226252242922783,3.82105374336243,17.0594844818115,5.48988008499146,0.0400314331054688,0.146491304039955,0.0423946529626846,0.987492024898529
189.735443115234,0.0329298861324787,-0.0150221949443221,0.226883202791214,3.55415892601013,16.6566543579102,5.90670204162598,0.0381023921072483,0.143002539873123,0.0464691892266273,0.987896323204041
190.269409179688,0.0332718454301357,-0.0152879822999239,0.227702632546425,3.37745022773743,16.7016868591309,6.00648784637451,0.0367229245603085,0.143444165587425,0.0475403666496277,0.987833559513092
190.784774780273,0.0298479497432709,-0.0138180572539568,0.228476628661156,2.79544162750244,16.0361328125,6.23633289337158,0.0317033007740974,0.137923523783684,0.0504502765834332,0.988648951053619
191.309799194336,0.0280588231980801,-0.0134488455951214,0.228749603033066,2.72829270362854,15.8863067626953,6.6136474609375,0.0315078981220722,0.136561259627342,0.0538289360702038,0.988666117191315
191.840316772461,0.0237133409827948,-0.0135259926319122,0.224189519882202,2.68446898460388,15.5133180618286,6.95361804962158,0.0313499309122562,0.133273154497147,0.0569174960255623,0.988946855068207
192.373748779297,0.0227056816220284,-0.0132426302880049,0.220041871070862,2.60122561454773,15.8610076904297,6.9458589553833,0.030795419588685,0.136321172118187,0.0568562038242817,0.988552272319794
192.895294189453,0.0205570124089718,-0.0134753212332726,0.216877236962318,2.5648021697998,16.1075210571289,7.13200378417969,0.0308285485953093,0.138417631387711,0.0584399625658989,0.988167464733124
193.42756652832,0.0199923627078533,-0.0133213140070438,0.217191845178604,2.59094834327698,15.8926706314087,7.25104570388794,0.0310861971229315,0.13651767373085,0.059492651373148,0.98836088180542
193.941772460938,0.0224751010537148,-0.0154484715312719,0.223953604698181,3.53354287147522,16.6844043731689,6.9525990486145,0.0392418839037418,0.142899513244629,0.0555006600916386,0.987400412559509
194.453765869141,0.0327237397432327,-0.0173349604010582,0.225654780864716,4.12708139419556,16.8117771148682,5.2381591796875,0.0422594323754311,0.14430958032608,0.0399171486496925,0.987823665142059
194.979141235352,0.0320505686104298,-0.0190027821809053,0.232738524675369,4.60052633285522,16.2550811767578,5.38718509674072,0.0463279709219933,0.139239847660065,0.0408171340823174,0.988331913948059
195.495758056641,0.0327133610844612,-0.0191806461662054,0.237590357661247,4.57881498336792,16.4671058654785,5.63929224014282,0.0465265735983849,0.140976145863533,0.042932502925396,0.987986743450165
196.01220703125,0.0371526442468166,-0.0194027684628963,0.240896642208099,4.8756046295166,16.4365329742432,5.5144681930542,0.0489193126559258,0.140624672174454,0.0414940752089024,0.98798269033432
196.53254699707,0.0428370833396912,-0.0196347031742334,0.241312295198441,4.99341821670532,16.7270278930664,5.35980129241943,0.0498459488153458,0.143140912055969,0.0398855917155743,0.987641215324402
197.039764404297,0.0455243438482285,-0.0202330071479082,0.243489742279053,5.38425207138062,17.2793788909912,5.31926250457764,0.0533490963280201,0.147738009691238,0.0387773551046848,0.986825048923492
197.555648803711,0.0433728918433189,-0.0200889986008406,0.243258163332939,5.26587724685669,17.2113704681396,5.53367948532104,0.0525825768709183,0.147108733654022,0.0408121049404144,0.986878156661987
198.066772460938,0.044411413371563,-0.0194821897894144,0.241284132003784,5.11640882492065,17.5036067962646,5.35919141769409,0.0511725731194019,0.149774268269539,0.0393764674663544,0.986609637737274
198.572235107422,0.0428307577967644,-0.0192652717232704,0.241403132677078,4.94865226745605,16.9417839050293,5.8899393081665,0.0502054505050182,0.144781410694122,0.0444178357720375,0.987190365791321
199.101348876953,0.043647825717926,-0.0189257450401783,0.240940436720848,4.97508001327515,16.7546348571777,5.80543565750122,0.0502548366785049,0.143192887306213,0.0437375716865063,0.987449884414673
199.678298950195,0.0455064736306667,-0.018566008657217,0.238641381263733,4.78147077560425,17.2138442993164,5.68400478363037,0.0486073158681393,0.147295668721199,0.0427458770573139,0.986972212791443
200.215805053711,0.0473358184099197,-0.0181993115693331,0.231646716594696,4.49597406387329,17.4003314971924,5.23002576828003,0.0456290431320667,0.149220854043961,0.0391379557549953,0.986974895000458
200.726318359375,0.0471379682421684,-0.0178506411612034,0.222605630755424,4.19905757904053,18.4084281921387,5.50972080230713,0.0438046678900719,0.157923549413681,0.041558962315321,0.985603451728821
201.234710693359,0.0456246584653854,-0.0161993205547333,0.213274851441383,3.67043519020081,18.5514163970947,5.12659406661987,0.0387797392904758,0.159528002142906,0.0389587990939617,0.985661804676056
201.772567749023,0.045384805649519,-0.0151932947337627,0.207512140274048,3.07174229621887,18.5009422302246,4.63704252243042,0.0329333692789078,0.159491181373596,0.0356092900037766,0.98600709438324
202.329544067383,0.0478187166154385,-0.0159682855010033,0.215144127607346,3.28747820854187,17.7138137817383,5.05935335159302,0.0351078994572163,0.152502983808517,0.0391804054379463,0.986901819705963
202.83610534668,0.0515982024371624,-0.0163128860294819,0.22102302312851,3.45156168937683,18.0971221923828,5.08626317977905,0.0366871282458305,0.155725702643394,0.0390676632523537,0.986345410346985
203.353713989258,0.0526122450828552,-0.0160922408103943,0.222597137093544,3.35674357414246,18.1606044769287,4.98466777801514,0.0357544235885143,0.156343951821327,0.0383043698966503,0.986311793327332
203.860443115234,0.0510453842580318,-0.0154946623370051,0.217103734612465,3.12297821044922,18.1606903076172,4.89513921737671,0.0336209051311016,0.156467705965042,0.0378577038645744,0.986384510993958
204.381256103516,0.0481339767575264,-0.014847319573164,0.210525646805763,2.77000403404236,18.203987121582,4.82072496414185,0.0304960794746876,0.157002553343773,0.0376944541931152,0.986407279968262
204.902069091797,0.0466549135744572,-0.0144938714802265,0.207864850759506,2.54879283905029,18.3532543182373,4.86011409759521,0.0286963675171137,0.158364742994308,0.0383030660450459,0.986220061779022
205.409362792969,0.0487638637423515,-0.0145677458494902,0.208199560642242,2.62830853462219,18.4542121887207,4.60052490234375,0.029053408652544,0.159268245100975,0.0359320938587189,0.986153364181519
205.94450378418,0.051772877573967,-0.0152064692229033,0.212469220161438,2.91420650482178,18.6720657348633,4.56258106231689,0.0315271243453026,0.161044627428055,0.035143680870533,0.985817193984985
206.464065551758,0.0540529265999794,-0.0156047325581312,0.212935641407967,2.93417811393738,18.5572528839111,4.26029634475708,0.0312413759529591,0.160132259130478,0.0325459614396095,0.98606413602829
206.993026733398,0.0563069321215153,-0.0157304219901562,0.212731525301933,2.92167139053345,18.7792339324951,4.12223291397095,0.0310015510767698,0.162084028124809,0.0313155800104141,0.985792577266693
207.531478881836,0.0584049671888351,-0.0157223157584667,0.211818486452103,2.92148470878601,19.1233768463135,3.7308235168457,0.0305299367755651,0.1651491522789,0.027856944128871,0.985402286052704
208.057357788086,0.0613619275391102,-0.015816954895854,0.209220319986343,2.9232189655304,19.763708114624,2.66389155387878,0.0291098076850176,0.170930787920952,0.0185161530971527,0.984678864479065
208.587310791016,0.0605138540267944,-0.0155189782381058,0.206970795989037,2.84125971794128,20.2624740600586,2.70645260810852,0.0285516176372766,0.175223976373672,0.0188808739185333,0.983933389186859
209.122528076172,0.0617838203907013,-0.0157570447772741,0.203321561217308,2.70402336120605,20.6164016723633,2.24420833587646,0.0267128739506006,0.178404316306114,0.0150403855368495,0.983479619026184
209.662078857422,0.0656693056225777,-0.0157360285520554,0.204902127385139,2.63221454620361,21.0003623962402,1.75425934791565,0.0253701284527779,0.181823506951332,0.0108626503497362,0.982943832874298
210.190872192383,0.0692585334181786,-0.017068225890398,0.211910754442215,3.10679244995117,20.9151268005371,1.73879671096802,0.0294082518666983,0.181015118956566,0.00999593175947666,0.982989728450775
210.723052978516,0.0763825476169586,-0.0179813839495182,0.219226315617561,3.95295238494873,21.3774223327637,0.952594339847565,0.0354304872453213,0.185074537992477,0.00176717550493777,0.982084035873413
211.26123046875,0.0968189463019371,-0.0243168417364359,0.221696987748146,6.06459140777588,25.4159755706787,358.518310546875,0.0487583391368389,0.22032305598259,-0.0242313202470541,0.97390615940094
211.802612304688,0.0994470119476318,-0.0242951717227697,0.219652161002159,5.90268754959106,24.8264026641846,358.3349609375,0.0471597835421562,0.21538320183754,-0.025237837806344,0.975063681602478
212.331848144531,0.0961139723658562,-0.0236778315156698,0.213026836514473,5.63900661468506,24.5647449493408,358.517517089844,0.0453111305832863,0.213076293468475,-0.0230886023491621,0.975711226463318
212.865264892578,0.0927388668060303,-0.0236163306981325,0.208127334713936,5.63411474227905,24.964822769165,358.806793212891,0.0457349456846714,0.216366663575172,-0.0207762271165848,0.975019037723541
213.400955200195,0.0968118011951447,-0.0210085194557905,0.216919407248497,5.22756052017212,24.6009674072266,357.985931396484,0.0408092029392719,0.213567212224007,-0.0268675480037928,0.975705802440643
213.935150146484,0.111470609903336,-0.0250396579504013,0.223352536559105,5.58007144927979,24.7878932952881,357.50048828125,0.0428546443581581,0.215363636612892,-0.0317220687866211,0.975077271461487
214.464492797852,0.114258378744125,-0.0251611266285181,0.223894000053406,5.63854217529297,24.4958019256592,356.897521972656,0.0423126742243767,0.213108658790588,-0.0368531346321106,0.975415945053101
214.990676879883,0.109229288995266,-0.0242806393653154,0.219772487878799,5.10414171218872,24.1526031494141,357.031372070313,0.0381133705377579,0.210064351558685,-0.0346174389123917,0.976330876350403
215.533676147461,0.113254398107529,-0.0248512178659439,0.223571240901947,5.31122493743896,24.4271602630615,356.921844482422,0.0395915172994137,0.212469294667244,-0.0360210202634335,0.975700676441193
216.064025878906,0.118137657642365,-0.0247702430933714,0.2294552475214,5.44570589065552,24.4949531555176,356.957427978516,0.0407818332314491,0.213052928447723,-0.0359887704253197,0.975525557994843
216.611312866211,0.120714232325554,-0.024745088070631,0.226450055837631,5.2430214881897,24.4017906188965,356.728820800781,0.0386608205735683,0.212308883666992,-0.0375310890376568,0.9757159948349
217.145477294922,0.119837798178196,-0.0237167067825794,0.216409966349602,4.77731227874756,24.4328651428223,356.371704101563,0.0340205691754818,0.212604820728302,-0.0397285483777523,0.975737392902374
217.679504394531,0.120014496147633,-0.023186108097434,0.210898086428642,4.51588344573975,24.5647144317627,355.975128173828,0.0310082826763391,0.213785126805305,-0.0426620654761791,0.97545599937439
218.222473144531,0.119751259684563,-0.0233034286648035,0.209262847900391,4.43292999267578,24.6214179992676,355.998870849609,0.0303250905126333,0.214242711663246,-0.0423220172524452,0.975391864776611
218.759414672852,0.121509604156017,-0.0237568039447069,0.21081617474556,4.59222984313965,24.9117317199707,356.067932128906,0.0317043215036392,0.216729611158371,-0.0421089380979538,0.974807620048523
219.287017822266,0.121372632682323,-0.0233622342348099,0.208764478564262,4.51079797744751,24.8046340942383,355.934661865234,0.030799388885498,0.215836703777313,-0.0430616997182369,0.974993109703064
219.821044921875,0.119854211807251,-0.0223837215453386,0.197118744254112,4.12450647354126,24.9116802215576,355.458648681641,0.026570675894618,0.216770336031914,-0.0464182198047638,0.974756360054016
220.392364501953,0.117944099009037,-0.0216790735721588,0.188963130116463,3.51947641372681,25.0072078704834,355.094848632813,0.0206923391669989,0.21748360991478,-0.048400241881609,0.974643588066101
220.912124633789,0.120027028024197,-0.0235544387251139,0.194972187280655,4.30472946166992,25.4270515441895,355.062866210938,0.0271299015730619,0.221295118331909,-0.0502435006201267,0.973533809185028
221.429718017578,0.121793687343597,-0.0242023132741451,0.19909630715847,4.62878561019897,25.7024993896484,355.113403320313,0.0298612117767334,0.223715603351593,-0.0505027957260609,0.97288703918457
221.965881347656,0.121874511241913,-0.0239385087043047,0.198174774646759,4.46516990661621,25.3738632202148,355.0947265625,0.028578819707036,0.220882296562195,-0.0502648465335369,0.973584949970245
222.491455078125,0.12310866266489,-0.0240901540964842,0.199226722121239,4.66848278045654,25.5143947601318,354.996429443359,0.0300547257065773,0.222160384058952,-0.0515229552984238,0.973183870315552
223.024612426758,0.123612865805626,-0.0238631423562765,0.197966754436493,4.58390522003174,25.8632640838623,354.967315673828,0.0291221793740988,0.225104868412018,-0.0516976043581963,0.972526133060455
223.560775756836,0.124186560511589,-0.0240433514118195,0.198439687490463,4.58196353912354,25.60325050354,354.984771728516,0.0292568448930979,0.222892567515373,-0.0514794960618019,0.973043084144592
224.096496582031,0.124399684369564,-0.024021727964282,0.197479024529457,4.64492082595825,25.7423515319824,354.946411132813,0.0296541899442673,0.224101975560188,-0.0519618280231953,0.972727596759796
224.635559082031,0.123195707798004,-0.0234931707382202,0.195900052785873,4.27707195281982,25.6393337249756,355.008941650391,0.0266967881470919,0.223102673888206,-0.0506983548402786,0.973109543323517
225.168518066406,0.125034615397453,-0.024124551564455,0.197054579854012,4.57446956634521,25.7287654876709,354.873443603516,0.0289191734045744,0.223984196782112,-0.0524422042071819,0.972751080989838
225.697463989258,0.125845611095428,-0.0232663359493017,0.193440228700638,4.09683227539063,25.8640079498291,354.622772216797,0.0243080053478479,0.22503949701786,-0.0536794923245907,0.9725661277771
226.233261108398,0.125801548361778,-0.0236880891025066,0.192052632570267,4.28253269195557,25.9247093200684,354.689514160156,0.0259880404919386,0.225600317120552,-0.0534861981868744,0.972403407096863
226.788665771484,0.125095307826996,-0.023720096796751,0.194838628172874,4.41398429870605,25.8601207733154,354.892547607422,0.0275334715843201,0.225045785307884,-0.0520025938749313,0.972569823265076
227.314437866211,0.127134442329407,-0.0230924058705568,0.199463993310928,4.17759370803833,25.7207679748535,354.959930419922,0.0257197842001915,0.22377547621727,-0.0509418994188309,0.972968637943268
227.846725463867,0.12706370651722,-0.0242747124284506,0.199603632092476,4.80359840393066,25.6631469726563,355.276977539063,0.0316829048097134,0.223385915160179,-0.0494391955435276,0.972959756851196
228.382736206055,0.123773016035557,-0.0223181862384081,0.192748531699181,3.98252367973328,26.1096343994141,355.221618652344,0.0244088470935822,0.226961597800255,-0.0484272018074989,0.972392678260803
228.888916015625,0.120650336146355,-0.0220066010951996,0.189521670341492,3.64488697052002,25.5364532470703,355.415374755859,0.0221557281911373,0.221959680318832,-0.0460117906332016,0.973717570304871
229.421691894531,0.120131731033325,-0.0219652894884348,0.191303357481956,3.81725907325745,24.8361434936523,355.596740722656,0.0242459177970886,0.216014966368675,-0.0446535497903824,0.975067019462585
229.971664428711,0.0896779522299767,-0.0176675003021955,0.20805798470974,2.55439352989197,18.2036590576172,358.407745361328,0.0198092106729746,0.158440843224525,-0.0172419790178537,0.987019181251526
230.503860473633,0.0551544204354286,-0.0166951976716518,0.212871670722961,3.23948287963867,14.2445411682129,0.981645584106445,0.0291086174547672,0.123692825436592,0.00499237235635519,0.99188095331192
231.039291381836,0.0425749272108078,-0.0166637487709522,0.209450274705887,3.00816464424133,14.2903242111206,1.50619542598724,0.0276763793081045,0.123987704515457,0.00977253075689077,0.991849541664124
231.584930419922,0.049743577837944,-0.0161512885242701,0.210772335529327,2.86599683761597,17.0237731933594,1.03527963161469,0.0260682702064514,0.147738814353943,0.00523070199415088,0.988668978214264
232.124893188477,0.0599463880062103,-0.0180974770337343,0.220937147736549,3.81590247154236,17.9192905426025,0.656750738620758,0.0337791703641415,0.155461400747299,0.000473067193524912,0.987264156341553
232.654159545898,0.0633873790502548,-0.0186538696289063,0.226506397128105,3.91989898681641,18.2128028869629,0.663667261600494,0.0346853509545326,0.15797758102417,0.000302385189570487,0.986833274364471
233.190979003906,0.0633772611618042,-0.0197910405695438,0.23267550766468,4.17811107635498,18.3928184509277,0.511816620826721,0.0366972535848618,0.159550800919533,-0.00141971942503005,0.986506402492523
233.725143432617,0.068640261888504,-0.021209729835391,0.234170317649841,4.85925388336182,19.126485824585,359.399597167969,0.0409328863024712,0.166203573346138,-0.0122048389166594,0.985165953636169
234.259796142578,0.0751860737800598,-0.0172990709543228,0.22096449136734,2.41985893249512,23.264497756958,358.090301513672,0.0173198599368334,0.201900944113731,-0.020575437694788,0.979036629199982
234.787536621094,0.0767081379890442,-0.0167013015598059,0.206075564026833,2.15260767936707,24.7879371643066,357.063415527344,0.0128414127975702,0.21499428153038,-0.0290525946766138,0.976098656654358
235.326141357422,0.0760462433099747,-0.0159206297248602,0.201334178447723,1.73422336578369,23.592435836792,356.895233154297,0.00927076768130064,0.204734310507774,-0.029608191922307,0.978325724601746
235.862808227539,0.0775419175624847,-0.0168681032955647,0.204787790775299,2.14470338821411,23.2399997711182,357.052825927734,0.0131465336307883,0.201789394021034,-0.0289529114961624,0.978912651538849
236.395248413086,0.0775807574391365,-0.0170135255903006,0.209708169102669,2.23550128936768,22.7379112243652,357.424041748047,0.0146895376965404,0.197468742728233,-0.0258766319602728,0.979857504367828
236.92463684082,0.0727598592638969,-0.0159402955323458,0.214421227574348,1.859219789505,21.1111125946045,358.577209472656,0.0136741232126951,0.183348640799522,-0.0151759395375848,0.982835710048676
237.454940795898,0.0746257156133652,-0.0153938690200448,0.207242369651794,1.57777464389801,21.5465106964111,358.037109375,0.0103221889585257,0.18710932135582,-0.0193982236087322,0.982093334197998
237.989501953125,0.0735386908054352,-0.0143608851358294,0.204305127263069,1.20124638080597,21.3375091552734,358.171966552734,0.00734713859856129,0.185261353850365,-0.017615607008338,0.982503890991211
238.520401000977,0.0694166049361229,-0.0144558241590858,0.204965457320213,1.27768695354462,20.9460182189941,358.758972167969,0.00899486243724823,0.181869104504585,-0.0126753244549036,0.983199954032898
239.05534362793,0.0539996363222599,-0.0118388151749969,0.216622516512871,359.883148193359,15.9125089645386,3.1307327747345,0.00277165789157152,0.138392850756645,0.0271955225616693,0.990000069141388
239.58024597168,0.0305909980088472,-0.00712692318484187,0.20565077662468,357.785308837891,13.4271287918091,6.31016159057617,-0.0127309262752533,0.117763228714466,0.0569069758057594,0.991328060626984
240.126327514648,0.026531059294939,-0.00748559460043907,0.204081192612648,358.276000976563,14.1433324813843,6.52686023712158,-0.00789799075573683,0.123747088015079,0.0583364591002464,0.990566074848175
240.674057006836,0.0333813950419426,-0.00750204222276807,0.209618598222733,358.423675537109,14.5839653015137,6.14004421234131,-0.00682780519127846,0.127462401986122,0.0548616237938404,0.990301430225372
241.234420776367,0.0398295819759369,-0.00975764542818069,0.222085237503052,359.536834716797,14.8149557113647,5.51363515853882,0.00219733081758022,0.128967553377151,0.0482156872749329,0.990473508834839
241.769088745117,0.0479395762085915,-0.00799779407680035,0.218452394008636,358.312133789063,15.4399261474609,3.54245471954346,-0.010436749085784,0.134703829884529,0.032602958381176,0.990294456481934
242.322067260742,0.0441029258072376,-0.00858868937939405,0.220663487911224,358.571655273438,15.1709823608398,3.45071387290955,-0.00837540253996849,0.132307291030884,0.0314874164760113,0.990673184394836
242.845977783203,0.0450321808457375,-0.00901054497808218,0.223937913775444,358.734710693359,14.9255056381226,3.54750680923462,-0.00692280940711498,0.130150362849236,0.0321222431957722,0.990949630737305
243.433822631836,0.0447617471218109,-0.00815995968878269,0.221576556563377,358.422302246094,15.0365161895752,3.5489809513092,-0.00959134567528963,0.1311896443367,0.0324971377849579,0.990778088569641
243.949890136719,0.0435180850327015,-0.00747151114046574,0.217876687645912,358.188354492188,15.0979299545288,3.45227742195129,-0.0117081012576818,0.131769493222237,0.0319333858788013,0.990696728229523
244.464416503906,0.0448718145489693,-0.0069057522341609,0.209954902529716,357.667541503906,15.3794803619385,3.09283828735352,-0.0165524426847696,0.134276628494263,0.0294610410928726,0.990367531776428
244.96923828125,0.0426328666508198,-0.00689014326781034,0.210042297840118,357.617858886719,15.0173368453979,3.35234069824219,-0.0167779289186001,0.131194859743118,0.0317085720598698,0.990707337856293
245.486694335938,0.0432192832231522,-0.00709870085120201,0.214401707053185,357.820526123047,15.0463914871216,3.51602435112,-0.0148297324776649,0.131420686841011,0.0328975431621075,0.990669667720795
246.002746582031,0.0404377058148384,-0.00665811495855451,0.216900065541267,357.791534423828,14.5998878479004,3.89066576957703,-0.0147916246205568,0.127615705132484,0.0361118167638779,0.991055727005005
246.528945922852,0.0357361771166325,-0.00657935813069344,0.219727739691734,357.945251464844,13.9828748703003,4.65101480484009,-0.0128439581021667,0.122323349118233,0.0424491092562675,0.991498947143555
247.057083129883,0.036321610212326,-0.0071969754062593,0.219586744904518,358.190765380859,14.5245923995972,4.61151504516602,-0.0105633065104485,0.126923859119415,0.0418986305594444,0.990970849990845
247.573852539063,0.0259968899190426,-0.00596467917785048,0.230154246091843,358.277526855469,10.932222366333,8.05883026123047,-0.00823263172060251,0.096062183380127,0.0713694170117378,0.992779314517975
248.099990844727,0.0192359462380409,-0.00585181824862957,0.212025701999664,358.090698242188,12.7661819458008,8.97452831268311,-0.00781017309054732,0.112114928662777,0.0795883238315582,0.990472137928009
248.616058349609,0.0136562930420041,-0.0059928921982646,0.208205655217171,358.007598876953,12.3640308380127,9.5177755355835,-0.00829260144382715,0.108733847737312,0.0843336805701256,0.990452468395233
249.145172119141,0.0136014129966497,-0.00677699595689774,0.217144683003426,358.437683105469,11.6850299835205,9.72704124450684,-0.00488403579220176,0.102568417787552,0.0857171043753624,0.991013884544373
249.663024902344,0.0231190696358681,-0.00869773607701063,0.228860512375832,359.536285400391,12.7596321105957,8.78863143920898,0.00450421962887049,0.111099414527416,0.0765933096408844,0.990843117237091
250.18098449707,0.0263451971113682,-0.00784323178231716,0.235431775450706,358.835754394531,12.8792781829834,8.59356594085693,-0.00166477472521365,0.112591825425625,0.075582467019558,0.990761160850525
250.686477661133,0.0319033823907375,-0.00873603112995625,0.244597136974335,359.338195800781,13.650016784668,7.40455341339111,0.00195115141104907,0.118957653641701,0.0647981911897659,0.990780770778656
251.209243774414,0.0472727976739407,-0.0125403217971325,0.244065463542938,0.115427292883396,17.1389999389648,4.22297239303589,0.00648546172305942,0.148871034383774,0.0362826995551586,0.988169491291046
251.732238769531,0.0459811873733997,-0.0128411715850234,0.24802428483963,0.209416314959526,16.9379272460938,3.79766035079956,0.00668645184487104,0.147132650017738,0.0325044132769108,0.98855996131897
252.253662109375,0.0469082295894623,-0.0129360323771834,0.24481001496315,0.391525328159332,17.4084663391113,3.76394152641296,0.00834540091454983,0.151140436530113,0.0319454707205296,0.987960755825043
252.76953125,0.0444590710103512,-0.011104223318398,0.235289603471756,359.638427734375,17.027515411377,3.93798017501831,0.00196803617291152,0.148065954446793,0.0344466529786587,0.98837548494339
253.356643676758,0.0434759743511677,-0.00984974019229412,0.229678362607956,359.15087890625,16.8166179656982,4.17957925796509,-0.00199327897280455,0.14639250934124,0.0371554754674435,0.988526523113251
253.939376831055,0.0407133549451828,-0.00896822288632393,0.225641682744026,358.787475585938,16.4032039642334,4.47583913803101,-0.00489465612918139,0.142948791384697,0.0401559062302113,0.988903045654297
254.476150512695,0.0397050529718399,-0.00876888073980808,0.225169450044632,358.689636230469,16.2414855957031,4.56482696533203,-0.00568597810342908,0.141589194536209,0.0410371869802475,0.989058196544647
255.039672851563,0.0423608869314194,-0.00867369771003723,0.227886438369751,358.733520507813,16.6237754821777,4.40097904205322,-0.00537749053910375,0.144865974783897,0.0395872071385384,0.988644421100616
255.583755493164,0.0425392165780067,-0.00885466206818819,0.227952048182487,358.817108154297,16.7098331451416,4.48416757583618,-0.00452080927789211,0.145585134625435,0.0402032472193241,0.988518178462982
256.097595214844,0.0429578423500061,-0.00842440966516733,0.224617809057236,358.652435302734,16.9422950744629,4.28794240951538,-0.00611248658969998,0.147633194923401,0.0387310273945332,0.988264620304108
256.620208740234,0.0429215729236603,-0.00790196098387241,0.220632746815681,358.473052978516,16.9646587371826,4.251305103302,-0.00769933825358748,0.147878602147102,0.0386462509632111,0.988220155239105
257.159454345703,0.0432192049920559,-0.0080620413646102,0.221003487706184,358.501068115234,17.1202068328857,4.23459815979004,-0.00742699531838298,0.149210348725319,0.0384763702750206,0.988028705120087
257.702911376953,0.0418061539530754,-0.00851946137845516,0.225663810968399,358.780029296875,17.0743980407715,4.59349155426025,-0.0045708897523582,0.148745745420456,0.041207917034626,0.988005936145782
258.236602783203,0.0411742329597473,-0.00880697928369045,0.227340266108513,358.798614501953,16.8025455474854,4.79324293136597,-0.00425308849662542,0.146402880549431,0.0428961515426636,0.988285422325134
258.776611328125,0.0350065305829048,-0.00832081399857998,0.230593487620354,359.065307617188,15.9755020141602,5.24178171157837,-0.00171496102120727,0.139180794358253,0.0464143417775631,0.989177227020264
259.317718505859,0.0199743844568729,-0.00844719726592302,0.234171971678734,358.576354980469,11.4648885726929,8.94394588470459,-0.004536097869277,0.100535243749619,0.0788126215338707,0.991796731948853
259.850891113281,0.0190681293606758,-0.00801570061594248,0.226576745510101,358.635314941406,12.114842414856,8.98197841644287,-0.00354359624907374,0.106120921671391,0.0791124105453491,0.991194725036621
260.372650146484,0.0160643681883812,-0.00695930374786258,0.217975094914436,358.365570068359,12.3172025680542,9.1521577835083,-0.00557668972760439,0.108059495687485,0.0808394625782967,0.990836560726166
260.954833984375,0.0122001115232706,-0.00670662242919207,0.210922911763191,358.272918701172,12.3189172744751,9.25238037109375,-0.00628236914053559,0.108142718672752,0.0817916318774223,0.99074512720108
261.491821289063,0.00698268134146929,-0.00679798889905214,0.213387280702591,358.151336669922,11.1150054931641,9.73421192169189,-0.00778248161077499,0.0978452116250992,0.0859917551279068,0.991449058055878
262.024261474609,0.0074640279635787,-0.00684468075633049,0.218243017792702,358.210754394531,10.9788188934326,9.98200130462646,-0.00716153020039201,0.0966395735740662,0.0880776792764664,0.991388857364655
262.555358886719,0.00613762438297272,-0.00691161770373583,0.220159724354744,358.234039306641,11.003945350647,10.3198280334473,-0.00665518641471863,0.0968596935272217,0.0909823849797249,0.991108536720276
263.075958251953,0.00423260033130646,-0.00789150223135948,0.225654274225235,358.999877929688,10.2920932769775,10.1714010238647,-0.000707402999978513,0.0901087895035744,0.0890647694468498,0.991941213607788
263.619415283203,0.00809561833739281,-0.00736845936626196,0.217614769935608,358.597595214844,10.8163614273071,9.1306848526001,-0.00464356690645218,0.0949141532182693,0.0803855061531067,0.992223739624023
264.151794433594,0.00697347987443209,-0.00709076458588243,0.213448688387871,358.498962402344,11.6155214309692,8.9535961151123,-0.00509390747174621,0.101890847086906,0.0789694935083389,0.991643130779266
264.689727783203,0.00446643866598606,-0.00787561386823654,0.218620076775551,358.841369628906,10.9372482299805,9.18566417694092,-0.00240175845101476,0.0957956984639168,0.0806661769747734,0.992124199867249
265.200225830078,0.00751653872430325,-0.00815238989889622,0.226830184459686,359.011199951172,10.7391872406006,9.43197536468506,-0.000868205388542265,0.0939659848809242,0.082657516002655,0.992137789726257
265.733520507813,0.0102974465116858,-0.00780764222145081,0.224662840366364,359.036437988281,10.5922212600708,8.77897167205811,-0.00128385168500245,0.0926698073744774,0.0769804790616035,0.992715775966644
266.300933837891,0.0143976900726557,-0.0075205247849226,0.216877087950706,358.804443359375,11.7920227050781,8.17234802246094,-0.0030322081875056,0.10319609194994,0.0719449371099472,0.992051064968109
266.840087890625,0.0146551057696342,-0.00750984810292721,0.213639378547668,358.634887695313,11.6628322601318,8.04617977142334,-0.00469398079439998,0.102175682783127,0.0709978267550468,0.992218434810638
267.375091552734,0.015607887879014,-0.00788948684930801,0.212373301386833,358.710754394531,11.8017416000366,7.81595182418823,-0.0041586346924305,0.103324823081493,0.0689427107572556,0.992246747016907
267.904296875,0.0138683654367924,-0.00769351050257683,0.213802248239517,358.616943359375,11.3954496383667,8.13875675201416,-0.0049344808794558,0.0998749658465385,0.0718038380146027,0.992393493652344
268.450531005859,0.0135917644947767,-0.00838786456733942,0.217586487531662,358.901824951172,11.5457935333252,8.24514675140381,-0.00227921060286462,0.101006254553795,0.072483979165554,0.992239236831665
269.015350341797,0.0120236938819289,-0.0089168967679143,0.224353462457657,359.328674316406,11.2478981018066,8.778151512146,0.00168657675385475,0.0981559902429581,0.0767316818237305,0.992207050323486
269.555114746094,0.0120529625564814,-0.00850817654281855,0.224524095654488,358.949981689453,11.1358861923218,8.82553291320801,-0.00162771518807858,0.0974360629916191,0.0774613618850708,0.992221415042877
270.110900878906,0.0132670616731048,-0.00872713606804609,0.225297823548317,359.11328125,11.1564607620239,8.85581684112549,-0.000173840584466234,0.0975062921643257,0.0775866881012917,0.992206037044525
270.631439208984,0.0131566356867552,-0.0084483390673995,0.21993263065815,358.770538330078,11.2439546585083,8.57060241699219,-0.00332763744518161,0.0984829738736153,0.0754073113203049,0.992272019386292
271.179656982422,0.010034317150712,-0.00770312128588557,0.217397540807724,358.80810546875,11.0853147506714,8.80568408966064,-0.00290738954208791,0.0970913022756577,0.0774070546030998,0.99225652217865
271.709808349609,0.000818781554698944,-0.00749392062425613,0.219807684421539,359.096496582031,10.0493640899658,9.93142700195313,-0.000243665868765675,0.087933287024498,0.0869122445583344,0.992327511310577
272.258728027344,-0.00650691241025925,-0.00627823732793331,0.212988302111626,358.201965332031,9.34285831451416,10.568320274353,-0.00807219929993153,0.0825256258249283,0.093050479888916,0.992202579975128
272.794006347656,-0.00989577174186707,-0.0063552251085639,0.214400753378868,358.103759765625,8.46600246429443,11.1764717102051,-0.00923678837716579,0.0750587061047554,0.0983152091503143,0.99227774143219
273.365112304688,-0.00404959730803967,-0.00642856862396002,0.225309669971466,358.289184570313,9.69333553314209,10.709433555603,-0.00692713679745793,0.0854996219277382,0.0942332670092583,0.99184775352478
273.924377441406,-0.00942628923803568,-0.00798241887241602,0.234933763742447,359.009399414063,7.93883419036865,11.3985157012939,-0.00170700927264988,0.0697356313467026,0.0996603891253471,0.992573380470276
274.488250732422,-0.0113586224615574,-0.00872942246496677,0.239998534321785,359.305755615234,8.71305370330811,11.6018466949463,0.00166763935703784,0.0761826783418655,0.101236298680305,0.991939842700958
275.027130126953,-0.0184534825384617,-0.00859349686652422,0.240669533610344,359.174285888672,7.0455002784729,12.4328527450562,-0.000496527180075645,0.0618607737123966,0.108517117798328,0.992167890071869
275.568084716797,-0.0186527650803328,-0.00925908610224724,0.239167079329491,359.533966064453,7.54752540588379,12.4366483688354,0.0030947953928262,0.0658687576651573,0.10834763944149,0.991923689842224
276.111053466797,-0.0171179361641407,-0.00830540806055069,0.230661794543266,359.162200927734,8.39516735076904,12.3596982955933,0.000630272668786347,0.0735537558794022,0.107890099287033,0.991437911987305
276.644378662109,-0.0184372738003731,-0.00643147155642509,0.215529903769493,358.213470458984,7.10464906692505,12.2238092422485,-0.0088752955198288,0.0632570311427116,0.107213638722897,0.992181956768036
277.186218261719,-0.0186735615134239,-0.00669181160628796,0.210463479161263,358.206176757813,7.07066106796265,12.5437545776367,-0.00879434589296579,0.0629942417144775,0.109984636306763,0.991896033287048
277.711303710938,-0.0199004001915455,-0.00705735571682453,0.211829125881195,358.498321533203,7.12467527389526,12.5017347335815,-0.00623633340001106,0.0631838068366051,0.109471596777439,0.991960167884827
278.255218505859,-0.0169404409825802,-0.00709891691803932,0.211470678448677,358.339813232422,8.00830364227295,12.1095514297485,-0.00700660655274987,0.0709563121199608,0.106216661632061,0.991783320903778
278.802917480469,-0.014328233897686,-0.00588290952146053,0.21292208135128,357.859497070313,7.73653507232666,12.0772094726563,-0.0114365285262465,0.069037139415741,0.106193654239178,0.991880118846893
279.352600097656,-0.0111130326986313,-0.00646319333463907,0.211213141679764,358.224395751953,8.06305599212646,11.9459495544434,-0.00805703084915876,0.0715236589312553,0.104872822761536,0.991877615451813
279.898956298828,-0.0114180827513337,-0.00638088583946228,0.20805461704731,358.129272460938,8.3884973526001,11.8716259002686,-0.00863080285489559,0.0744199007749557,0.104311086237431,0.991718888282776
280.433288574219,-0.0131974369287491,-0.00511301122605801,0.202363073825836,357.557708740234,8.03564167022705,11.8446292877197,-0.0139177665114403,0.0718704462051392,0.10438821464777,0.991838693618774
280.968200683594,-0.0164405889809132,-0.00419819355010986,0.200174152851105,356.813415527344,7.02360677719116,12.0592756271362,-0.0211671404540539,0.0638069361448288,0.106498837471008,0.99203759431839
281.505828857422,-0.0172503758221865,-0.00352393416687846,0.197920456528664,356.363342285156,6.92128944396973,12.0535593032837,-0.0251629389822483,0.0633244663476944,0.106653809547424,0.991958558559418
282.058166503906,-0.0179634727537632,-0.00377918337471783,0.19894203543663,356.289001464844,7.03918600082397,12.3568639755249,-0.0255264956504107,0.0644794851541519,0.109341993927956,0.991582155227661
282.587158203125,-0.0125478934496641,-0.00452664215117693,0.202402964234352,356.670501708984,8.13227462768555,11.7065782546997,-0.0215986780822277,0.0734636858105659,0.103731140494347,0.991653382778168
283.121734619141,-0.0121266152709723,-0.00471218395978212,0.207488566637039,356.781860351563,7.51837110519409,11.6786737442017,-0.0212063547223806,0.068047858774662,0.103311836719513,0.992091953754425
283.684234619141,-0.0135379415005445,-0.00504042487591505,0.213464960455894,356.902435302734,7.1099591255188,11.8813591003418,-0.020415835082531,0.0644427463412285,0.104928746819496,0.992179572582245
284.202117919922,-0.0128042856231332,-0.00490754842758179,0.216411590576172,356.9619140625,7.63429975509644,11.6713094711304,-0.0195470247417688,0.0688936486840248,0.103169828653336,0.992082476615906
284.747741699219,-0.0125164557248354,-0.00541785126551986,0.215840220451355,357.102447509766,7.39503288269043,11.7758522033691,-0.0184841267764568,0.0667165666818619,0.103958554565907,0.992169260978699
285.277648925781,-0.0100097395479679,-0.00502900220453739,0.212216392159462,356.808074951172,7.7295298576355,11.5876245498657,-0.0208444781601429,0.0698365643620491,0.102547846734524,0.992054581642151
285.805786132813,-0.00971927680075169,-0.00519660860300064,0.212853610515594,356.973999023438,7.82169198989868,11.5891675949097,-0.0193241331726313,0.0704915747046471,0.102483682334423,0.992045640945435
286.356079101563,-0.00830250605940819,-0.00484304130077362,0.213547512888908,357.03076171875,8.50910186767578,11.2927474975586,-0.0184149648994207,0.0763450339436531,0.0999970808625221,0.99188357591629
286.900939941406,-0.0117203406989574,-0.00530734146013856,0.214605867862701,357.044982910156,7.3226580619812,11.9028358459473,-0.0189740881323814,0.0661614611744881,0.105076812207699,0.992079377174377
287.429016113281,-0.0109183713793755,-0.00562688615173101,0.215604990720749,357.21435546875,7.31025266647339,11.942666053772,-0.0174956656992435,0.0659096017479897,0.105329744517803,0.992096543312073
287.977844238281,-0.00940047390758991,-0.00521559920161963,0.214720115065575,357.005737304688,7.19281148910522,11.9384984970093,-0.0194130148738623,0.0650782212615013,0.105384454131126,0.992109954357147
288.509338378906,-0.00932815112173557,-0.00561060337349772,0.217773288488388,357.193878173828,6.89391756057739,12.0926399230957,-0.0179741960018873,0.0623465664684772,0.106574349105358,0.992185354232788
289.081756591797,-0.0095297796651721,-0.00535098277032375,0.217075556516647,357.193267822266,6.81328344345093,11.9988050460815,-0.0181049387902021,0.0616341345012188,0.105749450623989,0.992315769195557
289.633483886719,-0.0106040295213461,-0.00481049856171012,0.211647301912308,356.932495117188,6.72158670425415,12.1614351272583,-0.0203617885708809,0.0611029751598835,0.107269637286663,0.992141664028168
290.165924072266,-0.012454541400075,-0.0047185467556119,0.205287247896194,356.876098632813,6.79906558990479,12.2567348480225,-0.0207262169569731,0.0618422776460648,0.108135998249054,0.991994261741638
290.7138671875,-0.0164143368601799,-0.00454173283651471,0.201315939426422,356.847412109375,6.20992946624756,12.4981393814087,-0.0214107520878315,0.0568129904568195,0.110130935907364,0.992061018943787
291.264465332031,-0.018995363265276,-0.00425244588404894,0.195718631148338,356.633758544922,6.56681156158447,12.495548248291,-0.022918900474906,0.0601013600826263,0.110275000333786,0.991817533969879
291.814971923828,-0.0229272246360779,-0.00434581749141216,0.186790212988853,356.398620605469,6.76223421096802,12.7095079421997,-0.0246506799012423,0.0620580017566681,0.112278744578362,0.991430580615997
292.363616943359,-0.0202402304857969,-0.00453561078757048,0.182963132858276,356.622894287109,7.14568424224854,12.467303276062,-0.0224716477096081,0.0651154443621635,0.110150545835495,0.991525053977966
292.932403564453,-0.0035246554762125,-0.00484640616923571,0.195178061723709,357.519775390625,9.13103199005127,9.36681747436523,-0.0150039847940207,0.0810761302709579,0.0830887258052826,0.993125259876251
293.481323242188,0.0237611327320337,-0.00878372695297003,0.208372205495834,359.274993896484,11.8468637466431,5.53457403182983,-0.00130328815430403,0.103380732238293,0.0486729070544243,0.99344938993454
294.032989501953,0.030640110373497,-0.0089400801807642,0.205608382821083,359.116027832031,12.2402458190918,4.36050319671631,-0.00360877136699855,0.106824733316898,0.0386472642421722,0.993519961833954
294.582611083984,0.0272386632859707,-0.00726488837972283,0.196200132369995,358.191497802734,12.1242923736572,4.26527500152588,-0.0117530329152942,0.106104820966721,0.0386657454073429,0.993533372879028
295.130493164063,0.0279117338359356,-0.00686294259503484,0.194394275546074,357.933227539063,12.1314554214478,4.35064888000488,-0.0139108095318079,0.106256678700447,0.0396431758999825,0.99345076084137
295.683044433594,0.0310703590512276,-0.00674046576023102,0.193701922893524,357.750701904297,12.2180233001709,4.25929069519043,-0.0155487917363644,0.107051715254784,0.0390299558639526,0.993365466594696
296.235473632813,0.0271455775946379,-0.00717382598668337,0.202594980597496,358.4169921875,10.9605531692505,5.59746837615967,-0.00907168164849281,0.0960514917969704,0.0499175824224949,0.994082510471344
296.810424804688,0.0145864635705948,-0.00662857433781028,0.202501952648163,358.000457763672,9.63062191009521,7.03123331069946,-0.0122073898091912,0.0848395824432373,0.0625567883253098,0.994354009628296
297.370269775391,0.0111815743148327,-0.00629994738847017,0.202350676059723,357.824035644531,9.54459190368652,7.33857822418213,-0.013559659011662,0.0842214301228523,0.0653405040502548,0.994210004806519
297.918090820313,0.0140946730971336,-0.00631861994042993,0.201016128063202,357.883850097656,10.273512840271,7.20995569229126,-0.0127266691997647,0.0904972851276398,0.0642640516161919,0.993739604949951
298.466522216797,0.0140129933133721,-0.00578212738037109,0.198951721191406,357.604614257813,10.1114463806152,7.22840023040771,-0.015225444920361,0.0892425701022148,0.0646172240376472,0.993795037269592
299.0234375,0.0140605177730322,-0.00689761200919747,0.201035842299461,358.142272949219,10.1142930984497,7.41872119903564,-0.0104120895266533,0.0889977663755417,0.0658610314130783,0.993797421455383
299.574340820313,0.0120620364323258,-0.00707302521914244,0.198390111327171,358.256439208984,10.0512437820435,7.67182636260986,-0.00926266890019178,0.0884088054299355,0.0679642707109451,0.993719756603241
300.126007080078,0.00894590467214584,-0.00660917907953262,0.190420433878899,357.978576660156,10.3094921112061,7.84546804428101,-0.0113812247291207,0.0908233821392059,0.0697049722075462,0.993359386920929
300.684906005859,0.00561391562223434,-0.00530274957418442,0.183962151408195,357.271301269531,10.1563673019409,7.94191932678223,-0.0175318568944931,0.0899199023842812,0.071061983704567,0.993255913257599
301.212890625,0.00622924230992794,-0.00544487126171589,0.191191107034683,357.392272949219,9.9944486618042,7.99931192398071,-0.0165389124304056,0.0884539633989334,0.0714446529746056,0.993377089500427
301.753723144531,0.0141359437257051,-0.00639875559136271,0.20100274682045,358.036437988281,10.6966466903687,7.55105924606323,-0.0108860936015844,0.0941177606582642,0.0671450942754745,0.993234574794769
302.315673828125,0.0171743631362915,-0.00772475497797132,0.207228228449821,358.588165283203,10.4568777084351,7.48593711853027,-0.00629456108435988,0.0917265340685844,0.066124439239502,0.993566393852234
302.857147216797,0.0179419498890638,-0.00821858365088701,0.210937529802322,358.900085449219,10.195107460022,7.55985689163208,-0.00368244550190866,0.089284673333168,0.0665115639567375,0.993776082992554
303.400482177734,0.0160695910453796,-0.00734307197853923,0.202735081315041,358.480743408203,10.7617883682251,7.46304035186768,-0.00706857396289706,0.0944283157587051,0.0660294070839882,0.993314385414124
303.958862304688,0.0100474804639816,-0.00642010383307934,0.191175878047943,357.785980224609,10.4401206970215,7.90250682830811,-0.0129256611689925,0.0920738130807877,0.0703626871109009,0.993178963661194
304.519744873047,0.00614854320883751,-0.00593652483075857,0.187655046582222,357.702789306641,10.561635017395,8.07571220397949,-0.0134315127506852,0.0931958481669426,0.0719429776072502,0.99295437335968
305.080902099609,0.00479497015476227,-0.00678733503445983,0.189358592033386,358.207885742188,10.0154685974121,8.22232246398926,-0.00928149558603764,0.0881718322634697,0.072770930826664,0.9934002161026
305.637969970703,0.00984820164740086,-0.00705039780586958,0.188035577535629,358.369903564453,10.8963594436646,7.76361894607544,-0.00770102068781853,0.0956766903400421,0.0687333717942238,0.993006765842438
306.186859130859,0.00870701484382153,-0.00697371922433376,0.185805007815361,358.168548583984,10.3998508453369,8.03464317321777,-0.0095281945541501,0.0915120914578438,0.0712056905031204,0.993209183216095
306.7509765625,0.01080590672791,-0.00736453384160995,0.184009537100792,358.277801513672,10.8260040283203,7.80217313766479,-0.00850940775126219,0.0951229110360146,0.0691375657916069,0.993025302886963
307.301605224609,0.0108907362446189,-0.00719439424574375,0.185353517532349,358.355560302734,10.6509609222412,7.84209203720093,-0.00790853425860405,0.0935636609792709,0.0694083422422409,0.993159532546997
307.847503662109,0.0112954890355468,-0.00744157424196601,0.188514545559883,358.460876464844,10.1520223617554,7.98065757751465,-0.00718955462798476,0.0891857966780663,0.0704943910241127,0.993491232395172
308.388885498047,0.0154362926259637,-0.00798573903739452,0.193512946367264,358.780059814453,10.3654041290283,7.81915378570557,-0.0044189915060997,0.0908394902944565,0.0688588842749596,0.993472278118134
308.937408447266,0.0188428834080696,-0.00936671998351812,0.200346887111664,359.188873291016,10.4079113006592,7.85241174697876,-0.000822291360236704,0.0909688696265221,0.068828172981739,0.993472039699554
309.499725341797,0.0203028898686171,-0.00923873018473387,0.20235051214695,359.111846923828,10.1129560470581,7.87289094924927,-0.00165159802418202,0.0884571000933647,0.0690621733665466,0.99368155002594
310.063171386719,0.0183180551975965,-0.00832212343811989,0.197542682290077,358.773620605469,10.2164096832275,7.84348201751709,-0.00454524485394359,0.0895523950457573,0.0690689533948898,0.99357396364212
310.606262207031,0.0126272868365049,-0.00750090694054961,0.188855081796646,358.323547363281,9.64379405975342,8.1850528717041,-0.00854195188730955,0.0848757177591324,0.0723337307572365,0.993725836277008
311.15673828125,0.0119267292320728,-0.00750916078686714,0.183488637208939,358.296539306641,10.7066612243652,7.96377086639404,-0.00828653573989868,0.094089612364769,0.0705140754580498,0.993028819561005
311.698028564453,0.00750483758747578,-0.00708626676350832,0.182507321238518,358.144836425781,9.71374130249023,8.47387790679932,-0.00983208417892456,0.0856161937117577,0.0749731361865997,0.993454694747925
312.257507324219,0.00925416126847267,-0.00722789764404297,0.187570109963417,358.181030273438,9.66209411621094,8.41832733154297,-0.00959313195198774,0.0851409509778023,0.0744609013199806,0.993536412715912
312.797637939453,0.012067724019289,-0.0075268498621881,0.194639012217522,358.355438232422,9.64892768859863,8.410475730896,-0.00809502881020308,0.0849168598651886,0.0742657631635666,0.993583559989929
313.341827392578,0.0164339616894722,-0.00782000180333853,0.1960459202528,358.572723388672,10.0638227462769,8.08717060089111,-0.0061916708946228,0.0883603394031525,0.0713278129696846,0.993512272834778
313.897827148438,0.016272135078907,-0.00763655034825206,0.190967530012131,358.366485595703,10.4159622192383,8.01321315765381,-0.00781928095966578,0.0915321409702301,0.0708667263388634,0.993246555328369
314.459167480469,0.0128464605659246,-0.00715536437928677,0.1887037307024,358.089447021484,10.1035375595093,8.24902057647705,-0.0102318190038204,0.0890100076794624,0.0730990543961525,0.993292033672333
314.983093261719,0.0107484888285398,-0.00788447447121143,0.187567532062531,358.464477539063,10.1881217956543,8.33760452270508,-0.00685723731294274,0.0895184203982353,0.0735881254076958,0.993239283561707
315.532012939453,0.00531458482146263,-0.00693606585264206,0.179249584674835,357.864288330078,9.8649435043335,8.66347312927246,-0.0120214363560081,0.0871235057711601,0.0768361166119576,0.993157207965851
316.091918945313,0.00139227416366339,-0.00690415222197771,0.17874750494957,357.833953857422,9.20847988128662,9.00022792816162,-0.0124848950654268,0.0814891457557678,0.0797064825892448,0.993403553962708
316.622344970703,0.0111543433740735,-0.00632222089916468,0.187567830085754,357.671997070313,10.4956436157227,7.94908094406128,-0.0138421794399619,0.0926271006464958,0.0708619803190231,0.993079662322998
317.165954589844,0.0445557683706284,-0.00671534985303879,0.198558494448662,358.425384521484,16.2397384643555,2.41022968292236,-0.010629640892148,0.141486048698425,0.0227592308074236,0.989621520042419
317.717834472656,0.0708444491028786,-0.00832707341760397,0.195796191692352,358.951141357422,20.467472076416,358.577697753906,-0.0112115126103163,0.177531287074089,-0.0105877667665482,0.983994364738464
318.269409179688,0.0724588632583618,-0.00790867302566767,0.19012326002121,358.495880126953,20.8200950622559,358.636260986328,-0.0150587502866983,0.180509626865387,-0.00933231506496668,0.983413636684418
318.814514160156,0.0699917152523994,-0.00794417131692171,0.185877814888954,358.639434814453,21.2520599365234,358.504608154297,-0.0140743795782328,0.184216916561127,-0.0106356628239155,0.982727348804474
319.358215332031,0.0656575858592987,-0.00741802155971527,0.181387305259705,358.357116699219,20.5973434448242,358.821624755859,-0.0159427579492331,0.178606554865837,-0.00755354249849916,0.983762502670288
319.931121826172,0.0629502758383751,-0.00721091078594327,0.182045489549637,358.156829833984,20.4281635284424,359.069976806641,-0.0172674339264631,0.177169397473335,-0.00513412989675999,0.98401552438736
320.476013183594,0.0627197399735451,-0.00719339028000832,0.185515165328979,358.184173583984,20.4640045166016,359.198089599609,-0.0168358143419027,0.177498668432236,-0.00407114578410983,0.983968615531921
321.001373291016,0.0645306780934334,-0.00754040339961648,0.188880100846291,358.423522949219,20.7237567901611,359.131622314453,-0.0148950535804033,0.179739966988564,-0.00497938273474574,0.983588814735413
321.562255859375,0.0680209249258041,-0.00745463697239757,0.193792477250099,358.470062255859,20.4248542785645,359.085113525391,-0.014554207213223,0.177171841263771,-0.00548957847058773,0.984057009220123
322.114227294922,0.0718206837773323,-0.00768985785543919,0.200791448354721,358.76416015625,20.2719535827637,359.075164794922,-0.0120361130684614,0.175883218646049,-0.00604632729664445,0.984318912029266
322.669799804688,0.0731827393174171,-0.00852564163506031,0.202610939741135,359.066040039063,20.8012371063232,358.955596923828,-0.00966121722012758,0.180443212389946,-0.0074927625246346,0.983509421348572
323.197296142578,0.0679682120680809,-0.00791875831782818,0.196774393320084,358.830749511719,20.5456848144531,359.287872314453,-0.0111478790640831,0.17826072871685,-0.00429494306445122,0.983910799026489
323.749084472656,0.0658441856503487,-0.00755137298256159,0.192337885499001,358.615539550781,20.6727523803711,359.332489013672,-0.0129302768036723,0.179341465234756,-0.00356246181763709,0.983695447444916
324.298004150391,0.0686161369085312,-0.00752378720790148,0.195315018296242,358.453887939453,20.5631561279297,359.118194580078,-0.0146483471617103,0.178362175822258,-0.00516283744946122,0.983842313289642
324.838562011719,0.0722973495721817,-0.00800034031271935,0.202096983790398,358.825042724609,20.4906044006348,359.225738525391,-0.0112913111224771,0.177781283855438,-0.00482499320060015,0.983993411064148
325.3837890625,0.0788002833724022,-0.00901809800416231,0.207593783736229,359.139434814453,21.0655612945557,358.875915527344,-0.0091759180650115,0.182711690664291,-0.00827118195593357,0.983088910579681
325.924072265625,0.0821987465023994,-0.00968613009899855,0.213993683457375,359.560150146484,20.5359535217285,358.852020263672,-0.00556239020079374,0.178204193711281,-0.00917315483093262,0.983935058116913
326.478057861328,0.0833401903510094,-0.00953736063092947,0.208369687199593,359.417694091797,20.7452793121338,358.731506347656,-0.0069913319312036,0.179980754852295,-0.00997345242649317,0.98359477519989
327.029052734375,0.0799904316663742,-0.00893432926386595,0.198788836598396,359.143676757813,20.9573879241943,358.706207275391,-0.00940106622874737,0.181770235300064,-0.00974273215979338,0.983247816562653
327.582611083984,0.0710313692688942,-0.00721153477206826,0.186809435486794,358.353790283203,20.9463920593262,359.159820556641,-0.0154582494869828,0.181648313999176,-0.00459773512557149,0.98323130607605
328.131927490234,0.0682535544037819,-0.0066895792260766,0.184403449296951,358.147583007813,21.5375175476074,359.010833740234,-0.0174920447170734,0.186677247285843,-0.0054586292244494,0.982250392436981
328.679016113281,0.0698268190026283,-0.00726616289466619,0.192349091172218,358.448364257813,21.4295272827148,359.1494140625,-0.0146835269406438,0.185798868536949,-0.00477532623335719,0.982466459274292
329.240936279297,0.0738429874181747,-0.00760514661669731,0.196216240525246,358.795074462891,21.5976638793945,359.141448974609,-0.0117320073768497,0.187268316745758,-0.00538922380656004,0.98222404718399
329.794219970703,0.0736090019345284,-0.00702664442360401,0.19400891661644,358.530426025391,21.7081623077393,359.123687744141,-0.014034254476428,0.188191086053848,-0.00509493937715888,0.982019007205963
330.334442138672,0.0752229318022728,-0.00700260698795319,0.190104812383652,358.394927978516,22.2460632324219,358.770690917969,-0.0158119983971119,0.192738950252533,-0.00782316923141479,0.981091499328613
330.874877929688,0.0713151320815086,-0.00657303258776665,0.184074014425278,358.103485107422,22.5540447235107,358.857208251953,-0.0181790832430124,0.195354491472244,-0.00654257368296385,0.980542361736298
331.424896240234,0.0677091330289841,-0.00622469279915094,0.183448001742363,358.076141357422,22.2362632751465,359.017730712891,-0.0181249417364597,0.192657023668289,-0.0051725571975112,0.981085121631622
331.962280273438,0.0671160221099854,-0.00642840331420302,0.186677232384682,358.166076660156,22.331859588623,359.090972900391,-0.0172359514981508,0.193495571613312,-0.0046826358884573,0.98093855381012
332.523742675781,0.0686909928917885,-0.00669122440740466,0.188653990626335,358.225372314453,22.3737201690674,358.953918457031,-0.0169619023799896,0.193839341402054,-0.00594996381551027,0.980868577957153
333.060546875,0.0714093148708344,-0.00691049452871084,0.189748719334602,358.286315917969,22.6941623687744,358.836822509766,-0.0166580285876989,0.19657090306282,-0.00700873229652643,0.980323016643524
333.610504150391,0.0755282044410706,-0.00738953799009323,0.193855226039886,358.519927978516,22.7407779693604,358.639709472656,-0.0150014609098434,0.196970075368881,-0.00909025687724352,0.980252623558044
334.157135009766,0.0805225148797035,-0.00779047189280391,0.197366133332253,358.781982421875,22.9226913452148,358.386993408203,-0.0132127152755857,0.198529228568077,-0.0116824600845575,0.979936242103577
334.698913574219,0.0848929733037949,-0.00793834775686264,0.198763459920883,358.818695068359,22.7411365509033,358.128875732422,-0.0133238974958658,0.196951985359192,-0.013974373228848,0.980223000049591
335.2470703125,0.0849428176879883,-0.00758809735998511,0.194958910346031,358.664306640625,23.150016784668,358.033264160156,-0.0148604288697243,0.200411468744278,-0.014473675750196,0.9794921875
335.770935058594,0.0827543511986732,-0.00715932250022888,0.189626380801201,358.4833984375,23.0395107269287,358.068145751953,-0.0163323692977428,0.199441313743591,-0.0138742160052061,0.979675471782684
336.329010009766,0.0818285420536995,-0.00702438736334443,0.186893671751022,358.288726806641,23.4200382232666,357.892791748047,-0.0183515027165413,0.202632695436478,-0.0149728981778026,0.978968381881714
336.876831054688,0.0798665210604668,-0.00706480490043759,0.186687886714935,358.360076904297,23.5208759307861,358.004638671875,-0.0175566412508488,0.20352441072464,-0.0141282882541418,0.978810489177704
337.409423828125,0.0818749442696571,-0.00707060331478715,0.185854837298393,358.429351806641,23.5233631134033,357.890441894531,-0.0171681586652994,0.203540667891502,-0.0152266612276435,0.978797554969788
337.976165771484,0.082502543926239,-0.00738947512581944,0.185478582978249,358.43505859375,23.511043548584,358.037078857422,-0.0168572627007961,0.203458189964294,-0.0139861777424812,0.978838562965393
338.539001464844,0.0834430009126663,-0.0076331589370966,0.187937125563622,358.626373291016,23.2865161895752,358.082702636719,-0.0151147954165936,0.20157827436924,-0.0139665147289634,0.979256212711334
339.106658935547,0.0814221203327179,-0.00715480977669358,0.186804756522179,358.357238769531,23.166971206665,358.210266113281,-0.0171771589666605,0.200531125068665,-0.0124200358986855,0.979457974433899
339.622833251953,0.0820292308926582,-0.00689655123278499,0.184385553002357,358.275909423828,23.6510925292969,358.032440185547,-0.018241548910737,0.204626247286797,-0.0137202143669128,0.97857403755188
340.159515380859,0.0840510800480843,-0.00666134664788842,0.18197862803936,358.136566162109,23.999942779541,357.677307128906,-0.0201154351234436,0.20751865208149,-0.016442222520709,0.977886021137238
340.692626953125,0.0849011316895485,-0.00690710358321667,0.184183195233345,358.385772705078,23.7529487609863,357.679565429688,-0.0179488211870193,0.205460652709007,-0.016914514824748,0.978354573249817
341.228363037109,0.0850059017539024,-0.00747507158666849,0.184768453240395,358.552276611328,23.7471179962158,357.801574707031,-0.0163074918091297,0.205461159348488,-0.0161727610975504,0.978395760059357
341.790252685547,0.0844067111611366,-0.00730761419981718,0.182533293962479,358.467224121094,23.8913269042969,357.763610839844,-0.0171224009245634,0.206670671701431,-0.0163226686418056,0.978124558925629
342.311340332031,0.0770571306347847,-0.00660183699801564,0.177577629685402,358.349212646484,23.7009925842285,358.2265625,-0.0172742269933224,0.205094590783119,-0.0121862599626184,0.978513836860657
342.855682373047,0.0690269693732262,-0.00570081081241369,0.171420812606812,357.926513671875,23.8396472930908,358.083740234375,-0.021154223009944,0.20618399977684,-0.0126220257952809,0.978203117847443
343.407958984375,0.0538060702383518,-0.00428294995799661,0.168441697955132,357.597686767578,23.1060047149658,358.769561767578,-0.0226866900920868,0.199998259544373,-0.00631958153098822,0.979513168334961
343.938415527344,0.0522587038576603,-0.00435288203880191,0.166044726967812,357.700439453125,23.875545501709,358.693237304688,-0.0219890885055065,0.206570282578468,-0.00700417486950755,0.978159606456757
344.486572265625,0.0459835231304169,-0.00268690288066864,0.169741675257683,357.095062255859,21.8258743286133,359.627319335938,-0.025504682213068,0.189174383878708,0.00160639896057546,0.981610953807831
345.023590087891,0.0503235757350922,-0.0115033583715558,0.186810001730919,1.70961308479309,21.2302494049072,359.301666259766,0.0135405985638499,0.184276252985001,-0.00873718596994877,0.982742369174957
345.558685302734,0.0601876825094223,-0.0209609754383564,0.211675196886063,7.04304504394531,22.9191493988037,358.080871582031,0.0568696781992912,0.199281677603722,-0.0285835079848766,0.977873027324677
346.104217529297,0.0569014959037304,-0.00873826071619987,0.202985346317291,359.890502929688,20.9886226654053,356.220916748047,-0.00694467127323151,0.182007804512978,-0.0322472490370274,0.982743680477142
346.636108398438,0.0574034489691257,-0.00803288444876671,0.215935856103897,359.477325439453,20.1795043945313,357.27294921875,-0.0086580915376544,0.17503234744072,-0.0226287841796875,0.984264552593231
347.177825927734,0.0575346574187279,-0.00891083292663097,0.21286515891552,359.803680419922,19.9802913665771,357.493103027344,-0.00548153789713979,0.173400118947029,-0.0212461240589619,0.984607100486755
347.727416992188,0.0567813403904438,-0.00765178538858891,0.203208938241005,358.920654296875,19.8928565979004,357.446166992188,-0.0131239136680961,0.172470018267632,-0.020322035998106,0.984717667102814
348.264678955078,0.0575217492878437,-0.00684075150638819,0.199754551053047,358.497131347656,20.3202419281006,357.137817382813,-0.0173102095723152,0.176007091999054,-0.0222682133316994,0.983984768390656
348.805419921875,0.0577343553304672,-0.00690939323976636,0.198996186256409,358.487670898438,20.8206615447998,357.116149902344,-0.0175224598497152,0.180296912789345,-0.0223634708672762,0.983201861381531
349.355377197266,0.0571850091218948,-0.00686175981536508,0.196211904287338,358.330749511719,20.6123065948486,357.180023193359,-0.0187290236353874,0.178482085466385,-0.0216016992926598,0.983527719974518
349.897125244141,0.0576585717499256,-0.00675742235034704,0.200935140252113,358.443206787109,19.9458122253418,357.744476318359,-0.01678566634655,0.172869592905045,-0.0170304365456104,0.984654426574707
350.429229736328,0.0600062571465969,-0.00760338362306356,0.207590982317924,358.888427734375,20.1124248504639,357.970703125,-0.0126414680853486,0.174409568309784,-0.0157415922731161,0.984466254711151
350.967864990234,0.0614279210567474,-0.00735499616712332,0.20249642431736,358.768371582031,20.7775650024414,357.674377441406,-0.0142285386100411,0.180064499378204,-0.0180219169706106,0.983386754989624
351.502685546875,0.0607639960944653,-0.00716084614396095,0.200645536184311,358.5517578125,20.0834159851074,358.120452880859,-0.0153024084866047,0.174123540520668,-0.0139454854652286,0.984506130218506
352.036407470703,0.0523305088281631,-0.00618027057498693,0.221849724650383,358.515350341797,17.029182434082,1.66280031204224,-0.0106631722301245,0.148219183087349,0.0162670388817787,0.988763272762299
352.575927734375,0.0486419796943665,-0.00659405905753374,0.226847529411316,358.623870849609,15.9950361251831,2.76153659820557,-0.00853623822331429,0.139366343617439,0.0255308412015438,0.98987489938736
353.114013671875,0.0415154360234737,-0.00619460456073284,0.22528712451458,358.337615966797,15.5136833190918,3.88789057731628,-0.00978756416589022,0.135364964604378,0.0355646125972271,0.990109026432037
353.657745361328,0.0424986481666565,-0.00511708622798324,0.218954160809517,357.973724365234,16.2622203826904,3.28127002716064,-0.0134479748085141,0.141859844326973,0.0308381747454405,0.989314913749695
354.196533203125,0.0371929034590721,-0.0042362017557025,0.207150354981422,357.626373291016,16.0415325164795,3.53743290901184,-0.0161941032856703,0.140068635344505,0.0334451720118523,0.989444255828857
354.727630615234,0.0313058346509933,-0.0032186103053391,0.195144280791283,357.119903564453,16.1924667358398,3.71559381484985,-0.0203029438853264,0.141524255275726,0.035623200237751,0.989085257053375
355.265441894531,0.0328347906470299,-0.00380066409707069,0.191102415323257,357.172668457031,16.7204132080078,3.27639675140381,-0.0202430319041014,0.145990043878555,0.0318611823022366,0.988565623760223
355.812103271484,0.0368430055677891,-0.00391203444451094,0.192436352372169,357.144714355469,17.1462535858154,2.9913125038147,-0.0207378715276718,0.149617552757263,0.029514268040657,0.988085746765137
356.347534179688,0.0387973189353943,-0.0041102422401309,0.198483109474182,357.338134765625,16.7799777984619,3.00854015350342,-0.0191411226987839,0.146423771977425,0.0293513759970665,0.98860114812851
356.880523681641,0.0415057986974716,-0.00342178530991077,0.203100070357323,357.099243164063,17.5419960021973,2.84756827354431,-0.0212199240922928,0.153011232614517,0.0284071359783411,0.987588107585907
357.430969238281,0.0401963889598846,-0.00401001516729593,0.201886489987373,357.402435302734,17.0623741149902,3.04660558700562,-0.0184649005532265,0.148853093385696,0.0296439155936241,0.988242447376251
357.962188720703,0.0381896495819092,-0.00334029551595449,0.194547265768051,356.955627441406,17.1077938079834,3.13983368873596,-0.0221850350499153,0.149351075291634,0.031032107770443,0.988048136234283
358.496124267578,0.0358217880129814,-0.00340080307796597,0.190675720572472,356.969055175781,17.3123245239258,3.14469265937805,-0.0220076385885477,0.151112601161003,0.0310960318893194,0.987782299518585
359.032409667969,0.0344133153557777,-0.00492487940937281,0.198431506752968,358.007202148438,16.5195751190186,3.11317443847656,-0.0133009636774659,0.144054412841797,0.0293756816536188,0.98904424905777
359.568511962891,0.0401323474943638,-0.00486178556457162,0.198607161641121,357.666748046875,17.2964134216309,1.29555487632751,-0.018427575007081,0.150553971529007,0.0142360283061862,0.988327503204346
360.099822998047,0.0411285348236561,-0.00489084655418992,0.203262776136398,357.359008789063,17.1345539093018,0.838950455188751,-0.0216968357563019,0.149093896150589,0.0106704700738192,0.988527417182922
360.626281738281,0.0450893379747868,-0.00570332305505872,0.211535021662712,357.764556884766,16.7562580108643,0.769248604774475,-0.0183202382177114,0.145803928375244,0.0094821834936738,0.989098429679871
361.165191650391,0.0469923913478851,-0.00499472999945283,0.210474148392677,357.436676025391,16.9850082397461,0.665934026241302,-0.0212635975331068,0.147769153118134,0.009049316868186,0.988751888275146
361.711090087891,0.0491612777113914,-0.00404142588376999,0.20370902121067,357.116882324219,17.3657989501953,0.462679415941238,-0.0242593009024858,0.151017189025879,0.00778793310746551,0.988202750682831
362.248138427734,0.0500142425298691,-0.0043332576751709,0.195052549242973,357.598022460938,17.8912754058838,0.546643078327179,-0.0199628043919802,0.155560120940208,0.00797040574252605,0.98759251832962
362.777038574219,0.0495112389326096,-0.0051045217551291,0.185026213526726,357.73388671875,18.1993217468262,0.307295173406601,-0.0191012229770422,0.158173084259033,0.00577470567077398,0.987209737300873
363.329437255859,0.0485512986779213,-0.00497771007940173,0.184118643403053,357.502563476563,18.4553050994873,0.643690884113312,-0.0206097271293402,0.160437807440758,0.00903778430074453,0.986789405345917
363.854614257813,0.0546984635293484,-0.00468309689313173,0.187976032495499,357.345916748047,19.3610973358154,0.140644207596779,-0.0226230770349503,0.168137520551682,0.00510387634858489,0.985490679740906
364.397430419922,0.0619079172611237,-0.00520061189308763,0.194769367575645,357.59130859375,19.2972965240479,359.984222412109,-0.0207440480589867,0.167565986514091,0.0033869871404022,0.985636830329895
364.941589355469,0.06627007573843,-0.00585553981363773,0.200871855020523,357.895202636719,19.3263473510742,359.879852294922,-0.0182821508497,0.167808398604393,0.00204961933195591,0.985647976398468
365.501007080078,0.0540752038359642,-0.00452137039974332,0.191976815462112,357.433837890625,18.8556060791016,0.815166413784027,-0.0209242608398199,0.163916617631912,0.0106836231425405,0.986194431781769
366.037658691406,0.0532856956124306,-0.00381119037047029,0.180311009287834,357.026275634766,19.6751251220703,0.330247431993484,-0.025073878467083,0.170870915055275,0.00727191334590316,0.984947502613068
366.575073242188,0.0520044043660164,-0.00342530175112188,0.175450667738914,356.752349853516,19.7755165100098,0.319460541009903,-0.0274378452450037,0.171726822853088,0.00761134317144752,0.984733045101166
367.124969482422,0.0548063293099403,-0.00321387872099876,0.173742681741714,356.531341552734,19.982723236084,0.0850469768047333,-0.0296773873269558,0.173442289233208,0.00598156917840242,0.984378635883331
367.647064208984,0.0568608902394772,-0.00385593250393867,0.17972993850708,356.925384521484,19.5209655761719,0.245405822992325,-0.0260765124112368,0.169525027275085,0.00665791658684611,0.985158324241638
368.198211669922,0.060529462993145,-0.0043788836337626,0.188105508685112,357.215484619141,19.7334766387939,0.0353799425065517,-0.0238847620785236,0.171314001083374,0.00446756277233362,0.984916806221008
368.723571777344,0.0602283701300621,-0.00462293811142445,0.193425044417381,357.492126464844,19.1362342834473,0.333788871765137,-0.0210950989276171,0.166242390871048,0.00650913454592228,0.985837757587433
369.266479492188,0.0589404255151749,-0.00469912961125374,0.19150598347187,357.429656982422,19.5209312438965,0.421597927808762,-0.021480206400156,0.169567048549652,0.00742723979055882,0.985256552696228
369.797637939453,0.0598761700093746,-0.0048947399482131,0.190772697329521,357.525024414063,19.6818046569824,0.300050258636475,-0.0208313409239054,0.170928210020065,0.0062704267911613,0.985043346881866
370.340789794922,0.0620869696140289,-0.00497049931436777,0.187836170196533,357.450164794922,19.7671756744385,0.00173597317188978,-0.0219169333577156,0.171604737639427,0.00383402151055634,0.984914600849152
370.896484375,0.0616614483296871,-0.00423472188413143,0.182835683226585,357.103881835938,19.8814945220947,0.0391704253852367,-0.0248324051499367,0.172582998871803,0.00469907419756055,0.984670698642731
371.440948486328,0.0597622245550156,-0.0036503067240119,0.177339628338814,356.767272949219,19.6622867584229,0.0745360031723976,-0.0276817828416824,0.170695185661316,0.00545685132965446,0.984919846057892
371.986480712891,0.0595327578485012,-0.00369744165800512,0.173071220517159,356.826873779297,19.9156932830811,359.848114013672,-0.0274991821497679,0.172821015119553,0.00348276970908046,0.984563171863556
372.526031494141,0.0580215118825436,-0.00336104235611856,0.169607624411583,356.586700439453,19.9175281524658,359.866851806641,-0.029534213244915,0.172828450798988,0.0040065860375762,0.98450094461441
373.072387695313,0.0606511309742928,-0.0037898737937212,0.171626850962639,356.750640869141,19.8219299316406,359.771118164063,-0.028272707015276,0.171992287039757,0.00291305198334157,0.98468816280365
373.609222412109,0.0635610669851303,-0.0041093691252172,0.170433774590492,356.705718994141,20.0953197479248,359.433349609375,-0.0291651580482721,0.17425312101841,0.000147609825944528,0.9842689037323
374.142517089844,0.0618948638439178,-0.00418258225545287,0.171493470668793,356.836853027344,19.858757019043,359.7099609375,-0.0276228338479996,0.172299146652222,0.00226707616820931,0.984654724597931
374.667785644531,0.0604876205325127,-0.00354397343471646,0.171233937144279,356.515258789063,19.7555065155029,359.75341796875,-0.0303234737366438,0.171402409672737,0.00309694907628,0.984729468822479
375.204315185547,0.0606758296489716,-0.00366342929191887,0.169997498393059,356.519439697266,19.9822483062744,359.647369384766,-0.0304419938474894,0.173322722315788,0.00223971693776548,0.984391927719116
375.745819091797,0.061858057975769,-0.00368953123688698,0.166964456439018,356.430053710938,19.8814926147461,359.638854980469,-0.0312245506793261,0.172448322176933,0.00227447808720171,0.98452091217041
376.285736083984,0.0604949370026588,-0.00308517343364656,0.163513422012329,356.206268310547,19.8562488555908,359.65625,-0.0331215262413025,0.172219574451447,0.00275371107272804,0.984497785568237
376.824737548828,0.0589527003467083,-0.00334197655320168,0.161821931600571,356.242065429688,20.2197971343994,359.678253173828,-0.0327715277671814,0.175351098179817,0.00299293152056634,0.983955860137939
377.348175048828,0.0582685172557831,-0.00362126668915153,0.163585007190704,356.340911865234,19.6074123382568,359.461883544922,-0.0322588942945004,0.170036822557449,0.000811052799690515,0.984909236431122
377.897399902344,0.0680049434304237,-0.00728811183944345,0.152286291122437,357.49169921875,20.753885269165,357.013488769531,-0.0262148603796959,0.17945796251297,-0.0216859262436628,0.983177185058594
378.424957275391,0.0782187581062317,-0.0131511250510812,0.146723687648773,358.774017333984,21.2056541442871,355.572509765625,-0.017615083605051,0.183445811271667,-0.0359986945986748,0.982212543487549
378.963928222656,0.0809207186102867,-0.0139311188831925,0.15537503361702,359.399169921875,20.7637825012207,356.077819824219,-0.0113212401047349,0.179923743009567,-0.0327157229185104,0.983071208000183
379.500579833984,0.0868224278092384,-0.0149410711601377,0.166984796524048,359.950073242188,21.4776725769043,356.25244140625,-0.00652045896276832,0.186218962073326,-0.0320439264178276,0.981963932514191
380.029541015625,0.0913276672363281,-0.0156486090272665,0.171363607048988,0.143709033727646,21.6759243011475,355.822052001953,-0.0056231296621263,0.187951907515526,-0.0360368937253952,0.981500804424286
380.565124511719,0.0968145728111267,-0.0167363975197077,0.186310052871704,0.974150955677032,21.0360927581787,356.246307373047,0.00237526185810566,0.182714432477951,-0.0337508469820023,0.982583701610565
381.103973388672,0.0936035513877869,-0.0174915287643671,0.185659036040306,1.26849508285522,21.5810031890869,356.201049804688,0.00466260919347405,0.187464565038681,-0.0346292331814766,0.981649696826935
381.642791748047,0.0896064192056656,-0.0165649112313986,0.185213506221771,0.92641818523407,21.43284034729,356.622039794922,0.00245955376885831,0.186095476150513,-0.0304615218192339,0.982056319713593
382.181091308594,0.0912254452705383,-0.0171431750059128,0.186372146010399,1.27627372741699,22.1199073791504,356.536102294922,0.0051278998143971,0.192066892981529,-0.0317959561944008,0.980853199958801
382.724639892578,0.0940749421715736,-0.0177568197250366,0.187709018588066,1.57604396343231,22.4573097229004,356.551635742188,0.0076254028826952,0.195024237036705,-0.0321863368153572,0.980240523815155
383.259185791016,0.097909078001976,-0.0197871904820204,0.191439360380173,2.44069123268127,22.1750965118408,356.038909912109,0.0142426984384656,0.192872539162636,-0.0380007065832615,0.980384230613708
383.806793212891,0.107342310249805,-0.0223774965852499,0.196094825863838,3.06492805480957,21.8304443359375,354.674591064453,0.0174375139176846,0.190304145216942,-0.0506581328809261,0.980262279510498
384.342895507813,0.106856346130371,-0.0210965033620596,0.192592352628708,2.49208664894104,21.8295307159424,354.855834960938,0.0128357131034136,0.190071225166321,-0.048167385160923,0.980504035949707
384.886566162109,0.110737927258015,-0.021060774102807,0.191713735461235,2.30269503593445,21.8914813995361,354.801727294922,0.0110987229272723,0.190540298819542,-0.0483252927660942,0.980426371097565
385.422027587891,0.114708408713341,-0.0211699195206165,0.194094017148018,2.54248690605164,22.1242790222168,354.466918945313,0.0124891754239798,0.192653611302376,-0.0516099631786346,0.979829072952271
385.961242675781,0.121249884366989,-0.0235290974378586,0.190787509083748,3.38544058799744,23.4233207702637,353.798889160156,0.0179074741899967,0.20416547358036,-0.0589267127215862,0.976997196674347
386.514739990234,0.12052184343338,-0.0234027896076441,0.190166831016541,3.47663736343384,23.6896705627441,354.276031494141,0.019407732412219,0.206393986940384,-0.0550633259117603,0.97672563791275
387.073181152344,0.122734874486923,-0.0245308876037598,0.209431976079941,4.09613943099976,23.1301555633545,354.423309326172,0.0252244379371405,0.201818779110909,-0.0547848492860794,0.977564096450806
387.64892578125,0.11812986433506,-0.0240425076335669,0.216817706823349,4.26297521591187,22.8927459716797,354.885528564453,0.0275686196982861,0.199742332100868,-0.0510734021663666,0.97812807559967
388.228820800781,0.115362830460072,-0.0237029567360878,0.210391134023666,4.25509023666382,23.5617408752441,354.807250976563,0.0270623825490475,0.205465316772461,-0.0518868304789066,0.976913213729858
388.768920898438,0.12461856007576,-0.0261121280491352,0.199487835168839,4.62336921691895,24.7285861968994,353.20068359375,0.0266432072967291,0.215912282466888,-0.0664995983242989,0.973781228065491
389.319763183594,0.125044912099838,-0.0251154955476522,0.192198857665062,4.00175476074219,24.6158256530762,353.320098876953,0.0216428898274899,0.21466089785099,-0.0643164739012718,0.974328339099884
389.874359130859,0.125136405229568,-0.0248581394553185,0.187773928046227,3.80144810676575,24.7460536956787,353.355072021484,0.0199313834309578,0.2156752794981,-0.063673235476017,0.974183082580566
390.427581787109,0.125921115279198,-0.0245798844844103,0.187465876340866,3.50464773178101,24.6697578430176,353.299774169922,0.0173443090170622,0.214906021952629,-0.0635827332735062,0.974408447742462
390.9736328125,0.127098560333252,-0.0255515016615391,0.198851838707924,4.32391595840454,24.5398597717285,353.902557373047,0.0255157146602869,0.214026272296906,-0.0599389187991619,0.974653303623199
391.521057128906,0.127263456583023,-0.0259078405797482,0.199626922607422,4.6133337020874,24.7540302276611,354.000274658203,0.028050497174263,0.215933710336685,-0.0596908442676067,0.97417801618576
392.063812255859,0.12605357170105,-0.0253862570971251,0.190490648150444,4.39195251464844,24.9850997924805,353.527404785156,0.0251480378210545,0.217921063303947,-0.0633522346615791,0.973583340644836
392.614227294922,0.125107541680336,-0.0262261796742678,0.189045429229736,4.5748929977417,24.4001235961914,353.788909912109,0.0275146085768938,0.212960824370384,-0.0613320395350456,0.974745631217957
393.152038574219,0.13876573741436,-0.0301677323877811,0.187739163637161,4.76299571990967,25.2834949493408,351.836791992188,0.0248788483440876,0.22099657356739,-0.078462690114975,0.971794843673706
393.697692871094,0.146942585706711,-0.0319986343383789,0.193717464804649,5.60175323486328,25.8215141296387,351.794708251953,0.0315415486693382,0.226001918315887,-0.0805416852235794,0.970278978347778
394.250518798828,0.154693707823753,-0.0318599529564381,0.190807566046715,5.41674280166626,26.4111747741699,351.638519287109,0.0292446743696928,0.23093718290329,-0.0816618800163269,0.969094455242157
394.800506591797,0.157338887453079,-0.0319970920681953,0.186644822359085,5.33685731887817,26.1290111541748,351.676300048828,0.0288439597934484,0.228498637676239,-0.0811150893568993,0.969730257987976
395.352752685547,0.151534274220467,-0.0278529934585094,0.193237572908401,4.22047901153564,25.2402839660645,352.725891113281,0.0220098402351141,0.220177814364433,-0.069890208542347,0.972703814506531
395.888519287109,0.150731220841408,-0.0289058424532413,0.188456833362579,4.47018718719482,26.0369205474854,352.561798095703,0.0233167484402657,0.227084264159203,-0.0719165056943893,0.970936179161072
396.441070556641,0.144778966903687,-0.0280046239495277,0.191440910100937,4.38437604904175,24.6207485198975,353.063537597656,0.0244150683283806,0.214921861886978,-0.0672013461589813,0.974010527133942
396.993682861328,0.141630366444588,-0.027048584073782,0.18758949637413,4.26181411743164,25.1401748657227,353.414733886719,0.023740291595459,0.219208627939224,-0.0640991479158401,0.973280668258667
397.551116943359,0.138682410120964,-0.0254357997328043,0.18365803360939,3.73194670677185,25.0104885101318,353.205261230469,0.0189084634184837,0.217917665839195,-0.0648620426654816,0.973625898361206
398.095855712891,0.138810336589813,-0.0271383188664913,0.177561685442924,3.58589768409729,25.0569343566895,352.493804931641,0.0162849370390177,0.21835270524025,-0.0706396624445915,0.973173677921295
398.637725830078,0.137807667255402,-0.0273840241134167,0.174466192722321,3.48207139968872,25.171365737915,352.174072265625,0.014720119535923,0.219314560294151,-0.0731754824519157,0.972794890403748
399.185729980469,0.141007632017136,-0.0275111272931099,0.173021763563156,3.55187773704529,25.3124027252197,351.8525390625,0.0146041624248028,0.220589980483055,-0.0760537311434746,0.97228729724884
399.722229003906,0.143448397517204,-0.0274194814264774,0.166994348168373,3.49437546730042,25.9465293884277,351.584197998047,0.0131661631166935,0.225967198610306,-0.07829599827528,0.970894038677216
400.269256591797,0.140621423721313,-0.0276786088943481,0.167169317603111,3.89369916915894,25.5024967193604,351.863555908203,0.0174013711512089,0.2223861515522,-0.0766341462731361,0.971786439418793
400.829223632813,0.144204944372177,-0.0312053188681602,0.168523475527763,5.12376165390015,26.2951946258545,351.488739013672,0.0265445206314325,0.229836463928223,-0.0823282152414322,0.969377458095551
401.385620117188,0.140574842691422,-0.030092217028141,0.167330026626587,4.78923797607422,25.6624221801758,351.842071533203,0.0248522777110338,0.224221467971802,-0.0785497650504112,0.971049427986145
401.933685302734,0.136550039052963,-0.0286347903311253,0.169768542051315,4.41082191467285,25.2278366088867,352.529266357422,0.0232570432126522,0.220201507210732,-0.0719145387411118,0.972521841526031
402.485504150391,0.15082822740078,-0.0336935073137283,0.177338361740112,5.55004358291626,26.163501739502,350.197052001953,0.0276689473539591,0.229278206825256,-0.0940456986427307,0.9684117436409
403.045135498047,0.151234850287437,-0.033408235758543,0.18023319542408,5.69484281539917,25.8583850860596,350.600067138672,0.0299434959888458,0.226686239242554,-0.0908394902944565,0.969259977340698
403.606170654297,0.155489936470985,-0.0330627039074898,0.17906653881073,4.87979936599731,25.677209854126,349.909027099609,0.0218217615038157,0.224794238805771,-0.0950932279229164,0.969509541988373
404.165130615234,0.159392610192299,-0.0378067120909691,0.175758048892021,7.20001840591431,25.8849658966064,350.066040039063,0.0416120551526546,0.227989837527275,-0.0982260480523109,0.967801988124847
404.692321777344,0.156122177839279,-0.0364638157188892,0.170200049877167,6.65075016021729,26.9397869110107,350.144775390625,0.0362274050712585,0.23652820289135,-0.0968551710247993,0.966106116771698
405.244720458984,0.155702590942383,-0.0361673347651958,0.171975091099739,6.66377401351929,27.3076591491699,349.96826171875,0.0356570854783058,0.239691585302353,-0.098483994603157,0.965182602405548
405.792449951172,0.153448924422264,-0.0353974513709545,0.173802360892296,6.53472089767456,26.7058124542236,350.392059326172,0.0359499044716358,0.234406992793083,-0.0944671928882599,0.966869652271271
406.35107421875,0.155737444758415,-0.0356937609612942,0.172473311424255,6.58119535446167,26.9552364349365,350.3203125,0.0359889157116413,0.236561134457588,-0.095242403447628,0.966267287731171
406.888885498047,0.155497193336487,-0.0359939076006413,0.175479203462601,6.77162742614746,26.8062877655029,350.595733642578,0.0382883846759796,0.235327422618866,-0.093247577548027,0.96667468547821
407.443450927734,0.155988350510597,-0.035795770585537,0.176949992775917,6.79685306549072,26.7586574554443,350.587371826172,0.0385233275592327,0.234942927956581,-0.0933517664670944,0.966748774051666
407.978118896484,0.152849018573761,-0.0353342667222023,0.177421540021896,6.79278373718262,26.6046657562256,351.076721191406,0.0396116673946381,0.23347419500351,-0.0891615003347397,0.967455923557281
408.526977539063,0.153860419988632,-0.0353147573769093,0.178420752286911,6.82403516769409,26.9493141174316,350.818237304688,0.0390741974115372,0.236488446593285,-0.0915227606892586,0.966524720191956
409.072235107422,0.151205316185951,-0.0347087197005749,0.177333354949951,6.55605888366699,26.5260124206543,351.080963134766,0.0376781038939953,0.232680037617683,-0.0886358544230461,0.967772722244263
409.625305175781,0.152175843715668,-0.0349798537790775,0.175299823284149,6.63776826858521,26.8429927825928,350.973327636719,0.0379027351737022,0.235436245799065,-0.0898096486926079,0.966988861560822
410.165069580078,0.150620684027672,-0.0342031046748161,0.172966077923775,6.45395517349243,26.6418037414551,351.139221191406,0.0368433222174644,0.233583450317383,-0.0879814997315407,0.967646956443787
410.692260742188,0.148096546530724,-0.0337533093988895,0.171781584620476,6.36882638931274,26.6236019134521,351.323516845703,0.0365122556686401,0.233325093984604,-0.0862518474459648,0.967877507209778
411.242401123047,0.145479649305344,-0.0329139716923237,0.169821187853813,5.98003625869751,26.4421310424805,351.291900634766,0.0332930982112885,0.231593430042267,-0.0857018753886223,0.968458235263824
411.774566650391,0.142409890890121,-0.0323138236999512,0.166311338543892,5.9685320854187,26.2874412536621,351.659912109375,0.0340506955981255,0.230171456933022,-0.0825228244066238,0.969046771526337
412.321899414063,0.138793706893921,-0.0312304832041264,0.158224493265152,5.44800281524658,26.328218460083,351.623596191406,0.0295386482030153,0.23025581240654,-0.0818278267979622,0.969233691692352
412.849212646484,0.1338731944561,-0.0306389350444078,0.158454298973083,5.32110786437988,25.5959930419922,352.063385009766,0.0298437271267176,0.22387769818306,-0.0776704698801041,0.971058964729309
413.377258300781,0.135188788175583,-0.031122624874115,0.160363733768463,5.49156904220581,26.0437850952148,351.948516845703,0.0307570062577724,0.227785974740982,-0.0790880247950554,0.97000652551651
413.930145263672,0.136455893516541,-0.0311632808297873,0.162180110812187,5.57916164398193,25.9140224456787,351.860198974609,0.0314145796000957,0.226755648851395,-0.0799691900610924,0.970154583454132
414.470184326172,0.13592267036438,-0.0310617014765739,0.161450803279877,5.47924137115479,25.8128433227539,352.050872802734,0.0310134701430798,0.225796788930893,-0.0781354010105133,0.970540523529053
415.009796142578,0.136934354901314,-0.0309291481971741,0.15930962562561,5.31478023529053,26.0370101928711,351.849151611328,0.0290653575211763,0.227664843201637,-0.0795861855149269,0.970046401023865
415.565124511719,0.136007890105247,-0.0306435264647007,0.159420669078827,5.29191541671753,25.8239269256592,352.040893554688,0.0293972548097372,0.225800037384033,-0.0778641253709793,0.970611810684204
416.119354248047,0.136834472417831,-0.031014695763588,0.160749435424805,5.35509204864502,25.9153232574463,351.965698242188,0.0297222454100847,0.22662515938282,-0.078645758330822,0.970346570014954
416.673767089844,0.138057187199593,-0.0311421845108271,0.160818859934807,5.42097091674805,26.2202606201172,351.920715332031,0.0299811810255051,0.229251369833946,-0.0792334973812103,0.969673633575439
417.230285644531,0.138055324554443,-0.0312361922115088,0.156348451972008,5.27865266799927,26.4097728729248,351.827331542969,0.0284562949091196,0.230806112289429,-0.0797941461205482,0.969304740428925
417.796844482422,0.146815419197083,-0.0325340144336224,0.151116147637367,5.53015947341919,28.3000164031982,350.985595703125,0.0274441745132208,0.247097671031952,-0.0878679901361465,0.964608132839203
418.335571289063,0.146902501583099,-0.0320528708398342,0.159797534346581,5.53864812850952,27.3001842498779,351.365295410156,0.029072243720293,0.238581761717796,-0.0844385474920273,0.967007577419281
418.871704101563,0.139537379145622,-0.0224592629820108,0.166632771492004,2.1215603351593,26.6884708404541,351.044982910156,-5.6805776694091E-05,0.231463432312012,-0.0802068412303925,0.96953159570694
419.404235839844,0.130440562963486,-0.0183372274041176,0.167102292180061,0.356174796819687,25.0936374664307,350.932891845703,-0.0141465105116367,0.216796383261681,-0.077828049659729,0.973006665706635
419.959594726563,0.109256185591221,-0.0161195434629917,0.168404057621956,0.338189095258713,22.5825805664063,352.955810546875,-0.00913978554308414,0.195604205131531,-0.0608209110796452,0.978752434253693
420.502807617188,0.0867749601602554,-0.0143813043832779,0.17100815474987,0.0803447142243385,20.1911563873291,355.995727539063,-0.00543422996997833,0.175207823514938,-0.0345186591148376,0.983911156654358
421.036804199219,0.0665859505534172,-0.0131308352574706,0.175664141774178,0.335580259561539,18.2547206878662,358.645690917969,0.00101648585405201,0.158651977777481,-0.0121330870315433,0.98725950717926
421.573913574219,0.0388774946331978,-0.00981484167277813,0.197026818990707,359.601348876953,13.7532873153687,3.24365901947021,-6.3806219259277E-05,0.119781196117401,0.0285150837153196,0.992390751838684
422.119293212891,0.0349874347448349,-0.00892125256359577,0.199290752410889,359.498199462891,14.2689390182495,3.07779359817505,-0.00100824981927872,0.124269157648087,0.0271910820156336,0.991875410079956
422.652740478516,0.0357580035924911,-0.00816259533166885,0.199308887124062,359.211578369141,15.0751342773438,2.80426001548767,-0.00360901467502117,0.131300747394562,0.0251595824956894,0.991016685962677
423.185394287109,0.0350507348775864,-0.00718438858166337,0.197973757982254,359.169189453125,14.0763483047485,3.01471352577209,-0.0039698570035398,0.122674271464348,0.026994451880455,0.992071866989136
423.717559814453,0.0312955714762211,-0.00606753537431359,0.190706610679626,358.684478759766,13.6612310409546,3.25945925712585,-0.00801140442490578,0.119202770292759,0.0296013783663511,0.992396235466003
424.254272460938,0.030162550508976,-0.00650552660226822,0.195228978991508,358.962890625,13.9626426696777,3.50700068473816,-0.00525984494015574,0.121758751571178,0.0314709655940533,0.992046773433685
424.799530029297,0.0262208692729473,-0.00624586921185255,0.197502538561821,358.859039306641,13.2293157577515,3.95382833480835,-0.0059109223075211,0.115458197891712,0.0354117192327976,0.992663323879242
425.331573486328,0.0263723973184824,-0.00723652774468064,0.20056040585041,359.894866943359,13.0104522705078,2.68058681488037,0.00173857063055038,0.11328412592411,0.0233437176793814,0.993286848068237
425.869354248047,0.0590412355959415,-0.0127578126266599,0.198947504162788,1.61239218711853,18.8343868255615,355.076354980469,0.00684039294719696,0.164051041007042,-0.0446707643568516,0.985416173934937
426.395660400391,0.0605157278478146,-0.0132960248738527,0.20197482407093,2.07685923576355,18.9267292022705,355.128204345703,0.0108734043315053,0.165001168847084,-0.0448932982981205,0.985211133956909
426.929962158203,0.056858379393816,-0.0130622582510114,0.202861741185188,2.02767634391785,18.4299926757813,355.769439697266,0.0115437926724553,0.160650044679642,-0.0392596386373043,0.986162781715393
427.490661621094,0.0552934370934963,-0.0129588162526488,0.203281566500664,1.99529039859772,18.5740833282471,356.310852050781,0.0119804134592414,0.161825641989708,-0.0345699191093445,0.98614090681076
427.991333007813,0.0543689131736755,-0.0125809041783214,0.197396710515022,1.85346710681915,18.8208847045898,356.374084472656,0.0107760820537806,0.16390734910965,-0.0338501185178757,0.985835909843445
428.557098388672,0.0514580309391022,-0.0119279194623232,0.195058971643448,1.56850600242615,18.1316776275635,356.859008789063,0.00919324532151222,0.157865807414055,-0.0292177740484476,0.986985385417938
429.065063476563,0.0498196519911289,-0.0129487132653594,0.198397368192673,1.98409271240234,17.8124828338623,357.376342773438,0.0135565605014563,0.155145823955536,-0.0252939723432064,0.987474679946899
429.578704833984,0.049057025462389,-0.0123069081455469,0.196865603327751,1.8129506111145,17.6501312255859,357.548645019531,0.0123481741175056,0.15369825065136,-0.0235611721873283,0.987759709358215
430.136077880859,0.0485046319663525,-0.0122271105647087,0.191517904400826,1.77727317810059,18.1341686248779,357.518859863281,0.0119001641869545,0.157866463065147,-0.0238206200301647,0.987101376056671
430.646545410156,0.0407157987356186,-0.0122210774570704,0.193131491541862,2.38037180900574,16.3266258239746,359.078277587891,0.019418166950345,0.14212529361248,-0.0109094278886914,0.989598155021667
431.188690185547,0.0370131991803646,-0.0132828038185835,0.197004988789558,2.56596422195435,15.5947751998901,0.368237733840942,0.0226191207766533,0.135564386844635,0.000145267709740438,0.990510284900665
431.729705810547,0.0391446277499199,-0.0131100583821535,0.203578352928162,2.51840615272522,15.3622245788574,0.596661806106567,0.0224737692624331,0.133512005209923,0.00222167721949518,0.990789890289307
432.262298583984,0.0391021855175495,-0.0125663168728352,0.204447492957115,2.29232740402222,14.63037109375,0.581304609775543,0.0204857103526592,0.127199739217758,0.00248362310230732,0.991662442684174
432.802337646484,0.0384002216160297,-0.0123151522129774,0.203290849924088,2.19855308532715,14.897234916687,0.6270911693573,0.0197319332510233,0.129507124423981,0.00293817301280797,0.991377830505371
433.349822998047,0.0382915548980236,-0.0120750069618225,0.20279586315155,1.98599851131439,14.6934604644775,0.690482437610626,0.0179580468684435,0.127748444676399,0.00375915598124266,0.991636872291565
433.91259765625,0.0381021983921528,-0.0115655725821853,0.201331734657288,1.89734315872192,14.3726472854614,0.813952326774597,0.0173146482557058,0.124959424138069,0.0049751210026443,0.991998255252838
434.455352783203,0.0320669822394848,-0.0115247182548046,0.196518391370773,1.87724256515503,14.4061241149902,1.22540175914764,0.0175917185842991,0.12518846988678,0.0085537564009428,0.991940140724182
435.006378173828,0.0266711562871933,-0.0102418716996908,0.188116371631622,1.25099098682404,14.5967054367065,1.67879641056061,0.0126880658790469,0.126856252551079,0.0131435105577111,0.991752862930298
435.554077148438,0.0248763244599104,-0.00994758307933807,0.186909288167953,1.21594130992889,14.7262382507324,1.98527026176453,0.0127418683841825,0.127948492765427,0.0158204063773155,0.991572856903076
436.101806640625,0.026887409389019,-0.00983096659183502,0.191572308540344,1.11416471004486,15.334080696106,1.90392804145813,0.0118510061874986,0.133231282234192,0.0151678416877985,0.990898072719574
436.653015136719,0.0307418946176767,-0.00954937003552914,0.195739343762398,1.24082505702972,15.6599950790405,1.7346305847168,0.01278789434582,0.136048287153244,0.0135199436917901,0.990527451038361
437.186279296875,0.0343856997787952,-0.0100360885262489,0.19613790512085,1.30259764194489,16.2677383422852,1.53132784366608,0.0131422635167837,0.141314283013344,0.0116195334121585,0.989809334278107
437.739105224609,0.0375077091157436,-0.0104602370411158,0.199530005455017,1.56288301944733,16.2857398986816,1.3811491727829,0.015206802636385,0.141455754637718,0.00999826937913895,0.989777266979218
438.279602050781,0.0393429473042488,-0.0102505795657635,0.200394600629807,1.50978219509125,16.2690868377686,1.37158215045929,0.0147349070757627,0.141319572925568,0.00998347438871861,0.989804029464722
438.822723388672,0.038784209638834,-0.0105646979063749,0.200644627213478,1.52381610870361,15.8053598403931,1.28269469738007,0.0147091532126069,0.137322664260864,0.00925794802606106,0.990373849868774
439.372741699219,0.036629930138588,-0.0101229613646865,0.197612956166267,1.18601262569427,15.620285987854,1.43674182891846,0.0119565716013312,0.135744452476501,0.0110143199563026,0.990610539913177
439.921691894531,0.0339615866541862,-0.0100428517907858,0.194095253944397,1.22516810894012,15.4575090408325,1.66705965995789,0.0125494245439768,0.134307458996773,0.0129766874015331,0.990775287151337
440.455596923828,0.0311280824244022,-0.00992989726364613,0.196248352527618,1.28821563720703,15.2397775650024,1.89104330539703,0.0133287776261568,0.132390156388283,0.014864532276988,0.990996599197388
440.999481201172,0.0314985886216164,-0.0101855443790555,0.200119689106941,1.41779696941376,15.4099197387695,1.95285844802856,0.0145433684810996,0.133833289146423,0.0152273960411549,0.990780115127563
441.54541015625,0.0345454402267933,-0.0105611374601722,0.204232662916183,1.53726840019226,15.5667819976807,1.83549869060516,0.015458470210433,0.135185927152634,0.0140515621751547,0.990600049495697
442.098541259766,0.0371547192335129,-0.0100933974608779,0.202732071280479,1.40129899978638,16.0253849029541,1.7760808467865,0.0142677258700132,0.139177620410919,0.0136418184265494,0.990070700645447
442.644012451172,0.039917841553688,-0.0104092294350266,0.197490066289902,1.60247015953064,16.56640625,1.70142185688019,0.0159750953316689,0.143830701708794,0.0126764783635736,0.989392161369324
443.183227539063,0.0471604838967323,-0.0126245794817805,0.191435173153877,2.44727230072021,15.6557912826538,359.767761230469,0.0208798479288816,0.136209458112717,-0.0049158688634634,0.990447819232941
443.724029541016,0.0549096055328846,-0.0132162431254983,0.18269170820713,2.22880554199219,16.8726673126221,357.485626220703,0.0160154365003109,0.147069379687309,-0.0245514344424009,0.988691747188568
444.245391845703,0.0535676293075085,-0.0131853027269244,0.18332439661026,2.38929486274719,16.7832679748535,357.767578125,0.0177795719355345,0.146280959248543,-0.0223097037523985,0.988831698894501
444.782012939453,0.0552469901740551,-0.0132000492885709,0.184678941965103,2.30131864547729,16.8417263031006,357.870239257813,0.0171404611319304,0.146757632493973,-0.0213209148496389,0.988794147968292
445.307434082031,0.0566788651049137,-0.0146070681512356,0.195196762681007,2.90725922584534,16.8550109863281,358.296783447266,0.0229136329144239,0.1468675583601,-0.0184151381254196,0.988719284534454
445.853118896484,0.0596562810242176,-0.0157203134149313,0.205547586083412,3.51443719863892,16.9078426361084,358.324340820313,0.0281793475151062,0.147372648119926,-0.018964184448123,0.988497674465179
446.427398681641,0.0603853687644005,-0.015553598292172,0.210679426789284,3.74251174926758,16.9161376953125,358.586090087891,0.0304823368787766,0.147394478321075,-0.0170001741498709,0.988461792469025
446.955200195313,0.060397706925869,-0.0143701219931245,0.202155083417892,3.05491733551025,17.2304286956787,358.187255859375,0.0239832401275635,0.150142833590508,-0.0196268707513809,0.988178491592407
447.500244140625,0.0607567615807056,-0.0142071507871151,0.197165131568909,2.79167628288269,17.0468139648438,358.117248535156,0.0216529220342636,0.148545250296593,-0.0198531337082386,0.988469183444977
448.0068359375,0.0632423236966133,-0.0144413691014051,0.197561383247375,2.9703631401062,17.3472957611084,358.006439208984,0.0229955092072487,0.151178419589996,-0.0210996828973293,0.988013684749603
448.529418945313,0.0599562525749207,-0.0146009875461459,0.198203861713409,3.08664608001709,17.0634155273438,358.397766113281,0.0245586447417736,0.148660823702812,-0.0178171992301941,0.988422691822052
449.0556640625,0.0572915077209473,-0.0147616732865572,0.200322136282921,3.02542304992676,16.947868347168,358.463439941406,0.0241329912096262,0.147644951939583,-0.0171473380178213,0.988597273826599
449.555725097656,0.0626091286540031,-0.0166657995432615,0.206263676285744,3.99741911888123,18.10227394104,357.755065917969,0.0313562452793121,0.157864764332771,-0.0248193796724081,0.98665064573288
450.077911376953,0.0644449666142464,-0.0160591807216406,0.204317271709442,3.84712672233582,18.3413829803467,357.715484619141,0.0299552418291569,0.159915342926979,-0.0250174347311258,0.986358940601349
450.587951660156,0.0656017363071442,-0.0163259468972683,0.202217504382133,3.84863495826721,18.5812339782715,357.533416748047,0.0296583641320467,0.162027060985565,-0.0266489908099174,0.985980451107025
451.110717773438,0.0651009157299995,-0.0159111209213734,0.204321980476379,3.79143595695496,18.4342555999756,357.841400146484,0.0296320933848619,0.160675287246704,-0.0238806921988726,0.986273348331451
451.626739501953,0.062855064868927,-0.0157562419772148,0.201695024967194,3.64473962783813,18.3920650482178,357.811309814453,0.0283358581364155,0.160302430391312,-0.0239250175654888,0.986371040344238
452.152557373047,0.0602282620966434,-0.0150417760014534,0.197819143533707,3.37361407279968,18.3283233642578,357.947784423828,0.0262048654258251,0.159689575433731,-0.0223589837551117,0.986566066741943
452.678985595703,0.0574472099542618,-0.0147179355844855,0.19185271859169,3.10595321655273,18.1275024414063,357.939880371094,0.0239276029169559,0.157931163907051,-0.0220145136117935,0.986914694309235
453.210723876953,0.0569304674863815,-0.0145354522392154,0.191745638847351,2.84938049316406,18.1156349182129,357.861511230469,0.021611800417304,0.157813176512718,-0.0223357547074556,0.986979782581329
453.728118896484,0.0615272484719753,-0.0161953400820494,0.198985993862152,3.51188230514526,18.7350559234619,357.559814453125,0.026762492954731,0.163297235965729,-0.0259856656193733,0.985871493816376
454.243011474609,0.0651318579912186,-0.0167645048350096,0.203073978424072,3.75984811782837,18.7340393066406,357.617370605469,0.0289784781634808,0.16330823302269,-0.0258408337831497,0.985810816287994
454.778778076172,0.0681351646780968,-0.0171489845961332,0.205590546131134,4.02702760696411,19.0246505737305,357.408294677734,0.0309082008898258,0.165899142622948,-0.0280952174216509,0.985257744789124
455.301635742188,0.0618082173168659,-0.0168115049600601,0.208154410123825,4.03060626983643,19.1370487213135,358.064819335938,0.0318669192492962,0.166686147451401,-0.0224862992763519,0.985238373279572
455.885467529297,0.0319652929902077,-0.0143218468874693,0.233343034982681,3.27933239936829,22.3679122924805,355.894653320313,0.0211078245192766,0.194761276245117,-0.0406699441373348,0.979779899120331
456.415161132813,-0.0266657527536154,-0.0238328985869884,0.255991101264954,4.37913608551025,25.3287162780762,353.615386962891,0.0250185765326023,0.220815137028694,-0.0626560971140862,0.972979485988617
456.952392578125,-0.0106550715863705,-0.015086299739778,0.246221780776978,3.21778535842896,22.206018447876,355.616668701172,0.0201695021241903,0.193410396575928,-0.0429148636758327,0.979971408843994
457.459564208984,0.071836493909359,-0.0140917897224426,0.219882145524025,2.85643720626831,21.8023796081543,356.323913574219,0.0183982588350773,0.18974481523037,-0.0361971445381641,0.980993449687958
457.988800048828,0.131046175956726,-0.0196382366120815,0.209566444158554,3.34590649604797,24.5615139007568,354.496368408203,0.0182860139757395,0.213735952973366,-0.0530937127768993,0.975276231765747
458.494140625,0.143699020147324,-0.0223454721271992,0.214039102196693,4.0847806930542,23.124927520752,354.5390625,0.0253337565809488,0.201744690537453,-0.0537765920162201,0.977632522583008
459.0498046875,0.142282411456108,-0.0200190953910351,0.205894723534584,2.9772367477417,22.3292655944824,354.145324707031,0.0155682768672705,0.194612458348274,-0.0551097020506859,0.979207098484039
459.581909179688,0.140095621347427,-0.0192621164023876,0.20270499587059,2.74108934402466,21.9668560028076,353.993194580078,0.0134680941700935,0.191439181566238,-0.0559716001152992,0.97981470823288
460.099334716797,0.140917763113976,-0.0185952559113503,0.203818812966347,2.46478915214539,22.006010055542,353.98974609375,0.0110796820372343,0.191660761833191,-0.0555489733815193,0.97982531785965
460.689178466797,0.142544791102409,-0.0182685367763042,0.20334792137146,2.40298867225647,22.3753471374512,353.841522216797,0.0101202884688973,0.194805517792702,-0.0567470416426659,0.979146659374237
461.229736328125,0.141058623790741,-0.0174599383026361,0.20126861333847,2.15713882446289,22.5406513214111,353.916107177734,0.00806499272584915,0.196107923984528,-0.0557080656290054,0.978965401649475
461.743347167969,0.138654246926308,-0.0170562714338303,0.200536206364632,1.96817493438721,22.684871673584,354.172271728516,0.00682123703882098,0.19724515080452,-0.0532077923417091,0.978885471820831
462.246765136719,0.137663289904594,-0.0173673443496227,0.200152039527893,1.9482250213623,22.2535018920898,354.241455078125,0.00696773128584027,0.193546548485756,-0.0525568798184395,0.979657590389252
462.778839111328,0.137136861681938,-0.0170117169618607,0.199319675564766,1.93375527858734,22.0459785461426,354.290771484375,0.00702160596847534,0.191763252019882,-0.0520985834300518,0.980032324790955
463.362182617188,0.13543613255024,-0.016592662781477,0.197346851229668,1.91113758087158,22.2756290435791,354.288299560547,0.00671959621831775,0.193718090653419,-0.0520956851541996,0.979650020599365
463.928192138672,0.135660752654076,-0.0171969942748547,0.197459682822227,2.07432436943054,22.3978271484375,354.322479248047,0.00811738148331642,0.194825038313866,-0.0520857572555542,0.979420483112335
464.435638427734,0.137922570109367,-0.0174627061933279,0.197205424308777,2.04136824607849,22.4269351959229,354.222900390625,0.00765291787683964,0.195067569613457,-0.052883081138134,0.979333162307739
464.941802978516,0.139106750488281,-0.0177251044660807,0.198425143957138,2.23375940322876,22.2650985717773,354.342163085938,0.00957447476685047,0.193751379847527,-0.0521750375628471,0.97961550951004
465.460601806641,0.140707075595856,-0.0176195651292801,0.196308985352516,2.17217445373535,22.4852180480957,354.005920410156,0.00837377086281776,0.195634186267853,-0.0549622774124146,0.979099750518799
465.985534667969,0.139898285269737,-0.0171723831444979,0.192904695868492,1.92871415615082,22.4086608886719,354.075073242188,0.00644677178934216,0.194874584674835,-0.0539555475115776,0.979321777820587
466.491149902344,0.13869833946228,-0.0169766992330551,0.191534355282784,1.89097356796265,22.4978713989258,353.997436523438,0.00594965554773808,0.195625379681587,-0.0545599237084389,0.979141771793365
467.018768310547,0.138865321874619,-0.0172004867345095,0.1908128708601,1.91923022270203,22.4926242828369,354.099487304688,0.00636786781251431,0.195586830377579,-0.053735438734293,0.979192435741425
467.591583251953,0.138183265924454,-0.0171765740960836,0.192824140191078,2.00254964828491,22.1935787200928,354.476470947266,0.00785577483475208,0.193040311336517,-0.0506344363093376,0.979851961135864
468.108428955078,0.136563703417778,-0.0175183955579996,0.196868270635605,2.27519679069519,22.1707363128662,354.783569335938,0.0107150981202722,0.192920938134193,-0.0484616793692112,0.979958295822144
468.614044189453,0.13435722887516,-0.0171902701258659,0.19540823996067,2.12455439567566,22.1904830932617,354.989349365234,0.00976472534239292,0.193018734455109,-0.0464519932866096,0.980046272277832
469.121368408203,0.133631631731987,-0.016998503357172,0.193967625498772,1.94790399074554,22.3727874755859,354.915832519531,0.00805518683046103,0.194522067904472,-0.0467985011637211,0.979748010635376
469.640563964844,0.132405608892441,-0.0167416967451572,0.194292023777962,1.95677149295807,22.4012184143066,355.105834960938,0.00844232551753521,0.194754526019096,-0.0451910495758057,0.979774057865143
470.160980224609,0.132274702191353,-0.016320800408721,0.19216001033783,1.80313301086426,22.4257106781006,354.891906738281,0.0067548262886703,0.194924995303154,-0.0467622950673103,0.979679465293884
470.677185058594,0.131805658340454,-0.0165450870990753,0.191247552633286,1.93850231170654,22.4180698394775,354.917602539063,0.00795926991850138,0.194905787706375,-0.0467708371579647,0.979673862457275
471.199768066406,0.126889795064926,-0.017010722309351,0.199225917458534,2.88178777694702,21.3461170196533,356.178924560547,0.018524369224906,0.18586690723896,-0.0374062806367874,0.981687903404236
471.710723876953,0.126029908657074,-0.016446802765131,0.191622942686081,2.75058913230896,23.7031478881836,355.617370605469,0.0156217012554407,0.20606592297554,-0.0423361286520958,0.977497041225433
472.227203369141,0.120625048875809,-0.014390074647963,0.186457186937332,2.02836871147156,23.8274955749512,355.977935791016,0.0100647965446115,0.206887245178223,-0.0379823371767998,0.977575421333313
472.735534667969,0.116986759006977,-0.0139425490051508,0.182735025882721,1.8979218006134,23.3651294708252,356.482757568359,0.00999767892062664,0.202863901853561,-0.0334010869264603,0.978586077690125
473.25048828125,0.111438632011414,-0.0121746025979519,0.174664944410324,1.29082036018372,23.2346172332764,356.728118896484,0.00528047606348991,0.201593965291977,-0.0302293561398983,0.978988349437714
473.755157470703,0.0946208164095879,-0.0079496493563056,0.170162037014961,359.83349609375,20.9837436676025,358.054321289063,-0.0045202299952507,0.182045340538025,-0.0164299886673689,0.983142495155334
474.255920410156,0.0758663192391396,-0.00611239997670054,0.175343737006187,359.544952392578,17.2811641693115,359.302795410156,-0.00483985431492329,0.150207787752151,-0.00541842123493552,0.988627791404724
474.764068603516,0.0707585588097572,-0.00563938356935978,0.178692832589149,359.498779296875,17.7416095733643,359.407958984375,-0.00511824805289507,0.154181078076363,-0.00443014362826943,0.988019406795502
475.275695800781,0.0722533687949181,-0.00641216477379203,0.186705484986305,0.00425674207508564,17.856388092041,359.519775390625,-0.00061368168098852,0.155195295810699,-0.00414566602557898,0.987874925136566
475.789794921875,0.0773302018642426,-0.00735644204542041,0.192889496684074,0.545629322528839,19.5358448028564,359.480316162109,0.00392300263047218,0.169675394892693,-0.00527718802914023,0.985478103160858
476.371978759766,0.0762874484062195,-0.00727768521755934,0.194810047745705,0.651538729667664,19.7670822143555,359.493469238281,0.00484257796779275,0.171666413545609,-0.00533046713098884,0.985128879547119
476.874389648438,0.0780424475669861,-0.00740631297230721,0.192596927285194,0.700404345989227,20.2562789916992,359.408264160156,0.00510876392945647,0.175875648856163,-0.00615812512114644,0.984379887580872
477.377593994141,0.079026460647583,-0.00780769856646657,0.192456379532814,0.821418166160583,19.9840412139893,359.488800048828,0.00628536753356457,0.173536330461502,-0.00563688715919852,0.984791278839111
477.881530761719,0.0814847722649574,-0.00799592491239309,0.191739365458488,1.01175022125244,20.1713237762451,359.147094726563,0.00738901877775788,0.175173357129097,-0.00887384079396725,0.984469890594482
478.407623291016,0.0829092636704445,-0.00768453162163496,0.189633145928383,0.731512308120728,20.6971569061279,359.166229248047,0.00497261853888631,0.179673627018929,-0.00830403994768858,0.983678698539734
478.942077636719,0.0812008082866669,-0.00832983199506998,0.194034293293953,1.03340148925781,20.2856845855713,359.554840087891,0.00819290429353714,0.176128834486008,-0.00541203329339623,0.984318137168884
479.482818603516,0.0810021981596947,-0.00824088323861361,0.199232459068298,0.786712229251862,20.3097858428955,359.883331298828,0.00657826894894242,0.176312506198883,-0.00221248739399016,0.984309792518616
480.008941650391,0.0801411643624306,-0.00869461707770824,0.204042732715607,0.8988978266716,19.8140983581543,359.855560302734,0.00751044927164912,0.172054603695869,-0.00259122834540904,0.985055387020111
480.547607421875,0.0780065581202507,-0.00732308346778154,0.204721331596375,0.42070609331131,19.2716522216797,0.106571450829506,0.00377521547488868,0.167380675673485,0.000302355387248099,0.985885083675385
481.086669921875,0.0765749886631966,-0.00683331582695246,0.202622771263123,0.269306212663651,18.815673828125,0.132244944572449,0.00250716879963875,0.163457676768303,0.000754373904783279,0.98654693365097
481.610107421875,0.0743799060583115,-0.00553550012409687,0.199632599949837,359.577362060547,18.5910892486572,0.311454266309738,-0.00320075545459986,0.161535263061523,0.00327798328362405,0.986856281757355
482.133636474609,0.0783986821770668,-0.00608169659972191,0.203495055437088,358.915710449219,18.1636066436768,357.999725341797,-0.0120971500873566,0.157650262117386,-0.0157417841255665,0.98729544878006
482.647827148438,0.0937041640281677,-0.0088193966075778,0.207006126642227,359.914123535156,19.622875213623,354.795288085938,-0.00847483612596989,0.170196905732155,-0.0446123033761978,0.984363257884979
483.174743652344,0.0954713225364685,-0.00967352464795113,0.203417271375656,0.415558993816376,20.1263103485107,354.640289306641,-0.00460290582850575,0.174708291888237,-0.0466685071587563,0.983502864837646
483.696014404297,0.0987269878387451,-0.00921360496431589,0.201413050293922,0.102795466780663,20.1927108764648,354.551391601563,-0.00745003670454025,0.175147876143456,-0.046951062977314,0.983393788337708
484.222229003906,0.101041361689568,-0.0096813989803195,0.204292088747025,0.191804930567741,20.2610244750977,354.581817626953,-0.0066675953567028,0.175772026181221,-0.046822115778923,0.983294188976288
484.734954833984,0.101545415818691,-0.0092417448759079,0.202826753258705,0.17881016433239,20.8285789489746,354.789306640625,-0.00668371981009841,0.180647119879723,-0.0449890196323395,0.982495784759521
485.268310546875,0.102258518338203,-0.00912968255579472,0.202474892139435,0.0608423799276352,21.0074939727783,354.778015136719,-0.00778306880965829,0.182134330272675,-0.0448878481984138,0.982217729091644
485.793395996094,0.101195693016052,-0.00942464917898178,0.205778658390045,0.242278411984444,20.7974796295166,355.186340332031,-0.00550223328173161,0.180425196886063,-0.041686300188303,0.982689559459686
486.307189941406,0.0994590520858765,-0.0090677235275507,0.204281717538834,0.0134101696312428,20.5117168426514,355.390075683594,-0.00704555446282029,0.177904739975929,-0.0395964421331882,0.983225524425507
486.842559814453,0.0864874273538589,-0.00576457800343633,0.21228501200676,358.878326416016,16.378324508667,356.719512939453,-0.0137616023421288,0.14209920167923,-0.0269368477165699,0.989390134811401
487.358337402344,0.0746171325445175,-0.00488205486908555,0.209010228514671,358.660430908203,15.4793567657471,358.476135253906,-0.0133729465305805,0.134497284889221,-0.0116015486419201,0.990755796432495
487.883026123047,0.0715535953640938,-0.00414435612037778,0.204740017652512,358.545135498047,15.6616802215576,358.824523925781,-0.013974180445075,0.136101678013802,-0.00843151938170195,0.990560472011566
488.406127929688,0.0744433850049973,-0.00498105259612203,0.203236699104309,358.629272460938,15.985499382019,358.519409179688,-0.013640858232975,0.138873189687729,-0.0111305732280016,0.990153670310974
488.945526123047,0.0836397930979729,-0.00677697081118822,0.203823834657669,359.246551513672,16.9456005096436,356.903350830078,-0.010481920093298,0.147107183933258,-0.0257562287151814,0.988729655742645
489.45556640625,0.0863887742161751,-0.00722265103831887,0.207204297184944,359.649780273438,17.6147441864014,356.904266357422,-0.00715503981336951,0.152974814176559,-0.0262257624417543,0.987856149673462
489.973358154297,0.0867151618003845,-0.00690573127940297,0.205953419208527,359.343658447266,17.3873710632324,357.10986328125,-0.00947166513651609,0.150958552956581,-0.0240629594773054,0.988201797008514
490.478302001953,0.0869645401835442,-0.00640301499515772,0.203033447265625,359.159027099609,17.5002670288086,357.126892089844,-0.0110647389665246,0.151891931891441,-0.0236613918095827,0.988051891326904
491.008544921875,0.0859468504786491,-0.00577732222154737,0.199241101741791,358.790863037109,17.5439891815186,356.929748535156,-0.0145095689222217,0.152160212397575,-0.0248662866652012,0.987936437129974
491.539215087891,0.0843903422355652,-0.00528259482234716,0.195661589503288,358.462677001953,17.4537506103516,357.043090820313,-0.0171698406338692,0.151318192481995,-0.023465221747756,0.988057374954224
492.048767089844,0.086128443479538,-0.00577899953350425,0.197344079613686,358.690734863281,17.6485271453857,356.846557617188,-0.0155064398422837,0.153025567531586,-0.0254359859973192,0.98777312040329
492.569030761719,0.0878163725137711,-0.00608522305265069,0.200864553451538,358.922424316406,17.9949970245361,356.915435791016,-0.0134933600202203,0.156077817082405,-0.02511234767735,0.987333297729492
493.150421142578,0.090060792863369,-0.00586308492347598,0.193507999181747,358.682342529297,18.4872455596924,356.259338378906,-0.016585336998105,0.16016611456871,-0.0303655602037907,0.986483514308929
493.650939941406,0.0917385518550873,-0.00566817820072174,0.187877386808395,358.551910400391,19.1020126342773,355.955444335938,-0.0183084663003683,0.165369227528572,-0.0327005796134472,0.985519409179688
494.203704833984,0.0924681350588799,-0.00605500722303987,0.186400160193443,358.787506103516,18.8378677368164,355.872650146484,-0.0163241513073444,0.163160800933838,-0.0337921194732189,0.985885500907898
494.724426269531,0.0895654782652855,-0.00625570304691792,0.189899623394012,358.967132568359,18.6834144592285,356.379486083984,-0.0140169560909271,0.16195359826088,-0.0297070350497961,0.986251533031464
495.248260498047,0.0882033407688141,-0.00631402991712093,0.191238135099411,359.057434082031,18.5247459411621,356.454315185547,-0.0130935236811638,0.16062206029892,-0.0292092449963093,0.986496806144714
495.796203613281,0.0860415175557137,-0.00637686625123024,0.19013300538063,359.095916748047,18.7323760986328,356.684539794922,-0.0124888904392719,0.162445366382599,-0.0272587835788727,0.986261904239655
496.328277587891,0.0860248282551765,-0.0068075880408287,0.187065795063972,359.261322021484,18.3482570648193,356.557525634766,-0.0111496532335877,0.159169048070908,-0.0286245830357075,0.986773312091827
496.863006591797,0.0876661986112595,-0.0066499263048172,0.187434300780296,359.205383300781,18.8713645935059,356.486663818359,-0.0118627259507775,0.163649648427963,-0.0291030164808035,0.986017823219299
497.390106201172,0.0888472124934196,-0.00717969471588731,0.187984943389893,359.396728515625,18.7213821411133,356.417449951172,-0.010276067070663,0.162404954433441,-0.0299861412495375,0.986214935779572
497.975738525391,0.0894406512379646,-0.00688977120444179,0.189644321799278,359.285369873047,19.0714645385742,356.405456542969,-0.0113426707684994,0.165385067462921,-0.0298964772373438,0.985710561275482
498.517303466797,0.0900630578398705,-0.007851243019104,0.192309632897377,359.711181640625,19.1507873535156,356.436279296875,-0.00765649182721972,0.166187033057213,-0.030242033302784,0.985600650310516
499.048065185547,0.0899324268102646,-0.00813466683030128,0.195202946662903,359.798797607422,19.1294898986816,356.633483886719,-0.00661156745627522,0.166039198637009,-0.0286741387099028,0.985680043697357
499.58642578125,0.0893565490841866,-0.00814997777342796,0.195865049958229,359.845275878906,18.8828754425049,356.799530029297,-0.00591230066493154,0.163938120007515,-0.0273259561508894,0.986074388027191
500.129547119141,0.0891968309879303,-0.00790088996291161,0.194247633218765,359.682769775391,19.0139064788818,356.735137939453,-0.00743446126580238,0.16502183675766,-0.0276390369981527,0.985874533653259
500.654113769531,0.0891997590661049,-0.00765426130965352,0.191843688488007,359.575378417969,19.0423583984375,356.627624511719,-0.00852005928754807,0.165231868624687,-0.0284069664776325,0.985808730125427
501.224151611328,0.0880896598100662,-0.00708633754402399,0.188813909888268,359.402984619141,18.6659698486328,356.564819335938,-0.0099992398172617,0.161942780017853,-0.0287313275039196,0.986331105232239
501.734985351563,0.0899205356836319,-0.00793590303510427,0.193406626582146,359.681121826172,19.1284694671631,356.612091064453,-0.00765458447858691,0.165998861193657,-0.0286876559257507,0.985678851604462
502.255523681641,0.0894772410392761,-0.00816699024289846,0.195207834243774,359.783477783203,19.1559085845947,356.752593994141,-0.00657714251428843,0.166269451379776,-0.0276258215308189,0.98567134141922
502.774749755859,0.089529886841774,-0.00842904392629862,0.196738630533218,359.893096923828,19.2251033782959,356.679382324219,-0.00575758330523968,0.166887909173965,-0.0284111462533474,0.985549688339233
503.291870117188,0.0895943269133568,-0.00825907289981842,0.195871815085411,359.758331298828,19.2598133087158,356.560272216797,-0.00709885125979781,0.167145267128944,-0.0292372051626444,0.985473155975342
503.807464599609,0.0900553613901138,-0.0089301997795701,0.195140644907951,0.0603367835283279,19.6353130340576,356.538970947266,-0.00463066017255187,0.170451030135155,-0.0298460461199284,0.984903156757355
504.358764648438,0.0890343934297562,-0.00856916885823011,0.193475842475891,359.974395751953,19.2806434631348,356.765319824219,-0.00494662579149008,0.167389661073685,-0.0277880989015102,0.985486686229706
504.938232421875,0.0877054929733276,-0.00795781519263983,0.191609308123589,359.641754150391,19.1504192352295,356.714263916016,-0.00785036198794842,0.166184544563293,-0.0277501344680786,0.985672891139984
505.474395751953,0.0872128680348396,-0.00847945921123028,0.195011183619499,359.853271484375,19.2373332977295,356.859375,-0.00584080861881375,0.166992485523224,-0.0268044229596853,0.985576450824738
506.002563476563,0.0890662223100662,-0.00892148166894913,0.19739742577076,0.0495587401092052,19.5880584716797,356.711975097656,-0.0044542751275003,0.170048996806145,-0.028344901278615,0.985017836093903
506.509155273438,0.0888350307941437,-0.00950456503778696,0.198329851031303,0.387572318315506,19.2148475646973,357.035766601563,-0.000983089674264193,0.166925966739655,-0.0260662734508514,0.985624372959137
507.07763671875,0.0888999104499817,-0.00848967209458351,0.192136213183403,359.785064697266,19.2192096710205,356.75927734375,-0.00656889565289021,0.16681469976902,-0.0275670401751995,0.985580921173096
507.600067138672,0.0877331122756004,-0.00839368533343077,0.189023196697235,359.708282470703,19.2595977783203,356.649658203125,-0.00739902025088668,0.167136117815971,-0.0283955205231905,0.985497117042542
508.109710693359,0.0883305594325066,-0.0084310220554471,0.187222599983215,359.633850097656,19.1626243591309,356.617156982422,-0.00806233007460833,0.166280776262283,-0.0285731367766857,0.98563140630722
508.616058349609,0.0884041413664818,-0.00869918987154961,0.188841834664345,359.827667236328,19.321849822998,356.70556640625,-0.0063058459199965,0.167704969644547,-0.0280855409801006,0.985416948795319
509.118347167969,0.0874495729804039,-0.00898395013064146,0.189592689275742,359.902008056641,19.0744190216064,356.934295654297,-0.00527509255334735,0.165606170892715,-0.0262386947870255,0.985828757286072
509.622131347656,0.086601547896862,-0.0081870099529624,0.188196897506714,359.694091796875,19.1256999969482,356.82958984375,-0.0072270454838872,0.16599240899086,-0.026835810393095,0.985735356807709
510.193054199219,0.0882604047656059,-0.00863392930477858,0.19095952808857,359.909057617188,19.4354801177979,356.883361816406,-0.00537212146446109,0.168710812926292,-0.0266704391688108,0.985290110111237
510.704742431641,0.0871091037988663,-0.00834577437490225,0.190322756767273,359.7705078125,19.2690162658691,356.991851806641,-0.00636658864095807,0.167252749204636,-0.0255427472293377,0.985562562942505
511.256378173828,0.0868942439556122,-0.00830709934234619,0.190525412559509,359.769836425781,19.3824787139893,356.898834228516,-0.00653432635590434,0.168223112821579,-0.0263351630419493,0.985375463962555
511.788543701172,0.0827105939388275,-0.00913479179143906,0.197021141648293,0.386539071798325,21.0574131011963,358.720520019531,0.00127597141545266,0.182752758264542,-0.0115936398506165,0.983089745044708
512.367492675781,0.0862725228071213,-0.00988737121224403,0.201863333582878,0.749271035194397,21.0757312774658,358.706146240234,0.00436299666762352,0.182942301034927,-0.0122959511354566,0.983037054538727
512.884155273438,0.0903117135167122,-0.00956744886934757,0.20487967133522,0.468549281358719,21.3484630584717,358.575317382813,0.00171500130090863,0.185258775949478,-0.0129745732992887,0.982602655887604
513.418029785156,0.0931534692645073,-0.0103182438760996,0.20730596780777,0.90118008852005,22.0932598114014,358.408905029297,0.0050574759952724,0.191690593957901,-0.0151333715766668,0.981325685977936
513.93359375,0.0948191955685616,-0.0107013853266835,0.204491972923279,0.95767205953598,22.3365154266357,358.118713378906,0.00501815788447857,0.19379261136055,-0.0177236758172512,0.980869591236115
514.454711914063,0.0944479629397392,-0.0106119327247143,0.202215924859047,1.09120798110962,22.8654632568359,358.301879882813,0.00639537582173944,0.198324874043465,-0.0164108611643314,0.979978084564209
514.967407226563,0.0948875695466995,-0.010972105897963,0.204688519239426,1.42877757549286,23.0347709655762,358.373107910156,0.00938145630061626,0.199803069233894,-0.0163989681750536,0.97965395450592
515.481506347656,0.0941702499985695,-0.0105212656781077,0.203916400671005,1.21110475063324,23.3726367950439,358.497497558594,0.00769312866032124,0.202660411596298,-0.0149793438613415,0.979104280471802
516.005126953125,0.0940439477562904,-0.00984000321477652,0.199955880641937,0.972104012966156,23.5263175964355,358.355285644531,0.0053782188333571,0.203957453370094,-0.0157797448337078,0.978837847709656
516.508178710938,0.0961788147687912,-0.00978315435349941,0.196051552891731,0.928907334804535,23.8662662506104,358.262329101563,0.00479480996727943,0.206859692931175,-0.0165112540125847,0.978219509124756
517.04248046875,0.0974862724542618,-0.0102612292394042,0.1965242177248,0.97962898015976,23.8156242370605,358.149383544922,0.0050317132845521,0.20643824338913,-0.0175645239651203,0.978289067745209
517.5576171875,0.0953764244914055,-0.00990162044763565,0.202111214399338,0.893023312091827,23.337308883667,358.563842773438,0.00509670237079263,0.202325165271759,-0.0138492649421096,0.979207217693329
518.091430664063,0.0962501019239426,-0.0107353217899799,0.209521606564522,1.33602011203766,23.5777816772461,358.533294677734,0.00879712775349617,0.20442171394825,-0.014909902587533,0.978729844093323
518.611206054688,0.0956921726465225,-0.011539701372385,0.217233210802078,1.56649672985077,22.5418872833252,358.535491943359,0.0109075447544456,0.195585936307907,-0.0152036678045988,0.980508089065552
519.127075195313,0.09404506534338,-0.0124255241826177,0.222199305891991,1.85004425048828,21.0919437408447,357.933990478516,0.0125694815069437,0.183256939053535,-0.0206758994609118,0.982767224311829
519.651611328125,0.0954344645142555,-0.0134945083409548,0.225777551531792,2.30546140670776,22.2660331726074,357.766387939453,0.015972588211298,0.193396374583244,-0.0230038780719042,0.980720937252045
520.178161621094,0.0970779210329056,-0.0134164458140731,0.223630130290985,2.3588240146637,22.2189445495605,357.813720703125,0.0165185779333115,0.192993640899658,-0.0226816199719906,0.980798721313477
520.71240234375,0.0984378084540367,-0.0131939304992557,0.218231558799744,2.25033831596375,22.585636138916,357.582946777344,0.0151228178292513,0.196148052811623,-0.0245233904570341,0.980150938034058
521.248168945313,0.0989821553230286,-0.0130341053009033,0.221795365214348,2.04035258293152,22.5175189971924,357.753479003906,0.0136317685246468,0.195514097809792,-0.0226983893662691,0.980343401432037
521.821350097656,0.0995913371443748,-0.0125661781057715,0.221917271614075,2.05968713760376,22.3602390289307,357.916625976563,0.0141047919169068,0.194151148200035,-0.0213163159787655,0.980638563632965
522.351379394531,0.0988514795899391,-0.0121236629784107,0.214606821537018,1.58158349990845,22.9631080627441,358.001434326172,0.0100521082058549,0.199239104986191,-0.0198361203074455,0.979698598384857
522.895202636719,0.101125605404377,-0.0125725483521819,0.214067012071609,1.78081786632538,23.0876064300537,357.700897216797,0.0112082725390792,0.20035807788372,-0.0227629859000444,0.979394137859344
523.411193847656,0.101015843451023,-0.011642194353044,0.209585577249527,1.33587205410004,22.9568538665771,357.490478515625,0.00706415297463536,0.199187889695168,-0.0237777940928936,0.97964733839035
523.947570800781,0.100500091910362,-0.0112971188500524,0.20721746981144,1.35747134685516,22.1771221160889,357.140686035156,0.00682298187166452,0.192542731761932,-0.0267597828060389,0.980899930000305
524.458190917969,0.117988049983978,-0.0197294186800718,0.215722978115082,6.25746870040894,17.4905643463135,359.49853515625,0.0532801486551762,0.152049988508224,-0.0126171866431832,0.986855030059814
525.001770019531,0.183711305260658,-0.0246032513678074,0.205136671662331,6.20104265213013,15.2124948501587,357.340545654297,0.0505304001271725,0.133379220962524,-0.030125480145216,0.98931747674942
525.509643554688,0.163522660732269,-0.0187007170170546,0.194874480366707,3.68738698959351,19.3314037322998,356.356964111328,0.026366114616394,0.168735712766647,-0.0367177501320839,0.984624266624451
526.038635253906,0.0425287708640099,-0.0120484605431557,0.198197200894356,0.764103889465332,30.1617565155029,357.476501464844,0.000707728962879628,0.260255187749863,-0.0229955855756998,0.96526575088501
526.558471679688,-0.0177347529679537,-0.0176858399063349,0.215480908751488,3.68616652488708,22.8657398223877,357.115173339844,0.0265271086245775,0.198847874999046,-0.0310331434011459,0.979179620742798
527.085021972656,0.0435274839401245,-0.0199591051787138,0.191660061478615,5.62812995910645,21.961217880249,356.189514160156,0.0418443791568279,0.191744267940521,-0.0419449172914028,0.979654967784882
527.616577148438,0.0806421488523483,-0.0208102446049452,0.183063358068466,5.1363673210144,21.6545753479004,353.950439453125,0.0340468026697636,0.189721331000328,-0.0601819567382336,0.979400217533112
528.161010742188,0.0809207186102867,-0.0209609922021627,0.187642693519592,5.12125539779663,21.9162788391113,353.976928710938,0.033824447542429,0.191944062709808,-0.0600084103643894,0.978985369205475
528.691589355469,0.0763492211699486,-0.0206582956016064,0.192578077316284,5.14068031311035,21.9617385864258,354.514678955078,0.0348689332604408,0.192178219556808,-0.0554593838751316,0.979171097278595
529.215698242188,0.076266311109066,-0.0208401642739773,0.194612741470337,5.17303133010864,22.2619304656982,354.574371337891,0.0351015143096447,0.194735184311867,-0.0550944060087204,0.978678107261658
529.748291015625,0.0768452286720276,-0.0207495428621769,0.19296458363533,5.11743259429932,22.2404346466064,354.457122802734,0.0344374999403954,0.194568619132042,-0.055997010320425,0.978683531284332
530.283508300781,0.0755400732159615,-0.0196134448051453,0.189051821827888,4.52497005462646,21.9483013153076,354.559814453125,0.0296848397701979,0.191842600703239,-0.0540593825280666,0.979485988616943
530.856872558594,0.0739197358489037,-0.0193478986620903,0.190210178494453,4.4287314414978,21.6271667480469,354.898529052734,0.0295713040977716,0.188977345824242,-0.050922941416502,0.980214238166809
531.391296386719,0.0731681808829308,-0.017994225025177,0.190129011869431,3.70754933357239,22.2306499481201,355.305603027344,0.0238240249454975,0.193821862339973,-0.0463967435061932,0.979649364948273
531.9189453125,0.0682400539517403,-0.0171906445175409,0.194659009575844,3.4624924659729,20.1129779815674,356.885223388672,0.0249925423413515,0.175283342599869,-0.0320218801498413,0.983679711818695
532.51171875,0.0698485672473907,-0.0188828054815531,0.19190189242363,3.51783514022827,19.381664276123,357.343475341797,0.0263477936387062,0.168908461928368,-0.0280043110251427,0.984881460666656
533.041687011719,0.0769545361399651,-0.0144112091511488,0.213916659355164,1.15533435344696,27.542028427124,358.405426025391,0.0064791115000844,0.238143235445023,-0.0159139037132263,0.971078038215637
533.565124511719,0.0546185895800591,-0.0175905376672745,0.235488727688789,4.98434448242188,20.9979209899902,2.46494841575623,0.0466606505215168,0.181083604693413,0.0132074505090714,0.982271373271942
534.0888671875,0.062873862683773,-0.010937413200736,0.227495521306992,1.32564949989319,28.0965442657471,1.67375934123993,0.0147661920636892,0.242533251643181,0.0113602411001921,0.969964206218719
534.616027832031,0.0580271258950233,-0.0639241486787796,0.241910964250565,26.1416492462158,13.0752553939819,1.06523251533508,0.225705951452255,0.108812429010868,-0.0167519096285105,0.967954576015472
535.162658691406,0.0602103397250175,-0.108333460986614,0.25685903429985,39.1190223693848,8.49173831939697,359.207244873047,0.333376318216324,0.0720722526311874,-0.0312866196036339,0.939514219760895
535.7001953125,0.0738948062062263,-0.065047487616539,0.226785033941269,25.0754413604736,21.9739627838135,2.3397650718689,0.216857269406319,0.181651413440704,-0.0217995140701532,0.958905875682831
536.221740722656,0.0791188701987267,-0.00337027898058295,0.197592467069626,355.833740234375,26.8769645690918,356.235046386719,-0.0429644249379635,0.230960890650749,-0.0234859474003315,0.971730172634125
536.738952636719,0.0909500271081924,-0.00959471799433231,0.221608355641365,359.203521728516,21.266040802002,354.733520507813,-0.015301045961678,0.18400464951992,-0.043871346861124,0.981826603412628
537.249755859375,0.0873275250196457,-0.0102204494178295,0.212088093161583,358.877166748047,21.2185249328613,355.332916259766,-0.0171189066022635,0.183556586503983,-0.038216408342123,0.98211681842804
537.800048828125,0.0908046960830688,-0.00634323619306087,0.198248982429504,356.588836669922,25.9002456665039,356.227478027344,-0.0363640002906322,0.222927331924438,-0.0253975577652454,0.973825514316559
538.311462402344,0.0925306007266045,-0.00721294293180108,0.197367131710052,357.048583984375,24.0379753112793,355.667022705078,-0.0330398492515087,0.207065761089325,-0.0316034816205502,0.977258086204529
538.8193359375,0.088425800204277,-0.007669722661376,0.207828596234322,357.642944335938,21.7523326873779,356.576293945313,-0.0258246213197708,0.187959462404251,-0.0254511330276728,0.981507301330566
539.399536132813,0.0848933979868889,-0.00957967527210712,0.210348516702652,359.028656005859,20.8112201690674,357.269500732422,-0.012637946754694,0.180359050631523,-0.0219026710838079,0.983275711536407
539.975891113281,0.0897905081510544,-0.00938152335584164,0.204543754458427,358.609741210938,22.5195541381836,356.473052978516,-0.0179010629653931,0.194784685969353,-0.0278112962841988,0.98028826713562
540.48046875,0.098640039563179,-0.0102847181260586,0.198378995060921,359.003509521484,25.2350559234619,355.442230224609,-0.0171648152172565,0.21792334318161,-0.0369038581848145,0.975116848945618
540.982116699219,0.103138960897923,-0.0103714372962713,0.1943099796772,359.028350830078,25.8123931884766,354.721374511719,-0.0185409802943468,0.222729995846748,-0.0429915077984333,0.973755300045013
541.490600585938,0.108635626733303,-0.0146985407918692,0.208118081092834,1.46848118305206,26.7334175109863,354.586547851563,0.00153709179721773,0.231494516134262,-0.0488999336957932,0.971605241298676
542.059936523438,0.118556693196297,-0.0168146993964911,0.199616193771362,2.13213038444519,32.6120376586914,352.888397216797,0.000412123888963833,0.281286001205444,-0.0647293776273727,0.957438290119171
542.599731445313,0.116526089608669,-0.0169894713908434,0.200264647603035,2.07100176811218,32.960132598877,352.974090576172,-8.26241957838647E-05,0.284164309501648,-0.0638644769787788,0.956646203994751
543.180236816406,0.11431759595871,-0.016853105276823,0.20275491476059,2.05219602584839,32.6285934448242,353.218139648438,0.000544179871212691,0.281385987997055,-0.0617793761193752,0.957603752613068
543.682312011719,0.113151729106903,-0.0168132893741131,0.208845362067223,2.12911939620972,32.2188453674316,353.722564697266,0.00263268197886646,0.27798593044281,-0.0577419921755791,0.958844542503357
544.2001953125,0.112291224300861,-0.017051799222827,0.212585210800171,2.21672534942627,32.2357559204102,353.92431640625,0.003847322659567,0.278157293796539,-0.0562654137611389,0.958878517150879
544.716674804688,0.114160135388374,-0.0176342837512493,0.212872549891472,2.48506212234497,32.6859741210938,353.73388671875,0.00540176033973694,0.282037347555161,-0.058526735752821,0.957601368427277
545.236389160156,0.114237636327744,-0.0173389315605164,0.208273231983185,2.37327408790588,32.5162887573242,353.525299072266,0.00404242984950542,0.280581474304199,-0.0599910467863083,0.957945048809052
545.755126953125,0.112843915820122,-0.0173664428293705,0.19738644361496,2.24392366409302,32.4029006958008,353.4140625,0.00274803070351481,0.279581367969513,-0.060603991150856,0.958203434944153
546.272094726563,0.109896421432495,-0.0163916163146496,0.191925466060638,1.74895858764648,31.6248245239258,353.549621582031,-0.000667419459205121,0.272851586341858,-0.058277428150177,0.960289180278778
546.777526855469,0.0985779166221619,-0.0162835512310266,0.20343579351902,2.40852618217468,26.7615909576416,357.297149658203,0.0149838011711836,0.231788590550423,-0.0278016906231642,0.972253382205963
547.306091308594,0.0843902677297592,-0.0168250389397144,0.212210044264793,2.94563484191895,21.6490783691406,0.235040634870529,0.0256303735077381,0.187687784433365,-0.00281305075623095,0.981890261173248
547.839111328125,0.0697228983044624,-0.0162895657122135,0.224324315786362,3.096266746521,16.9665813446045,1.72648346424103,0.0289398282766342,0.147047802805901,0.0109104812145233,0.988645732402802
548.3779296875,0.0640009120106697,-0.0169104877859354,0.234024807810783,3.34671854972839,14.9645538330078,2.25149583816528,0.031504537910223,0.12957002222538,0.015669284388423,0.990945875644684
548.910949707031,0.0635495781898499,-0.0206775981932878,0.241637676954269,5.41256618499756,15.1438426971436,2.83481931686401,0.0500457920134068,0.130425617098808,0.0182731244713068,0.990025579929352
549.440246582031,0.0615717768669128,-0.020639318972826,0.234258636832237,4.90488386154175,14.9139490127563,2.65654253959656,0.0454224869608879,0.128644421696663,0.0174116529524326,0.99049699306488
549.978210449219,0.0707327425479889,-0.0197904985398054,0.220571056008339,4.48293828964233,15.8945474624634,0.622368633747101,0.0394851788878441,0.137943536043167,-3.25932778650895E-05,0.989652812480927
550.510070800781,0.0707050189375877,-0.0181991066783667,0.214963912963867,3.46209216117859,15.5377855300903,0.926798284053802,0.0310223940759897,0.13486947119236,0.0039265681989491,0.990369856357574
551.046997070313,0.0685814619064331,-0.018082320690155,0.222358122467995,3.6869101524353,15.5434465408325,1.5063191652298,0.0336471721529961,0.134725958108902,0.00866755377501249,0.990273535251617
551.566528320313,0.071407251060009,-0.017754040658474,0.217612370848656,3.5058171749115,16.1473484039307,1.2389327287674,0.0318020209670067,0.140044957399368,0.00640344945713878,0.989613592624664
552.101013183594,0.0770571827888489,-0.0185242462903261,0.215418711304665,3.73106718063354,16.7231216430664,0.768581032752991,0.033182006329298,0.145122930407524,0.0018984047928825,0.988855242729187
552.615173339844,0.0814218148589134,-0.0191139001399279,0.217915013432503,4.09466409683228,17.6018753051758,0.511192798614502,0.035986203700304,0.152745336294174,-0.00106030970346183,0.987609624862671
553.1416015625,0.0821201056241989,-0.0176421664655209,0.227128550410271,3.0043830871582,17.2342929840088,0.190872758626938,0.0261687040328979,0.149736374616623,-0.00228153890930116,0.988376975059509
553.673828125,0.0891367048025131,-0.0215465296059847,0.231625616550446,5.04454278945923,18.2388515472412,0.225337311625481,0.0437627509236336,0.15825355052948,-0.00503519456833601,0.986415386199951
554.201782226563,0.0900465846061707,-0.0214005932211876,0.233773276209831,4.92610645294189,17.8963375091553,0.00774340750649571,0.0424626171588898,0.155394345521927,-0.00661770394071937,0.98691725730896
554.734375,0.0837986692786217,-0.0206566601991653,0.240037873387337,4.76750421524048,15.8038110733032,0.489284336566925,0.0417835153639317,0.137181386351585,-0.0014923601411283,0.989663183689117
555.258239746094,0.0864828899502754,-0.0215246733278036,0.248969942331314,5.03792715072632,16.636287689209,0.333279997110367,0.0439078621566296,0.144402682781219,-0.0034831715747714,0.988538265228271
555.771179199219,0.0905104577541351,-0.0218082275241613,0.249610051512718,5.22350025177002,16.9322071075439,359.809814453125,0.0448271594941616,0.147145941853523,-0.0083485459908843,0.988063216209412
556.305725097656,0.0907592922449112,-0.0219775848090649,0.243675619363785,5.07864379882813,17.3353099822998,359.612152099609,0.0432891994714737,0.15070216357708,-0.0100194867700338,0.987580120563507
556.846069335938,0.0898963361978531,-0.021650580689311,0.241463899612427,4.97971487045288,17.4281749725342,359.875244140625,0.042776245623827,0.151407495141029,-0.00765684060752392,0.98751574754715
557.361267089844,0.0902799591422081,-0.0211696699261665,0.240998640656471,4.73156929016113,17.6587772369385,359.878631591797,0.040627371519804,0.153404995799065,-0.00738176889717579,0.987300276756287
557.880981445313,0.0921880528330803,-0.0204549338668585,0.238663375377655,4.46649885177612,17.7961921691895,359.659576416016,0.0380393788218498,0.154673755168915,-0.00896014831960201,0.987192332744598
558.398559570313,0.0938626080751419,-0.0197646636515856,0.235734954476357,4.19431018829346,18.1352634429932,359.399963378906,0.0353115722537041,0.157681733369827,-0.0109346443787217,0.986797869205475
558.919128417969,0.0931807160377502,-0.0186710935086012,0.229495838284492,3.59086227416992,18.0775089263916,359.157867431641,0.0297871716320515,0.1572485268116,-0.012176270596683,0.987034678459167
559.474365234375,0.0937200486660004,-0.0187438726425171,0.228674530982971,3.54791641235352,18.3805370330811,359.061737060547,0.0292510073632002,0.159881860017776,-0.0130227040499449,0.986616730690002
560.003662109375,0.0938604399561882,-0.0183933489024639,0.225825548171997,3.55577731132507,18.1882381439209,359.051147460938,0.0293258726596832,0.158228874206543,-0.0130758071318269,0.986880242824554
560.534851074219,0.0954385176301003,-0.0182256419211626,0.22122910618782,3.36691308021545,18.5926074981689,358.635925292969,0.0270676892250776,0.161804109811783,-0.0164873339235783,0.986313819885254
561.0478515625,0.0947058722376823,-0.0182892046868801,0.220788031816483,3.22610473632813,18.3341064453125,358.810485839844,0.026135291904211,0.159530282020569,-0.0147278476506472,0.986737132072449
561.583068847656,0.0933271944522858,-0.018053375184536,0.225165799260139,3.53042411804199,18.1724872589111,359.101776123047,0.0291791595518589,0.158079624176025,-0.0126007860526443,0.986914694309235
562.115966796875,0.094037763774395,-0.018346194177866,0.222292467951775,3.50289511680603,18.824291229248,358.986175537109,0.028704984113574,0.163719058036804,-0.0137219680473208,0.9859938621521
562.624145507813,0.0900911390781403,-0.0174735654145479,0.226251482963562,3.25653481483459,17.848072052002,359.191497802734,0.0269761178642511,0.155256390571594,-0.0113748740404844,0.987440288066864
563.129516601563,0.0692756101489067,-0.0194428898394108,0.226236090064049,4.3751482963562,14.2876396179199,1.06260013580322,0.0390254780650139,0.123913198709488,0.00444734655320644,0.991515398025513
563.6552734375,0.0713765025138855,-0.020182479172945,0.24202898144722,4.75850057601929,14.5121288299561,0.444368869066238,0.0416704118251801,0.126034438610077,-0.00139985175337642,0.991149306297302
564.183471679688,0.0734518766403198,-0.0200545620173216,0.248103350400925,4.71376323699951,14.3207807540894,0.774968385696411,0.0416443459689617,0.124263107776642,0.00157855649013072,0.991373777389526
564.701232910156,0.0712939575314522,-0.0158552024513483,0.248821824789047,2.3507022857666,14.0960521697998,1.33870327472687,0.0217890311032534,0.122429266571999,0.00907469633966684,0.992196559906006
565.221618652344,0.0771778672933578,-0.0153176030144095,0.231991842389107,2.54526162147522,18.8307819366455,0.0693759843707085,0.0220095794647932,0.163537338376045,-0.00303620146587491,0.98628693819046
565.721984863281,0.0698625445365906,-0.018550168722868,0.237476289272308,4.18823623657227,15.7664861679077,0.184198826551437,0.0364160649478436,0.137004882097244,-0.00342060183174908,0.989894866943359
566.239624023438,0.0640649348497391,-0.0179503429681063,0.238544493913651,4.23760938644409,14.4278335571289,0.417000621557236,0.037135437130928,0.125354051589966,-0.00103492417838424,0.991416335105896
566.772033691406,0.0589047148823738,-0.0181802064180374,0.233366563916206,4.69026327133179,13.849178314209,0.226273685693741,0.0408581495285034,0.120381467044353,-0.00297471974045038,0.991882085800171
567.304565429688,0.0539173074066639,-0.0183077901601791,0.229527682065964,4.77111339569092,13.7009191513062,0.716396510601044,0.0420708730816841,0.118914343416691,0.0012369645992294,0.992012023925781
567.827392578125,0.0324720069766045,-0.0576936900615692,0.247307300567627,23.7033634185791,3.03708958625793,359.491485595703,0.205189689993858,0.026846369728446,-0.00978395249694586,0.978305041790009
568.362121582031,0.0422264486551285,-0.0411761663854122,0.227937519550323,15.5688800811768,16.5067329406738,1.42633390426636,0.135803565382957,0.140548467636108,-0.00723757920786738,0.980689108371735
568.894836425781,0.0447046235203743,-0.0290514752268791,0.21430940926075,9.53003311157227,16.4098796844482,358.650543212891,0.0805385634303093,0.143179357051849,-0.0234696175903082,0.986135065555573
569.433532714844,0.0494754910469055,-0.0225733742117882,0.20495992898941,6.00079298019409,18.7692813873291,356.990570068359,0.0473484955728054,0.16413788497448,-0.0344044305384159,0.984699547290802
569.9677734375,0.055017501115799,-0.0224797334522009,0.207618057727814,5.54824876785278,17.9869575500488,355.931640625,0.0422312989830971,0.157737284898758,-0.0425792671740055,0.985658407211304
570.500244140625,0.0627638548612595,-0.0232532285153866,0.227125510573387,6.17675399780273,16.6713829040527,356.238311767578,0.0485271066427231,0.146433636546135,-0.0402336083352566,0.987210035324097
571.025817871094,0.0694839060306549,-0.0264676157385111,0.238228768110275,7.20077896118164,17.8420486450195,357.098388671875,0.0580992698669434,0.1562879383564,-0.0346980392932892,0.985390603542328
571.551879882813,0.0730265006422997,-0.0217134356498718,0.222485244274139,5.05871486663818,18.6492385864258,356.891754150391,0.0391419976949692,0.162991523742676,-0.0338846668601036,0.985268235206604
572.079956054688,0.0669994428753853,-0.0203595049679279,0.205421850085258,4.08347368240356,18.5490779876709,357.449462890625,0.0315684638917446,0.161805614829063,-0.0276913233101368,0.985928773880005
572.611267089844,0.0609267167747021,-0.0170430354773998,0.212584048509598,2.67058062553406,19.0650501251221,358.918884277344,0.0214183032512665,0.165771946310997,-0.0131606990471482,0.98584371805191
573.146850585938,0.0596379600465298,-0.0173802934587002,0.226961120963097,3.44788646697998,18.7072010040283,359.468200683594,0.0289296992123127,0.16258941590786,-0.00946652609854937,0.986224234104156
573.672973632813,0.0574741326272488,-0.0180344134569168,0.224094212055206,3.34514355659485,17.9870376586914,359.508758544922,0.0281587708741426,0.156378284096718,-0.00879516080021858,0.987256586551666
574.223388671875,0.0522013455629349,-0.0172879230231047,0.219665288925171,2.6321713924408,16.6724433898926,0.283926725387573,0.0230843964964151,0.14488673210144,-0.0008790313731879,0.989178538322449
574.748962402344,0.0536611415445805,-0.0181558784097433,0.231617256999016,2.56610178947449,16.2839870452881,0.157078757882118,0.0223599523305893,0.141560778021812,-0.00181463325861841,0.989675343036652
575.268859863281,0.0552392341196537,-0.0188151188194752,0.239515021443367,3.3515293598175,16.4355945587158,0.589603662490845,0.0296779088675976,0.142724439501762,0.000910333532374352,0.989316999912262
575.804138183594,0.0578912049531937,-0.018524806946516,0.238400936126709,3.21249747276306,16.3562431335449,0.25123342871666,0.0280572865158319,0.142133891582489,-0.00181810243520886,0.989448070526123
576.328247070313,0.0575986281037331,-0.0182396806776524,0.234584301710129,2.92781043052673,16.5649585723877,0.248180955648422,0.0255925543606281,0.143951505422592,-0.00153765897266567,0.98925256729126
576.856811523438,0.0569463148713112,-0.018058380112052,0.225874677300453,2.76358270645142,17.0331420898438,-0.00258409627713263,0.0238452218472958,0.148052930831909,-0.00359353865496814,0.988685429096222
577.393127441406,0.0566993318498135,-0.0182683914899826,0.228670462965965,2.85328245162964,17.2571468353271,0.127936363220215,0.0247826557606459,0.149954333901405,-0.00263178092427552,0.988378763198853
577.923767089844,0.0575004070997238,-0.0182433817535639,0.237044483423233,2.75054216384888,16.9495525360107,0.217158883810043,0.0240177977830172,0.147286280989647,-0.00166323781013489,0.988800883293152
578.445739746094,0.0573856756091118,-0.0185689087957144,0.242907136678696,2.85778760910034,16.7481822967529,0.356608361005783,0.0251234080642462,0.145512908697128,-0.000553746125660837,0.989037156105042
578.979431152344,0.0560245737433434,-0.018727995455265,0.239973738789558,3.01302862167358,16.7657032012939,0.540045440196991,0.0266962517052889,0.145612359046936,0.0008280209149234,0.988981127738953
579.500915527344,0.0551819428801537,-0.018070787191391,0.235529214143753,2.79977917671204,16.5500564575195,0.580981612205505,0.024905065074563,0.143757551908493,0.00149964028969407,0.989298462867737
580.038940429688,0.0563191995024681,-0.0177407898008823,0.231852918863297,2.61758875846863,16.7807350158691,0.197938352823257,0.0228482615202665,0.145839393138885,-0.00162444298621267,0.989043116569519
580.555847167969,0.0526086315512657,-0.017872154712677,0.233468949794769,2.61776781082153,16.1633892059326,0.744557976722717,0.0235282201319933,0.140398323535919,0.00322002009488642,0.989810287952423
581.095581054688,0.0533268451690674,-0.0178231652826071,0.232680574059486,2.5201108455658,16.2746601104736,0.472394347190857,0.0223521199077368,0.14142107963562,0.000967290136031806,0.989696681499481
581.627075195313,0.0519821345806122,-0.0179453957825899,0.23307740688324,2.61871409416199,16.3895301818848,0.767353415489197,0.023571016266942,0.142346635460854,0.0033692482393235,0.989530444145203
582.168151855469,0.0530907995998859,-0.0179617833346128,0.234292581677437,2.7156937122345,16.2697048187256,0.640781998634338,0.0242489166557789,0.141330316662788,0.00218091811984777,0.989663064479828
582.693359375,0.0524104721844196,-0.0172718558460474,0.233650907874107,2.46154117584229,16.3184623718262,0.753190577030182,0.0221940875053406,0.141749069094658,0.0034563634544611,0.989647746086121
583.235595703125,0.0533436238765717,-0.0178189780563116,0.231633692979813,2.56260895729065,16.6728496551514,0.701808214187622,0.0230121556669474,0.144810780882835,0.00281619536690414,0.989187717437744
583.767639160156,0.0533163473010063,-0.0173453781753778,0.228329345583916,2.43748164176941,16.7098579406738,0.485134035348892,0.0216585341840982,0.145181506872177,0.00109717878513038,0.989167332649231
584.296203613281,0.0543370470404625,-0.0174520146101713,0.225649401545525,2.27451395988464,16.7589511871338,0.339119136333466,0.020066786557436,0.145641207695007,3.48516659869347E-05,0.989133954048157
584.815368652344,0.056152556091547,-0.0177537687122822,0.231936290860176,2.60784554481506,16.8612117767334,0.209585458040237,0.0227779261767864,0.14653205871582,-0.00152750732377172,0.988942444324493
585.366516113281,0.0551816858351231,-0.0176303423941135,0.234310895204544,2.53339838981628,16.7777900695801,0.353988856077194,0.0223202090710402,0.145787373185158,-0.000169764418387786,0.989064157009125
585.888671875,0.0555876158177853,-0.0181411523371935,0.231655135750771,2.63339781761169,17.1373310089111,0.182437911629677,0.0229593385010958,0.148918882012367,-0.00184981478378177,0.988581120967865
586.421325683594,0.0533760562539101,-0.0178536176681519,0.232013270258904,2.59997296333313,16.9539356231689,0.376121819019318,0.0229228474199772,0.14729942381382,-9.8745702416636E-05,0.988826274871826
586.945251464844,0.0548065863549709,-0.0185233559459448,0.236066892743111,2.90568208694458,17.0721626281738,0.317308604717255,0.0254840683192015,0.148314476013184,-0.00102587346918881,0.988611340522766
587.478942871094,0.0553565621376038,-0.0185944605618715,0.240100935101509,2.92348551750183,16.8749351501465,0.388039350509644,0.0257299169898033,0.146595880389214,-0.000394443515688181,0.988861799240112
588.048706054688,0.0560007989406586,-0.0182279292494059,0.235251232981682,2.80903053283691,17.0719909667969,0.1755730509758,0.0244667697697878,0.148348823189735,-0.0021234389860183,0.98863011598587
588.577209472656,0.0545861907303333,-0.0175750367343426,0.226638928055763,2.38153624534607,16.9808940887451,0.213419944047928,0.0208284594118595,0.147574096918106,-0.00122661353088915,0.988830924034119
589.150451660156,0.0523360036313534,-0.0172687340527773,0.223128288984299,2.27395844459534,17.2302055358887,0.314660280942917,0.0200300142168999,0.149712041020393,-0.000257941108429804,0.988526701927185
589.678344726563,0.0520013384521008,-0.0166228841990232,0.226710677146912,1.9984142780304,17.2566051483154,0.135649606585503,0.0174187626689672,0.149980410933495,-0.00144600751809776,0.988534450531006
590.21533203125,0.0491354055702686,-0.0173088777810335,0.231273412704468,2.26837873458862,17.2010726928711,0.354627162218094,0.02003407292068,0.149454027414322,9.92224813671783E-05,0.988565683364868
590.718566894531,0.0465584769845009,-0.0169895812869072,0.230037093162537,2.12116646766663,17.4693088531494,0.556798577308655,0.0190324746072292,0.151741951704025,0.00199097814038396,0.98823493719101
591.228759765625,0.0462550185620785,-0.0169903188943863,0.227780908346176,2.08775997161865,17.6602611541748,0.714328229427338,0.0189586021006107,0.153364822268486,0.00336221465840936,0.987982034683228
591.747619628906,0.0463021211326122,-0.0168925430625677,0.225859940052032,2.00903606414795,17.6576080322266,0.65838235616684,0.0182049293071032,0.153356969356537,0.00298579316586256,0.98799866437912
592.304077148438,0.047368586063385,-0.0168488025665283,0.227549195289612,2.03035449981689,17.5971584320068,0.525183856487274,0.0182095021009445,0.152855470776558,0.00181840744335204,0.988079130649567
592.85302734375,0.0482735112309456,-0.0167827289551497,0.225119456648827,2.04927897453308,17.6383304595947,0.574914872646332,0.0184398107230663,0.153201296925545,0.00221532140858471,0.988020479679108
593.380676269531,0.0463289059698582,-0.0159921944141388,0.214231938123703,1.3375700712204,17.5729522705078,0.318513482809067,0.0119597660377622,0.152709499001503,0.000963787373621017,0.988198280334473
593.912780761719,0.041151374578476,-0.0147050954401493,0.207347720861435,0.703036427497864,17.674072265625,0.317393392324448,0.00648775789886713,0.153604328632355,0.00179434509482235,0.988109529018402
594.448425292969,0.0111138764768839,-0.0150034595280886,0.212476342916489,1.08147251605988,18.0828475952148,1.24860334396362,0.0110318725928664,0.157030627131462,0.0092770429328084,0.987488567829132
594.9775390625,-0.0366007201373577,-0.0207541678100824,0.213736847043037,1.6397590637207,16.6930618286133,2.06122636795044,0.0167659260332584,0.144866779446602,0.0157175194472075,0.989184260368347
595.491943359375,0.012233329936862,-0.0141278309747577,0.205339357256889,2.37068963050842,14.4516830444336,1.56864666938782,0.0222418718039989,0.12546107172966,0.0109752342104912,0.991788506507874
596.011657714844,0.0695476233959198,-0.0186078324913979,0.202362477779388,3.45305180549622,14.6470680236816,358.324798583984,0.0280174277722836,0.127837374806404,-0.0183327626436949,0.991229832172394
596.534301757813,0.0840185061097145,-0.0219281148165464,0.220802843570709,4.88218402862549,14.7960081100464,357.367858886719,0.0392718315124512,0.129580393433571,-0.0282386858016253,0.990388453006744
597.05322265625,0.0873907208442688,-0.023139676079154,0.237729281187057,5.42816257476807,14.4940710067749,357.614227294922,0.0443402603268623,0.12695674598217,-0.0266008246690035,0.990559637546539
597.575866699219,0.0895726755261421,-0.0244157668203115,0.242635980248451,5.62217664718628,14.6374473571777,357.750610351563,0.0461367033421993,0.128165736794472,-0.025691419839859,0.99034583568573
598.085388183594,0.086005263030529,-0.0243297349661589,0.240714654326439,5.45685338973999,14.0138206481934,357.9404296875,0.0450489558279514,0.122680209577084,-0.0236237216740847,0.991141855716705
598.629821777344,0.0844954773783684,-0.023929787799716,0.236711651086807,5.25598526000977,14.1117877960205,357.995513916016,0.0433504693210125,0.123485527932644,-0.0229722894728184,0.991132855415344
599.159484863281,0.0873343646526337,-0.0234906189143658,0.235995635390282,5.07166337966919,14.4159002304077,357.728424072266,0.0414012409746647,0.126193478703499,-0.0251963697373867,0.990821003913879
599.68896484375,0.0836509242653847,-0.0236477125436068,0.23737496137619,5.17509889602661,14.4044675827026,357.876159667969,0.0424608588218689,0.126052662730217,-0.0240270625799894,0.990823149681091
600.200561523438,0.0789923667907715,-0.0239118225872517,0.238055109977722,5.28437232971191,14.2923755645752,358.2138671875,0.0437979437410831,0.124966971576214,-0.0211829245090485,0.990967333316803
600.716552734375,0.0756106823682785,-0.0234479047358036,0.235742628574371,5.09674978256226,14.241418838501,358.479370117188,0.0424727872014046,0.124412089586258,-0.0186652839183807,0.991145491600037
601.301696777344,0.0746434256434441,-0.0215132292360067,0.22536139190197,4.11312294006348,14.4357481002808,358.377014160156,0.033819817006588,0.126053422689438,-0.0185497738420963,0.991273283958435
601.82177734375,0.0908647477626801,-0.00593769550323486,0.200901240110397,355.499176025391,26.0598258972168,356.314788818359,-0.0454801395535469,0.223939254879951,-0.0224533956497908,0.973282396793365
602.367736816406,0.0955507233738899,-0.00960778910666704,0.211467951536179,357.531860351563,28.2965831756592,357.204345703125,-0.0268387850373983,0.243793532252312,-0.0183859169483185,0.969281375408173
602.897583007813,0.104562357068062,-0.007130341604352,0.206353113055229,355.444671630859,39.2643966674805,355.273498535156,-0.0512434430420399,0.333886444568634,-0.0254657492041588,0.940874814987183
603.419189453125,0.0779470354318619,-0.0148606598377228,0.233099341392517,0.984153985977173,19.7125720977783,357.121185302734,0.00415904447436333,0.171329692006111,-0.0262177623808384,0.984856069087982
603.952331542969,0.0703516900539398,-0.0190804842859507,0.238134875893593,3.07983589172363,17.2311744689941,358.290893554688,0.0243338048458099,0.150129839777946,-0.0187657978385687,0.988188624382019
604.471130371094,0.0706763342022896,-0.0192324109375477,0.234624043107033,2.89341449737549,17.0179138183594,358.180145263672,0.02261708304286,0.148294717073441,-0.0194358583539724,0.988493502140045
604.979309082031,0.0685044601559639,-0.0186213292181492,0.230961158871651,2.41318607330322,16.5849189758301,358.435394287109,0.0188666414469481,0.144465044140816,-0.0165442898869514,0.989191710948944
605.499328613281,0.0687073171138763,-0.0181640218943357,0.232341974973679,2.12893509864807,16.7047348022461,358.326293945313,0.0162571892142296,0.145488455891609,-0.0171461161226034,0.989077866077423
606.039489746094,0.0652141273021698,-0.0182685852050781,0.240173131227493,2.16934561729431,16.2830009460449,358.648345947266,0.0170677769929171,0.141804099082947,-0.0143548231571913,0.989643514156342
606.632995605469,0.0609253644943237,-0.0178590528666973,0.238482415676117,2.07606768608093,16.1970539093018,359.051422119141,0.0167688969522715,0.140996292233467,-0.0107458382844925,0.98980975151062
607.135986328125,0.0615761876106262,-0.0165582206100225,0.230797916650772,1.4377692937851,16.1335105895996,358.812774658203,0.0109680546447635,0.14043690264225,-0.0120174624025822,0.989955961704254
607.654968261719,0.0631820112466812,-0.0161876045167446,0.220442146062851,0.982834219932556,16.4224395751953,358.400299072266,0.00649430369958282,0.142922088503838,-0.0150408763438463,0.989598333835602
608.181640625,0.0639911815524101,-0.0154965650290251,0.213078081607819,0.297544777393341,16.2996864318848,358.328552246094,0.000502374081406742,0.141784369945526,-0.014806380495429,0.989786744117737
608.717163085938,0.0655050054192543,-0.0158481169492006,0.213109195232391,0.422400295734406,16.3082866668701,358.205047607422,0.00142679654527456,0.141875505447388,-0.0160276256501675,0.989753723144531
609.232299804688,0.0646621212363243,-0.0158589016646147,0.213854193687439,0.463228195905685,16.3450164794922,358.210113525391,0.00178057025186718,0.142198011279106,-0.0160349775105715,0.989706754684448
609.765197753906,0.0560795739293098,-0.0148084471002221,0.222190961241722,1.5133022069931,13.404956817627,359.307281494141,0.012409683316946,0.116780668497086,-0.00754458829760551,0.993051528930664
610.265380859375,0.0356884375214577,-0.0117194792255759,0.230681255459785,0.97864693403244,5.14736604690552,359.336975097656,0.00827163737267256,0.044951107352972,-0.00616346998140216,0.99893593788147
610.798950195313,0.0317947752773762,-0.0127618005499244,0.244807168841362,1.4877245426178,5.8838529586792,359.614074707031,0.0127924680709839,0.0513627864420414,-0.00402930285781622,0.998589992523193
611.316467285156,0.0307970196008682,-0.0101988343521953,0.247400060296059,1.28467798233032,5.71685838699341,359.670806884766,0.01105344761163,0.0498971380293369,-0.00342811271548271,0.998687326908112
611.825378417969,0.0225264765322208,-0.0136750917881727,0.226242154836655,0.772531390190125,6.02087545394897,359.273468017578,0.0063991560600698,0.0525583140552044,-0.00668527092784643,0.99857497215271
612.349609375,0.0111513445153832,-0.0184714198112488,0.214305937290192,1.82556462287903,7.9379563331604,0.458032220602036,0.0161686763167381,0.0691434964537621,0.00288434862159193,0.997471570968628
612.925720214844,0.0257648751139641,-0.0207602083683014,0.22725747525692,3.55985951423645,8.95454597473145,359.681915283203,0.0307491403073072,0.0781116485595703,-0.00519078457728028,0.996456801891327
613.431518554688,0.0402160584926605,-0.0191494058817625,0.246791899204254,2.70448970794678,7.12545728683472,359.294830322266,0.0231705885380507,0.0622677393257618,-0.00760650401934981,0.997761487960815
613.971008300781,0.0492380186915398,-0.0187885742634535,0.253144949674606,2.82508683204651,6.80522489547729,358.772583007813,0.0239706411957741,0.0595940202474594,-0.0121519109234214,0.997860848903656
614.475036621094,0.0490290969610214,-0.0177150424569845,0.235901385545731,2.10703492164612,7.36260414123535,358.623504638672,0.0175759382545948,0.0644115507602692,-0.0131655009463429,0.997681796550751
614.993713378906,0.0463415682315826,-0.0168214738368988,0.21342970430851,1.31544673442841,8.09292793273926,358.688659667969,0.0106423702090979,0.0706871896982193,-0.0122240204364061,0.997366905212402
615.512023925781,0.0475288480520248,-0.0171933528035879,0.202766209840775,1.45529401302338,9.11075592041016,358.582458496094,0.0116760227829218,0.0795667245984077,-0.0133385714143515,0.996671915054321
616.080749511719,0.0481756925582886,-0.0170485973358154,0.219445586204529,1.56908428668976,8.61087036132813,358.806854248047,0.0128714451566339,0.0752043724060059,-0.0114095043390989,0.99701976776123
616.640686035156,0.0460642650723457,-0.0190173648297787,0.238674998283386,2.88281345367432,9.37590408325195,358.690032958984,0.0241348668932915,0.0819843262434006,-0.0134453121572733,0.996250629425049
617.188537597656,0.0443390645086765,-0.0186869259923697,0.232642814517021,2.8483784198761,9.89925670623779,358.980743408203,0.0239933785051107,0.0864700749516487,-0.0110030276700854,0.995904803276062
617.731872558594,0.0457487665116787,-0.0165124740451574,0.216660737991333,1.51506543159485,10.4847106933594,358.370391845703,0.011865234002471,0.0915387496352196,-0.0153675591573119,0.995612263679504
618.269897460938,0.049009196460247,-0.0157190673053265,0.206206440925598,0.994026124477386,11.3371114730835,357.755462646484,0.00669581769034266,0.0989200472831726,-0.0203461926430464,0.994864881038666
618.788757324219,0.0513903275132179,-0.0151049485430121,0.201159968972206,0.608197629451752,11.5632934570313,357.770080566406,0.00331933703273535,0.100819863379002,-0.0198937021195889,0.994700253009796
619.315612792969,0.0562038123607635,-0.015825716778636,0.202640399336815,0.871147811412811,12.2998046875,357.466339111328,0.00518809771165252,0.107267886400223,-0.0227949749678373,0.993955254554749
619.855346679688,0.0547358430922031,-0.0157307963818312,0.205154597759247,0.935090661048889,11.99635887146,357.638214111328,0.00596022373065352,0.104638442397118,-0.0213478989899158,0.994263350963593
620.3837890625,0.0537572652101517,-0.0159231331199408,0.207206979393959,1.00178015232086,12.5123176574707,357.553955078125,0.00636215973645449,0.109130211174488,-0.0221687145531178,0.993759870529175
620.919494628906,0.0518051385879517,-0.0159558523446321,0.210679709911346,1.02615714073181,12.2010431289673,357.679840087891,0.00675074709579349,0.106427349150181,-0.0210818853229284,0.994074046611786
621.474243164063,0.0523476600646973,-0.0158001501113176,0.211699560284615,0.977631688117981,12.2865104675293,357.708190917969,0.00634059682488441,0.107159055769444,-0.0207957457751036,0.994004189968109
621.985229492188,0.0528820902109146,-0.0159738697111607,0.211988493800163,0.988014101982117,12.1667680740356,357.689880371094,0.00643544131889939,0.106123052537441,-0.02095752581954,0.994111299514771
622.511291503906,0.0531079694628716,-0.0158733669668436,0.210675776004791,0.926353812217712,12.223126411438,357.647277832031,0.00585058284923434,0.106603853404522,-0.0212731398642063,0.994056761264801
623.033630371094,0.0518930144608021,-0.0153653044253588,0.207703590393066,0.603760778903961,12.2696371078491,357.697906494141,0.0030907781329006,0.106950499117374,-0.0205359403043985,0.994047462940216
623.555480957031,0.0532015636563301,-0.015734601765871,0.204615533351898,0.768657505512238,12.3873195648193,357.62060546875,0.00442714476957917,0.108002126216888,-0.0213645081967115,0.99391120672226
624.083984375,0.0541372448205948,-0.0153229357674718,0.200373858213425,0.58833646774292,12.3751745223999,357.535400390625,0.00278510595671833,0.107867404818535,-0.0219338070601225,0.993919491767883
624.614807128906,0.0553209707140923,-0.0152360275387764,0.198913857340813,0.473593801259995,12.2835216522217,357.452484130859,0.00172986602410674,0.107052773237228,-0.0225436296314001,0.993996262550354
625.122253417969,0.0572666451334953,-0.0149134751409292,0.199796795845032,0.328133463859558,12.4486980438232,357.332305908203,0.000322021922329441,0.108458273112774,-0.0234510079026222,0.993824303150177
625.653198242188,0.0575023368000984,-0.0151645131409168,0.203231230378151,0.549331605434418,12.5864992141724,357.251281738281,0.0021344346459955,0.109698705375195,-0.0243652686476707,0.993663907051086
626.179138183594,0.056511715054512,-0.015369713306427,0.206798210740089,0.722437560558319,12.7287607192993,357.268768310547,0.00362201547250152,0.110966742038727,-0.0243834387511015,0.993518352508545
626.710327148438,0.0549755394458771,-0.0167778730392456,0.218262195587158,1.28920114040375,12.6149053573608,357.361114501953,0.00864948704838753,0.110085003077984,-0.0241212975233793,0.993591785430908
627.260620117188,0.0544381812214851,-0.0171335507184267,0.222772315144539,1.41108286380768,12.5790462493896,357.409088134766,0.00975987315177917,0.109792962670326,-0.0238190125674009,0.993621110916138
627.806396484375,0.0561999827623367,-0.0162561647593975,0.221417993307114,1.29008448123932,13.3522958755493,357.624969482422,0.00876989401876926,0.116456679999828,-0.0218913424760103,0.99291580915451
628.333435058594,0.0574251115322113,-0.0164608564227819,0.219309523701668,1.20259630680084,13.5940790176392,357.450592041016,0.00778539385646582,0.118548661470413,-0.0233300067484379,0.992643594741821
628.860656738281,0.0562457740306854,-0.0165483094751835,0.217782482504845,1.45476686954498,13.6163997650146,357.598968505859,0.0101190973073244,0.118774607777596,-0.0223066452890635,0.992619097232819
629.378112792969,0.0556650757789612,-0.0161976777017117,0.215455576777458,1.37445998191833,13.7070617675781,357.559875488281,0.00936504825949669,0.119549565017223,-0.0225697867572308,0.992527484893799
629.892883300781,0.0574453696608543,-0.016503581777215,0.215916141867638,1.54205739498138,13.7614212036133,357.421173095703,0.0106606455519795,0.120062045753002,-0.0239503215998411,0.992420196533203
630.437377929688,0.0573049411177635,-0.0161462891846895,0.214515641331673,1.22538936138153,13.9425792694092,357.508880615234,0.00797360576689243,0.121567085385323,-0.0228730756789446,0.992287576198578
630.964721679688,0.0565588921308517,-0.0160195678472519,0.214433580636978,1.18376553058624,14.00501537323,357.491424560547,0.00758210942149162,0.122101508080959,-0.0229843892157078,0.992222487926483
631.49365234375,0.0553017854690552,-0.0168008431792259,0.216837137937546,1.47951686382294,14.1166524887085,357.639068603516,0.0102790100499988,0.123107321560383,-0.02202975936234,0.992095589637756
632.00634765625,0.0555380880832672,-0.0168254375457764,0.220687925815582,1.57679533958435,14.1260499954224,357.797302246094,0.0112895639613271,0.123189173638821,-0.0207648258656263,0.992101728916168
632.563781738281,0.0545026957988739,-0.0136155439540744,0.222725659608841,0.00352728576399386,14.0617256164551,358.001098632813,-0.00210453267209232,0.122385881841183,-0.0173154827207327,0.992329299449921
633.101684570313,0.054685540497303,-0.0140985324978828,0.224196687340736,0.324134826660156,14.5245084762573,358.688598632813,0.0013590989401564,0.126434460282326,-0.011709607206285,0.99190491437912
633.624389648438,0.0525161400437355,-0.0135627575218678,0.22466167807579,0.256156533956528,14.2837772369385,359.067047119141,0.00120575376786292,0.124340564012527,-0.00835629645735025,0.992203712463379
634.16650390625,0.0554779507219791,-0.0142817590385675,0.227561458945274,0.424349337816238,14.6086320877075,358.600494384766,0.00212010485120118,0.127173826098442,-0.0125843230634928,0.991798341274261
634.703430175781,0.0569584369659424,-0.0147216394543648,0.231091096997261,0.59892201423645,14.7093267440796,358.472015380859,0.00347626209259033,0.128066852688789,-0.0138928079977632,0.99166214466095
635.235229492188,0.0555474758148193,-0.0143401799723506,0.228456884622574,0.368837624788284,14.7911577224731,358.411560058594,0.00140740629285574,0.128750279545784,-0.0141603136435151,0.991574943065643
635.761169433594,0.0546359233558178,-0.0140116363763809,0.222841903567314,0.0580716356635094,14.7057456970215,358.446655273438,-0.00123223417904228,0.127974927425385,-0.0135085703805089,0.991684675216675
636.313171386719,0.0534482821822166,-0.0136602595448494,0.21882364153862,359.857025146484,14.817289352417,358.418701171875,-0.00301643856801093,0.128915756940842,-0.013522993773222,0.991558730602264
636.832275390625,0.0530743971467018,-0.0132460873574018,0.213929176330566,359.556274414063,14.9301614761353,358.350433349609,-0.00570914847776294,0.129852220416069,-0.0137696331366897,0.991421282291412
637.405944824219,0.056337982416153,-0.0144696235656738,0.228394001722336,0.300802439451218,15.0014810562134,358.205230712891,0.000557774619664997,0.130563303828239,-0.0158701203763485,0.991312801837921
637.9404296875,0.0550733953714371,-0.0143219735473394,0.228327542543411,0.282788515090942,14.9946374893188,358.328796386719,0.00054360501235351,0.130501195788383,-0.0147806229069829,0.991337835788727
638.472717285156,0.0545540750026703,-0.0140863293781877,0.221406370401382,0.233545482158661,15.0328798294067,358.216033935547,-1.60612798936199E-05,0.130825981497765,-0.0157001260668039,0.991281032562256
639.017028808594,0.0567533299326897,-0.0142363309860229,0.213789105415344,0.288622856140137,15.2507677078247,358.038940429688,0.000225319934543222,0.132718399167061,-0.0172953121364117,0.991002857685089
639.52734375,0.056022897362709,-0.0136362100020051,0.211323589086533,0.307416558265686,15.2380208969116,358.138305664063,0.000504758208990097,0.132610484957695,-0.0164577588438988,0.991031467914581
640.063171386719,0.0544789880514145,-0.0140205351635814,0.213475480675697,0.336015790700912,14.9704942703247,358.394317626953,0.00108169787563384,0.130298286676407,-0.0142742460593581,0.991371512413025
640.579772949219,0.0548735745251179,-0.0142806190997362,0.217505499720573,0.546318590641022,15.1576290130615,358.313537597656,0.00278439093381166,0.131943643093109,-0.0152166904881597,0.99113655090332
641.148681640625,0.0537502393126488,-0.0146468644961715,0.219439327716827,0.471376329660416,15.1228466033936,358.294250488281,0.00211863219738007,0.131633996963501,-0.0152965495362878,0.991178095340729
641.673095703125,0.0535298436880112,-0.0153762362897396,0.222810670733452,0.853283107280731,15.243537902832,358.305358886719,0.00541831832379103,0.132723942399025,-0.0156444329768419,0.991014778614044
642.178771972656,0.0535805001854897,-0.0149253513664007,0.220561623573303,0.857394576072693,15.5909881591797,358.289733886719,0.0053878934122622,0.135729387402534,-0.0158007349818945,0.990605294704437
642.702697753906,0.0547160655260086,-0.0149088371545076,0.212353006005287,0.996841013431549,15.5653896331787,357.910766601563,0.00614872435107827,0.135545819997787,-0.0192401967942715,0.990565180778503
643.210388183594,0.0559573024511337,-0.014315121807158,0.203086346387863,0.336000233888626,15.8928022384644,357.632080078125,4.68697580799926E-05,0.138276562094688,-0.0208692569285631,0.990173757076263
643.734313964844,0.0528404489159584,-0.0150474812835455,0.203494355082512,0.151543110609055,16.0355167388916,357.828430175781,-0.00133376207668334,0.139479666948318,-0.0189485903829336,0.990042746067047
644.256103515625,0.0539150610566139,-0.0156537145376205,0.208907201886177,0.408033162355423,15.8653783798218,357.846130371094,0.000932177994400263,0.13805066049099,-0.0191063918173313,0.990240395069122
644.76953125,0.0550830326974392,-0.0153036890551448,0.218036696314812,0.666807889938354,15.4172258377075,358.041961669922,0.00347368977963924,0.134211823344231,-0.0177121069282293,0.990788280963898
645.2919921875,0.0544194504618645,-0.0151355098932981,0.216200351715088,0.370579749345779,15.2902412414551,357.924224853516,0.00079489010386169,0.133072480559349,-0.0183825436979532,0.990935504436493
645.79736328125,0.0539015382528305,-0.0152785815298557,0.213078573346138,0.472938537597656,15.6860933303833,357.760162353516,0.00142066436819732,0.136512562632561,-0.0199252068996429,0.990436911582947
646.325439453125,0.0514960810542107,-0.0149969775229692,0.215611606836319,0.53436666727066,15.5377378463745,358.183135986328,0.0024766733404249,0.135232031345367,-0.0163391791284084,0.99067610502243
646.84033203125,0.0522911250591278,-0.0151273012161255,0.218542009592056,0.539259850978851,15.6227397918701,358.121948242188,0.00243427674286067,0.135968834161758,-0.0168755408376455,0.990566432476044
647.404296875,0.0504894331097603,-0.0145805748179555,0.223545968532562,0.605262935161591,15.3537511825562,358.371520996094,0.00333570316433907,0.133645266294479,-0.0147885847836733,0.990913271903992
647.910217285156,0.0497834645211697,-0.0147379413247108,0.221710398793221,0.582486748695374,15.4575433731079,358.230926513672,0.00296031241305172,0.134543806314468,-0.0159804206341505,0.990774393081665
648.431640625,0.0405875146389008,-0.0169537495821714,0.22517791390419,1.90281641483307,12.2704238891602,359.985534667969,0.0164958573877811,0.106862485408783,-0.00190002121962607,0.994135200977325
648.948364257813,0.0172130186110735,-0.0152834448963404,0.237527161836624,1.38764894008636,4.84751415252686,8.52432060241699,0.015207695774734,0.0412707254290581,0.0737375319004059,0.99630731344223
649.487731933594,0.0116626732051373,-0.019829461351037,0.239257246255875,3.16448068618774,2.58478093147278,8.33745765686035,0.0291706882417202,0.0204796083271503,0.0720265433192253,0.996765673160553
650.006042480469,0.00944349728524685,-0.018632210791111,0.234532907605171,2.42031693458557,3.1986198425293,9.00588607788086,0.0232369899749756,0.026159780099988,0.077874593436718,0.996348977088928
650.601867675781,0.0133227007463574,-0.0167109053581953,0.237943038344383,1.61868500709534,3.87561368942261,7.66903305053711,0.0163466706871986,0.0327915139496326,0.066353514790535,0.997123241424561
651.122131347656,0.0126397777348757,-0.0177017487585545,0.24333468079567,1.78101587295532,3.89578795433044,7.62989187240601,0.0177595354616642,0.0328777469694614,0.0659606009721756,0.997122287750244
651.651794433594,0.0122441556304693,-0.0179072581231594,0.245517909526825,1.9881763458252,4.41835498809814,7.36872148513794,0.0197772271931171,0.0373483784496784,0.0635350942611694,0.997084379196167
652.164184570313,0.0137688815593719,-0.0184261593967676,0.250795930624008,2.17828845977783,4.62723064422607,7.12194204330444,0.0214627515524626,0.039104375988245,0.0612829625606537,0.997123181819916
652.68701171875,0.0164528451859951,-0.018823429942131,0.255396276712418,2.45284700393677,4.91432571411133,6.58088827133179,0.023808766156435,0.0415645763278008,0.0564155019819736,0.997257649898529
653.217468261719,0.01514689065516,-0.0179570652544498,0.250078469514847,2.16579627990723,4.96491241455078,6.53854942321777,0.0213202144950628,0.0421584919095039,0.0561477057635784,0.997304141521454
653.752075195313,0.0172510929405689,-0.0166415013372898,0.238344982266426,1.53665745258331,5.42639780044556,6.32657909393311,0.0159859042614698,0.0465210527181625,0.0544811673462391,0.997302412986755
654.254760742188,0.0198319144546986,-0.0165942925959826,0.235341936349869,1.44952023029327,5.65428400039673,6.0480260848999,0.0152179216966033,0.048583809286356,0.0520630367100239,0.997345268726349
654.782653808594,0.0216802544891834,-0.0169544573873281,0.238113462924957,1.51253426074982,5.96094512939453,5.75289916992188,0.0157735459506512,0.0512641109526157,0.0494247637689114,0.997336685657501
655.289001464844,0.0208244808018208,-0.0168979484587908,0.243182182312012,1.65280938148499,6.06971406936646,5.78097343444824,0.0170539394021034,0.0521443337202072,0.0495885238051414,0.997261822223663
655.800415039063,0.0204582847654819,-0.0166282393038273,0.244219154119492,1.54228520393372,6.10932540893555,5.72144794464111,0.0160820074379444,0.0525466986000538,0.0491165891289711,0.997280180454254
656.308471679688,0.0207531675696373,-0.0155311850830913,0.242257997393608,1.04624950885773,6.14808320999146,5.78650379180908,0.0118120610713959,0.0530956462025642,0.049911592155695,0.997271358966827
656.836181640625,0.0221705660223961,-0.0158441439270973,0.241134747862816,1.17316555976868,6.31408309936523,5.62300062179565,0.012910976074636,0.0545023232698441,0.0484100989997387,0.997255861759186
657.343688964844,0.0240656286478043,-0.0159317050129175,0.239297911524773,1.35021901130676,6.5389518737793,5.3994607925415,0.0144365029409528,0.0564108192920685,0.0463505797088146,0.997226655483246
657.858276367188,0.0252673774957657,-0.0155970938503742,0.239990249276161,1.27464509010315,6.88776206970215,5.33407831192017,0.0138860670849681,0.059485450387001,0.0457774475216866,0.9970822930336
658.38330078125,0.0246230028569698,-0.0150152258574963,0.235455065965652,0.870429575443268,6.63839340209961,5.31279897689819,0.0102582722902298,0.0574831776320934,0.0458279140293598,0.997241318225861
658.919128417969,0.0244403965771198,-0.0146732265129685,0.2311170399189,0.700678884983063,6.91109275817871,5.14364242553711,0.00880182348191738,0.0599384009838104,0.0444210804998875,0.997174382209778
659.450744628906,0.0243758074939251,-0.0150423049926758,0.23389658331871,0.810693025588989,6.96575450897217,5.09765577316284,0.00975606124848127,0.0603745989501476,0.0439581647515297,0.997159719467163
659.964111328125,0.0256939642131329,-0.015554410405457,0.23857344686985,0.979647636413574,7.08333206176758,4.9586033821106,0.011196787469089,0.0613451860845089,0.0426466688513756,0.997142255306244
660.488159179688,0.0259023066610098,-0.0154870161786675,0.238600626587868,0.927870333194733,7.05957126617432,4.83609008789063,0.0106720151379704,0.0611696094274521,0.0416108332574368,0.997202575206757
661.016906738281,0.0271903276443481,-0.0146288871765137,0.229218512773514,0.63052886724472,7.57814359664917,4.5796070098877,0.0081262243911624,0.0658104568719864,0.0395027026534081,0.997016787528992
661.563415527344,0.0297434218227863,-0.0150250243023038,0.225091576576233,0.578160762786865,8.02738285064697,3.96274638175964,0.00745001202449203,0.069778099656105,0.0341364145278931,0.996950507164001
662.092224121094,0.0356660559773445,-0.017094099894166,0.230912715196609,1.697385430336,9.26996803283691,2.90398645401001,0.0168061442673206,0.0803986191749573,0.0240571796894073,0.996330678462982
662.614868164063,0.03688695281744,-0.0153349312022328,0.227019846439362,0.888946771621704,10.5242547988892,2.42973637580872,0.00966743100434542,0.0915252342820168,0.0204005762934685,0.995546817779541
663.14111328125,0.0379136390984058,-0.0147763881832361,0.225680217146873,0.57993358373642,10.5771503448486,2.03109312057495,0.00667212717235088,0.0920670628547668,0.017181633040309,0.995582222938538
663.679016113281,0.0420955084264278,-0.01511075720191,0.23291988670826,0.850578546524048,11.1945610046387,1.33446002006531,0.00852251797914505,0.0974403321743011,0.0108653325587511,0.995145559310913
664.210693359375,0.0452298671007156,-0.0143809774890542,0.228762835264206,0.403789609670639,11.8701419830322,0.673394799232483,0.00411240151152015,0.103378362953663,0.00548055768013,0.994618535041809
664.720397949219,0.0467127002775669,-0.0140589820221066,0.224357068538666,0.216021150350571,12.0675888061523,0.295288801193237,0.00214555743150413,0.105109669268131,0.00236444175243378,0.994455516338348
665.242919921875,0.047714076936245,-0.0143851600587368,0.226801052689552,0.499771624803543,12.430736541748,0.240442857146263,0.00456283846870065,0.108255639672279,0.00161372357979417,0.994111299514771
665.789367675781,0.0458525791764259,-0.0152671122923493,0.237318605184555,0.792569875717163,12.7035636901855,0.368515491485596,0.00722970347851515,0.110607244074345,0.00243090372532606,0.993834912776947
666.323913574219,0.0375451892614365,-0.0128495674580336,0.238916113972664,359.660797119141,12.0567865371704,2.82554912567139,-0.000353472190909088,0.105061486363411,0.0248293895274401,0.994155645370483
666.864379882813,0.0268762484192848,-0.0114428028464317,0.224923133850098,359.300445556641,9.22994422912598,4.49188184738159,-0.00292714429087937,0.0806345567107201,0.0395520441234112,0.995954394340515
667.380249023438,0.0254168100655079,-0.0108253043144941,0.209028854966164,358.618133544922,8.93852996826172,4.72925281524658,-0.00879695452749729,0.0783483162522316,0.0420692190527916,0.995999157428741
667.916259765625,0.0322428084909916,-0.00935855507850647,0.204067140817642,357.916198730469,9.21111392974854,3.96148371696472,-0.0153391556814313,0.0808608159422874,0.0359054692089558,0.995960354804993
668.456481933594,0.0344113558530807,-0.0100949564948678,0.213470578193665,358.111328125,9.81756210327148,4.17825555801392,-0.0132907629013062,0.0860997289419174,0.037724781781435,0.995483338832855
668.984252929688,0.0329789519309998,-0.0108738159760833,0.22437672317028,358.625030517578,9.98203277587891,4.27911806106567,-0.00869693141430616,0.0873788893222809,0.038232583552599,0.995403230190277
669.51611328125,0.0346025861799717,-0.0114474296569824,0.224083855748177,358.611663818359,10.1452617645264,3.91413140296936,-0.00904140714555979,0.0887725576758385,0.0350849330425262,0.995392799377441
670.032653808594,0.036417793482542,-0.0113580031320453,0.218853786587715,358.457489013672,10.3744173049927,3.60701942443848,-0.0105537688359618,0.0907791703939438,0.0325566343963146,0.995282828807831
670.556030273438,0.0355301722884178,-0.0112805608659983,0.219584912061691,358.451629638672,10.1313581466675,3.7492778301239,-0.0105636157095432,0.0886826068162918,0.0337744615972042,0.995431125164032
671.1005859375,0.0366770029067993,-0.0115223992615938,0.224592357873917,358.719299316406,10.5589036941528,3.43175148963928,-0.00836848560720682,0.0922996997833252,0.0308421906083822,0.995218336582184
671.630432128906,0.0337010286748409,-0.0113805830478668,0.2237638682127,358.657348632813,10.2837162017822,3.5987503528595,-0.00884966365993023,0.0899380221962929,0.0323208905756474,0.995383441448212
672.15185546875,0.0343644022941589,-0.01160728931427,0.222321584820747,358.754302978516,10.6283102035522,3.48549914360046,-0.00800226628780365,0.0928974375128746,0.0312858447432518,0.995151877403259
672.72119140625,0.0352222323417664,-0.0169962253421545,0.221967905759811,2.55166101455688,11.9118251800537,2.32701730728149,0.0242473054677248,0.103266388177872,0.0178811717778444,0.994197368621826
673.271789550781,0.0415972620248795,-0.0218740869313478,0.222059234976768,4.98041963577271,13.4574069976807,0.665609419345856,0.0438286066055298,0.116805016994476,0.000672328984364867,0.992187082767487
673.8056640625,0.0435660406947136,-0.0231711100786924,0.22282050549984,5.36672115325928,14.2720794677734,0.135822296142578,0.0466007627546787,0.124034285545349,-0.00464098528027534,0.991172254085541
674.332885742188,0.0403162650763988,-0.0208266451954842,0.222016111016273,4.21418333053589,13.8451585769653,0.740185737609863,0.0372765995562077,0.120208285748959,0.00197645951993763,0.992046654224396
674.889343261719,0.0426094532012939,-0.0238106120377779,0.221750915050507,5.6618070602417,14.5985088348389,0.0950123593211174,0.0490934401750565,0.126855984330177,-0.00545347156003118,0.990690529346466
675.410949707031,0.0405163504183292,-0.0230876319110394,0.224811509251595,5.23703956604004,14.4987535476685,0.199333474040031,0.0455398894846439,0.125977396965027,-0.00404120422899723,0.990979075431824
675.938171386719,0.0474227368831635,-0.0188710168004036,0.219841539859772,2.87355017662048,17.5897331237793,359.256988525391,0.0237874165177345,0.153006687760353,-0.0102393878623843,0.987885773181915
676.480895996094,0.0544386059045792,-0.0205062199383974,0.220339387655258,3.78431844711304,16.4688873291016,358.795196533203,0.0311711970716715,0.143481492996216,-0.0151283973827958,0.989046335220337
677.003723144531,0.0613287352025509,-0.0234824847429991,0.221670910716057,5.36649751663208,15.6762609481812,358.029815673828,0.0440281704068184,0.137002542614937,-0.0233962275087833,0.989315152168274
677.553100585938,0.062796376645565,-0.025687487795949,0.226068243384361,6.27108383178711,16.5589733123779,358.333312988281,0.0520311556756496,0.144558385014534,-0.0222467388957739,0.987876892089844
678.080993652344,0.0563501715660095,-0.0210715532302856,0.21731173992157,3.76932692527771,16.2967796325684,359.052337646484,0.0313830003142357,0.141925036907196,-0.0128431981429458,0.989296436309814
678.643981933594,0.0573266670107841,-0.0215505603700876,0.22189624607563,4.09103536605835,16.3279609680176,359.001922607422,0.034094300121069,0.142218545079231,-0.0136846033856273,0.989153265953064
679.168701171875,0.0564215779304504,-0.0209900587797165,0.233474597334862,3.95050024986267,16.1519680023193,359.726898193359,0.0337912365794182,0.14048370718956,-0.0072005158290267,0.989480018615723
679.715270996094,0.0533795915544033,-0.0210387818515301,0.238699421286583,4.09793949127197,15.6583042144775,359.7978515625,0.0351801812648773,0.136194825172424,-0.00661676004528999,0.990035116672516
680.245971679688,0.0521217025816441,-0.0209195408970118,0.233839005231857,3.87115454673767,16.012580871582,359.739685058594,0.0331302508711815,0.139277994632721,-0.00695253163576126,0.98967456817627
680.784790039063,0.0505425631999969,-0.0201028119772673,0.22980760037899,3.46423244476318,15.8720464706421,0.10115896910429,0.0300588570535183,0.137977719306946,-0.00329936854541302,0.989973604679108
681.376220703125,0.053949773311615,-0.0211089849472046,0.243541598320007,3.94990277290344,16.1776695251465,359.824188232422,0.0339039266109467,0.140676900744438,-0.00636721169576049,0.989454388618469
681.926940917969,0.055083192884922,-0.0211283750832081,0.244028300046921,3.91099500656128,16.2396602630615,359.788818359375,0.033520944416523,0.14122362434864,-0.00664306012913585,0.98938775062561
682.468505859375,0.0573363415896893,-0.0208948347717524,0.242150872945786,3.76274609565735,16.2307777404785,359.623291015625,0.0320375002920628,0.141197115182877,-0.00788715947419405,0.98943156003952
682.996948242188,0.0584544911980629,-0.021000137552619,0.243435710668564,3.83941459655762,16.4298229217529,359.529449462891,0.0325685143470764,0.142941281199455,-0.00884849298745394,0.98915559053421
683.52783203125,0.0588677674531937,-0.0217570532113314,0.249948069453239,4.22048759460449,16.5104465484619,359.380249023438,0.0356642827391624,0.143680438399315,-0.0106356153264642,0.988924086093903
684.069763183594,0.0594895742833614,-0.0214142631739378,0.25105494260788,4.05096483230591,16.6142826080322,359.298187255859,0.0340881980955601,0.144600734114647,-0.0111626535654068,0.988839745521545
684.596862792969,0.0582530274987221,-0.0209664348512888,0.249200165271759,3.92307376861572,16.5024127960205,359.498931884766,0.0332467555999756,0.143576130270958,-0.00923716090619564,0.98903751373291
685.142211914063,0.0595030374825001,-0.0200731717050076,0.241088479757309,3.51859998703003,16.4290313720703,359.224426269531,0.029418496415019,0.143014714121819,-0.0110819209367037,0.989221215248108
685.673095703125,0.0587718263268471,-0.0207437481731176,0.243414163589478,3.96283268928528,16.3415851593018,359.477630615234,0.0335765331983566,0.142193928360939,-0.00942339189350605,0.989224314689636
686.179931640625,0.0568173490464687,-0.0197345148772001,0.240765020251274,3.56286334991455,16.0422496795654,359.652404785156,0.0303594935685396,0.139563500881195,-0.00734004890546203,0.989720404148102
686.716735839844,0.0570789091289043,-0.0198680814355612,0.237241253256798,3.40392327308655,16.201509475708,359.529998779297,0.0288261603564024,0.140971526503563,-0.00824392214417458,0.989559590816498
687.261840820313,0.0559795200824738,-0.0194801520556211,0.235698580741882,3.21608328819275,16.3698692321777,359.582000732422,0.0272567961364985,0.142412975430489,-0.00760418362915516,0.989402770996094
687.814575195313,0.0554089471697807,-0.0192401558160782,0.233446598052979,3.04172468185425,16.2026500701904,359.714385986328,0.0259248688817024,0.140939548611641,-0.0062069296836853,0.989659249782562
688.341247558594,0.0566590800881386,-0.0191585998982191,0.2310431599617,3.09789180755615,16.4021034240723,359.292938232422,0.025874137878418,0.14275735616684,-0.00996064580976963,0.989369332790375
688.848449707031,0.0538590028882027,-0.0181452613323927,0.226137652993202,2.59850215911865,16.4162940979004,359.559417724609,0.0218930579721928,0.142818197607994,-0.00704151159152389,0.989481747150421
689.3759765625,0.0518231689929962,-0.0172229595482349,0.218116626143456,2.0711452960968,16.2188587188721,359.676666259766,0.017494423314929,0.141091033816338,-0.0053422967903316,0.989827632904053
689.893859863281,0.0536528900265694,-0.0177597142755985,0.215848997235298,2.27602672576904,16.5426158905029,359.435882568359,0.0189459007233381,0.143927291035652,-0.00772768491879106,0.989376723766327
690.416870117188,0.0524662509560585,-0.0177619531750679,0.217522859573364,2.15958189964294,16.3547191619873,359.496704101563,0.0180284082889557,0.142293110489845,-0.00702699506655335,0.989635467529297
690.954833984375,0.0508062765002251,-0.017715672031045,0.220667466521263,2.05108571052551,16.1560840606689,359.732849121094,0.0173929445445538,0.140540227293968,-0.00482296058908105,0.989910483360291
691.482238769531,0.0498499870300293,-0.0177019666880369,0.219318464398384,2.14607644081116,16.1913013458252,359.779754638672,0.0182696841657162,0.140836760401726,-0.00453966716304421,0.989853858947754
692.060607910156,0.0529466420412064,-0.0162772685289383,0.213622063398361,1.5434877872467,16.3809967041016,359.350433349609,0.0125239761546254,0.142525166273117,-0.0075290035456419,0.989683330059052
692.578063964844,0.0542965568602085,-0.0168339665979147,0.222678452730179,1.8839875459671,16.2671756744385,359.510955810547,0.0156709142029285,0.141530647873878,-0.00655014161020517,0.989788174629211
693.092224121094,0.0508610308170319,-0.0162599459290504,0.224669426679611,1.61655473709106,16.0510654449463,359.640533447266,0.0135304965078831,0.139643624424934,-0.00507530011236668,0.990096390247345
693.621826171875,0.0485374517738819,-0.0166697688400745,0.223313331604004,1.55665338039398,16.3454303741455,359.75537109375,0.0131425177678466,0.14217284321785,-0.00404390459880233,0.989746332168579
694.148864746094,0.048761673271656,-0.0164549089968204,0.224950432777405,1.61879456043243,16.3778343200684,359.787506103516,0.0137180155143142,0.142448946833611,-0.0038473701570183,0.989699602127075
694.666198730469,0.0483715310692787,-0.0157778915017843,0.230498403310776,1.00901114940643,13.5339574813843,0.299374610185623,0.00905162654817104,0.117803864181042,0.00155670836102217,0.992994427680969
695.19140625,0.0606399178504944,-0.0163259338587523,0.231633484363556,1.10982775688171,12.3639278411865,0.247365072369576,0.00986102875322104,0.107660315930843,0.00110308034345508,0.994138240814209
695.701904296875,0.071663424372673,-0.0171288214623928,0.237322181463242,1.76893091201782,13.1032600402832,359.498504638672,0.0148359797894955,0.114150926470757,-0.00610858947038651,0.993333876132965
696.232788085938,0.0725049152970314,-0.0172990150749683,0.235158056020737,1.79309666156769,13.2442102432251,359.098663330078,0.0146352704614401,0.115424953401089,-0.0096164233982563,0.993161797523499
696.776794433594,0.0669765919446945,-0.0175175555050373,0.236559346318245,1.86960744857788,13.4727554321289,359.367828369141,0.015554771758616,0.117373280227184,-0.00739159807562828,0.99293851852417
697.32275390625,0.0619280077517033,-0.0185516253113747,0.242572531104088,2.51151371002197,13.4429655075073,359.682373046875,0.0214402843266726,0.117074891924858,-0.00531708355993032,0.99287748336792
697.908569335938,0.061215415596962,-0.0172646939754486,0.226971313357353,1.7388813495636,13.5241765975952,359.643768310547,0.0147023918107152,0.117779634892941,-0.00487341685220599,0.992918968200684
698.430969238281,0.0594710558652878,-0.0170639678835869,0.222126081585884,1.58376276493073,13.641996383667,359.516265869141,0.0132212350144982,0.118813395500183,-0.00583253055810928,0.992811441421509
698.956115722656,0.058642290532589,-0.0174232553690672,0.225250989198685,1.83868670463562,13.7096853256226,359.55029296875,0.0154617177322507,0.119400598108768,-0.0058109606616199,0.992708742618561
699.483276367188,0.0569315627217293,-0.0177557319402695,0.231772303581238,2.04123520851135,13.2844133377075,359.783630371094,0.0174742322415113,0.115683734416962,-0.00393554987385869,0.993124604225159
700.005187988281,0.0580735914409161,-0.0266386903822422,0.245309203863144,6.79433059692383,11.8701362609863,359.724243164063,0.0586907938122749,0.103361167013645,-0.0085165249183774,0.992874264717102
700.542663574219,0.0572638027369976,-0.0290262550115585,0.245076239109039,8.94248008728027,11.4523420333862,359.285064697266,0.0769475623965263,0.0999526306986809,-0.0139671275392175,0.991914033889771
701.065979003906,0.0669378414750099,-0.0184895023703575,0.232056632637978,3.10630416870117,14.3512163162231,356.635803222656,0.0232151336967945,0.125600546598434,-0.0324976220726967,0.991276681423187
701.591857910156,0.0558208897709846,-0.0160060580819845,0.239366784691811,1.97347497940063,11.0471973419189,358.899688720703,0.0162161160260439,0.0964016020298004,-0.0112133976072073,0.995147228240967
702.123840332031,0.0501587651669979,-0.0143934553489089,0.241440713405609,1.38447058200836,10.1050500869751,359.904602050781,0.0119612412527204,0.0880725085735321,-0.00189308391418308,0.996040463447571
702.652099609375,0.0471689775586128,-0.0139020709320903,0.237937808036804,1.09919500350952,9.43360805511475,0.604600191116333,0.00999335758388042,0.0821754410862923,0.00446923915296793,0.996557772159576
703.188598632813,0.0365058965981007,-0.0134871248155832,0.244947239756584,1.42266380786896,6.81659460067749,3.66448664665222,0.0142871607095003,0.0590197145938873,0.031176520511508,0.997667551040649
703.711730957031,0.0337030440568924,-0.0143473586067557,0.24158401787281,1.47822523117065,6.48326826095581,4.66618871688843,0.0151700498536229,0.0559711456298828,0.0399115718901157,0.997519016265869
704.228088378906,0.0290452241897583,-0.0136959748342633,0.242232516407967,1.4278244972229,5.85581111907959,5.30518770217896,0.0147939641028643,0.0504447780549526,0.0455802008509636,0.997576534748077
704.745544433594,0.0246498957276344,-0.0110910944640636,0.244043663144112,359.984893798828,5.15854597091675,5.7286057472229,0.00211719237267971,0.044951967895031,0.0499259978532791,0.997738599777222
705.31787109375,0.00549858808517456,-0.0137044666334987,0.244660809636116,1.25741422176361,2.30743789672852,8.02055072784424,0.0123517541214824,0.0193170923739672,0.0696965903043747,0.997304677963257
705.844970703125,0.00378230772912502,-0.0151623021811247,0.242552325129509,2.18537330627441,2.73887395858765,8.34049224853516,0.0207515209913254,0.0224449299275875,0.0722317472100258,0.996919333934784
706.392761230469,0.0197093449532986,-0.0156514216214418,0.237946286797523,2.47372794151306,5.75302124023438,5.95167398452759,0.0241340585052967,0.0489849410951138,0.0507555268704891,0.997217059135437
706.915588378906,0.0360180176794529,-0.0163935199379921,0.24413289129734,2.81833815574646,8.6094446182251,3.43833041191101,0.0267629381269217,0.0742687359452248,0.0280618313699961,0.996484041213989
707.460205078125,0.033798560500145,-0.0180455762892962,0.254810214042664,3.55853366851807,7.41116333007813,3.85919952392578,0.0331417135894299,0.0635184496641159,0.0315793566405773,0.996930181980133
708.007141113281,0.0290314145386219,-0.01887839846313,0.252123475074768,4.07410526275635,6.60739040374756,4.28825235366821,0.0376165769994259,0.0562239959836006,0.035280529409647,0.997085332870483
708.552734375,0.0316056683659554,-0.0178116913884878,0.239487081766129,2.98475098609924,7.30993747711182,4.16154003143311,0.0282876044511795,0.0627406537532806,0.0345630086958408,0.997030019760132
709.067321777344,0.0320722870528698,-0.017040841281414,0.232370406389236,2.31553554534912,7.57754945755005,3.69110512733459,0.0222785137593746,0.0653813555836678,0.0307940021157265,0.997136235237122
709.594055175781,0.0311822444200516,-0.0174592453986406,0.23419164121151,2.27487230300903,7.62971258163452,3.9611349105835,0.0220938343554735,0.0657952427864075,0.0331572368741035,0.997037351131439
710.1123046875,0.033642191439867,-0.0167983062565327,0.239625617861748,2.66888570785522,7.33727121353149,3.99418115615845,0.0254557058215141,0.0631199106574059,0.0332786850631237,0.99712610244751
710.62451171875,0.0402002669870853,-0.0176867470145226,0.23995940387249,2.99115633964539,7.90603733062744,3.24642944335938,0.0279793869704008,0.0681497603654861,0.0264510773122311,0.996931850910187
711.146789550781,0.0421912744641304,-0.0179627686738968,0.232810899615288,2.87397408485413,8.27780818939209,2.81677412986755,0.0267779529094696,0.0715154409408569,0.0226972904056311,0.996821701526642
711.668640136719,0.0401357598602772,-0.0179279260337353,0.232109367847443,2.82738280296326,8.88510036468506,2.95673012733459,0.0265865586698055,0.0767755135893822,0.023803761228919,0.996409595012665
712.2529296875,0.0389477610588074,-0.0193172693252563,0.247798234224319,3.36575126647949,9.14106369018555,2.66581344604492,0.0311190076172352,0.0789493769407272,0.0208379868417978,0.996174931526184
712.827758789063,0.0384718663990498,-0.0184185784310102,0.241154387593269,2.93249034881592,9.16114330291748,2.60408663749695,0.0273137800395489,0.0792345777153969,0.0206000376492739,0.996268749237061
713.337036132813,0.0384888723492622,-0.0176957957446575,0.233831733465195,2.52750706672668,9.49562644958496,2.51953434944153,0.0237931665033102,0.0822468176484108,0.0200795009732246,0.99612557888031
713.874206542969,0.0399212837219238,-0.0180683042854071,0.233502209186554,2.56971430778503,10.0095443725586,2.20342373847961,0.0240104347467422,0.086771160364151,0.017193391919136,0.995790481567383
714.403198242188,0.0402290374040604,-0.0181247815489769,0.238966941833496,2.68278956413269,9.99226474761963,2.02871036529541,0.0248583164066076,0.0866381376981735,0.015592428855598,0.995807588100433
714.93994140625,0.0403817370533943,-0.0182086862623692,0.235109210014343,2.81451296806335,10.6824779510498,1.49299705028534,0.0256624985486269,0.092732697725296,0.0106820901855826,0.995302975177765
715.476257324219,0.043266985565424,-0.0177263729274273,0.224317267537117,2.25528526306152,11.7233839035034,0.710985481739044,0.0202100519090891,0.101984240114689,0.00416103284806013,0.99457198381424
715.9921875,0.0463017895817757,-0.017803156748414,0.219703033566475,2.264080286026,12.1799345016479,0.444091260433197,0.0200559627264738,0.105992324650288,0.00175683980342001,0.994163155555725
716.509826660156,0.0439061708748341,-0.0173023194074631,0.219321578741074,2.19684648513794,12.5861587524414,0.6332146525383,0.0196597184985876,0.109487146139145,0.00339024001732469,0.993788003921509
717.0439453125,0.0447373539209366,-0.0324917361140251,0.229791209101677,10.2754030227661,13.8842430114746,1.15673446655273,0.0901037976145744,0.119477599859238,-0.000843038316816092,0.988739490509033
717.588500976563,0.0598901025950909,-0.0200664382427931,0.225333273410797,3.52483606338501,15.6588716506958,358.46484375,0.0286416783928871,0.136556044220924,-0.0174543187022209,0.990064382553101
718.152709960938,0.0646482184529305,-0.0190726425498724,0.225406304001808,3.03337621688843,15.7418956756592,358.081909179688,0.0239237770438194,0.137313961982727,-0.0201983638107777,0.990032613277435
718.725036621094,0.0645894631743431,-0.0191649552434683,0.222306832671165,3.13188457489014,15.778956413269,358.123565673828,0.0248184371739626,0.137636214494705,-0.0199636127799749,0.989970624446869
719.300720214844,0.0669954642653465,-0.0194816030561924,0.221974849700928,3.1513557434082,16.1641311645508,357.957946777344,0.0247155670076609,0.141000971198082,-0.0215009767562151,0.989467322826385
719.882019042969,0.0676860883831978,-0.0190204679965973,0.218852370977402,2.98623776435852,16.1727352142334,357.982025146484,0.0233176425099373,0.141050383448601,-0.0210929438471794,0.989502966403961
720.467468261719,0.0677279159426689,-0.0191994812339544,0.216874271631241,3.01064896583557,16.2703666687012,357.968322753906,0.0234934873878956,0.14189912378788,-0.0212611332535744,0.989373922348022
720.986389160156,0.06581911444664,-0.0193871408700943,0.221799001097679,3.15088152885437,16.2255344390869,358.230804443359,0.0250368658453226,0.141471892595291,-0.0191577672958374,0.989440143108368
721.568481445313,0.064404122531414,-0.0196801461279392,0.22603140771389,3.34212112426758,16.1500034332275,358.452545166016,0.0269735492765903,0.140786603093147,-0.0174600649625063,0.989518404006958
722.138305664063,0.0665112286806107,-0.0202879160642624,0.230615302920341,3.5734076499939,16.4446411132813,358.408874511719,0.0288705788552761,0.143359661102295,-0.0181939471513033,0.989082157611847
722.65625,0.0659127533435822,-0.0207869559526443,0.239473804831505,3.93032574653625,16.191104888916,358.668762207031,0.0323128327727318,0.141126453876495,-0.0163231715559959,0.98932945728302
723.232971191406,0.0622429251670837,-0.020268214866519,0.242110967636108,3.82257437705994,15.8870496749878,358.885314941406,0.0316869430243969,0.138434842228889,-0.0142375724390149,0.989762127399445
723.805358886719,0.0567829459905624,-0.0209829993546009,0.234969288110733,3.60783243179321,16.3410987854004,359.883209228516,0.0310147441923618,0.142081409692764,-0.00548219168558717,0.989353775978088
724.367980957031,0.0588146336376667,-0.0221724342554808,0.235910564661026,3.94601964950562,15.7972612380981,359.630981445313,0.0336596295237541,0.137448519468307,-0.00791903771460056,0.989905178546906
724.931579589844,0.0556378215551376,-0.0214286521077156,0.233773306012154,3.66004705429077,15.59206199646,0.0503972135484219,0.03169896453619,0.135563835501671,-0.00389630603604019,0.990253746509552
725.511535644531,0.0305891633033752,-0.0151492357254028,0.199387639760971,359.493530273438,19.5651245117188,1.43671560287476,-0.0022249307949096,0.169949173927307,0.0131058590486646,0.985363185405731
726.022338867188,0.0421197302639484,-0.0199790112674236,0.208113923668861,1.51018035411835,17.6131687164307,1.2548371553421,0.0146986236795783,0.152934342622757,0.00880277715623379,0.988087832927704
726.525573730469,0.0538805946707726,-0.0205692388117313,0.227778643369675,2.03427791595459,16.7497253417969,0.980357468128204,0.0188074037432671,0.145470470190048,0.00587717350572348,0.989166378974915
727.043823242188,0.0639564171433449,-0.0212829038500786,0.23760874569416,2.37363171577454,17.3846874237061,0.115644119679928,0.0206269361078739,0.151075556874275,-0.00213285139761865,0.988304674625397
727.618347167969,0.0576255172491074,-0.0176029615104198,0.231452152132988,0.490938693284988,16.3235683441162,1.66225171089172,0.00629968522116542,0.141890972852707,0.0137501573190093,0.989766776561737
728.1923828125,0.0497713945806026,-0.0178331229835749,0.227568536996841,0.620758831501007,16.1996402740479,2.35940074920654,0.00826273486018181,0.140755772590637,0.0196194164454937,0.989815473556519
728.772766113281,0.0540585182607174,-0.0183393284678459,0.230770364403725,0.800215661525726,16.6688499450684,2.0496883392334,0.00950080435723066,0.144800409674644,0.0166845750063658,0.989274621009827
729.285949707031,0.0589908733963966,-0.0209317393600941,0.240203678607941,2.21236968040466,17.0605792999268,1.95822441577911,0.0216232296079397,0.147956699132919,0.0140325259417295,0.988657891750336
729.8740234375,0.0570057705044746,-0.0208141878247261,0.24241504073143,2.28006291389465,16.8601589202881,1.80489528179169,0.0219871178269386,0.146245166659355,0.0126603385433555,0.988922953605652
730.43798828125,0.0581302233040333,-0.0231721848249435,0.236964553594589,3.63020849227905,16.5560817718506,1.51001906394958,0.0332377441227436,0.143479183316231,0.0084732212126255,0.98905873298645
731.005065917969,0.0715828686952591,-0.0336057730019093,0.212227284908295,10.3646898269653,20.118070602417,0.654948532581329,0.0899299904704094,0.173437654972076,-0.0101716676726937,0.980677604675293
731.511352539063,0.0856603980064392,-0.0172317232936621,0.191511318087578,1.28363561630249,24.0196552276611,354.515808105469,0.000989907654002309,0.208352327346802,-0.0491184182465076,0.976819217205048
732.075561523438,0.0861867889761925,-0.0174589548259974,0.204777419567108,1.59249591827393,23.1391410827637,355.141845703125,0.00510273920372128,0.20093509554863,-0.0443022400140762,0.978588998317719
732.645263671875,0.084443099796772,-0.0174655020236969,0.20405375957489,1.65696597099304,23.4645748138428,355.292266845703,0.00579475471749902,0.203727722167969,-0.0431464463472366,0.978059232234955
733.218994140625,0.0776766091585159,-0.0187129359692335,0.224410444498062,2.2638247013092,21.2174472808838,356.774017333984,0.0142278466373682,0.184538677334785,-0.0312971249222755,0.982223749160767
733.749694824219,0.0781311988830566,-0.0207978487014771,0.233615577220917,3.02368950843811,22.1802444458008,357.589111328125,0.0218400098383427,0.192787945270538,-0.0257110986858606,0.980660378932953
734.315063476563,0.0745918154716492,-0.0210370272397995,0.239220142364502,3.10489845275879,21.7509174346924,357.977203369141,0.0232721492648125,0.189045816659927,-0.0224388092756271,0.981436014175415
734.820617675781,0.0749928802251816,-0.0209299847483635,0.240411281585693,3.07085704803467,21.8097343444824,358.070007324219,0.0231225918978453,0.189527228474617,-0.0215997509658337,0.981365501880646
735.371643066406,0.0748397186398506,-0.0239734146744013,0.239309385418892,4.78255748748779,20.5550441741943,358.289794921875,0.0383892245590687,0.178853690624237,-0.022114846855402,0.982877731323242
735.881958007813,0.0793198272585869,-0.0221738573163748,0.234562888741493,3.74518609046936,19.5408477783203,357.375946044922,0.0283110830932856,0.170303076505661,-0.0280969832092524,0.984584152698517
736.465087890625,0.083404652774334,-0.0212824270129204,0.227065190672874,3.11431670188904,20.2406005859375,356.955627441406,0.0220759585499763,0.176299288868904,-0.0309143178164959,0.983603358268738
737.042297363281,0.0820345357060432,-0.0214515719562769,0.232138708233833,3.28191542625427,20.4118804931641,357.391906738281,0.0241450313478708,0.177709624171257,-0.0274613779038191,0.983403384685516
737.629699707031,0.0787372514605522,-0.0211552139371634,0.236207723617554,3.25819873809814,20.3708629608154,357.85302734375,0.0246647614985704,0.177256226539612,-0.0234584640711546,0.983575940132141
738.204528808594,0.0779445543885231,-0.0209291614592075,0.232639566063881,3.18914341926575,20.746337890625,357.654571533203,0.0236827116459608,0.180511295795441,-0.0251333154737949,0.982966482639313
738.776611328125,0.0784538313746452,-0.0208538938313723,0.232517704367638,3.15599870681763,20.6650867462158,357.616577148438,0.0233564767986536,0.179817646741867,-0.0253908727318048,0.983094811439514
739.352905273438,0.0793128684163094,-0.0210439991205931,0.232614785432816,3.0830614566803,20.3903484344482,357.549774169922,0.0226877015084028,0.177463427186012,-0.0257958583533764,0.983527660369873
739.942993164063,0.082579530775547,-0.0210502147674561,0.236282140016556,3.21218371391296,20.4865398406982,357.542938232422,0.0237636808305979,0.178308591246605,-0.0260732360184193,0.983342111110687
740.509521484375,0.0829151570796967,-0.0206226818263531,0.23371984064579,3.08147525787354,20.3190975189209,357.312133789063,0.0223233047872782,0.176898315548897,-0.0278191920369864,0.983582615852356
741.01025390625,0.0800653025507927,-0.0198983978480101,0.229669183492661,2.86498308181763,20.0596485137939,357.36572265625,0.0206084512174129,0.174626216292381,-0.0269807353615761,0.984049320220947
741.5712890625,0.0781599953770638,-0.0195454768836498,0.226807668805122,2.77724957466125,19.9368209838867,357.250244140625,0.019708750769496,0.173577189445496,-0.0278183929622173,0.984229981899261
742.07958984375,0.073387011885643,-0.0230064652860165,0.240763768553734,4.67190408706665,19.5192604064941,359.276000976563,0.0390979573130608,0.16962468624115,-0.0131305772811174,0.984645307064056
742.580261230469,0.0692658275365829,-0.0208497811108828,0.240212053060532,3.74974608421326,19.4013748168945,359.460021972656,0.0314551405608654,0.168561086058617,-0.0101549765095115,0.985136866569519
743.157287597656,0.0680920109152794,-0.0206701662391424,0.242694556713104,3.67920446395874,19.8557872772217,359.722625732422,0.0312036871910095,0.172395840287209,-0.00791767798364162,0.984501600265503
743.723937988281,0.0669872686266899,-0.0207198448479176,0.23898720741272,3.46171808242798,19.4706192016602,359.9716796875,0.0297278501093388,0.169027000665665,-0.00535101676359773,0.98514848947525
744.243713378906,0.0655019134283066,-0.0198412239551544,0.238078013062477,3.06859755516052,19.4869060516357,0.102919913828373,0.0265410747379065,0.169152438640594,-0.00364650459960103,0.985225737094879
744.778686523438,0.0612359121441841,-0.0204061027616262,0.241030976176262,3.16774463653564,19.1079521179199,0.509216368198395,0.0279938895255327,0.165790498256683,-0.000207166958716698,0.985763609409332
745.282348632813,0.0601901113986969,-0.0204715728759766,0.243244647979736,3.23021268844604,19.5304336547852,0.488204598426819,0.0284988842904568,0.169423997402191,-0.00058350310428068,0.985130965709686
745.833679199219,0.0626628622412682,-0.0201721414923668,0.247503370046616,3.08488893508911,19.5636253356934,0.232417494058609,0.0268705617636442,0.169780999422073,-0.00257516885176301,0.985112071037292
746.397705078125,0.0633745342493057,-0.0206311382353306,0.252498954534531,3.26110100746155,19.5835399627686,0.274314641952515,0.0284469872713089,0.16993148624897,-0.00248119072057307,0.985042095184326
746.978881835938,0.0615893714129925,-0.0207599736750126,0.256802320480347,3.29660511016846,19.4343967437744,0.446909368038177,0.0290094297379255,0.168603539466858,-0.0010124936234206,0.985256433486938
747.548583984375,0.0630150660872459,-0.0202018320560455,0.254859179258347,3.10978293418884,19.5405521392822,0.314622968435287,0.027206739410758,0.169561713933945,-0.00189990317448974,0.985142111778259
748.133178710938,0.063051350414753,-0.0181017257273197,0.240834563970566,2.05792951583862,19.0670223236084,0.110249355435371,0.0178691539913416,0.165580600500107,-0.0020255921408534,0.98603230714798
748.72607421875,0.0612493231892586,-0.0177012830972672,0.233445256948471,1.87628304958344,18.9887371063232,0.455704361200333,0.016804400831461,0.164863049983978,0.00122105609625578,0.986172556877136
749.311218261719,0.0582021176815033,-0.0175029039382935,0.234648913145065,1.55947244167328,19.5424098968506,0.950084149837494,0.0148176299408078,0.16958150267601,0.00586043857038021,0.98538738489151
749.816223144531,0.0600476935505867,-0.017771327868104,0.2330491989851,1.58991515636444,19.5894718170166,0.657882273197174,0.0146482912823558,0.170021280646324,0.00329662347212434,0.985325992107391
750.403991699219,0.0583004653453827,-0.01718445494771,0.233821600675583,1.45269525051117,19.2143325805664,0.997294187545776,0.0139508862048388,0.166763573884964,0.00646459730342031,0.98587703704834
750.980590820313,0.0571657456457615,-0.0173178128898144,0.233045279979706,1.41381323337555,19.2896404266357,0.902813792228699,0.0134826255962253,0.167426198720932,0.00569953816011548,0.985775947570801
751.482055664063,0.0557839572429657,-0.0168403442949057,0.227949291467667,1.13845670223236,19.2968635559082,0.926202595233917,0.0111484816297889,0.167509242892265,0.00630280049517751,0.985787332057953
752.062866210938,0.0591100454330444,-0.0167410559952259,0.222591772675514,1.05978763103485,19.3962326049805,0.630343496799469,0.0100425574928522,0.168397083878517,0.00386400287970901,0.985660493373871
752.566284179688,0.0594566948711872,-0.017253614962101,0.223410978913307,1.41602420806885,19.3775653839111,0.77814793586731,0.0133230350911617,0.168196946382523,0.0046136393211782,0.985652565956116
753.100402832031,0.0567305572330952,-0.0176828745752573,0.216434612870216,1.64084887504578,18.958345413208,0.791339218616486,0.0152599420398474,0.164570733904839,0.00445262715220451,0.986237168312073
753.68115234375,0.0603566244244576,-0.0173360779881477,0.211256861686707,1.61276590824127,19.2181072235107,0.640592098236084,0.0148089481517673,0.166827842593193,0.0031620254740119,0.985869765281677
754.263000488281,0.067098431289196,-0.0182933416217566,0.217253386974335,1.8372220993042,19.3560752868652,0.174714028835297,0.0160601940006018,0.168065637350082,-0.00119240314234048,0.985644280910492
754.836669921875,0.0673129633069038,-0.01855737157166,0.222110852599144,2.09638476371765,19.6959781646729,0.27693697810173,0.0184370577335358,0.170962110161781,-0.00074807635974139,0.985104858875275
755.391845703125,0.063406340777874,-0.0175704024732113,0.220821052789688,1.53013682365417,19.4361991882324,0.4553162753582,0.0138315046206117,0.168732091784477,0.0016621018294245,0.985563516616821
755.89697265625,0.0626089498400688,-0.0181674268096685,0.225656390190125,1.86760318279266,19.570972442627,0.591638565063477,0.0169372539967299,0.169852137565613,0.002317373175174,0.985321283340454
756.424499511719,0.0617337822914124,-0.0175853576511145,0.224708586931229,1.58826148509979,19.4267654418945,0.631597757339478,0.0145906945690513,0.168625548481941,0.00309378863312304,0.985567331314087
757.010009765625,0.0632810518145561,-0.0183710381388664,0.226887106895447,1.85114824771881,19.2949409484863,0.630632400512695,0.0168470684438944,0.167473554611206,0.0027176677249372,0.985728859901428
757.587768554688,0.0639818757772446,-0.018164798617363,0.227043747901917,1.77808427810669,19.380802154541,0.546743214130402,0.016097541898489,0.168229088187218,0.00209086923860013,0.98561429977417
758.096069335938,0.0640565678477287,-0.0189339052885771,0.230244442820549,2.07722663879395,19.2705402374268,0.581212937831879,0.0187190882861614,0.167255401611328,0.00196579517796636,0.985733926296234
758.660400390625,0.0637093484401703,-0.0190336033701897,0.228868529200554,2.05916833877563,19.4424686431885,0.583623111248016,0.0185702685266733,0.168735012412071,0.00198505469597876,0.985484480857849
759.171508789063,0.0625581294298172,-0.0189472008496523,0.227857753634453,2.055988073349,19.1804485321045,0.738227605819702,0.0187629200518131,0.166456267237663,0.00336224655620754,0.985864579677582
759.676879882813,0.0627238005399704,-0.0185555480420589,0.226223468780518,1.95393085479736,19.2618865966797,0.720657587051392,0.0178617779165506,0.167167872190475,0.00334684201516211,0.985760927200317
760.180114746094,0.0605161488056183,-0.018552565947175,0.229240953922272,1.91347777843475,19.1303081512451,1.09239137172699,0.0180484093725681,0.165981367230415,0.00662445090711117,0.985941469669342
760.690124511719,0.0572728365659714,-0.0191127900034189,0.234460398554802,2.19638538360596,18.8776836395264,1.53090023994446,0.0210951752960682,0.16369740664959,0.0100331120193005,0.9862340092659
761.258972167969,0.0562555864453316,-0.0188883151859045,0.232017487287521,2.07051110267639,19.1115474700928,1.54494798183441,0.0200530346482992,0.165725216269493,0.0102934762835503,0.985914349555969
761.834106445313,0.0532220304012299,-0.018169641494751,0.225835293531418,1.85297930240631,18.9271755218506,1.80337619781494,0.0185346640646458,0.164127916097641,0.0128622846677899,0.986181020736694
762.43408203125,0.0580936260521412,-0.0178461465984583,0.215527608990669,1.65305995941162,19.3342399597168,1.4220370054245,0.0163028351962566,0.167716830968857,0.00980966910719872,0.985651612281799
763.004821777344,0.0588268376886845,-0.0190399810671806,0.227819040417671,2.18231987953186,19.3060531616211,1.36856055259705,0.0207744110375643,0.167414620518684,0.00857847556471825,0.985630333423615
763.576049804688,0.0569282956421375,-0.019524272531271,0.238263517618179,2.39227342605591,19.2841396331787,1.56967651844025,0.0228719264268875,0.167158558964729,0.0100050568580627,0.985613942146301
764.076232910156,0.0572090968489647,-0.0195103287696838,0.239132523536682,2.31855440139771,19.3697681427002,1.46829354763031,0.0220969095826149,0.167925551533699,0.00922442506998777,0.985508859157562
764.652038574219,0.0579817779362202,-0.0191141832619905,0.239357903599739,2.32153296470642,19.4783840179443,1.48374259471893,0.0221540145576,0.1688561886549,0.00933191739022732,0.985347509384155
765.229675292969,0.0575823076069355,-0.0193836707621813,0.240729779005051,2.39475846290588,19.4393329620361,1.57118427753448,0.0229090396314859,0.168492585420609,0.00998337101191282,0.98538613319397
765.743469238281,0.0560433194041252,-0.0195005610585213,0.241319894790649,2.35091423988342,19.4173450469971,1.56522524356842,0.0225213728845119,0.168311178684235,0.0100011322647333,0.98542582988739
766.295471191406,0.0542776882648468,-0.0199609603732824,0.245631888508797,2.50196933746338,19.5178318023682,1.90100967884064,0.0243243481963873,0.169082224369049,0.0126446476206183,0.985220611095428
766.85888671875,0.0550391562283039,-0.0198104977607727,0.246680557727814,2.49693894386292,19.4963188171387,1.78070509433746,0.0241013932973146,0.168923541903496,0.0116222826763988,0.985265910625458
767.359375,0.0542092099785805,-0.018941605463624,0.242373466491699,2.16596269607544,19.3795299530029,1.81643402576447,0.0212958883494139,0.167966768145561,0.0124409887939692,0.985484063625336
767.929992675781,0.0543716363608837,-0.0189812313765287,0.238432496786118,2.13432383537292,19.490291595459,1.74341762065887,0.0209282450377941,0.168937817215919,0.0118393609300256,0.985333383083344
768.437927246094,0.0527895539999008,-0.0188248250633478,0.233277291059494,2.0120415687561,19.3751583099365,1.88890671730042,0.0200780238956213,0.167941614985466,0.0132914269343019,0.98550283908844
769.02587890625,0.0545142404735088,-0.0185170453041792,0.229354932904243,1.93005037307739,19.4812679290771,1.49472951889038,0.0188043713569641,0.168933495879173,0.0100045017898083,0.985397279262543
769.605163574219,0.058534063398838,-0.018816851079464,0.233187824487686,2.07766509056091,19.4242553710938,1.5351585149765,0.0201281793415546,0.168415769934654,0.0101439841091633,0.985458314418793
770.160827636719,0.0602453984320164,-0.0187688432633877,0.23672391474247,2.14413619041443,19.6340370178223,1.23316729068756,0.0202694833278656,0.170264065265656,0.00741186179220676,0.985162079334259
770.671997070313,0.0576726123690605,-0.0195090249180794,0.242918282747269,2.40654921531677,19.3755760192871,1.4933066368103,0.0228907316923141,0.167958155274391,0.00930903200060129,0.98548436164856
771.243469238281,0.05525191873312,-0.0201173983514309,0.248546212911606,2.59247970581055,19.3044567108154,1.72816228866577,0.0248268060386181,0.167269185185432,0.011070704087615,0.985536456108093
771.783203125,0.0523944273591042,-0.0195399187505245,0.248434334993362,2.42817997932434,19.2716407775879,1.87827169895172,0.0236294157803059,0.16698269546032,0.0126092843711376,0.985596001148224
772.329711914063,0.0533856153488159,-0.019939661026001,0.250656753778458,2.50267648696899,19.3110790252686,1.94426012039185,0.0243707187473774,0.167295038700104,0.0130594475194812,0.985519111156464
772.860656738281,0.0520817339420319,-0.0201729070395231,0.252869367599487,2.54040145874023,19.2842922210693,2.02675175666809,0.0248123351484537,0.167040124535561,0.0137193724513054,0.985542356967926
773.380493164063,0.0508406572043896,-0.0201906580477953,0.252502918243408,2.48700332641602,19.524974822998,2.1070499420166,0.024500573053956,0.169102475047112,0.0144367488101125,0.985188126564026
773.952697753906,0.0500974655151367,-0.0200440753251314,0.251458168029785,2.43677854537964,19.3360786437988,2.10454726219177,0.0240412149578333,0.167488276958466,0.0145293390378356,0.985473811626434
774.467651367188,0.0509734451770782,-0.0201501399278641,0.252669423818588,2.48727822303772,19.4612522125244,2.08677744865417,0.0244650840759277,0.16855888068676,0.0142756560817361,0.985284507274628
774.982727050781,0.0496090948581696,-0.0198768600821495,0.258060157299042,2.33908367156982,19.0101490020752,2.37291955947876,0.0235449932515621,0.164648309350014,0.0170477852225304,0.985923886299133
775.555236816406,0.0495528988540173,-0.0201679319143295,0.261255025863647,2.57836985588074,19.3161792755127,2.3454577922821,0.0256078597158194,0.167236775159836,0.0163975935429335,0.985447704792023
776.121948242188,0.0431119613349438,-0.0187611598521471,0.254523396492004,2.38767623901367,20.8617744445801,2.29085350036621,0.0241049006581306,0.180564269423485,0.0158841218799353,0.983139514923096
776.632446289063,0.0499124936759472,-0.018938610330224,0.248128235340118,2.26029253005981,20.7172985076904,2.08598732948303,0.0226711872965097,0.179391294717789,0.0143566308543086,0.983411729335785
777.227905273438,0.0626190602779388,-0.0189547706395388,0.245827287435532,2.29059934616089,20.5560741424561,1.4741427898407,0.0219603516161442,0.178121641278267,0.00908896699547768,0.983721435070038
777.799377441406,0.0647451281547546,-0.0208436250686646,0.248009890317917,3.26076030731201,20.1950778961182,1.35242104530334,0.0300773233175278,0.174910679459572,0.00662639690563083,0.984102547168732
778.362182617188,0.0671541094779968,-0.0191782657057047,0.222211986780167,2.59337663650513,21.0455303192139,0.739993989467621,0.0234275404363871,0.182431951165199,0.0022147314157337,0.982936859130859
778.934326171875,0.0667451322078705,-0.0186388287693262,0.218785271048546,2.43580055236816,20.9094867706299,0.568076312541962,0.0218010116368532,0.181311994791031,0.00101716141216457,0.983183443546295
779.46435546875,0.069037452340126,-0.0182670541107655,0.221613898873329,2.35524487495422,21.2103443145752,0.599316716194153,0.0211629401892424,0.18389305472374,0.0013572508469224,0.982717514038086
779.9677734375,0.0673005431890488,-0.0179026015102863,0.220080852508545,2.22912240028381,21.1648998260498,0.638711512088776,0.0201438330113888,0.183506086468697,0.00190571835264564,0.982810318470001
780.539489746094,0.0654682144522667,-0.01766761764884,0.216241046786308,2.08366179466248,21.1775360107422,0.722156047821045,0.0190302487462759,0.183612003922462,0.00285251811146736,0.982810437679291
781.105651855469,0.0659990236163139,-0.0176639277487993,0.21529021859169,2.16287302970886,21.1412143707275,0.65785163640976,0.0196058582514524,0.183304890990257,0.00218014465644956,0.982858180999756
781.616088867188,0.0679534673690796,-0.0183123797178268,0.219876825809479,2.35253643989563,21.1986274719238,0.653965532779694,0.0212272200733423,0.183782681822777,0.00183243188075721,0.982735991477966
782.17333984375,0.068247951567173,-0.0185962915420532,0.22527052462101,2.55706095695496,21.5337200164795,0.591750919818878,0.0228840764611959,0.186650931835175,0.000903552863746881,0.982159316539764
782.7353515625,0.0647718533873558,-0.0190176963806152,0.232931509613991,2.85146260261536,21.2862892150879,0.938555061817169,0.0259644947946072,0.184427812695503,0.00345177389681339,0.982496976852417
783.239074707031,0.0624375641345978,-0.0196040123701096,0.239472478628159,2.94156503677368,21.4349212646484,1.0157550573349,0.0268663167953491,0.1856739372015,0.00393349211663008,0.982236206531525
783.807739257813,0.0608634054660797,-0.0200488120317459,0.246445626020432,3.14379930496216,21.2103061676025,1.19684433937073,0.028882784768939,0.183678850531578,0.00521379429847002,0.98254805803299
784.372497558594,0.0627398565411568,-0.0200470183044672,0.248457759618759,3.13706469535828,21.1925373077393,0.950536012649536,0.0284296870231628,0.183588922023773,0.00311708333902061,0.982586979866028
784.879455566406,0.0635175481438637,-0.0210976619273424,0.249084085226059,3.54044342041016,20.9974975585938,0.77143257856369,0.031599510461092,0.18191847205162,0.000987411243841052,0.982805252075195
785.427734375,0.0661793798208237,-0.0199360623955727,0.241446673870087,2.8622190952301,21.7831211090088,0.598364591598511,0.0255110915750265,0.188761219382286,0.00040705525316298,0.981691539287567
785.930847167969,0.0625535845756531,-0.0194053407758474,0.233474776148796,2.6193528175354,20.5242347717285,0.644911348819733,0.0234925430268049,0.177975729107857,0.00146460707765073,0.983753383159637
786.486511230469,0.0615308694541454,-0.0191360674798489,0.228763058781624,2.15183877944946,20.1184692382813,0.690738677978516,0.0195409115403891,0.174520820379257,0.0026543999556452,0.98445600271225
787.058898925781,0.0597457997500896,-0.0207442995160818,0.240310221910477,2.85008931159973,20.2276344299316,0.958178341388702,0.0259497296065092,0.175338983535767,0.00386213418096304,0.984158515930176
787.591613769531,0.0531879588961601,-0.0211120788007975,0.249913305044174,3.46056509017944,20.4664649963379,1.24599528312683,0.0316432565450668,0.177240982651711,0.00533139379695058,0.983644187450409
788.158264160156,0.00909532140940428,-0.0220738667994738,0.246918708086014,4.60203170776367,24.3268299102783,2.66588973999023,0.0441349558532238,0.209560796618462,0.0142643842846155,0.976694941520691
788.726928710938,0.00606797635555267,-0.0196691956371069,0.223361000418663,5.12659454345703,21.4351615905762,2.94403195381165,0.048700887709856,0.184591889381409,0.0169010050594807,0.981462359428406
789.239135742188,0.074137307703495,-0.0285735484212637,0.210246220231056,4.87582302093506,19.5440082550049,359.620727539063,0.0413580909371376,0.16971218585968,-0.0104784583672881,0.984569728374481
789.748901367188,0.0637149810791016,-0.0257686376571655,0.243147522211075,3.41545343399048,18.9599914550781,358.523559570313,0.0272705256938934,0.164995133876801,-0.0176102872937918,0.985760033130646
790.34130859375,0.0842321962118149,-0.0280793458223343,0.239942148327827,2.85415887832642,15.4765005111694,359.549102783203,0.0241480246186256,0.134702041745186,-0.00725108478218317,0.990565419197083
790.913757324219,0.100484080612659,-0.0294807720929384,0.234009966254234,2.81180143356323,14.7990465164185,358.873352050781,0.0230638068169355,0.128981560468674,-0.0129066398367286,0.991294741630554
791.4853515625,0.10707750916481,-0.0313750989735126,0.231734722852707,2.99609518051147,14.0153646469116,358.569946289063,0.024423586204648,0.122275039553642,-0.0155710820108652,0.992073535919189
792.044860839844,0.103304848074913,-0.0341140851378441,0.229691952466965,4.7612566947937,15.5606565475464,358.078125,0.0388813018798828,0.135929763317108,-0.0222243536263704,0.989705741405487
792.552185058594,0.0904269888997078,-0.0312234871089458,0.22919037938118,4.32043075561523,16.3357524871826,358.039093017578,0.0348767749965191,0.142590686678886,-0.0222801864147186,0.988916158676147
793.130981445313,0.0871390625834465,-0.0292376410216093,0.216597706079483,3.12003135681152,16.5435733795166,358.035064697266,0.0244709551334381,0.144256412982941,-0.0208777915686369,0.989017367362976
793.703125,0.097243532538414,-0.0291847493499517,0.209263131022453,2.60546040534973,16.1540241241455,357.462707519531,0.0193939190357924,0.140931621193886,-0.0251086410135031,0.989510893821716
794.280029296875,0.105066426098347,-0.0297752544283867,0.211821168661118,2.79391050338745,16.5859775543213,357.083801269531,0.0204472243785858,0.1447594165802,-0.0286874677985907,0.988839566707611
794.781066894531,0.108205050230026,-0.0293919667601585,0.213003382086754,2.6929886341095,16.3805522918701,357.014007568359,0.0195402521640062,0.1429792791605,-0.0291284658014774,0.989103972911835
795.357177734375,0.10604639351368,-0.0337923169136047,0.223651334643364,4.58636379241943,17.2268314361572,358.230010986328,0.0372455157339573,0.150240123271942,-0.021250868216157,0.987719178199768
795.916931152344,0.10017828643322,-0.029668228700757,0.216728508472443,2.91936540603638,18.3645782470703,358.502532958984,0.0230603683739901,0.15983921289444,-0.0169603917747736,0.986727893352509
796.478698730469,0.102154806256294,-0.0313048958778381,0.215665459632874,3.03734350204468,18.213565826416,358.037139892578,0.0234547853469849,0.158644378185272,-0.0211005695164204,0.986831605434418
797.037170410156,0.0994303077459335,-0.0304622575640678,0.21966789662838,2.929114818573,18.2267360687256,358.371246337891,0.0229829251766205,0.158679381012917,-0.0180769115686417,0.986897110939026
797.625,0.100021675229073,-0.0300433300435543,0.219790607690811,2.81503486633301,17.9525146484375,358.110321044922,0.0216871649026871,0.156356945633888,-0.0201149471104145,0.987257599830627
798.171081542969,0.0999145731329918,-0.0306423418223858,0.214571326971054,2.74525284767151,17.5146617889404,358.030670166016,0.0210561621934175,0.152590543031693,-0.0206261519342661,0.98784989118576
798.672424316406,0.0944888815283775,-0.0307314246892929,0.210430517792702,2.58878970146179,17.2366199493408,358.521057128906,0.0203991327434778,0.150088831782341,-0.0161416810005903,0.988330245018005
799.251831054688,0.114915668964386,-0.0329430103302002,0.222631633281708,3.04598140716553,16.4476490020752,357.749237060547,0.0234913192689419,0.143479019403458,-0.0232325196266174,0.989101707935333
799.77685546875,0.11486478894949,-0.0331167653203011,0.212598264217377,2.69693064689636,16.0243301391602,357.469482421875,0.0202207025140524,0.139825344085693,-0.0251388009637594,0.98965048789978
800.36376953125,0.103406384587288,-0.0322648622095585,0.218386545777321,3.17210268974304,16.591588973999,357.927368164063,0.0247756596654654,0.144700050354004,-0.0218828711658716,0.988923311233521
800.872497558594,0.104939296841621,-0.0336881130933762,0.232336238026619,3.86049675941467,16.9066677093506,358.169830322266,0.0309662166982889,0.147433772683144,-0.0207390785217285,0.988369524478912
801.465026855469,0.107494175434113,-0.0338829308748245,0.234349966049194,4.02955389022827,16.8881969451904,357.994506835938,0.0322025790810585,0.147339731454849,-0.022461649030447,0.988306403160095
802.03173828125,0.102386742830276,-0.0329678021371365,0.221920773386955,3.49051356315613,16.8436145782471,358.032897949219,0.0276100281625986,0.146887183189392,-0.021432388573885,0.988535523414612
802.544128417969,0.0995739325881004,-0.0318735018372536,0.211986601352692,2.81327033042908,16.6752262115479,358.269195556641,0.0220962725579739,0.145312368869781,-0.0184986852109432,0.988966047763824
803.063049316406,0.105319619178772,-0.0325776748359203,0.216029480099678,2.99105477333069,16.8678226470947,358.107391357422,0.0233916994184256,0.147024929523468,-0.0201584976166487,0.988650679588318
803.583251953125,0.107643872499466,-0.0332059450447559,0.222405984997749,3.32772588729858,16.4956741333008,357.887908935547,0.0260877814143896,0.143900021910667,-0.0223966855555773,0.988994777202606
804.149047851563,0.107581466436386,-0.0329813659191132,0.221811234951019,3.39539957046509,16.5056953430176,358.008087158203,0.0268209502100945,0.143966749310493,-0.0214462950825691,0.988986492156982
804.652465820313,0.107496961951256,-0.0327943861484528,0.210781469941139,2.95446443557739,16.1142501831055,357.795562744141,0.0228252504020929,0.140578851103783,-0.0226526390761137,0.98954713344574
805.237365722656,0.0873331129550934,-0.0292506664991379,0.199566811323166,2.76773071289063,18.3119602203369,357.601867675781,0.0205088704824448,0.159540414810181,-0.0244956146925688,0.986674308776855
805.745788574219,0.00790482666343451,-0.0177921056747437,0.200289696455002,3.8602180480957,20.3817443847656,358.485046386719,0.0308084655553102,0.177250355482101,-0.0189626011997461,0.983500719070435
806.345764160156,0.0725618228316307,-0.0216575488448143,0.21405266225338,4.49392986297607,17.7317218780518,355.294128417969,0.0323831997811794,0.155463755130768,-0.0465706624090672,0.986211717128754
806.856872558594,0.0726626813411713,-0.0227709244936705,0.224700301885605,5.01797485351563,16.2035884857178,355.548919677734,0.0378388650715351,0.142373949289322,-0.0445737056434155,0.988084554672241
807.391235351563,0.0690855607390404,-0.0217100661247969,0.221751362085342,4.35742378234863,15.9139719009399,355.837341308594,0.0326018296182156,0.139605700969696,-0.0412014722824097,0.988812327384949
807.910339355469,0.0709640607237816,-0.0220038313418627,0.219327121973038,4.07286882400513,16.2640571594238,355.784637451172,0.0299547873437405,0.142563417553902,-0.041408147662878,0.988465368747711
808.419128417969,0.0718553140759468,-0.0229431334882975,0.22605387866497,4.41090726852417,16.600004196167,355.784820556641,0.0327491536736488,0.145552158355713,-0.041915450245142,0.987919628620148
808.960693359375,0.0675275027751923,-0.0230648498982191,0.228686481714249,4.51076793670654,16.1599941253662,355.917388916016,0.0339356139302254,0.141745433211327,-0.0407668575644493,0.988480985164642
809.491394042969,0.0681092068552971,-0.0224933288991451,0.222993522882462,4.24493026733398,16.5716972351074,355.654663085938,0.0311628859490156,0.145298779010773,-0.0428230948746204,0.987969279289246
810.009521484375,0.0683545768260956,-0.0221329964697361,0.21913968026638,4.02300357818604,16.5118560791016,355.681091308594,0.029304251074791,0.144713506102562,-0.0423039197921753,0.988134443759918
810.543579101563,0.0656486228108406,-0.0227707624435425,0.2200947701931,4.2104606628418,17.0158252716064,356.000579833984,0.0311495307832956,0.149023860692978,-0.0399187467992306,0.987536370754242
811.057556152344,0.0640229806303978,-0.0232444778084755,0.227129817008972,4.48243236541748,17.018684387207,356.084930419922,0.03360291197896,0.149092316627502,-0.0395402833819389,0.987460851669312
811.571533203125,0.0632560029625893,-0.0231471918523312,0.232574611902237,4.81030511856079,15.9965419769287,356.333740234375,0.037088930606842,0.140278860926628,-0.0374857224524021,0.988706767559052
812.161254882813,0.0717660486698151,-0.0246401522308588,0.234903126955032,5.42540073394775,17.5260734558105,355.381225585938,0.0406053438782692,0.153938800096512,-0.0469849407672882,0.986127018928528
812.682800292969,0.0709968060255051,-0.0223261602222919,0.237729668617249,4.69193363189697,18.5948734283447,356.52490234375,0.0354824922978878,0.162574902176857,-0.0365080311894417,0.985381960868835
813.2060546875,0.0692288726568222,-0.0228308830410242,0.239623934030533,4.98210048675537,18.0179290771484,356.510498046875,0.0381441004574299,0.157675504684448,-0.0368456915020943,0.986065864562988
813.747131347656,0.0674379542469978,-0.0218178816139698,0.235500544309616,4.56671047210693,17.8770141601563,356.690490722656,0.0348580814898014,0.15632276237011,-0.0346913859248161,0.986480951309204
814.287414550781,0.0679943338036537,-0.0213988069444895,0.228708907961845,4.27941226959229,18.0056838989258,356.450256347656,0.0320153161883354,0.157441452145576,-0.0364090874791145,0.98633748292923
814.794311523438,0.0683533847332001,-0.0213479027152061,0.226640671491623,4.31630849838257,18.0789089202881,356.341644287109,0.0321598313748837,0.158110216259956,-0.0374146550893784,0.986188113689423
815.340637207031,0.0675020292401314,-0.0215939339250326,0.227179825305939,4.32906818389893,18.3284873962402,356.473846435547,0.0323729403316975,0.160223335027695,-0.0363648608326912,0.985879361629486
815.8525390625,0.0663351565599442,-0.0218721255660057,0.227955207228661,4.37163066864014,18.431266784668,356.578979492188,0.0328543819487095,0.161086484789848,-0.0355485007166862,0.985752522945404
816.409362792969,0.0650816410779953,-0.0218988787382841,0.233237639069557,4.60915374755859,18.41628074646,356.599639892578,0.0349320434033871,0.160999312996864,-0.0356952734291553,0.985690057277679
816.940490722656,0.0670701786875725,-0.0265028774738312,0.237990826368332,6.44579935073853,18.0571937561035,356.996520996094,0.0513987652957439,0.158080533146858,-0.0346612595021725,0.985478222370148
817.455261230469,0.0670632794499397,-0.027095016092062,0.245495334267616,7.06649446487427,18.2000560760498,357.485046386719,0.0573731511831284,0.159155339002609,-0.0313725695014,0.985085606575012
817.958068847656,0.0725273266434669,-0.024122366681695,0.232184454798698,5.47992086410522,19.023042678833,356.05224609375,0.04143276065588,0.166582956910133,-0.0418260283768177,0.984268307685852
818.476440429688,0.0709565579891205,-0.0227150376886129,0.22393898665905,4.76519680023193,18.872615814209,356.168426513672,0.035510491579771,0.165088787674904,-0.0397617481648922,0.984836935997009
818.998046875,0.0709211006760597,-0.0223568864166737,0.223209485411644,4.55115556716919,19.0888557434082,356.130981445313,0.0335410051047802,0.166908964514732,-0.0398435071110725,0.984595835208893
819.519592285156,0.0713081061840057,-0.0227428935468197,0.227179691195488,4.64260864257813,18.7764167785645,356.134155273438,0.0344405397772789,0.164244189858437,-0.0398535989224911,0.985012412071228
820.050170898438,0.066320389509201,-0.0225787162780762,0.232645034790039,4.31082248687744,18.912015914917,357.044067382813,0.0328522957861423,0.165076315402985,-0.0316009819507599,0.98522686958313
820.62841796875,0.066849485039711,-0.0230181533843279,0.2329071611166,4.07828283309937,19.6619815826416,356.524780273438,0.029869556427002,0.17161899805069,-0.0359308049082756,0.984054744243622
821.164001464844,0.0659590065479279,-0.0223904307931662,0.231586739420891,3.8828592300415,19.8068866729736,356.643859863281,0.028325155377388,0.172793135046959,-0.034654937684536,0.983940660953522
821.737915039063,0.0634606927633286,-0.0216410048305988,0.22910064458847,3.4938793182373,19.7556381225586,356.680206298828,0.0250537768006325,0.172265991568565,-0.0337513014674187,0.984153270721436
822.256042480469,0.0629157572984695,-0.0211650710552931,0.225421294569969,3.12448954582214,19.6046295166016,356.796600341797,0.0220975186675787,0.170870453119278,-0.032172616571188,0.984520196914673
822.839782714844,0.0638176500797272,-0.020854702219367,0.225682780146599,3.01398944854736,19.5523853302002,356.845275878906,0.0212348606437445,0.170390382409096,-0.03158138692379,0.984641492366791
823.344604492188,0.0626645609736443,-0.0206845719367266,0.228085666894913,2.9277663230896,19.4520587921143,357.000854492188,0.0207514446228743,0.169483125209808,-0.03009919449687,0.984854757785797
823.868103027344,0.0623958259820938,-0.0193231031298637,0.227108106017113,2.51858925819397,20.6968975067139,357.419128417969,0.0175696108490229,0.180032074451447,-0.0260956902056932,0.983157575130463
824.404113769531,0.0714715719223022,-0.0208439379930496,0.222420439124107,2.75601029396057,21.0008354187012,357.341796875,0.0194134116172791,0.182689443230629,-0.0271814987063408,0.982603132724762
824.905822753906,0.0765179246664047,-0.0200223624706268,0.223019510507584,2.55356431007385,19.8414573669434,357.290863037109,0.017871143296361,0.172713443636894,-0.0271181408315897,0.984436571598053
825.4912109375,0.0773336589336395,-0.0199575256556273,0.218950927257538,2.35051560401917,19.936071395874,357.104705810547,0.0158224403858185,0.173517450690269,-0.0284261982887983,0.984293341636658
826.0146484375,0.0737183466553688,-0.0199031941592693,0.220039829611778,2.33674049377441,20.0532131195068,357.505126953125,0.0162848047912121,0.174465149641037,-0.02498241327703,0.984211683273315
826.521789550781,0.0744199603796005,-0.0202286224812269,0.220103248953819,2.56408977508545,20.2031497955322,357.179931640625,0.0177056435495615,0.175838828086853,-0.0281428694725037,0.983857333660126
827.038513183594,0.0744962021708488,-0.0198146402835846,0.215105712413788,2.33421516418457,20.407205581665,357.159729003906,0.0156507641077042,0.177552297711372,-0.0279935747385025,0.983588635921478
827.616027832031,0.0749422013759613,-0.0191679503768682,0.206395789980888,1.91374576091766,20.4661254882813,356.966857910156,0.0117272939532995,0.178000599145889,-0.0290072038769722,0.983532845973969
828.118957519531,0.0754254758358002,-0.0178752429783344,0.195832371711731,1.31585621833801,20.8650741577148,356.623840332031,0.00595415290445089,0.181319817900658,-0.0310477372258902,0.982915937900543
828.642517089844,0.0767885521054268,-0.0183390695601702,0.1954685151577,1.56282114982605,21.0874271392822,356.520141601563,0.00784584693610668,0.183291360735893,-0.0323418825864792,0.982495129108429
829.210571289063,0.0770221576094627,-0.0180521588772535,0.197208181023598,1.47214567661285,21.0762462615967,356.568725585938,0.00714910682290792,0.183170780539513,-0.0317801125347614,0.98254132270813
829.790161132813,0.0759624242782593,-0.0184096097946167,0.1999152302742,1.50072240829468,20.9628677368164,356.571380615234,0.00742987124249339,0.182205125689507,-0.0317955166101456,0.982718229293823
830.329711914063,0.07552570104599,-0.0182327441871166,0.202260762453079,1.41006529331207,20.8535327911377,356.820098876953,0.00707585271447897,0.181231006979942,-0.0295122358947992,0.982972145080566
830.907897949219,0.074713446199894,-0.0184668134897947,0.205987900495529,1.4573141336441,20.848352432251,356.790740966797,0.00743611855432391,0.181198805570602,-0.0298381950706244,0.982965648174286
831.429382324219,0.0726911574602127,-0.0189318526536226,0.213551446795464,1.66403794288635,20.3686103820801,357.142333984375,0.00987927801907063,0.177097901701927,-0.027106411755085,0.983770310878754
831.997497558594,0.0764874815940857,-0.0191527847200632,0.219807848334312,1.88472497463226,20.0894107818604,356.8203125,0.0113498279824853,0.17477510869503,-0.0301829054951668,0.984080195426941
832.558166503906,0.0776105299592018,-0.0188973899930716,0.223653376102448,1.73304438591003,19.5038223266602,356.835388183594,0.0102222934365273,0.169709995388985,-0.0297713112086058,0.984991312026978
833.066040039063,0.076981894671917,-0.0178637411445379,0.218901246786118,1.16722702980042,19.7387847900391,356.705474853516,0.00510397367179394,0.171611577272415,-0.0300645641982555,0.984692633152008
833.628540039063,0.0805338248610497,-0.0171432252973318,0.206607282161713,1.1536853313446,19.801643371582,355.976257324219,0.00387556641362607,0.172176688909531,-0.0363118834793568,0.984388947486877
834.208618164063,0.0819701850414276,-0.0161752197891474,0.195271536707878,0.633332371711731,20.1864624023438,355.505279541016,-0.00143502373248339,0.175326317548752,-0.0395742505788803,0.983713626861572
834.775756835938,0.0818570181727409,-0.0159850679337978,0.198948621749878,0.534833610057831,19.8872489929199,355.466247558594,-0.00223650829866529,0.172723934054375,-0.0397647731006145,0.984164714813232
835.283081054688,0.0844641849398613,-0.0165737401694059,0.199652954936028,0.718983471393585,20.1093635559082,355.244079589844,-0.00107116007711738,0.174690544605255,-0.0419477820396423,0.983728885650635
835.866516113281,0.0793856084346771,-0.0164791345596313,0.204362511634827,1.01981794834137,19.7696170806885,355.952758789063,0.00270026060752571,0.17186364531517,-0.0363128259778023,0.984447598457336
836.466552734375,0.0731646791100502,-0.0198934394866228,0.214114800095558,2.57619547843933,18.5032768249512,357.470825195313,0.0186345838010311,0.161180675029755,-0.0253901518881321,0.986422300338745
837.048461914063,0.072772279381752,-0.019664328545332,0.214576125144958,2.27318143844604,18.8745574951172,357.411529541016,0.0158597268164158,0.164335682988167,-0.0255282614380121,0.985946536064148
837.554992675781,0.0706030428409576,-0.0198805797845125,0.218677997589111,2.24798774719238,18.4820213317871,357.541870117188,0.0159131996333599,0.160935178399086,-0.024316618219018,0.986537098884583
838.142517089844,0.0674819648265839,-0.0213730949908495,0.229716047644615,2.66144990921021,17.6400146484375,357.685333251953,0.0198480039834976,0.153721809387207,-0.0235138814896345,0.9876349568367
838.643676757813,0.0715537592768669,-0.0219359677284956,0.229768335819244,1.97927916049957,18.2854614257813,358.234191894531,0.0146021349355578,0.159114629030228,-0.0179549213498831,0.986988842487335
839.20654296875,0.075139619410038,-0.0219880118966103,0.223137557506561,1.82396507263184,18.7919235229492,357.805389404297,0.0125739593058825,0.163506522774696,-0.0214891657233238,0.986228048801422
839.771057128906,0.069697767496109,-0.0220650099217892,0.227148607373238,2.00926876068115,18.7899742126465,358.803985595703,0.015593696385622,0.163386195898056,-0.0131573146209121,0.986351191997528
840.325988769531,0.0653749480843544,-0.0208552945405245,0.227164641022682,1.44164657592773,19.0351104736328,359.242462158203,0.0113139636814594,0.165415108203888,-0.00859938375651836,0.986121654510498
840.880249023438,0.0642949417233467,-0.0214622877538204,0.229480087757111,1.62548911571503,18.9666118621826,359.332794189453,0.0130312833935022,0.164822325110435,-0.00807937514036894,0.986204087734222
841.416137695313,0.0649389773607254,-0.0196847692131996,0.227753922343254,0.862054288387299,20.1841659545898,359.813690185547,0.00712145352736115,0.17523755133152,-0.0029189835768193,0.984496116638184
841.951293945313,0.0673014968633652,-0.0197943430393934,0.232858166098595,1.14672434329987,20.7111396789551,359.896789550781,0.00968198385089636,0.179756164550781,-0.00268480810336769,0.983659863471985
842.511291503906,0.0677193626761436,-0.0200742408633232,0.237514689564705,1.06981813907623,20.8546810150146,0.116092629730701,0.00936495792120695,0.180971190333366,-0.000693344802130014,0.983443558216095
843.042297363281,0.0674529373645782,-0.0184285640716553,0.22874827682972,0.659938514232635,20.6906871795654,359.983154296875,0.00563898496329784,0.17957866191864,-0.0011788799893111,0.983726799488068
843.609497070313,0.0671475380659103,-0.0162929184734821,0.198230713605881,359.460632324219,20.3706817626953,0.142091944813728,-0.00441341334953904,0.176836565136909,0.00205275858752429,0.984228193759918
844.181762695313,0.0680079162120819,-0.0155357792973518,0.188988268375397,359.202270507813,21.4208374023438,0.04349085688591,-0.00676966039463878,0.185843378305435,0.00166666461154819,0.98255467414856
844.690185546875,0.06863072514534,-0.0151023892685771,0.188031911849976,358.983642578125,21.1329574584961,359.904907226563,-0.00887095555663109,0.183361738920212,0.000810774392448366,0.983005166053772
845.220153808594,0.0692920833826065,-0.0150415915995836,0.189294919371605,358.9072265625,21.4738368988037,359.880828857422,-0.0095627848058939,0.186281397938728,0.000754728331230581,0.982449591159821
845.762023925781,0.0689127519726753,-0.0148538490757346,0.190946504473686,358.768463134766,21.3350563049316,359.858764648438,-0.0107894418761134,0.185085862874985,0.000778253306634724,0.982662856578827
846.334899902344,0.0704473331570625,-0.0160546395927668,0.202136322855949,359.430114746094,21.717845916748,359.917510986328,-0.00501970807090402,0.188385501503944,0.0002300008200109,0.982082307338715
846.902221679688,0.0667340755462646,-0.0163685530424118,0.211097106337547,359.481292724609,21.3904495239258,0.29478320479393,-0.00397054571658373,0.185593649744987,0.00336781679652631,0.982612788677216
847.451416015625,0.0657194331288338,-0.0164036806672812,0.211023315787315,359.387512207031,21.3390655517578,0.221888229250908,-0.0048939436674118,0.185151264071465,0.00289240130223334,0.982693612575531
847.998657226563,0.0640239268541336,-0.0158101078122854,0.205924779176712,359.255615234375,21.129415512085,0.387019693851471,-0.00576651282608509,0.183362528681755,0.00451104156672955,0.983018100261688
848.500915527344,0.063306488096714,-0.0151946963742375,0.198693573474884,358.998138427734,21.2793617248535,0.208067908883095,-0.00825730431824923,0.184640288352966,0.00339865824207664,0.98276561498642
849.054077148438,0.0622698329389095,-0.0159857645630836,0.199807986617088,359.294006347656,21.217622756958,0.587484538555145,-0.00511175440624356,0.184127643704414,0.00617325585335493,0.982869684696198
849.587646484375,0.0630477294325829,-0.0157804228365421,0.198449596762657,359.170257568359,21.240270614624,0.352749466896057,-0.0065495609305799,0.184312969446182,0.00435998104512691,0.982836127281189
850.170349121094,0.0647158697247505,-0.0157785341143608,0.199551373720169,359.230590820313,21.4865226745605,0.321867883205414,-0.00607301527634263,0.186422079801559,0.00401112763211131,0.982442796230316
850.714050292969,0.0641812309622765,-0.0154595654457808,0.198239251971245,358.9970703125,21.2400989532471,0.284773230552673,-0.00814408995211124,0.184309035539627,0.00405540037900209,0.982826232910156
851.248352050781,0.0619870126247406,-0.0162189248949289,0.203391000628471,359.2529296875,19.7743015289307,1.0657262802124,-0.00482532987371087,0.171756818890572,0.0102811297401786,0.985073924064636
851.8076171875,0.0598371773958206,-0.0163611453026533,0.210230693221092,359.383087158203,17.9345188140869,1.07987082004547,-0.00384856970049441,0.155910983681679,0.0101472763344646,0.987711548805237
852.381713867188,0.0570540018379688,-0.0169753171503544,0.219695225358009,359.571075439453,17.4365291595459,1.40788042545319,-0.00183740700595081,0.151608869433403,0.0127110537141562,0.988357126712799
852.958923339844,0.059739988297224,-0.0179259087890387,0.226269766688347,359.679473876953,17.9674644470215,1.08084344863892,-0.00128988106735051,0.156172528862953,0.00975302513688803,0.987680792808533
853.492919921875,0.0585633143782616,-0.0178253874182701,0.232229292392731,359.71240234375,18.2953701019287,1.31343328952789,-0.000655542418826371,0.158997252583504,0.0117147900164127,0.987209320068359
854.065063476563,0.060309074819088,-0.0184745844453573,0.239125043153763,0.0550875142216682,17.7665519714355,1.29243922233582,0.00221656868234277,0.154406800866127,0.0110689038410783,0.98794287443161
854.625610351563,0.0652200505137444,-0.0182807687669992,0.233448922634125,359.805541992188,18.1886711120605,0.878423511981964,-0.000463996722828597,0.158068418502808,0.00783746596425772,0.987396955490112
855.222595214844,0.0625149309635162,-0.0163111686706543,0.231679618358612,359.042236328125,18.1834926605225,1.53919386863708,-0.00612999824807048,0.15810689330101,0.0145829766988754,0.98729532957077
855.78515625,0.0650116726756096,-0.0181580409407616,0.229693934321404,359.795379638672,18.368444442749,1.28987741470337,3.40252372552641E-05,0.159618824720383,0.0113967200741172,0.987112939357758
856.312744140625,0.0633484572172165,-0.0183262303471565,0.232741117477417,359.847351074219,18.1212024688721,1.61650919914246,0.000906162604223937,0.157481789588928,0.0141399558633566,0.987420260906219
856.820861816406,0.0624516606330872,-0.01848029717803,0.234673857688904,359.873138427734,18.1867866516113,1.69471716880798,0.00124419422354549,0.158043012022972,0.0147777367383242,0.987320899963379
857.392456054688,0.0620789602398872,-0.0144825158640742,0.230940192937851,357.888336181641,19.7219867706299,2.32383346557617,-0.0146784419193864,0.171562254428864,0.0231299661099911,0.984792351722717
857.964477539063,0.0615545772016048,-0.0185912027955055,0.232045397162437,359.672973632813,18.3842887878418,1.77037858963013,-0.000348996400134638,0.159769669175148,0.0157062374055386,0.987029314041138
858.522399902344,0.0662463083863258,-0.016507351770997,0.208697095513344,1.05258631706238,19.4938564300537,1.48078739643097,0.0112396217882633,0.169158414006233,0.0111799538135529,0.985461413860321
859.085632324219,0.0676295384764671,-0.0113619221374393,0.190925866365433,357.631500244141,19.2810707092285,359.699584960938,-0.0208145249634981,0.167376503348351,0.000877194572240114,0.985672891139984
859.633422851563,0.0656155571341515,-0.01163568533957,0.198561444878578,357.993225097656,19.4818000793457,0.235836461186409,-0.0169108565896749,0.169202193617821,0.00499089667573571,0.985423624515533
860.173828125,0.0658815652132034,-0.0158028081059456,0.205502361059189,0.272476434707642,18.3398132324219,0.0606583021581173,0.00243177218362689,0.159360989928246,0.000143644021591172,0.987217426300049
860.736511230469,0.0656165927648544,-0.0240470804274082,0.196283385157585,6.1375880241394,18.6140441894531,1.07495331764221,0.0543427914381027,0.160990163683891,0.000586290028877556,0.985458612442017
861.273559570313,0.0762723386287689,-0.0110224690288305,0.191796496510506,358.272094726563,21.8639850616455,358.361938476563,-0.0175135713070631,0.189391165971756,-0.0111742401495576,0.981681942939758
861.816528320313,0.0771521776914597,-0.0127119226381183,0.198289155960083,358.962554931641,21.6485996246338,358.994750976563,-0.0105392076075077,0.187704965472221,-0.00691565638408065,0.98214453458786
862.380615234375,0.0792891085147858,-0.0113695859909058,0.191737711429596,358.264739990234,22.2753658294678,358.673461914063,-0.0170921757817268,0.192960232496262,-0.00843181740492582,0.981021463871002
862.900085449219,0.079534500837326,-0.0115833571180701,0.190321028232574,358.294128417969,22.0128135681152,358.569732666016,-0.0169937182217836,0.190700352191925,-0.00940834544599056,0.981456100940704
863.456481933594,0.0802014321088791,-0.0113022951409221,0.192585110664368,358.368682861328,22.0867099761963,358.546142578125,-0.0164007805287838,0.191339626908302,-0.0097241559997201,0.981338679790497
864.014099121094,0.0816504433751106,-0.0113417897373438,0.192547827959061,358.363677978516,22.2712345123291,358.397705078125,-0.0167090427130461,0.192897483706474,-0.0109601747244596,0.98101544380188
864.556823730469,0.0813645124435425,-0.0113026406615973,0.193626955151558,358.414489746094,22.4087982177734,358.368286132813,-0.0163370650261641,0.194078102707863,-0.0112779382616282,0.980785191059113
865.139404296875,0.0812978744506836,-0.0118340710178018,0.190912902355194,358.542938232422,22.4230079650879,358.368865966797,-0.0152382897213101,0.194218352437019,-0.0114891035482287,0.98077267408371
865.691162109375,0.0816595926880836,-0.0108536500483751,0.186774760484695,358.149688720703,22.332311630249,358.318054199219,-0.0186810251325369,0.193376272916794,-0.0112710800021887,0.980882048606873
866.239929199219,0.0791002288460732,-0.00837481301277876,0.185372725129128,356.954986572266,21.8113689422607,358.054656982422,-0.0292966440320015,0.18865592777729,-0.0116368876770139,0.981537163257599
866.796325683594,0.0778317302465439,-0.0107317194342613,0.185123398900032,357.907440185547,20.4256057739258,358.594055175781,-0.0201444253325462,0.177041262388229,-0.00883502140641212,0.983957588672638
867.334106445313,0.0782542526721954,-0.0102806044742465,0.185980319976807,357.594085693359,20.5570907592773,358.898712158203,-0.0223704744130373,0.178187713027,-0.00570816127583385,0.983725607395172
867.880615234375,0.0792490988969803,-0.0101696169003844,0.181548655033112,357.351470947266,20.9167728424072,358.851257324219,-0.0245448350906372,0.181235924363136,-0.00566043797880411,0.983117043972015
868.435424804688,0.0786826908588409,-0.0103491386398673,0.180126622319221,357.357025146484,21.2172679901123,359.007904052734,-0.0242606848478317,0.183847352862358,-0.00426177494227886,0.982646107673645
868.990112304688,0.0792675018310547,-0.0106563409790397,0.185568287968636,357.669738769531,21.5875396728516,359.097778320313,-0.0214476976543665,0.187072694301605,-0.00392443034797907,0.982104063034058
869.537048339844,0.0771095454692841,-0.0101941823959351,0.189579412341118,357.700225830078,20.9071273803711,359.397399902344,-0.0206885524094105,0.18129575252533,-0.00152919080574065,0.983209788799286
870.098449707031,0.0751159712672234,-0.0096808010712266,0.191843688488007,356.910278320313,21.3655338287354,359.568969726563,-0.0271892622113228,0.185202717781067,0.00130247010383755,0.982323288917542
870.656066894531,0.0715572685003281,-0.011363809928298,0.203157678246498,356.869567871094,19.8513431549072,0.617967903614044,-0.0259764436632395,0.172448739409447,0.0100182723253965,0.984624981880188
871.19921875,0.0705613791942596,-0.0110036553815007,0.198697805404663,356.830078125,20.3570785522461,0.369770795106888,-0.026653716340661,0.176735416054726,0.00806265044957399,0.983864426612854
871.756164550781,0.067659467458725,-0.0107233757153153,0.202413961291313,356.853546142578,19.6281051635742,0.894248366355896,-0.0257223788648844,0.170592844486237,0.0123661421239376,0.98492819070816
872.30859375,0.0700225085020065,-0.0106261810287833,0.206621438264847,356.75732421875,19.7347927093506,0.763361155986786,-0.0267336741089821,0.171481773257256,0.0114089483395219,0.98475843667984
872.895629882813,0.0733446329832077,-0.0109750898554921,0.215473890304565,357.041595458984,19.5347023010254,0.345680832862854,-0.0249282717704773,0.169667407870293,0.00735121313482523,0.985158622264862
873.399353027344,0.0715264081954956,-0.01034742500633,0.214727491140366,356.728576660156,19.341724395752,0.444211095571518,-0.0274879336357117,0.168027445673943,0.00861495546996593,0.985361337661743
873.971252441406,0.0703763216733932,-0.00921784248203039,0.207538858056068,356.340911865234,19.7793045043945,0.570304214954376,-0.0305969640612602,0.171818032860756,0.0103836478665471,0.984598696231842
