Seconds,PositionX,PositionY,PositionZ,RotationX,RotationY,RotationZ,QuatX,QuatY,QuatZ,QuatW
3.67781400680542,-0.140466094017029,-0.00375862140208483,0.226263463497162,1.92622697353363,3.67253136634827,5.31956195831299,0.0182687491178513,0.0312247406691313,0.0458368584513664,0.998293697834015
4.20325183868408,-0.139871969819069,-0.0122186299413443,0.248118817806244,5.87644052505493,6.2084846496582,4.29771280288696,0.053175762295723,0.0521243438124657,0.0346177220344543,0.996622860431671
4.70407009124756,-0.147156104445457,-0.0143030155450106,0.232908338308334,7.91060638427734,9.73257541656494,5.01197338104248,0.0723641514778137,0.0815425738692284,0.0376165248453617,0.993327379226685
5.2319483757019,-0.14909316599369,-0.0127409379929304,0.22239188849926,7.0124192237854,9.49602794647217,5.0451283454895,0.0645240694284439,0.0798562169075012,0.0387224331498146,0.993961870670319
5.7370548248291,-0.14225709438324,-0.0105633605271578,0.224742650985718,5.65613794326782,9.61067008972168,4.7450065612793,0.0525870621204376,0.0815616175532341,0.0370707921683788,0.994589388370514
6.26200342178345,-0.141927137970924,-0.0118157351389527,0.231303066015244,6.4880895614624,10.0627059936523,5.1295108795166,0.0602326914668083,0.0849501043558121,0.0395466983318329,0.993776440620422
6.76205825805664,-0.140218943357468,-0.0118095390498638,0.233407437801361,6.28888559341431,10.4323024749756,4.78485822677612,0.0583679005503654,0.0884170085191727,0.0365256257355213,0.993700921535492
7.29814529418945,-0.143560975790024,-0.0124551244080067,0.238293573260307,6.67100763320923,10.4362783432007,5.18847942352295,0.0619916915893555,0.0880781561136246,0.0397124476730824,0.993389248847961
7.81551074981689,-0.142555817961693,-0.0127949472516775,0.245240271091461,6.99502325057983,10.8299188613892,5.09976720809937,0.0648633539676666,0.091397263109684,0.0384568907320499,0.992955386638641
8.326247215271,-0.140111833810806,-0.0137890018522739,0.25205060839653,7.36168050765991,11.1316833496094,5.01940298080444,0.0680729076266289,0.0938987284898758,0.037271574139595,0.992552220821381
8.91068840026855,-0.13318820297718,-0.0158484969288111,0.266366928815842,8.19410991668701,11.2031927108765,4.88512277603149,0.0751897096633911,0.0942423939704895,0.03533835709095,0.992076694965363
9.41825294494629,-0.131028771400452,-0.0162573847919703,0.277478635311127,9.02923965454102,9.96186256408691,4.77989387512207,0.0819573849439621,0.0832095295190811,0.0345856882631779,0.992553770542145
9.95821857452393,-0.132004231214523,-0.0161514133214951,0.268634736537933,8.42678260803223,10.1866025924683,4.33644580841064,0.0764784961938858,0.0857058167457581,0.0310644078999758,0.992895066738129
10.466742515564,-0.132074490189552,-0.0161722227931023,0.268650680780411,8.63129615783691,10.9587087631226,4.46836948394775,0.0785621926188469,0.0922237783670425,0.031515795737505,0.992133855819702
11.0502967834473,-0.130564719438553,-0.0171595811843872,0.271182298660278,9.0247859954834,9.53511714935303,3.3701765537262,0.0808050781488419,0.0805146545171738,0.0226774122565985,0.993213832378387
11.5701427459717,-0.130741253495216,-0.0171716399490833,0.268516361713409,9.0001049041748,11.3175611495972,3.86700892448425,0.0813497975468636,0.0956096202135086,0.025739636272192,0.991755306720734
12.0801582336426,-0.130247503519058,-0.0179143995046616,0.267128258943558,9.18665218353271,11.3128509521484,3.88184976577759,0.0829746648669243,0.0954909101128578,0.0257072169333696,0.99163293838501
12.5980072021484,-0.131991654634476,-0.0177589524537325,0.265000551939011,9.08529663085938,11.3709468841553,4.09466648101807,0.0822892859578133,0.0958776697516441,0.0275964383035898,0.991601943969727
13.1169719696045,-0.134580567479134,-0.0168054606765509,0.258368313312531,8.70198059082031,11.1571846008301,4.15619564056396,0.0789720416069031,0.0941291376948357,0.0286157689988613,0.992010235786438
13.6448917388916,-0.135006085038185,-0.0164269879460335,0.251134425401688,8.30904006958008,11.6008901596069,3.90159225463867,0.075465127825737,0.0982864946126938,0.0264604575932026,0.991939842700958
14.1627674102783,-0.139282420277596,-0.0178522579371929,0.255896806716919,8.82612037658691,10.587646484375,4.21343851089478,0.0799479261040688,0.0891109779477119,0.0294010695070028,0.992372512817383
14.6919345855713,-0.139825969934464,-0.0177166406065226,0.258392691612244,8.92909717559814,11.3783111572266,4.28426361083984,0.0810988321900368,0.0958662629127502,0.0293703526258469,0.99165016412735
15.2144470214844,-0.1417236328125,-0.0172776915132999,0.253312706947327,8.7595796585083,11.2393093109131,4.3702712059021,0.0796678364276886,0.0946695506572723,0.0303617306053638,0.991851270198822
15.7295198440552,-0.143335595726967,-0.0169751327484846,0.24723818898201,8.39551258087158,11.5183019638062,4.3547945022583,0.0765793919563293,0.0972384586930275,0.0303604193031788,0.991846084594727
16.2636985778809,-0.143161788582802,-0.0180370807647705,0.25244876742363,8.86337852478027,11.268105506897,4.29432010650635,0.0805104300379753,0.0949310883879662,0.0295931193977594,0.99178147315979
16.779634475708,-0.141081526875496,-0.01771798171103,0.255079686641693,8.75228595733643,11.4109582901001,4.31042194366455,0.0795999020338058,0.0961996391415596,0.0297308899462223,0.991728603839874
17.2986927032471,-0.139133557677269,-0.0175666064023972,0.250918537378311,8.6791820526123,11.3754844665527,4.15770244598389,0.0788304358720779,0.0960263609886169,0.0284985080361366,0.991842985153198
17.8343906402588,-0.140859454870224,-0.0176357179880142,0.247193917632103,8.6179895401001,11.3398370742798,4.30010414123535,0.0784111097455025,0.0956436544656754,0.029809670522809,0.991874694824219
18.3506011962891,-0.142626687884331,-0.0176515001803637,0.248149067163467,8.64464473724365,11.3554248809814,4.39393949508667,0.0787241384387016,0.0957037508487701,0.0305875968188047,0.991820394992828
18.8785228729248,-0.142931148409843,-0.0178477074950933,0.248638957738876,8.68656921386719,11.4891700744629,4.51804304122925,0.0792272388935089,0.0967588573694229,0.031532134860754,0.991648375988007
19.4101753234863,-0.142974779009819,-0.0182150900363922,0.24937579035759,8.75872993469238,11.3764629364014,4.4845232963562,0.0797922983765602,0.0957774519920349,0.0312558896839619,0.99170708656311
19.9326114654541,-0.143341436982155,-0.0186632387340069,0.250510811805725,8.88879203796387,11.3138637542725,4.56718635559082,0.0809687897562981,0.095124639570713,0.0318999700248241,0.99165403842926
20.455265045166,-0.144200056791306,-0.0191419385373592,0.253507107496262,9.05392169952393,11.3391056060791,4.66831302642822,0.0824878737330437,0.0952022299170494,0.0326108634471893,0.991498291492462
20.9571952819824,-0.145116657018661,-0.0192514061927795,0.255767166614532,9.15233421325684,11.2548999786377,4.7428731918335,0.0833763182163239,0.0943780168890953,0.0332299508154392,0.991482198238373
21.4957084655762,-0.146798506379128,-0.0186854153871536,0.252240836620331,8.94471263885498,11.1139478683472,4.93238830566406,0.0816938802599907,0.0931116193532944,0.0351532325148582,0.991675674915314
22.0124473571777,-0.147815957665443,-0.0182645935565233,0.248957693576813,8.69992828369141,11.2168560028076,4.93944501876831,0.0796142444014549,0.094104491174221,0.035355918109417,0.991743862628937
22.5387592315674,-0.147823438048363,-0.0184708368033171,0.248653799295425,8.65764427185059,11.2491931915283,5.21334743499756,0.0794839262962341,0.094213142991066,0.0377410836517811,0.991656124591827
23.0605430603027,-0.131722986698151,-0.0268813297152519,0.249210953712463,12.7477836608887,12.9072122573853,1.4151383638382,0.111683629453182,0.110333107411861,-0.00028211425524205,0.987599790096283
23.5770931243896,-0.132657453417778,-0.020048338919878,0.246670305728912,9.18351936340332,11.3043127059937,2.52175760269165,0.0818073153495789,0.0963958874344826,0.0139447767287493,0.991877496242523
24.1124362945557,-0.12795490026474,-0.0204484853893518,0.2492356300354,9.26625537872314,11.9098081588745,2.67600035667419,0.0827320441603661,0.101502522826195,0.0147706968709826,0.991279244422913
24.6603889465332,-0.129007309675217,-0.0196239519864321,0.251382112503052,9.24781036376953,11.5986709594727,2.96850895881653,0.0827840566635132,0.098604679107666,0.0175428166985512,0.991522133350372
25.1786117553711,-0.130419284105301,-0.0188049171119928,0.246921539306641,8.85901260375977,11.2414922714233,2.71562957763672,0.0791535004973412,0.09580197930336,0.0159494765102863,0.992120087146759
25.7069091796875,-0.132535055279732,-0.0198463648557663,0.253050208091736,9.20884895324707,11.8579702377319,3.30996799468994,0.082786813378334,0.100613370537758,0.020345002412796,0.991266548633575
26.2451648712158,-0.132753357291222,-0.0200698878616095,0.256929069757462,9.2701997756958,11.7941989898682,3.30193567276001,0.0832989439368248,0.100047782063484,0.020265543833375,0.991282522678375
26.7884845733643,-0.132702797651291,-0.0202731173485518,0.257154494524002,9.328782081604,12.0982751846313,3.24467873573303,0.0838074758648872,0.102700792253017,0.0194944217801094,0.990983784198761
27.3265419006348,-0.133250191807747,-0.0194153375923634,0.253244668245316,8.90752792358398,11.9078311920166,3.17497301101685,0.0800709947943687,0.101235911250114,0.0194187704473734,0.991444826126099
27.8523406982422,-0.132030636072159,-0.0188695248216391,0.255703806877136,9.017746925354,12.8967142105103,3.11367559432983,0.0811290964484215,0.109796427190304,0.0180875342339277,0.990472495555878
28.3964557647705,-0.132894337177277,-0.0190281290560961,0.255045264959335,8.94242763519287,12.183403968811,3.29250431060791,0.0805254131555557,0.103526458144188,0.0202098935842514,0.991155683994293
28.9387092590332,-0.134516716003418,-0.018123472109437,0.247979015111923,8.56375312805176,12.5431432723999,3.49617409706116,0.0775050297379494,0.106621518731117,0.0220854356884956,0.991028308868408
29.4746971130371,-0.138268932700157,-0.0182128995656967,0.246484667062759,8.49569797515869,12.6805353164673,3.8034348487854,0.0772321224212646,0.107625797390938,0.0247161891311407,0.990878880023956
30.0046272277832,-0.13968326151371,-0.0182349253445864,0.247134208679199,8.47470283508301,12.5805387496948,3.74645614624023,0.0769759565591812,0.106806874275208,0.0243112780153751,0.990997433662415
30.5417537689209,-0.140821143984795,-0.0181837659329176,0.246133357286453,8.4160737991333,12.6595859527588,3.96068501472473,0.076686829328537,0.107368014752865,0.0261681769043207,0.990911960601807
31.073112487793,-0.139869138598442,-0.018509840592742,0.248071432113647,8.49133777618408,12.7693500518799,3.93396711349487,0.0773370042443275,0.108307294547558,0.0257892422378063,0.99076908826828
31.590856552124,-0.13969911634922,-0.0188256874680519,0.252522885799408,8.60319232940674,12.6731882095337,4.13718557357788,0.078472338616848,0.107295602560043,0.0275013260543346,0.99074387550354
32.1111907958984,-0.140308782458305,-0.0199471488595009,0.259566903114319,8.94254112243652,11.7943849563599,4.00888919830322,0.0810819193720818,0.0996560752391815,0.0266811084002256,0.991353929042816
32.6493377685547,-0.139389112591743,-0.0199452918022871,0.266270279884338,8.91731357574463,11.5795221328735,3.70282745361328,0.0805520564317703,0.0980219468474388,0.0242073852568865,0.99162346124649
33.1862945556641,-0.136751264333725,-0.0199417043477297,0.26962611079216,8.81281757354736,11.9256467819214,3.44037985801697,0.0794896110892296,0.101235553622246,0.0217900034040213,0.991442382335663
33.6989288330078,-0.136296615004539,-0.0200926307588816,0.271879315376282,8.89230060577393,12.0449829101563,3.78122901916504,0.0805032849311829,0.10200272500515,0.0245815329253674,0.991216659545898
34.2156677246094,-0.133584827184677,-0.0205048061907291,0.275219410657883,9.10066604614258,12.3249788284302,3.70732641220093,0.0822965577244759,0.104402728378773,0.0235465802252293,0.99084460735321
34.738224029541,-0.130663141608238,-0.0220227707177401,0.280004054307938,9.65249824523926,12.6406230926514,3.60608983039856,0.0870330631732941,0.107010930776596,0.0219042729586363,0.990199029445648
35.266960144043,-0.132138893008232,-0.0223913788795471,0.286428868770599,9.85114097595215,12.7064275741577,4.0329418182373,0.089160718023777,0.107177846133709,0.025346215814352,0.989909529685974
35.7888107299805,-0.132845059037209,-0.0214723367244005,0.287499219179153,9.63311576843262,13.0538101196289,4.24641180038452,0.08756073564291,0.110099948942661,0.0271405186504126,0.989684045314789
36.3072547912598,-0.13198134303093,-0.0207865014672279,0.285276740789413,9.51796817779541,13.0916528701782,4.13306427001953,0.0864666029810905,0.110558770596981,0.0262497682124376,0.989753127098083
36.8220634460449,-0.129492670297623,-0.0201794560998678,0.277466088533401,8.96247863769531,13.287353515625,3.73545789718628,0.0813259780406952,0.112749993801117,0.0232397075742483,0.990016877651215
37.3340950012207,-0.125706940889359,-0.0205339733511209,0.275772660970688,9.21362686157227,13.7639083862305,3.33394837379456,0.0831794664263725,0.117066882550716,0.0191672947257757,0.98944890499115
37.8670349121094,-0.12510921061039,-0.020953543484211,0.277479529380798,9.45929908752441,13.4219465255737,3.4918794631958,0.0853996202349663,0.113913975656033,0.0205246824771166,0.989600598812103
38.3743782043457,-0.121805921196938,-0.0205801464617252,0.276876002550125,9.49582576751709,14.0803556442261,3.19662189483643,0.0855227559804916,0.119805946946144,0.017445869743824,0.988953053951263
38.8968887329102,-0.12232705950737,-0.0182659570127726,0.263392955064774,8.61487007141113,17.9301910400391,4.61633825302124,0.0803886875510216,0.152278512716293,0.0279750693589449,0.98466557264328
39.4165306091309,-0.126524746417999,-0.0199200082570314,0.266927659511566,9.17269229888916,16.3720855712891,4.8399806022644,0.0850690230727196,0.138463392853737,0.0302848219871521,0.986242413520813
39.9431304931641,-0.125955298542976,-0.0211041457951069,0.276501059532166,9.72488784790039,16.5206089019775,5.03317499160767,0.0900892168283463,0.139332219958305,0.0311303790658712,0.985647678375244
40.4738845825195,-0.126548275351524,-0.0222600139677525,0.281321078538895,10.1031398773193,16.7117919921875,5.17565631866455,0.0935646593570709,0.140675976872444,0.0317151099443436,0.985114216804504
40.9869232177734,-0.124665312469006,-0.0225653909146786,0.282864928245544,10.10728931427,16.8173389434814,5.19181871414185,0.0936494395136833,0.14156799018383,0.0317624323070049,0.984976887702942
41.5062713623047,-0.123938977718353,-0.0224710367619991,0.283455938100815,10.1421508789063,17.0222663879395,5.26726198196411,0.0940996259450912,0.143249750137329,0.0321971848607063,0.984676659107208
42.0386276245117,-0.122305423021317,-0.0221659243106842,0.280113011598587,9.99605846405029,17.1867656707764,5.12538909912109,0.0927128717303276,0.144852444529533,0.0310377068817616,0.984610974788666
42.5637588500977,-0.121781177818775,-0.0212744809687138,0.273527503013611,9.70428466796875,17.1497020721436,5.15182733535767,0.0902317091822624,0.144657880067825,0.031682450324297,0.984849512577057
43.0903663635254,-0.120825633406639,-0.0211768765002489,0.269223898649216,9.56508731842041,17.2526206970215,4.9668083190918,0.0888300761580467,0.145755037665367,0.0301971826702356,0.984861850738525
43.6222915649414,-0.121647074818611,-0.0213018376380205,0.270467728376389,9.64754104614258,17.3319683074951,5.00649309158325,0.0896094143390656,0.146366164088249,0.0303661748766899,0.984695434570313
44.1415328979492,-0.122883796691895,-0.0212959852069616,0.26980271935463,9.57509136199951,17.2854614257813,5.09778785705566,0.0890914648771286,0.145930722355843,0.0312839858233929,0.98477828502655
44.6577339172363,-0.122739650309086,-0.0212257280945778,0.268627136945724,9.57426357269287,17.1679077148438,5.06852769851685,0.0890152081847191,0.144943535327911,0.0311249699443579,0.984935998916626
45.1882858276367,-0.121138259768486,-0.0212323591113091,0.271472871303558,9.59301376342773,17.3846340179443,5.10440301895142,0.0892807990312576,0.14676895737648,0.0312396083027124,0.984637975692749
45.7276725769043,-0.119189016520977,-0.0213238522410393,0.274179190397263,9.85768890380859,17.2721347808838,5.02083206176758,0.0914155766367912,0.145738244056702,0.030255313962698,0.98462587594986
46.2277641296387,-0.117958918213844,-0.0211201924830675,0.272086292505264,9.8273344039917,17.2599220275879,4.9403018951416,0.0910494402050972,0.145712167024612,0.0296136178076267,0.984683215618134
46.7484664916992,-0.119654208421707,-0.0214893687516451,0.272363573312759,9.93481540679932,17.2268104553223,5.03323745727539,0.0920813009142876,0.14530111849308,0.03029521740973,0.984627246856689
47.2695808410645,-0.122958697378635,-0.0209519658237696,0.273297071456909,9.62962627410889,15.0909395217896,3.86365056037903,0.0875723585486412,0.127970233559608,0.0222849454730749,0.987652838230133
47.8183746337891,-0.116328775882721,-0.0195784568786621,0.265832990407944,8.8422269821167,15.4613609313965,3.15152430534363,0.0800449773669243,0.131965309381485,0.0168022625148296,0.987874329090118
48.3922271728516,-0.106972649693489,-0.0214809309691191,0.27445575594902,9.66243267059326,16.0797424316406,3.04368019104004,0.0870647877454758,0.137101352214813,0.0144283873960376,0.986617863178253
48.9511680603027,-0.108721658587456,-0.0225610360503197,0.278677463531494,10.0481548309326,16.3108501434326,3.50686836242676,0.0909721031785011,0.138595134019852,0.0177552234381437,0.986002147197723
49.497688293457,-0.107882961630821,-0.0237139202654362,0.28081351518631,10.3492059707642,16.4707489013672,3.48144578933716,0.0935533121228218,0.139878943562508,0.0170278884470463,0.985592067241669
50.0288696289063,-0.107789546251297,-0.0238314159214497,0.280954271554947,10.4695568084717,16.3359603881836,3.5542733669281,0.0946557521820068,0.138614416122437,0.01761294901371,0.985655188560486
50.5644226074219,-0.112813428044319,-0.022600406780839,0.276974707841873,9.95547676086426,17.3247127532959,4.44512367248535,0.091533251106739,0.146603807806969,0.0251358095556498,0.984630525112152
51.0767707824707,-0.115180343389511,-0.023521400988102,0.28473699092865,10.3356399536133,17.0206623077393,4.74550294876099,0.0951069295406342,0.143571823835373,0.0274598989635706,0.984676539897919
51.5989303588867,-0.117609038949013,-0.0236655976623297,0.289684951305389,10.5196666717529,16.7261199951172,5.28009843826294,0.0972726121544838,0.140501365065575,0.0320603810250759,0.984768807888031
52.1251335144043,-0.122800290584564,-0.0236798636615276,0.286783397197723,10.4040775299072,16.2712993621826,5.76749658584595,0.0967322066426277,0.136240288615227,0.0367833599448204,0.985255539417267
52.672492980957,-0.126263469457626,-0.0230172295123339,0.285333812236786,10.1955938339233,15.9081678390503,6.09186697006226,0.09520073980093,0.132961317896843,0.0401386879384518,0.985721588134766
53.2129707336426,-0.128880217671394,-0.0230621919035912,0.284156054258347,10.1724157333374,15.5251054763794,6.45329618453979,0.0952753573656082,0.129378616809845,0.0435950793325901,0.986044228076935
53.7246894836426,-0.131337746977806,-0.0230217818170786,0.283775061368942,10.0756721496582,15.2889194488525,6.72259187698364,0.0946528390049934,0.127180710434914,0.0462251156568527,0.986270308494568
54.2474670410156,-0.133873343467712,-0.0251609217375517,0.286532342433929,10.8708114624023,15.1613636016846,7.15248012542725,0.101904638111591,0.125216364860535,0.049081664532423,0.98566085100174
54.7770080566406,-0.135932594537735,-0.0247076954692602,0.283839672803879,10.7364978790283,14.4059772491455,7.27288293838501,0.100549072027206,0.118696667253971,0.0509417727589607,0.986512005329132
55.2811241149902,-0.139606580138206,-0.0242834314703941,0.282810837030411,10.5756731033325,14.2792434692383,7.51761865615845,0.0993611067533493,0.117497719824314,0.053341805934906,0.986649036407471
55.815013885498,-0.142111986875534,-0.0243973154574633,0.282224237918854,10.6459798812866,14.0734376907349,7.55749177932739,0.0999099388718605,0.115644082427025,0.0537851676344872,0.98678857088089
56.3308753967285,-0.1422408670187,-0.0245021414011717,0.281857639551163,10.7698841094971,14.0579977035522,7.46866083145142,0.100878499448299,0.115506626665592,0.0528956577181816,0.986754179000854
56.8568000793457,-0.14218033850193,-0.0247133281081915,0.28282505273819,10.8672952651978,14.0955829620361,7.49729537963867,0.101762235164642,0.115740321576595,0.0530003160238266,0.986630439758301
57.3720321655273,-0.146129086613655,-0.0245528314262629,0.281074315309525,10.8068475723267,13.9026546478271,7.69334506988525,0.101348176598549,0.113945923745632,0.0549265369772911,0.986776530742645
57.8887901306152,-0.14921972155571,-0.0248551554977894,0.280300736427307,10.8878955841064,13.6061573028564,7.84591627120972,0.102050915360451,0.111201755702496,0.0564149953424931,0.98693323135376
58.4197959899902,-0.150409415364265,-0.0248819217085838,0.278759986162186,10.9791917800903,13.6231088638306,7.79503297805786,0.102794863283634,0.111330546438694,0.055862694978714,0.986872911453247
58.9306640625,-0.146591350436211,-0.0249872878193855,0.279283195734024,10.954719543457,14.0416460037231,7.73220777511597,0.102724835276604,0.115007437765598,0.0549733340740204,0.986508429050446
59.4377174377441,-0.142037853598595,-0.0273116137832403,0.283375293016434,11.9910106658936,14.0339889526367,7.7102632522583,0.111602157354355,0.11425057798624,0.0536342114210129,0.985705435276031
59.9570388793945,-0.136457815766335,-0.0274366624653339,0.286533623933792,12.0637006759644,14.3821334838867,7.44198036193848,0.112113818526268,0.117457173764706,0.0509047582745552,0.985415160655975
60.4615821838379,-0.135438978672028,-0.027353199198842,0.286653816699982,12.0673837661743,14.2663602828979,7.35224628448486,0.112002715468407,0.116546802222729,0.0502420514822006,0.985569894313812
60.9984664916992,-0.136848419904709,-0.0273270346224308,0.286441683769226,11.9822616577148,14.2424297332764,7.43958806991577,0.111349992454052,0.116312757134438,0.0511130467057228,0.985626697540283
61.5234146118164,-0.138524815440178,-0.0272811613976955,0.285913378000259,11.9783535003662,14.0480031967163,7.51585817337036,0.111305825412273,0.11456885188818,0.0519624017179012,0.985791504383087
62.0460014343262,-0.14115996658802,-0.0268028900027275,0.281268805265427,11.7465257644653,13.469446182251,7.62571239471436,0.109154753386974,0.109641142189503,0.0537185370922089,0.986498057842255
62.5885200500488,-0.140694454312325,-0.0269659478217363,0.277909725904465,11.8155994415283,13.0881433486938,7.49315977096558,0.109446257352829,0.106438003480434,0.0528676621615887,0.986862421035767
63.094123840332,-0.140081390738487,-0.0269358363002539,0.276754319667816,11.8531923294067,12.8181247711182,7.29291582107544,0.109462656080723,0.104278795421124,0.051361907273531,0.9871706366539
63.6102104187012,-0.142164945602417,-0.0269213914871216,0.277610659599304,11.827808380127,12.4710559844971,7.51695442199707,0.109286025166512,0.101091355085373,0.0536491125822067,0.987400054931641
64.1404113769531,-0.159972339868546,-0.0260248221457005,0.280652076005936,11.2250194549561,9.70126819610596,13.0202322006226,0.106362715363503,0.0725617036223412,0.104214482009411,0.986185133457184
64.6662521362305,-0.157794296741486,-0.0266844518482685,0.294230341911316,11.5224800109863,7.77112722396851,16.5321826934814,0.108805269002914,0.0523222088813782,0.135983839631081,0.983327090740204
65.1861038208008,-0.123368844389915,-0.0329080708324909,0.300786405801773,12.475567817688,6.73665857315063,17.6365833282471,0.11613891273737,0.0410881601274014,0.145821928977966,0.981610655784607
65.7020568847656,-0.120316572487354,-0.0281197689473629,0.306409180164337,13.0700569152832,6.38686323165894,19.2116966247559,0.121276035904884,0.0356070697307587,0.15927654504776,0.979109406471252
66.2188568115234,-0.142983481287956,-0.0326725989580154,0.292935967445374,12.9506301879883,6.65340518951416,20.0606079101563,0.120906755328178,0.037168987095356,0.16632205247879,0.977924823760986
66.7529602050781,-0.162079244852066,-0.0331292115151882,0.296451896429062,12.9679698944092,7.00951290130615,20.8241558074951,0.1218356564641,0.0393697246909142,0.172444999217987,0.97666209936142
67.2664031982422,-0.162042871117592,-0.0345323272049427,0.305082947015762,13.5627746582031,8.35475635528564,20.263614654541,0.128655835986137,0.0504898987710476,0.165751025080681,0.976434886455536
67.7827377319336,-0.150972008705139,-0.0340456254780293,0.310976266860962,14.1643171310425,10.8720331192017,17.9036560058594,0.13587149977684,0.0737676993012428,0.14218458533287,0.97769159078598
68.3220901489258,-0.144097596406937,-0.0284954346716404,0.295182645320892,12.1292495727539,13.1922197341919,15.7940254211426,0.119649447500706,0.0987240746617317,0.123698689043522,0.980120599269867
68.8284454345703,-0.144878655672073,-0.0279697515070438,0.282592087984085,11.795093536377,13.3422994613647,15.573390007019,0.116769380867481,0.100663386285305,0.122029460966587,0.980479776859283
69.3575897216797,-0.141076296567917,-0.0294841416180134,0.281212091445923,12.2770166397095,14.9909982681274,15.1907539367676,0.122231759130955,0.114549219608307,0.116468846797943,0.978965222835541
69.8765258789063,-0.14437972009182,-0.0305484682321548,0.283564835786819,12.6471462249756,15.4333744049072,15.2525310516357,0.125891670584679,0.117792539298534,0.11605016887188,0.978165924549103
70.3899154663086,-0.152568519115448,-0.0304241515696049,0.284529507160187,12.4487733840942,14.7880754470825,15.8509550094604,0.124134033918381,0.111886240541935,0.122112445533276,0.978345930576324
70.9144439697266,-0.153800010681152,-0.0297737456858158,0.281655013561249,12.2190380096436,14.7222709655762,15.9092664718628,0.122166566550732,0.111562170088291,0.122964054346085,0.978523969650269
71.435417175293,-0.152915343642235,-0.0292483139783144,0.277413487434387,12.0909080505371,14.8120632171631,15.6110229492188,0.12087981402874,0.112811572849751,0.120479255914688,0.978849530220032
72.0174789428711,-0.150278374552727,-0.0286191888153553,0.262360781431198,12.1405191421509,14.5524015426636,13.5313529968262,0.119003042578697,0.112707667052746,0.102905176579952,0.981094181537628
72.5261154174805,-0.150622054934502,-0.0265579037368298,0.254436641931534,12.1042585372925,13.1561632156372,11.1260738372803,0.115289218723774,0.103228591382504,0.0837446376681328,0.984397828578949
73.0429153442383,-0.174387663602829,-0.0284035950899124,0.248014867305756,12.5491247177124,16.3877830505371,9.59604549407959,0.119647935032845,0.132124856114388,0.0667714104056358,0.9817174077034
73.5634613037109,-0.15280582010746,-0.0223239902406931,0.218358993530273,9.64734935760498,11.3027696609497,13.5070648193359,0.094639778137207,0.0876049995422363,0.108389250934124,0.985708117485046
74.0734252929688,-0.143576130270958,-0.020185885950923,0.223897755146027,10.4070119857788,11.3419580459595,13.5838918685913,0.101254492998123,0.0870445594191551,0.108301520347595,0.985109925270081
74.5901794433594,-0.156543150544167,-0.0185018498450518,0.220126003026962,9.49452495574951,11.7501192092896,13.2448406219482,0.0935407876968384,0.0918334648013115,0.105911739170551,0.985697448253632
75.1155776977539,-0.165427580475807,-0.0195945426821709,0.226973310112953,9.21157836914063,12.0959253311157,14.0366716384888,0.092086523771286,0.0944768413901329,0.11271745711565,0.984829425811768
75.6371536254883,-0.174489378929138,-0.0233782194554806,0.238547965884209,10.1175994873047,12.5868091583252,14.5438528060913,0.100763149559498,0.0972204133868217,0.115737371146679,0.983361482620239
76.1565780639648,-0.181657835841179,-0.0218588728457689,0.241282224655151,9.29807662963867,13.0057563781738,14.7901802062988,0.0943896248936653,0.101576454937458,0.118358731269836,0.983241617679596
76.6593399047852,-0.184278354048729,-0.0215874295681715,0.24918968975544,9.35276126861572,12.625431060791,14.6525917053223,0.0943465083837509,0.0983608439564705,0.11743351072073,0.983683526515961
77.1709136962891,-0.188449561595917,-0.0227990206331015,0.253247737884521,9.61844348907471,12.9154005050659,14.7876977920532,0.0970362573862076,0.10042118281126,0.11807157844305,0.983137130737305
77.6907119750977,-0.190887361764908,-0.0222541131079197,0.26042053103447,9.59301280975342,13.2496395111084,14.822883605957,0.0971943959593773,0.103288911283016,0.11811751127243,0.982818841934204
78.2013473510742,-0.202980324625969,-0.0225372705608606,0.258332222700119,9.45911026000977,12.73548412323,15.8202991485596,0.0963755920529366,0.0982029438018799,0.127247497439384,0.982281029224396
78.7641067504883,-0.20583787560463,-0.0218728110194206,0.255163788795471,9.08047389984131,13.2969226837158,15.5244512557983,0.0934944823384285,0.103736951947212,0.124652251601219,0.982323408126831
79.2697906494141,-0.201083913445473,-0.0224738381803036,0.25403505563736,9.6453104019165,14.1120710372925,14.4621438980103,0.0981788262724876,0.110929474234581,0.114230461418629,0.982347667217255
79.8372039794922,-0.203619971871376,-0.0197941344231367,0.253817230463028,8.52877044677734,7.90855979919434,10.9103679656982,0.0803835839033127,0.0614057965576649,0.089473657310009,0.990839183330536
80.3466262817383,-0.225907728075981,-0.00732920737937093,0.253784149885178,2.21564412117004,344.431121826172,6.01358366012573,0.0120259672403336,-0.136239588260651,0.0545763447880745,0.989098370075226
80.926872253418,-0.176596522331238,-0.0153299160301685,0.260721325874329,6.55519199371338,13.9627723693848,8.95594024658203,0.0660508573055267,0.116546861827374,0.0704420804977417,0.988479673862457
81.4350814819336,-0.178066432476044,-0.0152966026216745,0.256758511066437,6.29823970794678,14.9007444381714,9.39690208435059,0.0648932307958603,0.124574691057205,0.0739980638027191,0.987316727638245
81.9520797729492,-0.181519120931625,-0.0150296939536929,0.251017302274704,6.27907180786133,15.4748420715332,9.29599380493164,0.0649842098355293,0.129591584205627,0.0728262811899185,0.986751973628998
82.4537124633789,-0.183048158884048,-0.0145320408046246,0.244108751416206,6.14944362640381,16.0671901702881,9.44774532318115,0.0644241347908974,0.134704530239105,0.0739574953913689,0.986019551753998
82.958869934082,-0.184675842523575,-0.014819884672761,0.23611743748188,6.05234909057617,16.0735569000244,9.81827449798584,0.0640294626355171,0.134628251194954,0.0772634446620941,0.985802114009857
83.556884765625,-0.185973316431046,-0.0149486903101206,0.237802267074585,6.14782667160034,16.0770378112793,10.0724458694458,0.0651504471898079,0.134437367320061,0.0793281197547913,0.985590815544128
84.0626449584961,-0.185361355543137,-0.0155886821448803,0.242867916822433,6.40509557723999,16.0931186676025,10.0718870162964,0.0673705041408539,0.134363994002342,0.0789909064769745,0.985478579998016
84.5690536499023,-0.18629065155983,-0.0151857566088438,0.244264662265778,6.19584846496582,15.8506698608398,10.3408832550049,0.0657163038849831,0.132297053933144,0.0817063823342323,0.985648453235626
85.1408233642578,-0.189377427101135,-0.0168553348630667,0.250961363315582,6.92979383468628,15.7567663192749,10.5510292053223,0.072192907333374,0.130736276507378,0.0826616659760475,0.985323965549469
85.6439666748047,-0.188853040337563,-0.0200585033744574,0.254456639289856,8.39836025238037,15.1526145935059,10.1497354507446,0.083931639790535,0.124556444585323,0.0778333023190498,0.9855877161026
86.1673431396484,-0.181852519512177,-0.0189034938812256,0.248369723558426,7.56221294403076,14.1088409423828,9.76372051239014,0.075636975467205,0.116530619561672,0.0762039795517921,0.987366497516632
86.6916961669922,-0.185025185346603,-0.0213121268898249,0.255658149719238,8.42209529876709,12.6864147186279,10.4770402908325,0.0827362984418869,0.103062033653259,0.0824191570281982,0.987795531749725
87.1977233886719,-0.183818593621254,-0.0235201027244329,0.268289804458618,9.68138217926025,13.6231384277344,10.4122886657715,0.094167947769165,0.110090844333172,0.0798103213310242,0.986226499080658
87.7715072631836,-0.180932581424713,-0.025546221062541,0.278886914253235,10.3876543045044,14.4440126419067,10.3761959075928,0.10076030343771,0.116564333438873,0.078006274998188,0.984974682331085
88.2872085571289,-0.182339310646057,-0.0266698990017176,0.288939386606216,10.7397880554199,14.7808961868286,10.7089500427246,0.104353509843349,0.118846356868744,0.0801505297422409,0.984155356884003
88.7997741699219,-0.186990544199944,-0.0271127428859472,0.299806982278824,11.1135969161987,15.2878131866455,10.7186059951782,0.107917912304401,0.122848227620125,0.0793121978640556,0.983347177505493
89.3187942504883,-0.198795214295387,-0.0276748202741146,0.301987946033478,11.0140247344971,15.3557472229004,11.528977394104,0.10798342525959,0.12276179343462,0.0863230153918266,0.9827601313591
89.8798904418945,-0.198504745960236,-0.0269979499280453,0.293159246444702,10.7004194259644,14.4302787780762,11.1862258911133,0.104251988232136,0.115437045693398,0.0846151039004326,0.984198212623596
90.3963623046875,-0.197877824306488,-0.0267623662948608,0.291588544845581,10.6076021194458,14.3628911972046,11.380597114563,0.103601589798927,0.114770032465458,0.0864535197615623,0.984185099601746
90.970573425293,-0.195852115750313,-0.0258693266659975,0.288508713245392,10.1516923904419,14.8188877105713,11.2317924499512,0.0998848304152489,0.119251064956188,0.0853065177798271,0.984136700630188
91.5446701049805,-0.191881880164146,-0.0257466733455658,0.288958519697189,10.0470371246338,15.2081212997437,11.1706733703613,0.099212184548378,0.122744962573051,0.084569625556469,0.983838737010956
92.1220550537109,-0.179364681243896,-0.0231010913848877,0.282084465026855,9.11109733581543,16.8653793334961,10.2238092422485,0.0912795886397362,0.138602301478386,0.0762582793831825,0.98317962884903
92.722053527832,-0.164194613695145,-0.0226634759455919,0.277746260166168,9.16405773162842,15.8419628143311,9.66902923583984,0.0904195979237556,0.130209699273109,0.0722374841570854,0.984708845615387
93.2300872802734,-0.169217586517334,-0.0231039170175791,0.278452754020691,9.08528423309326,15.9852876663208,10.002571105957,0.090216726064682,0.131243914365768,0.0750893875956535,0.984376728534698
93.7450866699219,-0.174323812127113,-0.0234293323010206,0.279324918985367,9.17162895202637,15.7571830749512,10.2991275787354,0.0911416411399841,0.128975704312325,0.0777088701725006,0.984388053417206
94.3264465332031,-0.176296561956406,-0.0229944791644812,0.277879387140274,8.99419403076172,15.9846439361572,10.3517007827759,0.0898349732160568,0.131042376160622,0.0782039910554886,0.984195947647095
94.831169128418,-0.177253589034081,-0.0226072538644075,0.276644140481949,8.89832973480225,16.0117130279541,10.4077100753784,0.0890959352254868,0.131314903497696,0.0787853449583054,0.984180450439453
95.4179077148438,-0.177543461322784,-0.0248715784400702,0.282625615596771,10.2643575668335,14.6046352386475,9.52235889434814,0.0989297181367874,0.118793644011021,0.0706686228513718,0.985447585582733
95.9222183227539,-0.175655677914619,-0.0441942028701305,0.290500223636627,20.2646942138672,12.7085304260254,9.34839153289795,0.183138534426689,0.0943394154310226,0.0603203289210796,0.976689219474792
96.429817199707,-0.173419326543808,-0.0227571483701468,0.285168141126633,9.71680068969727,12.8747596740723,9.1314640045166,0.0927852094173431,0.104660578072071,0.0693511739373207,0.987738609313965
97.0039672851563,-0.169053271412849,-0.0203513763844967,0.282723993062973,8.44389724731445,13.1724500656128,9.18079948425293,0.082054391503334,0.108167067170143,0.0708709508180618,0.988202571868896
97.5967178344727,-0.166864931583405,-0.021504333242774,0.289944976568222,8.9628849029541,13.401421546936,9.28657627105713,0.0867646262049675,0.109662458300591,0.0710659697651863,0.987621247768402
98.0985412597656,-0.17034125328064,-0.0217593628913164,0.291995972394943,9.00758647918701,13.7821369171143,9.51556205749512,0.0876102149486542,0.112733349204063,0.0727009624242783,0.987081706523895
98.6909866333008,-0.174647808074951,-0.0221511479467154,0.293685227632523,8.98662281036377,14.1578378677368,9.74462795257568,0.0878995582461357,0.11581027507782,0.074409194290638,0.986572325229645
99.2809600830078,-0.169566705822945,-0.0225051809102297,0.298915147781372,9.24706745147705,14.6026611328125,9.63692760467529,0.0903126299381256,0.119510293006897,0.0728386044502258,0.986030161380768
99.8711318969727,-0.16693326830864,-0.024060595780611,0.303761303424835,10.0147590637207,14.585786819458,9.45943069458008,0.0967101976275444,0.118887670338154,0.0704339370131493,0.985673308372498
100.470008850098,-0.16873362660408,-0.0250734779983759,0.304018914699554,10.9278240203857,16.0442333221436,9.4873514175415,0.105452567338943,0.130648031830788,0.0682740956544876,0.983437597751617
101.043235778809,-0.170441120862961,-0.0237436350435019,0.2932009100914,10.1877775192261,15.6932067871094,9.61303806304932,0.099041536450386,0.128133997321129,0.0706000253558159,0.984270393848419
101.607330322266,-0.175815224647522,-0.0208944082260132,0.268916010856628,8.81573390960693,17.0843944549561,9.37051010131836,0.0878463536500931,0.141395434737206,0.0691591277718544,0.983619511127472
102.152610778809,-0.179963335394859,-0.0196378193795681,0.26034089922905,8.03695774078369,16.7763786315918,9.30354976654053,0.0809018239378929,0.139418601989746,0.0698455274105072,0.984448552131653
102.663833618164,-0.177317276597023,-0.0198236983269453,0.262261301279068,8.20362377166748,16.9472541809082,9.26114082336426,0.0823827758431435,0.140785425901413,0.0691392496228218,0.984181046485901
103.167175292969,-0.178358912467957,-0.0192765071988106,0.257707983255386,7.92260789871216,16.8084526062012,9.5183162689209,0.0802024826407433,0.139634042978287,0.071818433701992,0.984333336353302
103.671180725098,-0.180558070540428,-0.0187224913388491,0.249017357826233,7.47722148895264,16.8779544830322,9.42956638336182,0.0763175562024117,0.140646606683731,0.0715958625078201,0.984514236450195
104.249877929688,-0.181100681424141,-0.0184423942118883,0.246853813529015,7.39796495437622,17.2131156921387,9.46456146240234,0.0758909359574318,0.143565148115158,0.0717794746160507,0.984112501144409
104.76197052002,-0.18330691754818,-0.0192166939377785,0.253830760717392,7.53500604629517,17.0147132873535,9.80169868469238,0.0773585140705109,0.141525238752365,0.0746240243315697,0.984082043170929
105.348587036133,-0.186185300350189,-0.0205094870179892,0.274166405200958,8.14497375488281,17.5198802947998,10.2819499969482,0.0835198536515236,0.145009711384773,0.0775654911994934,0.982842922210693
105.849197387695,-0.188034519553185,-0.0214276798069477,0.286713749170303,8.54707813262939,17.1682262420654,10.4294290542603,0.086906835436821,0.14153316617012,0.0785436853766441,0.982978343963623
106.436622619629,-0.190632104873657,-0.0214610081166029,0.290247291326523,8.68026256561279,17.1136512756348,10.5734367370605,0.0881866216659546,0.140837177634239,0.0796407386660576,0.982876062393188
106.945541381836,-0.197363421320915,-0.019304558634758,0.277750462293625,7.58666849136353,16.9349460601807,11.0649614334106,0.0792969167232513,0.13993214070797,0.0854539796710014,0.983274459838867
107.453521728516,-0.194386079907417,-0.0195832829922438,0.273682147264481,8.03031921386719,17.2235336303711,10.8484325408936,0.083040863275528,0.142157658934593,0.0827961266040802,0.982873439788818
108.033821105957,-0.18580724298954,-0.0211708731949329,0.270265817642212,9.10324001312256,16.9840526580811,10.2977657318115,0.091381348669529,0.139568284153938,0.0768086761236191,0.982990622520447
108.633110046387,-0.177420020103455,-0.0207164939492941,0.271517395973206,9.02443885803223,15.4835577011108,9.39917278289795,0.0886952057480812,0.127452835440636,0.0703707709908485,0.985361337661743
109.22241973877,-0.17099492251873,-0.0218103174120188,0.275474429130554,9.29552268981934,14.7503433227539,7.8011474609375,0.0888766944408417,0.1221809014678,0.0568633005023003,0.986883699893951
109.815628051758,-0.176973327994347,-0.0210174471139908,0.280745148658752,8.90785121917725,14.7107610702515,10.2932014465332,0.0881574302911758,0.120213203132153,0.0787956789135933,0.985681653022766
110.413238525391,-0.187228128314018,-0.0211946833878756,0.287093788385391,8.71756935119629,15.2673072814941,10.7345867156982,0.08738774061203,0.124827414751053,0.082391157746315,0.984882354736328
110.96981048584,-0.188467413187027,-0.0213663950562477,0.288346946239471,8.65956592559814,15.383056640625,10.8171272277832,0.0870640501379967,0.125811398029327,0.0830829814076424,0.984727680683136
111.553520202637,-0.18806417286396,-0.0205334406346083,0.284962117671967,8.3138952255249,15.3125095367432,10.7816171646118,0.0840086042881012,0.125541806221008,0.0832511782646179,0.985013246536255
112.069541931152,-0.187305852770805,-0.0207281559705734,0.286362916231155,8.35006141662598,15.4904012680054,10.6997995376587,0.0843572616577148,0.127098679542542,0.0823731422424316,0.984857618808746
112.581024169922,-0.186484470963478,-0.0214613266289234,0.290231436491013,8.67580986022949,15.6867227554321,10.6910972595215,0.0872818976640701,0.128501906991005,0.0817490741610527,0.984472572803497
113.086067199707,-0.186237365007401,-0.0215383730828762,0.291710048913956,8.69558620452881,15.7612743377686,10.7918224334717,0.0876180976629257,0.129047721624374,0.0825328007340431,0.984305918216705
113.589790344238,-0.186144784092903,-0.0211310721933842,0.289143294095993,8.56259727478027,15.8111610412598,10.7247858047485,0.0864381343126297,0.129646554589272,0.082085408270359,0.984368979930878
114.102264404297,-0.188197404146194,-0.0210151895880699,0.28564065694809,8.45475959777832,15.7545318603516,10.7734050750732,0.085527740418911,0.129220202565193,0.0826803222298622,0.984454751014709
114.672355651855,-0.187316924333572,-0.0211842115968466,0.281799167394638,8.46746253967285,15.9805116653442,10.7717657089233,0.0857976377010345,0.131151154637337,0.0824813544750214,0.984192550182343
115.179733276367,-0.182780101895332,-0.0208409298211336,0.276974886655807,8.50996875762939,15.5376710891724,10.3370914459229,0.0853592678904533,0.12763337790966,0.0790242850780487,0.984976470470428
115.727355957031,-0.163587868213654,-0.0193881988525391,0.254409551620483,7.92528200149536,13.1444320678711,9.6406421661377,0.0780038982629776,0.108009047806263,0.0753978937864304,0.988212823867798
116.257637023926,-0.159514263272285,-0.0203060228377581,0.259000599384308,8.19606494903564,12.9876317977905,9.4907054901123,0.0800935104489326,0.106546111404896,0.0739319548010826,0.988315284252167
116.769302368164,-0.166670471429825,-0.0157855153083801,0.258188277482986,5.47139120101929,10.5513935089111,8.41510200500488,0.0541369915008545,0.0881088823080063,0.0685988068580627,0.992270231246948
117.306488037109,-0.17399750649929,-0.0129442978650331,0.222401976585388,3.71446514129639,9.36721992492676,4.89656209945679,0.0357576422393322,0.0801561996340752,0.0399086512625217,0.995341002941132
117.821884155273,-0.172235921025276,-0.0269013494253159,0.240090385079384,9.01402568817139,11.7007551193237,4.59765815734863,0.0821848511695862,0.0983984544873238,0.0317756570875645,0.991238474845886
118.399551391602,-0.171328142285347,-0.0181204043328762,0.234165772795677,5.95039987564087,11.5380811691284,5.8344841003418,0.056682750582695,0.0976249426603317,0.0453569330275059,0.992572009563446
118.907913208008,-0.169207006692886,-0.0166932940483093,0.233876511454582,6.60400533676147,11.8554744720459,6.93149185180664,0.0634188950061798,0.0994507074356079,0.0540911331772804,0.991545140743256
119.408103942871,-0.156696140766144,-0.0160765498876572,0.222414642572403,5.93580198287964,11.2588558197021,6.13939094543457,0.0566987879574299,0.0950626209378242,0.0481492355465889,0.992688238620758
119.921966552734,-0.160853639245033,-0.0151805058121681,0.224251106381416,4.92196607589722,10.4204683303833,6.55242872238159,0.0478767342865467,0.0881346166133881,0.052968006581068,0.993546426296234
120.42308807373,-0.167215153574944,-0.00453362474218011,0.22132334113121,0.68521386384964,11.5910978317261,7.07284164428711,0.0121662681922317,0.100417979061604,0.060763955116272,0.993013620376587
120.929504394531,-0.166422992944717,-0.00236511137336493,0.218403160572052,358.691040039063,11.8027267456055,6.95650911331177,-0.00510376458987594,0.103309452533722,0.0615165233612061,0.992732048034668
121.433174133301,-0.162133947014809,-0.00317657878622413,0.220307305455208,359.406402587891,11.8450775146484,6.84169626235962,0.00101354054640979,0.103306032717228,0.0598838627338409,0.992844820022583
121.94002532959,-0.165947914123535,-0.00228164345026016,0.217540889978409,359.096862792969,11.0867643356323,7.52849435806274,-0.00148582586552948,0.096902996301651,0.0661018863320351,0.993095219135284
122.532875061035,-0.170571103692055,-0.00261701131239533,0.215484842658043,359.254943847656,11.7841567993164,7.39278745651245,0.000164117518579587,0.102856241166592,0.0647935941815376,0.992583692073822
123.038116455078,-0.179667949676514,-0.00366015709005296,0.219505831599236,359.880950927734,12.5290775299072,7.86770629882813,0.006455949973315,0.108932793140411,0.068308137357235,0.991678357124329
123.629325866699,-0.187056377530098,-0.00437071174383163,0.218889236450195,0.12443995475769,13.2434158325195,8.18941497802734,0.00930993631482124,0.11494205892086,0.0708040222525597,0.990801930427551
124.139854431152,-0.190034225583076,-0.00624281354248524,0.221373796463013,1.22213816642761,13.5710296630859,8.26347255706787,0.0190751608461142,0.117076113820076,0.0702843517065048,0.990449130535126
124.716339111328,-0.185476183891296,-0.0165532827377319,0.217185243964195,6.89122819900513,13.2421913146973,6.81875085830688,0.066439189016819,0.111340396106243,0.0520487315952778,0.99019193649292
125.263198852539,-0.174019202589989,-0.0143111636862159,0.211130768060684,5.82475757598877,15.6774444580078,6.51324987411499,0.0579904541373253,0.133129626512527,0.0492863617837429,0.988172292709351
125.782348632813,-0.171673953533173,-0.0106293661519885,0.218446090817451,3.83950901031494,14.5591411590576,7.10735654830933,0.0410154461860657,0.124336592853069,0.0572128854691982,0.989739775657654
126.31575012207,-0.166772082448006,-0.0110599659383297,0.221983671188354,4.56632804870605,13.8644342422485,6.72165822982788,0.0465489327907562,0.118073426187038,0.053349144756794,0.990477621555328
126.839698791504,-0.164446145296097,-0.00909951236099005,0.223294451832771,3.37009787559509,13.5062999725342,6.597083568573,0.0359161719679832,0.115666203200817,0.0536625944077969,0.991187036037445
127.341247558594,-0.166326448321342,-0.0085335923358798,0.221904680132866,3.15856456756592,13.2985353469849,6.76114463806152,0.0341525413095951,0.11393166333437,0.0553633235394955,0.991356730461121
127.86157989502,-0.16966538131237,-0.00938729103654623,0.219220772385597,3.55163431167603,13.3814888000488,7.20280075073242,0.038032129406929,0.114291064441204,0.0587537549436092,0.990978956222534
128.457473754883,-0.1662577688694,-0.00918606016784906,0.219903543591499,3.59010624885559,14.2324409484863,6.62171697616577,0.0381823815405369,0.121819786727428,0.0534061528742313,0.990378677845001
128.963653564453,-0.156777203083038,-0.00967142172157764,0.220295771956444,3.96449446678162,15.1455383300781,5.38141298294067,0.0404332354664803,0.12995158135891,0.0419537387788296,0.989806890487671
129.526718139648,-0.148449048399925,-0.0105900280177593,0.225457206368446,4.43150949478149,16.278205871582,5.10404920578003,0.0445343889296055,0.139626532793045,0.0385767482221127,0.988449811935425
130.027496337891,-0.135877683758736,-0.0128694027662277,0.229075044393539,5.58742761611938,18.3879051208496,4.23004770278931,0.0539709255099297,0.157702684402466,0.0286060683429241,0.98559558391571
130.533920288086,-0.137705862522125,-0.012666299007833,0.235399276018143,5.47954225540161,17.0760955810547,4.36157560348511,0.0528789088129997,0.146390274167061,0.0304964911192656,0.98734176158905
131.043548583984,-0.148781836032867,-0.012968897819519,0.224733158946037,5.23291635513306,17.5461483001709,4.92967414855957,0.05162663012743,0.15028116106987,0.0355026312172413,0.986655950546265
131.638458251953,-0.164608761668205,-0.0163668431341648,0.250480681657791,6.71614742279053,17.7634105682373,5.81131315231323,0.0656121894717216,0.150997966527939,0.040965523570776,0.985503196716309
132.147720336914,-0.165914997458458,-0.0170338116586208,0.260410964488983,7.19189882278442,17.7592868804932,6.23786640167236,0.0702584311366081,0.150455638766289,0.0439837574958801,0.985135674476624
132.656494140625,-0.165734648704529,-0.016989404335618,0.258689284324646,7.1624755859375,17.8974437713623,5.96287775039673,0.0696946233510971,0.151827216148376,0.041575912386179,0.985069870948792
133.231964111328,-0.17638011276722,-0.0156784355640411,0.252511590719223,6.39599895477295,15.5704116821289,6.25694704055786,0.0625712722539902,0.132030725479126,0.0464422143995762,0.988178014755249
133.768508911133,-0.175279304385185,-0.0127625279128551,0.2414361089468,5.17522621154785,14.6297168731689,6.35174894332886,0.051757387816906,0.12451583147049,0.0491548031568527,0.989646852016449
134.28401184082,-0.172694593667984,-0.0117950495332479,0.236613243818283,4.65223121643066,15.1625270843506,6.71297264099121,0.0478814579546452,0.129241853952408,0.0526430532336235,0.989056468009949
134.863327026367,-0.170600280165672,-0.0119558274745941,0.24179881811142,4.94717073440552,14.7105150222778,6.72272253036499,0.0502293072640896,0.125172108411789,0.0525807850062847,0.989466607570648
135.373794555664,-0.179266065359116,-0.00731272390112281,0.235606402158737,2.44506549835205,12.6853904724121,7.4223837852478,0.0283096488565207,0.10884565114975,0.0619642809033394,0.991721570491791
135.957107543945,-0.188141450285912,-0.00727184303104877,0.226227462291718,2.50414037704468,12.323184967041,7.55383586883545,0.0287461299449205,0.105643175542355,0.0631355121731758,0.991981387138367
136.460479736328,-0.195367276668549,-0.00911936722695827,0.222520589828491,3.04933428764343,12.9019927978516,7.874267578125,0.0340881198644638,0.110233217477798,0.0652206167578697,0.991177558898926
136.97509765625,-0.199540123343468,-0.00896426755934954,0.222546100616455,2.79479598999023,13.3367691040039,7.7501106262207,0.032011765986681,0.114185824990273,0.0642783790826797,0.990860819816589
137.482070922852,-0.19707790017128,-0.0092316186055541,0.228286191821098,2.8097710609436,13.4754447937012,7.81285095214844,0.0322821140289307,0.11535806953907,0.0647665113210678,0.990684449672699
137.989379882813,-0.19379498064518,-0.00920199695974588,0.235594093799591,2.98873949050903,13.4098081588745,7.68377065658569,0.0336625091731548,0.114718332886696,0.0634844228625298,0.990795791149139
138.498886108398,-0.196924448013306,-0.00963553506880999,0.243778765201569,3.16933441162109,13.472936630249,8.06966114044189,0.0356457568705082,0.115034990012646,0.0666145235300064,0.990484178066254
139.018142700195,-0.202209547162056,-0.00961291510611773,0.245574146509171,3.19556307792664,13.6531352996826,8.396559715271,0.036309439688921,0.1164725497365,0.0693555921316147,0.990103840827942
139.524291992188,-0.203062310814857,-0.00868472084403038,0.243996262550354,2.75963377952576,13.8266983032227,8.31036853790283,0.032561220228672,0.118284828960896,0.0690195634961128,0.990042805671692
140.044418334961,-0.200720384716988,-0.0112259304150939,0.246277809143066,4.0086145401001,13.7818222045898,7.98676300048828,0.0429880768060684,0.117196753621101,0.0649098306894302,0.990052342414856
140.544448852539,-0.1849704682827,-0.0165215004235506,0.248357713222504,6.54324340820313,13.0948486328125,6.45637893676758,0.0630179718136787,0.110466293990612,0.0493572056293488,0.990651190280914
141.077362060547,-0.161673545837402,-0.0181268453598022,0.257775902748108,7.12435293197632,10.7392244338989,5.33017444610596,0.0661349669098854,0.090422160923481,0.0403962843120098,0.992883741855621
141.649749755859,-0.159180253744125,-0.0192030556499958,0.267156004905701,7.77315998077393,11.3254337310791,5.42204809188843,0.072031669318676,0.0951448008418083,0.0402789004147053,0.992036581039429
142.233139038086,-0.177914634346962,-0.0174831189215183,0.259675800800323,7.17216825485229,12.5760469436646,6.26846408843994,0.0680554881691933,0.105749301612377,0.0473996140062809,0.99092823266983
142.755294799805,-0.180236920714378,-0.0183065719902515,0.260542839765549,7.45237255096436,12.9482755661011,6.49952220916748,0.0708484947681427,0.108674816787243,0.0488920770585537,0.990343332290649
143.264251708984,-0.181565076112747,-0.018643457442522,0.263458669185638,7.69277572631836,13.0574512481689,6.41443586349487,0.0728892534971237,0.109538823366165,0.0478439293801785,0.990151226520538
143.797637939453,-0.186202511191368,-0.0182400476187468,0.266061007976532,7.58731651306152,12.8429565429688,6.79938125610352,0.0722504183650017,0.107501067221165,0.0514130145311356,0.990242540836334
144.324920654297,-0.190433442592621,-0.0179942194372416,0.266303390264511,7.4087700843811,12.9375200271606,7.06011867523193,0.0709978565573692,0.108259990811348,0.0537872612476349,0.9901242852211
144.863494873047,-0.191497057676315,-0.0176348220556974,0.264105290174484,7.10578918457031,12.7547359466553,6.91440343856812,0.0681597739458084,0.106947287917137,0.0529437251389027,0.990511775016785
145.375640869141,-0.190185874700546,-0.0187621302902699,0.268344879150391,7.67789602279663,11.2052659988403,6.80125045776367,0.0722930654883385,0.0932856127619743,0.052376501262188,0.991629064083099
145.94612121582,-0.166453883051872,0.0100933592766523,0.231790363788605,352.567443847656,24.787166595459,6.52969646453857,-0.0510050132870674,0.217432379722595,0.0693959444761276,0.972268462181091
146.450012207031,-0.172731667757034,0.00574786216020584,0.235242307186127,355.110595703125,17.9602031707764,6.37177276611328,-0.03340033441782,0.158049881458282,0.0614922195672989,0.984948456287384
146.959365844727,-0.182536259293556,0.00168485601898283,0.244391694664955,357.412322998047,13.9505052566528,7.40857410430908,-0.0145220961421728,0.122604042291641,0.0668488368391991,0.990095257759094
147.532608032227,-0.177867144346237,-0.00269012455828488,0.234479114413261,359.525390625,14.5108604431152,6.35873651504517,0.0029021289665252,0.126325383782387,0.055539682507515,0.990428626537323
148.110229492188,-0.17796778678894,-0.00791492592543364,0.237551882863045,2.42840814590454,14.1342945098877,6.1761360168457,0.027625123038888,0.121693357825279,0.05084627866745,0.990879535675049
148.615798950195,-0.181389585137367,-0.0106570897623897,0.24512380361557,3.6225380897522,14.2343425750732,6.22285509109497,0.0380391851067543,0.121952049434185,0.0499224998056889,0.990549623966217
149.119979858398,-0.182881087064743,-0.0130667192861438,0.256926566362381,4.83702850341797,13.8796987533569,5.989586353302,0.0481391474604607,0.11836626380682,0.0467244684696198,0.990701198577881
149.625473022461,-0.17896580696106,-0.0127924736589193,0.266931354999542,4.80660486221313,13.984302520752,6.24553537368774,0.0481852367520332,0.119178354740143,0.0489257983863354,0.990495324134827
150.154357910156,-0.17374674975872,-0.0118467202410102,0.272446632385254,4.73278665542603,13.3216600418091,7.543044090271,0.0485452897846699,0.112944215536118,0.0604993663728237,0.990568935871124
150.65901184082,-0.18648062646389,-0.0118292756378651,0.262054651975632,4.27384757995605,10.9117288589478,12.4088945388794,0.0471700169146061,0.0904446393251419,0.103987582027912,0.989333808422089
151.169799804688,-0.210541546344757,-0.0140943750739098,0.240368813276291,3.58732390403748,7.345543384552,20.5998344421387,0.0421805717051029,0.0574099086225033,0.176373407244682,0.981741964817047
151.746719360352,-0.207082748413086,-0.0133222863078117,0.230248257517815,3.25318837165833,4.45331048965454,19.8394107818604,0.034630510956049,0.0333701856434345,0.170982077717781,0.984099745750427
152.248077392578,-0.190355882048607,-0.0170606337487698,0.237962558865547,5.59824419021606,5.69586515426636,17.9214630126953,0.0559085048735142,0.0414234437048435,0.152982756495476,0.985776126384735
152.760147094727,-0.195221289992332,-0.0204280968755484,0.247334167361259,6.33072280883789,6.94784498214722,20.5819282531738,0.0650382339954376,0.0496821328997612,0.174754664301872,0.981204628944397
153.348052978516,-0.196538761258125,-0.0222360584884882,0.273721575737,7.70718812942505,8.48881149291992,21.8349304199219,0.0797954574227333,0.0598134994506836,0.183564230799675,0.977936208248138
153.852722167969,-0.194880157709122,-0.027280405163765,0.285687297582626,8.85013103485107,9.05677032470703,22.1137619018555,0.0905833542346954,0.0625055059790611,0.184636279940605,0.976625382900238
154.35710144043,-0.179464235901833,-0.0165243335068226,0.271120101213455,5.86193513870239,11.3047199249268,13.9506902694702,0.0624529756605625,0.0914559885859489,0.115694761276245,0.987091779708862
154.858093261719,-0.157428756356239,-0.0115953050553799,0.253997206687927,4.10948848724365,13.05002784729,359.671173095703,0.0352960899472237,0.113665655255318,-0.00692345295101404,0.992867767810822
155.427032470703,-0.116532430052757,-0.0137001257389784,0.238008141517639,3.23664617538452,17.1739749908447,345.6865234375,0.00911284238100052,0.151567384600639,-0.127322301268578,0.980170071125031
156.009658813477,-0.13724622130394,-0.00527507113292813,0.230148330330849,0.726002395153046,13.3297300338745,355.719390869141,0.00195389497093856,0.116213388741016,-0.0378282777965069,0.992501735687256
156.52082824707,-0.159168884158134,-0.00380222825333476,0.223762691020966,0.182543650269508,10.3724365234375,4.57021999359131,0.00518936756998301,0.0902577787637711,0.0395649597048759,0.995118677616119
157.087036132813,-0.174242228269577,-0.00725962594151497,0.237917229533195,1.10805439949036,9.74794578552246,12.0363779067993,0.0184889808297157,0.0834819748997688,0.103643141686916,0.990932404994965
157.595169067383,-0.18472284078598,-0.00877285189926624,0.244970872998238,2.65131902694702,10.2401218414307,17.2756805419922,0.0361810550093651,0.0847464203834534,0.147507786750793,0.984759092330933
158.180862426758,-0.214878737926483,-0.0183009970933199,0.245805650949478,5.04508256912231,8.97343158721924,23.4420719146729,0.058838989585638,0.0676089599728584,0.198956802487373,0.975901246070862
158.771194458008,-0.194325625896454,-0.0149233341217041,0.184777200222015,4.33986473083496,10.6668729782104,13.4635934829712,0.0483277291059494,0.0878254324197769,0.113135501742363,0.988509774208069
159.290832519531,-0.187382251024246,-0.0103741055354476,0.179708734154701,2.19821238517761,8.24863433837891,13.3264150619507,0.027346583083272,0.0692018568515778,0.114340908825397,0.99065101146698
159.810485839844,-0.191763386130333,-0.0104329967871308,0.188454657793045,2.43584370613098,9.2789831161499,13.5439872741699,0.0305734965950251,0.0778053104877472,0.115798406302929,0.989748656749725
160.321929931641,-0.193367928266525,-0.01135472394526,0.192766055464745,2.93683195114136,11.1805305480957,13.3986339569092,0.0366903245449066,0.0937416255474091,0.113586664199829,0.988415122032166
160.839202880859,-0.188334286212921,-0.0129187805578113,0.201597347855568,4.54225778579712,12.23659324646,10.8998718261719,0.0493391938507557,0.102274157106876,0.0901562422513962,0.98943293094635
161.42219543457,-0.0938885807991028,-0.0237115137279034,0.195654332637787,5.82443332672119,18.1684169769287,353.887634277344,0.0416904576122761,0.160132497549057,-0.0605885237455368,0.984351873397827
161.983489990234,-0.059308011084795,-0.0268538221716881,0.175560832023621,5.01810693740845,24.1587791442871,348.363433837891,0.0213936008512974,0.212328776717186,-0.108148090541363,0.970959722995758
162.487487792969,-0.0644375681877136,-0.0232150424271822,0.176481783390045,2.98724699020386,22.5628070831299,348.564575195313,0.00595162762328982,0.197135105729103,-0.102742940187454,0.9749596118927
162.999542236328,-0.0553055107593536,-0.024269251152873,0.179936811327934,3.24018144607544,23.0744609832764,349.410552978516,0.00913387537002563,0.201627880334854,-0.0960087180137634,0.974702596664429
163.571426391602,-0.0495092421770096,-0.0244629587978125,0.188549071550369,3.77325344085693,21.9757614135742,351.174407958984,0.017565306276083,0.192419946193695,-0.0817466154694557,0.977744102478027
164.153915405273,-0.0404432117938995,-0.0295358337461948,0.221245348453522,5.48587989807129,20.3218841552734,354.658874511719,0.0388430841267109,0.178215056657791,-0.0542429350316525,0.981727242469788
164.734619140625,-0.0455777123570442,-0.0291467141360044,0.239292040467262,5.72559356689453,16.8404369354248,358.802001953125,0.0478744320571423,0.146757870912552,-0.0176418200135231,0.987855732440948
165.31657409668,-0.05912971124053,-0.0253850035369396,0.22547410428524,5.06577825546265,16.4782848358154,1.27643346786499,0.0453286841511726,0.142669022083282,0.00468034809455276,0.988720893859863
165.843154907227,-0.0830688253045082,-0.0165007449686527,0.20351006090641,4.3770112991333,16.4301013946533,2.16471409797668,0.0404858812689781,0.142045259475708,0.0132265295833349,0.98894339799881
166.41194152832,-0.14910052716732,-0.0166061669588089,0.179938182234764,5.07800006866455,13.9613313674927,20.4936275482178,0.0648680999875069,0.11165663599968,0.171098813414574,0.976754903793335
166.978240966797,-0.189364597201347,-0.0250054933130741,0.170419439673424,7.12289953231812,12.2320995330811,26.9491119384766,0.0848431661725044,0.0890175849199295,0.224803671240807,0.966613113880157
167.492950439453,-0.193869277834892,-0.0298304315656424,0.185013562440872,9.05306529998779,11.0875854492188,27.9147968292236,0.099461242556572,0.0745151564478874,0.231924220919609,0.964762210845947
167.995620727539,-0.191068455576897,-0.0306690633296967,0.200061738491058,9.49101066589355,11.5582962036133,27.1110076904297,0.103537209331989,0.0782613456249237,0.224298134446144,0.965839326381683
168.49723815918,-0.184134915471077,-0.0227352418005466,0.207981884479523,8.07180309295654,12.3181047439575,22.9885997772217,0.089898370206356,0.0909323766827583,0.190229207277298,0.97337681055069
169.079055786133,-0.184978634119034,-0.0158181935548782,0.209787383675575,4.22719669342041,12.2165021896362,19.7782497406006,0.0543888062238693,0.0984569042921066,0.166784808039665,0.979556500911713
169.595108032227,-0.20321948826313,-0.0245397314429283,0.221033602952957,6.24527072906494,12.4784450531006,18.4572658538818,0.0708533227443695,0.0984295085072517,0.153344318270683,0.98070228099823
170.099670410156,-0.153697952628136,-0.0168250743299723,0.20467983186245,4.90487957000732,7.63474178314209,15.9250135421753,0.05149757117033,0.0599598102271557,0.135269775986671,0.987651228904724
170.677108764648,-0.119895212352276,-0.0176081564277411,0.19144769012928,5.79502582550049,3.72195720672607,16.4956912994385,0.0546530447900295,0.0248497296124697,0.141571849584579,0.988105714321136
171.200271606445,-0.153539836406708,-0.0152086112648249,0.17987984418869,4.18116044998169,6.58014297485352,20.3008327484131,0.0459567271173,0.050036896020174,0.173764571547508,0.982440948486328
171.778717041016,-0.171877890825272,-0.0140824504196644,0.181617468595505,4.25412893295288,8.22769165039063,19.606050491333,0.048685472458601,0.0643392130732536,0.167082071304321,0.982636153697968
172.347610473633,-0.176716953516006,-0.0061558997258544,0.178892374038696,2.22419023513794,10.523551940918,13.2184028625488,0.0297513771802187,0.0888552293181419,0.112822033464909,0.989186942577362
172.919570922852,-0.185577586293221,-0.00413285940885544,0.159738525748253,1.21961212158203,11.0578756332397,11.3727722167969,0.0200872644782066,0.0948192998766899,0.0975963771343231,0.990495204925537
173.471130371094,-0.18750673532486,-0.00401064427569509,0.166357174515724,1.01183700561523,11.6134538650513,10.5022869110107,0.0180068034678698,0.0999405756592751,0.0901587307453156,0.990736603736877
174.051971435547,-0.196892157196999,-0.00450982386246324,0.173009067773819,1.30002987384796,10.514066696167,11.1242036819458,0.0201237797737122,0.0900916382670403,0.0954761281609535,0.991142213344574
174.625183105469,-0.198355615139008,-0.00914227962493896,0.205369472503662,3.88726472854614,11.0849866867065,11.5614070892334,0.0433085039258003,0.0926374047994614,0.096933551132679,0.990023553371429
175.140365600586,-0.194412484765053,-0.0103581137955189,0.207513645291328,4.56247663497925,11.6716289520264,11.7571907043457,0.0497957840561867,0.0970075950026512,0.0977833941578865,0.989216029644012
175.646453857422,-0.200081348419189,-0.00973231717944145,0.197904855012894,3.75547122955322,12.8514289855957,13.5751628875732,0.0455527156591415,0.107222519814968,0.113741792738438,0.986656546592712
176.149597167969,-0.203964784741402,-0.0140816923230886,0.206796035170555,5.28681898117065,13.6588277816772,15.3632230758667,0.0612597092986107,0.111600182950497,0.127143397927284,0.983680427074432
176.66650390625,-0.205231919884682,-0.0156545527279377,0.212862327694893,5.57527828216553,14.4391565322876,18.483570098877,0.0677816197276115,0.116145364940166,0.153106585144997,0.979017019271851
177.240570068359,-0.210836559534073,-0.0198697652667761,0.204381972551346,7.19354677200317,16.0325450897217,20.8499069213867,0.0862800627946854,0.125641480088234,0.170222267508507,0.973547279834747
177.812759399414,-0.234590172767639,-0.0307966899126768,0.192895025014877,8.41414546966553,16.2980327606201,28.8243885040283,0.105520687997341,0.118842467665672,0.235647395253181,0.958755552768707
178.320175170898,-0.244982525706291,-0.0324253775179386,0.19951269030571,8.61529636383057,15.5655918121338,30.4899749755859,0.10730829834938,0.110715195536613,0.249975174665451,0.955897212028503
178.902450561523,-0.247755795717239,-0.0344651900231838,0.215121373534203,8.99061584472656,13.1320705413818,30.8793258666992,0.105401903390884,0.0891534611582756,0.255024701356888,0.957028985023499
179.485397338867,-0.207045346498489,-0.0259987786412239,0.219061285257339,7.46014595031738,13.5001306533813,24.804178237915,0.0882879197597504,0.100677214562893,0.205362230539322,0.969482183456421
179.990997314453,-0.193557322025299,-0.023382443934679,0.21412256360054,6.4524621963501,15.4187545776367,22.4309177398682,0.080755241215229,0.120530769228935,0.18503001332283,0.971964418888092
180.574829101563,-0.183345124125481,-0.0202663838863373,0.201818034052849,5.56628608703613,15.7864065170288,20.6579303741455,0.071910098195076,0.126318663358688,0.170831382274628,0.974519968032837
181.142730712891,-0.181654587388039,-0.0182918701320887,0.194432497024536,4.94646978378296,17.0663242340088,19.4333171844482,0.0670827552676201,0.138914436101913,0.160440936684608,0.974916100502014
181.721878051758,-0.174240544438362,-0.0204217247664928,0.204500257968903,5.93621110916138,16.6156635284424,18.1328239440918,0.0733348354697227,0.134420990943909,0.148328095674515,0.977011680603027
182.294082641602,-0.185626700520515,-0.0174228623509407,0.197635903954506,4.6982421875,15.2780351638794,18.8709888458252,0.0618490949273109,0.12436281144619,0.156970724463463,0.977787673473358
182.876113891602,-0.207861065864563,-0.0189264286309481,0.196594536304474,4.40154075622559,15.2337112426758,22.2887096405029,0.0629448667168617,0.122595876455307,0.186440825462341,0.972752809524536
183.456192016602,-0.219240352511406,-0.0251650959253311,0.206224754452705,6.06024694442749,13.6630039215088,24.9815120697021,0.0769341588020325,0.10462037473917,0.208307340741158,0.969403803348541
184.015182495117,-0.220640271902084,-0.0224284250289202,0.205105900764465,4.95421123504639,12.9425115585327,24.2410049438477,0.0656298100948334,0.101072326302528,0.203673139214516,0.971593737602234
184.608825683594,-0.205784916877747,-0.0201900079846382,0.202351361513138,4.88509893417358,12.4662647247314,22.4372787475586,0.0626604482531548,0.0981604382395744,0.188688844442368,0.975107550621033
185.17658996582,-0.206961214542389,-0.0202231872826815,0.200524359941483,4.91754245758057,11.9921102523804,22.1017532348633,0.0618791542947292,0.0942504405975342,0.186058133840561,0.976048290729523
185.755661010742,-0.202313005924225,-0.0144131798297167,0.198373734951019,1.13408136367798,20.2174892425537,22.497989654541,0.0437927283346653,0.170236065983772,0.19033183157444,0.965854942798615
186.321441650391,-0.214664846658707,-0.00395284686237574,0.19034917652607,357.098083496094,22.3461647033691,19.2653102874756,0.00792278349399567,0.195136874914169,0.168943911790848,0.966083228588104
186.831756591797,-0.223591089248657,-0.00733470544219017,0.178720355033875,0.607377409934998,15.6055192947388,16.1453247070313,0.0242640487849712,0.133678674697876,0.13841424882412,0.981011092662811
187.431564331055,-0.11648491024971,-0.00781523529440165,0.188657715916634,2.15136003494263,11.641749382019,13.157169342041,0.030170364305377,0.0985935628414154,0.112063631415367,0.988337397575378
188.006469726563,-0.164457261562347,-0.0212807655334473,0.167457833886147,0.297221511602402,17.1655158996582,11.8873853683472,0.018004585057497,0.148169413208961,0.102006062865257,0.983522474765778
188.534790039063,-0.161728382110596,-0.0220895409584045,0.151683062314987,0.374817728996277,16.7317905426025,11.5489873886108,0.017858250066638,0.144429475069046,0.0990687683224678,0.984381318092346
189.038208007813,-0.162726849317551,-0.0216488670557737,0.152203038334846,0.361168622970581,16.6987533569336,11.9251337051392,0.0181855447590351,0.144098669290543,0.102321982383728,0.98409104347229
189.58837890625,-0.18733723461628,-0.0254971012473106,0.168061897158623,1.46875059604645,15.789608001709,13.9811115264893,0.0293165445327759,0.13477735221386,0.118794925510883,0.983292162418365
190.162689208984,-0.191890090703964,-0.0256837010383606,0.164633274078369,1.42024707794189,15.932092666626,14.3715391159058,0.029511658474803,0.135951861739159,0.122166164219379,0.982711315155029
190.67578125,-0.192352578043938,-0.0268478598445654,0.162761971354485,1.72806632518768,15.9320478439331,13.8792924880981,0.0315672941505909,0.13575054705143,0.117569737136364,0.983235836029053
191.258666992188,-0.179098874330521,-0.00652436353266239,0.147689297795296,350.687286376953,26.7926425933838,12.0276117324829,-0.0543428733944893,0.23792353272438,0.120285645127296,0.96227365732193
191.765670776367,-0.194042786955833,-0.0163348242640495,0.154525354504585,355.823822021484,15.9196910858154,12.0039367675781,-0.0214170832186937,0.141401648521423,0.108504422008991,0.983754873275757
192.329528808594,-0.200783014297485,-0.020476782694459,0.167819947004318,357.966033935547,15.4642248153687,12.9953718185425,-0.00225156848318875,0.135646507143974,0.114489130675793,0.98411750793457
192.831390380859,-0.205803528428078,-0.0215394925326109,0.168926939368248,358.175842285156,13.4869718551636,14.8024291992188,-0.000551873934455216,0.11846774071455,0.129762828350067,0.984442353248596
193.390777587891,-0.214125499129295,-0.0227564945816994,0.170485094189644,358.445220947266,12.0026168823242,16.05344581604,0.00123651896137744,0.105401501059532,0.14026153087616,0.984487533569336
193.906005859375,-0.21943573653698,-0.0246960483491421,0.171910598874092,359.244781494141,11.921950340271,16.4168720245361,0.00833923742175102,0.103720761835575,0.142676994204521,0.984284400939941
194.453414916992,-0.221486181020737,-0.0322338901460171,0.179031535983086,2.85693550109863,13.7765979766846,15.5278272628784,0.0407191142439842,0.115454360842705,0.131112337112427,0.98377937078476
195.017807006836,-0.217558234930038,-0.0312260333448648,0.168356835842133,2.71660876274109,15.6192493438721,14.1808557510376,0.0400731824338436,0.131906107068062,0.119060069322586,0.983269870281219
195.592666625977,-0.226327881217003,-0.0308156739920378,0.181883171200752,2.57087016105652,12.0139675140381,14.9557065963745,0.0357362665235996,0.100830055773258,0.127068132162094,0.986108481884003
196.159606933594,-0.22937935590744,-0.0297312792390585,0.193426623940468,2.32931876182556,12.3233184814453,15.4187135696411,0.0344213396310806,0.103631041944027,0.131183579564095,0.985325694084167
196.72233581543,-0.224121570587158,-0.0293719097971916,0.196032956242561,2.10438919067383,13.2357940673828,14.7601909637451,0.0328909195959568,0.111930385231972,0.125474885106087,0.98521363735199
197.232086181641,-0.217503979802132,-0.0324482694268227,0.205359160900116,3.95875382423401,13.1390705108643,13.3273286819458,0.0473493635654449,0.109586544334888,0.111285164952278,0.986592352390289
197.798751831055,-0.213580906391144,-0.0345059186220169,0.210576876997948,4.72463750839233,13.8954439163208,12.4689283370972,0.0537990666925907,0.115702718496323,0.102751821279526,0.986489057540894
198.37873840332,-0.208977237343788,-0.0361044779419899,0.221703171730042,5.95891427993774,15.2959308624268,11.3430280685425,0.0643978118896484,0.127164617180824,0.090929850935936,0.985603332519531
198.939056396484,-0.206360027194023,-0.0380360446870327,0.224138095974922,7.38065576553345,13.542441368103,10.1669778823853,0.0740890949964523,0.111534595489502,0.0802477896213531,0.987740457057953
199.494873046875,-0.200438022613525,-0.0345824062824249,0.217053428292274,5.4573073387146,13.4257965087891,9.88640117645264,0.0571649149060249,0.112253502011299,0.0799361988902092,0.988808155059814
200.031921386719,-0.192054376006126,-0.0348945818841457,0.212934538722038,5.62246322631836,13.3366050720215,9.66257476806641,0.0583088882267475,0.111466683447361,0.0778765603899956,0.988994717597961
200.599136352539,-0.188308075070381,-0.0355264618992805,0.213199660181999,5.71844530105591,13.4881458282471,9.68928909301758,0.0592655204236507,0.112685844302177,0.0779285356402397,0.988795578479767
201.156219482422,-0.19017268717289,-0.0226404201239347,0.206778064370155,358.986602783203,18.0745735168457,11.2015438079834,0.00663753505796194,0.157173588871956,0.0977634862065315,0.982697665691376
201.73405456543,-0.201274618506432,-0.027445025742054,0.218348503112793,1.25869297981262,15.754017829895,11.5955982208252,0.0246680490672588,0.135238692164421,0.0985612869262695,0.985590040683746
202.272613525391,-0.201712787151337,-0.029333233833313,0.217650711536407,2.5818293094635,14.4510536193848,11.3363304138184,0.0346598923206329,0.122921079397202,0.0951379612088203,0.987237513065338
202.850936889648,-0.200199201703072,-0.0287042334675789,0.212894886732101,2.25157690048218,13.831280708313,11.210901260376,0.0311701111495495,0.117903776466846,0.094593808054924,0.988017797470093
203.365325927734,-0.198477134108543,-0.0291749518364668,0.213864997029305,2.42438459396362,14.2038621902466,11.1137571334839,0.0328635722398758,0.120993547141552,0.093466192483902,0.987696647644043
203.937728881836,-0.200935050845146,-0.0299961008131504,0.214162454009056,2.73823952674866,14.3322296142578,11.2539463043213,0.0358205735683441,0.121785439550877,0.0942914709448814,0.987417995929718
204.492004394531,-0.205549374222755,-0.0307896826416254,0.215712800621986,3.10875129699707,14.4425935745239,11.6131563186646,0.0394850671291351,0.122288465499878,0.0969388633966446,0.986959636211395
205.0859375,-0.198777243494987,-0.016809893772006,0.202629432082176,356.255859375,20.7061672210693,11.5459938049316,-0.0139057552441955,0.181939259171486,0.104738011956215,0.977616846561432
205.598373413086,-0.199031755328178,-0.0258255489170551,0.205819800496101,1.13287270069122,16.2255668640137,10.647970199585,0.0228385739028454,0.139598324894905,0.0904651954770088,0.985802590847015
206.115982055664,-0.201997399330139,-0.0278317481279373,0.199049934744835,2.14160871505737,14.9270486831665,10.4461765289307,0.0302754901349545,0.127646237611771,0.0878294706344604,0.987459301948547
206.625061035156,-0.20840810239315,-0.026736918836832,0.193507939577103,1.40849339962006,14.4660577774048,11.1815595626831,0.0244003981351852,0.124108836054802,0.0951000228524208,0.987399399280548
207.14665222168,-0.214724108576775,-0.028198616579175,0.191652446985245,1.86709749698639,13.7094211578369,11.9781074523926,0.0285393819212914,0.116997070610523,0.101644940674305,0.987504780292511
207.647216796875,-0.215955972671509,-0.0284881237894297,0.192008838057518,2.16464686393738,12.7159805297852,12.2206506729126,0.0304516050964594,0.108093239367008,0.103689804673195,0.98824942111969
208.219223022461,-0.221316397190094,-0.0245790090411901,0.187501594424248,359.733917236328,11.1066303253174,13.6439895629883,0.00920025911182165,0.0963610857725143,0.118450433015823,0.988230466842651
208.746658325195,-0.221286863088608,-0.022960877045989,0.187622204422951,358.951507568359,10.9335298538208,14.0767431259155,0.00263375393114984,0.0956625118851662,0.122836701571941,0.987802088260651
209.280807495117,-0.188545405864716,-0.0108997821807861,0.186051830649376,352.666046142578,25.6651592254639,11.595534324646,-0.0396502614021301,0.226813837885857,0.112425170838833,0.966614663600922
209.84423828125,-0.196848571300507,-0.0110505549237132,0.21654024720192,0.84743744134903,15.0918874740601,8.62959861755371,0.0171902440488338,0.130393818020821,0.0736143067479134,0.988576233386993
210.354949951172,-0.117845460772514,-0.0139587810263038,0.197466015815735,4.93857431411743,9.03849315643311,1.59921407699585,0.0440442897379398,0.0781137570738792,0.010504599660635,0.995915651321411
210.858032226563,-0.1560268253088,-0.0125731388106942,0.15466120839119,3.23825240135193,13.9530544281006,359.596069335938,0.0276179760694504,0.121512323617935,-0.00692931842058897,0.992181420326233
211.370025634766,-0.131240114569664,-0.0257629323750734,0.15276825428009,5.32244729995728,14.7847099304199,0.571310639381409,0.0466847009956837,0.128293350338936,-0.0010349799413234,0.990636348724365
211.872283935547,-0.128665879368782,-0.0233686827123165,0.143155962228775,3.28701782226563,13.2679023742676,1.66475534439087,0.0301632471382618,0.115052193403244,0.0111110070720315,0.992839276790619
212.37580871582,-0.130601778626442,-0.0224835369735956,0.15057535469532,3.36349368095398,13.1633596420288,2.28540110588074,0.0314334109425545,0.113965943455696,0.0164394378662109,0.992851197719574
212.883590698242,-0.117867417633533,-0.0282766800373793,0.16081614792347,5.19968700408936,12.846227645874,2.57464456558228,0.0475748404860497,0.110713794827461,0.0172289572656155,0.992563486099243
213.455627441406,-0.114333301782608,-0.0279435496777296,0.157170638442039,5.00072526931763,12.7660140991211,1.96757924556732,0.0452558696269989,0.110307589173317,0.012197507545352,0.992791712284088
213.975524902344,-0.148067966103554,-0.0257296971976757,0.162447556853294,4.63454437255859,12.9867897033691,4.66209697723389,0.0447362959384918,0.111268684267998,0.0358105450868607,0.992136836051941
214.549468994141,-0.165790721774101,-0.0237730331718922,0.171836897730827,4.23943901062012,12.5132904052734,5.96569156646729,0.0423847436904907,0.106846772134304,0.0476660951972008,0.992227435112
215.057800292969,-0.152247503399849,-0.0248195473104715,0.175713494420052,3.93265819549561,12.8805913925171,6.28452062606812,0.0401892736554146,0.110064253211021,0.0505943670868874,0.991822004318237
215.573837280273,-0.14224848151207,-0.0283331498503685,0.178288787603378,5.43981790542603,12.7456941604614,5.6854772567749,0.0526009872555733,0.108397580683231,0.0439720414578915,0.991740763187408
216.148620605469,-0.136027544736862,-0.0312233120203018,0.185884311795235,6.90575838088989,13.0272550582886,5.57270193099976,0.0652726143598557,0.110190846025944,0.0413862392306328,0.990900933742523
216.727523803711,-0.135689780116081,-0.0337126031517982,0.19353523850441,8.20630836486816,13.5296945571899,5.74925804138184,0.0768571421504021,0.113781541585922,0.0412560105323792,0.989668965339661
217.247528076172,-0.136855408549309,-0.0345869958400726,0.196214079856873,8.23792362213135,13.7269649505615,6.00486183166504,0.0774581581354141,0.115296550095081,0.0432967469096184,0.989359617233276
217.757690429688,-0.127281859517097,-0.0548487827181816,0.204444706439972,18.388650894165,15.2178544998169,3.98641896247864,0.162826910614967,0.125122040510178,0.0128876194357872,0.978604018688202
218.331405639648,-0.108347535133362,-0.0517901293933392,0.207859262824059,16.2582416534424,14.8939685821533,1.81222057342529,0.142223179340363,0.126073092222214,-0.00280195404775441,0.98176896572113
218.839248657227,-0.105995371937752,-0.0516371205449104,0.210541889071465,16.1078701019287,15.5974063873291,1.52651417255402,0.140586793422699,0.132493764162064,-0.00594205828383565,0.981144964694977
219.405380249023,-0.100585460662842,-0.0511668622493744,0.205902352929115,15.6933164596558,15.4502925872803,1.88266396522522,0.137452706694603,0.13092203438282,-0.00222192937508225,0.981815278530121
219.927536010742,-0.103805527091026,-0.0477971360087395,0.209526717662811,14.3742303848267,14.4303436279297,2.29048871994019,0.126585200428963,0.122103460133076,0.00396270537748933,0.984404027462006
220.471939086914,-0.111624397337437,-0.0447667501866817,0.212723672389984,13.0324850082397,13.881217956543,3.37699627876282,0.116141967475414,0.116688251495361,0.0153530919924378,0.986234843730927
220.987884521484,-0.109780304133892,-0.0374615341424942,0.21014341711998,9.70638751983643,14.2564296722412,3.81212282180786,0.0880151614546776,0.120784595608711,0.0223929286003113,0.988515555858612
221.519332885742,-0.0970895886421204,-0.0143791437149048,0.193115741014481,357.028625488281,26.4296264648438,5.43493318557739,-0.0143776005133986,0.229465439915657,0.0520603433251381,0.971817195415497
222.035095214844,-0.106411814689636,-0.0110311200842261,0.189920797944069,355.347503662109,27.7033615112305,7.5446605682373,-0.0235855374485254,0.241286545991898,0.0735225304961205,0.967377364635468
222.560623168945,-0.122979037463665,-0.0123524749651551,0.196617096662521,356.011413574219,25.6091938018799,11.3052167892456,-0.0119531685486436,0.223757892847061,0.103664115071297,0.969042479991913
223.143798828125,-0.128756523132324,-0.0162002202123404,0.204733788967133,357.52978515625,24.4656772613525,13.2881908416748,0.00358558655716479,0.212850376963615,0.117584824562073,0.969977140426636
223.730758666992,-0.138943985104561,-0.0173688363283873,0.20393443107605,358.491180419922,20.027587890625,13.0504360198975,0.00687678949907422,0.174217313528061,0.114174231886864,0.978041589260101
224.236801147461,-0.146964028477669,-0.0153035251423717,0.197251230478287,357.1005859375,17.880163192749,13.1584424972534,-0.00702781602740288,0.157192170619965,0.117054402828217,0.980581223964691
224.755584716797,-0.146123185753822,-0.0150326006114483,0.200246915221214,355.783874511719,14.940957069397,12.6184587478638,-0.0219730157405138,0.13314850628376,0.1136414706707,0.984314143657684
225.331024169922,-0.138067945837975,-0.0252730827778578,0.20954518020153,1.45447552204132,10.045994758606,7.82752847671509,0.0185897462069988,0.0864813700318336,0.0668786689639091,0.993832290172577
225.860015869141,-0.135084599256516,-0.0274637341499329,0.206151768565178,2.89205265045166,8.79745101928711,8.01184940338135,0.030455743893981,0.0747273713350296,0.0677009373903275,0.994436979293823
226.362915039063,-0.133225545287132,-0.0258640628308058,0.20761527121067,2.01312136650085,9.43193340301514,8.38559532165527,0.0234706997871399,0.0807035341858864,0.0714136436581612,0.993899524211884
226.867385864258,-0.124090075492859,-0.0178164653480053,0.207858696579933,358.271820068359,16.0437278747559,9.3366641998291,-0.00352713232859969,0.140287548303604,0.0826796293258667,0.986646354198456
227.437118530273,-0.150838628411293,-0.0168468579649925,0.203483030200005,357.869201660156,12.4735727310181,9.97357082366943,-0.00897182989865541,0.109814397990704,0.088408887386322,0.989971816539764
228.024047851563,-0.160067990422249,-0.0110075743868947,0.183026686310768,356.774627685547,11.0594415664673,9.88123512268066,-0.0196120925247669,0.098378486931324,0.0883903056383133,0.991021811962128
228.532897949219,-0.150452971458435,-0.0105115342885256,0.168812140822411,357.613006591797,11.5725603103638,8.84467697143555,-0.0128888338804245,0.102093979716301,0.0787919014692307,0.991565704345703
229.054321289063,-0.15066958963871,-0.00397348403930664,0.15732105076313,358.058166503906,13.9920206069946,8.7719612121582,-0.00745616853237152,0.122712314128876,0.0779526308178902,0.989347994327545
229.648818969727,-0.198954701423645,-0.00256549054756761,0.122023642063141,359.185607910156,10.9798278808594,7.53357648849487,-0.000774091458879411,0.0959261953830719,0.0660709664225578,0.993192970752716
230.155975341797,-0.225708931684494,-0.00171448942273855,0.111412450671196,358.571411132813,10.6286163330078,8.89056301116943,-0.00519738998264074,0.0932955294847488,0.0783189833164215,0.992539703845978
230.678298950195,-0.217323243618011,-0.00416805595159531,0.129558965563774,0.206930533051491,10.9945945739746,8.27783203125,0.00870707258582115,0.0954190641641617,0.0716702863574028,0.992815554141998
231.181457519531,-0.216995865106583,-0.00922951940447092,0.156013712286949,2.98678374290466,11.2522077560425,8.91265106201172,0.0334724523127079,0.09569151699543,0.0747513398528099,0.992035806179047
231.713394165039,-0.207566618919373,-0.0166871547698975,0.187222465872765,6.86256837844849,10.9226655960083,8.067138671875,0.0661147683858871,0.0905771255493164,0.0642139166593552,0.991615474224091
232.313400268555,-0.198779284954071,-0.0130611388012767,0.200120061635971,5.81712579727173,12.7965993881226,7.51118230819702,0.0576077811419964,0.107753947377205,0.059366125613451,0.990730106830597
232.826843261719,-0.20538792014122,-0.00961112789809704,0.190799236297607,3.98650407791138,12.5682306289673,8.06453037261963,0.0421795062720776,0.106690622866154,0.0660556703805923,0.991198599338531
233.363357543945,-0.215626776218414,-0.0085320882499218,0.186931043863297,3.39911508560181,12.3526363372803,8.86238098144531,0.0377070493996143,0.104941479861736,0.0735981613397598,0.991034209728241
233.887893676758,-0.222322225570679,-0.00801340024918318,0.187694370746613,3.08593392372131,12.1101293563843,9.72798919677734,0.0356207862496376,0.102795831859112,0.0814570635557175,0.99072140455246
234.443328857422,-0.224340260028839,-0.00810921471565962,0.191468730568886,3.03855562210083,12.4975614547729,10.1088743209839,0.035839457064867,0.106062360107899,0.0846733152866364,0.990099370479584
234.955978393555,-0.226261615753174,-0.0100019937381148,0.197674050927162,3.98657822608948,12.1532859802246,10.1356420516968,0.0437971577048302,0.102325849235058,0.0841177552938461,0.99021989107132
235.48469543457,-0.2249795794487,-0.0103969927877188,0.203225284814835,4.21084356307983,11.9977054595947,10.1959199905396,0.0456728041172028,0.100778222084045,0.0844883099198341,0.9902623295784
236.004501342773,-0.218031346797943,-0.0117529053241014,0.204651102423668,4.79922294616699,12.1117258071899,9.74303531646729,0.0504360385239124,0.101489067077637,0.0799725353717804,0.990333557128906
236.53190612793,-0.215493083000183,-0.0137347746640444,0.210438087582588,5.68540525436401,12.3820266723633,9.52565002441406,0.0580780282616615,0.103244930505753,0.0771155059337616,0.989959895610809
237.048370361328,-0.219251707196236,-0.015882782638073,0.215520933270454,6.69218921661377,12.1548681259155,9.69461822509766,0.0667625889182091,0.100409597158432,0.0777250826358795,0.989656269550323
237.559967041016,-0.221514999866486,-0.0167135260999203,0.21617166697979,7.07275676727295,12.5775356292725,9.61915397644043,0.0702619776129723,0.103805303573608,0.0764483213424683,0.989162981510162
238.075408935547,-0.223690807819366,-0.0180562548339367,0.220647752285004,7.7110071182251,13.5221281051636,9.61817932128906,0.0763853788375854,0.111451230943203,0.0751762092113495,0.987973928451538
238.592102050781,-0.230164021253586,-0.018507432192564,0.222753465175629,7.92226219177246,13.6830291748047,9.97967338562012,0.0786643773317337,0.112422741949558,0.0779555663466454,0.987469494342804
239.117050170898,-0.2347462028265,-0.0175692494958639,0.220636904239655,7.4288272857666,14.8322353363037,10.7249765396118,0.0759977772831917,0.122235909104347,0.0841547623276711,0.986002385616302
239.71110534668,-0.23395624756813,-0.0205623880028725,0.225991651415825,8.96655750274658,14.1824808120728,11.0975542068481,0.0891069695353508,0.114994838833809,0.0860552713274956,0.985611796379089
240.218887329102,-0.228591740131378,-0.0201050266623497,0.213314026594162,8.84088706970215,14.9007730484009,10.0874633789063,0.0874941125512123,0.122062429785728,0.0769591256976128,0.985658586025238
240.731964111328,-0.232095062732697,-0.0281905308365822,0.206764563918114,13.1713552474976,13.6131429672241,8.76334476470947,0.122542664408684,0.108691222965717,0.0618080943822861,0.984555423259735
241.234069824219,-0.20589105784893,-0.0229432377964258,0.182508915662766,10.6162099838257,13.7433471679688,4.14615631103516,0.0960963144898415,0.115732468664646,0.0246988944709301,0.988312423229218
241.751846313477,-0.198228940367699,-0.0194611232727766,0.165653005242348,8.51187801361084,11.9034299850464,3.45837616920471,0.076898492872715,0.101130001246929,0.0222384799271822,0.99164754152298
242.267135620117,-0.195403173565865,-0.0219875294715166,0.168178558349609,9.53382015228271,12.2760782241821,3.55555033683777,0.0858917757868767,0.103939764201641,0.021857138723135,0.990626811981201
242.827209472656,-0.194341614842415,-0.0173081699758768,0.179531842470169,7.14260149002075,16.6542224884033,3.97237157821655,0.0666065216064453,0.142320185899734,0.0252107717096806,0.987255275249481
243.338729858398,-0.206123381853104,-0.01472232863307,0.196073547005653,5.57578134536743,20.466817855835,6.86490964889526,0.0584032274782658,0.17426423728466,0.0502240695059299,0.981681525707245
243.856903076172,-0.225401937961578,-0.011168627999723,0.196615651249886,3.92335152626038,18.4013977050781,9.07045364379883,0.0463204719126225,0.156627282500267,0.0725527852773666,0.983899593353271
244.39094543457,-0.215194970369339,-0.0117926672101021,0.195429027080536,4.32864379882813,19.2613868713379,9.38317108154297,0.0507823713123798,0.163572043180466,0.0742849931120872,0.982419013977051
244.964965820313,-0.206852823495865,-0.0109444363042712,0.183015748858452,3.77087354660034,19.0317821502686,8.50920867919922,0.0446173027157784,0.16236899793148,0.067703902721405,0.983393013477325
245.473419189453,-0.215286895632744,-0.00973889138549566,0.174828037619591,2.89544582366943,18.6190586090088,8.52779579162598,0.036886740475893,0.159414991736412,0.0692719593644142,0.984087228775024
245.993087768555,-0.219936206936836,-0.011313240043819,0.176776945590973,3.47711396217346,18.7576675415039,8.40143871307373,0.0417844653129578,0.160256281495094,0.0673074722290039,0.983891129493713
246.513320922852,-0.213640347123146,-0.0138840321451426,0.184612408280373,4.68997192382813,18.762601852417,8.01156330108643,0.0516478978097439,0.159649536013603,0.0622118934988976,0.983856856822968
247.091339111328,-0.201013341546059,-0.0156407002359629,0.193426936864853,5.80563974380493,20.1297969818115,7.01288032531738,0.0604443326592445,0.171162903308868,0.0513084009289742,0.982047438621521
247.59846496582,-0.187613666057587,-0.0145323276519775,0.194843158125877,5.36771297454834,22.2884349822998,5.53027820587158,0.0552025251090527,0.190626069903374,0.0382407084107399,0.979363083839417
248.198455810547,-0.185474902391434,-0.0145410234108567,0.169942378997803,5.3356761932373,21.7426300048828,4.83419036865234,0.0536152310669422,0.186303988099098,0.0326010920107365,0.980486333370209
248.714157104492,-0.177931636571884,-0.0140965161845088,0.166850209236145,5.02823495864868,22.1465358734131,4.6692681312561,0.0508294925093651,0.189966335892677,0.031520888209343,0.979967176914215
249.217880249023,-0.179739326238632,-0.0137449838221073,0.164585664868355,4.63722372055054,21.8174285888672,5.05745458602905,0.0480293333530426,0.187153041362762,0.0356388688087463,0.98050844669342
249.797714233398,-0.191148579120636,-0.0152789391577244,0.171099439263344,5.50903654098511,22.0843639373779,5.74636173248291,0.0566974207758904,0.188705548644066,0.0399477668106556,0.979581415653229
250.308013916016,-0.195919916033745,-0.0164436232298613,0.170830264687538,5.81729650497437,22.4160919189453,5.4688606262207,0.0589801222085953,0.191526010632515,0.0368846170604229,0.979019284248352
250.827407836914,-0.19349417090416,-0.017720939591527,0.172726809978485,6.37058687210083,23.212703704834,4.90481996536255,0.0629746094346046,0.198362722992897,0.03068115003407,0.977622210979462
251.340438842773,-0.180377468466759,-0.0222988650202751,0.17506916821003,7.95808124542236,21.9821949005127,2.62312698364258,0.0724542737007141,0.188587889075279,0.00918859988451004,0.979336798191071
251.857223510742,-0.178848311305046,-0.0222536232322454,0.174050882458687,7.81109142303467,21.1930599212646,2.35421252250671,0.0707050859928131,0.182050690054893,0.00762314256280661,0.98071414232254
252.3818359375,-0.169645056128502,-0.0228745471686125,0.17535862326622,7.95187711715698,21.4571018218994,1.9095151424408,0.071210503578186,0.184547275304794,0.00342640234157443,0.980234503746033
252.955993652344,-0.149344950914383,-0.0237432755529881,0.173146292567253,8.17324352264404,22.1786098480225,1.48709797859192,0.0724176838994026,0.190926074981689,-0.00100344652310014,0.978928983211517
253.54638671875,-0.131352856755257,-0.0246866550296545,0.171781852841377,8.31614685058594,22.5295639038086,0.745240271091461,0.072377048432827,0.194362580776215,-0.00780240446329117,0.978224873542786
254.050155639648,-0.130965873599052,-0.0239604264497757,0.175577908754349,8.26284980773926,22.5490303039551,1.2524676322937,0.0727812349796295,0.194218039512634,-0.00339372642338276,0.978248834609985
254.565399169922,-0.133986994624138,-0.0251413974910975,0.179768025875092,8.89335441589355,22.4867000579834,1.60392880439758,0.0787565931677818,0.193306237459183,-0.00142877316102386,0.977971494197845
255.084075927734,-0.142832428216934,-0.025685541331768,0.181667149066925,9.21893310546875,22.2665767669678,2.4025661945343,0.0828689262270927,0.190772131085396,0.00498957093805075,0.978117525577545
255.674270629883,-0.150906816124916,-0.024796498939395,0.183497250080109,8.71539878845215,22.0577087402344,2.7947986125946,0.0792091712355614,0.188874796032906,0.00933574605733156,0.978756904602051
256.179046630859,-0.153524905443192,-0.02604347653687,0.194301277399063,9.36082172393799,22.3164882659912,3.40625238418579,0.0857522636651993,0.190409585833549,0.0132779460400343,0.977862238883972
256.754516601563,-0.156590238213539,-0.0263767577707767,0.197268515825272,9.45502662658691,21.9907646179199,3.82067847251892,0.087195597589016,0.187278389930725,0.0169015862047672,0.978283286094666
257.314910888672,-0.157486289739609,-0.0250565279275179,0.19567508995533,9.21014308929443,21.1767539978027,4.07443618774414,0.0853812396526337,0.180237486958504,0.0200869739055634,0.979704558849335
257.894866943359,-0.171807885169983,-0.0206615068018436,0.190593764185905,7.30449914932251,20.5192852020264,4.64106941223145,0.0698276609182358,0.175063669681549,0.0284252222627401,0.981666386127472
258.423156738281,-0.17777219414711,-0.0212360322475433,0.193757221102715,7.38219833374023,21.1331939697266,4.88845205307007,0.0710323080420494,0.180132463574409,0.0300420466810465,0.980614185333252
258.932708740234,-0.176871165633202,-0.0218385569751263,0.197404995560646,7.65852642059326,21.7112369537354,4.80625629425049,0.0734099969267845,0.184998884797096,0.028521329164505,0.979577898979187
259.455535888672,-0.18123272061348,-0.0206622928380966,0.200036659836769,7.13278532028198,21.6942462921143,5.03024244308472,0.0692771449685097,0.184962794184685,0.0313204638659954,0.979800224304199
260.027984619141,-0.170551523566246,-0.0216052234172821,0.204530209302902,7.5167350769043,21.91015625,4.81242609024048,0.0722590312361717,0.186761543154716,0.0286843813955784,0.979324281215668
260.608215332031,-0.15591949224472,-0.0224694553762674,0.201633274555206,7.68754386901855,21.9624423980713,3.91690611839294,0.0722654834389687,0.187698736786842,0.0207115020602942,0.979345679283142
261.126495361328,-0.152344390749931,-0.0226890034973621,0.197999536991119,7.68031549453735,21.9368896484375,3.56793022155762,0.0716278478503227,0.187702268362045,0.0177570097148418,0.979449868202209
261.703155517578,-0.153317838907242,-0.0233420338481665,0.201485648751259,7.90716600418091,22.3554706573486,3.74992108345032,0.0739316418766975,0.191075190901756,0.0186626724898815,0.978609263896942
262.2900390625,-0.161363914608955,-0.0221487525850534,0.201703891158104,7.47422981262207,22.189920425415,4.22031831741333,0.0709877163171768,0.189541146159172,0.0235216710716486,0.979020774364471
262.872833251953,-0.157485336065292,-0.022930646315217,0.203098177909851,7.88454675674438,22.5188598632813,4.10539817810059,0.0743619725108147,0.192249566316605,0.021630959585309,0.978285491466522
263.380645751953,-0.159647643566132,-0.023348918184638,0.203145205974579,7.93049240112305,22.6289577484131,4.18312549591064,0.0749055072665215,0.193119153380394,0.0221435353159904,0.978061258792877
263.911407470703,-0.166568160057068,-0.0229036659002304,0.204994678497314,7.85455274581909,22.5730762481689,4.52573680877686,0.0748228579759598,0.192451894283295,0.0252355504781008,0.97812420129776
264.469573974609,-0.168438568711281,-0.0225643590092659,0.206710338592529,7.72129058837891,22.4865264892578,4.72545766830444,0.0740014091134071,0.191644713282585,0.0272262543439865,0.978291809558868
264.981536865234,-0.162340700626373,-0.0230334531515837,0.205464988946915,7.86441373825073,22.4821186065674,4.24074602127075,0.0744099691510201,0.191856607794762,0.0228449292480946,0.978331387042999
265.556304931641,-0.162266001105309,-0.0236020814627409,0.202348798513412,8.01359844207764,22.5526008605957,4.00650548934937,0.0753027275204659,0.192547932267189,0.020542623475194,0.978178322315216
266.058929443359,-0.169919401407242,-0.0227735042572021,0.202828794717789,7.78521966934204,22.4074897766113,4.43461942672729,0.0740430057048798,0.191128626465797,0.0246844217181206,0.978457033634186
266.631805419922,-0.167123541235924,-0.0232387892901897,0.204529777169228,8.02079772949219,22.59303855896,4.43873739242554,0.0760983973741531,0.192604452371597,0.0241928230971098,0.978022158145905
267.220489501953,-0.160995215177536,-0.0234809592366219,0.205255374312401,8.12943935394287,22.6917152404785,4.13751935958862,0.0765366032719612,0.193599388003349,0.0213684979826212,0.977857291698456
267.813415527344,-0.166777268052101,-0.0230386946350336,0.209080338478088,7.99182367324829,22.3371086120605,4.76131010055542,0.0763328075408936,0.190218523144722,0.0271664690226316,0.978392660617828
268.399047851563,-0.164888188242912,-0.0225710142403841,0.208925604820251,7.83860683441162,22.3288440704346,4.8033299446106,0.0750938355922699,0.190192624926567,0.0277925878763199,0.978475987911224
268.969543457031,-0.168455258011818,-0.0217351708561182,0.20431199669838,7.57045221328735,22.2844676971436,4.94134187698364,0.0730242505669594,0.189852237701416,0.029457613825798,0.978650033473969
269.541351318359,-0.186149135231972,-0.016852430999279,0.197196036577225,5.96720790863037,21.9403953552246,7.61492586135864,0.0636056661605835,0.186227783560753,0.0552188493311405,0.978889405727386
270.046325683594,-0.19498410820961,-0.0161677096039057,0.192727357149124,5.72241687774658,21.3949890136719,10.3562860488892,0.0655812099575996,0.180208817124367,0.0793456956744194,0.978227138519287
270.554901123047,-0.213768780231476,-0.0141521031036973,0.194715395569801,4.70197248458862,20.1789836883545,13.1746349334717,0.060199897736311,0.169250100851059,0.10570927709341,0.978036820888519
271.119140625,-0.2177704423666,-0.0148246185854077,0.204558029770851,4.61494731903076,20.5255126953125,14.2637004852295,0.0614129565656185,0.171722158789635,0.114950001239777,0.976486802101135
271.682769775391,-0.23130501806736,-0.0147359231486917,0.21165819466114,4.35288000106812,19.2553005218506,14.5188550949097,0.0582600347697735,0.161053016781807,0.118192046880722,0.97810959815979
272.248077392578,-0.236173212528229,-0.0167425312101841,0.221640363335609,5.25296592712402,19.9699115753174,14.5195751190186,0.0666567832231522,0.166115820407867,0.116441801190376,0.976935923099518
272.833160400391,-0.241079241037369,-0.0189592000097036,0.237200602889061,6.25735092163086,19.7743701934814,14.9839515686035,0.0756642073392868,0.162978485226631,0.118967726826668,0.976503789424896
273.4052734375,-0.236302584409714,-0.0181677471846342,0.236178204417229,5.98415422439575,19.8896770477295,14.7269172668457,0.0730931535363197,0.16445292532444,0.117125079035759,0.976675152778625
273.924713134766,-0.228393167257309,-0.0186549033969641,0.232971921563148,6.19818639755249,19.5604000091553,14.2000713348389,0.073834203183651,0.16173467040062,0.112514391541481,0.977614939212799
274.479644775391,-0.222537502646446,-0.0188905261456966,0.233530193567276,6.29824066162109,19.4948978424072,13.9369583129883,0.0742515474557877,0.16123254597187,0.110159181058407,0.977934420108795
275.044372558594,-0.218011096119881,-0.0181445516645908,0.225918367505074,6.26971006393433,19.5396842956543,13.3168020248413,0.0731757879257202,0.162045150995255,0.104879900813103,0.978461503982544
275.548553466797,-0.217550113797188,-0.0171710941940546,0.216702535748482,5.8324875831604,19.2278099060059,13.1387147903442,0.0689141526818275,0.159957841038704,0.104212090373039,0.979185461997986
276.050140380859,-0.219007939100266,-0.0169518925249577,0.210747197270393,5.67956209182739,19.1376304626465,13.2397651672363,0.0676682144403458,0.159289017319679,0.10535753518343,0.979258835315704
276.627502441406,-0.217728018760681,-0.016368892043829,0.203408271074295,5.31834602355957,19.0261688232422,13.1500625610352,0.0643597468733788,0.15876966714859,0.105190627276897,0.979584097862244
277.214324951172,-0.221067249774933,-0.0159563459455967,0.198933735489845,4.94909048080444,18.9093399047852,13.2225866317749,0.0612007565796375,0.158119320869446,0.106417894363403,0.979759156703949
277.779754638672,-0.227641135454178,-0.0167056955397129,0.205015167593956,5.3513069152832,18.807071685791,13.5574245452881,0.0649970769882202,0.156631723046303,0.108748026192188,0.979497730731964
278.357696533203,-0.232358783483505,-0.0175227485597134,0.209756031632423,5.90256500244141,19.3599586486816,13.6429748535156,0.070339635014534,0.160704851150513,0.108333989977837,0.978514194488525
278.866760253906,-0.232479572296143,-0.0167907476425171,0.201250866055489,5.5757532119751,19.2768592834473,13.4815692901611,0.0672496557235718,0.160447388887405,0.107496567070484,0.978866040706635
279.436126708984,-0.231218740344048,-0.0173830538988113,0.193115457892418,5.8088059425354,19.334939956665,12.6398286819458,0.0681084841489792,0.161196276545525,0.0999199002981186,0.979486107826233
280.000457763672,-0.236628323793411,-0.0183858834207058,0.189621552824974,6.20570993423462,18.982213973999,11.5740585327148,0.0697176456451416,0.158430516719818,0.090425007045269,0.980745911598206
280.520782470703,-0.239500731229782,-0.0199519880115986,0.193972483277321,7.003990650177,18.6998500823975,11.7739839553833,0.0765861570835114,0.155123203992844,0.0911436006426811,0.980695784091949
281.025756835938,-0.235026255249977,-0.0185454692691565,0.195194587111473,6.52919149398804,18.5056705474854,11.6360750198364,0.0721895098686218,0.154005959630013,0.0907787159085274,0.981239080429077
281.530609130859,-0.231889575719833,-0.0191908497363329,0.19315604865551,6.73016119003296,18.3117961883545,11.5763549804688,0.0736745297908783,0.152192756533623,0.090101920068264,0.981473922729492
282.040588378906,-0.23076343536377,-0.0183943994343281,0.192324861884117,6.27760648727417,18.0416107177734,11.3945760726929,0.0693526044487953,0.15041609108448,0.0893549025058746,0.982130825519562
282.559875488281,-0.233170658349991,-0.0178786274045706,0.195499271154404,6.02534532546997,17.958610534668,11.9888877868652,0.0679058656096458,0.149588391184807,0.0948515310883522,0.981842815876007
283.121795654297,-0.232917696237564,-0.0178041774779558,0.197174400091171,5.97622060775757,17.7309913635254,12.1537017822266,0.067509338259697,0.147588491439819,0.0964666604995728,0.982015430927277
283.695556640625,-0.232607692480087,-0.0184848550707102,0.198952525854111,6.17298221588135,17.8950290679932,11.9466009140015,0.0690611004829407,0.14892578125,0.0943207815289497,0.981914103031158
284.289855957031,-0.236424565315247,-0.0182131957262754,0.205952122807503,6.00000095367432,17.5962009429932,12.364896774292,0.0678690224885941,0.146285116672516,0.0983233749866486,0.982001543045044
284.79150390625,-0.236624240875244,-0.018471846356988,0.21219290792942,6.25306510925293,17.6326808929443,12.3933792114258,0.070101261138916,0.146327629685402,0.0981972217559814,0.981850981712341
285.373321533203,-0.237558543682098,-0.0199539978057146,0.209918856620789,6.89850044250488,17.2084178924561,12.1727600097656,0.0749858245253563,0.142187863588333,0.0956941545009613,0.982345342636108
285.888427734375,-0.23354335129261,-0.0171024315059185,0.189123064279556,5.18694925308228,15.9427404403687,10.0625352859497,0.056788869202137,0.134072452783585,0.0805121138691902,0.986061573028564
286.389343261719,-0.222551286220551,-0.0132063627243042,0.16581317782402,4.63755989074707,14.7478847503662,8.93551921844482,0.0499923713505268,0.124724186956882,0.0720136687159538,0.988311111927032
286.989349365234,-0.225114196538925,-0.0142834559082985,0.173095732927322,5.11751842498779,14.7594451904297,9.3377161026001,0.054571770131588,0.124287016689777,0.0749268308281898,0.987907290458679
287.576324462891,-0.22949792444706,-0.014290863648057,0.174964815378189,4.94186687469482,14.5494470596313,9.86770820617676,0.0534875690937042,0.122362449765205,0.0797949954867363,0.987825512886047
288.147888183594,-0.233151957392693,-0.0144440215080976,0.176594153046608,4.93871402740479,14.5176868438721,10.2109613418579,0.0538037680089474,0.121930532157421,0.0827720984816551,0.987616777420044
288.653259277344,-0.236196488142014,-0.0144677711650729,0.179306820034981,5.14825868606567,14.4341840744019,10.5097913742065,0.0558631829917431,0.120894208550453,0.0851508751511574,0.987427592277527
289.214721679688,-0.2352574467659,-0.0138461645692587,0.174201533198357,4.70543432235718,14.3707675933838,10.5190105438232,0.0520132854580879,0.12071505188942,0.085757203400135,0.987607300281525
289.803771972656,-0.229558557271957,-0.0143182408064604,0.171524494886398,4.94385051727295,14.6223802566528,10.1456518173218,0.0538535751402378,0.122859291732311,0.0821542367339134,0.987550556659698
290.391448974609,-0.224846735596657,-0.0148496953770518,0.172791987657547,5.21711826324463,14.85169506073,9.50078010559082,0.0556676462292671,0.124928042292595,0.076173409819603,0.987669825553894
290.955535888672,-0.210335120558739,-0.0192937627434731,0.176883950829506,7.79173564910889,13.5717096328735,357.459838867188,0.0648378282785416,0.119352243840694,-0.0299852527678013,0.990278780460358
291.555541992188,-0.209862634539604,-0.016238970682025,0.182585418224335,6.27507781982422,16.1287803649902,3.51558780670166,0.0584630109369755,0.138347387313843,0.0226509589701891,0.988397181034088
292.083587646484,-0.213656038045883,-0.0158789213746786,0.186797946691513,6.06791830062866,15.9001579284668,4.09078073501587,0.0573152862489223,0.136157482862473,0.0279828403145075,0.988631904125214
292.589752197266,-0.218776032328606,-0.0154685191810131,0.191907986998558,5.93523788452148,15.8739604949951,4.98531436920166,0.0572244971990585,0.13553811609745,0.0358749106526375,0.988467395305634
293.102630615234,-0.219826906919479,-0.0158111173659563,0.196394518017769,6.13371419906616,15.6164693832397,5.31043338775635,0.059232946485281,0.133062228560448,0.0385696738958359,0.988583981990814
293.688720703125,-0.217738077044487,-0.0158989578485489,0.201456382870674,5.99727249145508,15.5475120544434,5.68591928482056,0.0584672503173351,0.132339537143707,0.0420084185898304,0.98858642578125
294.246612548828,-0.221564471721649,-0.013503011316061,0.191153019666672,6.07051992416382,14.4934272766113,6.38361978530884,0.0594596415758133,0.122845038771629,0.0484876222908497,0.989455759525299
294.837219238281,-0.206843599677086,-0.0129943368956447,0.162390291690826,4.95877456665039,11.9309606552124,8.00539016723633,0.0501685738563538,0.100575365126133,0.0648753941059113,0.991543710231781
295.419769287109,-0.210127726197243,-0.0238587576895952,0.153529524803162,6.13013935089111,12.0306129455566,9.12039756774902,0.0613271929323673,0.100085161626339,0.0733699947595596,0.990373075008392
295.973907470703,-0.218263000249863,-0.0258901081979275,0.150660693645477,5.01085567474365,11.5051240921021,10.452488899231,0.0524343997240067,0.0957586467266083,0.0861800238490105,0.990279734134674
296.47705078125,-0.215771913528442,-0.0281015355139971,0.162587806582451,4.33550071716309,11.7048406600952,9.52625751495361,0.0459591373801231,0.0984170958399773,0.0787010416388512,0.990963160991669
297.050079345703,-0.217673882842064,-0.0272633247077465,0.164679825305939,4.09572315216064,11.748815536499,9.25318622589111,0.0436811223626137,0.0990823209285736,0.0765412971377373,0.991169035434723
297.620208740234,-0.230834990739822,-0.0278032310307026,0.167029574513435,3.63544797897339,12.1140823364258,9.84238338470459,0.0404739826917648,0.102370716631413,0.0819288790225983,0.990540146827698
298.210662841797,-0.238132119178772,-0.0283921416848898,0.181709229946136,4.35445404052734,12.1870498657227,10.3812351226807,0.0472176261246204,0.102222502231598,0.0858771651983261,0.989922285079956
298.797485351563,-0.236932933330536,-0.0288633778691292,0.18217396736145,4.29001808166504,12.5785131454468,9.98770713806152,0.046591579914093,0.10581710934639,0.0823796689510345,0.989871501922607
299.379486083984,-0.242338359355927,-0.0291019678115845,0.189728066325188,4.44857835769653,12.4332981109619,10.5043125152588,0.0483263358473778,0.104220472276211,0.0867470651865005,0.989584565162659
299.968475341797,-0.243462771177292,-0.0193229913711548,0.190093249082565,358.708984375,12.5568189620972,10.9044437408447,-0.000757417699787766,0.109922081232071,0.095666266977787,0.989325284957886
300.547454833984,-0.240386784076691,-0.0273060742765665,0.1912582218647,3.20838499069214,14.1880073547363,9.84769725799561,0.0382738076150417,0.120609194040298,0.0816966667771339,0.988592028617859
301.068908691406,-0.234381943941116,-0.0277457796037197,0.189866289496422,3.17514824867249,15.1797933578491,8.9570198059082,0.0376879274845123,0.129483386874199,0.0737232193350792,0.988118708133698
301.575256347656,-0.228010684251785,-0.0261011552065611,0.186898693442345,2.50615191459656,15.535834312439,8.6735200881958,0.0318240523338318,0.13310307264328,0.0719593688845634,0.987974107265472
302.166961669922,-0.231341183185577,-0.0265911556780338,0.187697693705559,2.76954770088196,15.2599658966064,8.94652462005615,0.0342321954667568,0.130463823676109,0.0740818083286285,0.988088726997375
302.738647460938,-0.235197395086288,-0.0272523649036884,0.190394774079323,2.96731114387512,15.7606019973755,9.40384674072266,0.0367958769202232,0.134494423866272,0.0776327401399612,0.987183153629303
303.316192626953,-0.236783549189568,-0.0280186086893082,0.195171117782593,3.28735399246216,15.7003355026245,9.60695743560791,0.039747565984726,0.133667886257172,0.0790155306458473,0.987071216106415
303.884460449219,-0.237484037876129,-0.0278565045446157,0.195740133523941,3.15339708328247,16.0863399505615,9.69303894042969,0.0389638915657997,0.137064352631569,0.0797879844903946,0.986574411392212
304.459442138672,-0.239539802074432,-0.0271481573581696,0.190854638814926,2.77851533889771,16.091178894043,9.78543949127197,0.0358524359762669,0.137362509965897,0.0810450315475464,0.986548483371735
305.039794921875,-0.239478409290314,-0.027219807729125,0.188810929656029,2.5603928565979,16.2645511627197,9.74228096008301,0.0340462289750576,0.139034748077393,0.0808911472558975,0.986390829086304
305.549041748047,-0.239931106567383,-0.0272274687886238,0.18825076520443,2.36756181716919,16.3672428131104,9.80018901824951,0.0325306877493858,0.140048757195473,0.0816006660461426,0.986240088939667
306.147674560547,-0.241131067276001,-0.0291416645050049,0.197595119476318,3.25838494300842,15.7364311218262,9.62842273712158,0.0395481958985329,0.133993342518806,0.0792229697108269,0.987018465995789
306.686462402344,-0.238981783390045,-0.0288979336619377,0.202575281262398,3.25479483604431,15.1556968688965,9.34370613098145,0.0387946516275406,0.129089072346687,0.0769722908735275,0.987879693508148
307.245788574219,-0.211884915828705,-0.0348963737487793,0.167728379368782,7.32707118988037,17.7433757781982,6.76116037368774,0.0720984786748886,0.149916395545006,0.0483062714338303,0.984882473945618
307.794616699219,-0.195632129907608,-0.0279902312904596,0.175597429275513,3.28628134727478,16.8028697967529,6.76693820953369,0.0369366221129894,0.144119009375572,0.0541787780821323,0.987385511398315
308.368347167969,-0.202376767992973,-0.0284065697342157,0.181914940476418,3.42026352882385,16.5131759643555,7.74772357940674,0.0391639433801174,0.141219198703766,0.0625542402267456,0.987223565578461
308.935668945313,-0.207229882478714,-0.0285185109823942,0.190436989068985,3.18433523178101,16.6006736755371,8.6251745223999,0.0382676124572754,0.14183022081852,0.0703816339373589,0.98664391040802
309.531921386719,-0.213763177394867,-0.0274174213409424,0.200322195887566,3.04719805717468,15.9946622848511,9.37101936340332,0.0376028753817081,0.136462181806564,0.0771765783429146,0.986918389797211
310.058898925781,-0.213140487670898,-0.0262883342802525,0.201138153672218,2.43928980827332,16.1917953491211,9.36839485168457,0.0325007997453213,0.138607248663902,0.0778438299894333,0.986748218536377
310.579040527344,-0.211665317416191,-0.0249700546264648,0.195441573858261,1.87240135669708,16.2523307800293,9.32686519622803,0.0276122838258743,0.139551490545273,0.078173391520977,0.986737966537476
311.0810546875,-0.208963572978973,-0.0242315623909235,0.192530423402786,1.44657838344574,16.5111865997314,8.96656799316406,0.0236776303499937,0.142161950469017,0.0755450129508972,0.986672341823578
311.595733642578,-0.210022509098053,-0.0246240515261889,0.199569672346115,1.76810669898987,16.8093719482422,9.23495578765869,0.0269790198653936,0.144443452358246,0.0773810818791389,0.986113786697388
312.102935791016,-0.209831088781357,-0.0246143359690905,0.199009925127029,1.64493143558502,16.7575645446777,9.36496543884277,0.0260478146374226,0.144056081771851,0.0786694809794426,0.986093521118164
312.621032714844,-0.208905652165413,-0.0238752402365208,0.193437069654465,1.32795119285583,16.7187976837158,9.28147602081299,0.0231893137097359,0.143967986106873,0.078363448381424,0.986202120780945
313.127868652344,-0.208849593997002,-0.024245273321867,0.190202429890633,1.39219272136688,16.6856575012207,9.28760814666748,0.0237270817160606,0.143635675311089,0.0783413201570511,0.986239552497864
313.661682128906,-0.212399050593376,-0.0253508910536766,0.195414215326309,1.79858648777008,16.37522315979,9.58014678955078,0.0273716673254967,0.140602767467499,0.0804164633154869,0.986415147781372
314.200561523438,-0.215908214449883,-0.0269457548856735,0.204858899116516,2.69375038146973,16.1993618011475,9.94616889953613,0.0353937186300755,0.138309255242348,0.0824999660253525,0.986312210559845
314.706756591797,-0.222517997026443,-0.0279361382126808,0.209597498178482,3.94517660140991,14.6893615722656,10.1100835800171,0.0452636331319809,0.124257318675518,0.0829547196626663,0.98773980140686
315.288299560547,-0.221438437700272,-0.0267411302775145,0.209712907671928,3.24196434020996,15.3315563201904,10.2367973327637,0.0398189947009087,0.130308076739311,0.0846230834722519,0.987052798271179
315.802185058594,-0.221217751502991,-0.027362210676074,0.215565621852875,3.63730597496033,15.4885911941528,10.2822494506836,0.0433891452848911,0.131324648857117,0.0844878554344177,0.986779093742371
316.325500488281,-0.220221042633057,-0.0278911516070366,0.21711802482605,3.7710862159729,15.4210834503174,10.3386840820313,0.0445548854768276,0.130612730979919,0.0848401263356209,0.986791431903839
316.89794921875,-0.219547003507614,-0.0286939591169357,0.221345245838165,4.16166162490845,15.4454898834229,10.4374866485596,0.0480457730591297,0.130461603403091,0.0852149277925491,0.986615359783173
317.469573974609,-0.219627693295479,-0.0285491831600666,0.221145778894424,3.88820385932922,15.3078870773315,10.7531414031982,0.0459471382200718,0.129376798868179,0.0883144214749336,0.986585557460785
318.026916503906,-0.218677282333374,-0.0286724101752043,0.22853946685791,4.22152090072632,15.142183303833,11.0502920150757,0.0490178950130939,0.127539828419685,0.0905482321977615,0.986474454402924
318.529479980469,-0.217794880270958,-0.0284238774329424,0.229045897722244,4.00537347793579,14.9645690917969,11.2023105621338,0.0471854284405708,0.126136913895607,0.09218380600214,0.986592710018158
319.089752197266,-0.217210501432419,-0.0290076658129692,0.234556272625923,4.54434823989868,15.0068874359131,11.206768989563,0.0518597960472107,0.12602162361145,0.0915769413113594,0.986429333686829
319.593719482422,-0.217016607522964,-0.0277227703481913,0.224137648940086,3.85226821899414,14.2686824798584,11.1191787719727,0.0452193841338158,0.120311103761196,0.0919218137860298,0.987436532974243
320.156707763672,-0.215510532259941,-0.0269145965576172,0.22104124724865,3.41308736801147,13.9811277389526,10.8853759765625,0.0409644432365894,0.118299759924412,0.0904950648546219,0.987996816635132
320.658111572266,-0.215230822563171,-0.0271934196352959,0.221881076693535,3.61392521858215,13.9037141799927,11.0511531829834,0.0428036637604237,0.117399074137211,0.091735877096653,0.987911880016327
321.219909667969,-0.213330373167992,-0.0271071661263704,0.221538975834846,3.54438829421997,14.0547075271606,10.8413038253784,0.042107991874218,0.118838295340538,0.0899460390210152,0.987934350967407
321.782531738281,-0.21517014503479,-0.0277433507144451,0.221759036183357,3.8798360824585,14.3369636535645,11.0262832641602,0.0454134866595268,0.120912186801434,0.0910637676715851,0.987433671951294
322.350738525391,-0.216123729944229,-0.0244195144623518,0.211833760142326,3.3889148235321,14.1418380737305,11.0600366592407,0.0410654880106449,0.119643427431583,0.0919694975018501,0.987694621086121
322.906036376953,-0.203910157084465,-0.0196855552494526,0.207071006298065,5.10777521133423,11.558611869812,12.6549158096313,0.0551492907106876,0.0950982123613358,0.105081915855408,0.988368690013885
323.485473632813,-0.176684617996216,-0.00909554306417704,0.183077171444893,3.70947670936584,7.91662454605103,12.3294744491577,0.0395108573138714,0.0651281252503395,0.104853883385658,0.991565883159637
324.060028076172,-0.185701876878738,-0.00434547569602728,0.179389953613281,1.4793039560318,11.1506443023682,11.9476509094238,0.0228885654360056,0.0952814593911171,0.102325797080994,0.989912629127502
324.623474121094,-0.209538221359253,-0.00542094558477402,0.19015908241272,1.62023770809174,10.9818058013916,13.2110157012939,0.0249865762889385,0.0934240445494652,0.113149434328079,0.988860368728638
325.199554443359,-0.230881661176682,-0.00756462197750807,0.203128650784492,2.20273423194885,10.3438005447388,14.8123893737793,0.0306010246276855,0.0869079902768135,0.126636058092117,0.987660825252533
325.768218994141,-0.230279207229614,-0.00805903319269419,0.214254721999168,2.36135005950928,11.7753486633301,14.3348751068115,0.0331322960555553,0.0991980358958244,0.121987715363503,0.987006068229675
326.333374023438,-0.226771861314774,-0.00904567446559668,0.218813955783844,2.70709943771362,12.4666547775269,14.2960262298584,0.0368064157664776,0.104781739413738,0.121117986738682,0.986405909061432
326.914184570313,-0.212824061512947,-0.00887756887823343,0.216024488210678,3.09165167808533,13.7470531463623,13.1356964111328,0.0402905829250813,0.115786038339138,0.11030899733305,0.986307442188263
327.420349121094,-0.207294151186943,-0.00888378918170929,0.206176176667213,3.08254432678223,14.1323480606079,12.4445791244507,0.0398638471961021,0.119353540241718,0.104234702885151,0.986560046672821
327.945190429688,-0.207027733325958,-0.0096960635855794,0.211722671985626,3.67921805381775,14.6462802886963,12.2916612625122,0.0452961809933186,0.123258538544178,0.102063052356243,0.986072361469269
328.511474609375,-0.214794278144836,-0.011174725368619,0.216207981109619,4.11125612258911,14.8913507461548,13.1101455688477,0.0501186102628708,0.124595798552036,0.108504943549633,0.98498260974884
329.085906982422,-0.219777584075928,-0.0114075653254986,0.216860875487328,4.13837003707886,14.6510534286499,13.455228805542,0.0504925176501274,0.122350662946701,0.111545346677303,0.984905302524567
329.59375,-0.22031444311142,-0.0100808143615723,0.209195420145988,3.61912894248962,14.8728380203247,13.2294216156006,0.0460049957036972,0.124893344938755,0.110106609761715,0.984967887401581
330.138854980469,-0.215353161096573,-0.00937952660024166,0.202329233288765,3.34238052368164,15.0026082992554,12.2996597290039,0.0427272394299507,0.126644730567932,0.102381438016891,0.985724866390228
330.706573486328,-0.212063848972321,-0.0103234052658081,0.216411516070366,3.73112154006958,15.2498655319214,12.4209842681885,0.0464239381253719,0.128348425030708,0.102873794734478,0.985285997390747
331.256561279297,-0.214817970991135,-0.00947859417647123,0.202644437551498,3.22650837898254,15.0623035430908,12.2027587890625,0.0416770577430725,0.12730461359024,0.101660408079624,0.985759437084198
331.763671875,-0.218571245670319,-0.00801682379096746,0.185796141624451,2.42915964126587,15.2171993255615,11.9296159744263,0.0346525870263577,0.129475399851799,0.10018815100193,0.985899448394775
332.349243164063,-0.221849679946899,-0.00854878220707178,0.184405252337456,2.40325689315796,15.809757232666,11.3678226470947,0.0342873521149158,0.134765401482582,0.0952077358961105,0.985696792602539
332.926605224609,-0.218880251049995,-0.00643919268622994,0.193428471684456,2.06184482574463,16.0340900421143,10.2754573822021,0.0302319247275591,0.137289419770241,0.0861613675951958,0.986313283443451
333.496734619141,-0.215900063514709,-0.00681073265150189,0.193016350269318,1.87800765037537,16.1928176879883,9.86015510559082,0.0282666888087988,0.138904929161072,0.0827723816037178,0.98643559217453
334.071441650391,-0.212650164961815,-0.0067987572401762,0.193186640739441,1.76858031749725,16.5759220123291,9.43225860595703,0.0270705968141556,0.142387479543686,0.0791335552930832,0.98627120256424
334.631317138672,-0.209232926368713,-0.0083672720938921,0.200438112020493,2.54319930076599,15.9442434310913,9.33009815216064,0.0331815555691719,0.136410310864449,0.0774570852518082,0.987062156200409
335.193969726563,-0.210180476307869,-0.0096696550026536,0.210946515202522,3.26252317428589,16.2965812683105,9.52911758422852,0.0398502610623837,0.138847932219505,0.0781687125563622,0.986419260501862
335.769866943359,-0.207458481192589,-0.00967646483331919,0.216425493359566,3.17237162590027,16.5584354400635,9.46942520141602,0.0391799807548523,0.141189888119698,0.0776784271001816,0.986152350902557
336.352508544922,-0.208167508244514,-0.00956712476909161,0.216008260846138,2.97299289703369,16.0541534423828,9.76886749267578,0.0374797955155373,0.136899933218956,0.0806742832064629,0.986582636833191
336.911712646484,-0.204284027218819,-0.00998398661613464,0.21918098628521,3.1888279914856,16.533296585083,9.56909656524658,0.0394270606338978,0.140927001833916,0.0785238742828369,0.986113131046295
337.425201416016,-0.205313742160797,-0.00985200423747301,0.219872996211052,3.10707831382751,16.7815971374512,9.70639514923096,0.0390657745301723,0.143078416585922,0.0797246769070625,0.985721290111542
337.979125976563,-0.204868257045746,-0.00912423338741064,0.216719150543213,2.78181481361389,17.0355415344238,9.64899253845215,0.03637420758605,0.14552891254425,0.0795691311359406,0.985478043556213
338.548370361328,-0.205287843942642,-0.0097056133672595,0.220726624131203,2.93545842170715,17.0442161560059,9.6909351348877,0.0377539470791817,0.145473286509514,0.0797263607382774,0.985421657562256
339.105682373047,-0.205764263868332,-0.010835399851203,0.224529832601547,3.72712922096252,16.2155246734619,9.61521530151367,0.0438952334225178,0.137766599655151,0.0783582627773285,0.986384093761444
339.671264648438,-0.201514184474945,-0.010530736297369,0.222074314951897,3.52001523971558,17.062198638916,9.50658130645752,0.042555782943964,0.145249366760254,0.0773694068193436,0.985446929931641
340.194488525391,-0.201309084892273,-0.00963141024112701,0.22381779551506,3.13332319259644,17.0865936279297,9.64833068847656,0.0394295230507851,0.145701423287392,0.0790867134928703,0.985373914241791
340.762420654297,-0.20129220187664,-0.0095874136313796,0.2271748483181,3.02075171470642,16.8713550567627,9.6840124130249,0.0383580960333347,0.143923938274384,0.0796132981777191,0.985634982585907
341.266906738281,-0.1985714584589,-0.0101575190201402,0.229678735136986,3.25275182723999,17.0271530151367,9.66498851776123,0.0404358990490437,0.145093441009521,0.0790943056344986,0.985422253608704
341.785827636719,-0.197836086153984,-0.0102115059271455,0.231495797634125,3.35399103164673,17.0785884857178,9.74158668518066,0.0414385199546814,0.145430743694305,0.0796019956469536,0.985289990901947
342.355133056641,-0.198994904756546,-0.00938677228987217,0.228408768773079,3.08091807365417,17.1396026611328,9.92759418487549,0.039371982216835,0.146101579070091,0.0815383866429329,0.985117137432098
342.907623291016,-0.197356536984444,-0.00924334023147821,0.225306570529938,3.002361536026,17.6004867553711,9.8032054901123,0.0388621799647808,0.150166153907776,0.0804166346788406,0.984618306159973
343.427124023438,-0.193801641464233,-0.00922332890331745,0.231569454073906,3.13457703590393,18.1220073699951,9.61278629302979,0.0401053093373775,0.154610365629196,0.0784202590584755,0.984041392803192
343.991882324219,-0.195089340209961,-0.00742897018790245,0.226508602499962,2.26518797874451,18.2247848510742,9.52690124511719,0.0325982943177223,0.156173065304756,0.0788585245609283,0.984036922454834
344.509216308594,-0.200020492076874,-0.00622332096099854,0.217537134885788,1.59292554855347,18.5859909057617,9.50897121429443,0.0270542483776808,0.159774929285049,0.07955352216959,0.983570694923401
345.098876953125,-0.201591610908508,-0.00870436709374189,0.222442448139191,3.01569724082947,18.7309303283691,9.7290678024292,0.0396644733846188,0.159887298941612,0.0793741717934608,0.983139097690582
345.615875244141,-0.202499836683273,-0.00772589165717363,0.224345073103905,2.07752466201782,18.6298770904541,9.88836765289307,0.0317709520459175,0.159690514206886,0.0821113511919975,0.983233094215393
346.190307617188,-0.203543648123741,-0.00791314151138067,0.226786881685257,2.24539852142334,18.7787456512451,10.0916337966919,0.0336021706461906,0.160779312252998,0.0835731625556946,0.982871532440186
346.758148193359,-0.207710415124893,-0.00761211104691029,0.222770243883133,1.99590337276459,18.945369720459,10.2825384140015,0.0318558774888515,0.162350937724113,0.085521511733532,0.982503712177277
347.325653076172,-0.206525921821594,-0.00673654163256288,0.220824182033539,1.68442487716675,19.1735134124756,10.0073165893555,0.0289623532444239,0.164624109864235,0.0835533663630486,0.982384324073792
347.857696533203,-0.206743717193604,-0.00716879684478045,0.224555641412735,1.90611302852631,18.9349060058594,10.2531185150146,0.031036913394928,0.162340641021729,0.0854016989469528,0.982542037963867
348.429382324219,-0.206108897924423,-0.0100196814164519,0.223908588290215,3.30928373336792,18.8321132659912,10.1320972442627,0.0428153425455093,0.160379961133003,0.0823724120855331,0.982679963111877
348.986145019531,-0.207363441586494,-0.00511851906776428,0.212061569094658,0.599503397941589,19.0531120300293,9.71098804473877,0.0191495828330517,0.164471805095673,0.0826117545366287,0.98272967338562
349.557434082031,-0.206887364387512,-0.00514305429533124,0.21416200697422,0.890307724475861,19.3364219665527,9.79970455169678,0.0219752471894026,0.166669473052025,0.0828986242413521,0.982276022434235
350.115081787109,-0.206475496292114,-0.00563211413100362,0.208084225654602,1.07908475399017,19.3852596282959,9.46436214447021,0.0231395959854126,0.167015478014946,0.0797370076179504,0.982452273368835
350.691711425781,-0.191700845956802,-0.00769256334751844,0.205709278583527,2.49844455718994,19.9655284881592,7.56219959259033,0.0328534357249737,0.171517550945282,0.0611598379909992,0.982731878757477
351.258209228516,-0.191390514373779,-0.00579849816858768,0.202304035425186,1.39604938030243,17.7975940704346,7.68923139572144,0.0223801042884588,0.153523042798042,0.0643585920333862,0.985792994499207
351.825286865234,-0.190279796719551,-0.00627514068037271,0.21169213950634,1.71271884441376,18.4546718597412,7.68182849884033,0.0254594124853611,0.158985882997513,0.0637210085988045,0.984893381595612
352.328216552734,-0.197107627987862,-0.004848662763834,0.210144206881523,1.08551871776581,18.0509185791016,8.99527549743652,0.0216278396546841,0.155649572610855,0.0759621486067772,0.984649777412415
352.906188964844,-0.208261772990227,-0.00444931536912918,0.206179529428482,0.73417729139328,18.2649173736572,10.0504579544067,0.0202038045972586,0.157550022006035,0.0854692980647087,0.983597874641418
353.471466064453,-0.211313158273697,-0.00442150328308344,0.203849643468857,0.722470283508301,18.002347946167,10.386754989624,0.0203630998730659,0.155245691537857,0.0884186401963234,0.983700335025787
353.975219726563,-0.204161286354065,-0.00532306544482708,0.207800403237343,1.22684383392334,18.6980895996094,9.62876892089844,0.0241597443819046,0.160979464650154,0.0810754001140594,0.983325302600861
354.498779296875,-0.202927961945534,-0.00568676879629493,0.2180265635252,1.45497155189514,18.4369792938232,9.56468677520752,0.0258439667522907,0.158584296703339,0.0802604407072067,0.983738481998444
355.002532958984,-0.20540189743042,-0.00601368024945259,0.215534076094627,1.38315987586975,18.4941673278809,9.5380392074585,0.0252307821065187,0.15913388133049,0.0801197662949562,0.98367714881897
355.566192626953,-0.205220147967339,-0.00970135536044836,0.209282159805298,3.55161952972412,19.2455463409424,9.01929187774658,0.043595165014267,0.164160802960396,0.0723193287849426,0.982812583446503
356.147918701172,-0.209790259599686,-0.00633292738348246,0.201890483498573,1.46759629249573,18.0021591186523,9.65982055664063,0.0257761739194393,0.154819682240486,0.0811577960848808,0.98426616191864
356.653747558594,-0.205766096711159,-0.00631529046222568,0.211959108710289,1.41607129573822,18.9256649017334,9.66030502319336,0.0259882472455502,0.162785068154335,0.081025704741478,0.982985496520996
357.2236328125,-0.204403132200241,-0.00699811382219195,0.219494834542274,1.95559227466583,19.3516139984131,9.54128456115723,0.0307400431483984,0.166067451238632,0.0791139900684357,0.982454895973206
357.724761962891,-0.206881105899811,-0.00670671463012695,0.215991243720055,1.68811333179474,19.6045303344727,9.598069190979,0.0287067089229822,0.168418779969215,0.0799316018819809,0.982049882411957
358.286773681641,-0.204915806651115,-0.00668510794639587,0.219394952058792,1.7839857339859,19.6539211273193,9.67325305938721,0.0296730883419514,0.168751507997513,0.0804201737046242,0.981924176216125
358.853088378906,-0.204573109745979,-0.00703489175066352,0.220693498849869,1.84335625171661,19.7256717681885,9.68508529663086,0.0302493683993816,0.169318750500679,0.080413855612278,0.981809437274933
359.427642822266,-0.204830214381218,-0.007353107444942,0.223798722028732,1.99872195720673,19.6490306854248,9.68570709228516,0.0315271466970444,0.168545231223106,0.0802070125937462,0.981919229030609
359.982849121094,-0.205872505903244,-0.00750074628740549,0.224470734596252,2.01966834068298,19.8645458221436,9.88913917541504,0.032159686088562,0.170319080352783,0.0818583816289902,0.981456220149994
360.490509033203,-0.207998499274254,-0.00742650777101517,0.220784693956375,1.78388619422913,19.5515956878662,9.98847007751465,0.0300620850175619,0.16779263317585,0.0831479430198669,0.981849431991577
361.063323974609,-0.209070101380348,-0.00716422125697136,0.218572363257408,1.6180272102356,19.5279750823975,10.1285152435303,0.0288293603807688,0.167682930827141,0.084600418806076,0.98178106546402
361.600616455078,-0.208309054374695,-0.00614440441131592,0.20396800339222,1.29960453510284,19.603816986084,9.66154479980469,0.0254713948816061,0.16868557035923,0.0810545161366463,0.982001304626465
362.168060302734,-0.200921058654785,-0.0128689976409078,0.192496597766876,4.05552434921265,20.379732131958,7.96984481811523,0.0470279529690742,0.173952296376228,0.0621103718876839,0.981667697429657
362.669128417969,-0.205498665571213,-0.0102790901437402,0.199845984578133,3.04170870780945,20.3788356781006,8.73888301849365,0.0395192801952362,0.174336493015289,0.0702777206897736,0.981379687786102
363.246429443359,-0.200949922204018,-0.0101196635514498,0.206910997629166,3.06965804100037,20.6865940093994,8.64158916473389,0.0397966988384724,0.176985964179039,0.0692943409085274,0.980964064598083
363.8017578125,-0.196369096636772,-0.0109979398548603,0.214834064245224,3.37732696533203,21.0700645446777,8.50789928436279,0.0424483455717564,0.180104747414589,0.0675221160054207,0.980408728122711
364.362457275391,-0.196609362959862,-0.0107186548411846,0.21455617249012,3.43680739402771,21.5408344268799,8.17423820495605,0.0426972545683384,0.184215396642685,0.0643965601921082,0.979844212532043
364.872497558594,-0.178213819861412,-0.00906285271048546,0.205149188637733,2.31383419036865,23.5414295196533,4.93403673171997,0.0285268072038889,0.202914267778397,0.0380155667662621,0.978042364120483
365.383026123047,-0.119534283876419,-0.0108791198581457,0.18220329284668,1.73646640777588,21.1267700195313,0.427581906318665,0.0155800068750978,0.183245271444321,0.000889822491444647,0.98294335603714
365.956604003906,-0.105449944734573,-0.0121113387867808,0.181616678833961,1.96520662307739,20.622631072998,0.234404414892197,0.0172379221767187,0.178935304284096,-0.00105734204407781,0.983709275722504
366.519744873047,-0.106512367725372,-0.0119810914620757,0.182975739240646,2.06856274604797,21.4985446929932,359.958831787109,0.0176668763160706,0.186487540602684,-0.00371968117542565,0.982291460037231
367.087951660156,-0.107618197798729,-0.0128993596881628,0.18450291454792,2.42290878295898,21.6415767669678,0.0877121463418007,0.0209100265055895,0.187679797410965,-0.00321754906326532,0.982002437114716
367.648498535156,-0.108689859509468,-0.0139197986572981,0.18861298263073,2.91377568244934,21.607063293457,0.313004642724991,0.025485847145319,0.187312349677086,-0.00208344706334174,0.981967568397522
368.223266601563,-0.112140290439129,-0.0145383775234222,0.192317605018616,3.1524772644043,21.7958545684814,0.643520534038544,0.0280718933790922,0.188833698630333,0.000311978510580957,0.981607735157013
368.724029541016,-0.115139089524746,-0.0147808035835624,0.196819260716438,3.44869065284729,22.1156959533691,0.938317716121674,0.0311011020094156,0.191464886069298,0.00226136110723019,0.981003999710083
369.281555175781,-0.118083387613297,-0.0146645363420248,0.197810649871826,3.52058792114258,22.1425552368164,1.23716557025909,0.032216839492321,0.191602751612663,0.00469172047451138,0.980932474136353
369.867523193359,-0.117024391889572,-0.0146712707355618,0.195454701781273,3.59818720817566,22.1181735992432,0.991925239562988,0.0324703827500343,0.191452756524086,0.00246914988383651,0.980961501598358
370.427917480469,-0.124159619212151,-0.0143110137432814,0.19990049302578,3.98723316192627,22.2704257965088,1.93210661411285,0.0373825021088123,0.192405194044113,0.00981508940458298,0.980554163455963
370.968383789063,-0.127526611089706,-0.0142409224063158,0.203792184591293,4.21142148971558,21.2967777252197,2.00027251243591,0.0393282175064087,0.183998227119446,0.0103541780263186,0.982084929943085
371.47216796875,-0.132909387350082,-0.0136899100616574,0.206704959273338,3.86123704910278,21.8465595245361,2.56341600418091,0.0373068451881409,0.188599556684494,0.0155680878087878,0.981221735477448
372.058685302734,-0.137242332100868,-0.0136352889239788,0.203395634889603,3.93792772293091,21.797981262207,2.71497249603271,0.0382056087255478,0.188114181160927,0.0167547762393951,0.981260776519775
372.644561767578,-0.141091465950012,-0.0119995633140206,0.206475555896759,3.32385492324829,21.7517738342285,3.02303075790405,0.0334461405873299,0.187785893678665,0.0204229075461626,0.981427907943726
373.222717285156,-0.143086567521095,-0.0123466430231929,0.208530873060226,3.49287986755371,22.0894680023193,3.11491322517395,0.0351053513586521,0.190602630376816,0.0208272151648998,0.980818271636963
373.786743164063,-0.145934730768204,-0.0119004398584366,0.207879215478897,3.21796369552612,22.0114116668701,3.3347327709198,0.0331028662621975,0.189948707818985,0.0231924448162317,0.980961680412292
374.288757324219,-0.146069392561913,-0.0119000989943743,0.207709744572639,3.32361888885498,22.0347061157227,3.4197404384613,0.0341527312994003,0.190091490745544,0.0237365644425154,0.980885028839111
374.824127197266,-0.146032512187958,-0.0102888345718384,0.215227916836739,2.61473655700684,21.5537490844727,3.51751780509949,0.0281402468681335,0.1861602216959,0.0258779376745224,0.981775403022766
375.327239990234,-0.144793674349785,-0.0108656091615558,0.218562170863152,3.02098774909973,21.7834892272949,3.56914067268372,0.0317549146711826,0.187990561127663,0.0255915615707636,0.981323719024658
375.895690917969,-0.136160120368004,-0.00951534882187843,0.198443338274956,2.25331377983093,21.3009262084961,2.500901222229,0.0233517084270716,0.18431556224823,0.0178095400333405,0.982428252696991
376.410980224609,-0.1332166492939,-0.0100615350529552,0.181256741285324,2.07908248901367,20.4372386932373,1.99405455589294,0.0209383685141802,0.177037835121155,0.0139036448672414,0.983883082866669
376.962921142578,-0.131922990083694,-0.0105827208608389,0.183444231748581,2.31648588180542,20.8419532775879,2.0019371509552,0.0230365116149187,0.180467396974564,0.0135219525545835,0.983218193054199
377.480377197266,-0.130664482712746,-0.0119374748319387,0.190768837928772,2.79263591766357,21.1627063751221,2.27804660797119,0.0275980420410633,0.183064490556717,0.0150607321411371,0.982598066329956
377.981903076172,-0.129658430814743,-0.0125843482092023,0.195584371685982,3.31179523468018,21.2029933929443,2.51137113571167,0.0324267707765102,0.183233603835106,0.0162159614264965,0.98240065574646
378.564025878906,-0.140325486660004,-0.010166916064918,0.197565242648125,2.83373665809631,21.0218944549561,3.91951775550842,0.0305338967591524,0.181429535150528,0.0291054099798203,0.98249876499176
379.065093994141,-0.141418412327766,-0.00983765628188848,0.192766308784485,2.34025812149048,20.9660301208496,3.62140274047852,0.0258180741220713,0.181180775165558,0.0273499097675085,0.982730388641357
379.633270263672,-0.145198777318001,-0.0095833009108901,0.192484930157661,2.32029938697815,21.142261505127,3.93961095809937,0.0261962618678808,0.182625934481621,0.0300702638924122,0.982373297214508
380.202819824219,-0.150518536567688,-0.00914241839200258,0.193963199853897,2.26633501052856,21.0751800537109,4.0967001914978,0.0259656589478254,0.18203304708004,0.0315187945961952,0.982444107532501
380.721099853516,-0.159622371196747,-0.0088036060333252,0.191960364580154,2.05625247955322,21.0614490509033,4.5976824760437,0.0249565336853266,0.181878671050072,0.0361529253423214,0.982339203357697
381.308380126953,-0.159812405705452,-0.00943811051547527,0.197309643030167,2.22215604782104,21.040340423584,4.76662731170654,0.0266394894570112,0.181596606969833,0.0373406484723091,0.982302725315094
381.833618164063,-0.158554762601852,-0.00951368175446987,0.200889572501183,2.41489195823669,21.0045413970947,4.75767278671265,0.0282653961330652,0.181216970086098,0.0369645655155182,0.982341647148132
382.40478515625,-0.159133240580559,-0.00987272802740335,0.203037366271019,2.51005625724792,21.0413570404053,4.83325099945068,0.0292124468833208,0.181476220488548,0.0374511294066906,0.982247650623322
382.906860351563,-0.160328611731529,-0.00981178693473339,0.204226851463318,2.34577989578247,21.1832962036133,4.83905124664307,0.0278607103973627,0.182756304740906,0.0377290919423103,0.982038915157318
383.482543945313,-0.1623914539814,-0.0095092561095953,0.206931889057159,2.32609510421753,21.1720848083496,5.09516525268555,0.0280965715646744,0.182605654001236,0.0399583093822002,0.98197203874588
383.992065429688,-0.158847197890282,-0.00883975811302662,0.204258322715759,2.04215693473816,21.7640724182129,4.98854494094849,0.0256978515535593,0.187817171216011,0.0393691100180149,0.981078207492828
384.506713867188,-0.153382018208504,-0.00881609600037336,0.201380670070648,1.82718002796173,21.4002285003662,4.79771327972412,0.0234238170087337,0.184826537966728,0.0381649248301983,0.981750428676605
385.086761474609,-0.150549098849297,-0.00906909536570311,0.202831164002419,1.99558413028717,21.6170444488525,4.71115922927856,0.0247968919575214,0.1866375207901,0.0371029414236546,0.981414794921875
385.600677490234,-0.153139814734459,-0.00775740016251802,0.208590283989906,1.5244003534317,21.4346008300781,5.07150888442993,0.0212844852358103,0.185186505317688,0.0409958772361279,0.981617152690887
386.128601074219,-0.15667299926281,-0.00777945201843977,0.219120875000954,1.45742976665497,21.2236461639404,5.32225322723389,0.0210364870727062,0.183360323309898,0.0432914085686207,0.981866776943207
386.703735351563,-0.155928760766983,-0.0074721984565258,0.218425199389458,1.20504856109619,21.3951530456543,5.35725498199463,0.0189962815493345,0.184929072856903,0.0439692325890064,0.981584012508392
387.210052490234,-0.155085474252701,-0.00606677588075399,0.21310643851757,0.956217527389526,20.8271293640137,5.61956834793091,0.0170573778450489,0.180126085877419,0.0467047579586506,0.98238605260849
387.784393310547,-0.129602611064911,-0.00411832239478827,0.19277560710907,359.6455078125,18.1654014587402,4.63809633255005,0.00333527917973697,0.157853484153748,0.0404443889856339,0.986628293991089
388.358978271484,-0.145500987768173,-0.0172862764447927,0.193690687417984,5.44715213775635,18.466272354126,5.62213563919067,0.0547054931521416,0.15777775645256,0.0407375134527683,0.985116243362427
388.878570556641,-0.153627783060074,-0.0211368147283792,0.176346391439438,1.90196096897125,19.17600440979,3.33404135704041,0.0212029851973057,0.165992766618729,0.025917312130332,0.985558331012726
389.446380615234,-0.134005650877953,-0.0266129039227962,0.189077287912369,2.36718487739563,20.5301189422607,2.0746910572052,0.023547662422061,0.177766993641853,0.0141301676630974,0.983689367771149
390.024780273438,-0.116675317287445,-0.033562745898962,0.215939223766327,2.51232695579529,22.3572177886963,359.505615234375,0.0206701178103685,0.193912506103516,-0.00848139170557261,0.980764389038086
390.598052978516,-0.11517670750618,-0.0319434031844139,0.223880797624588,2.51901125907898,22.8308124542236,0.271011114120483,0.0220138356089592,0.197821602225304,-0.00203276588581502,0.979988813400269
391.178741455078,-0.114633172750473,-0.0323515385389328,0.216972663998604,2.48768496513367,23.3633136749268,359.823364257813,0.0209457576274872,0.202458620071411,-0.00590442540124059,0.979049026966095
391.720642089844,-0.125244572758675,-0.0333070382475853,0.212476477026939,2.54661226272583,23.1937789916992,0.192123427987099,0.0221048500388861,0.200938329100609,-0.00282511487603188,0.979350388050079
392.241790771484,-0.126896798610687,-0.0341711267828941,0.218495979905128,2.98213624954224,23.473840713501,0.564149796962738,0.026477862149477,0.203221470117569,-0.000474552914965898,0.978774666786194
392.809906005859,-0.128311932086945,-0.0350469052791595,0.221336707472801,3.3031051158905,23.6673851013184,0.703815937042236,0.0294669773429632,0.204809308052063,9.86177110462449E-05,0.978358209133148
393.4013671875,-0.130818173289299,-0.0356632545590401,0.221169278025627,3.36113595962524,23.7155094146729,0.826032280921936,0.0301812421530485,0.205182060599327,0.0010254894150421,0.978257834911346
393.980926513672,-0.132215246558189,-0.0356728956103325,0.219336047768593,3.50751876831055,23.7554874420166,0.856519401073456,0.031485702842474,0.205498054623604,0.00101212586741894,0.978150367736816
394.484924316406,-0.133242413401604,-0.0351419374346733,0.2183847874403,3.34301924705505,23.5800476074219,1.03989696502686,0.0304060522466898,0.20397113263607,0.00291968882083893,0.978500247001648
395.000885009766,-0.130810901522636,-0.0356723628938198,0.221874713897705,3.65851879119873,23.7294483184814,0.881658434867859,0.0328193381428719,0.20525050163269,0.000962781836278737,0.978158593177795
395.502655029297,-0.130970999598503,-0.036276463419199,0.226531609892845,3.984210729599,24.0747489929199,1.21906161308289,0.0362127535045147,0.208050191402435,0.00314876646734774,0.977442502975464
396.049682617188,-0.143282383680344,-0.0350048393011093,0.238160714507103,3.69047284126282,23.9712371826172,2.55073428153992,0.0361098535358906,0.206806004047394,0.0150758372619748,0.977599143981934
396.620330810547,-0.149422869086266,-0.0331739336252213,0.238341182470322,3.17893075942993,24.0617446899414,3.30805826187134,0.0331314019858837,0.207488641142845,0.0224401596933603,0.977418661117554
397.1923828125,-0.149989992380142,-0.0345654711127281,0.237042725086212,3.62886810302734,25.0038909912109,3.46133780479431,0.0374321676790714,0.215331941843033,0.0226194281131029,0.975561082363129
397.699066162109,-0.153724938631058,-0.0352522358298302,0.234414756298065,3.90783762931824,25.1936855316162,3.77050828933716,0.0404274947941303,0.216750010848045,0.0246555060148239,0.975078046321869
398.262512207031,-0.158215954899788,-0.0345728993415833,0.2247643917799,3.00992107391357,25.8059329986572,3.67759156227112,0.032749842852354,0.222287178039551,0.0254048872739077,0.97409987449646
398.82861328125,-0.160973697900772,-0.0348212793469429,0.226450845599174,3.53555607795715,25.779390335083,3.90445685386658,0.0376495532691479,0.221814796328545,0.0263144299387932,0.974006295204163
399.425079345703,-0.16926896572113,-0.0332169532775879,0.211243212223053,2.67610621452332,26.4357147216797,4.16489219665527,0.0310241337865591,0.227614924311638,0.0300293769687414,0.972793519496918
400.025085449219,-0.167903333902359,-0.0359601937234402,0.232413813471794,3.61300992965698,25.9295616149902,4.67323398590088,0.0398374460637569,0.222801625728607,0.0326446518301964,0.973502278327942
400.593963623047,-0.166850402951241,-0.0359328910708427,0.235232055187225,3.74009156227112,26.056245803833,4.70020580291748,0.041004866361618,0.223816066980362,0.0325785875320435,0.973223328590393
401.106994628906,-0.163001880049706,-0.0360890179872513,0.2353625446558,3.82055258750916,26.347677230835,4.32060861587524,0.0410203710198402,0.226394265890121,0.0290913339704275,0.972736716270447
401.686279296875,-0.16012679040432,-0.036503043025732,0.235618576407433,4.05899858474731,26.7305488586426,4.14787721633911,0.0427924990653992,0.229615062475204,0.0270060412585735,0.971965253353119
402.262939453125,-0.161394998431206,-0.0367280729115009,0.233866944909096,3.98016262054443,26.5798721313477,4.07106065750122,0.0419353544712067,0.228394761681557,0.0265693049877882,0.972302079200745
402.838684082031,-0.159473896026611,-0.0364755801856518,0.235540628433228,4.0901141166687,26.7674903869629,4.20610666275024,0.0431817620992661,0.229894697666168,0.0274229887872934,0.971870243549347
403.420043945313,-0.158084750175476,-0.0367027185857296,0.232715383172035,4.08310699462891,26.9849891662598,4.07123756408691,0.0429015941917896,0.231792271137238,0.0262119527906179,0.971465229988098
404.013458251953,-0.158311113715172,-0.0365853123366833,0.230955004692078,4.009446144104,26.9477024078369,4.08773374557495,0.0423022359609604,0.231497555971146,0.0265161469578743,0.971553564071655
404.572082519531,-0.159721240401268,-0.0364318788051605,0.233422964811325,3.93996477127075,26.8835372924805,4.3310751914978,0.0421889647841454,0.230890318751335,0.0287447273731232,0.971639633178711
405.14697265625,-0.160758540034294,-0.035359863191843,0.230601042509079,3.67335987091064,27.0282764434814,4.56304168701172,0.0404366292059422,0.232139497995377,0.0312035866081715,0.971340596675873
405.724151611328,-0.162227511405945,-0.0365726388990879,0.235496297478676,3.98580431938171,26.8608055114746,4.66315746307373,0.0432400368154049,0.230555325746536,0.0314755514264107,0.971588313579559
406.28466796875,-0.161777645349503,-0.0361707955598831,0.238413512706757,3.85508251190186,27.1179676055908,4.87904834747314,0.0426420271396637,0.232709437608719,0.0334765315055847,0.971034109592438
406.853912353516,-0.159803122282028,-0.0366437844932079,0.241888642311096,3.93861365318298,27.4706993103027,4.74646139144897,0.0431789755821228,0.235711485147476,0.0320485793054104,0.97033429145813
407.367218017578,-0.158780425786972,-0.0362922213971615,0.244013756513596,3.83387184143066,27.7729797363281,4.7280125617981,0.0423392541706562,0.238321259617805,0.0319987423717976,0.969735264778137
407.880767822266,-0.161247074604034,-0.0351539850234985,0.260879278182983,4.65316200256348,28.1683368682861,4.9946084022522,0.0499320887029171,0.241199836134911,0.032358355820179,0.968649804592133
408.410888671875,-0.137695536017418,-0.00754809705540538,0.232644587755203,1.32333159446716,22.7732410430908,3.89669418334961,0.0180259738117456,0.196916237473488,0.0310485288500786,0.979762732982635
408.914154052734,-0.100996673107147,-0.00266396533697844,0.224788323044777,2.89514970779419,20.3584899902344,2.32191753387451,0.0284390971064568,0.176131770014763,0.0154722472652793,0.983834028244019
409.451995849609,-0.177707448601723,-0.0108615383505821,0.194044500589371,3.29305601119995,24.2240982055664,5.30159091949463,0.0377637557685375,0.208213821053505,0.0391778945922852,0.976568520069122
410.019775390625,-0.170138001441956,-0.00126950349658728,0.199995785951614,359.142517089844,23.3745441436768,3.72290015220642,-0.000743987562600523,0.202695235610008,0.0333233848214149,0.978674471378326
410.596252441406,-0.168744027614594,0.00349418702535331,0.205141320824623,356.454406738281,23.6361522674561,4.20009851455688,-0.0227586813271046,0.205678939819336,0.0421822592616081,0.977445065975189
411.174133300781,-0.176499366760254,0.00288280146196485,0.198439598083496,356.283050537109,24.237699508667,3.94762706756592,-0.0244622118771076,0.210797429084778,0.0404619425535202,0.976385653018951
411.749969482422,-0.176558047533035,0.001387192402035,0.201070606708527,357.27734375,25.1142463684082,4.31700277328491,-0.0149862645193934,0.218070670962334,0.0419142171740532,0.974917352199554
412.329010009766,-0.171803295612335,0.0019329555798322,0.193829283118248,356.667755126953,25.4105205535889,3.68074321746826,-0.021288339048624,0.220640271902084,0.0377067886292934,0.974393606185913
412.831878662109,-0.17215496301651,0.00137705379165709,0.192033037543297,356.698516845703,25.5135345458984,3.61467361450195,-0.0211206749081612,0.221497297286987,0.0371052660048008,0.974225878715515
413.392669677734,-0.173323392868042,0.000858263112604618,0.195443108677864,357.135284423828,25.6895236968994,3.86667346954346,-0.0168596338480711,0.222936496138573,0.0384360440075397,0.973929047584534
413.960357666016,-0.168275237083435,0.000574714213144034,0.199579656124115,357.908935546875,27.5479412078857,4.13476896286011,-0.00912293698638678,0.238536983728409,0.0393732041120529,0.970292031764984
414.507293701172,-0.167972519993782,-0.00128242094069719,0.200013816356659,358.697143554688,26.8490047454834,3.87095046043396,-0.00321189989335835,0.2323899269104,0.0354871228337288,0.971969783306122
415.085632324219,-0.165478333830833,-0.00101779028773308,0.196948796510696,358.429473876953,26.9073925018311,3.69469475746155,-0.0058225397951901,0.232946395874023,0.0345360822975636,0.971858739852905
415.599731445313,-0.167215690016747,-0.00112887495197356,0.194481506943703,358.586456298828,26.8899173736572,3.64600205421448,-0.0045950785279274,0.232757434248924,0.0338044427335262,0.971936285495758
416.184753417969,-0.171464323997498,-0.00114941596984863,0.187672525644302,358.206176757813,27.2814788818359,3.7729640007019,-0.00744101125746965,0.23617722094059,0.0356764867901802,0.971026360988617
416.709381103516,-0.175792142748833,-0.00113597139716148,0.182977765798569,357.977020263672,27.3695335388184,3.83820915222168,-0.00922065507620573,0.236984670162201,0.0367066599428654,0.970775902271271
417.241088867188,-0.177579954266548,-0.000952396309003234,0.179672539234161,357.843872070313,27.4875545501709,3.84706401824951,-0.0102925328537822,0.238017946481705,0.0370663106441498,0.97049868106842
417.820037841797,-0.179391369223595,-0.00129305804148316,0.178577482700348,357.867950439453,27.5172004699707,3.97415494918823,-0.00981466379016638,0.238274127244949,0.0380954295396805,0.970400869846344
418.323760986328,-0.182394444942474,-0.000781400362029672,0.178169742226601,357.606842041016,27.8471088409424,3.95067834854126,-0.0119646089151502,0.241130322217941,0.0384712070226669,0.969656109809875
418.911010742188,-0.186245933175087,-0.000883566914126277,0.178555980324745,357.784057617188,28.1301822662354,4.02847576141357,-0.0102049931883812,0.243487745523453,0.0387840680778027,0.969074487686157
419.488739013672,-0.179379642009735,-0.00214100675657392,0.183241337537766,358.355499267578,28.7192554473877,3.8008885383606,-0.00567068159580231,0.248306423425674,0.0356806144118309,0.968007564544678
419.990905761719,-0.16832223534584,-0.00228100176900625,0.186913669109344,358.356567382813,28.1319751739502,3.4559383392334,-0.00657699396833777,0.24332320690155,0.0327309370040894,0.969370543956757
420.493072509766,-0.154251724481583,-0.00286702672019601,0.19537042081356,358.867889404297,28.2009773254395,2.95620679855347,-0.00329464673995972,0.243777513504028,0.0274225473403931,0.969437837600708
421.0791015625,-0.138391509652138,-0.00622412376105785,0.202326223254204,0.294196903705597,28.3806571960449,0.978451073169708,0.00458207214251161,0.245112746953964,0.00764858163893223,0.969453573226929
421.593475341797,-0.129682570695877,-0.0108748096972704,0.200772628188133,2.75950384140015,29.452953338623,359.309906005859,0.0217570569366217,0.254266828298569,-0.0119435209780931,0.966815590858459
422.106689453125,-0.128919348120689,-0.0102312797680497,0.196663662791252,2.28642773628235,30.3265190124512,358.995880126953,0.0169645790010691,0.26167693734169,-0.0136743625625968,0.964909553527832
422.689666748047,-0.112536713480949,-0.00675536412745714,0.190137222409248,359.388336181641,28.7774276733398,356.841918945313,-0.0120158791542053,0.248258724808693,-0.0253651589155197,0.968287110328674
423.270538330078,-0.0986436903476715,-0.0128837740048766,0.192142009735107,1.97390127182007,29.5696678161621,356.129730224609,0.00802889466285706,0.255568861961365,-0.0370382964611053,0.966047763824463
423.782958984375,-0.105969503521919,-0.0139885600656271,0.203367546200752,3.15633940696716,27.7358169555664,356.08154296875,0.0185310486704111,0.240367472171783,-0.0397764407098293,0.969689607620239
424.292388916016,-0.130458995699883,-0.00924166385084391,0.203795224428177,1.56416451931,27.9067134857178,358.811737060547,0.0107458392158151,0.241233870387077,-0.013353674672544,0.97031569480896
424.803070068359,-0.137680068612099,-0.00805956777185202,0.209787115454674,1.53508329391479,28.1395092010498,359.765106201172,0.0124955400824547,0.243107303977013,-0.00524477381259203,0.969904720783234
425.392059326172,-0.156695395708084,-0.00567526137456298,0.203345566987991,0.627939820289612,27.0803184509277,2.22555041313171,0.0098732328042388,0.233975723385811,0.0175975952297449,0.972033083438873
425.926086425781,-0.153206616640091,-0.00407690275460482,0.192745551466942,359.78271484375,27.700553894043,1.73497748374939,0.00178349611815065,0.239385530352592,0.0151535831391811,0.970804750919342
426.450408935547,-0.15376840531826,-0.00401776377111673,0.194602787494659,359.422515869141,27.9527339935303,1.48998391628265,-0.00174948538187891,0.241561755537987,0.0138341234996915,0.970285296440125
426.976287841797,-0.159362852573395,-0.00400339858606458,0.204349011182785,359.618591308594,28.4233989715576,1.95194518566132,0.000955644471105188,0.2455233335495,0.0173287428915501,0.969235360622406
427.490051269531,-0.157912105321884,-0.00437899446114898,0.209591910243034,359.972869873047,28.5505180358887,2.18600988388062,0.00447422685101628,0.246540069580078,0.018544739112258,0.968944847583771
427.994903564453,-0.153159290552139,-0.004451391287148,0.207296893000603,359.759643554688,28.4785575866699,1.91422605514526,0.0020758060272783,0.245971038937569,0.0167066492140293,0.969130992889404
428.577545166016,-0.152681201696396,-0.00416288478299975,0.215228497982025,359.985443115234,28.6458969116211,2.18759751319885,0.00459938310086727,0.247344389557838,0.0185272917151451,0.968739569187164
429.173309326172,-0.148452699184418,-0.00293147563934326,0.211371600627899,359.228271484375,28.7868404388428,2.45956325531006,-0.00118667632341385,0.248655766248703,0.0224616192281246,0.96833074092865
429.730834960938,-0.155502513051033,-0.00205042702145875,0.206208139657974,358.849945068359,28.8215503692627,2.78928351402283,-0.00366031285375357,0.249022364616394,0.0260686241090298,0.968139946460724
430.300262451172,-0.156895697116852,-0.00350803858600557,0.205803483724594,359.743408203125,29.7555446624756,2.81619620323181,0.00414603855460882,0.256732881069183,0.0243243407458067,0.966167390346527
430.827545166016,-0.155919596552849,-0.00286291656084359,0.210448443889618,359.521606445313,28.8446159362793,2.97726535797119,0.00242851115763187,0.249085798859596,0.0261991638690233,0.968123972415924
431.357788085938,-0.157328829169273,-0.00246068136766553,0.212087720632553,359.292510986328,28.5843715667725,3.02663707733154,0.000538652879185975,0.246934056282043,0.0271150674670935,0.968652725219727
431.874206542969,-0.158646732568741,-0.00287412945181131,0.217205733060837,359.423828125,28.7219047546387,3.05551886558533,0.00174358137883246,0.248068302869797,0.0270744878798723,0.96836256980896
432.392333984375,-0.160003572702408,-0.00303176860325038,0.223008722066879,359.476684570313,28.8622207641602,3.2665593624115,0.00268223020248115,0.24923799932003,0.0287403091788292,0.968011975288391
432.985107421875,-0.161908403038979,-0.0033736159093678,0.228111401200294,359.596374511719,28.8168869018555,3.65699553489685,0.00452984543517232,0.248813226819038,0.0317801125347614,0.968019366264343
433.513244628906,-0.160481497645378,-0.00308313546702266,0.225636199116707,359.429107666016,28.9530258178711,3.52634572982788,0.00286999554373324,0.250010073184967,0.031035864725709,0.967741429805756
434.021026611328,-0.160277098417282,-0.00300570414401591,0.224032133817673,359.399932861328,28.8734531402588,3.42793679237366,0.00238778325729072,0.249347433447838,0.0302700437605381,0.96793794631958
434.550262451172,-0.161368906497955,-0.00295614171773195,0.224216714501381,359.41845703125,28.9079627990723,3.50899195671082,0.00273012300021946,0.249632567167282,0.0309135727584362,0.967843234539032
435.080291748047,-0.163357108831406,-0.00283185765147209,0.22505995631218,359.265075683594,28.9141483306885,3.69724798202515,0.00184625352267176,0.249719873070717,0.0328371822834015,0.967759430408478
435.61767578125,-0.166242480278015,-0.0027830651961267,0.227228358387947,359.315856933594,28.432746887207,4.01197385787964,0.00281241443008184,0.245632112026215,0.0353966280817986,0.968712568283081
436.123901367188,-0.167204052209854,-0.00210657436400652,0.221927717328072,359.019897460938,28.581636428833,4.03473138809204,0.000405996455810964,0.246973484754562,0.036221768707037,0.968344926834106
436.629241943359,-0.168348431587219,-0.0023124604485929,0.223883002996445,359.081665039063,28.1680240631104,4.49350070953369,0.00177254842128605,0.243454217910767,0.0399721078574657,0.969086766242981
437.138610839844,-0.164779081940651,-0.00277845188975334,0.228544816374779,359.357482910156,28.2950477600098,4.33098936080933,0.00380233372561634,0.24444642663002,0.0380088798701763,0.968910098075867
437.715667724609,-0.233522415161133,-0.00745537970215082,0.249015599489212,2.33208799362183,7.52789306640625,15.4331645965576,0.0289347842335701,0.0623115338385105,0.132631808519363,0.9887815117836
438.265869140625,-0.293307363986969,-0.0111339334398508,0.251376360654831,2.92085099220276,352.735870361328,21.1405124664307,0.0133866369724274,-0.066919632256031,0.184600278735161,0.980441391468048
438.785400390625,-0.258485943078995,-0.00387983932159841,0.249476373195648,359.986358642578,6.61159420013428,14.9656648635864,0.00739178759977221,0.05718944221735,0.13001923263073,0.989833176136017
439.296630859375,-0.193267807364464,-0.00192963692825288,0.234822347760201,359.637542724609,23.05930519104,0.793559074401855,-0.00171495939139277,0.199890717864037,0.00741747114807367,0.979788661003113
439.879547119141,-0.18370296061039,-0.00117690244223922,0.218988955020905,358.781097412109,24.2088584899902,0.395809322595596,-0.00967598706483841,0.209716945886612,0.00560755608603358,0.97769820690155
440.388854980469,-0.189080804586411,0.000178997404873371,0.228373795747757,358.329406738281,24.3877925872803,2.60678887367249,-0.00944158434867859,0.211467698216438,0.0253094248473644,0.977011620998383
440.899993896484,-0.186759769916534,-0.000512167520355433,0.234792813658714,358.838836669922,24.9967918395996,4.26773595809937,-0.00182829680852592,0.216619461774826,0.0385415218770504,0.975493311882019
441.417022705078,-0.180412262678146,0.000136621296405792,0.229601144790649,358.443023681641,25.2675476074219,4.24095010757446,-0.0051568322815001,0.219039067625999,0.039071299135685,0.974919855594635
441.938140869141,-0.176602527499199,-0.0009855383541435,0.23296245932579,359.185394287109,25.6284923553467,4.01937961578369,0.000850206008180976,0.221892029047012,0.0357699394226074,0.974414587020874
442.531829833984,-0.174333512783051,-0.00307106971740723,0.242454409599304,0.169118493795395,26.695499420166,3.4102885723114,0.00830481573939323,0.230715498328209,0.0286115929484367,0.972565054893494
443.131805419922,-0.172137096524239,-0.00245796423405409,0.229268118739128,359.628540039063,27.6204032897949,3.01719045639038,0.00313769513741136,0.23870524764061,0.0263392049819231,0.970729768276215
443.701232910156,-0.175398334860802,-0.00172378704883158,0.229833275079727,359.235534667969,27.5568332672119,3.04667496681213,-0.000145566795254126,0.238250389695168,0.0274068582803011,0.970817029476166
444.241333007813,-0.176198408007622,-0.00290505867451429,0.23532247543335,359.707183837891,27.9291591644287,3.19096302986145,0.00424031866714358,0.241296723484993,0.0276362206786871,0.970048546791077
444.765350341797,-0.176917046308517,-0.00333559769205749,0.235762089490891,359.830902099609,27.7465343475342,3.18048810958862,0.0052221599034965,0.239722222089767,0.0272955093532801,0.970443665981293
445.271697998047,-0.1765166670084,-0.00412374921143055,0.235920533537865,0.319762945175171,27.7098159790039,3.0379798412323,0.00905606616288424,0.23930712044239,0.0250689368695021,0.970578014850616
445.845916748047,-0.179247349500656,-0.00402098335325718,0.235356777906418,0.242538705468178,27.564489364624,3.28617382049561,0.00888567045331001,0.238075062632561,0.0273437015712261,0.97082108259201
446.426788330078,-0.183799311518669,-0.00322901178151369,0.230131074786186,0.0422104112803936,27.5535297393799,3.13312244415283,0.00686794286593795,0.238040819764137,0.0264640599489212,0.970870316028595
446.954711914063,-0.185452848672867,-0.00394971203058958,0.231701925396919,0.309949308633804,27.4506359100342,3.21289253234863,0.00927809998393059,0.237099662423134,0.0265919603407383,0.971077024936676
447.455078125,-0.185197502374649,-0.00369882048107684,0.234066814184189,0.261711299419403,27.5604400634766,3.36851644515991,0.00921817496418953,0.238029450178146,0.0280017741024494,0.970810413360596
447.957885742188,-0.186650916934013,-0.00408185832202435,0.234102159738541,0.338937312364578,27.2649383544922,3.29900908470154,0.00965772569179535,0.23551145195961,0.0272773969918489,0.971440732479