Seconds,PositionX,PositionY,PositionZ,RotationX,RotationY,RotationZ,QuatX,QuatY,QuatZ,QuatW
3.80353927612305,0.172525763511658,0.0805310755968094,0.255684554576874,9.70619487762451,43.7872543334961,3.18181681632996,0.0887846723198891,0.369225144386292,-0.00586601812392473,0.925070643424988
4.32475757598877,0.163761839270592,0.0829787850379944,0.274219214916229,8.28390407562256,34.5528411865234,4.61222362518311,0.0808320567011833,0.293191164731979,0.0168896298855543,0.952480912208557
4.85969352722168,0.178651347756386,0.07869603484869,0.272966682910919,10.0282106399536,35.0581703186035,3.38757872581482,0.0921745002269745,0.29744279384613,0.00176470167934895,0.950278162956238
5.38398742675781,0.16658042371273,0.0816602632403374,0.277689099311829,9.55265617370605,28.3903694152832,5.50219392776489,0.0923599302768707,0.240218162536621,0.0259746368974447,0.965965986251831
5.91899871826172,0.135501369833946,0.0774590373039246,0.295497268438339,11.2739210128784,15.1934366226196,4.7809591293335,0.102765381336212,0.127384871244431,0.0281696394085884,0.986113011837006
6.46696424484253,0.10621041059494,0.0814276114106178,0.294164061546326,9.72101306915283,20.7293014526367,5.66665697097778,0.092106893658638,0.174926221370697,0.0332239679992199,0.97970062494278
6.97265529632568,0.0645801350474358,0.0740188434720039,0.319873034954071,11.371768951416,26.2955474853516,5.72306203842163,0.107656873762608,0.221245586872101,0.0258668288588524,0.968912422657013
7.51587820053101,0.1332937926054,0.0766523852944374,0.304180860519409,11.7942209243774,22.1304168701172,5.18051242828369,0.109357133507729,0.186158418655396,0.0244194269180298,0.976109504699707
8.03365230560303,0.161141067743301,0.0750503316521645,0.308505266904831,12.5143518447876,25.3983345031738,3.69154405593872,0.113308466970921,0.214984372258186,0.00728677399456501,0.969994783401489
8.56989288330078,0.159148409962654,0.0693332627415657,0.272620648145676,15.7100667953491,43.1999855041504,2.11071491241455,0.133764997124672,0.362268030643463,-0.0333376452326775,0.921822845935822
9.10038566589355,0.145502150058746,0.0751775130629539,0.230881378054619,13.0515699386597,57.0573043823242,358.611358642578,0.0940934047102928,0.475678861141205,-0.0648527517914772,0.872164070606232
9.6372594833374,0.164002180099487,0.0622067004442215,0.219056129455566,19.4852924346924,63.5649528503418,356.565124511719,0.128226444125175,0.523177683353424,-0.114198006689548,0.834746599197388
10.1657276153564,0.174854278564453,0.0825016498565674,0.244851544499397,9.63493633270264,43.8267478942871,359.089691162109,0.0749572068452835,0.372493147850037,-0.0386852696537971,0.924193561077118
10.6711549758911,0.153154402971268,0.0875459983944893,0.276905685663223,7.67000818252563,11.2599992752075,3.01211380958557,0.0691104978322983,0.0961010903120041,0.0195380058139563,0.992777228355408
11.1718807220459,0.145065352320671,0.0851491168141365,0.299312174320221,9.01958656311035,5.67681789398193,5.38113451004028,0.0807637944817543,0.0456250905990601,0.0428498648107052,0.994766056537628
11.6770420074463,0.115191176533699,0.086895763874054,0.310722798109055,7.43843555450439,9.42284202575684,6.44222021102905,0.0691512227058411,0.0782021656632423,0.0505619905889034,0.993250250816345
12.2077779769897,0.111624136567116,0.0853926315903664,0.30487522482872,7.84249591827393,12.2862310409546,6.79973936080933,0.0742043256759644,0.102541632950306,0.0515203438699245,0.990618288516998
12.708779335022,0.116271145641804,0.0840777829289436,0.297801405191422,8.22599124908447,12.7919502258301,6.5243353843689,0.0774845778942108,0.106876149773598,0.0484279729425907,0.990064859390259
13.2407331466675,0.123522594571114,0.0825455337762833,0.296909838914871,8.9507007598877,13.659722328186,5.93073463439941,0.0835060551762581,0.114392071962357,0.0419415570795536,0.98903089761734
13.7772512435913,0.128239035606384,0.0818227529525757,0.295743346214294,9.37829685211182,14.3437376022339,5.54062557220459,0.0870292484760284,0.12036257982254,0.0375993847846985,0.988192856311798
14.3036775588989,0.130470246076584,0.0806872919201851,0.29717081785202,9.78963184356689,14.5004301071167,5.41916179656982,0.0904941856861115,0.121600419282913,0.0359680503606796,0.987790703773499
14.8345203399658,0.13241720199585,0.080903172492981,0.2976253926754,9.71996402740479,14.8585557937622,5.50901365280151,0.0901042222976685,0.124651350080967,0.0365399830043316,0.987425029277802
15.3637342453003,0.134302034974098,0.0805829763412476,0.297684013843536,9.82003116607666,14.9266939163208,5.39387655258179,0.0908613577485085,0.12527871131897,0.0353779643774033,0.987318515777588
15.8939390182495,0.133166536688805,0.0800402089953423,0.296455860137939,9.94095230102539,14.97434425354,5.66839742660522,0.0922174006700516,0.125407829880714,0.0375639423727989,0.987095654010773
16.4320278167725,0.134063109755516,0.0806429982185364,0.296066135168076,9.93935298919678,14.9834222793579,5.5190896987915,0.0920430347323418,0.125606909394264,0.0362723395228386,0.98713493347168
16.9693660736084,0.135961949825287,0.0813562795519829,0.291439205408096,9.75216293334961,15.0480899810791,5.13437986373901,0.09002835303545,0.126562938094139,0.0331255197525024,0.987309217453003
17.5171356201172,0.138502076268196,0.0805649384856224,0.289280295372009,9.94907379150391,14.8611221313477,4.93691730499268,0.0914539843797684,0.125014528632164,0.0313431359827518,0.987433612346649
18.0695095062256,0.139262542128563,0.0803369432687759,0.288184404373169,10.1573095321655,14.9484272003174,4.9793529510498,0.0933166444301605,0.125634267926216,0.0313969813287258,0.987178921699524
18.6072616577148,0.141020536422729,0.0794463381171227,0.29264023900032,10.3307123184204,15.0904951095581,5.0060772895813,0.0948770195245743,0.126753315329552,0.0313078798353672,0.986889958381653
19.1474552154541,0.142743051052094,0.079475574195385,0.297479867935181,10.3846158981323,15.1086654663086,4.93428039550781,0.0952661782503128,0.126943647861481,0.0306111667305231,0.986849844455719
19.689884185791,0.143188208341599,0.0778910517692566,0.303816646337509,11.1304311752319,15.208176612854,5.01342487335205,0.101794108748436,0.127373158931732,0.030326846987009,0.986151278018951
20.2282810211182,0.144456252455711,0.0770138576626778,0.305247336626053,11.3647718429565,15.1408138275146,4.69259738922119,0.103435523808002,0.126968905329704,0.0273493509739637,0.98611968755722
20.7449741363525,0.151868373155594,0.0769625008106232,0.300284177064896,11.2784690856934,16.1406841278076,3.3121612071991,0.101288177073002,0.136839255690575,0.0146858934313059,0.985291957855225
21.2926750183105,0.167843177914619,0.0788101926445961,0.287003040313721,10.8516426086426,19.6991882324219,0.450545430183411,0.0938320532441139,0.169928312301636,-0.0123185841366649,0.980901718139648
21.8411026000977,0.14248238503933,0.0787458345293999,0.298566818237305,11.2878847122192,16.7515525817871,1.99541652202606,0.0998065173625946,0.143242463469505,0.00281978608109057,0.984638154506683
22.3744029998779,0.14003711938858,0.0771341696381569,0.305943429470062,12.0905513763428,17.4417266845703,1.48584198951721,0.106042988598347,0.14941518008709,-0.00322161335498095,0.983066439628601
22.8790092468262,0.152602002024651,0.0760307088494301,0.297887027263641,12.1731786727905,19.6028938293457,0.480004996061325,0.105191804468632,0.16883559525013,-0.013945609331131,0.979915678501129
23.4560146331787,0.154672861099243,0.0749536529183388,0.293636202812195,12.4747743606567,19.3624324798584,0.336744964122772,0.107591547071934,0.166855275630951,-0.0153912007808685,0.979972720146179
24.0154705047607,0.15237121284008,0.0758601501584053,0.290586054325104,12.3859367370605,20.4262657165527,0.91206568479538,0.107567682862282,0.175424978137016,-0.0113397967070341,0.978532910346985
24.5801467895508,0.156793817877769,0.0728688836097717,0.296062260866165,13.8090600967407,21.563009262085,1.36706209182739,0.120300255715847,0.184285596013069,-0.0108523759990931,0.975422441959381
25.082649230957,0.151978090405464,0.073497399687767,0.290861129760742,13.3588371276855,20.7788848876953,1.92891764640808,0.117405638098717,0.177162766456604,-0.00452900165691972,0.977143168449402
25.5978145599365,0.148525148630142,0.073796309530735,0.287703096866608,13.1666412353516,20.8970756530762,2.20871543884277,0.116198189556599,0.177949994802475,-0.00195889081805944,0.97715300321579
26.1202278137207,0.145955830812454,0.073743924498558,0.286814987659454,13.2004833221436,20.7843799591064,2.33009147644043,0.116675846278667,0.17685379087925,-0.000863013905473053,0.977296650409698
26.629861831665,0.144421011209488,0.073665164411068,0.282943695783615,13.1078786849976,20.5603713989258,2.42173910140991,0.116027787327766,0.174882814288139,0.000292129145236686,0.977728724479675
27.1478443145752,0.144963264465332,0.0736871808767319,0.279882431030273,13.058500289917,20.2643699645996,2.28874611854553,0.11540537327528,0.172508269548416,-0.000467157951788977,0.978224039077759
27.6487770080566,0.145702823996544,0.0732805952429771,0.280038803815842,13.1876773834229,19.8457698822021,2.07669186592102,0.116196051239967,0.169104784727097,-0.0020522081758827,0.97872257232666
28.1783351898193,0.144959092140198,0.0740869119763374,0.279125422239304,12.96959400177,20.3996353149414,2.43933987617493,0.114874683320522,0.173542767763138,0.000820226967334747,0.978103339672089
28.6865139007568,0.141362324357033,0.0738840326666832,0.277726322412491,13.0236558914185,20.3518905639648,2.78776454925537,0.115861237049103,0.172764480113983,0.00375823793001473,0.978117883205414
29.2045612335205,0.139643847942352,0.0741040632128716,0.277429133653641,13.0097637176514,20.0749626159668,2.93816447257996,0.115956865251064,0.170253425836563,0.00534386094659567,0.978539347648621
29.7154331207275,0.14053900539875,0.0735108330845833,0.278563231229782,13.1732950210571,20.1321620941162,2.82518339157104,0.117185950279236,0.170793265104294,0.00406959326937795,0.978304922580719
30.2776985168457,0.142125204205513,0.0736101865768433,0.278407275676727,13.1853666305542,19.7954521179199,2.57336974143982,0.116907209157944,0.168170630931854,0.00224474468268454,0.978798449039459
30.7788715362549,0.145717114210129,0.0730106234550476,0.280008137226105,13.4755172729492,19.9622478485107,2.26523375511169,0.118929281830788,0.169809013605118,-0.000998284318484366,0.978273868560791
31.3042316436768,0.14517568051815,0.0721201300621033,0.28267714381218,13.7286500930786,19.7284851074219,2.40535521507263,0.121295802295208,0.167577311396599,5.98759361309931E-05,0.978368639945984
31.831111907959,0.144300863146782,0.0715653374791145,0.285769909620285,14.098611831665,19.5607757568359,2.71693062782288,0.124902583658695,0.165673553943634,0.00234487187117338,0.978236258029938
32.3354187011719,0.14444175362587,0.0715025365352631,0.289101958274841,14.0296669006348,19.3623561859131,2.79934549331665,0.124428100883961,0.163916349411011,0.0033670540433377,0.978589653968811
32.8484649658203,0.143223896622658,0.069122277200222,0.30309846997261,15.2804975509644,19.5446529388428,3.52917051315308,0.136141568422318,0.164112344384193,0.00752092571929097,0.976972937583923
33.370246887207,0.155003532767296,0.0656337738037109,0.305543422698975,16.4862957000732,22.5500392913818,2.48607707023621,0.144771695137024,0.190402805805206,-0.00697080651298165,0.970947623252869
33.8875923156738,0.150925800204277,0.0667707845568657,0.30578425526619,16.1932830810547,21.1338119506836,2.83675289154053,0.142906278371811,0.178072810173035,-0.00172992900479585,0.973583519458771
34.4350433349609,0.14992980659008,0.067240409553051,0.306269586086273,16.0572147369385,21.1581802368164,3.29521465301514,0.142463698983192,0.177770480513573,0.00235514133237302,0.973702311515808
34.9621925354004,0.148669481277466,0.0679149255156517,0.304907262325287,15.839316368103,20.7266502380371,3.32896876335144,0.140654817223549,0.174161702394485,0.00352477608248591,0.97461348772049
35.5142631530762,0.148681104183197,0.0685262382030487,0.307682722806931,15.5160694122314,19.6430435180664,3.19583511352539,0.137672856450081,0.165243521332741,0.00420755473896861,0.976587474346161
36.0780448913574,0.149776488542557,0.0679025501012802,0.309838086366653,15.6190099716187,19.970235824585,3.42676639556885,0.138898193836212,0.167706176638603,0.00562370428815484,0.975986838340759
36.5793952941895,0.150453388690948,0.0681091025471687,0.308937877416611,15.508692741394,19.8577938079834,3.16332030296326,0.137570321559906,0.167115688323975,0.00368375703692436,0.976285398006439
37.1417579650879,0.148447453975677,0.0707506164908409,0.304982393980026,14.6517190933228,19.8142070770264,3.25841856002808,0.130411729216576,0.167006522417068,0.00584886968135834,0.977275490760803
37.7081260681152,0.147860065102577,0.0696736872196198,0.302230298519135,15.0272855758667,19.8574962615967,3.23375725746155,0.133575886487961,0.167240485548973,0.00501738442108035,0.976812660694122
38.2249870300293,0.147335350513458,0.0694531500339508,0.301280677318573,15.1917533874512,19.8149490356445,3.31304264068604,0.135089501738548,0.166712358593941,0.00549279665574431,0.976692199707031
38.7800979614258,0.146614730358124,0.0695205926895142,0.303751111030579,15.2119312286377,19.5955200195313,3.40230345726013,0.135378897190094,0.164727464318275,0.00648213643580675,0.976982831954956
39.2949256896973,0.145894095301628,0.0695900171995163,0.304850250482559,15.0580654144287,19.7767028808594,3.45113849639893,0.134150058031082,0.16628409922123,0.00691804476082325,0.976885616779327
39.8498001098633,0.142503798007965,0.0697796121239662,0.30336806178093,15.0536088943481,19.6108875274658,3.56381249427795,0.134264022111893,0.164740443229675,0.00807964149862528,0.97712254524231
40.3547401428223,0.14408603310585,0.069075345993042,0.305479675531387,15.3872671127319,19.6203918457031,3.53182244300842,0.137059152126312,0.164705663919449,0.00729251187294722,0.976746499538422
40.8585319519043,0.14551517367363,0.0688576549291611,0.306355446577072,15.4180574417114,19.7403354644775,3.40036416053772,0.137138545513153,0.165871113538742,0.00598205253481865,0.976547002792358
41.4131011962891,0.147772625088692,0.067906528711319,0.309850424528122,15.763237953186,19.5468521118164,3.28694224357605,0.139903545379639,0.164204001426697,0.0047287829220295,0.976443409919739
41.9340744018555,0.146877750754356,0.0698495581746101,0.31218820810318,14.6085968017578,18.561918258667,2.96197247505188,0.129567161202431,0.156670734286308,0.00480228057131171,0.979103446006775
42.4840698242188,0.139653235673904,0.0749732255935669,0.315536737442017,12.3306503295898,15.4054718017578,2.87079262733459,0.109733305871487,0.130550444126129,0.010289796628058,0.985296607017517
43.0640907287598,0.137587159872055,0.0730590149760246,0.318835228681564,13.2500562667847,15.4135055541992,3.17879748344421,0.11797970533371,0.129985138773918,0.0118369581177831,0.984400570392609
43.5656089782715,0.138282656669617,0.0724025741219521,0.316553801298141,13.5320196151733,15.8619737625122,3.11386513710022,0.120367743074894,0.133798241615295,0.0104728350415826,0.983615756034851
44.1317024230957,0.139548614621162,0.0718747079372406,0.313806027173996,13.7741384506226,15.9699764251709,3.06505632400513,0.122396059334278,0.134686067700386,0.00964250136166811,0.983252704143524
44.6668510437012,0.1395143866539,0.07213344424963,0.31084880232811,13.7497177124023,16.1187191009521,3.04230690002441,0.12217216193676,0.135995671153069,0.00931877736002207,0.983103394508362
45.2072372436523,0.137643381953239,0.0722861737012863,0.310515701770782,13.5389184951782,16.5555038452148,3.28631472587585,0.120698213577271,0.139564678072929,0.0112143456935883,0.982765436172485
45.7426071166992,0.141831293702126,0.0844949930906296,0.30057755112648,8.0485725402832,23.6134643554688,6.02931118011475,0.0793337300419807,0.200211361050606,0.0370122157037258,0.975833833217621
46.2692604064941,0.140165850520134,0.0828238725662231,0.292910307645798,9.21776294708252,23.4020328521729,4.95961761474609,0.0873563811182976,0.198555156588554,0.0259504001587629,0.975843906402588
46.7920722961426,0.139013186097145,0.0778854489326477,0.296520709991455,11.3152828216553,21.7519569396973,4.46999216079712,0.104062125086784,0.183846235275269,0.0195240415632725,0.977236151695251
47.3161125183105,0.136984303593636,0.0759832859039307,0.296824604272842,12.0315017700195,21.8506183624268,4.33749008178711,0.109961420297623,0.184456348419189,0.0171034093946218,0.976520299911499
47.8663902282715,0.133486971259117,0.0761159360408783,0.291634798049927,12.09410572052,21.89599609375,4.4584436416626,0.1106958091259,0.184695214033127,0.017985213547945,0.976376295089722
48.4142417907715,0.131789892911911,0.0763074904680252,0.282280206680298,11.9841957092285,21.9135036468506,4.29974889755249,0.109507367014885,0.185051783919334,0.0168010406196117,0.976463913917542
48.9685592651367,0.132046714425087,0.0758537426590919,0.27703520655632,12.0646886825562,21.8501415252686,4.13146114349365,0.109911933541298,0.184633761644363,0.0152924880385399,0.976522386074066
49.5278434753418,0.137534201145172,0.0743243619799614,0.286394983530045,12.8378868103027,22.4516105651855,4.29643964767456,0.116833098232746,0.189209252595901,0.0147880483418703,0.974849343299866
50.0897369384766,0.141894519329071,0.0733927711844444,0.297341704368591,13.1033811569214,22.8931369781494,3.94704604148865,0.118553444743156,0.193189844489098,0.0109021989628673,0.973911643028259
50.5947074890137,0.141395598649979,0.0722644627094269,0.306575417518616,13.4694881439209,22.7677593231201,4.06459999084473,0.121844939887524,0.191819220781326,0.0113923670724034,0.97377073764801
51.1298675537109,0.142587587237358,0.0720653831958771,0.309014886617661,13.7446279525757,22.8764724731445,3.99616432189941,0.124073952436447,0.192677855491638,0.0102130966261029,0.973332762718201
51.650333404541,0.143506348133087,0.0721873044967651,0.301049619913101,13.5934610366821,23.0223369598389,3.80325675010681,0.122478522360325,0.194199174642563,0.00868335273116827,0.973247289657593
52.1829414367676,0.140569090843201,0.0733713582158089,0.293356120586395,13.1981563568115,22.5975379943848,3.66151762008667,0.118854150176048,0.190927371382713,0.00861615315079689,0.97434401512146
52.7086944580078,0.139604866504669,0.0742432698607445,0.294588595628738,12.947322845459,21.8958854675293,3.78044366836548,0.116858646273613,0.184952184557915,0.0107769863680005,0.975715458393097
53.2457695007324,0.0946348160505295,0.0796521827578545,0.303823053836823,10.194727897644,22.1161212921143,3.81912112236023,0.0935164168477058,0.188033327460289,0.0155419390648603,0.977576911449432
53.7778778076172,0.0903308913111687,0.0790438055992126,0.30363866686821,11.0978403091431,22.1439628601074,4.04533767700195,0.101582989096642,0.18767374753952,0.0159175768494606,0.976834774017334
54.3059730529785,0.131361037492752,0.0712639912962914,0.292647689580917,13.5515670776367,22.122875213623,3.85195279121399,0.122130028903484,0.18652218580246,0.010129701346159,0.974777460098267
54.8340454101563,0.145243972539902,0.0714279115200043,0.297423988580704,13.6270780563354,21.5698432922363,3.38476228713989,0.121979519724846,0.18227830529213,0.00661647273227572,0.975628972053528
55.359920501709,0.14468477666378,0.0637862458825111,0.297988593578339,17.2287693023682,21.9622459411621,3.32705140113831,0.152446463704109,0.183988705277443,-0.000342696846928447,0.971034586429596
55.8972358703613,0.151837319135666,0.0633730888366699,0.293108463287354,17.7778053283691,24.9604625701904,2.21779179573059,0.154971525073051,0.210547626018524,-0.0147172827273607,0.965109825134277
56.4270553588867,0.152442932128906,0.0661091953516006,0.288814872503281,16.3700656890869,25.2098007202148,2.01831531524658,0.142721712589264,0.213523223996162,-0.0140515547245741,0.966354489326477
56.958984375,0.150634706020355,0.06896061450243,0.291155785322189,15.1073732376099,24.0361175537109,2.7102746963501,0.133419468998909,0.203314647078514,-0.00443359650671482,0.969970524311066
57.4884376525879,0.150269150733948,0.068032331764698,0.301042854785919,15.5326328277588,24.0588817596436,3.18395614624023,0.137851625680923,0.202751114964485,-0.00123041612096131,0.969477891921997
58.0249443054199,0.146759182214737,0.0664401352405548,0.30412620306015,16.2492294311523,24.0026302337646,3.53258872032166,0.144516631960869,0.201488450169563,0.000473818770842627,0.968770980834961
58.5475807189941,0.142415642738342,0.0660703778266907,0.298360049724579,16.3255023956299,24.2521343231201,3.39034461975098,0.14490781724453,0.203737691044807,-0.00118392473086715,0.968241333961487
59.0835723876953,0.140717208385468,0.0663427039980888,0.291694939136505,16.1941833496094,24.6808547973633,3.39508128166199,0.143804207444191,0.207420185208321,-0.00143902387935668,0.967623472213745
59.608585357666,0.144890815019608,0.0663562938570976,0.28728249669075,16.2834911346436,24.7824878692627,3.06371283531189,0.143952667713165,0.208649501204491,-0.00453251553699374,0.967327475547791
60.1250953674316,0.151614457368851,0.0637511312961578,0.300357937812805,17.255651473999,24.894947052002,2.81338238716125,0.15167661011219,0.209444940090179,-0.00862466543912888,0.96594649553299
60.6592597961426,0.152177631855011,0.0628765299916267,0.317266464233398,17.8515510559082,24.2735481262207,3.24869060516357,0.157513469457626,0.203316807746887,-0.00523039139807224,0.966345906257629
61.1757011413574,0.152091085910797,0.0629095882177353,0.314468234777451,17.8189525604248,24.6416091918945,3.19371747970581,0.157122611999512,0.206512197852135,-0.00613841088488698,0.965726435184479
61.7088203430176,0.148014679551125,0.0639311745762825,0.303145468235016,17.3451137542725,24.8849811553955,3.28483557701111,0.153290092945099,0.208688244223595,-0.0048067532479763,0.965882122516632
62.2154998779297,0.145681723952293,0.0575680173933506,0.304047226905823,20.5024318695068,23.0946826934814,2.65289044380188,0.178875535726547,0.192893043160439,-0.0132967559620738,0.96468597650528
62.748363494873,0.142282530665398,0.0637477561831474,0.308006823062897,18.1177158355713,20.2865200042725,1.99565660953522,0.157993257045746,0.171187967061996,-0.0107956193387508,0.972428023815155
63.2914810180664,0.146980628371239,0.0644900873303413,0.302565962076187,17.7291889190674,23.8926792144775,2.55671286582947,0.155287653207779,0.201108649373055,-0.0103242564946413,0.967126905918121
63.8193588256836,0.154824420809746,0.0639447867870331,0.293594211339951,17.5270919799805,26.3274345397949,1.74358904361725,0.151760995388031,0.222792357206345,-0.0200505759567022,0.962772130966187
64.3466186523438,0.156854510307312,0.0642586797475815,0.296769112348557,17.6046752929688,26.1278076171875,1.66520774364471,0.152295768260956,0.221185728907585,-0.0205976534634829,0.963046550750732
64.8731307983398,0.153527766466141,0.0644850134849548,0.294232279062271,17.3640117645264,25.6245536804199,1.84220743179321,0.150697007775307,0.216821864247322,-0.0179743133485317,0.964342057704926
65.402099609375,0.1508629322052,0.0644181296229362,0.294425427913666,17.3654365539551,25.5599021911621,1.99566256999969,0.151008576154709,0.216075107455254,-0.0166004560887814,0.9644855260849
65.9263458251953,0.150601997971535,0.0635202825069427,0.29439178109169,17.6789093017578,25.7142181396484,2.01479482650757,0.153656214475632,0.217209503054619,-0.0172514896839857,0.96380090713501
66.4614562988281,0.152064815163612,0.0583176389336586,0.292353212833405,20.1302299499512,25.8444423675537,1.91152596473694,0.173990309238434,0.217314466834068,-0.0230696592479944,0.960192501544952
66.9954223632813,0.160533517599106,0.0562154017388821,0.27488774061203,21.8637619018555,31.6526336669922,1.75617551803589,0.186535194516182,0.264945656061172,-0.0372370108962059,0.945315718650818
67.5090103149414,0.161711156368256,0.0534330569207668,0.265479654073715,23.3414421081543,34.0688552856445,1.81180608272552,0.197923943400383,0.283796191215515,-0.0444475673139095,0.937182068824768
68.0238800048828,0.163093030452728,0.0532193630933762,0.264313995838165,23.3002967834473,35.260799407959,1.66747510433197,0.196746304631233,0.293804287910461,-0.0475729666650295,0.934187769889832
68.5424041748047,0.159460514783859,0.0574451945722103,0.270248085260391,21.1751441955566,32.9953269958496,2.09253883361816,0.181241571903229,0.27587816119194,-0.0349585339426994,0.943303048610687
69.0541534423828,0.141680553555489,0.0707818269729614,0.291291564702988,14.7024364471436,22.5660934448242,4.1655011177063,0.132447630167007,0.189359337091446,0.0103296050801873,0.972879230976105
69.5936508178711,0.143228098750114,0.0694470405578613,0.29578486084938,14.9228792190552,23.4311428070068,4.0153980255127,0.134129077196121,0.196755796670914,0.00766137428581715,0.971204340457916
70.1311874389648,0.139415487647057,0.0693148672580719,0.296886086463928,15.0921316146851,23.1167182922363,4.26180171966553,0.135956838726997,0.193709418177605,0.00981863494962454,0.97154313325882
70.6380157470703,0.136168360710144,0.0691885426640511,0.294096440076828,15.2365236282349,23.5492706298828,4.29043245315552,0.137262850999832,0.197261676192284,0.00928713195025921,0.970649540424347
71.1579437255859,0.134945839643478,0.0691536217927933,0.292854458093643,15.3417148590088,23.6710586547852,4.25026559829712,0.138092070817947,0.198283240199089,0.00861016567796469,0.970329940319061
71.6952056884766,0.134960055351257,0.0683173090219498,0.293227732181549,15.6729536056519,23.6974067687988,4.17927074432373,0.140769377350807,0.198409616947174,0.00737566314637661,0.969929456710815
72.2108840942383,0.137623846530914,0.0678434371948242,0.294924855232239,15.8625783920288,23.8618698120117,4.05166864395142,0.142158344388008,0.199854508042336,0.00574737833812833,0.969441175460815
72.7302703857422,0.138668492436409,0.0670915991067886,0.297851622104645,16.1972637176514,23.8370113372803,3.97313523292542,0.144845426082611,0.199559465050697,0.00450304755941033,0.969110727310181
73.2552108764648,0.139112114906311,0.0663842856884003,0.298799633979797,16.4477920532227,23.8095512390137,3.78793835639954,0.146636307239532,0.19942706823349,0.00251522986218333,0.968875825405121
73.7776794433594,0.137634828686714,0.0676647499203682,0.29556930065155,15.9584980010986,23.7589721679688,3.88138437271118,0.1426672488451,0.199143648147583,0.00425975723192096,0.969520390033722
74.2971343994141,0.138431504368782,0.0670551508665085,0.289934277534485,16.1408786773682,24.0296745300293,3.52277398109436,0.143585160374641,0.201785311102867,0.000555514765437692,0.968847632408142
74.8147277832031,0.138994187116623,0.0669204294681549,0.286740213632584,16.1871681213379,23.8185977935791,3.38507604598999,0.143734261393547,0.200149476528168,-0.000428790342994034,0.969164848327637
75.3424224853516,0.142055004835129,0.0661839917302132,0.288000792264938,16.4615287780762,24.0211753845215,3.23645710945129,0.145786538720131,0.201912552118301,-0.00244174734689295,0.968489408493042
75.8634490966797,0.142450392246246,0.0650515109300613,0.293615698814392,16.8631858825684,23.7566947937012,3.3782114982605,0.149427980184555,0.199291676282883,-0.00163482211064547,0.968478977680206
76.3852157592773,0.14317162334919,0.0643023550510406,0.30083292722702,17.228666305542,23.5179901123047,3.36115336418152,0.152485549449921,0.197109192609787,-0.00212388439103961,0.968448042869568
76.9127883911133,0.143295332789421,0.0640415847301483,0.305399388074875,17.6063022613525,23.4888858795166,3.40871334075928,0.155752658843994,0.196603551506996,-0.00236048735678196,0.968030273914337
77.4427795410156,0.143759742379189,0.0634966120123863,0.302699238061905,17.691047668457,23.3885307312012,3.30667614936829,0.156294941902161,0.195850670337677,-0.00323747680522501,0.968092918395996
77.9627914428711,0.145047083497047,0.0630390867590904,0.301514804363251,17.8525276184082,23.4019031524658,3.30719208717346,0.157656937837601,0.195879474282265,-0.00353974406607449,0.967865169048309
78.4961929321289,0.145232766866684,0.0630252212285995,0.303409993648529,17.8878040313721,23.5146293640137,3.35330653190613,0.158029899001122,0.196749597787857,-0.0033687308896333,0.967628479003906
79.0459289550781,0.143398359417915,0.0625125840306282,0.305521756410599,17.9822540283203,23.2352256774902,3.50828289985657,0.159096702933311,0.19412550330162,-0.00184183625970036,0.967987716197968
79.5625152587891,0.142925262451172,0.0624767020344734,0.301862120628357,17.9840068817139,23.4568729400635,3.42517828941345,0.158965453505516,0.196111842989922,-0.00285444664768875,0.96760630607605
80.0857849121094,0.143014639616013,0.0625423938035965,0.297550469636917,17.9841747283936,23.5468082427979,3.36853313446045,0.158867225050926,0.196949660778046,-0.00345773599110544,0.967450320720673
80.6073989868164,0.144485890865326,0.0624652169644833,0.296839624643326,17.9869441986084,23.5209827423096,3.23781871795654,0.158666834235191,0.196911290287971,-0.00453051971271634,0.967486560344696
81.156852722168,0.145169988274574,0.0622349455952644,0.300455898046494,18.2055854797363,23.6894817352295,3.32708978652954,0.16065602004528,0.198094934225082,-0.00440546404570341,0.966917097568512
81.6922912597656,0.145188942551613,0.0612988732755184,0.303886771202087,18.5837440490723,23.6741847991943,3.30971193313599,0.16381049156189,0.197789996862411,-0.00521352374926209,0.966446101665497
82.2239608764648,0.148881480097771,0.0610190480947495,0.30089944601059,18.6242389678955,24.636697769165,2.91122484207153,0.163384214043617,0.206447973847389,-0.0100198742002249,0.964668035507202
82.7487564086914,0.162579625844955,0.0655375570058823,0.276254445314407,16.6571578979492,31.4349117279053,1.17026650905609,0.142163723707199,0.266598880290985,-0.0295100435614586,0.952808320522308
83.2879486083984,0.180667579174042,0.0687760263681412,0.238898441195488,14.7572441101074,43.1410789489746,357.855529785156,0.112587705254555,0.366773039102554,-0.0644651055335999,0.921219706535339
83.7909164428711,0.187182247638702,0.0588032081723213,0.218780428171158,18.5977764129639,48.4943542480469,356.337768554688,0.134304761886597,0.409777969121933,-0.0950765684247017,0.897220551967621
84.3059768676758,0.181188076734543,0.0641961470246315,0.213655933737755,17.0189800262451,46.124568939209,356.079223632813,0.122814446687698,0.391849756240845,-0.0890598744153976,0.907435238361359
84.8263092041016,0.179638281464577,0.069982685148716,0.208536341786385,14.29274559021,48.9108390808105,355.853759765625,0.0983098223805428,0.414596766233444,-0.0841415226459503,0.900757968425751
85.3560562133789,0.178741827607155,0.0677769407629967,0.228022813796997,15.7546167373657,47.4053802490234,356.792114257813,0.114296108484268,0.401554048061371,-0.0804596170783043,0.905106067657471
85.9220733642578,0.172181621193886,0.064630813896656,0.235825955867767,16.8667945861816,42.2567100524902,356.707763671875,0.12650141119957,0.360343456268311,-0.0793481767177582,0.920789837837219
86.4355545043945,0.171659141778946,0.0640712901949883,0.239532098174095,17.3363170623779,40.5336074829102,356.929656982422,0.13215608894825,0.346100389957428,-0.0770313963294029,0.925643265247345
86.9593276977539,0.172878310084343,0.0631036683917046,0.241822063922882,17.5085296630859,40.2416610717773,356.76953125,0.133267968893051,0.343886643648148,-0.0784937888383865,0.926185965538025
87.4722061157227,0.170381724834442,0.0633631125092506,0.24583725631237,17.5533599853516,39.8682899475098,357.217834472656,0.135219380259514,0.340330600738525,-0.0745612308382988,0.92754054069519
87.9841690063477,0.170868366956711,0.0623986795544624,0.248654961585999,18.0299587249756,39.557056427002,357.349426269531,0.139679864048958,0.337526261806488,-0.0745036229491234,0.927908837795258
88.502326965332,0.170719295740128,0.0619249790906906,0.247840389609337,18.0440769195557,39.6096687316895,357.515808105469,0.140250772237778,0.337745070457458,-0.0732615292072296,0.927842020988464
89.0575790405273,0.167255342006683,0.0613906681537628,0.247760489583015,18.3247337341309,38.7926177978516,357.605895996094,0.14331316947937,0.330929309129715,-0.0723237097263336,0.929901301860809
89.5857620239258,0.169560134410858,0.0609026961028576,0.248355656862259,18.7438259124756,38.6929893493652,357.368835449219,0.146102055907249,0.330299735069275,-0.0753058642148972,0.929454326629639
90.14404296875,0.17116217315197,0.0610809773206711,0.249712496995926,18.6264629364014,38.960391998291,357.753173828125,0.14608658850193,0.332013219594955,-0.0721973925828934,0.929092884063721
90.7250137329102,0.167185425758362,0.0627475678920746,0.26165184378624,17.7738590240479,35.7636451721191,359.719573974609,0.146279275417328,0.30372741818428,-0.0497362390160561,0.940148055553436
91.2376937866211,0.161563634872437,0.0620134957134724,0.269164651632309,18.3921966552734,34.1580810546875,0.225943297147751,0.153337582945824,0.289614140987396,-0.0450752265751362,0.943705201148987
91.7568740844727,0.155757144093513,0.0618820153176785,0.269317030906677,18.3106384277344,34.2685661315918,0.35347443819046,0.152945950627327,0.290388613939285,-0.0439657308161259,0.943583071231842
92.3422775268555,0.158370360732079,0.0610788688063622,0.271555632352829,18.8536167144775,35.1447143554688,0.328666538000107,0.156998217105865,0.297383815050125,-0.0467514991760254,0.940600216388702
92.8653945922852,0.159146592020988,0.0594857260584831,0.277222454547882,19.6131839752197,34.5090065002441,0.52339369058609,0.163991048932076,0.291536599397659,-0.0462218970060349,0.941263496875763
93.3671951293945,0.153771191835403,0.0603863522410393,0.268403351306915,19.1661128997803,34.4036560058594,0.509138584136963,0.160324528813362,0.290902137756348,-0.0450481362640858,0.94214791059494
93.8872833251953,0.151196777820587,0.0604880005121231,0.263966768980026,19.0706672668457,34.2403984069824,0.605719387531281,0.159847795963287,0.289469122886658,-0.043782752007246,0.942729771137238
94.4792175292969,0.150970667600632,0.0601345784962177,0.269011050462723,19.2800445556641,34.389591217041,0.5907102227211,0.161473229527473,0.290618389844894,-0.0446483679115772,0.942058324813843
94.9843902587891,0.152122721076012,0.0615723133087158,0.270907312631607,18.73291015625,34.3616409301758,0.365852922201157,0.15641576051712,0.290952116250992,-0.0450641624629498,0.942788541316986
95.5056762695313,0.143441811203957,0.069574810564518,0.281496584415436,15.3072957992554,29.13498878479,2.62350153923035,0.134575635194778,0.24626336991787,-0.011530770920217,0.959745168685913
96.0385818481445,0.144015699625015,0.0702669247984886,0.274459004402161,15.0516300201416,28.0192070007324,2.40578699111938,0.132087364792824,0.23727859556675,-0.0115064866840839,0.962351024150848
96.5571823120117,0.140770941972733,0.07046128064394,0.269784331321716,14.8232936859131,27.9249019622803,2.5699098110199,0.130519926548004,0.236402571201324,-0.00953694991767406,0.962801873683929
97.0917129516602,0.137416794896126,0.0715239942073822,0.273685902357101,14.0409107208252,26.8362350463867,2.90684032440186,0.124690823256969,0.227226093411446,-0.00386666227132082,0.965818583965302
97.6232376098633,0.123600371181965,0.0707479193806648,0.294264495372772,14.5553789138794,23.0004062652588,4.85880947113037,0.132406562566757,0.192325592041016,0.0159694403409958,0.972226500511169
98.1473236083984,0.125351950526237,0.0695595145225525,0.301332384347916,15.3587408065796,22.659761428833,4.66684579849243,0.138843566179276,0.189199477434158,0.0133324600756168,0.971981644630432
98.6755752563477,0.131551876664162,0.0688660889863968,0.302923232316971,15.5335645675659,22.4533519744873,4.53411293029785,0.140082225203514,0.187510505318642,0.012154215015471,0.97214663028717
99.211067199707,0.134967222809792,0.0683369487524033,0.306155502796173,15.7705497741699,22.5655784606934,4.57168674468994,0.142161265015602,0.188281357288361,0.0119241708889604,0.971698582172394
99.7915420532227,0.138789027929306,0.0674973279237747,0.309080094099045,16.0671081542969,23.0998764038086,4.33733177185059,0.144327327609062,0.192933693528175,0.00874964240938425,0.970499694347382
100.365447998047,0.139014393091202,0.0669462606310844,0.310490936040878,16.3012657165527,23.2358913421631,4.2348108291626,0.146142050623894,0.194083452224731,0.00729270977899432,0.970010817050934
100.93579864502,0.137467220425606,0.0663223192095757,0.309528410434723,16.6513137817383,23.230619430542,4.22432041168213,0.149079978466034,0.193854987621307,0.00658655492588878,0.969614386558533
101.523391723633,0.135462060570717,0.0664563104510307,0.303965747356415,16.5679130554199,23.3820304870605,4.23720979690552,0.148406520485878,0.19516658782959,0.00664823548868299,0.969454109668732
102.083282470703,0.135581031441689,0.0658695474267006,0.303135216236115,16.6328544616699,23.2924747467041,4.24665832519531,0.148965582251549,0.194359764456749,0.00672806799411774,0.969529926776886
102.665000915527,0.136895164847374,0.0650041922926903,0.304328411817551,17.0160064697266,23.2598438262939,4.14929389953613,0.152032732963562,0.193994358181953,0.00526296952739358,0.969135999679565
103.237434387207,0.137289330363274,0.0649201571941376,0.304035604000092,17.1654357910156,23.2909412384033,4.16790246963501,0.153326466679573,0.194147646427155,0.00511204218491912,0.968902230262756
103.75138092041,0.135540887713432,0.0646343678236008,0.302143633365631,17.2397270202637,23.4411182403564,4.34378528594971,0.154259234666824,0.195138216018677,0.00626412546262145,0.968548357486725
104.320960998535,0.134504392743111,0.0642910152673721,0.301162928342819,17.291316986084,23.2578811645508,4.37571048736572,0.154738083481789,0.193515971302986,0.00668851844966412,0.968794584274292
104.895652770996,0.137539893388748,0.0638125315308571,0.300133407115936,17.5555076599121,23.565637588501,4.11249971389771,0.156531497836113,0.196320801973343,0.00357151543721557,0.967958331108093
105.458358764648,0.137560248374939,0.0642548426985741,0.29955530166626,17.4277954101563,23.2991523742676,4.07995557785034,0.155390679836273,0.194186300039291,0.00388869689777493,0.968571305274963
105.959800720215,0.128274545073509,0.0632781162858009,0.308949530124664,17.8406543731689,19.6333045959473,4.21330738067627,0.158878847956657,0.162703350186348,0.00936406012624502,0.973754286766052
106.52725982666,0.122402429580688,0.062951497733593,0.315398097038269,17.812032699585,19.8922119140625,4.69575643539429,0.159349888563156,0.164249196648598,0.0131472311913967,0.973374009132385
107.032501220703,0.144044294953346,0.0624439083039761,0.306416511535645,17.7496471405029,23.8906650543213,3.38101696968079,0.156902670860291,0.199958607554436,-0.00340164313092828,0.96715384721756
107.606048583984,0.152297496795654,0.0614455193281174,0.301669925451279,18.1890850067139,24.7654304504395,3.38513588905334,0.160573840141296,0.207092478871346,-0.00539376446977258,0.965038657188416
108.108345031738,0.148642227053642,0.0613726750016212,0.301840901374817,18.3860378265381,24.6662216186523,3.28941130638123,0.162061467766762,0.206285074353218,-0.00643099239096045,0.96495658159256
108.681838989258,0.143141329288483,0.0636789873242378,0.298788577318192,17.4044952392578,24.3161163330078,3.30644989013672,0.153850615024567,0.203830912709236,-0.00397339137271047,0.966833591461182
109.253433227539,0.140839233994484,0.0641282424330711,0.299372553825378,17.138204574585,24.2143859863281,3.64498138427734,0.152210116386414,0.202661722898483,-0.000487515819258988,0.967346966266632
109.837532043457,0.138866752386093,0.063717357814312,0.301013857126236,17.268798828125,23.8354301452637,3.86617302894592,0.153696358203888,0.199095025658607,0.00164616806432605,0.967851161956787
110.405235290527,0.139408990740776,0.0632617548108101,0.302403271198273,17.5475749969482,23.8373870849609,3.90563273429871,0.156113892793655,0.198902443051338,0.00146820012014359,0.96750408411026
110.983474731445,0.137803182005882,0.0630318820476532,0.298037260770798,17.5367431640625,23.8763637542725,3.8993067741394,0.156012147665024,0.19924621284008,0.00138148514088243,0.967449843883514
111.493293762207,0.136120334267616,0.063508503139019,0.291214793920517,17.3895015716553,23.7729167938232,3.87901473045349,0.154734969139099,0.198482617735863,0.00161888240836561,0.967811524868011
112.056190490723,0.123087152838707,0.0634964480996132,0.297117650508881,17.6616554260254,19.5219841003418,4.61105823516846,0.157912045717239,0.161306917667389,0.0131698148325086,0.974099814891815
112.645431518555,0.113190516829491,0.0640460252761841,0.299413979053497,17.2526512145996,19.0749397277832,5.50401401519775,0.155611217021942,0.156527325510979,0.0219903122633696,0.975090146064758
113.21166229248,0.130843803286552,0.0637770742177963,0.300632983446121,17.6115818023682,22.0521087646484,3.79428791999817,0.156434386968613,0.1839230209589,0.00284881796687841,0.97040843963623
113.793640136719,0.140263214707375,0.0600559376180172,0.300816804170609,18.8660488128662,22.7128067016602,3.17222213745117,0.166000828146935,0.189726620912552,-0.00548989977687597,0.967686593532562
114.373870849609,0.138266935944557,0.0631731525063515,0.291750133037567,18.1798458099365,23.999547958374,3.32746863365173,0.160427555441856,0.200723677873611,-0.00478986604139209,0.966410934925079
114.94189453125,0.117867045104504,0.0636903643608093,0.297387897968292,17.7937316894531,19.2272491455078,4.66730546951294,0.159076273441315,0.158648073673248,0.0138571057468653,0.974337458610535
115.528793334961,0.1173085719347,0.0650050640106201,0.300775408744812,17.5274486541748,18.1120929718018,4.15944719314575,0.156007215380669,0.15000019967556,0.0114535205066204,0.976232826709747
116.031219482422,0.125333994626999,0.0691932290792465,0.301174312829971,15.8003482818604,19.3735446929932,2.9506504535675,0.139733985066414,0.163121253252029,0.00201897206716239,0.976658463478088
116.584632873535,0.134041607379913,0.0684191435575485,0.301537841558456,16.1863079071045,21.8188514709473,2.50582051277161,0.142302602529526,0.184304594993591,-0.00538111245259643,0.972498297691345
117.124664306641,0.137579321861267,0.0675862804055214,0.298785984516144,16.4973163604736,22.9040260314941,2.53823733329773,0.144930690526962,0.19333054125309,-0.0069954888895154,0.970345020294189
117.711273193359,0.144760936498642,0.0642220228910446,0.304715067148209,18.0525798797607,22.9336166381836,2.76545882225037,0.158449202775955,0.192570939660072,-0.0078238844871521,0.968374490737915
118.27668762207,0.150492399930954,0.066081278026104,0.288647770881653,17.1272792816162,25.5152835845947,2.85429048538208,0.150625243782997,0.214680686593056,-0.00885261222720146,0.964959025382996
118.782897949219,0.153061389923096,0.0635084956884384,0.290317416191101,18.0002479553223,25.8362998962402,2.54158735275269,0.157336741685867,0.21737052500248,-0.0136139253154397,0.9632288813591
119.355773925781,0.147022366523743,0.0654313638806343,0.286261558532715,17.2782936096191,24.4846534729004,2.71850109100342,0.151726588606834,0.206099763512611,-0.00892404466867447,0.966655194759369
119.861808776855,0.145588234066963,0.065801702439785,0.280490547418594,17.1409034729004,23.9933681488037,2.81623077392578,0.150777369737625,0.201889857649803,-0.00719767436385155,0.967706024646759
120.435447692871,0.144692674279213,0.067392386496067,0.279820144176483,16.652530670166,23.207691192627,3.02869248390198,0.147060245275497,0.195205301046371,-0.00350314332172275,0.969667911529541
121.012680053711,0.143633753061295,0.0672175064682961,0.288245677947998,16.7318916320801,21.8136196136475,3.17059946060181,0.14799103140831,0.183174654841423,-0.000642522005364299,0.971877217292786
121.593788146973,0.143989205360413,0.0659288316965103,0.300245612859726,17.3421592712402,20.9529056549072,3.26833343505859,0.153314456343651,0.175452262163162,0.000319717946695164,0.972476780414581
122.183807373047,0.142018675804138,0.0662279650568962,0.302645087242126,17.3187828063965,20.9127540588379,3.16499543190002,0.152958288788795,0.175260752439499,-0.000466176308691502,0.972567319869995
122.684303283691,0.139400079846382,0.0668777674436569,0.300540208816528,17.1979217529297,20.3564643859863,3.14628553390503,0.151905685663223,0.170618444681168,0.000305911875329912,0.973557353019714
123.25560760498,0.137852475047112,0.067117378115654,0.297199368476868,17.0964870452881,20.3694629669189,3.31351542472839,0.151294231414795,0.170555248856544,0.00186788127757609,0.97366189956665
123.757186889648,0.138785138726234,0.067226953804493,0.298488587141037,16.96950340271,20.1460151672363,3.35743355751038,0.150277212262154,0.168658643960953,0.00273251533508301,0.974147617816925
124.325584411621,0.135909125208855,0.0675542652606964,0.300086051225662,16.8666152954102,20.005687713623,3.53172254562378,0.149654820561409,0.167286723852158,0.00455667870119214,0.974473118782043
124.899436950684,0.131019681692123,0.0670144632458687,0.30135914683342,17.020824432373,20.1405391693115,3.9486072063446,0.151580408215523,0.167807996273041,0.0076856198720634,0.974066138267517
125.479164123535,0.132293373346329,0.0665930956602097,0.299641489982605,17.1041374206543,19.9612655639648,3.81301856040955,0.152078434824944,0.166420891880989,0.00664180889725685,0.974234163761139
126.043724060059,0.137077555060387,0.0676088258624077,0.296231925487518,16.7470874786377,20.007438659668,3.25369167327881,0.148233503103256,0.167719528079033,0.00237348722293973,0.974623680114746
126.6123046875,0.137809380888939,0.066828116774559,0.299848675727844,17.072509765625,19.6607685089111,3.5484631061554,0.151413202285767,0.164231494069099,0.00483820261433721,0.974719822406769
127.113540649414,0.12725242972374,0.0653726831078529,0.304212540388107,17.0922222137451,19.8300533294678,4.49219226837158,0.152946680784225,0.164407655596733,0.01260940823704,0.974381148815155
127.687118530273,0.124068260192871,0.066801443696022,0.307106792926788,16.5478706359863,19.7442188262939,4.82634449005127,0.148793265223503,0.163545042276382,0.0163993760943413,0.975112617015839
128.252639770508,0.124023467302322,0.0675672441720963,0.307473868131638,16.3099975585938,19.3501930236816,4.91213274002075,0.146834567189217,0.160216301679611,0.0179988350719213,0.975933611392975
128.754364013672,0.121600225567818,0.0669941008090973,0.309843927621841,16.49778175354,19.3612022399902,5.08128452301025,0.148668304085732,0.15998300909996,0.0191425979137421,0.975672423839569
129.316650390625,0.120788723230362,0.0666141957044601,0.313797175884247,16.8059768676758,19.4748802185059,5.10584545135498,0.151339039206505,0.160736322402954,0.0187374427914619,0.975145757198334
129.893936157227,0.120777159929276,0.066573940217495,0.315406709909439,16.7764625549316,19.540376663208,5.12178897857666,0.151121601462364,0.161290183663368,0.0188314560800791,0.975086212158203
130.455505371094,0.124782420694828,0.0657447353005409,0.315860837697983,17.0090351104736,20.1275806427002,4.7756142616272,0.152685850858688,0.166606336832047,0.0147508578374982,0.974018335342407
130.963821411133,0.124384880065918,0.065319687128067,0.316823303699493,17.2797031402588,20.0795707702637,4.92653560638428,0.155193522572517,0.165836870670319,0.0156760290265083,0.9737389087677
131.533020019531,0.124227367341518,0.0654379948973656,0.317556619644165,17.1464004516602,20.403356552124,5.07790994644165,0.154330268502235,0.168463304638863,0.0167342144995928,0.973407566547394
132.105209350586,0.124673195183277,0.065544605255127,0.31667947769165,17.1231479644775,20.136646270752,4.96103143692017,0.153924122452736,0.16636835038662,0.0161364767700434,0.973842203617096
132.667617797852,0.123242393136024,0.0656176954507828,0.312603175640106,17.0631618499756,19.7555732727051,4.68995523452759,0.152974292635918,0.163526684045792,0.0144350677728653,0.974499642848969
133.243957519531,0.121876657009125,0.0668951347470284,0.300980657339096,16.4363441467285,20.1766738891602,4.87516403198242,0.147978916764259,0.167225167155266,0.0164273101836443,0.974611818790436
133.747589111328,0.118338540196419,0.0674304068088531,0.298573911190033,16.2665920257568,19.5109634399414,5.02892351150513,0.146655514836311,0.161460906267166,0.0188530292361975,0.975739240646362
134.319946289063,0.120590701699257,0.0671125799417496,0.302286118268967,16.4772415161133,19.2832508087158,4.88502550125122,0.148207649588585,0.159585386514664,0.0176032595336437,0.975836634635925
134.88655090332,0.128091722726822,0.0650042742490768,0.311440467834473,17.4520778656006,20.0750350952148,4.57690715789795,0.156147837638855,0.166173040866852,0.0124432239681482,0.97357565164566
135.387985229492,0.128103315830231,0.0650716349482536,0.316214591264725,17.3833160400391,19.4105796813965,4.58105802536011,0.155495300889015,0.16055803000927,0.0134872179478407,0.974607825279236
135.955032348633,0.131959140300751,0.0648283958435059,0.319663763046265,17.5554027557373,19.4734725952148,4.30870199203491,0.156579807400703,0.161368548870087,0.0108263455331326,0.974333584308624
136.515319824219,0.132101580500603,0.0643332004547119,0.316744685173035,17.7332420349121,19.7499103546143,4.30887126922607,0.158113986253738,0.163620710372925,0.0101783825084567,0.973716914653778
137.097152709961,0.131278812885284,0.0639122724533081,0.317665934562683,17.8116588592529,19.4204273223877,4.36291217803955,0.158825129270554,0.160702556371689,0.0109744714573026,0.974078476428986
137.652877807617,0.131313875317574,0.0634655952453613,0.317161500453949,17.8515853881836,19.6515941619873,4.41652917861938,0.159261614084244,0.162570640444756,0.0110489083454013,0.973696291446686
138.221588134766,0.135491490364075,0.0629008039832115,0.314182609319687,18.1088943481445,20.7449607849121,4.20123720169067,0.161214455962181,0.172009542584419,0.00729076797142625,0.971786737442017
138.801559448242,0.134572878479958,0.0627153217792511,0.310739159584045,18.0074291229248,19.733570098877,4.19573211669922,0.160275876522064,0.163489013910294,0.00882135052233934,0.973398804664612
139.354400634766,0.135337010025978,0.0626697614789009,0.313645929098129,18.0229930877686,19.8591213226318,4.21881294250488,0.160450503230095,0.16451458632946,0.00881788041442633,0.973197221755981
139.856643676758,0.134318619966507,0.0634031146764755,0.312805473804474,17.8642692565918,19.8751964569092,3.99424338340759,0.158783212304115,0.165049448609352,0.00713157746940851,0.97339391708374
140.422424316406,0.131841585040092,0.0638347119092941,0.310473084449768,17.7267532348633,19.7477416992188,4.19856834411621,0.157901212573051,0.163757905364037,0.00925399642437696,0.97373765707016
140.978790283203,0.132042080163956,0.0639665424823761,0.308524578809738,17.6183433532715,20.0634002685547,4.2666974067688,0.157106071710587,0.166405230760574,0.00956570729613304,0.973414361476898
141.49137878418,0.131824269890785,0.0644330903887749,0.307592988014221,17.3402214050293,20.0884132385254,4.28362274169922,0.154774695634842,0.1667470484972,0.0101068466901779,0.973723828792572
142.040634155273,0.132268205285072,0.0644632503390312,0.306105881929398,17.3883895874023,20.0790214538574,3.95299768447876,0.154700875282288,0.16708792746067,0.00723547674715519,0.973702728748322
142.540771484375,0.132305845618248,0.0647856444120407,0.306247293949127,17.3965892791748,20.4490032196045,4.03932094573975,0.154921144247055,0.170109868049622,0.00745611684396863,0.973142564296722
143.044067382813,0.133936688303947,0.0640662088990211,0.308760702610016,17.6572265625,20.4257068634033,3.76870894432068,0.156727030873299,0.170143261551857,0.00477983243763447,0.972864389419556
143.614364624023,0.133142232894897,0.0636154338717461,0.308994293212891,17.7231521606445,20.5436344146729,3.87178373336792,0.157444253563881,0.170968636870384,0.00538921589031816,0.972600638866425
144.162017822266,0.131797477602959,0.0640549659729004,0.311928927898407,17.6775913238525,20.4236888885498,4.09038496017456,0.157376438379288,0.16967448592186,0.00748148420825601,0.972824394702911
144.732116699219,0.130424529314041,0.0640113577246666,0.313481271266937,17.5470199584961,20.4497013092041,4.15958833694458,0.156374424695969,0.169871389865875,0.00823921710252762,0.97294545173645
145.244354248047,0.130888536572456,0.0638155564665794,0.311299324035645,17.3136539459229,20.6916770935059,4.21280288696289,0.154494404792786,0.171981051564217,0.00873307511210442,0.972870886325836
145.797790527344,0.134574845433235,0.0634216964244843,0.307981371879578,17.3637523651123,21.1772441864014,3.97163987159729,0.154583230614662,0.176399901509285,0.00595081225037575,0.972086250782013
146.386199951172,0.13782212138176,0.062781922519207,0.311565279960632,17.6449928283691,21.0918407440186,3.86754179000854,0.156800165772438,0.175666943192482,0.00472672982141376,0.971870601177216
146.959396362305,0.139552339911461,0.0623162165284157,0.315950781106949,17.6280479431152,21.3829383850098,3.81863975524902,0.156592264771461,0.178211122751236,0.00394167983904481,0.971444368362427
147.527114868164,0.137852728366852,0.0621590726077557,0.311121582984924,17.8106708526611,21.0365123748779,3.39523124694824,0.157477155327797,0.175760194659233,0.000529159267898649,0.971755623817444
148.093887329102,0.139568611979485,0.0620235279202461,0.311989724636078,17.8765163421631,21.1959228515625,3.41037559509277,0.158058375120163,0.177058070898056,0.000331522518536076,0.971425712108612
148.65315246582,0.142387494444847,0.0611298158764839,0.316214174032211,18.2431221008301,21.4139366149902,3.16286134719849,0.160772770643234,0.179067954421043,-0.00266711181029677,0.970607876777649
149.229919433594,0.141095474362373,0.0612436197698116,0.318699359893799,18.2299270629883,21.3933811187744,3.35694408416748,0.16096442937851,0.17862793803215,-0.000972680805716664,0.970660388469696
149.794845581055,0.139963895082474,0.0639990866184235,0.314612120389938,17.2156715393066,21.4116439819336,3.39041352272034,0.152434572577477,0.179243013262749,0.000948685279581696,0.971923232078552
150.371154785156,0.137755990028381,0.0658505856990814,0.308988213539124,16.1750316619873,21.1485424041748,3.55049276351929,0.143858402967453,0.177313327789307,0.00434517813846469,0.973573803901672
150.939224243164,0.13691583275795,0.065555602312088,0.306457132101059,16.6435203552246,20.9453411102295,3.42267155647278,0.147628650069237,0.175522163510323,0.00276162405498326,0.973339676856995
151.500671386719,0.136244729161263,0.064490795135498,0.306058943271637,16.9200229644775,20.7059307098389,3.24817824363708,0.149703711271286,0.173583015799522,0.00114871608093381,0.973373770713806
152.068801879883,0.136883288621902,0.0645916536450386,0.304701209068298,16.8527984619141,20.8388252258301,3.31990933418274,0.149244278669357,0.174650102853775,0.00169162405654788,0.973252594470978
152.631790161133,0.137073203921318,0.0642735958099365,0.305644422769547,17.1059036254883,20.9402008056641,3.35843873023987,0.151450231671333,0.175338670611382,0.00148057437036186,0.972788274288177
153.206695556641,0.136755183339119,0.0637347027659416,0.312441915273666,17.4433879852295,20.8421115875244,3.54765152931213,0.154596656560898,0.17408698797226,0.00267684180289507,0.97251558303833
153.761291503906,0.135427430272102,0.0634392276406288,0.316763401031494,17.4780559539795,21.1792106628418,3.79612350463867,0.15528067946434,0.176593318581581,0.00427322834730148,0.971948802471161
154.337768554688,0.132736206054688,0.0632635280489922,0.316236853599548,17.4679298400879,21.057445526123,4.13852596282959,0.155714228749275,0.175101235508919,0.00735939014703035,0.97213089466095
154.897262573242,0.13386344909668,0.0627403631806374,0.316297054290771,17.7384223937988,20.9857025146484,3.99931144714355,0.157787472009659,0.174535825848579,0.00583878112956882,0.971908628940582
155.399810791016,0.132444694638252,0.0631662085652351,0.31350377202034,17.4893646240234,21.0776290893555,4.05100679397583,0.155763044953346,0.175379723310471,0.00655474327504635,0.972078621387482
155.960525512695,0.129896432161331,0.0634593516588211,0.308891445398331,17.4517230987549,21.0599403381348,4.09561681747437,0.155511572957039,0.175189509987831,0.00701827323064208,0.972149968147278
156.525009155273,0.131779029965401,0.0634490251541138,0.308137983083725,17.4566326141357,21.1030292510986,4.05209302902222,0.155489102005959,0.175611451268196,0.00658260239288211,0.97208046913147
157.093887329102,0.132298484444618,0.0625569075345993,0.312124043703079,17.8093719482422,21.0217533111572,4.14305734634399,0.158608943223953,0.174604326486588,0.00689332466572523,0.971755623817444
157.667037963867,0.131848812103271,0.0616315752267838,0.315185725688934,18.1040439605713,21.1987915039063,4.18174839019775,0.161171138286591,0.175887018442154,0.00649500032886863,0.9711052775383
158.244415283203,0.133100405335426,0.0617934092879295,0.31288069486618,17.939733505249,21.2471942901611,3.96619987487793,0.159452304244041,0.176689594984055,0.00486896047368646,0.971252858638763
158.813720703125,0.133631259202957,0.0623263344168663,0.307400524616241,17.5456771850586,21.6621227264404,3.84041905403137,0.155939102172852,0.180591613054276,0.00388173037208617,0.971109986305237
159.316131591797,0.117058977484703,0.0612982697784901,0.318387567996979,16.9513854980469,21.9934902191162,4.59179449081421,0.152125462889671,0.182722419500351,0.0108026545494795,0.971263945102692
159.870407104492,0.11861352622509,0.0651751980185509,0.33844318985939,16.1401863098145,21.9189682006836,5.67561769485474,0.146974235773087,0.181177765130997,0.0214681290090084,0.972168862819672
160.436737060547,0.164807796478271,0.0696612969040871,0.332245618104935,14.5636692047119,19.4016704559326,6.5240421295166,0.134246215224266,0.159764647483826,0.0343129709362984,0.977382123470306
161.026000976563,0.141726493835449,0.0643152669072151,0.336691200733185,15.9616088867188,22.1836929321289,5.64764595031738,0.145468264818192,0.183575436472893,0.0211983639746904,0.971951484680176
161.598495483398,0.130899429321289,0.066402979195118,0.332719802856445,14.8887453079224,21.789831161499,5.25654268264771,0.135688498616219,0.181383848190308,0.0201869998127222,0.973797261714935
162.148193359375,0.130163803696632,0.0677825510501862,0.330070436000824,14.7133150100708,21.5930271148682,5.07749891281128,0.133884474635124,0.180025845766068,0.0191906727850437,0.97431892156601
162.706848144531,0.135946407914162,0.067341536283493,0.327521115541458,14.9046268463135,21.1290302276611,5.02170658111572,0.135344162583351,0.176033645868301,0.0189453866332769,0.974851369857788
163.272918701172,0.140611723065376,0.0665845647454262,0.329924702644348,15.2081251144409,21.0920333862305,4.96764993667603,0.137831300497055,0.175607413053513,0.0180342830717564,0.974597036838531
163.844482421875,0.144176036119461,0.0688469260931015,0.328866600990295,14.1139402389526,19.598653793335,4.60409498214722,0.127750635147095,0.163909450173378,0.018388606607914,0.977995574474335
164.356414794922,0.149555027484894,0.0694110989570618,0.333875179290771,14.204628944397,19.6956768035889,4.1941819190979,0.127948716282845,0.165148437023163,0.0146446190774441,0.977824449539185
164.93278503418,0.143564432859421,0.0678635686635971,0.341160386800766,14.7107810974121,18.9154624938965,4.17682218551636,0.132138177752495,0.158257588744164,0.0146275972947478,0.97840690612793
165.509490966797,0.140696153044701,0.0675506368279457,0.3442063331604,14.9194593429565,19.045482635498,4.4608325958252,0.134327381849289,0.158931449055672,0.0165945664048195,0.977968096733093
166.061538696289,0.140777781605721,0.0672282502055168,0.343021512031555,15.1292448043823,18.7887153625488,4.48785305023193,0.136114582419395,0.15659886598587,0.0168209187686443,0.978093385696411
166.615814208984,0.142479404807091,0.0675967186689377,0.341848313808441,15.1503667831421,18.6800575256348,4.39668607711792,0.136154681444168,0.155768737196922,0.0161411501467228,0.97823178768158
167.195556640625,0.144159197807312,0.0664456263184547,0.345899760723114,15.6309976577759,18.7634086608887,4.5005578994751,0.14040233194828,0.156104266643524,0.0162299238145351,0.977576196193695
167.744659423828,0.143606767058372,0.0660083144903183,0.347117900848389,15.8362512588501,18.8111953735352,4.57335758209229,0.14225597679615,0.156312793493271,0.0164930000901222,0.977270424365997
168.308151245117,0.143380612134933,0.0654680505394936,0.346684157848358,15.8790168762207,18.5992259979248,4.70426177978516,0.142765745520592,0.154318928718567,0.0178110618144274,0.97748988866806
168.875839233398,0.145687058568001,0.0642527714371681,0.350170016288757,16.4961624145508,18.6491622924805,4.59815406799316,0.147882461547852,0.154543191194534,0.0159505307674408,0.976725518703461
169.451171875,0.146014556288719,0.063800148665905,0.349263519048691,16.656717300415,18.4832534790039,4.45609760284424,0.149035483598709,0.153226494789124,0.0147232571616769,0.976777017116547
170.018768310547,0.14508281648159,0.0636493116617203,0.349554717540741,16.6825485229492,18.5442924499512,4.67856645584106,0.14956122636795,0.153442859649658,0.016502782702446,0.976634204387665
170.586730957031,0.143332272768021,0.0631377249956131,0.350732147693634,16.9056720733643,18.3668365478516,4.87478590011597,0.151693359017372,0.151547789573669,0.0180880036205053,0.97657322883606
171.135009765625,0.144155964255333,0.0640968754887581,0.346003115177155,16.6629066467285,18.4782981872559,4.7468523979187,0.149475678801537,0.152802154421806,0.0171991754323244,0.976735770702362
171.704116821289,0.144175142049789,0.0657443925738335,0.342522770166397,16.1828231811523,18.3884658813477,4.53492593765259,0.145094439387321,0.152570053935051,0.0161951091140509,0.977449595928192
172.26139831543,0.145334586501122,0.0651531964540482,0.3473199903965,16.4390392303467,18.225736618042,4.61890411376953,0.147363603115082,0.150937229394913,0.0167547315359116,0.977354168891907
172.832015991211,0.147543773055077,0.0649253726005554,0.346893519163132,16.5555515289307,18.2139682769775,4.60543584823608,0.148335978388786,0.150791183114052,0.0164900757372379,0.977234184741974
173.412185668945,0.145942896604538,0.0653987526893616,0.344348579645157,16.3068981170654,18.1416625976563,4.72916221618652,0.146370619535446,0.150150641798973,0.01798983104527,0.977602601051331
173.957229614258,0.143677040934563,0.0650137513875961,0.346995919942856,16.3988037109375,18.3969688415527,4.93928337097168,0.147471576929092,0.15200762450695,0.0193239729851484,0.977124571800232
174.508926391602,0.148631691932678,0.0670449361205101,0.341934353113174,15.5704393386841,18.9128799438477,4.30420064926147,0.139637857675552,0.15765081346035,0.0144605999812484,0.977465271949768
175.064849853516,0.153138384222984,0.0649857521057129,0.340246021747589,16.1546592712402,19.2651329040527,3.64005661010742,0.143720239400864,0.161185875535011,0.00750225316733122,0.976374626159668
175.63655090332,0.161438718438148,0.0643710345029831,0.333499550819397,16.3732738494873,22.6472320556641,2.80022025108337,0.144333198666573,0.190879747271538,-0.00423724623396993,0.970935106277466
176.219772338867,0.159057021141052,0.0648036599159241,0.327071636915207,16.2299938201904,22.7564945220947,2.64527225494385,0.142857328057289,0.192063391208649,-0.00543935969471931,0.970913946628571
176.773376464844,0.158911794424057,0.063951849937439,0.322393268346786,16.5746231079102,22.065242767334,2.7756679058075,0.146018177270889,0.185887515544891,-0.00405106181278825,0.971652269363403
177.346450805664,0.157047659158707,0.0649089887738228,0.313922017812729,16.238899230957,21.8073348999023,2.78833055496216,0.143202587962151,0.183832377195358,-0.00305666169151664,0.972465574741364
177.906219482422,0.156690061092377,0.0648737326264381,0.312238991260529,16.1593761444092,21.0425434112549,2.90215682983398,0.14272104203701,0.177230641245842,-0.00100583792664111,0.97376537322998
178.478469848633,0.156334161758423,0.0647018551826477,0.313441216945648,16.3438014984131,20.746883392334,2.91346120834351,0.1443060785532,0.174622729420662,-0.000833970203530043,0.974003076553345
179.032302856445,0.154302209615707,0.0648883804678917,0.31299415230751,16.2226066589355,20.6117630004883,2.79003477096558,0.143090903759003,0.173681318759918,-0.0015222915681079,0.974349796772003
179.598342895508,0.15398296713829,0.0641682669520378,0.318504810333252,16.6250762939453,20.3779716491699,2.93016076087952,0.146721556782722,0.171341791749001,-0.00066580978455022,0.974224984645844
180.178970336914,0.150133460760117,0.064295195043087,0.322263240814209,16.5655422210693,19.8817367553711,3.30341291427612,0.146760851144791,0.166670083999634,0.00323607446625829,0.975024044513702
180.738906860352,0.149888247251511,0.0642203539609909,0.321671009063721,16.6422538757324,20.0585479736328,3.27760434150696,0.147379323840141,0.168171897530556,0.00267205038107932,0.97467452287674
181.309982299805,0.152679860591888,0.0639685317873955,0.321305483579636,16.6681156158447,20.4488334655762,3.08274936676025,0.147315263748169,0.171729207038879,0.000473204912850633,0.974067270755768
181.878997802734,0.150303483009338,0.0647078454494476,0.32124188542366,16.3082599639893,20.2308216094971,3.25636696815491,0.144515231251717,0.169818297028542,0.00278799282386899,0.974817633628845
182.452484130859,0.156400576233864,0.0622438527643681,0.323218137025833,17.3080921173096,20.8267059326172,2.87573337554932,0.152426928281784,0.1749207675457,-0.00278967572376132,0.97270804643631
183.023529052734,0.158984929323196,0.0620037168264389,0.323312938213348,17.2719478607178,20.576997756958,2.70374011993408,0.151866570115089,0.173045009374619,-0.00386125734075904,0.973127484321594
183.580215454102,0.158103823661804,0.0621586591005325,0.31973785161972,17.1798820495605,20.7321739196777,2.59860396385193,0.150920435786247,0.174541264772415,-0.0048139370046556,0.973003208637238
184.156387329102,0.160182222723961,0.0634302273392677,0.31405907869339,16.6399745941162,20.9511699676514,2.3437876701355,0.14593917131424,0.176955252885818,-0.00640416238456964,0.973317921161652
184.729507446289,0.161443680524826,0.0638544708490372,0.312372326850891,16.5969200134277,21.5967235565186,2.14707732200623,0.145222440361977,0.18270280957222,-0.00882463436573744,0.972343742847443
185.295272827148,0.160713672637939,0.0632895082235336,0.314409613609314,16.8516273498535,21.3381309509277,1.9875750541687,0.147150322794914,0.180612772703171,-0.0102634644135833,0.972430229187012
185.863555908203,0.159897863864899,0.0631343871355057,0.317343175411224,17.0553073883057,21.1166706085205,2.28778481483459,0.149364590644836,0.178264439105988,-0.00775774056091905,0.972549140453339
186.43132019043,0.162219330668449,0.0624018758535385,0.323887556791306,17.4273529052734,20.8639106750488,2.31687712669373,0.152580574154854,0.175928980112076,-0.00777204148471355,0.972475111484528
186.998657226563,0.161433041095734,0.0610478520393372,0.334269493818283,17.9502010345459,20.7357025146484,2.65935516357422,0.157541781663895,0.174154862761497,-0.00552146090194583,0.972018599510193
187.571899414063,0.15634922683239,0.0613967403769493,0.338388234376907,17.8760738372803,20.8570919036865,2.87174105644226,0.157232463359833,0.174926146864891,-0.00376901030540466,0.971938610076904
188.143035888672,0.15460616350174,0.0614527128636837,0.337044954299927,17.7792148590088,21.0378971099854,2.89721131324768,0.156445398926735,0.176469177007675,-0.00364546687342227,0.97178715467453
188.704208374023,0.15603631734848,0.0618675798177719,0.334833353757858,17.5393218994141,20.8570251464844,2.89273810386658,0.154411762952805,0.175050690770149,-0.00305417040362954,0.972370803356171
189.274429321289,0.154930830001831,0.0624212548136711,0.331754982471466,17.4162883758545,20.7233543395996,3.09116578102112,0.153673425316811,0.173706144094467,-0.000994802685454488,0.972733080387115
189.778823852539,0.153244286775589,0.0626704543828964,0.329537779092789,17.2644309997559,20.3795185089111,3.20060229301453,0.15255081653595,0.170711144804955,0.000632943178061396,0.973440110683441
190.342376708984,0.151144936680794,0.0627876594662666,0.324816107749939,17.1257648468018,20.3334465026855,3.26990103721619,0.151477232575417,0.170292973518372,0.00149918475653976,0.973680019378662
190.911666870117,0.149089157581329,0.063501849770546,0.319819182157516,16.8627471923828,20.304027557373,3.20932769775391,0.149154946208,0.170245379209518,0.00143267610110343,0.97404682636261
191.479400634766,0.149581834673882,0.0637875199317932,0.314771234989166,16.7064380645752,20.2827949523926,3.16757798194885,0.147765830159187,0.170190989971161,0.00134835636708885,0.974268198013306
192.041519165039,0.151792749762535,0.0632555186748505,0.313919097185135,16.8554382324219,20.2103157043457,3.27408790588379,0.149187430739403,0.169367849826813,0.00211653322912753,0.974193632602692
192.614120483398,0.150703221559525,0.0639582499861717,0.311476320028305,16.5653705596924,20.2975769042969,3.30253100395203,0.146768853068352,0.170208439230919,0.0026962470728904,0.97441303730011
193.187683105469,0.148835077881813,0.0641466081142426,0.31446436047554,16.5647144317627,20.1574192047119,3.61730575561523,0.147223606705666,0.1686130464077,0.00555396545678377,0.974609673023224
193.750854492188,0.148432359099388,0.0629256591200829,0.317297339439392,17.2085819244385,20.4968891143799,3.42431330680847,0.152412742376328,0.171437114477158,0.00246457662433386,0.973331212997437
194.325531005859,0.147285610437393,0.0622584372758865,0.320229530334473,17.455041885376,20.6093997955322,3.28696060180664,0.15429775416851,0.172457307577133,0.000759136863052845,0.97285670042038
194.890640258789,0.144575551152229,0.0616854652762413,0.32756295800209,17.6877746582031,20.3507118225098,3.63596510887146,0.156786292791367,0.169672504067421,0.00370750552974641,0.972941696643829
195.451034545898,0.145734399557114,0.0614107325673103,0.337102144956589,17.8957996368408,20.3132877349854,3.69225907325745,0.158631175756454,0.169171363115311,0.00391169218346477,0.97272914648056
196.021362304688,0.149513974785805,0.0603455901145935,0.344383239746094,18.3322067260742,20.7237892150879,3.60447192192078,0.162206217646599,0.172552227973938,0.00190400797873735,0.971550941467285
196.596710205078,0.150557786226273,0.0607527643442154,0.343783795833588,18.2758712768555,20.5559272766113,3.52275419235229,0.16160424053669,0.171273082494736,0.00153753370977938,0.971878230571747
197.163101196289,0.146950885653496,0.0624881871044636,0.33725893497467,17.5279026031494,20.148962020874,3.5375988483429,0.155279666185379,0.168173030018806,0.00339564867317677,0.973444700241089
197.740097045898,0.144693732261658,0.063967727124691,0.337676107883453,16.8735580444336,19.6409778594971,3.66475820541382,0.149889022111893,0.164007186889648,0.00615439470857382,0.974985659122467
198.298156738281,0.145194485783577,0.0637829750776291,0.338323712348938,16.951732635498,19.4491653442383,3.74583625793457,0.150657549500465,0.16223019361496,0.00697816628962755,0.975158989429474
198.86328125,0.149247989058495,0.0593105293810368,0.333992093801498,18.0637016296387,20.1354656219482,3.30853748321533,0.159485802054405,0.168110772967339,0.000640276644844562,0.972780883312225
199.369384765625,0.153452977538109,0.0548787228763103,0.329453676939011,19.8792762756348,21.0815372467041,2.28133773803711,0.173251181840897,0.176775395870209,-0.0122928591445088,0.968805134296417
199.929077148438,0.144295305013657,0.0557765886187553,0.332843542098999,19.7467784881592,20.9554004669189,3.60234260559082,0.174160286784172,0.173771187663078,-0.000717840215656906,0.969263255596161
200.502212524414,0.141010239720345,0.056141372770071,0.341363906860352,19.681713104248,21.1328296661377,3.82955265045166,0.173957094550133,0.174962311983109,0.00103952176868916,0.969085216522217
201.074295043945,0.1429772824049,0.0566240102052689,0.337311714887619,19.3842163085938,20.8938751220703,3.31046915054321,0.170656636357307,0.173879817128181,-0.00251295487396419,0.969863831996918
201.604507446289,0.142845451831818,0.0577580220997334,0.332302361726761,19.1391410827637,20.8453769683838,3.87283086776733,0.169436559081078,0.172764509916306,0.00271240249276161,0.970276415348053
202.116088867188,0.143155470490456,0.0573233440518379,0.329992115497589,19.2979145050049,20.5239315032959,3.8657398223877,0.170759841799736,0.169966027140617,0.00287670851685107,0.970538198947906
202.623443603516,0.14167708158493,0.0581907965242863,0.326611399650574,18.9430999755859,20.4801864624023,3.71397137641907,0.167533814907074,0.170010253787041,0.0022153144236654,0.971094250679016
203.14013671875,0.142095550894737,0.0590615756809711,0.323800653219223,18.6322555541992,20.424072265625,3.526859998703,0.164625480771065,0.169967547059059,0.00119921588338912,0.971600770950317
203.670547485352,0.141940340399742,0.0586579032242298,0.321443647146225,18.7635955810547,20.3777122497559,3.46588611602783,0.165646314620972,0.169595465064049,0.000543291389476508,0.971492886543274
204.177383422852,0.14355756342411,0.0587456822395325,0.319917112588882,18.4783382415771,20.7303905487061,3.20192360877991,0.162835717201233,0.173105672001839,-0.00175026815850288,0.971347451210022
204.707061767578,0.14470736682415,0.0574525371193886,0.3326296210289,19.2699661254883,20.4935340881348,3.51160597801208,0.169997528195381,0.170249983668327,-3.35109107254539E-05,0.970626533031464
205.225067138672,0.146366864442825,0.0565094351768494,0.341052412986755,19.797643661499,20.610107421875,3.58542513847351,0.174566030502319,0.170848414301872,-0.000416758208302781,0.969709932804108
205.761413574219,0.145159482955933,0.0570163801312447,0.337879806756973,19.6360282897949,20.6824798583984,3.6216733455658,0.173255041241646,0.171492114663124,3.65223568223882E-05,0.969831526279449
206.267059326172,0.145678982138634,0.0567939504981041,0.335482269525528,19.7255935668945,20.593635559082,3.55483245849609,0.173911944031715,0.170793801546097,-0.000536596169695258,0.969837009906769
206.790817260742,0.147476077079773,0.0561682693660259,0.339757204055786,20.0064888000488,20.6922206878662,3.53196001052856,0.176248952746391,0.171513721346855,-0.00132601009681821,0.969287157058716
207.314605712891,0.146950751543045,0.0556987039744854,0.342877000570297,20.1678352355957,20.6871280670166,3.5823540687561,0.177686259150505,0.171306416392326,-0.00114827149081975,0.969061613082886
207.827087402344,0.144483864307404,0.0561795383691788,0.338949352502823,19.9747657775879,20.6340484619141,3.67849349975586,0.176200315356255,0.1708133071661,5.33724123670254E-05,0.969420552253723
208.354385375977,0.141687959432602,0.0569740198552608,0.332286894321442,19.4516773223877,20.6746616363525,3.67597031593323,0.171778932213783,0.171442836523056,0.000800844514742494,0.970102429389954
208.881820678711,0.143944725394249,0.0558337941765785,0.338022619485855,20.0499172210693,20.570686340332,3.46547317504883,0.176518008112907,0.170564964413643,-0.00177013943903148,0.969404876232147
209.398513793945,0.144100949168205,0.0557193234562874,0.341057687997818,20.1524486541748,20.6023712158203,3.44391918182373,0.17735093832016,0.170812249183655,-0.00216336478479207,0.969208538532257
209.922164916992,0.142354384064674,0.0555405803024769,0.339860737323761,20.2086982727051,20.2773761749268,3.64353799819946,0.178123876452446,0.167723327875137,-5.88923903706018E-05,0.96960860490799
210.43196105957,0.144686058163643,0.0550086945295334,0.340361744165421,20.447359085083,19.9932079315186,3.45152592658997,0.179862290620804,0.165491983294487,-0.00160916184540838,0.969669759273529
210.947082519531,0.147609055042267,0.0550267957150936,0.339765757322311,20.3634662628174,20.4434642791748,3.4657883644104,0.179167583584785,0.169322818517685,-0.00206360314041376,0.969135940074921
211.473876953125,0.147968113422394,0.0546543747186661,0.339273780584335,20.4819984436035,20.4999618530273,3.37123394012451,0.180026739835739,0.169886320829391,-0.00313791865482926,0.968875229358673
211.976303100586,0.146535217761993,0.0542835518717766,0.340010404586792,20.6337203979492,20.2997817993164,3.35727524757385,0.181292071938515,0.168136283755302,-0.00317777879536152,0.968944430351257
212.505142211914,0.146098732948303,0.0542105659842491,0.341673761606216,20.7044048309326,20.443510055542,3.41200494766235,0.18196514248848,0.169227421283722,-0.00305336434394121,0.968628644943237
213.090026855469,0.145125299692154,0.0537454001605511,0.345658183097839,20.9355907440186,20.1015129089355,3.54424023628235,0.184116199612617,0.166001722216606,-0.00174916873220354,0.968783557415009
213.617462158203,0.146447941660881,0.0533241927623749,0.346674710512161,21.0763511657715,20.6191349029541,3.44704794883728,0.185148403048515,0.170456394553185,-0.00362454331479967,0.967807590961456
214.122100830078,0.145323142409325,0.0534765794873238,0.346145033836365,21.1225833892822,20.5059986114502,3.47117447853088,0.185577288269997,0.169436857104301,-0.00331070739775896,0.967905700206757
214.676864624023,0.144705653190613,0.0541292950510979,0.342572778463364,20.8564510345459,20.4475631713867,3.48262929916382,0.183351814746857,0.169068038463593,-0.0027015246450901,0.968396008014679
215.210235595703,0.145468175411224,0.0531635582447052,0.338544934988022,21.0532932281494,20.7382640838623,3.3752920627594,0.184842795133591,0.171590685844421,-0.0043862727470696,0.967662453651428
215.732025146484,0.14329469203949,0.052227471023798,0.333219230175018,21.3805236816406,20.5113391876221,3.36248874664307,0.187590211629868,0.169520154595375,-0.00464307609945536,0.967497408390045
216.265045166016,0.143817782402039,0.0523718856275082,0.326378673315048,21.2239208221436,20.4673175811768,3.18062949180603,0.186003342270851,0.169527515769005,-0.00586112309247255,0.96779590845108
216.790969848633,0.147677585482597,0.0522738583385944,0.325680613517761,21.2921562194824,20.5054302215576,3.00692772865295,0.186318889260292,0.17009648680687,-0.00749687617644668,0.967624068260193
217.304504394531,0.150495305657387,0.0518458969891071,0.330056190490723,21.5597667694092,20.337100982666,2.89746499061584,0.188424438238144,0.168719112873077,-0.00856350921094418,0.967448592185974
217.832626342773,0.149369075894356,0.052823681384325,0.337447881698608,21.2597770690918,20.3505268096924,2.97772979736328,0.186012864112854,0.16885207593441,-0.00744124501943588,0.967901229858398
218.347732543945,0.14851114153862,0.0511522106826305,0.347173541784286,22.0032234191895,20.3495483398438,3.17095494270325,0.192561313509941,0.168141409754753,-0.0069659985601902,0.966747164726257
218.8662109375,0.148537158966064,0.0509664081037045,0.347250163555145,22.0317287445068,20.3457565307617,3.24204874038696,0.192905813455582,0.1679747402668,-0.00640428066253662,0.966711342334747
219.37939453125,0.149038553237915,0.0510168559849262,0.344790309667587,22.0236949920654,20.2689056396484,3.07726120948792,0.192601591348648,0.16760778427124,-0.00765276933088899,0.966826617717743
219.902801513672,0.148207902908325,0.0512438975274563,0.344186753034592,21.8914566040039,20.0338306427002,3.16418290138245,0.191628322005272,0.165546953678131,-0.00632106233388186,0.967384576797485
220.403121948242,0.148404195904732,0.0511073097586632,0.343739420175552,22.0081443786621,20.3542938232422,3.14532923698425,0.192564830183983,0.168221905827522,-0.00719782430678606,0.966730773448944
220.932662963867,0.155729383230209,0.0373403057456017,0.340613633394241,27.9446582794189,24.9657230377197,3.72265887260437,0.242433965206146,0.201984465122223,-0.0213875062763691,0.948667824268341
221.450714111328,0.157534033060074,0.0377208329737186,0.341811269521713,27.669059753418,24.4330711364746,3.57405161857605,0.239997535943985,0.198080375790596,-0.0209804493933916,0.950118541717529
221.958267211914,0.156839072704315,0.0374798849225044,0.346165657043457,27.6982402801514,23.9027233123779,3.52721261978149,0.240254297852516,0.193759053945541,-0.0203112345188856,0.950958847999573
222.467880249023,0.15458619594574,0.0373882353305817,0.350638329982758,27.6717205047607,23.6652069091797,3.64353632926941,0.240270972251892,0.191561877727509,-0.0187996812164783,0.951430797576904
223.005172729492,0.153797701001167,0.0377767868340015,0.351149350404739,27.5238246917725,23.3851585388184,3.67639422416687,0.239145681262016,0.189268931746483,-0.0176759250462055,0.952194452285767
223.53352355957,0.155081450939178,0.0377091988921165,0.348667532205582,27.5414600372314,23.5805721282959,3.5996732711792,0.23913337290287,0.191040396690369,-0.0187526661902666,0.951823055744171
224.050918579102,0.154144182801247,0.0379000082612038,0.344567209482193,27.4804077148438,24.0936489105225,3.49386048316956,0.23836150765419,0.195562705397606,-0.0205895379185677,0.951059997081757
224.633224487305,0.153277188539505,0.0381109416484833,0.342487335205078,27.4066047668457,23.9587936401367,3.47933006286621,0.237750127911568,0.194523826241493,-0.0202952995896339,0.951432347297668
225.140823364258,0.15251000225544,0.0381731316447258,0.339807718992233,27.2027797698975,23.8472290039063,3.45933771133423,0.236048206686974,0.193776667118073,-0.0198604967445135,0.952017545700073
225.658203125,0.148087978363037,0.0392351485788822,0.331452697515488,26.693510055542,23.7357578277588,3.43914127349854,0.231812208890915,0.193231895565987,-0.0188798680901527,0.953188419342041
226.176895141602,0.148767024278641,0.040072537958622,0.325637757778168,26.4060230255127,23.5784187316895,3.31047821044922,0.229236409068108,0.192369803786278,-0.0191171150654554,0.953980684280396
226.689804077148,0.15061417222023,0.0400505065917969,0.325583517551422,26.4132328033447,23.4058322906494,3.21089553833008,0.229158818721771,0.191127374768257,-0.0196139346808195,0.954238891601563
227.216567993164,0.14826874434948,0.040570430457592,0.328640908002853,26.2152080535889,23.1398963928223,3.28391742706299,0.227678433060646,0.188892304897308,-0.0181252937763929,0.95506739616394
227.746292114258,0.148206666111946,0.0400362610816956,0.331978857517242,26.4426651000977,23.4402751922607,3.46695828437805,0.229824408888817,0.190882310271263,-0.0176030769944191,0.954167127609253
228.259353637695,0.148031383752823,0.0399055443704128,0.332142233848572,26.4749355316162,23.3966274261475,3.44345831871033,0.230059951543808,0.190544858574867,-0.0177686829119921,0.954174757003784
228.788757324219,0.148733869194984,0.0400514304637909,0.331511169672012,26.4623756408691,23.5434131622314,3.31700873374939,0.229721024632454,0.192028805613518,-0.0190935377031565,0.953933238983154
229.308746337891,0.151675939559937,0.0390315316617489,0.339982390403748,26.9854373931885,23.5533790588379,3.26130294799805,0.233965590596199,0.191884472966194,-0.0205126497894526,0.952900648117065
229.827880859375,0.151746511459351,0.0379974246025085,0.343334317207336,27.3763866424561,23.7172584533691,3.3746030330658,0.237366080284119,0.192755430936813,-0.0206095948815346,0.951881289482117
230.353408813477,0.144595354795456,0.0389275066554546,0.33785417675972,26.9884586334229,23.0881824493408,3.72668528556824,0.234833598136902,0.187060415744781,-0.0156947653740644,0.953737556934357
230.868804931641,0.144708052277565,0.0389467403292656,0.331124186515808,26.8477897644043,23.5318508148193,3.80493330955505,0.233735114336014,0.190688282251358,-0.0157005097717047,0.953288733959198
231.376617431641,0.144853800535202,0.0392442308366299,0.324166625738144,26.6437454223633,23.2858390808105,3.57273602485657,0.231692254543304,0.18925054371357,-0.0167691130191088,0.954055428504944
231.900894165039,0.147745668888092,0.0393235720694065,0.325081348419189,26.6302452087402,23.212215423584,3.50514984130859,0.231479614973068,0.188783049583435,-0.0171591565012932,0.954192698001862
232.409927368164,0.146480217576027,0.0391265973448753,0.326944023370743,26.7459144592285,23.2270164489746,3.53651332855225,0.232489213347435,0.188766375184059,-0.0171325616538525,0.953951001167297
232.934387207031,0.141789585351944,0.0393488667905331,0.326874881982803,26.6308708190918,23.0176334381104,3.85095882415771,0.232077375054359,0.186462596058846,-0.0138866174966097,0.954556941986084
233.456466674805,0.140257894992828,0.0396819077432156,0.326335936784744,26.5934448242188,22.8206348419189,4.0142879486084,0.232053235173225,0.184516102075577,-0.012061195448041,0.954965770244598
233.97265625,0.142728894948959,0.0390590354800224,0.328164100646973,26.8063716888428,22.5922698974609,3.83678698539734,0.233562752604485,0.182828530669212,-0.013446512632072,0.954903900623322
234.493453979492,0.141705632209778,0.0391308777034283,0.328818410634995,26.8122863769531,22.6638278961182,4.01944732666016,0.233895525336266,0.183048188686371,-0.012080674059689,0.954798579216003
235.01496887207,0.141760692000389,0.0387885794043541,0.329693675041199,26.9600582122803,22.5975589752197,3.88350558280945,0.234913051128387,0.18267297744751,-0.0133337806910276,0.954603910446167
235.518737792969,0.141637459397316,0.0385198965668678,0.331813305616379,27.0705184936523,22.4363059997559,3.94466400146484,0.235945612192154,0.181128665804863,-0.012683411128819,0.954652428627014
236.046188354492,0.145518839359283,0.0343504026532173,0.331377744674683,28.4943141937256,24.1162109375,4.19736289978027,0.247928649187088,0.193528816103935,-0.0166665278375149,0.949104964733124
236.553833007813,0.164445400238037,0.0223605558276176,0.305220454931259,34.4099922180176,33.2235107421875,2.82280087471008,0.290086686611176,0.266027927398682,-0.0619897097349167,0.917189359664917
237.065124511719,0.169014438986778,0.0583518408238888,0.276801258325577,20.7323684692383,38.9106903076172,0.520416140556335,0.1711505651474,0.326861709356308,-0.0557196401059628,0.927773833274841
237.644668579102,0.177038297057152,0.0578265339136124,0.283143371343613,20.78342628479,40.4591369628906,0.335796743631363,0.170246198773384,0.339613378047943,-0.059666384011507,0.923102855682373
238.171768188477,0.171570628881454,0.0510756447911263,0.295946359634399,23.5547409057617,37.6418952941895,0.883397877216339,0.195624902844429,0.314321428537369,-0.0587029233574867,0.927085161209106
238.748001098633,0.158686503767967,0.0498020499944687,0.314372599124908,24.2061595916748,33.016674041748,2.23284959793091,0.206403404474258,0.273869067430496,-0.041302103549242,0.938449561595917
239.265930175781,0.158235743641853,0.0487470775842667,0.319780617952347,24.6543617248535,32.3231353759766,2.60198473930359,0.211177930235863,0.267203629016876,-0.0381054542958736,0.939443469047546
239.791046142578,0.156126469373703,0.0491329245269299,0.326769292354584,24.1411762237549,30.1300678253174,3.28590154647827,0.209133803844452,0.248274713754654,-0.0272567663341761,0.945452153682709
240.323928833008,0.158260449767113,0.0467167794704437,0.32937616109848,25.0228118896484,28.9661598205566,3.09252405166626,0.216261595487595,0.238406285643578,-0.0286530014127493,0.946346879005432
240.851318359375,0.155892178416252,0.046054270118475,0.326755464076996,25.1752986907959,28.4682197570801,3.03995299339294,0.217533215880394,0.234286606311798,-0.0284743215888739,0.947089374065399
241.351608276367,0.151590079069138,0.0470724850893021,0.321183413267136,24.6216259002686,28.0592021942139,3.18038702011108,0.21334770321846,0.231017172336578,-0.0253646001219749,0.948931217193604
241.885009765625,0.153363928198814,0.0474488362669945,0.318447083234787,24.4033985137939,27.9844303131104,3.01902961730957,0.211237028241158,0.23084345459938,-0.0261016339063644,0.949425578117371
242.402618408203,0.153934851288795,0.046537134796381,0.32326066493988,24.8375473022461,27.6202297210693,3.21601152420044,0.21529795229435,0.227167576551437,-0.0247020311653614,0.949437499046326
242.922866821289,0.154285863041878,0.0455494113266468,0.327734082937241,25.2154769897461,27.7896862030029,3.21281147003174,0.218374252319336,0.228318184614182,-0.0258392058312893,0.948428094387054
243.433197021484,0.151018485426903,0.0461373291909695,0.331154763698578,24.8013477325439,27.5670680999756,3.70876240730286,0.215983375906944,0.225825011730194,-0.020443232730031,0.949703335762024
243.976425170898,0.148771062493324,0.0455955006182194,0.331079125404358,24.8601932525635,27.1154193878174,3.8309280872345,0.216785311698914,0.221807479858398,-0.0186994690448046,0.950502991676331
244.504867553711,0.150278553366661,0.0449846684932709,0.329489171504974,25.0664291381836,27.1084728240967,3.62110424041748,0.218084573745728,0.222001358866692,-0.0208503156900406,0.95011568069458
245.039520263672,0.14692248404026,0.0460344888269901,0.331294298171997,24.2952461242676,26.123498916626,3.83172631263733,0.212258577346802,0.213963955640793,-0.015693387016654,0.953372657299042
245.572387695313,0.144840225577354,0.0421510338783264,0.331608533859253,25.783275604248,25.9447154998779,4.16596364974976,0.225223660469055,0.210775718092918,-0.0155238965526223,0.951108276844025
246.152938842773,0.145629659295082,0.0487681850790977,0.335610628128052,22.953649520874,25.1516189575195,4.18959951400757,0.201867789030075,0.206136584281921,-0.0083306347951293,0.957438111305237
246.665084838867,0.150339275598526,0.0466812215745449,0.346111297607422,23.7719230651855,25.1602478027344,4.06377410888672,0.208450138568878,0.205873534083366,-0.0109692625701427,0.956056654453278
247.195251464844,0.151152849197388,0.0423397906124592,0.346181869506836,25.3051261901855,25.6027736663818,4.03457832336426,0.221071809530258,0.208538770675659,-0.0150101846083999,0.952582597732544
247.710357666016,0.152495682239532,0.0417556390166283,0.345305860042572,25.5286426544189,25.5000782012939,3.84198451042175,0.222587451338768,0.207899421453476,-0.016847088932991,0.952338635921478
248.238021850586,0.150728642940521,0.0422030985355377,0.346261382102966,25.2656440734863,25.2931709289551,4.16788864135742,0.221023812890053,0.205735400319099,-0.0132277719676495,0.953229486942291
248.753143310547,0.148488283157349,0.0408782809972763,0.346565157175064,25.9327297210693,25.1183986663818,4.21006345748901,0.226645782589912,0.203716158866882,-0.0138195073232055,0.952334225177765
249.261734008789,0.143978372216225,0.0408757627010345,0.345927149057388,25.8062992095947,24.6777153015137,4.99508380889893,0.22701521217823,0.198593109846115,-0.00617809128016233,0.953407943248749
249.787017822266,0.14099395275116,0.0433761775493622,0.344081073999405,24.9825286865234,23.7136459350586,5.1480770111084,0.220471575856209,0.190894290804863,-0.00148397323209792,0.956529915332794
250.301406860352,0.143760576844215,0.042788065969944,0.341091811656952,25.1950225830078,23.8865718841553,4.75104141235352,0.221567288041115,0.192943587899208,-0.00552042573690414,0.955850541591644
250.82096862793,0.144926637411118,0.041498951613903,0.333766669034958,25.4309825897217,23.8099517822266,4.4715747833252,0.22306202352047,0.192674532532692,-0.00813506916165352,0.9555384516716
251.332946777344,0.146890461444855,0.0420033074915409,0.325712203979492,25.4521751403809,23.9406452178955,4.17132902145386,0.222720220685005,0.194333106279373,-0.0109313512220979,0.955254375934601
251.847579956055,0.146796032786369,0.0422758013010025,0.33112907409668,25.1928672790527,23.4414005279541,4.19131183624268,0.220642194151878,0.190310373902321,-0.00932822655886412,0.956562578678131
252.37467956543,0.138916239142418,0.0428210124373436,0.338334858417511,24.7655200958252,22.9504108428955,5.09672784805298,0.218586921691895,0.184779584407806,-5.938046524534E-05,0.95816296339035
252.903182983398,0.144606709480286,0.0448358952999115,0.317227393388748,24.0162677764893,25.047420501709,2.88445544242859,0.208374217152596,0.206919640302658,-0.0210676733404398,0.955678105354309
253.426895141602,0.143140748143196,0.0450035370886326,0.308553963899612,23.6814727783203,23.6740055084229,3.42998003959656,0.206747025251389,0.194663137197495,-0.0134037313982844,0.958739936351776
253.936798095703,0.151866376399994,0.0437329187989235,0.310735642910004,23.7425327301025,25.3815422058105,3.39932060241699,0.206976234912872,0.208943352103233,-0.016856262460351,0.955625116825104
254.462417602539,0.139121815562248,0.0441286787390709,0.33859384059906,23.7221755981445,20.2479915618896,4.94996786117554,0.209579139947891,0.163127809762955,0.00550731364637613,0.964072406291962
254.973236083984,0.152991384267807,0.0432609617710114,0.341047614812851,23.9039764404297,23.0906009674072,4.19679594039917,0.209935277700424,0.188243135809898,-0.00632294174283743,0.959401786327362
255.502532958984,0.151115283370018,0.0452703312039375,0.341700464487076,22.7684326171875,23.0452079772949,4.03235006332397,0.200178816914558,0.188898786902428,-0.00561024155467749,0.96136063337326
256.050262451172,0.146005198359489,0.0467421226203442,0.340175479650497,22.041524887085,22.77414894104,3.93147611618042,0.193939000368118,0.187252789735794,-0.00471409317106009,0.962965130805969
256.558166503906,0.145078718662262,0.0462895482778549,0.342311918735504,22.5286140441895,22.8186130523682,4.0922589302063,0.198279932141304,0.187045782804489,-0.00429154094308615,0.962122917175293
257.071380615234,0.144733712077141,0.0466218031942844,0.341367393732071,22.6230163574219,22.8710384368896,4.30884170532227,0.199422031641006,0.187049135565758,-0.00272995536215603,0.961891949176788
257.592834472656,0.141846850514412,0.0548252053558826,0.339904218912125,19.6173973083496,22.5531940460205,4.78725433349609,0.174971953034401,0.185541376471519,0.00707561336457729,0.966907024383545
258.139709472656,0.140887334942818,0.0551662035286427,0.342356532812119,19.7002449035645,22.6388130187988,4.63853216171265,0.175432279706001,0.186438232660294,0.00554555049166083,0.966661036014557
258.656860351563,0.138261467218399,0.0536724478006363,0.342787653207779,20.4563789367676,22.7012157440186,4.87551879882813,0.182176545262337,0.186104252934456,0.00612335465848446,0.965473711490631
259.173492431641,0.135600924491882,0.0541703104972839,0.33808046579361,20.212516784668,22.7068538665771,5.0405445098877,0.180396243929863,0.18605338037014,0.00793292839080095,0.965804517269135
259.696807861328,0.138086155056953,0.0540433935821056,0.335427641868591,20.3232192993164,22.9859046936035,4.74941778182983,0.180865556001663,0.188790038228035,0.00484483363106847,0.9652059674263
260.210327148438,0.140834152698517,0.0533613786101341,0.336497485637665,20.6507263183594,23.053804397583,4.4999303817749,0.183205306529999,0.189545586705208,0.00205533159896731,0.964626371860504
260.741577148438,0.141210481524467,0.0534415170550346,0.33584451675415,20.626781463623,23.2668476104736,4.48995637893677,0.182991281151772,0.191370040178299,0.00167364988010377,0.964307487010956
261.248443603516,0.141384363174438,0.0532000660896301,0.335946470499039,20.7251014709473,23.4235782623291,4.49317073822021,0.183823421597481,0.192619979381561,0.00127329805400223,0.963900864124298
261.779083251953,0.14240188896656,0.0604819916188717,0.338261246681213,17.4056186676025,23.3079471588135,4.21166801452637,0.155427157878876,0.194094702601433,0.00502970162779093,0.968578577041626
262.303558349609,0.143654853105545,0.0609756857156754,0.344324350357056,17.8011627197266,23.1883430480957,4.27192974090576,0.158858612179756,0.192771270871162,0.00499701080843806,0.968286216259003
262.828216552734,0.14843687415123,0.0571688190102577,0.351412743330002,18.952844619751,23.351692199707,4.15057897567749,0.168357744812965,0.19364307820797,0.00168203376233578,0.966517090797424
263.352508544922,0.148525461554527,0.056903675198555,0.354136824607849,19.4654197692871,23.014705657959,4.23829793930054,0.172811329364777,0.19036240875721,0.0020111408084631,0.966382086277008
263.86328125,0.144687175750732,0.0652221664786339,0.347130864858627,16.7074146270752,22.9089374542236,4.7460823059082,0.150403380393982,0.190417900681496,0.0113232769072056,0.970047235488892
264.379302978516,0.142798393964767,0.0623903833329678,0.344833970069885,17.590690612793,23.2393665313721,4.89373016357422,0.158133178949356,0.192470282316208,0.0105568822473288,0.968420147895813
264.946136474609,0.143991604447365,0.0615743398666382,0.346695423126221,17.9533252716064,23.2313861846924,4.59262228012085,0.160682529211044,0.192596644163132,0.00737493159249425,0.968004763126373
265.468963623047,0.143382549285889,0.0614717938005924,0.347148954868317,17.94700050354,22.8275165557861,4.71500635147095,0.160804152488708,0.18901601433754,0.00898687727749348,0.968676567077637
266.032684326172,0.146124616265297,0.0609947741031647,0.349668174982071,18.1153507232666,22.427562713623,4.65304899215698,0.162091717123985,0.185618340969086,0.00873285531997681,0.969121217727661
266.563690185547,0.139829903841019,0.066100537776947,0.348982632160187,15.9070291519165,20.0416049957275,5.15805149078369,0.143875196576118,0.166026085615158,0.0198318809270859,0.975367605686188
267.134887695313,0.133132174611092,0.0657483115792274,0.345571547746658,15.9015979766846,19.6018943786621,5.67860174179077,0.144487619400024,0.161630675196648,0.0248255133628845,0.975900888442993
267.637115478516,0.131327867507935,0.0639594718813896,0.338956087827682,16.5217247009277,20.3811073303223,5.33362865447998,0.149406909942627,0.168317452073097,0.019926019012928,0.974140524864197
268.15380859375,0.129209741950035,0.063754066824913,0.334102779626846,16.7177276611328,19.9441585540771,5.28888463973999,0.150928750634193,0.164540395140648,0.0198109485208988,0.974553525447845
268.745391845703,0.130743697285652,0.0630378350615501,0.335499554872513,16.9853038787842,19.7087936401367,5.23008155822754,0.153075024485588,0.162453427910805,0.0192103497684002,0.974580883979797
269.311096191406,0.131844207644463,0.0632054433226585,0.334661960601807,16.8867664337158,19.9724521636963,5.22412204742432,0.15227447450161,0.164763450622559,0.0189604554325342,0.974323391914368
269.825531005859,0.132097497582436,0.0625527277588844,0.336378753185272,17.1454105377197,19.7705402374268,5.19970846176147,0.154400333762169,0.162921831011772,0.0186233371496201,0.974304974079132
270.406707763672,0.134161323308945,0.0616022907197475,0.342327952384949,17.6326160430908,19.8676738739014,5.08371257781982,0.158381059765816,0.163609489798546,0.0167539454996586,0.973584473133087
270.914123535156,0.136610299348831,0.0608459003269672,0.346769601106644,18.0279216766357,19.7983722686768,4.88710355758667,0.161441266536713,0.163057178258896,0.0145713118836284,0.973209500312805
271.439270019531,0.136174708604813,0.060847319662571,0.344322681427002,18.0264835357666,19.8498878479004,4.91675806045532,0.161477893590927,0.163453757762909,0.0147527838125825,0.973134160041809
271.941345214844,0.137178882956505,0.0603292733430862,0.343563050031662,18.2154388427734,19.8072509765625,4.97616481781006,0.163157597184181,0.162893697619438,0.0150264808908105,0.972943723201752
272.515808105469,0.137098118662834,0.060075543820858,0.344651013612747,18.3247718811035,19.8519306182861,5.11137342453003,0.16428180038929,0.163012936711311,0.0159418974071741,0.972719967365265
273.016357421875,0.1352499127388,0.0593924149870872,0.343718200922012,18.587121963501,20.0045547485352,5.16874122619629,0.166605427861214,0.164062038064003,0.0158015415072441,0.972150564193726
273.517517089844,0.127193853259087,0.0775509476661682,0.336558312177658,10.7056379318237,17.9728984832764,6.21973276138306,0.100444748997688,0.150291830301285,0.0388008877635002,0.98276025056839
274.098297119141,0.129416331648827,0.0810239911079407,0.325987488031387,9.1722936630249,18.5471897125244,4.90221834182739,0.0857104435563087,0.15711122751236,0.0291994325816631,0.983421206474304
274.599487304688,0.125774249434471,0.076928935945034,0.337029784917831,10.9620523452759,18.2714710235596,5.78279113769531,0.102156847715378,0.153089761734009,0.0344292223453522,0.982314705848694
275.099761962891,0.122668519616127,0.0749458372592926,0.33524814248085,11.7850112915039,18.2819671630859,5.72216796875,0.109120063483715,0.152768671512604,0.0327312424778938,0.981673717498779
275.601165771484,0.124569557607174,0.0746081545948982,0.325484722852707,11.8601980209351,18.6498413085938,5.33858108520508,0.109344840049744,0.156243175268173,0.0289874244481325,0.981219410896301
276.182647705078,0.126150637865067,0.0738329589366913,0.316807389259338,12.3981418609619,19.5519409179688,4.88086652755737,0.113506481051445,0.164119035005569,0.0233985297381878,0.979608952999115
276.771545410156,0.129511475563049,0.0719979405403137,0.315681546926498,13.047043800354,21.2510643005371,4.32754945755005,0.118500150740147,0.178848922252655,0.0159346163272858,0.976584315299988
277.277587890625,0.130528807640076,0.0683432817459106,0.32592099905014,14.3871479034424,22.9546356201172,4.09961795806885,0.129700601100922,0.192898035049438,0.00987641233950853,0.972558796405792
277.781646728516,0.130919829010963,0.0674669742584229,0.338499814271927,14.8652496337891,23.9874820709229,4.3897066116333,0.134335160255432,0.20106153190136,0.0102852871641517,0.970269322395325
278.360046386719,0.139332890510559,0.0680584385991096,0.343346238136292,14.8273525238037,24.2095928192139,4.00600004196167,0.133354410529137,0.20341069996357,0.00684741418808699,0.969945251941681
278.950927734375,0.15537241101265,0.0680835098028183,0.324475824832916,14.0557098388672,24.5529727935791,3.16452217102051,0.125335499644279,0.207650274038315,0.000772348954342306,0.970140099525452
279.484039306641,0.15533085167408,0.0688911452889442,0.318061888217926,13.523964881897,23.9202194213867,2.87835168838501,0.120321281254292,0.202831134200096,6.9039215304656E-06,0.971793413162231
280.048797607422,0.151179000735283,0.0674232989549637,0.331063359975815,14.5282535552979,23.1201419830322,3.22645950317383,0.129425898194313,0.19522051513195,0.00203137053176761,0.972179889678955
280.610687255859,0.144826352596283,0.0670216754078865,0.33278614282608,14.8537931442261,22.7524795532227,3.6543493270874,0.132893636822701,0.19145604968071,0.00551223242655396,0.972447156906128
281.191711425781,0.142920181155205,0.0663937404751778,0.324674606323242,14.9861707687378,23.0893039703369,3.64465355873108,0.134013548493385,0.194259136915207,0.00480556208640337,0.971741020679474
281.695373535156,0.140824019908905,0.0668773502111435,0.319571256637573,14.9325084686279,22.7953472137451,3.99924564361572,0.134139075875282,0.191378086805344,0.00825157575309277,0.972272157669067
282.202331542969,0.142124265432358,0.0666298344731331,0.31740528345108,15.0792274475098,23.0616607666016,3.82815980911255,0.13511061668396,0.19376228749752,0.00622978620231152,0.971680283546448
282.702423095703,0.139396876096725,0.0667026340961456,0.321196407079697,15.3585653305054,22.5002918243408,4.16669702529907,0.138002187013626,0.188450887799263,0.00928238034248352,0.972293972969055
283.217254638672,0.140604242682457,0.0643806979060173,0.328004360198975,16.2740592956543,22.386302947998,4.05286455154419,0.145556837320328,0.187132865190506,0.00688034854829311,0.971466541290283
283.730346679688,0.141167834401131,0.0639478489756584,0.331325083971024,16.4432258605957,22.3547744750977,4.21116924285889,0.14724400639534,0.186570957303047,0.00797188282012939,0.971311986446381
284.302886962891,0.142467767000198,0.0631792023777962,0.332527220249176,16.7123794555664,22.1079521179199,4.22052764892578,0.14951878786087,0.184317484498024,0.00791078805923462,0.971395194530487
284.811584472656,0.140245750546455,0.0629190355539322,0.332918137311935,16.633810043335,22.070291519165,4.48971939086914,0.149283394217491,0.183691561222076,0.0103755705058575,0.971526741981506
285.402740478516,0.139512047171593,0.0626097694039345,0.335093110799789,16.8975601196289,21.8984870910645,4.61494827270508,0.151697978377342,0.18191784620285,0.0112159634009004,0.971477150917053
285.904907226563,0.141006797552109,0.0622684881091118,0.334280997514725,17.0181102752686,22.0187225341797,4.41161680221558,0.152404248714447,0.183137074112892,0.00912890583276749,0.971159338951111
286.484954833984,0.144164934754372,0.0614226832985878,0.334719330072403,17.5245018005371,22.0882091522217,4.24325323104858,0.156420096755028,0.183663904666901,0.00674928864464164,0.970440566539764
286.989501953125,0.14550644159317,0.0610123910009861,0.337058633565903,17.6647033691406,22.0440979003906,4.27627372741699,0.15765492618084,0.183165207505226,0.0068513099104166,0.970334231853485
287.507110595703,0.145329222083092,0.0606989935040474,0.339737772941589,17.8820190429688,21.7490158081055,4.34788608551025,0.159586250782013,0.180442363023758,0.00749980006366968,0.97052389383316
288.012908935547,0.1448904722929,0.0605825930833817,0.341483384370804,17.8756847381592,21.5972099304199,4.38736724853516,0.15958434343338,0.179105162620544,0.00805621407926083,0.970767378807068
288.573364257813,0.143392652273178,0.0596452839672565,0.343971341848373,18.3411293029785,21.5415439605713,4.63025856018066,0.163891136646271,0.178016364574432,0.00941720698028803,0.970237731933594
289.127716064453,0.143385857343674,0.0596878379583359,0.34310644865036,18.3184185028076,21.3606014251709,4.56990814208984,0.163591235876083,0.176583901047707,0.00920231360942125,0.970552086830139
289.677276611328,0.143199503421783,0.0593339391052723,0.341108590364456,18.338342666626,21.2399425506592,4.73286437988281,0.163999289274216,0.175317004323006,0.0107222748920321,0.970697283744812
290.193634033203,0.142714709043503,0.0590305775403976,0.339858889579773,18.4033451080322,21.2844982147217,4.64208555221558,0.164413437247276,0.175785288214684,0.0097826411947608,0.970552444458008
290.703125,0.139653593301773,0.0601633042097092,0.336177259683609,18.0862598419189,21.0156364440918,4.80568408966064,0.161957010626793,0.173465341329575,0.0120704639703035,0.971356809139252
291.209350585938,0.138408169150352,0.0773215591907501,0.323397129774094,11.3965196609497,21.474084854126,5.57777261734009,0.106455601751804,0.180415228009224,0.0290920455008745,0.977379739284515
291.779113769531,0.130276292562485,0.0795779079198837,0.307343423366547,9.47382640838623,19.8911399841309,5.73726654052734,0.0898517444729805,0.16783618927002,0.0348809026181698,0.981091737747192
292.281951904297,0.143070489168167,0.0737929940223694,0.307729005813599,11.8193073272705,21.0093536376953,4.54903221130371,0.108351938426495,0.177186250686646,0.020058361813426,0.977989077568054
292.870330810547,0.141164600849152,0.0761318877339363,0.305321574211121,11.1750993728638,19.2392330169678,4.40046548843384,0.102311827242374,0.162504196166992,0.0214136000722647,0.981155514717102
293.373840332031,0.134228929877281,0.0753994658589363,0.303943872451782,11.5150718688965,19.4792575836182,4.90491342544556,0.105984814465046,0.163932710886002,0.0250053536146879,0.980442762374878
293.912078857422,0.130607187747955,0.07585559040308,0.303995907306671,11.4193201065063,19.4404029846191,4.87403202056885,0.105114094913006,0.163677722215652,0.0249208007007837,0.980581223964691
294.486938476563,0.133646443486214,0.0750258564949036,0.30740624666214,11.8339624404907,19.4586982727051,4.36368608474731,0.10793049633503,0.164103865623474,0.0199151150882244,0.980318486690521
294.997192382813,0.132687464356422,0.0752720236778259,0.309263557195663,11.8161401748657,18.8547496795654,4.44090557098389,0.10777872055769,0.158870726823807,0.0211707819253206,0.98117059469223
295.585876464844,0.132105454802513,0.0747463256120682,0.307070195674896,11.9887266159058,18.8797130584717,4.37813949584961,0.109171822667122,0.159061446785927,0.0203585010021925,0.981002807617188
296.160308837891,0.131256803870201,0.0752557516098022,0.300094157457352,11.7004652023315,19.1149272918701,4.21488571166992,0.106519646942616,0.1613639742136,0.0191617999225855,0.98094242811203
296.677429199219,0.1318269520998,0.0753359273076057,0.296888649463654,11.6296577453613,19.1156330108643,4.08876991271973,0.105736672878265,0.161519199609756,0.0181857571005821,0.981020212173462
297.185333251953,0.135786697268486,0.0744662880897522,0.299644738435745,12.155011177063,19.2744388580322,3.69843745231628,0.109697006642818,0.163013353943825,0.0139201413840055,0.98040783405304
297.751831054688,0.138106033205986,0.070949375629425,0.315162837505341,13.1599235534668,18.840087890625,3.98469567298889,0.118628859519958,0.158564582467079,0.01532759424299,0.980076313018799
298.343444824219,0.152920618653297,0.0703687444329262,0.326913505792618,13.2872467041016,21.1341133117676,3.4233672618866,0.119121618568897,0.178676277399063,0.00795921497046947,0.976637840270996
298.936157226563,0.155143707990646,0.0681474059820175,0.3415687084198,14.3528213500977,21.1390819549561,3.03556251525879,0.127582535147667,0.17867523431778,0.00292704137973487,0.975596904754639
299.438751220703,0.148889347910881,0.068610668182373,0.335444539785385,14.2523517608643,21.9468555450439,3.19360375404358,0.127002626657486,0.185416281223297,0.00353988772258162,0.974411904811859
299.942138671875,0.15008482336998,0.0679888874292374,0.332011133432388,14.590160369873,21.9374828338623,3.0454683303833,0.129630953073502,0.185353934764862,0.00172467541415244,0.97408252954483
300.469177246094,0.151390716433525,0.0675191432237625,0.332254976034164,14.8310489654541,21.5781154632568,3.00721526145935,0.13161002099514,0.182237401604652,0.00140876113437116,0.974405705928802
300.974700927734,0.151023283600807,0.0671800002455711,0.330108106136322,15.0010013580322,21.7642059326172,2.90353679656982,0.13288851082325,0.183865606784821,3.13637756335083E-05,0.973927140235901
301.481109619141,0.149423316121101,0.0673367604613304,0.329518646001816,15.0237712860107,21.7248878479004,3.06111216545105,0.133334010839462,0.183338463306427,0.00137850746978074,0.973964691162109
301.983306884766,0.148736774921417,0.06793462485075,0.325554877519608,14.8550090789795,21.8920230865479,3.13476276397705,0.132022470235825,0.184748664498329,0.00209215795621276,0.97387558221817
302.565765380859,0.149558782577515,0.0674140006303787,0.322866946458817,15.0643253326416,21.8017330169678,3.02729892730713,0.133624777197838,0.184013053774834,0.000934200303163379,0.973798096179962
303.149017333984,0.148406505584717,0.0678465664386749,0.321903616189957,14.9907760620117,21.4805011749268,3.13242387771606,0.133163377642632,0.181192561984062,0.0023233990650624,0.97438770532608
303.726409912109,0.14817176759243,0.0669969469308853,0.32516422867775,15.2585353851318,21.6346797943115,3.28620457649231,0.135683730244637,0.182201609015465,0.00300831766799092,0.973849833011627
304.311737060547,0.148353606462479,0.065212607383728,0.335483640432358,15.9231691360474,21.6850566864014,3.38546442985535,0.141480192542076,0.182197496294975,0.00268883490934968,0.97302633523941
304.909790039063,0.145811289548874,0.0656679570674896,0.341348350048065,16.0139102935791,21.2881755828857,3.58665657043457,0.142553448677063,0.178533285856247,0.00474013946950436,0.973540961742401
305.482147216797,0.144686535000801,0.066424585878849,0.334666192531586,15.6784429550171,21.6200523376465,3.45199227333069,0.139508843421936,0.181680947542191,0.00373930670320988,0.973404049873352
305.9990234375,0.147187158465385,0.06373430788517,0.326727211475372,16.4974689483643,22.9298934936523,3.56083297729492,0.146651804447174,0.19224850833416,0.00163049693219364,0.970325291156769
306.560607910156,0.153116315603256,0.0622650161385536,0.329554527997971,16.9100952148438,22.8478450775146,3.42071318626404,0.149903699755669,0.191525086760521,-0.000171790234162472,0.969972670078278
307.133728027344,0.159107685089111,0.0625418722629547,0.328902512788773,16.7511711120605,23.7666091918945,3.15974402427673,0.148102328181267,0.199715495109558,-0.00329120177775621,0.968591094017029
307.66064453125,0.157475978136063,0.0636780112981796,0.331402093172073,16.3487949371338,22.9996700286865,3.46311783790588,0.145231619477272,0.193039253354073,0.000975257542449981,0.970382750034332
308.16357421875,0.158256217837334,0.0632462650537491,0.337940603494644,16.6788272857666,22.6550807952881,3.13433766365051,0.147473379969597,0.190378576517105,-0.00194456137251109,0.970568835735321
308.670257568359,0.152656748890877,0.0640636682510376,0.335633665323257,16.5250358581543,22.379602432251,3.4833984375,0.146748706698418,0.18767186999321,0.00163121370133013,0.971206188201904
309.189453125,0.149994343519211,0.0649499446153641,0.326738685369492,15.7728500366211,22.9279880523682,3.56466436386108,0.140530675649643,0.192594602704048,0.00293619371950626,0.971159040927887
309.704467773438,0.153752967715263,0.058111410588026,0.320475578308105,17.8254699707031,24.104513168335,2.80137634277344,0.156512081623077,0.202517226338387,-0.00872356351464987,0.966651260852814
310.223205566406,0.148238614201546,0.0574080422520638,0.318333029747009,18.0806369781494,23.5431537628174,3.51046657562256,0.159923806786537,0.196670055389404,-0.00242786086164415,0.967336237430573
310.796478271484,0.146596431732178,0.0572805926203728,0.320471227169037,18.0228328704834,23.5131378173828,3.64243030548096,0.159663558006287,0.196263998746872,-0.00116800761315972,0.967464029788971
311.37060546875,0.145302712917328,0.0558837093412876,0.32744887471199,18.708309173584,22.6841316223145,3.49440240859985,0.165204703807831,0.18910177052021,-0.00245382590219378,0.967957615852356
311.960784912109,0.147304683923721,0.0570939294993877,0.323465913534164,18.4031887054443,22.6273021697998,2.89715719223022,0.161646753549576,0.189629510045052,-0.00689126737415791,0.968433558940887
312.519683837891,0.148202642798424,0.057674128562212,0.323476195335388,18.3442268371582,22.9126758575439,3.21494770050049,0.161663860082626,0.191621959209442,-0.00450628250837326,0.968052446842194
313.034637451172,0.150393441319466,0.0556260757148266,0.330671548843384,19.0761642456055,22.5785808563232,3.25105023384094,0.167907997965813,0.188369318842888,-0.00499193044379354,0.967625439167023
313.605163574219,0.151198133826256,0.0550770536065102,0.340194851160049,19.5187664031982,22.7196140289307,3.36656451225281,0.17182058095932,0.189153611660004,-0.00499173393473029,0.966785252094269
314.192657470703,0.153098449110985,0.0540864318609238,0.347962886095047,20.0316905975342,23.0762310028076,3.41895079612732,0.176206007599831,0.191800266504288,-0.00598879810422659,0.965467929840088
314.693176269531,0.152063995599747,0.0536892935633659,0.350599437952042,20.164831161499,23.0867671966553,3.37628197669983,0.177253231406212,0.191881075501442,-0.00659918272867799,0.965256154537201
315.272552490234,0.14560504257679,0.0562131144106388,0.339739322662354,19.141695022583,22.4770889282227,3.62072396278381,0.169068649411201,0.186933621764183,-0.00183387857396156,0.967712879180908
315.799591064453,0.143013522028923,0.05656898021698,0.333526521921158,18.9752311706543,22.2748680114746,3.89277338981628,0.168107628822327,0.184917837381363,0.00104727910365909,0.968268632888794
316.375701904297,0.147616297006607,0.0550253167748451,0.337703377008438,19.6725959777832,21.989559173584,3.42089629173279,0.173232287168503,0.182826668024063,-0.00369690265506506,0.967755794525146
316.952514648438,0.145745635032654,0.054589256644249,0.337144792079926,19.8343410491943,22.2037620544434,3.67286801338196,0.174993008375168,0.184163704514503,-0.00216873339377344,0.967189967632294
317.532287597656,0.144524723291397,0.0540283881127834,0.340583235025406,20.0277557373047,21.7915668487549,3.78628253936768,0.176808133721352,0.180401042103767,-0.000904882152099162,0.967570960521698
318.123077392578,0.147074088454247,0.0543224215507507,0.341202616691589,19.9967823028564,22.0130786895752,3.62674117088318,0.176291227340698,0.182534292340279,-0.00254102470353246,0.967262268066406
318.638885498047,0.145670339465141,0.054588608443737,0.33820241689682,19.9363307952881,21.9066257476807,3.62498164176941,0.175781443715096,0.181671872735023,-0.00229060696437955,0.967517971992493
319.13916015625,0.149136394262314,0.0548455864191055,0.336204051971436,19.7993965148926,22.132173538208,3.34808039665222,0.174178972840309,0.184073343873024,-0.00474189594388008,0.96734493970871
319.711944580078,0.151695966720581,0.0538350902497768,0.337488383054733,20.1163101196289,22.0684471130371,3.17533540725708,0.176574543118477,0.183631986379623,-0.00663758208975196,0.966983318328857
320.232147216797,0.148949459195137,0.054138571023941,0.333070755004883,19.9513645172119,22.2132625579834,3.39120244979858,0.175525024533272,0.184610307216644,-0.00475935079157352,0.966999173164368
320.775360107422,0.145085230469704,0.0542196445167065,0.324088394641876,19.7032642364502,22.6651229858398,3.44508695602417,0.173505455255508,0.18847544491291,-0.00456718308851123,0.966618835926056
321.305389404297,0.142182290554047,0.052857581526041,0.325430184602737,19.7675018310547,22.3722114562988,3.44424366950989,0.174056187272072,0.185970395803452,-0.00424070749431849,0.96700644493103
321.825744628906,0.149103984236717,0.0511698648333549,0.333070904016495,21.2827987670898,24.55202293396,3.04807114601135,0.185933038592339,0.204091757535934,-0.0137078575789928,0.961034655570984
322.369110107422,0.162844270467758,0.0549845620989799,0.343230366706848,20.8905029296875,23.0637340545654,3.31132173538208,0.183242335915565,0.191385641694069,-0.00838791579008102,0.964221715927124
322.954681396484,0.169168546795845,0.0524784736335278,0.329086184501648,20.9370441436768,23.6601295471191,2.91055250167847,0.182898595929146,0.197015777230263,-0.0127938166260719,0.963103950023651
323.501739501953,0.161505222320557,0.05333261936903,0.324788808822632,20.4311370849609,25.1161727905273,2.63846015930176,0.177989795804024,0.209940269589424,-0.0164354871958494,0.961236000061035
324.05859375,0.156929865479469,0.0526676625013351,0.341116219758987,20.7630062103271,23.9342575073242,3.3268461227417,0.182131409645081,0.198752924799919,-0.00941675622016191,0.962931394577026
324.600524902344,0.149174213409424,0.0544914677739143,0.33440175652504,20.0618629455566,23.7519416809082,3.41160750389099,0.176408335566521,0.19748429954052,-0.00714419456198812,0.964276432991028
325.141693115234,0.149324148893356,0.0539845079183578,0.338170349597931,20.2168083190918,23.559362411499,3.25281596183777,0.177449911832809,0.196022525429726,-0.00846263486891985,0.964372932910919
325.653076171875,0.150547251105309,0.0538383312523365,0.341747969388962,20.3731288909912,23.2923984527588,3.39961409568787,0.179030373692513,0.193460285663605,-0.00709113571792841,0.964609265327454
326.171447753906,0.152309820055962,0.0516815185546875,0.337919175624847,21.0268898010254,23.66455078125,3.24544954299927,0.184226647019386,0.196466952562332,-0.0101481201127172,0.962994456291199
326.744079589844,0.153448462486267,0.0495602823793888,0.348476648330688,22.0565795898438,24.3474273681641,3.62987041473389,0.193453565239906,0.200955957174301,-0.00993169937282801,0.960257172584534
327.343170166016,0.151556596159935,0.050451572984457,0.350128680467606,21.7185745239258,22.7900047302246,3.73788213729858,0.190913885831833,0.187907472252846,-0.00580424116924405,0.963436007499695
327.8447265625,0.153947457671165,0.050995908677578,0.344575673341751,21.562183380127,22.722469329834,3.45242166519165,0.189137876033783,0.187904700636864,-0.00782048795372248,0.963772535324097
328.419982910156,0.154431462287903,0.0513669103384018,0.342761129140854,21.3773918151855,22.6719913482666,3.35138869285583,0.187424838542938,0.187751278281212,-0.00826706551015377,0.964133322238922
328.927825927734,0.154660508036613,0.0509708598256111,0.343299359083176,21.519702911377,22.9003505706787,3.56300783157349,0.1889518648386,0.189242795109749,-0.00710990000516176,0.963552713394165
329.431243896484,0.149419784545898,0.0508510619401932,0.339376240968704,23.0475444793701,23.2493743896484,3.80638217926025,0.20212596654892,0.190830633044243,-0.00835844781249762,0.960551381111145
330.014282226563,0.149904444813728,0.0539291612803936,0.338755011558533,20.7530498504639,23.247127532959,3.29647612571716,0.182049870491028,0.193029150366783,-0.00856233853846788,0.964118421077728
330.599304199219,0.146324753761292,0.0551226064562798,0.329880326986313,20.4117889404297,21.9872722625732,3.83269834518433,0.180113211274147,0.181761205196381,-0.00146318227052689,0.966705739498138
331.107788085938,0.14507894217968,0.0588905327022076,0.327259451150894,18.5903701782227,21.3261585235596,4.01421642303467,0.165029793977737,0.176932394504547,0.00409834226593375,0.97027999162674
331.673706054688,0.144398003816605,0.0585003904998302,0.335018694400787,18.9690685272217,20.8307399749756,4.13868284225464,0.168399214744568,0.172343388199806,0.00525829149410129,0.970521450042725
332.197875976563,0.144503638148308,0.0579357445240021,0.341078877449036,19.3103542327881,21.0401763916016,4.31808853149414,0.17156295478344,0.173653900623322,0.00591528695076704,0.969729602336884
332.769744873047,0.145792156457901,0.0596311278641224,0.340590357780457,18.6525268554688,20.6322746276855,4.16904640197754,0.165758639574051,0.170795902609825,0.00631104130297899,0.971243023872375
333.345581054688,0.14662778377533,0.0630498006939888,0.332339525222778,17.2787475585938,20.3386325836182,4.14236402511597,0.154066920280457,0.169096648693085,0.00866543874144554,0.973444759845734
333.862243652344,0.14556710422039,0.06581199914217,0.332016378641129,16.2843112945557,19.7244834899902,4.4859619140625,0.14606562256813,0.163962319493294,0.0139306494966149,0.975493311882019
334.371948242188,0.143687978386879,0.0697324201464653,0.33368656039238,14.3312759399414,19.2004089355469,4.70164680480957,0.129675030708313,0.160285592079163,0.0193424224853516,0.97832453250885
334.888244628906,0.144646108150482,0.0672451630234718,0.34067240357399,15.3350143432617,18.9840641021729,4.57812404632568,0.138020202517509,0.158049419522285,0.0170564893633127,0.977588832378387
335.410400390625,0.15573725104332,0.052949421107769,0.341308265924454,21.6716079711914,22.2170867919922,3.3696916103363,0.189956873655319,0.183727338910103,-0.00786845572292805,0.964416265487671
335.999877929688,0.152901872992516,0.0626546666026115,0.339770823717117,17.4921989440918,20.1735134124756,3.49027895927429,0.154908046126366,0.168463230133057,0.00301574752666056,0.97345495223999
336.521881103516,0.153811439871788,0.0608835890889168,0.341504693031311,18.1747894287109,20.1693172454834,3.62639379501343,0.160893693566322,0.167898535728455,0.00311904214322567,0.972580909729004
337.115447998047,0.150175020098686,0.0610662363469601,0.330049335956573,17.998950958252,20.027416229248,3.83027076721191,0.1596959233284,0.166499346494675,0.00532030966132879,0.97300922870636
337.703918457031,0.15421998500824,0.0604048296809196,0.326398849487305,18.1983394622803,19.9938278198242,3.57361316680908,0.161011636257172,0.166471138596535,0.00288113811984658,0.972807466983795
338.205383300781,0.157144099473953,0.0601822771131992,0.330901622772217,18.4339790344238,19.6591701507568,3.53068447113037,0.162938877940178,0.163572236895561,0.00263038347475231,0.972979009151459
338.70751953125,0.160209819674492,0.0601006783545017,0.329625725746155,18.4288864135742,19.9723358154297,3.09892678260803,0.162274837493896,0.166845828294754,-0.00147142319474369,0.972536504268646
339.288024902344,0.16213683784008,0.0598801486194134,0.325313210487366,18.4316120147705,20.0839405059814,2.75141334533691,0.161786809563637,0.168283060193062,-0.00458247913047671,0.972360491752625
339.866821289063,0.160284548997879,0.0608168393373489,0.323692709207535,18.0736751556396,20.1462020874023,2.88366317749023,0.158945649862289,0.168787553906441,-0.00299677322618663,0.972747683525085
340.373474121094,0.162462964653969,0.0602844133973122,0.322301656007767,18.0274753570557,20.9703407287598,2.84137964248657,0.158463999629021,0.175858944654465,-0.00442432146519423,0.971567392349243
340.942169189453,0.160123735666275,0.0588511973619461,0.320900082588196,18.3165836334229,20.1487846374512,3.57518863677979,0.162019416689873,0.167724341154099,0.00249361828900874,0.972425878047943
341.50927734375,0.161015510559082,0.0586858503520489,0.319335877895355,18.3067989349365,20.1201286315918,3.37176871299744,0.16163831949234,0.167773321270943,0.000822945963591337,0.972483694553375
342.073150634766,0.161595746874809,0.059004969894886,0.317100524902344,18.1880512237549,20.0285873413086,3.17664217948914,0.160346612334251,0.167327895760536,-0.000521762820426375,0.97277444601059
342.594512939453,0.165002003312111,0.0575410909950733,0.324206799268723,18.8914470672607,19.8868179321289,3.15322661399841,0.166273340582848,0.165822178125381,-0.00159468862693757,0.972035825252533
343.1279296875,0.162042662501335,0.056849978864193,0.327448010444641,19.232141494751,19.9397945404053,3.25596642494202,0.169305801391602,0.165955156087875,-0.00132133124861866,0.971489906311035
343.634185791016,0.157271206378937,0.0568876415491104,0.328240007162094,19.2359352111816,19.8717632293701,3.47748565673828,0.169658064842224,0.165048822760582,0.000651587266474962,0.971583545207977
344.148712158203,0.15561506152153,0.0565362349152565,0.329416483640671,19.4385375976563,19.9059276580811,3.528489112854,0.171446114778519,0.165158823132515,0.000723316625226289,0.971250891685486
344.666687011719,0.155541688203812,0.0559400953352451,0.331297993659973,19.7352657318115,19.8177509307861,3.56080722808838,0.174001961946487,0.164209201931953,0.000676826748531312,0.970957398414612
345.241638183594,0.155070081353188,0.0560073517262936,0.332142859697342,19.7439231872559,19.9214992523193,3.73641395568848,0.174328476190567,0.164816722273827,0.0019937283359468,0.970794022083282
345.820617675781,0.154664352536201,0.0553701259195805,0.331630885601044,19.9764766693115,19.8154830932617,3.5524890422821,0.176029607653618,0.164076894521713,0.000242117734160274,0.970614433288574
346.330200195313,0.154623359441757,0.0552825182676315,0.330102354288101,20.1642627716064,19.8242263793945,3.5511953830719,0.177615076303482,0.164054542779922,-6.86250132275745E-05,0.970329344272614
346.863067626953,0.153153732419014,0.055221039801836,0.328081130981445,20.1761665344238,19.7839183807373,3.60560941696167,0.177793428301811,0.163622573018074,0.000436515605542809,0.970369517803192
347.389404296875,0.152569338679314,0.0550551377236843,0.326811134815216,20.1908683776855,19.9138717651367,3.68292856216431,0.178029119968414,0.164595022797585,0.000866969581693411,0.970161557197571
347.9794921875,0.149676859378815,0.054935771971941,0.32713919878006,20.213020324707,19.9579029083252,4.00159454345703,0.178674608469009,0.1644596606493,0.00346216163598001,0.970060050487518
348.498199462891,0.147610887885094,0.0554482974112034,0.322120279073715,20.1024589538574,19.6829471588135,3.74507212638855,0.177367895841599,0.162590578198433,0.00188613927457482,0.970619082450867
349.003479003906,0.148782521486282,0.055132620036602,0.320167690515518,20.1807460784912,19.8354244232178,3.73602938652039,0.178018897771835,0.163853794336319,0.00145392084959894,0.970288157463074
349.509429931641,0.152331590652466,0.0547774285078049,0.323135435581207,20.3631744384766,19.714391708374,3.65305209159851,0.179441004991531,0.162860572338104,0.000662276870571077,0.970194280147552
350.022277832031,0.152668714523315,0.0542292408645153,0.32988241314888,20.6291427612305,19.8318119049072,3.69892692565918,0.181753545999527,0.163639083504677,0.000460521114291623,0.969632804393768
350.601104736328,0.147026583552361,0.0540780276060104,0.329697877168655,20.6318683624268,19.8272190093994,3.83951926231384,0.181977152824402,0.163375616073608,0.00165328313596547,0.969633996486664
351.184295654297,0.145922660827637,0.0542180724442005,0.326211512088776,20.5978221893311,19.7965259552002,3.69008827209473,0.181476324796677,0.163371458649635,0.000489438301883638,0.969729781150818
351.702239990234,0.148459956049919,0.0531733669340611,0.335479080677032,20.9755954742432,19.5300693511963,3.55308890342712,0.184472888708115,0.161133080720901,-0.000816263491287827,0.969538688659668
352.203186035156,0.148013666272163,0.0529271103441715,0.337615579366684,20.588285446167,19.5269012451172,3.69684553146362,0.181403592228889,0.161083728075027,0.000987993320450187,0.970125675201416
352.710906982422,0.141338884830475,0.0491914413869381,0.332693994045258,21.6142444610596,20.0522308349609,4.23922491073608,0.190838545560837,0.164063185453415,0.00315352925099432,0.967808842658997
353.222717285156,0.138088673353195,0.0478924065828323,0.313126087188721,23.2061805725098,23.4748382568359,4.15064287185669,0.204012185335159,0.1920076161623,-0.00615705223754048,0.95993447303772
353.751312255859,0.137966141104698,0.0523165352642536,0.309423059225082,21.2839221954346,23.7808170318604,3.21655964851379,0.186320841312408,0.19734500348568,-0.0110431984066963,0.962401986122131
354.321350097656,0.134910732507706,0.054994061589241,0.306767672300339,20.0900039672852,22.9226570129395,3.63651013374329,0.177065566182137,0.190138101577759,-0.00402143225073814,0.965649604797363
354.915008544922,0.133980005979538,0.0537491627037525,0.307060331106186,20.6728782653809,22.1010227203369,3.50237584114075,0.18178117275238,0.183094069361687,-0.00486977538093925,0.966130673885345
355.437622070313,0.13181845843792,0.0541375987231731,0.309863418340683,20.5903606414795,21.8515949249268,3.68300580978394,0.181381925940514,0.180750712752342,-0.00281227799132466,0.966655015945435
355.962127685547,0.132436990737915,0.0535012446343899,0.313001215457916,20.9393730163574,21.5235042572021,3.884192943573,0.184639424085617,0.177461385726929,-0.00117224419955164,0.966651141643524
356.481353759766,0.13408075273037,0.0543174259364605,0.313984960317612,20.6486968994141,21.2323951721191,3.98330998420715,0.182345256209373,0.175014853477478,0.000608324829954654,0.967532753944397
356.988372802734,0.138045698404312,0.0528230145573616,0.319697648286819,21.1332740783691,21.2013607025146,3.69447016716003,0.185985028743744,0.174939155578613,-0.00257010944187641,0.966850161552429
357.561767578125,0.139901220798492,0.0521103963255882,0.320866674184799,20.8606605529785,20.831127166748,3.57665753364563,0.183518543839455,0.172155722975731,-0.00252780690789223,0.967820763587952
358.066833496094,0.141668930649757,0.0515743494033813,0.317031681537628,21.4768848419189,21.0019512176514,3.27717089653015,0.188250511884689,0.173748731613159,-0.00632088724523783,0.966609120368958
358.576324462891,0.143948912620544,0.0502295084297657,0.323933571577072,22.3301811218262,20.7844104766846,3.38389492034912,0.195602387189865,0.171270608901978,-0.00642221653833985,0.965590417385101
359.076446533203,0.141460910439491,0.0494258031249046,0.33293679356575,22.4285678863525,20.8915252685547,3.63041162490845,0.196793168783188,0.17169551551342,-0.00468596117570996,0.96528297662735
359.654144287109,0.138297587633133,0.0495964102447033,0.334312289953232,22.4328308105469,20.8428497314453,3.85371494293213,0.197164386510849,0.170899137854576,-0.00272802449762821,0.965356051921844
360.24072265625,0.141255527734756,0.0488058552145958,0.333644151687622,22.6665439605713,20.7922458648682,3.52991533279419,0.198647245764732,0.170896753668785,-0.0057417843490839,0.965039193630219
360.819122314453,0.142981857061386,0.0485861822962761,0.330734074115753,22.7611751556396,20.7757511138916,3.27840924263,0.199068009853363,0.17114132642746,-0.00798180419951677,0.964893162250519
361.384094238281,0.143255770206451,0.0545082502067089,0.328936725854874,20.420877456665,20.6539421081543,3.20355892181396,0.179255947470665,0.17148269712925,-0.00470051728188992,0.968730568885803
361.894958496094,0.142740458250046,0.0511501654982567,0.332394063472748,21.8225326538086,20.2509956359863,3.44908356666565,0.19145105779171,0.166940554976463,-0.00417268322780728,0.967191755771637
362.462921142578,0.139113306999207,0.0473514571785927,0.339493900537491,23.2699108123779,19.7605476379395,6.07174968719482,0.207306370139122,0.157305732369423,0.0165467299520969,0.965404212474823
362.987060546875,0.137798443436623,0.0466288663446903,0.342919558286667,23.6005382537842,19.8871936798096,6.28802347183228,0.21039605140686,0.157727360725403,0.0176205225288868,0.964647650718689
363.491394042969,0.13793908059597,0.0472617894411087,0.338549792766571,23.3575191497803,19.959114074707,6.05325317382813,0.208044081926346,0.15894615650177,0.0158940739929676,0.964987635612488
364.078704833984,0.13987372815609,0.0479363463819027,0.330229431390762,23.0965385437012,20.0640964508057,5.54723930358887,0.205160453915596,0.160933420062065,0.0118527812883258,0.965333700180054
364.589874267578,0.140828967094421,0.0484406240284443,0.328626841306686,22.8895778656006,19.9979915618896,5.27804899215698,0.203038021922112,0.161000713706017,0.0100264828652143,0.965791821479797
365.094451904297,0.139800623059273,0.04740821570158,0.331905633211136,23.3609085083008,20.0072574615479,5.32730531692505,0.207065492868423,0.160664021968842,0.0096882376819849,0.964995920658112
365.609313964844,0.13698148727417,0.04653325304389,0.33817058801651,23.6314716339111,19.4721450805664,5.60857725143433,0.209672316908836,0.155454739928246,0.0126118529587984,0.965252459049225
366.208862304688,0.138870283961296,0.0493795908987522,0.329629808664322,22.1803646087646,18.315149307251,4.70437860488892,0.1961520165205,0.148252636194229,0.00917478743940592,0.96925812959671
366.795593261719,0.142420575022697,0.0489760674536228,0.318093329668045,22.157096862793,18.1090984344482,4.60709190368652,0.195814341306686,0.14669007062912,0.00873725488781929,0.969568192958832
367.330200195313,0.142008990049362,0.0493607707321644,0.320828199386597,21.9108753204346,18.1518669128418,4.73945236206055,0.193909078836441,0.146976470947266,0.0101331919431686,0.969894111156464
367.904052734375,0.136223673820496,0.0485036447644234,0.332380443811417,22.2926578521729,17.7877807617188,5.13943147659302,0.197599917650223,0.142973065376282,0.0136028444394469,0.969705104827881
368.436004638672,0.135167837142944,0.0479445457458496,0.333454161882401,22.5116901397705,17.6498718261719,5.31432867050171,0.199647784233093,0.141361400485039,0.0150165595114231,0.96950101852417
368.940368652344,0.135373800992966,0.048060592263937,0.327468991279602,22.4410743713379,17.779712677002,5.1806321144104,0.198902606964111,0.142738223075867,0.0137580400332808,0.969471156597137
369.450439453125,0.137816473841667,0.0481576472520828,0.326598286628723,22.4256992340088,17.9794654846191,5.04108238220215,0.198620557785034,0.14467990398407,0.0122526530176401,0.969261348247528
369.959411621094,0.138427838683128,0.0480850338935852,0.331159740686417,22.548267364502,17.8750801086426,4.94435501098633,0.199521839618683,0.143887415528297,0.0114435907453299,0.969204068183899
370.463714599609,0.137495830655098,0.0474507734179497,0.332813322544098,22.8308563232422,17.7354049682617,5.02111005783081,0.201986700296402,0.142392933368683,0.0119427116587758,0.968908131122589
370.987731933594,0.135623842477798,0.0473978519439697,0.335729956626892,22.9504165649414,17.6318588256836,5.3098611831665,0.203339755535126,0.140929460525513,0.0144009571522474,0.96880567073822
371.496673583984,0.136087536811829,0.0467367507517338,0.340847998857498,23.1784992218018,17.5896625518799,5.4054274559021,0.205373883247375,0.14025142788887,0.0149674341082573,0.968466341495514
372.085968017578,0.135014817118645,0.0536305829882622,0.351482659578323,20.3058280944824,16.6893062591553,6.9113335609436,0.182703256607056,0.132082253694534,0.0331682451069355,0.973690748214722
372.588714599609,0.137248575687408,0.0530130714178085,0.343745231628418,20.3207321166992,16.749532699585,6.2111554145813,0.182033345103264,0.133697763085365,0.0271027646958828,0.973783493041992
373.109619140625,0.137724712491035,0.0528172627091408,0.344538062810898,20.4460315704346,17.5109958648682,5.85471868515015,0.182833328843117,0.140647932887077,0.0226929467171431,0.972766757011414
373.698120117188,0.132438719272614,0.052512913942337,0.34094363451004,20.3460102081299,16.0509185791016,4.91680097579956,0.180624648928642,0.129789993166924,0.0171702709048986,0.974799752235413
374.227386474609,0.130672782659531,0.0534604862332344,0.335578501224518,20.1870918273926,16.3632736206055,5.02435064315796,0.179446548223495,0.132370918989182,0.0177970938384533,0.974659025669098
374.730407714844,0.13117516040802,0.0536638014018536,0.331662237644196,20.1103191375732,16.3315029144287,4.98384141921997,0.178743302822113,0.132209122180939,0.017600929364562,0.97481369972229
375.320678710938,0.134175807237625,0.0529342517256737,0.331051051616669,20.5815563201904,16.3088073730469,4.87152338027954,0.182609066367149,0.131917983293533,0.016076659783721,0.974162817001343
375.825775146484,0.136864796280861,0.0522456355392933,0.334017872810364,20.8430271148682,16.3622341156006,4.54443597793579,0.184455648064613,0.132746458053589,0.0128757450729609,0.973749816417694
376.380645751953,0.133597910404205,0.0515987873077393,0.336647093296051,21.0566444396973,16.5471954345703,4.62171220779419,0.186377286911011,0.134071677923203,0.0129574229940772,0.973201096057892
376.924163818359,0.132055759429932,0.0503333322703838,0.339601784944534,21.6343822479248,16.5755939483643,4.60673809051514,0.191256314516068,0.134005695581436,0.0120333433151245,0.972275018692017
377.50341796875,0.130897268652916,0.0507904626429081,0.332278370857239,21.4532432556152,16.5400161743164,4.51162099838257,0.189607664942741,0.133965477347374,0.0115203447639942,0.972609639167786
378.013671875,0.131013587117195,0.0518951117992401,0.324866473674774,20.9610080718994,16.4140453338623,4.57992315292358,0.185502946376801,0.133062899112701,0.0129420766606927,0.9735067486763
378.528076171875,0.133727073669434,0.0498426668345928,0.334225088357925,21.754524230957,16.3867530822754,4.69712781906128,0.192357793450356,0.132182523608208,0.0129609759896994,0.97229540348053
379.104919433594,0.131091549992561,0.0496616996824741,0.338125705718994,21.8673782348633,15.9111032485962,4.57186508178711,0.193118095397949,0.128291711211205,0.0125547712668777,0.972671091556549
379.610656738281,0.125202476978302,0.0511086732149124,0.331372231245041,21.3243370056152,16.1266746520996,4.93623113632202,0.188954785466194,0.129829406738281,0.0159736070781946,0.973234474658966
380.132507324219,0.125206395983696,0.0504156947135925,0.330771207809448,21.5264892578125,16.0828990936279,5.0434775352478,0.190782383084297,0.1291593760252,0.0167001448571682,0.97295480966568
380.714141845703,0.130694478750229,0.0490675494074821,0.337312310934067,22.1371917724609,16.1323375701904,4.72381067276001,0.195598304271698,0.129755824804306,0.0131289353594184,0.971973478794098
381.2294921875,0.130561202764511,0.0478448271751404,0.345032185316086,22.6246910095215,16.1207675933838,4.84067821502686,0.199852645397186,0.129168003797531,0.0135207874700427,0.971180617809296
381.730804443359,0.127199068665504,0.0470436848700047,0.346789658069611,22.931640625,16.2557697296143,5.10014629364014,0.202756598591805,0.129668816924095,0.0150897968560457,0.970488607883453
382.313537597656,0.126164793968201,0.0471557900309563,0.345422089099884,23.0656890869141,16.0145320892334,5.07016944885254,0.203823581337929,0.127595797181129,0.0150929186493158,0.970539808273315
382.818176269531,0.128550231456757,0.0472021698951721,0.345009624958038,23.1221408843994,16.0517807006836,4.83484411239624,0.204042285680771,0.128295674920082,0.0129621718078852,0.97043240070343
383.326812744141,0.127775356173515,0.0475414507091045,0.341585367918015,22.9372043609619,16.1064510345459,4.94177150726318,0.202606111764908,0.128680795431137,0.0140053713694215,0.970667779445648
383.914154052734,0.127963557839394,0.0473460480570793,0.3369140625,22.8938293457031,16.1944255828857,4.83522701263428,0.202129885554314,0.129640340805054,0.0130027569830418,0.970653295516968
384.50048828125,0.129867255687714,0.0470064878463745,0.346483409404755,23.2061882019043,16.3618392944336,4.88425731658936,0.204842731356621,0.130781710147858,0.0127199739217758,0.969934940338135
385.037139892578,0.130128100514412,0.0474612042307854,0.346128940582275,23.0853939056396,16.2749671936035,4.88184595108032,0.203810200095177,0.130124121904373,0.0130098173394799,0.970237016677856
385.553497314453,0.131029099225998,0.0472731254994869,0.345523864030838,22.9868278503418,16.2282981872559,4.92850255966187,0.203025102615356,0.12970606982708,0.0136140370741487,0.970449268817902
386.061126708984,0.131337732076645,0.0469836890697479,0.346574395895004,23.1241607666016,16.1630554199219,4.82653379440308,0.20406249165535,0.129251524806023,0.0126910861581564,0.970304846763611
386.574035644531,0.130309581756592,0.0471274629235268,0.346002817153931,23.1167850494385,16.0347442626953,4.93607234954834,0.204108268022537,0.127974346280098,0.013856559060514,0.970448553562164
387.078277587891,0.130393043160439,0.047135803848505,0.344349354505539,23.0726375579834,16.1137428283691,4.89366006851196,0.203697204589844,0.128745645284653,0.0134128164499998,0.97043913602829
387.583740234375,0.128572732210159,0.047601405531168,0.337492078542709,22.8788051605225,16.0845432281494,4.91891431808472,0.202084302902222,0.128570973873138,0.013924608938396,0.970792233943939
388.090545654297,0.127334550023079,0.0485007762908936,0.327383667230606,22.5400981903076,16.0820941925049,4.69315242767334,0.198966667056084,0.129146933555603,0.012444912455976,0.971379697322845
388.671264648438,0.130104750394821,0.0503155216574669,0.32930988073349,21.6971473693848,16.6134605407715,4.87551355361938,0.192106038331985,0.133840501308441,0.0141685009002686,0.972101509571075
389.243621826172,0.133700251579285,0.047363243997097,0.342900425195694,22.9056663513184,16.1879730224609,4.61072444915771,0.201974928379059,0.129974529147148,0.0110973780974746,0.970664501190186
389.760559082031,0.131633833050728,0.0462698191404343,0.347991794347763,23.3435096740723,16.4077682495117,4.94200372695923,0.206073045730591,0.130982652306557,0.0129489861428738,0.969644129276276
390.266510009766,0.129993870854378,0.0466781370341778,0.342843025922775,23.1760883331299,16.4075736999512,5.00580883026123,0.204732716083527,0.130970120429993,0.0137059660628438,0.969919323921204
390.787078857422,0.128718659281731,0.0466937124729156,0.334384918212891,23.093355178833,16.2243003845215,4.83876609802246,0.203822866082191,0.129766926169395,0.0127249723300338,0.970285952091217
391.306213378906,0.129995107650757,0.0466093644499779,0.332764774560928,23.1256427764893,16.224142074585,4.80492830276489,0.204057261347771,0.129806339740753,0.0123974811285734,0.970235705375671
391.877960205078,0.130120053887367,0.0455478392541409,0.340487569570541,23.5014820098877,16.1088485717773,4.98680591583252,0.207422345876694,0.128274977207184,0.0136647121980786,0.969708621501923
392.397338867188,0.13007815182209,0.0449220836162567,0.348725646734238,23.8263397216797,16.2183170318604,5.06598949432373,0.210265174508095,0.128854557871819,0.0137200998142362,0.969018459320068
392.977294921875,0.128058642148972,0.0456926301121712,0.345156461000443,23.5446166992188,16.2926139831543,5.2540807723999,0.208110138773918,0.129318088293076,0.0155376689508557,0.969394505023956
393.569671630859,0.135809749364853,0.0526752285659313,0.338719725608826,21.1172313690186,18.3911113739014,4.68156147003174,0.187151879072189,0.149579778313637,0.0103770354762673,0.970820486545563
394.079254150391,0.139889940619469,0.0587320663034916,0.325683742761612,18.5845146179199,18.4488182067871,4.45626878738403,0.165412321686745,0.151882007718086,0.0120077086612582,0.974385201931
394.581756591797,0.139259949326515,0.0552406348288059,0.330968350172043,19.8120250701904,18.1052360534668,4.47608041763306,0.175812855362892,0.148243069648743,0.0109426826238632,0.973136246204376
395.102996826172,0.142064020037651,0.0510628893971443,0.343757480382919,21.5078067779541,18.0331211090088,4.27599620819092,0.18990096449852,0.146985352039337,0.00697620492428541,0.970713317394257
395.610229492188,0.141913369297981,0.0511009208858013,0.338420033454895,21.5600414276123,17.7186012268066,4.23939037322998,0.190276682376862,0.144351676106453,0.00711514335125685,0.971033871173859
396.127502441406,0.143045887351036,0.0528200827538967,0.329063355922699,21.0498790740967,17.5442562103271,3.85117030143738,0.185463055968285,0.143788620829582,0.004808334633708,0.972062349319458
396.648498535156,0.144577786326408,0.0524579919874668,0.324593722820282,21.2008724212646,17.4587211608887,3.81364297866821,0.186690956354141,0.143044516444206,0.00442396430298686,0.971938908100128
397.197692871094,0.146684557199478,0.0521816946566105,0.325897991657257,21.0104866027832,17.0648727416992,3.81009650230408,0.18505747616291,0.139807716012001,0.00528770498931408,0.972717642784119
397.775573730469,0.150086179375648,0.0529572777450085,0.335330128669739,20.6641006469727,17.5985431671143,3.5994827747345,0.181880608201027,0.144852057099342,0.00311073404736817,0.972588121891022
398.282257080078,0.149952262639999,0.0563925914466381,0.330872058868408,19.2358264923096,18.2142715454102,3.5200936794281,0.16968609392643,0.150915712118149,0.00346768624149263,0.973868072032928
398.845062255859,0.15383867919445,0.0555628836154938,0.328653931617737,19.5273704528809,18.025426864624,3.05633091926575,0.171548753976822,0.149862945079803,-0.000599044607952237,0.973710298538208
399.373229980469,0.15221793949604,0.0549666583538055,0.33035546541214,19.898063659668,17.9164581298828,3.14418339729309,0.174808099865913,0.14863283932209,-0.000200407754164189,0.973319292068481
399.912322998047,0.152685537934303,0.0543137192726135,0.329613536596298,20.1739902496338,17.7858905792236,3.04377484321594,0.177019029855728,0.147549912333488,-0.0012316566426307,0.973083674907684
400.456604003906,0.149954825639725,0.0539191141724586,0.327466398477554,20.3139972686768,17.4719982147217,3.18623328208923,0.178389176726341,0.144597992300987,0.000274961144896224,0.973277270793915
400.97412109375,0.146799370646477,0.0532854869961739,0.326863169670105,20.7512855529785,16.298583984375,3.22947311401367,0.182140648365021,0.134355828166008,0.00191836967132986,0.97404807806015
401.497222900391,0.141738221049309,0.0523196421563625,0.332391440868378,21.2936420440674,14.916202545166,3.53996562957764,0.187044262886047,0.121847450733185,0.00612867716699839,0.97474616765976
401.998352050781,0.14882704615593,0.0526469387114048,0.332029432058334,21.1951503753662,16.7515754699707,3.20493316650391,0.185880988836288,0.138036265969276,0.000415768940001726,0.972827911376953
402.582580566406,0.161381721496582,0.0526974014937878,0.32902854681015,20.9594650268555,18.6911811828613,2.20772314071655,0.182516381144524,0.156193122267723,-0.0108390506356955,0.970656514167786
403.102630615234,0.164594009518623,0.0519363507628441,0.332640916109085,21.2839050292969,18.5184135437012,1.86626744270325,0.184815958142281,0.155144482851028,-0.0139129478484392,0.970350325107574
403.61181640625,0.158918336033821,0.0519279353320599,0.332404524087906,21.3408946990967,18.5918769836426,2.4552218914032,0.186087027192116,0.154789447784424,-0.00912544038146734,0.970220923423767
404.128204345703,0.156144127249718,0.0519413501024246,0.330817192792892,21.1386528015137,17.8415069580078,2.53056335449219,0.184528231620789,0.148398816585541,-0.00699215242639184,0.971533954143524
404.705841064453,0.150222733616829,0.0573265291750431,0.340171873569489,18.7042675018311,15.5282011032104,5.63641309738159,0.167371168732643,0.125221431255341,0.0261423196643591,0.977559804916382
405.229553222656,0.148786917328835,0.0567060112953186,0.329227060079575,19.086498260498,17.3426723480225,4.97479104995728,0.170195162296295,0.141426637768745,0.0173374768346548,0.975054681301117
405.752868652344,0.142984449863434,0.0561537630856037,0.325170934200287,19.3017501831055,17.0459270477295,5.19052314758301,0.172238603234291,0.138451293110847,0.0193262100219727,0.975085437297821
406.278839111328,0.138365179300308,0.0555404014885426,0.324519217014313,19.5678291320801,16.11252784729,5.32074165344238,0.174484729766846,0.130148604512215,0.0214994009584188,0.975783944129944
406.801513671875,0.137091800570488,0.0552641749382019,0.323385924100876,19.6509094238281,15.8355445861816,5.4140739440918,0.17524228990078,0.127597108483315,0.0226120129227638,0.975959956645966
407.389526367188,0.139091059565544,0.0552655421197414,0.32239642739296,19.5859851837158,15.7833137512207,5.13505077362061,0.174370020627975,0.127616569399834,0.0203961338847876,0.976162433624268
407.927520751953,0.139990076422691,0.0552221536636353,0.322293013334274,19.7311916351318,16.1644687652588,4.75276947021484,0.17523318529129,0.131362333893776,0.016376581043005,0.975586533546448
408.51171875,0.136112004518509,0.054881677031517,0.323452740907669,19.9114456176758,15.3428726196289,4.88766050338745,0.17679026722908,0.124056465923786,0.0185639038681984,0.976222634315491
409.10888671875,0.133677929639816,0.0533855110406876,0.326410263776779,20.4663314819336,15.2968511581421,5.27115726470947,0.181910365819931,0.122741967439651,0.0212295223027468,0.97539347410202
409.620666503906,0.131205901503563,0.0532882139086723,0.326779395341873,20.5303058624268,15.1765422821045,5.47356843948364,0.18264602124691,0.121357254683971,0.0230664294213057,0.975387513637543
410.161865234375,0.134225711226463,0.0525340139865875,0.33315834403038,20.8347301483154,14.9392833709717,5.07999038696289,0.184772908687592,0.119787164032459,0.0197330936789513,0.975254118442535
410.685150146484,0.135286822915077,0.0526035316288471,0.337431341409683,20.7931594848633,15.0159864425659,5.07338809967041,0.184426099061966,0.12047478556633,0.0196026805788279,0.975237727165222
411.210968017578,0.130039781332016,0.0584686174988747,0.344101428985596,18.8507671356201,14.2070980072021,6.00587224960327,0.168673768639565,0.113312713801861,0.0310595985502005,0.97864431142807
411.730407714844,0.13310743868351,0.0545107461512089,0.343565732240677,20.366849899292,15.5645017623901,6.11163091659546,0.182027325034142,0.12374784052372,0.0280795190483332,0.975071310997009
412.252532958984,0.130781888961792,0.0550626516342163,0.343000411987305,20.0616664886475,14.9037389755249,6.18325757980347,0.179343491792679,0.118210360407829,0.0301031097769737,0.976194679737091
412.772186279297,0.127602905035019,0.0549803450703621,0.343003004789352,20.0129489898682,14.7866096496582,6.41735935211182,0.179137721657753,0.116878658533096,0.03233877196908,0.976321280002594
413.336700439453,0.121288880705833,0.0665876790881157,0.33694726228714,14.8232660293579,11.4335222244263,6.49786758422852,0.133747264742851,0.0913453847169876,0.0430923365056515,0.985855340957642
413.860961914063,0.128591954708099,0.0617771819233894,0.336718797683716,17.2093544006348,12.8853349685669,6.04360723495483,0.154313072562218,0.10295432806015,0.0350285209715366,0.982018828392029
414.389770507813,0.132633045315742,0.0603673011064529,0.340754270553589,17.9229717254639,14.5253276824951,5.71025800704956,0.160549089312553,0.117023274302483,0.0291402135044336,0.979632794857025
414.909484863281,0.134059876203537,0.0592586100101471,0.34359735250473,18.4385414123535,14.28102684021,5.46703290939331,0.164641261100769,0.11497637629509,0.0268172807991505,0.979262232780457
415.478698730469,0.134602785110474,0.0587047971785069,0.341383635997772,18.5619602203369,14.0261812210083,5.44949150085449,0.165616825222969,0.112752184271812,0.0268956124782562,0.979354202747345
415.980834960938,0.136408239603043,0.0579145848751068,0.346163541078568,19.051700592041,14.0927572250366,5.42280340194702,0.169781789183617,0.113076210021973,0.0260218810290098,0.97862696647644
416.556274414063,0.140600964426994,0.0560248605906963,0.345818817615509,19.9715461730957,15.2010316848755,5.16349697113037,0.177573323249817,0.122387088835239,0.0210606176406145,0.976240515708923
417.093627929688,0.136401742696762,0.0573765821754932,0.337860375642776,18.9630661010742,15.5276193618774,5.30130815505981,0.169207096099854,0.125553414225578,0.0229667443782091,0.977280855178833
417.665710449219,0.13099829852581,0.0563932545483112,0.340637981891632,19.4135494232178,15.1640005111694,5.60549592971802,0.173291325569153,0.12172807008028,0.0255561452358961,0.976984798908234
418.181488037109,0.131962180137634,0.0559560246765614,0.339871317148209,19.4667491912842,15.684458732605,5.6445689201355,0.173900857567787,0.126071989536285,0.0250355694442987,0.976338863372803
418.777221679688,0.133748978376389,0.0553623139858246,0.343333125114441,19.701358795166,15.7646389007568,5.60473012924194,0.175867989659309,0.12667016685009,0.0242812763899565,0.975928068161011
419.281280517578,0.13467401266098,0.055034413933754,0.342675745487213,19.8360176086426,15.8189640045166,5.4743537902832,0.176878750324249,0.127250343561172,0.0229189191013575,0.975702822208405
419.855377197266,0.13266296684742,0.055508267134428,0.339393258094788,19.5357799530029,15.7206535339355,5.54750823974609,0.174388408660889,0.126485243439674,0.0240677036345005,0.976222813129425
420.440002441406,0.133427441120148,0.0559641979634762,0.336644619703293,19.4142684936523,15.9990301132202,5.38647985458374,0.173232480883598,0.129174962639809,0.0224262066185474,0.976115465164185
420.942840576172,0.134056568145752,0.0556838773190975,0.336057394742966,19.5684299468994,15.850959777832,5.32671880722046,0.174446955323219,0.127911478281021,0.021947780624032,0.976076424121857
421.515289306641,0.134974211454391,0.0549742169678211,0.338788539171219,19.9616603851318,15.8517255783081,5.25708723068237,0.177710488438606,0.127789288759232,0.020861079916358,0.975527405738831
422.079345703125,0.13409161567688,0.0541900619864464,0.341511189937592,20.2594451904297,15.7309913635254,5.40937662124634,0.180385619401932,0.12634351849556,0.021973941475153,0.975200295448303
422.64453125,0.133176848292351,0.0538448952138424,0.34134042263031,20.4138984680176,15.6993713378906,5.51587915420532,0.181807845830917,0.125811010599136,0.0227377638220787,0.97498744726181
423.217529296875,0.133694022893906,0.0535394996404648,0.338576287031174,20.4207420349121,15.6257705688477,5.41759538650513,0.181743860244751,0.125336453318596,0.0220097433775663,0.975077211856842
423.783264160156,0.134843960404396,0.0531786307692528,0.336544543504715,20.5816783905029,15.754467010498,5.35437679290771,0.183064565062523,0.126433581113815,0.02106698974967,0.974709272384644
424.355346679688,0.135323792695999,0.0531432144343853,0.336767375469208,20.680233001709,15.6944227218628,5.2583646774292,0.183784306049347,0.126016706228256,0.0202237721532583,0.974645674228668
424.941070556641,0.13706474006176,0.0525114871561527,0.340412974357605,20.9335308074951,15.8448181152344,5.20158052444458,0.18589623272419,0.127234145998955,0.0191823691129684,0.97410786151886
425.499603271484,0.135702654719353,0.0508388988673687,0.343409091234207,21.2962493896484,15.8474960327148,5.45804309844971,0.189255729317665,0.126613944768906,0.0209022387862206,0.973506152629852
426.010162353516,0.137888640165329,0.0502657070755959,0.341960251331329,21.4089241027832,15.769419670105,5.25587368011475,0.189973920583725,0.126215472817421,0.0191727932542562,0.973453640937805
426.522796630859,0.137807071208954,0.0511697195470333,0.335989445447922,21.1308135986328,16.0861415863037,5.46037435531616,0.18789978325367,0.128741309046745,0.0207387041300535,0.973493337631226
427.106567382813,0.139097467064857,0.0515366829931736,0.33273121714592,21.1979465484619,16.0731315612793,5.40735006332397,0.188406750559807,0.128675773739815,0.0202241372317076,0.973414838314056
427.688812255859,0.138756468892097,0.0512981452047825,0.333965271711349,21.3114147186279,15.6290559768677,5.30840826034546,0.189181044697762,0.124995678663254,0.0199726391583681,0.973749339580536
428.265289306641,0.135836124420166,0.0509809739887714,0.334585189819336,21.3508281707764,15.4705648422241,5.46745729446411,0.189658805727959,0.123361572623253,0.0215375758707523,0.973831415176392
428.836883544922,0.133362382650375,0.0506707839667797,0.338595479726791,21.5342235565186,15.4328880310059,5.63143301010132,0.191381990909576,0.122653394937515,0.0227681081742048,0.973555743694305
429.420623779297,0.129855796694756,0.0501509271562099,0.339294970035553,21.6892528533936,15.5651273727417,5.88324356079102,0.192992821335793,0.123254016041756,0.0244936086237431,0.973119914531708
429.991577148438,0.126279324293137,0.0503551438450813,0.333927571773529,21.5081768035889,15.2935447692871,6.05066776275635,0.191576585173607,0.120785884559155,0.0265948455780745,0.97365391254425
430.507354736328,0.126511365175247,0.05336519703269,0.316109776496887,19.8624954223633,15.7220697402954,5.76130151748657,0.177400231361389,0.125965252518654,0.025478845462203,0.975711464881897
431.082672119141,0.127548292279243,0.0535377748310566,0.315764635801315,19.6430568695068,14.9321546554565,5.70133972167969,0.175291821360588,0.119464792311192,0.0264511369168758,0.976883471012115
431.583953857422,0.130132868885994,0.0507547147572041,0.334801703691483,20.9499320983887,14.9294242858887,5.83690881729126,0.18653567135334,0.118406608700752,0.0260530076920986,0.974938750267029
432.107971191406,0.132178112864494,0.0484462045133114,0.342123091220856,21.8768730163574,14.8906269073486,5.63053321838379,0.194176033139229,0.117830671370029,0.0232583377510309,0.97358649969101
432.656433105469,0.132723361253738,0.0494967065751553,0.336448818445206,21.5821743011475,14.748724937439,5.51285600662231,0.191528350114822,0.117006875574589,0.0228457227349281,0.974219918251038
433.173034667969,0.132649332284927,0.0502490662038326,0.332825064659119,21.5067710876465,14.5256452560425,5.3288140296936,0.190658554434776,0.115462817251682,0.0217407923191786,0.974599957466125
433.742431640625,0.1322400867939,0.0507783330976963,0.339643836021423,21.4300441741943,14.1486921310425,5.32861375808716,0.1899344176054,0.112302251160145,0.0224528238177299,0.975094377994537
434.253753662109,0.138238131999969,0.0494809299707413,0.343545317649841,22.1197834014893,16.3236865997314,5.67098522186279,0.196551993489265,0.129768699407578,0.0208565387874842,0.971644163131714
434.781097412109,0.13128025829792,0.0556862503290176,0.329306781291962,19.5840663909912,15.8917446136475,5.82292127609253,0.175141379237175,0.127492278814316,0.0260921344161034,0.975904941558838
435.305603027344,0.129266858100891,0.0563894361257553,0.321832925081253,19.317756652832,15.3766937255859,5.96505546569824,0.172910690307617,0.123058035969734,0.0284164883196354,0.976806581020355
435.813018798828,0.134182840585709,0.0549564547836781,0.327471882104874,20.0044059753418,15.4081468582153,5.41138458251953,0.178158476948738,0.123746991157532,0.0228107832372189,0.975923120975494
436.358459472656,0.132981851696968,0.0533407442271709,0.332485646009445,20.5781650543213,14.9635372161865,5.53531837463379,0.183073729276657,0.119416199624538,0.0238746032118797,0.975527465343475
436.888702392578,0.129842922091484,0.052590761333704,0.334839880466461,20.8360805511475,14.6806144714355,5.92431497573853,0.185600712895393,0.116220258176327,0.0273356959223747,0.975345075130463
437.414733886719,0.132784023880959,0.0509805716574192,0.337540328502655,21.3722896575928,14.8210515975952,5.60302257537842,0.18985503911972,0.117602162063122,0.0237396974116564,0.974454343318939
437.938079833984,0.136201858520508,0.050441537052393,0.333619385957718,21.5456447601318,14.7885551452637,5.27060699462891,0.190977916121483,0.117772080004215,0.0207626484334469,0.974282383918762
438.443420410156,0.134725913405418,0.0501445718109608,0.335127294063568,21.7269763946533,15.1434154510498,5.61548805236816,0.192940950393677,0.120098531246185,0.0228832047432661,0.973563849925995
438.947296142578,0.131314873695374,0.0501237846910954,0.331645578145981,21.495325088501,15.3893404006958,5.75200653076172,0.191172242164612,0.122107028961182,0.0239129904657602,0.97363817691803
439.478332519531,0.12776654958725,0.0500049255788326,0.333973348140717,21.2116184234619,15.382342338562,6.35876941680908,0.189410418272018,0.121228620409966,0.0294300895184278,0.973941087722778
440.073364257813,0.128708988428116,0.0489947684109211,0.338986873626709,21.6690273284912,15.3716878890991,6.37204027175903,0.193296924233437,0.120800971984863,0.0289958715438843,0.973243415355682
440.591033935547,0.127044662833214,0.0481875203549862,0.339344441890717,21.7144336700439,15.151312828064,6.43794870376587,0.193693771958351,0.118786431849003,0.0298720803111792,0.973385989665985
441.105560302734,0.118085488677025,0.0492540821433067,0.338871091604233,21.4439563751221,13.9421138763428,7.54469728469849,0.192113772034645,0.106840915977955,0.0416350364685059,0.974650621414185
441.696685791016,0.122951954603195,0.0470984987914562,0.346187710762024,22.356912612915,14.1783924102783,6.72935819625854,0.199157699942589,0.10957308113575,0.0332527905702591,0.973254442214966
442.267883300781,0.12863501906395,0.0472868233919144,0.343036681413651,22.4091415405273,14.3540849685669,6.07294940948486,0.199011385440826,0.11216989159584,0.027312396094203,0.973173379898071
442.837158203125,0.132440373301506,0.0476846024394035,0.335393518209457,22.2909851074219,14.3557844161987,5.86475038528442,0.19780658185482,0.112622000277042,0.0256776362657547,0.97341126203537
443.356750488281,0.132164120674133,0.0477886386215687,0.334969699382782,22.0783023834229,14.1500205993652,5.94914674758911,0.196038991212845,0.110865980386734,0.0269922614097595,0.973934829235077
443.895050048828,0.132212892174721,0.0469535887241364,0.337358742952347,22.4025993347168,14.1751623153687,6.00943565368652,0.198851689696312,0.110764801502228,0.0270910728722811,0.973373115062714
444.412078857422,0.131961733102798,0.0470075309276581,0.340697795152664,22.4701137542725,14.1381406784058,6.07233810424805,0.19947549700737,0.110296703875065,0.0276125986129045,0.973284006118774
444.942138671875,0.13148221373558,0.0467261746525764,0.340677917003632,22.4352912902832,14.2341222763062,6.02964401245117,0.199162170290947,0.111209072172642,0.0271228849887848,0.973258078098297
445.471221923828,0.133849203586578,0.0466344282031059,0.337859928607941,22.5094356536865,14.503604888916,5.6601448059082,0.199486389756203,0.114092364907265,0.0234307274222374,0.972953855991364
445.995513916016,0.137254744768143,0.0475948639214039,0.337044358253479,22.1626491546631,14.5339336395264,5.47740507125854,0.196371763944626,0.114882662892342,0.0222292710095644,0.973522484302521
446.513092041016,0.139903217554092,0.0472552366554737,0.342985540628433,22.44287109375,14.4970359802246,5.20923757553101,0.19847084581852,0.114860631525517,0.0196903850883245,0.973153948783875
447.01904296875,0.137594386935234,0.0487660393118858,0.345592588186264,22.1806011199951,14.7462797164917,5.39446544647217,0.196480214595795,0.11681754142046,0.0211397614330053,0.9732945561409
447.568084716797,0.115942984819412,0.0615843161940575,0.337121516466141,17.7715148925781,19.9077186584473,3.1025722026825,0.156707242131233,0.166599228978157,-0.000346012267982587,0.973492383956909
448.090850830078,0.129114270210266,0.0672501251101494,0.336409538984299,15.9641332626343,16.2621841430664,4.76346063613892,0.143169239163399,0.134234413504601,0.0211170949041843,0.98032534122467
448.674652099609,0.136295631527901,0.0643641278147697,0.345486402511597,15.5370092391968,16.6284923553467,4.81018781661987,0.139644920825958,0.137536153197289,0.021613534539938,0.980365216732025
449.190734863281,0.12597194314003,0.0624179877340794,0.364408135414124,16.1381740570068,16.5787944793701,5.21476936340332,0.145250529050827,0.136279091238976,0.0243545807898045,0.979661762714386
449.703796386719,0.122384041547775,0.0618009865283966,0.379224926233292,16.4525756835938,16.549295425415,5.46160411834717,0.148218885064125,0.135529771447182,0.0260934550315142,0.979276299476624
450.263671875,0.120862372219563,0.0616718418896198,0.375316649675369,16.4058952331543,15.5753726959229,5.43697023391724,0.14756578207016,0.12726067006588,0.027198763564229,0.980453610420227
450.863677978516,0.116833582520485,0.074485719203949,0.356382191181183,9.99960136413574,17.1352825164795,6.55479621887207,0.0945233926177025,0.143240392208099,0.0433546751737595,0.984209299087524
451.396270751953,0.115414455533028,0.0714893192052841,0.36518982052803,11.4636974334717,16.1537399291992,6.62616968154907,0.106796160340309,0.133850812911987,0.0429238304495811,0.984294712543488
451.906524658203,0.115527309477329,0.0684948712587357,0.361004710197449,12.4441452026367,16.2119731903076,6.72088098526001,0.115331582725048,0.133643433451653,0.042433500289917,0.983380615711212
452.411041259766,0.111948013305664,0.0693852305412292,0.357876121997833,12.2272834777832,15.5724487304688,6.59165000915527,0.113088861107826,0.128417640924454,0.0422326922416687,0.984345674514771
452.918090820313,0.109800033271313,0.0699654072523117,0.353710860013962,11.8942909240723,15.8351316452026,6.7932391166687,0.110560320317745,0.130685970187187,0.0441196970641613,0.984251499176025
453.423522949219,0.110843628644943,0.0684486106038094,0.362524479627609,12.6725444793701,15.4776697158813,6.68289756774902,0.11697319149971,0.127233639359474,0.042566504329443,0.984031021595001
453.937530517578,0.108710616827011,0.0675533041357994,0.362088739871979,13.1028060913086,15.0769748687744,6.91780757904053,0.12076585739851,0.123273901641369,0.04447952657938,0.983992278575897
454.458068847656,0.108308494091034,0.0669926553964615,0.358235508203506,13.1874771118164,15.4297904968262,6.93524646759033,0.121646821498871,0.126229181885719,0.0441537499427795,0.983523607254028
454.973022460938,0.109782710671425,0.065534420311451,0.363888710737228,14.0062675476074,15.5592527389526,6.64892101287842,0.128389358520508,0.127121984958649,0.0405516251921654,0.982706308364868
455.507263183594,0.110761247575283,0.0661020427942276,0.360189974308014,13.8802213668823,15.3850011825562,6.44657468795776,0.127026215195656,0.125932589173317,0.0391645021736622,0.983092844486237
456.031341552734,0.109969303011894,0.0644024610519409,0.366258084774017,14.5617446899414,14.6280527114868,6.60314178466797,0.132766336202621,0.11883195489645,0.0405548699200153,0.983161926269531
456.558776855469,0.114058010280132,0.065521739423275,0.358343064785004,14.038031578064,15.4129962921143,6.68043518066406,0.128643989562988,0.125811919569969,0.0409469790756702,0.982825219631195
457.085235595703,0.12065452337265,0.0642583593726158,0.348856866359711,14.563759803772,17.7527885437012,5.83122444152832,0.132856115698814,0.146490707993507,0.0303177908062935,0.979780912399292
457.615905761719,0.117667585611343,0.0643762424588203,0.352259784936905,14.8632965087891,16.5488796234131,6.32593488693237,0.135675862431526,0.135426089167595,0.0355570577085018,0.98080962896347
458.149505615234,0.116369023919106,0.0614220350980759,0.360999077558517,16.0121555328369,15.9284353256226,6.30374193191528,0.145270004868507,0.129412591457367,0.0346532911062241,0.980279624462128
458.651977539063,0.11228846013546,0.0604400672018528,0.3603355884552,16.3181533813477,15.9465484619141,6.59559535980225,0.148215904831886,0.128994524478912,0.0367393307387829,0.979817688465118
459.182495117188,0.111079707741737,0.0595081597566605,0.361955255270004,16.7188873291016,15.8973751068115,6.72091245651245,0.151758223772049,0.12814162671566,0.0373675711452961,0.97936350107193
459.692169189453,0.108683034777641,0.0594183877110481,0.362492233514786,17.0973148345947,15.3416452407837,6.64264535903931,0.154718995094299,0.123241819441319,0.0369706079363823,0.979544162750244
460.195587158203,0.112813495099545,0.0609598457813263,0.354586273431778,16.1649551391602,16.3659439086914,6.18619012832642,0.146568074822426,0.133206412196159,0.0328956805169582,0.979638576507568
460.700531005859,0.112258434295654,0.0604765042662621,0.351925790309906,16.2708644866943,16.5175647735596,6.1241283416748,0.147441834211349,0.134514778852463,0.0320331081748009,0.979357242584229
461.213317871094,0.11166537553072,0.0599313862621784,0.35305067896843,16.4465980529785,16.3765048980713,6.06149101257324,0.148828133940697,0.13327918946743,0.0314518474042416,0.979335308074951
461.753967285156,0.113599389791489,0.0579535327851772,0.35944390296936,17.1759357452393,16.0174961090088,6.10193729400635,0.154993996024132,0.129696533083916,0.0313387475907803,0.978863418102264
462.334136962891,0.11492882668972,0.0565728060901165,0.361743062734604,17.7722301483154,15.8621854782104,6.08267736434937,0.160010889172554,0.128016591072083,0.0306340251117945,0.9782994389534
462.848510742188,0.114865243434906,0.0564636029303074,0.36092472076416,17.8138294219971,15.6655750274658,5.90101289749146,0.160112038254738,0.126565396785736,0.0293055381625891,0.978512465953827
463.350433349609,0.114566773176193,0.0556881800293922,0.362540364265442,18.0415897369385,15.2239999771118,6.05983591079712,0.162109076976776,0.122428096830845,0.0310032237321138,0.9786576628685
463.859039306641,0.114318922162056,0.0545799359679222,0.365480273962021,18.4098300933838,15.2076301574707,6.24638891220093,0.165440231561661,0.121785618364811,0.0321728922426701,0.978142499923706
464.369049072266,0.110835425555706,0.0543905347585678,0.367462813854218,18.5615558624268,15.109845161438,6.54673051834106,0.167020946741104,0.120415046811104,0.0346943214535713,0.977957308292389
464.870971679688,0.108457252383232,0.0540286153554916,0.368440747261047,18.7190456390381,15.1133317947388,6.82638931274414,0.168655768036842,0.119927577674389,0.0368846394121647,0.977656483650208
465.376159667969,0.108482629060745,0.0538784973323345,0.368137270212173,18.7529754638672,14.9829845428467,6.89458227157593,0.168973132967949,0.118691362440586,0.0376174449920654,0.977724611759186
465.878448486328,0.110707998275757,0.0530896373093128,0.368913680315018,19.0551319122314,14.889687538147,6.81656503677368,0.171433314681053,0.117800951004028,0.0367273204028606,0.977437853813171
466.410186767578,0.111590161919594,0.0538880787789822,0.365364342927933,18.9022350311279,14.9349803924561,6.59583139419556,0.169918790459633,0.118620924651623,0.034960076212883,0.977667927742004
466.944152832031,0.110937707126141,0.0546901859343052,0.362325608730316,18.6605339050293,14.7044143676758,6.61102485656738,0.167805686593056,0.116793975234032,0.0357170887291431,0.978225290775299
467.455535888672,0.112343952059746,0.0542130172252655,0.363873928785324,18.809139251709,14.5531711578369,6.58322143554688,0.168995976448059,0.115443915128708,0.0355273261666298,0.978187561035156
467.970001220703,0.110287763178349,0.053972490131855,0.364932477474213,18.8926258087158,14.6003952026367,6.7461838722229,0.169885948300362,0.115549467504025,0.0367505438625813,0.977975726127625
468.525482177734,0.107709772884846,0.0536081157624722,0.366039901971817,19.0365142822266,14.6311569213867,6.93345928192139,0.171309411525726,0.115433603525162,0.0381333008408546,0.977688074111938
469.052459716797,0.10694732517004,0.0536064505577087,0.366134405136108,19.0454120635986,14.5869617462158,7.08979034423828,0.171527236700058,0.114816412329674,0.0395227074623108,0.977667391300201
469.556304931641,0.107990607619286,0.0538851395249367,0.36483159661293,19.0412311553955,14.7220582962036,6.92761850357056,0.171373829245567,0.11621455848217,0.0379419699311256,0.977591753005981
470.080841064453,0.108482897281647,0.0546172745525837,0.361878752708435,18.8400554656982,14.6131143569946,6.82152462005615,0.169518500566483,0.115582548081875,0.0374365523457527,0.978009581565857
470.605194091797,0.110498681664467,0.0555021725594997,0.360346019268036,18.5244121551514,14.6696434020996,6.70960426330566,0.166735723614693,0.116445258259773,0.0367700979113579,0.97841078042984
471.130310058594,0.103120923042297,0.062139168381691,0.364476144313812,15.8223533630371,14.1907138824463,7.78818798065186,0.144577175378799,0.112787269055843,0.0497890710830688,0.981782853603363
471.635498046875,0.101595252752304,0.0683608874678612,0.36662632226944,13.1148500442505,14.105185508728,8.50975894927979,0.122072458267212,0.113232225179672,0.0591676086187363,0.984264194965363
472.223022460938,0.113609477877617,0.0664315149188042,0.367388278245926,14.2810974121094,15.2787580490112,7.64404153823853,0.131718993186951,0.12340097874403,0.0490654781460762,0.982351720333099
472.796447753906,0.111613564193249,0.0657899305224419,0.365913957357407,14.6453056335449,15.0199222564697,7.26714134216309,0.134324938058853,0.121363684535027,0.0456942766904831,0.98241525888443
473.297973632813,0.110248029232025,0.0657545477151871,0.359721541404724,14.5546922683716,15.4424381256104,7.36093091964722,0.133819997310638,0.124938406050205,0.0461139306426048,0.982016384601593
473.811340332031,0.109957180917263,0.066445954144001,0.351588010787964,14.1239538192749,15.3894968032837,7.12125539779663,0.129853114485741,0.125056520104408,0.0446488596498966,0.982601404190063
474.386383056641,0.10859303176403,0.0658777877688408,0.354716628789902,14.2893753051758,15.507495880127,7.18780851364136,0.131387323141098,0.125879779458046,0.044881746172905,0.982281684875488
474.914245605469,0.110257871448994,0.0643182545900345,0.36147552728653,15.1002864837646,15.0387191772461,7.13527536392212,0.138083934783936,0.1213693395257,0.0439958125352859,0.981970906257629
475.448547363281,0.110283330082893,0.0641810968518257,0.358082115650177,15.1272249221802,14.9747285842896,7.19528341293335,0.138352960348129,0.120730131864548,0.0445549339056015,0.981986522674561
476.036743164063,0.111488275229931,0.0648998841643333,0.35389769077301,14.9882574081421,15.1695613861084,6.88077592849731,0.136903703212738,0.12287150323391,0.0417927466332912,0.982045531272888
476.622375488281,0.112601578235626,0.0637120455503464,0.356975615024567,15.3604574203491,14.9694681167603,6.99174880981445,0.140130624175072,0.120773538947105,0.0425384156405926,0.981818556785583
477.211547851563,0.112687975168228,0.0624022670090199,0.35875192284584,15.8198671340942,14.8053588867188,6.63477563858032,0.143625348806381,0.11950521171093,0.0391376614570618,0.981610178947449
477.71533203125,0.110491529107094,0.0631151050329208,0.356159389019012,15.7128553390503,15.3459892272949,6.61147880554199,0.142868906259537,0.124234154820442,0.0383907966315746,0.981162846088409
478.220703125,0.110514558851719,0.0635405108332634,0.351027399301529,15.5695781707764,15.6022777557373,6.41957521438599,0.141518473625183,0.126759260892868,0.0366057641804218,0.981103777885437
478.721496582031,0.111740276217461,0.0631202310323715,0.349829584360123,15.7091999053955,15.4686126708984,6.50772285461426,0.142765194177628,0.125415727496147,0.0373540967702866,0.981067597866058
479.288330078125,0.114387057721615,0.062565915286541,0.3504538834095,15.7803821563721,15.0838413238525,6.43557834625244,0.143170446157455,0.122165217995644,0.0371299609541893,0.981427133083344
479.792236328125,0.11607052385807,0.0602348372340202,0.360897332429886,16.8240451812744,14.5625820159912,6.63471937179565,0.152122884988785,0.116770043969154,0.0382724292576313,0.980692923069
480.313201904297,0.116352818906307,0.0599172078073025,0.359547197818756,16.9406967163086,14.365930557251,6.55003786087036,0.152968227863312,0.115123510360718,0.0376743860542774,0.98077929019928
480.817565917969,0.115100964903831,0.0608779713511467,0.355819374322891,16.7211322784424,14.3062219619751,6.62882995605469,0.151151865720749,0.114650845527649,0.0386801995337009,0.981077015399933
481.373168945313,0.114850550889969,0.0606678240001202,0.362352877855301,16.9556579589844,14.3778781890869,6.62062072753906,0.153170868754387,0.115121714770794,0.0382453016936779,0.980725765228271
481.884887695313,0.114922657608986,0.0589578375220299,0.367672830820084,17.4984359741211,14.5471591949463,6.51119756698608,0.157748758792877,0.116363152861595,0.0364507064223289,0.979921579360962
482.466400146484,0.113399490714073,0.0579659305512905,0.372470378875732,18.1081066131592,14.6079883575439,6.7097544670105,0.16316893696785,0.116200178861618,0.037349846214056,0.979019165039063
483.052673339844,0.111599341034889,0.0586993768811226,0.366061210632324,17.6775131225586,14.5663928985596,6.87021636962891,0.159646511077881,0.115910775959492,0.0392844751477242,0.979558289051056
483.552795410156,0.113146781921387,0.058518324047327,0.365626215934753,17.8365745544434,14.7773895263672,6.61466598510742,0.160811856389046,0.117964155972004,0.0366179905831814,0.979225814342499
484.117950439453,0.114293739199638,0.0580534487962723,0.369563490152359,18.0368423461914,14.6971445083618,6.60953617095947,0.162488207221031,0.117152124643326,0.0364507436752319,0.979052782058716
484.706848144531,0.113898560404778,0.0576332099735737,0.371638983488083,18.2069244384766,14.6679849624634,6.66013288497925,0.163980066776276,0.116716995835304,0.0367241352796555,0.978845775127411
485.254089355469,0.110868200659752,0.0575115606188774,0.373080402612686,18.2958755493164,14.6847066879272,6.82563495635986,0.164911866188049,0.11656191945076,0.0380088277161121,0.978658676147461
485.756958007813,0.10910914093256,0.0574186369776726,0.373511731624603,18.3112125396729,14.8559331893921,6.90606355667114,0.165181919932365,0.117897666990757,0.0384308025240898,0.978436589241028
486.264404296875,0.107292152941227,0.057503879070282,0.373152256011963,18.3383731842041,14.6941051483154,6.97439479827881,0.165428265929222,0.116398371756077,0.0392154268920422,0.978543341159821
486.837921142578,0.106788277626038,0.0573018044233322,0.371313363313675,18.3225383758545,14.6522445678711,7.00359964370728,0.165308624505997,0.116009816527367,0.0395439527928829,0.97859650850296
487.407989501953,0.106769055128098,0.0573285780847073,0.37001246213913,18.2581615447998,14.6481857299805,6.99905633926392,0.16475422680378,0.116026639938354,0.039586991071701,0.978686213493347
487.914184570313,0.10735297203064,0.0566996894776821,0.364502251148224,18.3566951751709,14.6288070678711,7.00578689575195,0.165593698620796,0.115782618522644,0.0395561717450619,0.978574693202972
488.488403320313,0.10832467675209,0.0570213086903095,0.354855805635452,18.1931915283203,15.0540790557861,6.34457874298096,0.163654759526253,0.120474763214588,0.0334934331476688,0.978560745716095
488.991790771484,0.104043744504452,0.0580777265131474,0.348625838756561,17.8357200622559,15.562237739563,6.52403974533081,0.160952940583229,0.124796070158482,0.0347430109977722,0.978423833847046
489.571411132813,0.0985923707485199,0.0573774427175522,0.34954160451889,17.9626331329346,15.3610429763794,6.69658946990967,0.162157893180847,0.122749276459217,0.0363431759178638,0.978425562381744
490.153900146484,0.0958193838596344,0.0543433241546154,0.354520827531815,19.1921501159668,15.6710290908813,6.73695182800293,0.172757729887962,0.124486394226551,0.0347070097923279,0.976449370384216
490.655334472656,0.0944533422589302,0.0551251843571663,0.365394055843353,19.1147804260254,15.0103845596313,7.2438006401062,0.172420963644981,0.118146874010563,0.0401179008185863,0.977088987827301
491.160003662109,0.0996110588312149,0.0543511137366295,0.368700593709946,19.5250034332275,15.1627025604248,6.74459600448608,0.175439685583115,0.119910880923271,0.0351325981318951,0.976528584957123
491.668701171875,0.101262837648392,0.0550272911787033,0.360005229711533,19.1030368804932,15.2910451889038,6.54622888565063,0.171681851148605,0.121595561504364,0.033762950450182,0.97703629732132
492.1728515625,0.101145580410957,0.0558903813362122,0.354611098766327,18.8395309448242,15.2502603530884,6.33767127990723,0.169207066297531,0.121734537184238,0.0323669612407684,0.97749787569046
492.692535400391,0.102095916867256,0.0560139566659927,0.355057150125504,18.9017505645752,15.2389583587646,6.20329761505127,0.169590622186661,0.121795929968357,0.0311616845428944,0.977462887763977
493.275238037109,0.103074282407761,0.0549831055104733,0.359178334474564,19.2894592285156,14.9182329177856,6.21493196487427,0.172814249992371,0.118790373206139,0.0312728248536587,0.977264583110809
493.864074707031,0.102692887187004,0.0540332682430744,0.366091907024384,19.6361389160156,14.9320688247681,6.34947776794434,0.175905868411064,0.118475303053856,0.0319844260811806,0.976728081703186
494.438903808594,0.102134764194489,0.0532675161957741,0.373785674571991,19.94797706604,14.8288774490356,6.51525688171387,0.178697615861893,0.117129825055599,0.0331842191517353,0.976343512535095
494.955200195313,0.102402903139591,0.0529845654964447,0.373199284076691,20.0633125305176,14.7829780578613,6.47465658187866,0.179623037576675,0.116724081337452,0.0327727496623993,0.976236164569855
495.549255371094,0.101347386837006,0.053052831441164,0.37007087469101,20.0290546417236,14.6493110656738,6.6091136932373,0.179429098963737,0.115397907793522,0.0341683030128479,0.976381599903107
496.132934570313,0.101369231939316,0.0531926788389683,0.370096415281296,20.0404262542725,14.6424655914307,6.59476852416992,0.179509237408638,0.115354262292385,0.0340433791279793,0.976376414299011
496.663208007813,0.100728243589401,0.0526285022497177,0.371898263692856,20.232759475708,14.7821435928345,6.67826700210571,0.181269317865372,0.116280302405357,0.0343067087233067,0.975932121276855
497.178741455078,0.100579470396042,0.052501555532217,0.37073278427124,20.2213611602783,14.7948865890503,6.71410894393921,0.181212738156319,0.116340048611164,0.0346053913235664,0.975924909114838
497.770660400391,0.100435003638268,0.0522620752453804,0.37089467048645,20.319787979126,14.7940769195557,6.7337121963501,0.182068273425102,0.116233505308628,0.0346561558544636,0.975776612758636
498.275604248047,0.0997532308101654,0.0519574284553528,0.371020525693893,20.4906692504883,14.7129039764404,6.74767065048218,0.183508828282356,0.115400649607182,0.0347009748220444,0.975603938102722
498.840301513672,0.100401908159256,0.0513773486018181,0.373145759105682,20.8120079040527,14.6319904327393,6.6434907913208,0.186107933521271,0.114656053483486,0.0335638895630836,0.975239098072052
499.340606689453,0.0997912287712097,0.0510024055838585,0.37288436293602,20.8603992462158,14.5222101211548,6.7251672744751,0.186567425727844,0.113555267453194,0.0343805067241192,0.9752516746521
499.916168212891,0.0989210531115532,0.0505589209496975,0.373379826545715,20.9950885772705,14.6602039337158,6.73047256469727,0.187756806612015,0.114626474678516,0.0340413190424442,0.974909961223602
500.422576904297,0.0989152416586876,0.0504270941019058,0.373829215764999,21.0533676147461,14.5976238250732,6.69953393936157,0.18820184469223,0.114103987812996,0.0338118076324463,0.974893391132355
500.995788574219,0.0997986644506454,0.0504998974502087,0.372480154037476,20.9507713317871,15.0535831451416,6.82109355926514,0.187590047717094,0.117855556309223,0.0342210941016674,0.974550664424896
501.499877929688,0.101137846708298,0.0508794561028481,0.369184225797653,20.8305530548096,15.013279914856,6.6638240814209,0.186396807432175,0.117854386568069,0.0330949909985065,0.974818646907806
502.000915527344,0.104714967310429,0.0518273077905178,0.36224228143692,20.4634132385254,14.4136800765991,6.08929538726807,0.18253456056118,0.113922312855721,0.0296040903776884,0.976128280162811
502.593933105469,0.108105465769768,0.0516317747533321,0.356994599103928,20.451530456543,14.6099233627319,5.81191921234131,0.182203680276871,0.116042904555798,0.0269429385662079,0.976017415523529
503.173309326172,0.1064278408885,0.0513379015028477,0.36024135351181,20.7034740447998,14.4212141036987,5.97777795791626,0.184465184807777,0.114010535180569,0.0283644050359726,0.975791811943054
503.678649902344,0.106700703501701,0.0506369359791279,0.361581981182098,20.8716659545898,14.515287399292,5.89793300628662,0.185836866497993,0.114833004772663,0.0273374542593956,0.975464344024658
504.248077392578,0.106163777410984,0.0506788119673729,0.360335111618042,20.8589668273926,14.474796295166,6.01746273040771,0.185838654637337,0.11430262774229,0.028435405343771,0.975494921207428
504.827575683594,0.104931123554707,0.0507928542792797,0.359238982200623,20.8823127746582,14.3721418380737,6.13087034225464,0.186123549938202,0.113229505717754,0.0295403897762299,0.97553288936615
505.411865234375,0.105303533375263,0.0503721460700035,0.359381496906281,21.0055255889893,14.2711524963379,6.05300521850586,0.187067419290543,0.11241652071476,0.0289000645279884,0.975465595722198
506.004455566406,0.103563509881496,0.0548532232642174,0.360513478517532,19.5204105377197,14.1225290298462,6.33289194107056,0.174674406647682,0.111673302948475,0.0332163944840431,0.977708876132965
506.587585449219,0.101981833577156,0.0563188344240189,0.353116422891617,18.5378704071045,13.7920637130737,6.04533624649048,0.165929690003395,0.109903633594513,0.0323537401854992,0.979459941387177
507.159149169922,0.0999968945980072,0.0554596818983555,0.353399753570557,19.0305309295654,13.7554483413696,6.1756763458252,0.170244380831718,0.109091140329838,0.0329761207103729,0.978789329528809
507.725677490234,0.100237995386124,0.0532322339713573,0.356589287519455,19.7400684356689,14.0009593963623,5.90305233001709,0.176093026995659,0.111153990030289,0.0294869728386402,0.9776331782341
508.316986083984,0.0985936149954796,0.0530470088124275,0.357818603515625,19.5875988006592,13.8614387512207,6.4130220413208,0.175246745347977,0.109279163181782,0.0342230051755905,0.977842271327972
508.898376464844,0.0985394716262817,0.0526777356863022,0.35936513543129,19.951587677002,14.0089139938354,6.34325695037842,0.178320780396461,0.11040598154068,0.0329912267625332,0.97720205783844
509.480163574219,0.0957245975732803,0.0533854104578495,0.360687047243118,19.5511512756348,13.7296113967896,6.74690341949463,0.175211384892464,0.107667990028858,0.0373144522309303,0.977914214134216
510.055541992188,0.101527668535709,0.052043043076992,0.366594761610031,20.2471313476563,14.0059795379639,6.40957069396973,0.180897369980812,0.110082045197487,0.0332271791994572,0.976756930351257
510.655548095703,0.124282956123352,0.0506953410804272,0.363007575273514,20.9644203186035,15.0903329849243,5.20440673828125,0.186031103134155,0.120794855058193,0.020392969250679,0.974876999855042
511.238739013672,0.120503485202789,0.0510077551007271,0.35854160785675,20.7225952148438,14.7583179473877,5.44019508361816,0.184159889817238,0.117733523249626,0.0232227295637131,0.975543260574341
511.75,0.116355985403061,0.0505075789988041,0.361514300107956,20.8274936676025,13.7624826431274,5.59218740463257,0.184987768530846,0.108943969011307,0.0260017309337854,0.976337373256683
512.257141113281,0.121377252042294,0.0492986887693405,0.360524266958237,21.457332611084,15.7763214111328,5.50424003601074,0.190658465027809,0.125831544399261,0.0212105270475149,0.973327219486237
512.769775390625,0.120180673897266,0.0495555810630322,0.361066728830338,21.3049278259277,14.7042226791382,5.38992309570313,0.189041912555695,0.117002300918102,0.0221997611224651,0.974720895290375
513.2744140625,0.119605541229248,0.0495296120643616,0.361768424510956,21.2961978912354,14.8769054412842,5.34421634674072,0.188953816890717,0.118551686406136,0.0215364769101143,0.974565625190735
513.822082519531,0.117203265428543,0.0491274483501911,0.363699465990067,21.5325260162354,14.981125831604,5.35085391998291,0.19098487496376,0.119283393025398,0.0211394485086203,0.974089026451111
514.338134765625,0.114338740706444,0.05040667578578,0.358021169900894,21.056432723999,14.9868354797363,5.57281827926636,0.187178045511246,0.119258545339108,0.0235855598002672,0.974774599075317
514.907409667969,0.114602342247963,0.0539778769016266,0.342106938362122,19.4789085388184,15.3676233291626,5.63077402114868,0.173919513821602,0.123385459184647,0.0253838766366243,0.976669728755951
515.41064453125,0.139417976140976,0.0536339953541756,0.334580272436142,19.685733795166,19.1813564300537,3.75502467155457,0.173845142126083,0.158545345067978,0.00336361257359385,0.971920788288116
515.923828125,0.133145034313202,0.0538362376391888,0.347820729017258,19.8515338897705,19.2893505096436,4.67517995834351,0.176525428891182,0.15796123445034,0.0107541847974062,0.971478939056396
516.485778808594,0.118984594941139,0.052301462739706,0.362017303705215,20.320240020752,17.6882839202881,5.81363677978516,0.181752562522888,0.142302259802818,0.0222370196133852,0.972739219665527
516.989013671875,0.115880846977234,0.0513172335922718,0.364617019891739,20.7107334136963,17.2725276947021,5.74087905883789,0.184889048337936,0.138630390167236,0.0217454023659229,0.97268944978714
517.587280273438,0.111871540546417,0.0511524118483067,0.366297781467438,20.9263210296631,17.2125682830811,5.83039808273315,0.186810061335564,0.13783310353756,0.0223084278404713,0.972422957420349
518.187316894531,0.11411402374506,0.0505160242319107,0.368034869432449,21.2432060241699,17.23366355896,5.6419849395752,0.189267978072166,0.138111099600792,0.0202437285333872,0.971953332424164
518.718627929688,0.114419654011726,0.0482748113572598,0.381461828947067,21.9508686065674,15.3851690292358,5.59023714065552,0.194858387112617,0.122052520513535,0.0219872482120991,0.972959399223328
519.285522460938,0.11959420144558,0.0492579005658627,0.377823412418365,21.7476444244385,17.7224750518799,5.17635154724121,0.193036139011383,0.14270481467247,0.0147868636995554,0.97064608335495
519.867858886719,0.118293941020966,0.0480073690414429,0.384736657142639,22.2195911407471,17.2215938568115,5.25167322158813,0.1970484405756,0.138033300638199,0.0156286433339119,0.970502197742462
520.405578613281,0.113300129771233,0.048880685120821,0.38188910484314,21.9003448486328,17.0758743286133,5.63344812393188,0.194786041975021,0.136353805661201,0.0195444151759148,0.971125185489655
520.907958984375,0.114222459495068,0.0480974242091179,0.382740676403046,22.2188854217529,17.1805400848389,5.436692237854,0.197258904576302,0.137367755174637,0.017267219722271,0.970526099205017
521.412658691406,0.112575300037861,0.0483589060604572,0.381754547357559,22.0351715087891,17.0643329620361,5.59666395187378,0.195879593491554,0.136229529976845,0.0190703105181456,0.970932066440582
521.92724609375,0.11297595500946,0.0480776242911816,0.380192071199417,22.1011638641357,17.1327381134033,5.55463027954102,0.196398243308067,0.136837467551231,0.0185078699141741,0.970752656459808
522.434204101563,0.112835876643658,0.0480298288166523,0.37962007522583,22.2884654998779,17.0033016204834,5.5833568572998,0.197993397712708,0.135567933320999,0.0187210980802774,0.970602631568909
523.012023925781,0.114755764603615,0.0471202470362186,0.382730066776276,22.6521759033203,16.9906711578369,5.49021100997925,0.200952231884003,0.135383114218712,0.0174652859568596,0.97004359960556
523.525085449219,0.114801928400993,0.0466248542070389,0.383505761623383,22.7128562927246,16.8930816650391,5.5718240737915,0.201545298099518,0.13437357544899,0.0182461850345135,0.970046579837799
524.1025390625,0.11871725320816,0.0480336546897888,0.375077784061432,22.3258762359619,17.6713447570801,5.47495031356812,0.198281183838844,0.14138650894165,0.0165969505906105,0.969752073287964
524.616088867188,0.116060622036457,0.0486110560595989,0.369749695062637,21.8879451751709,16.90234375,5.56543397903442,0.194571316242218,0.135006725788116,0.0192794296890497,0.971361696720123
525.200012207031,0.11546528339386,0.0482426881790161,0.369155824184418,22.1337623596191,16.4999084472656,5.50396299362183,0.196510493755341,0.131540149450302,0.0191200245171785,0.971450090408325
525.728942871094,0.113755792379379,0.0472731254994869,0.373416721820831,22.4787197113037,16.3731460571289,5.75237131118774,0.199687093496323,0.129809677600861,0.0209946036338806,0.97099632024765
526.241149902344,0.112435340881348,0.0474816225469112,0.370993584394455,22.4536685943604,16.4349021911621,5.83408832550049,0.199579641222954,0.130207374691963,0.0216121133416891,0.970951557159424
526.760498046875,0.108577601611614,0.0567519962787628,0.371871709823608,18.7474155426025,15.6721029281616,6.12438440322876,0.168307915329933,0.125706911087036,0.0300401728600264,0.977224588394165
527.271789550781,0.109300158917904,0.0504436157643795,0.370411038398743,21.1082191467285,14.7238597869873,5.59784317016602,0.187588587403297,0.116948261857033,0.0241671111434698,0.974961340427399
527.788818359375,0.0995215401053429,0.0543753691017628,0.368144959211349,19.4725780487061,13.6806745529175,7.00433683395386,0.174767076969147,0.106911294162273,0.0396735779941082,0.977983891963959
528.292114257813,0.0881185010075569,0.0573927946388721,0.360111862421036,18.4407768249512,13.1386661529541,7.49920606613159,0.166224658489227,0.102275714278221,0.045835193246603,0.979698002338409
528.807373046875,0.0773792043328285,0.0644807294011116,0.36059233546257,14.7692852020264,10.970311164856,8.44604396820068,0.134574472904205,0.0851161926984787,0.0604412071406841,0.985389173030853
529.384582519531,0.0842612236738205,0.0616288855671883,0.358511000871658,16.1498146057129,11.7381381988525,8.12639045715332,0.14655376970768,0.0910863280296326,0.0554589554667473,0.983437657356262
529.955627441406,0.087326854467392,0.0614253431558609,0.353151142597198,16.6107311248779,12.8276815414429,7.71445608139038,0.150655493140221,0.100630708038807,0.0500486679375172,0.982177019119263
530.456848144531,0.0878658965229988,0.060161754488945,0.354941219091415,16.8953456878662,12.6739978790283,7.57562255859375,0.15290205180645,0.0992945581674576,0.0487661249935627,0.982030272483826
530.973327636719,0.0905544981360435,0.0583832375705242,0.360769063234329,17.5635738372803,12.332202911377,7.40381479263306,0.158325493335724,0.0961301773786545,0.0470750443637371,0.981568098068237
531.560668945313,0.0961703732609749,0.0590035878121853,0.356680423021317,17.6137199401855,13.9982461929321,6.72400999069214,0.158763468265533,0.111298464238644,0.038896843791008,0.980251908302307
532.119506835938,0.0954891219735146,0.0601842254400253,0.350871175527573,16.7827301025391,13.6218509674072,6.60066032409668,0.151418045163155,0.108787007629871,0.0392734445631504,0.981679975986481
532.709228515625,0.0953445956110954,0.059637013822794,0.34898567199707,17.0363254547119,13.1975383758545,6.63317251205444,0.153470098972321,0.104945234954357,0.0398426540195942,0.981756567955017
533.28662109375,0.0953569412231445,0.057419192045927,0.359125435352325,18.0985546112061,12.2281036376953,6.75707960128784,0.162316054105759,0.095783069729805,0.0411450602114201,0.981216728687286
533.881591796875,0.0976314693689346,0.0581006035208702,0.354893684387207,17.7693290710449,12.1539163589478,6.42469215393066,0.159197822213173,0.0958235934376717,0.0387285612523556,0.981821775436401
534.4140625,0.0990611389279366,0.0577269941568375,0.356137603521347,17.6803283691406,12.0733289718628,6.23064756393433,0.158247902989388,0.0954565405845642,0.037264809012413,0.982067704200745
534.938659667969,0.0993898287415504,0.0559640191495419,0.363321930170059,18.5002174377441,12.1742858886719,6.15324401855469,0.165225073695183,0.0959323868155479,0.0356538444757462,0.980931401252747
535.43994140625,0.0995171964168549,0.0544266141951084,0.361563384532928,19.0180149078369,12.8595018386841,6.17706155776978,0.169875770807266,0.101440839469433,0.0343310348689556,0.979629218578339
535.948181152344,0.104072995483875,0.0530522800981998,0.364832818508148,19.630277633667,14.7385559082031,7.26435375213623,0.176728919148445,0.115422330796719,0.0400868989527225,0.97664612531662
536.452270507813,0.105331562459469,0.0515131838619709,0.369378536939621,20.4287281036377,14.755334854126,7.42821502685547,0.183680266141891,0.114716432988644,0.0405004434287548,0.975428879261017
537.025634765625,0.104367025196552,0.0523911342024803,0.367878079414368,19.6491165161133,13.6501121520996,7.15340614318848,0.176397651433945,0.106297947466373,0.0407961495220661,0.977711856365204
537.554260253906,0.101593852043152,0.0535294525325298,0.363314121961594,19.4206371307373,11.7758264541626,6.47197484970093,0.173217251896858,0.0914810001850128,0.0380716361105442,0.979886531829834
538.14013671875,0.110647976398468,0.0546499490737915,0.36566960811615,19.1113967895508,10.4966316223145,6.0558648109436,0.169844344258308,0.0813450515270233,0.0367076992988586,0.981421649456024
538.651184082031,0.0995481461286545,0.056060217320919,0.362880766391754,18.6416664123535,6.66715908050537,6.25738716125488,0.164579376578331,0.048471063375473,0.0443631783127785,0.984172821044922
539.169860839844,0.100454203784466,0.0559514313936234,0.359065771102905,18.6012096405029,7.1688494682312,6.16429376602173,0.164382085204124,0.0529354698956013,0.0428676605224609,0.984042048454285
539.745788574219,0.0906289145350456,0.0613781102001667,0.358811408281326,17.0256614685059,5.64256858825684,6.6926646232605,0.150440767407417,0.039965245872736,0.0503844805061817,0.986525118350983
540.246643066406,0.0546524301171303,0.0625039488077164,0.354818493127823,15.9995441436768,2.20935225486755,9.72642707824707,0.140260890126228,0.00722651975229383,0.0812632143497467,0.986747682094574
540.755737304688,0.0640032514929771,0.0602627620100975,0.356769502162933,16.7985897064209,4.62769556045532,8.43353748321533,0.148493453860283,0.029100289568305,0.0668007060885429,0.986225485801697
541.280395507813,0.0652903988957405,0.0584838092327118,0.36532923579216,17.7044067382813,3.93526554107666,8.37821102142334,0.155862778425217,0.0226007774472237,0.0668663457036018,0.985253810882568
541.792053222656,0.0698434561491013,0.0565617382526398,0.366900473833084,17.9772071838379,4.46940326690674,7.95469284057617,0.158414602279663,0.0275926496833563,0.0623806267976761,0.985013782978058
542.360229492188,0.0784753188490868,0.0566890649497509,0.365095168352127,18.2277526855469,6.19939613342285,7.35981512069702,0.16126611828804,0.0431293807923794,0.0547319278120995,0.984447836875916
542.860412597656,0.0813795775175095,0.0569080002605915,0.365636616945267,18.1524982452393,6.26433372497559,7.27544927597046,0.160619020462036,0.0438527315855026,0.0539576858282089,0.984564363956451
543.382995605469,0.0820955336093903,0.0618115030229092,0.364585518836975,16.0722103118896,5.80600500106812,6.89103126525879,0.142379179596901,0.0416663661599159,0.0523655600845814,0.98754745721817
543.907409667969,0.0843685418367386,0.0603870116174221,0.365897953510284,16.7464733123779,6.01601886749268,6.75431346893311,0.148226022720337,0.0432595610618591,0.0505718775093555,0.986711800098419
544.422302246094,0.0863339081406593,0.0589314810931683,0.362116366624832,17.2418518066406,7.39909267425537,6.3386926651001,0.152882367372513,0.0554277189075947,0.0448915734887123,0.985667049884796
544.988464355469,0.110369145870209,0.0528899654746056,0.356139868497849,19.42702293396,14.3371734619141,3.82116293907166,0.171410709619522,0.117350712418556,0.0115619488060474,0.978117346763611
545.494201660156,0.113257937133312,0.0504953786730766,0.357105731964111,20.6063671112061,16.0244522094727,4.38520288467407,0.182227954268456,0.130260407924652,0.012362802401185,0.974511384963989
546.015441894531,0.110137306153774,0.0515185333788395,0.362164199352264,20.1670265197754,14.3850326538086,4.64236259460449,0.178555741906166,0.116133280098438,0.0176587030291557,0.976892590522766
546.5166015625,0.107604198157787,0.0495544299483299,0.364282876253128,20.9266414642334,13.6897468566895,4.67248296737671,0.18493926525116,0.109752185642719,0.0181741397827864,0.976433157920837
547.098999023438,0.104164086282253,0.0501318946480751,0.363536179065704,20.77952003479,13.3376770019531,4.97437810897827,0.183911368250847,0.106345623731613,0.0214720238000154,0.976937174797058
547.599304199219,0.101380206644535,0.0519008226692677,0.361298173666,20.3648681640625,12.6576642990112,5.15461111068726,0.180406749248505,0.100487515330315,0.0245214607566595,0.978138267993927
548.191040039063,0.101293474435806,0.0528095401823521,0.358790010213852,20.0818004608154,12.1484518051147,5.27420711517334,0.177982717752457,0.0961088538169861,0.0266210902482271,0.978967130184174
548.780944824219,0.107794806361198,0.0515671521425247,0.355501890182495,20.4828796386719,13.3716268539429,4.65916919708252,0.181098476052284,0.107297301292419,0.0190452504903078,0.977408826351166
549.342468261719,0.104655772447586,0.0521022267639637,0.355202525854111,20.1974697113037,11.7107954025269,4.8569917678833,0.178529262542725,0.0929563567042351,0.0236261188983917,0.979248821735382
549.942138671875,0.104476198554039,0.0511709190905094,0.360137522220612,20.5542144775391,11.3912134170532,4.94193887710571,0.181573286652565,0.0899066254496574,0.0245225951075554,0.978951752185822
550.498046875,0.10099920630455,0.0504826828837395,0.360878854990005,20.825590133667,11.3709411621094,5.43168210983276,0.184264451265335,0.0888047069311142,0.0284878239035606,0.978442072868347
551.016052246094,0.0997206717729568,0.0504335314035416,0.36156165599823,20.8129577636719,11.0881824493408,5.70416021347046,0.184290796518326,0.0859591513872147,0.0312808491289616,0.97860586643219
551.537048339844,0.100936263799667,0.0495605655014515,0.365056574344635,21.2606029510498,11.1444206237793,5.5830192565918,0.188029393553734,0.0863788723945618,0.0297488309442997,0.9779052734375
552.049621582031,0.099466547369957,0.0488950982689857,0.371522635221481,21.5699768066406,10.9142065048218,6.14057970046997,0.191012144088745,0.0833094343543053,0.0346064418554306,0.977433562278748
552.551513671875,0.100059203803539,0.0495764762163162,0.374684691429138,21.3103790283203,9.64802074432373,6.26834487915039,0.188486099243164,0.0724484473466873,0.0380154810845852,0.978661894798279
553.051574707031,0.0997695773839951,0.0479558855295181,0.377533406019211,21.7745933532715,10.5362701416016,6.21644258499146,0.192692086100578,0.0798334404826164,0.0357045754790306,0.977354407310486
553.563659667969,0.098204106092453,0.0486513152718544,0.37302702665329,21.5556564331055,10.9525423049927,6.21730089187622,0.190957769751549,0.0835173726081848,0.035209883004427,0.977404952049255
554.129333496094,0.102106295526028,0.049167487770319,0.369406223297119,21.325403213501,10.8367958068848,5.94231748580933,0.188762530684471,0.083125114440918,0.0332624427974224,0.977932810783386
554.64697265625,0.103403709828854,0.0482934005558491,0.374945372343063,21.7126617431641,10.606372833252,5.88897180557251,0.19195593893528,0.0810182839632034,0.032847885042429,0.977501928806305
555.159362792969,0.102050110697746,0.0487212724983692,0.378114402294159,21.6994781494141,10.6440706253052,5.92949295043945,0.191883265972137,0.0812797769904137,0.0331419631838799,0.977484583854675
555.675354003906,0.0995290875434875,0.0494684167206287,0.375546425580978,21.3872394561768,10.1404666900635,6.09399175643921,0.189185917377472,0.076894536614418,0.0356517806649208,0.978276491165161
556.182800292969,0.0989953279495239,0.0502226911485195,0.371639877557755,21.037389755249,10.1166696548462,6.1444263458252,0.186230003833771,0.0768177956342697,0.0364158414304256,0.978821396827698
556.691589355469,0.100550562143326,0.0497629083693027,0.369751244783401,21.1511211395264,10.3302116394043,5.92490386962891,0.187116175889969,0.0789318755269051,0.0340967513620853,0.978567659854889
557.199645996094,0.0989707633852959,0.0498358868062496,0.367781907320023,21.2317943572998,9.90833377838135,6.18918895721436,0.187850415706635,0.0748488381505013,0.0369762219488621,0.978643298149109
557.704040527344,0.100878611207008,0.0494774356484413,0.365818232297897,21.4498767852783,10.2161159515381,5.82940483093262,0.189563676714897,0.0779407843947411,0.0332152061164379,0.97820633649826
558.297180175781,0.0963806509971619,0.0487124025821686,0.366953581571579,21.7336902618408,9.97935676574707,6.16241216659546,0.192132487893105,0.0751979649066925,0.0362136736512184,0.977813363075256
558.890502929688,0.0883856937289238,0.0483688153326511,0.368268817663193,21.7118225097656,9.81625270843506,6.62404680252075,0.192190259695053,0.0730455592274666,0.0404444485902786,0.977799296379089
559.40625,0.0889752134680748,0.0484710708260536,0.365291446447372,21.8039608001709,9.9093017578125,6.5730152130127,0.192974746227264,0.0738669484853745,0.0397762060165405,0.97761058807373
559.924743652344,0.0925049334764481,0.0489118248224258,0.363668531179428,21.634801864624,10.5445175170898,6.41012287139893,0.191639468073845,0.0796657502651215,0.0374652482569218,0.977509081363678
560.448547363281,0.0956656038761139,0.0483558513224125,0.366686344146729,21.9018955230713,10.0158205032349,6.19514465332031,0.193597987294197,0.0753524154424667,0.036291241645813,0.977509498596191
560.981140136719,0.0969671830534935,0.0476713366806507,0.371449261903763,22.2908020019531,9.97684764862061,6.14697742462158,0.196864604949951,0.0748669356107712,0.0356222242116928,0.976918816566467
561.492614746094,0.0944586396217346,0.0477405562996864,0.37306672334671,22.2694416046143,9.99132919311523,6.35944747924805,0.196826055645943,0.0746384710073471,0.0374265089631081,0.976876556873322
562.072570800781,0.0974113494157791,0.0518324226140976,0.370972663164139,20.4382152557373,9.82525634765625,6.32368421554565,0.18114061653614,0.0744001865386963,0.0389122627675533,0.979866564273834
562.577697753906,0.13322839140892,0.0521308779716492,0.36935755610466,20.9400005340576,10.2339334487915,4.51348304748535,0.184309631586075,0.0805090665817261,0.0223724823445082,0.979309797286987
563.082763671875,0.149422034621239,0.0573183447122574,0.368928462266922,18.6618061065674,8.37639999389648,4.02304220199585,0.16413302719593,0.0663461983203888,0.0227095726877451,0.98394250869751
563.5947265625,0.134137511253357,0.0561300031840801,0.371146529912949,18.3030452728271,10.3871650695801,4.28092765808105,0.161620318889618,0.0833905637264252,0.0223357025533915,0.983069717884064
564.12548828125,0.107720464468002,0.0570345260202885,0.379994630813599,18.5549030303955,10.3472633361816,5.90297651290894,0.164928033947945,0.0806094110012054,0.0360916554927826,0.982343316078186
564.685607910156,0.109940886497498,0.0574012473225594,0.364323019981384,18.3013687133789,15.0720176696777,5.75526475906372,0.163959369063377,0.121402032673359,0.0283054709434509,0.978559017181396
565.207092285156,0.106613233685493,0.0521870329976082,0.365428626537323,19.6325721740723,14.2543525695801,5.44563627243042,0.174788936972618,0.114081233739853,0.0253179576247931,0.977646827697754
565.731140136719,0.102909088134766,0.0506116598844528,0.36947962641716,20.4244079589844,14.4905815124512,5.62664651870728,0.181758791208267,0.115337386727333,0.0255858059972525,0.976220488548279
566.264404296875,0.101491555571556,0.0504312589764595,0.366872102022171,20.6574840545654,14.3540334701538,5.56075525283813,0.183643653988838,0.114136934280396,0.0249737482517958,0.976024627685547
566.810485839844,0.098267674446106,0.0541306734085083,0.362841129302979,19.4368324279785,14.4022359848022,6.37880992889404,0.174089416861534,0.114044554531574,0.0332783758640289,0.977537393569946
567.399047851563,0.102793045341969,0.0523958951234818,0.374063730239868,20.3575191497803,15.7132005691528,5.40559101104736,0.181210711598396,0.126138120889664,0.0218476392328739,0.975076675415039
567.902648925781,0.102936491370201,0.0526745766401291,0.37749046087265,20.2795429229736,15.4100036621094,5.80323791503906,0.180917829275131,0.122978039085865,0.0258073806762695,0.975437939167023
568.416015625,0.10055972635746,0.0521257556974888,0.376264154911041,20.3729667663574,15.237943649292,6.04681158065796,0.181930050253868,0.12106753885746,0.0280389338731766,0.975427091121674
568.933471679688,0.0983640179038048,0.0513348393142223,0.375860810279846,20.6053142547607,14.9871320724487,6.31597948074341,0.184119760990143,0.118348821997643,0.0304492935538292,0.975277602672577
569.438659667969,0.0982692986726761,0.0515322349965572,0.375143140554428,20.4881343841553,14.7510299682617,6.20641040802002,0.182950168848038,0.116592459380627,0.0300345811992884,0.975722014904022
569.947875976563,0.0982941687107086,0.0506937429308891,0.37529855966568,20.7316722869873,14.6673431396484,6.2491397857666,0.185039535164833,0.115650124847889,0.03024498000741,0.975433588027954
570.452453613281,0.0977457836270332,0.0503763593733311,0.374642133712769,20.8824234008789,14.6150121688843,6.29288196563721,0.186349451541901,0.115033410489559,0.0305245760828257,0.975248396396637
570.954772949219,0.0958681404590607,0.0508021116256714,0.368220716714859,20.8042945861816,14.444899559021,6.46136951446533,0.185807451605797,0.113364443182945,0.0323264077305794,0.975489258766174
571.46875,0.094471201300621,0.0504212975502014,0.36678546667099,20.9756298065186,14.2499876022339,6.53536558151245,0.18727907538414,0.111468344926834,0.0330750048160553,0.975401163101196
572.0400390625,0.0895073562860489,0.0495365373790264,0.370151281356812,21.5156211853027,12.2482118606567,6.81452131271362,0.191493675112724,0.0935918763279915,0.038177203387022,0.976275205612183
572.556213378906,0.0811677724123001,0.0481640584766865,0.373407483100891,21.8912181854248,11.1230554580688,7.81007146835327,0.195024579763412,0.0820602923631668,0.0481901504099369,0.976170718669891
573.087951660156,0.0806887969374657,0.0472667142748833,0.374388098716736,22.1403198242188,10.973819732666,7.89719724655151,0.197139292955399,0.0804548189043999,0.0489543527364731,0.975841462612152
573.589416503906,0.0803177207708359,0.0470763593912125,0.372938811779022,22.2152633666992,11.0008277893066,7.99429845809937,0.197855576872826,0.0804611593484879,0.049664668738842,0.975660085678101
574.096801757813,0.0810585767030716,0.0472038239240646,0.371841490268707,22.2791233062744,11.0947217941284,7.96084499359131,0.19841468334198,0.081270195543766,0.0491575561463833,0.975505173206329
574.60986328125,0.0832400321960449,0.0465876534581184,0.374799579381943,22.5442447662354,11.0480842590332,7.84172058105469,0.200561195611954,0.0808817148208618,0.0479755960404873,0.97515732049942
575.136962890625,0.0874163135886192,0.0469732321798801,0.37175315618515,22.1968612670898,11.775110244751,7.66186904907227,0.197777077555656,0.0876399129629135,0.0455158911645412,0.975259840488434
575.645874023438,0.0957480445504189,0.0508836470544338,0.365311920642853,21.2279930114746,13.678729057312,7.17038202285767,0.189842149615288,0.105383545160294,0.0391335673630238,0.9753577709198
576.161376953125,0.0952139496803284,0.0495718866586685,0.368011265993118,21.5839977264404,13.420313835144,7.18232727050781,0.192785784602165,0.102906793355942,0.0392713807523251,0.975039303302765
576.691833496094,0.095891997218132,0.047567293047905,0.37561708688736,22.3192157745361,12.988618850708,7.16941165924072,0.198862612247467,0.098725400865078,0.0391005352139473,0.97425776720047
577.197814941406,0.0970985591411591,0.0470254644751549,0.371713876724243,22.5679664611816,12.6346168518066,6.80260181427002,0.20054329931736,0.0961789190769196,0.0363361202180386,0.97427499294281
577.7294921875,0.0953338444232941,0.0497925318777561,0.365581005811691,21.2793121337891,12.1494998931885,6.87465238571167,0.189500421285629,0.0928116291761398,0.0390913560986519,0.976702332496643
578.2783203125,0.097822368144989,0.050772737711668,0.357342123985291,20.5266590118408,11.9967975616455,6.40792942047119,0.182667106389999,0.0927642062306404,0.0361051522195339,0.978122651576996
578.783447265625,0.100629419088364,0.0500120557844639,0.358674913644791,20.5563793182373,12.4686946868896,6.16954708099365,0.182865560054779,0.0971528291702271,0.0332884304225445,0.97775936126709
579.313598632813,0.0979021489620209,0.0480593331158161,0.367521792650223,21.453914642334,12.4654493331909,6.39333868026733,0.190689072012901,0.0961861535906792,0.0342891290783882,0.976324796676636
579.876831054688,0.0924314931035042,0.0468841232359409,0.367754399776459,21.914758682251,12.0939626693726,6.61648321151733,0.194674432277679,0.0923430547118187,0.0363500453531742,0.975834667682648
580.407531738281,0.0936445370316505,0.0463777519762516,0.362633496522903,22.0972385406494,12.6216497421265,6.55421161651611,0.196336343884468,0.0968194156885147,0.0347343273460865,0.975126445293427
580.92431640625,0.095890186727047,0.0467463359236717,0.359551519155502,21.9415054321289,12.401026725769,6.23519277572632,0.19468130171299,0.0955879911780357,0.0325548090040684,0.97565484046936
581.438415527344,0.105246059596539,0.0450774282217026,0.363544166088104,22.752815246582,13.8777704238892,5.41779756546021,0.201187610626221,0.109050363302231,0.0221899561583996,0.97321081161499
582.036682128906,0.101834326982498,0.0465911068022251,0.36190938949585,22.2943878173828,13.8762369155884,5.74975919723511,0.197617217898369,0.108743645250797,0.0255241114646196,0.973894655704498
582.629516601563,0.0952078700065613,0.0484178103506565,0.36056512594223,21.4000263214111,13.3195848464966,6.37773418426514,0.190467610955238,0.103522337973118,0.0327923260629177,0.975668966770172
583.14404296875,0.0934986770153046,0.0479891933500767,0.364565163850784,21.7161045074463,12.975284576416,6.61210489273071,0.193258017301559,0.0999873802065849,0.0350253023207188,0.975411236286163
583.691284179688,0.0974821746349335,0.0466631464660168,0.368191212415695,22.3269386291504,12.7363176345825,6.37732744216919,0.198169231414795,0.0979466587305069,0.0327935628592968,0.97471022605896
584.211242675781,0.0986011475324631,0.0461684167385101,0.3675457239151,22.4290637969971,12.3412523269653,6.32176685333252,0.198875978589058,0.0946151912212372,0.0329005010426044,0.974891722202301
584.74365234375,0.0970430076122284,0.0455850958824158,0.369025737047195,22.6682357788086,12.2999086380005,6.40172052383423,0.20095930993557,0.0939674153923988,0.0334108769893646,0.974509716033936
585.265258789063,0.0945812463760376,0.045933086425066,0.371343910694122,22.615550994873,12.3440294265747,6.63475894927979,0.200716704130173,0.0939693376421928,0.0353687480092049,0.974490463733673
585.783996582031,0.0930293053388596,0.0455332100391388,0.374383836984634,22.8031635284424,12.2552871704102,6.7345871925354,0.2023616284132,0.0929116755723953,0.0361832901835442,0.974221706390381
586.316223144531,0.0933394059538841,0.0439798384904861,0.38066890835762,23.3930377960205,12.1452503204346,6.88191699981689,0.207444384694099,0.0913060978055,0.0370361506938934,0.973272025585175
586.902404785156,0.092683844268322,0.0431299097836018,0.385402321815491,23.7403316497803,11.8880529403687,6.91439008712769,0.210327640175819,0.0888206958770752,0.0374337173998356,0.972867846488953
587.417236328125,0.092845618724823,0.0439991280436516,0.382656037807465,23.3795204162598,12.0776815414429,6.94883346557617,0.207360953092575,0.0906205177307129,0.0377404019236565,0.973326802253723
587.951721191406,0.0919238030910492,0.0451640821993351,0.384762585163116,23.1006298065186,12.1385908126831,7.07034826278687,0.205114662647247,0.091115802526474,0.0389438718557358,0.973709046840668
588.460815429688,0.0907469317317009,0.0474435873329639,0.3810054063797,22.0220985412598,12.0883159637451,6.85511827468872,0.195776090025902,0.0918159484863281,0.0382844619452953,0.975589990615845
588.983337402344,0.0905671864748001,0.0464916825294495,0.382467538118362,22.3748435974121,12.2010164260864,6.8707480430603,0.198820725083351,0.0925058349967003,0.0378692038357258,0.974925100803375
589.490905761719,0.0904709473252296,0.0464643873274326,0.385685801506042,22.4522094726563,12.1311960220337,6.9755973815918,0.199538141489029,0.0916759595274925,0.0388046242296696,0.974820137023926
590.08544921875,0.0913182944059372,0.048126183450222,0.378815352916718,21.4490814208984,12.254563331604,6.86062240600586,0.190967917442322,0.0936144217848778,0.0386265702545643,0.976358354091644
590.602478027344,0.0969970673322678,0.0496396608650684,0.371672540903091,20.690092086792,12.9273538589478,6.18293762207031,0.184146925806999,0.100959196686745,0.0325301997363567,0.977158606052399
591.201843261719,0.0952811688184738,0.047799825668335,0.377744138240814,21.4857902526855,12.7124929428101,6.31751251220703,0.190968379378319,0.0983962640166283,0.033198993653059,0.976087689399719
591.761413574219,0.0914715379476547,0.0471695847809315,0.381145924329758,21.7833499908447,12.7454490661621,6.49985408782959,0.193662375211716,0.0981752499938011,0.0343870520591736,0.975537836551666
592.287231445313,0.0911686792969704,0.0471582375466824,0.378494560718536,21.8541069030762,12.6209001541138,6.64411306381226,0.194347858428955,0.0968233123421669,0.0357524678111076,0.975487530231476
592.794128417969,0.093527115881443,0.0473023019731045,0.373533457517624,21.8539733886719,12.6924467086792,6.47046422958374,0.194221124053001,0.0977268815040588,0.0341530852019787,0.975480020046234
593.304626464844,0.0940937548875809,0.0473138950765133,0.366734683513641,21.7878379821777,12.5850992202759,6.36456918716431,0.19353774189949,0.0970356464385986,0.0335015095770359,0.975707352161407
593.820556640625,0.0905559733510017,0.049106527119875,0.354215204715729,21.0779495239258,13.3650617599487,6.73767995834351,0.188070595264435,0.10353210568428,0.0361322723329067,0.976014852523804
594.340393066406,0.0911590158939362,0.0494088195264339,0.354627221822739,20.7987174987793,13.2245349884033,6.65635871887207,0.185580208897591,0.102657608687878,0.0359711349010468,0.976589739322662
594.856384277344,0.0930538922548294,0.0495090708136559,0.355090856552124,20.8308753967285,13.0623693466187,6.43087720870972,0.185602962970734,0.101619191467762,0.0342775657773018,0.976754903793335
595.381164550781,0.0941686034202576,0.0488142929971218,0.356902450323105,21.2394237518311,12.9632701873779,6.40642023086548,0.18902513384819,0.100546099245548,0.0337983593344688,0.976226270198822
595.89697265625,0.0923599749803543,0.0482896789908409,0.357905805110931,21.4301719665527,12.8801040649414,6.45823287963867,0.190666645765305,0.0996260270476341,0.0341765321791172,0.975988149642944
596.439086914063,0.091552197933197,0.0478371381759644,0.359582841396332,21.6427021026611,12.8230571746826,6.50016069412231,0.192491382360458,0.0989290922880173,0.0344059094786644,0.975692749023438
596.97705078125,0.0910846889019012,0.0473155938088894,0.362265944480896,21.8609294891357,12.5619478225708,6.75863552093506,0.194483533501625,0.0961225479841232,0.0368203334510326,0.975490093231201
597.5244140625,0.0915951281785965,0.0465045310556889,0.364718526601791,22.3022174835205,12.5595502853394,6.69665718078613,0.198176637291908,0.0959073454141617,0.0358412489295006,0.974804222583771
598.03271484375,0.0896845683455467,0.0501646846532822,0.363841623067856,20.4459896087646,12.3023891448975,6.88497257232666,0.182471483945847,0.0946654081344604,0.0397700034081936,0.977834820747375
598.561584472656,0.0890388488769531,0.0494334846735001,0.361779689788818,20.9467086791992,12.3503074645996,6.89705228805542,0.186758860945702,0.0947137176990509,0.0392882861196995,0.977039873600006
599.083068847656,0.0897651985287666,0.0493988655507565,0.359029799699783,20.8612155914307,12.4471073150635,6.7902774810791,0.185975655913353,0.0957708731293678,0.0383075438439846,0.977125108242035
599.60791015625,0.0894983038306236,0.0484947301447392,0.35965833067894,21.2313537597656,12.1903390884399,6.61051368713379,0.188891246914864,0.0936280786991119,0.0368204787373543,0.976830720901489
600.195739746094,0.0899084880948067,0.0473595485091209,0.361145585775375,21.9177875518799,12.160252571106,6.56536865234375,0.19467967748642,0.0929923951625824,0.0357991382479668,0.975792348384857
600.713317871094,0.090736985206604,0.0464862994849682,0.364592909812927,22.3562755584717,12.1471395492554,6.45022392272949,0.198306128382683,0.0927886068820953,0.0344030819833279,0.975131511688232
601.223876953125,0.0874880850315094,0.0461523607373238,0.367814064025879,22.4378986358643,12.1240348815918,6.70109605789185,0.199194222688675,0.0921024456620216,0.0364961437880993,0.974939405918121
601.738098144531,0.0842681676149368,0.0455386191606522,0.370611310005188,22.7009315490723,12.3094577789307,6.74545288085938,0.201520591974258,0.0934230014681816,0.0362839102745056,0.974343419075012
602.324340820313,0.0901885256171227,0.0453751794993877,0.370700180530548,22.8590869903564,12.4418058395386,6.53614234924316,0.202730491757393,0.0948101133108139,0.0341097302734852,0.974036931991577
602.829833984375,0.0934325233101845,0.045103844255209,0.36991560459137,22.9575290679932,12.4874076843262,6.21583271026611,0.203311875462532,0.0957001745700836,0.0312057472765446,0.973926067352295
603.351501464844,0.0919870659708977,0.0453414432704449,0.368747055530548,22.9436511993408,12.41819190979,6.35045671463013,0.203286901116371,0.0948821157217026,0.0324869193136692,0.973969399929047
603.92724609375,0.0938491970300674,0.0470721013844013,0.365543216466904,22.3171768188477,12.0759801864624,6.27843570709229,0.19781431555748,0.0925053656101227,0.0331029929220676,0.975303292274475
604.444702148438,0.0930363014340401,0.0476664341986179,0.365031003952026,21.7205429077148,11.3681221008301,6.34044313430786,0.192580416798592,0.0867515951395035,0.0354124717414379,0.97679728269577
604.967407226563,0.0899523794651031,0.0469791032373905,0.366124182939529,22.0977039337158,11.4288101196289,6.28051900863647,0.195760563015938,0.0871312916278839,0.034444335848093,0.97616571187973
605.545532226563,0.0854533985257149,0.0459409207105637,0.368379026651382,22.3827610015869,11.3963689804077,6.55907297134399,0.198383465409279,0.0861923322081566,0.0366033539175987,0.975640892982483
606.052551269531,0.0843625515699387,0.0462766252458096,0.367249429225922,22.3347129821777,11.8089427947998,6.69150972366333,0.198209539055824,0.0895071849226952,0.037063006311655,0.975360333919525
606.577453613281,0.0892270505428314,0.0460316985845566,0.368965119123459,22.5173606872559,11.4097137451172,6.41391038894653,0.199421584606171,0.086470365524292,0.0352172330021858,0.975455641746521
607.157653808594,0.0940700843930244,0.0461225397884846,0.369502186775208,22.5557708740234,11.1411371231079,6.04875898361206,0.19939561188221,0.0847950503230095,0.0325400829315186,0.975700974464417
607.684631347656,0.0952735841274261,0.0474867708981037,0.362864434719086,21.8561706542969,11.596095085144,5.97589826583862,0.193520873785019,0.08922428637743,0.0317933708429337,0.976513147354126
608.214904785156,0.0933159217238426,0.0479170270264149,0.361498802900314,21.5952339172363,11.5054636001587,6.05675888061523,0.191338405013084,0.0884758681058884,0.032881923019886,0.97697514295578
608.790771484375,0.096456453204155,0.0471115224063396,0.36643460392952,21.9207992553711,11.3422756195068,5.62176513671875,0.193729862570763,0.0876209288835526,0.0291434954851866,0.976699531078339
609.308532714844,0.0983884334564209,0.0460158474743366,0.371815085411072,22.2904758453369,11.5797452926636,5.55400514602661,0.196880131959915,0.0895444080233574,0.0278156772255898,0.97593355178833
609.831787109375,0.0968738198280334,0.0455675534904003,0.372886687517166,22.3132228851318,11.2114658355713,5.71051645278931,0.197100937366486,0.0861252024769783,0.0297606866806746,0.97613936662674
610.366394042969,0.0992307811975479,0.0524756610393524,0.366214841604233,19.1937999725342,11.1361474990845,5.28852605819702,0.170165792107582,0.0879134759306908,0.0291155315935612,0.981054067611694
610.887023925781,0.10349353402853,0.0536699518561363,0.356775522232056,18.8023529052734,11.0628309249878,5.21549797058105,0.166743949055672,0.0876010432839394,0.0289490967988968,0.981674313545227
611.410034179688,0.105043143033981,0.0519403256475925,0.367842733860016,19.7136611938477,10.646388053894,5.18102788925171,0.174405589699745,0.083606906235218,0.0284729711711407,0.980704784393311
611.920593261719,0.105179652571678,0.0498035177588463,0.379489988088608,20.5670528411865,10.9504613876343,5.23659420013428,0.181808054447174,0.0856667906045914,0.0277273952960968,0.97920286655426
612.426086425781,0.104136854410172,0.053002905100584,0.374220341444016,19.4122924804688,10.9317874908447,5.46332406997681,0.172112464904785,0.0857845693826675,0.0307216476649046,0.980853974819183
612.95849609375,0.102423995733261,0.0532398596405983,0.371733903884888,19.2745265960693,10.8366146087646,5.60080194473267,0.171011179685593,0.0848400667309761,0.0321629978716373,0.981082499027252
613.477600097656,0.103512272238731,0.0515062846243382,0.375619977712631,19.6689643859863,11.1245260238647,5.3527774810791,0.174272328615189,0.0874608755111694,0.0292546264827251,0.980369329452515
613.983581542969,0.0999650210142136,0.0567561537027359,0.374869346618652,17.9986801147461,10.2972917556763,5.04344701766968,0.159540876746178,0.0816948562860489,0.0292574167251587,0.983370065689087
614.504699707031,0.0992103219032288,0.0572432093322277,0.361480742692947,17.2282848358154,10.7543983459473,4.50786304473877,0.152648866176605,0.0867186561226845,0.0246883314102888,0.984158873558044
615.044494628906,0.0970720276236534,0.0551151670515537,0.360557556152344,18.1601390838623,10.4800958633423,4.74260425567627,0.160751864314079,0.0836046412587166,0.026285333558917,0.983096241950989
615.638549804688,0.0936048626899719,0.0522272102534771,0.366143465042114,19.4213886260986,10.0498819351196,5.42518281936646,0.17192268371582,0.0782857164740562,0.0317111611366272,0.981482744216919
616.219299316406,0.0981295928359032,0.0513446815311909,0.362899452447891,20.0268039703369,10.8259992599487,5.49191999435425,0.177354857325554,0.0844975784420967,0.0305836852639914,0.980035781860352
616.730590820313,0.10064834356308,0.050611138343811,0.358246922492981,20.3651351928711,10.29065990448,4.70223426818848,0.179545789957047,0.0809723734855652,0.0243732202798128,0.980108618736267
617.257751464844,0.104676246643066,0.0495265983045101,0.364676117897034,20.7994270324707,10.4864377975464,5.0956449508667,0.1835767775774,0.0818028301000595,0.0270602703094482,0.979221999645233
617.775024414063,0.104114539921284,0.0495358183979988,0.368077784776688,20.690258026123,10.2266893386841,5.34962892532349,0.182759255170822,0.0792348682880402,0.0297384336590767,0.979508340358734
618.283203125,0.104928255081177,0.0491199381649494,0.364888191223145,20.9473342895508,11.0230350494385,5.03256273269653,0.184915214776993,0.0864105075597763,0.0255294777452946,0.978615283966064
618.78759765625,0.113121919333935,0.051565732806921,0.343470513820648,19.8931941986084,14.156867980957,3.58142042160034,0.175122857093811,0.115960001945496,0.00926962774246931,0.977649927139282
619.317260742188,0.11554266512394,0.0501049011945724,0.344367533922195,20.5413932800293,14.8801975250244,4.07224750518799,0.181213200092316,0.121052697300911,0.0115926554426551,0.975896418094635
619.863830566406,0.112092897295952,0.0488194637000561,0.359120279550552,21.0003700256348,11.8128681182861,4.603111743927,0.185188323259354,0.0938197523355484,0.0205388069152832,0.977998614311218
620.397583007813,0.113378264009953,0.0497208274900913,0.37434795498848,19.9551296234131,10.7584581375122,4.36622285842896,0.175891414284706,0.0856914520263672,0.0211207773536444,0.980445384979248
620.904418945313,0.112188257277012,0.0501567013561726,0.369592547416687,19.9119434356689,10.6672849655151,4.69467306137085,0.175748214125633,0.0844280794262886,0.024108175188303,0.980511724948883
621.414733886719,0.111833773553371,0.0495339557528496,0.361157566308975,20.1796836853027,11.0316743850708,4.32786083221436,0.177829876542091,0.0879824087023735,0.0201750192791224,0.979912519454956
621.922668457031,0.111359879374504,0.0501152835786343,0.360659807920456,20.0499324798584,10.9619665145874,4.39541816711426,0.1767608076334,0.0873428881168365,0.0209748800843954,0.98014634847641
622.4443359375,0.113184325397015,0.0490779466927052,0.370909363031387,20.6473255157471,11.2451992034912,4.37653350830078,0.1818967461586,0.0895092189311981,0.0198390632867813,0.979034245014191
622.962463378906,0.110346131026745,0.0489308536052704,0.372527092695236,20.7237606048584,11.0390787124634,4.56342029571533,0.182655781507492,0.0874138250946999,0.021695340052247,0.979042887687683
623.482360839844,0.110211685299873,0.0492408946156502,0.367170125246048,20.5562210083008,11.663122177124,4.45489072799683,0.1812544465065,0.0929994434118271,0.0199296902865171,0.978826224803925
624.018371582031,0.109371788799763,0.0492048226296902,0.36689692735672,20.5232334136963,11.6579113006592,4.41903066635132,0.180943056941032,0.0930277183651924,0.0196623355150223,0.978886544704437
624.594055175781,0.111069649457932,0.0499244518578053,0.362075626850128,20.2571887969971,11.6635255813599,4.02885007858276,0.178355738520622,0.093812882900238,0.0165667030960321,0.97934365272522
625.158325195313,0.111589089035988,0.0506046190857887,0.357493579387665,20.0391750335693,11.6957750320435,4.02538347244263,0.176496431231499,0.0941932275891304,0.0166892409324646,0.979641854763031
625.687377929688,0.113299295306206,0.0504161044955254,0.356915712356567,20.319694519043,11.551531791687,3.94019198417664,0.178801134228706,0.0929656177759171,0.0159259382635355,0.979353845119476
626.2138671875,0.111951693892479,0.0509712770581245,0.35527566075325,19.9486961364746,11.2801532745361,4.15509510040283,0.175764411687851,0.090481199324131,0.0185198709368706,0.980090320110321
626.72607421875,0.113095179200172,0.0504034832119942,0.356334030628204,20.1714019775391,11.402027130127,4.01319742202759,0.17757248878479,0.0916408449411392,0.0169176124036312,0.979685544967651
627.23486328125,0.110714055597782,0.0502939000725746,0.358928769826889,20.3117389678955,11.4388456344604,4.32051753997803,0.17902185022831,0.0914124101400375,0.0193596668541431,0.979397892951965
627.759643554688,0.108179956674576,0.0502281077206135,0.360475540161133,20.4658584594727,11.4563140869141,4.42614650726318,0.180424302816391,0.0913220420479774,0.0200939942151308,0.979134142398834
628.276123046875,0.110264740884304,0.0497013479471207,0.36043918132782,20.6476745605469,11.4762668609619,4.33106803894043,0.181903034448624,0.0915552079677582,0.0190835520625114,0.978858888149261
628.800231933594,0.111853688955307,0.049618486315012,0.359870463609695,20.6294174194336,11.4207925796509,4.29545974731445,0.181709676980972,0.0911465436220169,0.01888407766819,0.978936910629272
629.304321289063,0.111448414623737,0.0503802411258221,0.362715989351273,20.4773941040039,11.1794290542603,4.31048440933228,0.180383816361427,0.0891324803233147,0.0195310637354851,0.979354739189148
629.823547363281,0.109743610024452,0.0483407266438007,0.36723330616951,21.070068359375,11.3840360641479,4.50594472885132,0.185627833008766,0.090281717479229,0.020338486880064,0.978252470493317
630.408874511719,0.108631372451782,0.0483776442706585,0.367022335529327,21.1735458374023,11.374529838562,4.69102907180786,0.186653509736061,0.0898480862379074,0.0218392834067345,0.978064894676208
630.928649902344,0.110416248440742,0.0466811060905457,0.360749870538712,21.6938552856445,10.9213123321533,4.27575159072876,0.190687894821167,0.0864086598157883,0.0185758322477341,0.97766387462616
631.435791015625,0.103896871209145,0.0385833270847797,0.363401085138321,25.3470115661621,7.38197565078735,3.82403206825256,0.220913633704185,0.0554670505225658,0.0183685980737209,0.973541557788849
631.958374023438,0.0920693874359131,0.0306476764380932,0.372870951890945,28.7140331268311,2.61946392059326,3.74142479896545,0.248489126563072,0.0140390321612358,0.0259518213570118,0.968185186386108
632.473205566406,0.0881220921874046,0.0311044715344906,0.373651713132858,28.447717666626,2.36903858184814,4.56155729293823,0.246261402964592,0.0102462945505977,0.0334929153323174,0.968570351600647
633.008239746094,0.087993711233139,0.0328415557742119,0.367343217134476,27.7442989349365,2.34301829338074,4.79282569885254,0.240326344966888,0.00980873219668865,0.0356874652206898,0.969986319541931
633.594482421875,0.11953341960907,0.0480285733938217,0.363270789384842,22.2903003692627,11.1622371673584,5.12834453582764,0.196455210447311,0.0867185220122337,0.0249064080417156,0.976352870464325
634.124877929688,0.128790080547333,0.053837738931179,0.379087746143341,21.514087677002,8.01950931549072,6.54807806015015,0.18980747461319,0.0579518973827362,0.0429406464099884,0.97916841506958
634.642150878906,0.119758613407612,0.0544665604829788,0.371945172548294,20.4909534454346,8.23740291595459,6.58197641372681,0.181171327829361,0.0603768453001976,0.0435919426381588,0.980628073215485
635.145202636719,0.0927340015769005,0.0398940071463585,0.363790184259415,25.6680583953857,1.69391560554504,4.360023021698,0.222490817308426,0.00595331937074661,0.0338037982583046,0.974330425262451
635.686157226563,0.0788485482335091,0.0368469431996346,0.371739029884338,26.6855182647705,1.84874892234802,6.47924423217773,0.231264233589172,0.00263222213834524,0.0512622781097889,0.971535980701447
636.200988769531,0.0884980037808418,0.041117612272501,0.384588778018951,24.9306087493896,3.01979875564575,6.06195020675659,0.216831982135773,0.0142833339050412,0.045931875705719,0.975023210048676
636.77734375,0.0892599299550056,0.042602363973856,0.367686748504639,23.8334789276123,4.55696773529053,5.77355861663818,0.208024069666862,0.0284592658281326,0.0410392358899117,0.976847946643829
637.297485351563,0.0796667635440826,0.044239304959774,0.354931056499481,22.973123550415,6.65013217926025,6.06201553344727,0.201530173420906,0.0462476201355457,0.0401961095631123,0.977563798427582
637.799987792969,0.078223742544651,0.0444452874362469,0.357201755046844,22.7801609039307,7.46202087402344,5.90538263320923,0.200093373656273,0.0535548441112041,0.0375559218227863,0.977590978145599
638.302917480469,0.0802218616008759,0.045183077454567,0.365197986364365,22.7944679260254,7.91964626312256,5.88971328735352,0.200355753302574,0.0574778504669666,0.0366131961345673,0.977350175380707
638.822143554688,0.0884090438485146,0.0509660914540291,0.358760267496109,20.6505756378174,8.83620929718018,5.56922340393066,0.182174637913704,0.0670153945684433,0.0338617488741875,0.980395197868347
639.336303710938,0.0907663851976395,0.0503220148384571,0.371980100870132,21.1688060760498,8.70275020599365,5.46580934524536,0.186502054333687,0.0657642558217049,0.032812986522913,0.979701697826385
639.855224609375,0.095756858587265,0.047350462526083,0.383436977863312,22.2637462615967,9.01128482818604,5.60631036758423,0.196010410785675,0.0675742626190186,0.0326876230537891,0.977724492549896
640.378662109375,0.100190527737141,0.0462037995457649,0.381480544805527,22.7129745483398,8.89404582977295,5.25842809677124,0.199600517749786,0.0669335126876831,0.0295867938548326,0.977140843868256
640.960998535156,0.101945862174034,0.0454509891569614,0.379153251647949,22.9902420043945,9.0273551940918,5.1073317527771,0.201905146241188,0.0681903511285782,0.0278584770858288,0.976631104946136
641.467895507813,0.100433208048344,0.0446601212024689,0.383827775716782,23.4057197570801,8.95799541473389,5.19154787063599,0.205472514033318,0.0672335773706436,0.0283884610980749,0.975937902927399
641.997924804688,0.101434528827667,0.0444323010742664,0.38541117310524,23.4686622619629,8.94262218475342,5.082106590271,0.205939799547195,0.0672663971781731,0.0274371076375246,0.975864350795746
642.580444335938,0.103658184409142,0.0453398190438747,0.37846627831459,23.0393543243408,8.96141624450684,4.92060518264771,0.202196627855301,0.0679326057434082,0.0263467021286488,0.976630747318268
643.110778808594,0.109878450632095,0.0597673803567886,0.362927258014679,16.0929107666016,11.2130098342896,4.02096748352051,0.142614275217056,0.0917873233556747,0.0209041386842728,0.985291481018066
643.627258300781,0.129822790622711,0.0470923632383347,0.356883883476257,20.760648727417,16.4497547149658,1.56169784069061,0.18022920191288,0.138273969292641,-0.0125070763751864,0.973776817321777
644.142272949219,0.119183376431465,0.0581707619130611,0.367027819156647,16.6087856292725,14.7214736938477,3.45227098464966,0.146995484828949,0.122400388121605,0.0110650593414903,0.981472373008728
644.673400878906,0.117415457963943,0.0571624077856541,0.367597579956055,17.1470546722412,15.2591724395752,4.24949979782104,0.152524560689926,0.125716105103493,0.0165572445839643,0.980131447315216
645.185546875,0.116680696606636,0.0557654239237309,0.363083899021149,17.8970890045166,14.8453512191772,4.16076755523682,0.158774897456169,0.121932215988636,0.0154776060953736,0.979634404182434
645.708557128906,0.116623423993587,0.0148244639858603,0.36059308052063,35.3866233825684,17.0572986602783,4.39829540252686,0.305761307477951,0.129651218652725,-0.00888607744127512,0.943197548389435
646.248901367188,0.109601244330406,0.0520529858767986,0.367263227701187,19.7531356811523,15.5206518173218,5.94033479690552,0.176619976758957,0.124043203890324,0.027450542896986,0.976045668125153
646.813598632813,0.109332963824272,0.0661629065871239,0.3517005443573,14.4363718032837,16.4168834686279,6.11331605911255,0.131736859679222,0.134810373187065,0.0344450324773788,0.981470882892609
647.339294433594,0.109295010566711,0.0655248165130615,0.350170522928238,14.7412939071655,15.9447555541992,5.99087858200073,0.134061917662621,0.130722641944885,0.0335551723837852,0.981739819049835
647.853088378906,0.109139986336231,0.0634631142020226,0.358711689710617,15.7450475692749,15.7158679962158,5.80594301223755,0.142368018627167,0.128383308649063,0.0309942848980427,0.980962991714478
648.395141601563,0.104669243097305,0.0627643391489983,0.365930378437042,15.9467744827271,14.9167613983154,6.28316450119019,0.144377872347832,0.120820246636868,0.0358357578516006,0.981464862823486
648.961120605469,0.104102730751038,0.0604591444134712,0.360399812459946,16.8677654266357,14.4156198501587,5.78398418426514,0.151585519313812,0.116612128913403,0.0311345756053925,0.981047451496124
649.541076660156,0.109950602054596,0.0622282028198242,0.340682059526443,16.0437660217285,14.330189704895,5.56953811645508,0.144298568367958,0.116635411977768,0.0303476508706808,0.982167601585388
650.091796875,0.113866522908211,0.0595850609242916,0.340370267629623,16.9662189483643,14.3977365493774,5.0270881652832,0.151649743318558,0.117404900491238,0.0245656110346317,0.981129467487335
650.606689453125,0.115595757961273,0.0582999400794506,0.343124747276306,17.6188411712646,14.7667188644409,4.8623628616333,0.157128676772118,0.120434701442719,0.0219084024429321,0.979962289333344
651.140625,0.1132667735219,0.0567435435950756,0.347971320152283,18.0854587554932,14.31178855896,5.02858018875122,0.161193415522575,0.116061665117741,0.0234260186553001,0.979794681072235
651.65673828125,0.113135367631912,0.0563505925238132,0.350603878498077,18.2093944549561,14.3374042510986,4.9970703125,0.162224367260933,0.116257548332214,0.0229800436645746,0.979611814022064
652.240844726563,0.115775153040886,0.0568570867180824,0.353651016950607,18.0517330169678,14.4571352005005,4.73619556427002,0.160635307431221,0.117733046412468,0.020760303363204,0.97974705696106
652.825866699219,0.121638610959053,0.0556413009762764,0.361505150794983,18.7660160064697,14.9062986373901,4.18308877944946,0.166219025850296,0.121994838118553,0.0145698487758636,0.978404939174652
653.333679199219,0.126149490475655,0.0537950918078423,0.369308352470398,19.4858303070068,14.9971199035645,3.86245584487915,0.172019571065903,0.122891820967197,0.0108579294756055,0.977337718009949
653.860900878906,0.129117831587791,0.0525237135589123,0.374077379703522,20.0233612060547,15.0919637680054,3.66454768180847,0.176390156149864,0.123745508491993,0.00839570537209511,0.976474821567535
654.376342773438,0.132377550005913,0.0516053847968578,0.374581068754196,20.4265289306641,15.3549671173096,3.52127480506897,0.17967976629734,0.126018837094307,0.00628899550065398,0.975599765777588
654.898681640625,0.134462863206863,0.0510418862104416,0.374470114707947,20.6400890350342,15.4703731536865,3.41292786598206,0.181380838155746,0.127072349190712,0.00492920447140932,0.97515606880188
655.410888671875,0.135767847299576,0.0502546764910221,0.373051136732101,20.9253597259521,15.3341217041016,3.24950695037842,0.183619156479836,0.126042619347572,0.00341478735208511,0.974877238273621
655.930786132813,0.135269060730934,0.0498674996197224,0.371586173772812,21.1153888702393,15.2617235183716,3.25990128517151,0.185242593288422,0.125323891639709,0.00339428172446787,0.974662840366364
656.442260742188,0.133033558726311,0.0500272400677204,0.369991481304169,21.1278800964355,15.0727128982544,3.51592135429382,0.185618802905083,0.123296037316322,0.00586319901049137,0.974838137626648
657.012329101563,0.129964008927345,0.0509783439338207,0.366883933544159,20.6788101196289,14.9896354675293,3.93283319473267,0.182243764400482,0.122136943042278,0.0100713167339563,0.975586175918579
657.539245605469,0.129770949482918,0.049879677593708,0.367769479751587,21.0922908782959,14.9465408325195,3.67642498016357,0.185480892658234,0.121979624032974,0.00747467344626784,0.975018978118896
658.069091796875,0.129616603255272,0.00895318761467934,0.379854053258896,37.7873916625977,16.8290748596191,3.55559659004211,0.324468523263931,0.128445401787758,-0.018326124176383,0.936955809593201
658.617004394531,0.120532691478729,0.0349923074245453,0.375458240509033,27.7261142730713,16.0912322998047,4.92110443115234,0.242858693003654,0.125574037432671,0.00776657788082957,0.961868226528168
659.175598144531,0.121136575937271,0.0481881238520145,0.362506210803986,22.229887008667,16.0535583496094,4.81801128387451,0.196479707956314,0.128872007131577,0.0139452619478106,0.971901893615723
659.684631347656,0.120167419314384,0.049600787460804,0.362535268068314,21.4747085571289,15.9370031356812,4.8306245803833,0.190084278583527,0.128304824233055,0.0152004500851035,0.973229050636292
660.198486328125,0.118038490414619,0.0491896457970142,0.364756077528,21.8053646087646,15.9073791503906,4.78210878372192,0.192827478051186,0.127941712737083,0.0144233098253608,0.972748935222626
660.708068847656,0.116203188896179,0.0491418056190014,0.359735250473022,21.772102355957,15.4195280075073,4.60834932327271,0.192294463515282,0.124110132455826,0.013808649033308,0.97335958480835
661.226684570313,0.116473942995071,0.0486919805407524,0.360384047031403,22.0074138641357,15.2593870162964,4.61495447158813,0.194276615977287,0.122606478631496,0.0138504626229405,0.973155915737152
661.741882324219,0.115785732865334,0.0473326668143272,0.365024238824844,22.5555038452148,15.0066890716553,4.82458209991455,0.199109092354774,0.119788236916065,0.0154087180271745,0.972506523132324
662.271606445313,0.114279106259346,0.0463353134691715,0.366635799407959,22.9292259216309,14.6629209518433,4.94016981124878,0.202344462275505,0.116450726985931,0.0165521595627069,0.972225248813629
662.785766601563,0.113496676087379,0.0464115403592587,0.364235520362854,22.8491687774658,14.6065731048584,4.97674798965454,0.201695516705513,0.115955151617527,0.0170549415051937,0.972410678863525
663.2958984375,0.11265866458416,0.0461230166256428,0.36603656411171,23.0147838592529,14.7012672424316,5.03957080841064,0.203175336122513,0.116549588739872,0.0172277465462685,0.972028374671936
663.82373046875,0.112876325845718,0.045558862388134,0.370265930891037,23.2503509521484,14.6729917526245,4.94446134567261,0.205067828297615,0.116339579224586,0.0161965116858482,0.971673786640167
664.412109375,0.117748126387596,0.0502866990864277,0.368654191493988,20.4382858276367,14.0363121032715,4.83990812301636,0.181004449725151,0.112703427672386,0.0195847079157829,0.976806938648224
664.934875488281,0.118189468979836,0.0533836595714092,0.362524807453156,19.3804130554199,14.1745986938477,4.98649549484253,0.172167390584946,0.114239707589149,0.0218053180724382,0.978178024291992
665.474670410156,0.115134373307228,0.0521896481513977,0.364061444997787,19.9899139404297,14.6404991149902,4.9982705116272,0.177454650402069,0.117855682969093,0.0204991977661848,0.976831436157227
666.042724609375,0.109238587319851,0.052073135972023,0.363876968622208,19.8851356506348,14.2670907974243,5.5207576751709,0.177016332745552,0.113924637436867,0.0256520230323076,0.977255582809448
666.599548339844,0.106299377977848,0.0520658493041992,0.360884696245193,19.9242973327637,13.9847440719604,5.88037919998169,0.177634984254837,0.11093620210886,0.0291118174791336,0.977390170097351
667.106994628906,0.104189679026604,0.0519633106887341,0.353673368692398,19.8552837371826,13.7846393585205,5.98321199417114,0.177094355225563,0.109113067388535,0.0303757060319185,0.977654993534088
667.635620117188,0.103018641471863,0.052821721881628,0.344563484191895,19.213451385498,13.5310668945313,6.01911211013794,0.171592235565186,0.107293523848057,0.0317727848887444,0.978792488574982
668.1640625,0.104001581668854,0.0520055294036865,0.350566536188126,19.7356739044189,13.2704553604126,5.81263828277588,0.175781205296516,0.105060912668705,0.0298417080193758,0.978352010250092
668.664855957031,0.105122804641724,0.0514619685709476,0.353645473718643,20.0931606292725,13.1957092285156,5.65664720535278,0.178664922714233,0.10444937646389,0.0282453708350658,0.977942407131195
669.197326660156,0.105794042348862,0.0504312366247177,0.353629499673843,20.5796718597412,13.3583898544312,5.5341591835022,0.182733118534088,0.105741143226624,0.026425089687109,0.97710245847702
669.699645996094,0.105297021567822,0.0504055395722389,0.353171706199646,20.5970287322998,13.1854314804077,5.65626239776611,0.182951733469963,0.104061089456081,0.0277237538248301,0.977205872535706
670.229309082031,0.107903018593788,0.0497343204915524,0.365493148565292,21.0354270935059,13.5890645980835,5.69007778167725,0.186807677149773,0.107181370258331,0.0268887300044298,0.976161897182465
670.763977050781,0.108944199979305,0.0488280951976776,0.376265615224838,21.3938732147217,13.4246053695679,5.84355878829956,0.189956516027451,0.105307191610336,0.0280763786286116,0.975724697113037
671.296081542969,0.108857981860638,0.0485326945781708,0.374966114759445,21.4965667724609,13.4043464660645,5.81881046295166,0.190801203250885,0.105111889541149,0.0277882013469934,0.975589215755463
671.828125,0.107042357325554,0.0483891814947128,0.372477144002914,21.5595245361328,13.5235042572021,5.79906940460205,0.191346421837807,0.106119990348816,0.027353098616004,0.975385546684265
672.355651855469,0.104101523756981,0.0480408556759357,0.372925609350204,21.7414836883545,13.7399587631226,5.79251766204834,0.19293624162674,0.107859298586845,0.0267345756292343,0.97489857673645
672.870910644531,0.10297580063343,0.0477845706045628,0.37316158413887,21.8956661224365,13.6605081558228,5.77048921585083,0.194205656647682,0.107124157249928,0.0265112649649382,0.974733710289001
673.400451660156,0.107603766024113,0.0472099594771862,0.369360327720642,22.0106887817383,13.5543260574341,5.38903617858887,0.194802716374397,0.106798179447651,0.0233209598809481,0.974731862545013
673.934265136719,0.108375497162342,0.0469986833631992,0.366826355457306,22.0868892669678,13.3331899642944,5.64245986938477,0.195635676383972,0.104439340531826,0.0257709957659245,0.974758923053741
674.481811523438,0.108534008264542,0.0464451164007187,0.368574619293213,22.3445053100586,13.579891204834,5.4260048866272,0.197674766182899,0.106752246618271,0.0232280138880014,0.974160730838776
675.074035644531,0.107491709291935,0.0456361919641495,0.373864501714706,22.641658782959,13.5470066070557,5.55577802658081,0.200308293104172,0.106066778302193,0.024064015597105,0.973677217960358
675.674072265625,0.110793232917786,0.0458240509033203,0.369251251220703,22.7449378967285,13.7262344360352,5.40860033035278,0.201082691550255,0.10778421908617,0.0223865453153849,0.973369002342224
676.2041015625,0.115119285881519,0.047847542911768,0.363610833883286,21.9816722869873,13.9277296066284,5.05356502532959,0.194308653473854,0.110560581088066,0.0198656599968672,0.974487483501434
676.742248535156,0.117002204060555,0.0460149869322777,0.363431423902512,22.6080799102783,14.0629587173462,4.98962116241455,0.199581891298294,0.111457966268063,0.0183910466730595,0.973347783088684
677.275207519531,0.118209473788738,0.0470077618956566,0.358496099710464,22.242919921875,14.420503616333,4.85458374023438,0.196408212184906,0.114938639104366,0.0170396342873573,0.973613202571869
677.795471191406,0.117496617138386,0.0463437177240849,0.358681231737137,22.48708152771,14.1584157943726,4.84104251861572,0.198425754904747,0.112596273422241,0.0170990135520697,0.973476707935333
678.328247070313,0.116406545042992,0.0467116162180901,0.355962961912155,22.3618030548096,14.1697473526001,4.94748067855835,0.197469934821129,0.112580314278603,0.0181248355656862,0.973654389381409
678.864501953125,0.113971099257469,0.0464146621525288,0.355055809020996,22.4300746917725,14.1916246414185,5.06205940246582,0.19816480576992,0.112528786063194,0.0189834665507078,0.973502814769745
679.448547363281,0.112224899232388,0.0462850704789162,0.357534348964691,22.5283470153809,14.251615524292,5.157546043396,0.199101716279984,0.112814985215664,0.0195791553705931,0.973266661167145
679.95947265625,0.111522704362869,0.0453283414244652,0.360634326934814,22.9310054779053,14.2000226974487,5.1583046913147,0.202504843473434,0.112136118113995,0.019218947738409,0.972649931907654
680.481506347656,0.111567944288254,0.0452649630606174,0.360536992549896,23.0195751190186,14.1693620681763,5.17685222625732,0.203267827630043,0.111790187656879,0.0193303450942039,0.972528398036957
680.996765136719,0.111747086048126,0.0454258099198341,0.359668463468552,23.0723476409912,14.2060995101929,5.17412042617798,0.203718155622482,0.112075231969357,0.0191821344196796,0.972404301166534
681.512268066406,0.112220764160156,0.0452173240482807,0.362182289361954,23.1545867919922,14.1186580657959,5.16780376434326,0.204393610358238,0.111295312643051,0.0191912166774273,0.972351968288422
682.034545898438,0.112010963261127,0.0449935011565685,0.364784926176071,23.198184967041,14.1648054122925,5.26194000244141,0.204862043261528,0.111492536962032,0.019858255982399,0.972217381000519
682.621887207031,0.11168646812439,0.0452935285866261,0.361694276332855,23.0963153839111,14.1751718521118,5.30653047561646,0.204044923186302,0.111562751233578,0.0203335732221603,0.972371339797974
683.156799316406,0.11321659386158,0.0451699458062649,0.360069960355759,23.1495971679688,14.0936756134033,5.16773653030396,0.204347103834152,0.111086413264275,0.0192408226430416,0.972384631633759
683.6767578125,0.11504465341568,0.044886939227581,0.36176523566246,23.3304309844971,14.081561088562,5.05763387680054,0.205769211053848,0.111073292791843,0.0181249100714922,0.972107648849487
684.197814941406,0.114176571369171,0.0443354584276676,0.365292906761169,23.5384540557861,14.0562009811401,5.11527109146118,0.20758131146431,0.110630862414837,0.0184258036315441,0.971767127513885
684.727844238281,0.11504777520895,0.0437904447317123,0.367101281881332,23.7847843170166,14.0238485336304,4.99213123321533,0.20954130589962,0.110434807837009,0.0171644557267427,0.971391797065735
685.246032714844,0.115555390715599,0.043271254748106,0.371637314558029,24.0165863037109,13.9472618103027,5.07993459701538,0.211574047803879,0.109487108886242,0.0177903920412064,0.971047103404999
685.747436523438,0.11550809442997,0.0425376258790493,0.378587126731873,24.3655738830566,13.9988689422607,5.13764095306396,0.214586570858955,0.109607703983784,0.0177931822836399,0.970372200012207
686.281066894531,0.115144520998001,0.042268518358469,0.381322473287582,24.4751262664795,14.0747175216675,5.18382692337036,0.215568006038666,0.110096782445908,0.0179187804460526,0.970096945762634
686.810302734375,0.116301067173481,0.0497303307056427,0.367709964513779,21.3326358795166,14.1601619720459,5.46531963348389,0.189243569970131,0.112232103943825,0.0237073544412851,0.975207030773163
687.316589355469,0.119953691959381,0.072090744972229,0.344602197408676,11.7600469589233,15.085111618042,5.48239421844482,0.107687667012215,0.125565469264984,0.0337295234203339,0.985646545886993
687.8525390625,0.122198566794395,0.0730621889233589,0.337223142385483,11.248836517334,14.8331079483032,5.41006660461426,0.103141404688358,0.123730860650539,0.0339372046291828,0.98635733127594
688.3818359375,0.123946368694305,0.0729293748736382,0.35283088684082,12.2430839538574,15.099871635437,5.34019565582275,0.111684590578079,0.12557452917099,0.0319219715893269,0.985260665416718
688.903137207031,0.124283097684383,0.0707904696464539,0.355940163135529,13.0336694717407,15.8535194396973,4.95555114746094,0.118229076266289,0.132028236985207,0.0269049629569054,0.983802080154419
689.432800292969,0.121625900268555,0.0700487717986107,0.346738666296005,13.2392120361328,15.5181760787964,4.78467226028442,0.1197200268507,0.129223316907883,0.0255343392491341,0.984030723571777
689.9599609375,0.120621137320995,0.0698367282748222,0.344095826148987,13.3905973434448,15.4591054916382,4.70571279525757,0.120916441082954,0.128724530339241,0.0247353874146938,0.98397022485733
690.554504394531,0.105722784996033,0.0673145055770874,0.3443783223629,14.1092739105225,12.9730949401855,6.73325538635254,0.128402888774872,0.104755021631718,0.0440567210316658,0.985189378261566
691.069030761719,0.105111137032509,0.0660505667328835,0.343566536903381,14.5226554870605,13.4448051452637,6.37286520004272,0.131786599755287,0.108963333070278,0.0399873815476894,0.984459400177002
691.57470703125,0.10514397919178,0.0644835084676743,0.350018560886383,15.3603763580322,13.52867603302,6.29781103134155,0.138924911618233,0.109262987971306,0.0383418463170528,0.98350977897644
692.110778808594,0.107455767691135,0.0636045932769775,0.352105110883713,15.7199010848999,13.1935796737671,5.95833921432495,0.141577780246735,0.106588050723076,0.0354546941816807,0.983533263206482
692.628784179688,0.106112092733383,0.0626278966665268,0.349956542253494,16.0260524749756,13.113169670105,6.14767599105835,0.144350364804268,0.105480827391148,0.0368578173220158,0.98319798707962
693.158142089844,0.107379406690598,0.0613648109138012,0.35048496723175,16.7261486053467,13.4591341018677,6.21156024932861,0.150512620806694,0.107940979301929,0.0362153723835945,0.982030093669891
693.660034179688,0.109676234424114,0.0608985796570778,0.353747874498367,17.0367965698242,13.4919376373291,6.03781318664551,0.153015539050102,0.108263276517391,0.03434794023633,0.98167484998703
694.203857421875,0.111378893256187,0.059645377099514,0.358512192964554,17.5189361572266,12.8211154937744,5.976402759552,0.1568813174963,0.102310620248318,0.0342201255261898,0.981707572937012
694.747802734375,0.112746305763721,0.0594364330172539,0.357777118682861,17.6766166687012,13.0963621139526,5.85104036331177,0.158196419477463,0.104747094213963,0.0326039344072342,0.981294572353363
695.299560546875,0.11050646007061,0.0597290731966496,0.355104446411133,17.5190696716309,13.0818853378296,5.88917922973633,0.156880304217339,0.104663737118244,0.0331158190965652,0.981497526168823
695.85498046875,0.107619389891624,0.059917613863945,0.35669207572937,17.496955871582,13.0215158462524,6.16632270812988,0.156925216317177,0.10378048568964,0.0355954393744469,0.981497347354889
696.366455078125,0.10955373942852,0.0590979978442192,0.362885266542435,17.931489944458,13.0592985153198,5.89279317855835,0.160402148962021,0.104220762848854,0.0327455289661884,0.980987787246704
696.918823242188,0.10933081060648,0.0589672848582268,0.366375058889389,17.8759670257568,12.9930267333984,6.07023954391479,0.160069063305855,0.10343861579895,0.0344154536724091,0.981067776679993
697.518798828125,0.105873346328735,0.0584723949432373,0.366974413394928,18.1787071228027,12.9131631851196,6.25928115844727,0.162800669670105,0.10230266302824,0.0358301103115082,0.980686664581299
698.057250976563,0.107195742428303,0.0572190955281258,0.36583086848259,18.6551380157471,12.842981338501,6.06133556365967,0.166671440005302,0.101693123579025,0.033742293715477,0.980173766613007
698.588073730469,0.10799252986908,0.0573842041194439,0.362032860517502,18.5812587738037,12.8734836578369,5.98849391937256,0.165984809398651,0.102104648947716,0.033151526004076,0.980267703533173
699.117431640625,0.108315572142601,0.0571637935936451,0.360245585441589,18.6631717681885,12.9556283950806,5.95497512817383,0.166677743196487,0.102806434035301,0.0326603725552559,0.980093240737915
699.64111328125,0.108863957226276,0.0572150871157646,0.358805298805237,18.6967449188232,12.9033327102661,5.87568998336792,0.166878581047058,0.102454386651516,0.0320234000682831,0.980116903781891
700.17626953125,0.110065802931786,0.0568204745650291,0.358279645442963,18.7758274078369,12.9474258422852,5.80448246002197,0.167502030730247,0.102888286113739,0.0312678404152393,0.979989528656006
700.680603027344,0.1107537150383,0.0566042251884937,0.361762523651123,19.0110740661621,12.8824558258057,5.78757524490356,0.169476985931396,0.102218016982079,0.0309744048863649,0.979729354381561
701.188598632813,0.110316440463066,0.0557033121585846,0.36465585231781,19.3759746551514,12.8952465057373,5.84617805480957,0.172645598649979,0.102022044360638,0.0310774892568588,0.979193150997162
701.716125488281,0.107732594013214,0.056376438587904,0.362193644046783,19.0924377441406,12.9438619613647,5.94180107116699,0.170325860381126,0.102465502917767,0.0321171991527081,0.979519486427307
702.248840332031,0.103496104478836,0.0581269711256027,0.355729758739471,18.4551048278809,13.0310392379761,6.41979122161865,0.165341734886169,0.102907225489616,0.0367449633777142,0.980164289474487
702.752502441406,0.101417019963264,0.0596063770353794,0.351437360048294,17.681604385376,13.0315017700195,6.49421691894531,0.158802852034569,0.103299014270306,0.038195788860321,0.981148302555084
703.273315429688,0.104184806346893,0.0582082830369473,0.354615926742554,18.2251472473145,12.9733362197876,6.11630439758301,0.163087695837021,0.102992229163647,0.0344725027680397,0.980615437030792
703.82421875,0.102189749479294,0.057399608194828,0.357445150613785,18.5375556945801,12.9086818695068,6.45204734802246,0.166034877300262,0.101761363446712,0.0371112562716007,0.98015296459198
704.40869140625,0.100660815834999,0.0568328313529491,0.358546495437622,18.7129592895508,12.8541917800903,6.47724390029907,0.167536541819572,0.101146280765533,0.0372230112552643,0.979956865310669
704.917053222656,0.0991175025701523,0.0563012883067131,0.36061817407608,18.9811115264893,12.6078662872314,6.62057733535767,0.169868156313896,0.0986555144190788,0.0385339967906475,0.979758679866791
705.458435058594,0.100932538509369,0.0554150491952896,0.361987352371216,19.3457775115967,12.7459764480591,6.47750425338745,0.172899916768074,0.0998134687542915,0.0367285870015621,0.97918027639389
706.058471679688,0.101628571748734,0.0558324046432972,0.355643630027771,19.1666984558105,12.7054443359375,6.44217395782471,0.171328976750374,0.0996353328227997,0.0366726443171501,0.979476571083069
706.572814941406,0.101524651050568,0.0558555908501148,0.355028569698334,19.1243019104004,12.8217945098877,6.35973262786865,0.170932084321976,0.10078002512455,0.0358381308615208,0.979459762573242
707.107727050781,0.0996297746896744,0.0551689192652702,0.357873439788818,19.4651508331299,12.9002666473389,6.45336771011353,0.173945501446724,0.101091079413891,0.0361645519733429,0.978884935379028
707.629638671875,0.0974219813942909,0.0547856651246548,0.357618421316147,19.6035594940186,12.6651544570923,6.62081384658813,0.175195336341858,0.0987373888492584,0.037809181958437,0.978840112686157
708.139282226563,0.0990210101008415,0.055880606174469,0.353117167949677,19.052188873291,12.4993600845337,6.44767999649048,0.170290470123291,0.0979385301470757,0.0371441505849361,0.979810953140259
708.662841796875,0.100422993302345,0.0599615573883057,0.351144760847092,17.3280639648438,12.5812091827393,6.39258909225464,0.155539944767952,0.0998037904500961,0.0383086167275906,0.982028007507324
709.165710449219,0.103471919894218,0.0601201578974724,0.355911284685135,17.049295425415,14.0120038986206,6.24562549591064,0.153480812907219,0.112431667745113,0.0354184322059155,0.981095492839813
709.686828613281,0.0950415804982185,0.0628643557429314,0.362638205289841,16.600170135498,13.6557703018188,6.70205497741699,0.149965301156044,0.109062485396862,0.0402977019548416,0.981830894947052
710.23486328125,0.102309584617615,0.0636145621538162,0.364428400993347,16.0609245300293,15.1939134597778,6.04959440231323,0.145188167691231,0.123417973518372,0.0333490073680878,0.981109738349915
710.742248535156,0.0994455739855766,0.0627210363745689,0.367413699626923,16.4040279388428,14.8275737762451,5.99141693115234,0.147952243685722,0.120146386325359,0.0329108200967312,0.98111766576767
711.255737304688,0.109239742159843,0.0653242170810699,0.360898494720459,14.8972988128662,14.7880697250366,4.83166027069092,0.13382413983345,0.122073963284492,0.0247799102216959,0.983145475387573
711.765991210938,0.14046248793602,0.0642824098467827,0.346067279577255,15.3028135299683,17.4276561737061,2.23476791381836,0.134511858224869,0.147555470466614,-0.00106357305776328,0.97986364364624
712.266662597656,0.139599531888962,0.0629627928137779,0.348917841911316,15.9008016586304,15.6522598266602,2.38565278053284,0.139805197715759,0.131976798176765,0.00159510539378971,0.981343030929565
712.775756835938,0.134334951639175,0.0618283376097679,0.354076385498047,16.4424285888672,15.7745885848999,2.73827838897705,0.144847318530083,0.132391557097435,0.00380752724595368,0.980549514293671
713.284484863281,0.1283268481493,0.0618590414524078,0.35425940155983,16.4605770111084,15.5022773742676,2.89855313301086,0.145174816250801,0.129851326346397,0.00550191709771752,0.980832636356354
713.800048828125,0.125646620988846,0.0628151297569275,0.357593327760696,15.9693851470947,15.5341262817383,3.13974928855896,0.141249045729637,0.130014941096306,0.00811566226184368,0.981365859508514
714.306091308594,0.1228913590312,0.0618732646107674,0.361547708511353,16.4359092712402,15.0875873565674,3.42613410949707,0.145522922277451,0.125641733407974,0.0105739301070571,0.981287658214569
714.835754394531,0.123676881194115,0.0610474124550819,0.360741466283798,16.748908996582,15.0625448226929,3.32154583930969,0.148083001375198,0.125430762767792,0.00934464298188686,0.980944097042084
715.349975585938,0.122153408825397,0.0602905414998531,0.360218465328217,17.0774879455566,15.1913690567017,3.38507175445557,0.150971964001656,0.126312583684921,0.0093348128721118,0.98039048910141
715.878845214844,0.119591452181339,0.0599552318453789,0.360983788967133,17.2231636047363,15.2719430923462,3.65739464759827,0.152524366974831,0.126577809453011,0.0113853374496102,0.980094254016876
716.379150390625,0.119596093893051,0.0592210218310356,0.361680001020432,17.553071975708,15.1312885284424,3.65748000144958,0.15532822906971,0.125227302312851,0.0111849987879395,0.979829668998718
716.879760742188,0.119318671524525,0.0591233409941196,0.36109259724617,17.6072292327881,15.089093208313,3.714923620224,0.155849143862724,0.124764151871204,0.0116697829216719,0.979800403118134
717.430541992188,0.11932584643364,0.0591840073466301,0.360178530216217,17.6468601226807,15.1781997680664,3.64936637878418,0.15612468123436,0.1255973726511,0.0109413200989366,0.979658484458923
717.93115234375,0.117139019072056,0.0589589662849903,0.362605541944504,17.7916030883789,15.1744709014893,3.94170641899109,0.157679677009583,0.125098556280136,0.0132743064314127,0.97944438457489
718.432861328125,0.117066703736782,0.0577988252043724,0.36583337187767,18.1493091583252,15.0404405593872,3.94460344314575,0.16071991622448,0.123779930174351,0.0130635667592287,0.979120552539825
718.947937011719,0.116023153066635,0.0581961087882519,0.362201511859894,17.8939609527588,14.4577808380127,4.03651857376099,0.158566206693649,0.118791721761227,0.0149554125964642,0.980062067508698
719.532348632813,0.109850615262985,0.0585801713168621,0.352735340595245,17.4544677734375,14.4004888534546,4.7026538848877,0.155490055680275,0.117606036365032,0.0212305597960949,0.980581939220428
720.066711425781,0.102803364396095,0.0570269413292408,0.358558177947998,17.5495338439941,15.3007507324219,5.10555791854858,0.156902760267258,0.124705009162426,0.0233379621058702,0.979431211948395
720.591430664063,0.0999303534626961,0.0525180213153362,0.366012513637543,19.2122631072998,15.2210140228271,5.10329818725586,0.171053797006607,0.123087860643864,0.0214304383844137,0.977307915687561
721.09375,0.10494776070118,0.0553330779075623,0.361645102500916,18.2396984100342,14.6421279907227,4.70256376266479,0.1622374355793,0.119262859225273,0.0199967045336962,0.979313790798187
721.602233886719,0.106292895972729,0.0531372204422951,0.35291600227356,18.6394901275635,14.4459342956543,4.72387886047363,0.165635511279106,0.117344789206982,0.0200011655688286,0.978976547718048
722.139282226563,0.119352206587791,0.0549427308142185,0.345931380987167,18.6352138519287,14.7942562103271,4.07863235473633,0.164978921413422,0.121253199875355,0.01399184204638,0.978715419769287
722.739318847656,0.111221134662628,0.0518808364868164,0.355059117078781,20.1025772094727,15.2141847610474,4.34095478057861,0.177806168794632,0.12370203435421,0.0138759408146143,0.976160943508148
723.307495117188,0.105347707867622,0.0528076589107513,0.354697555303574,19.9150009155273,15.7793645858765,4.50319242477417,0.176460221409798,0.128364831209183,0.0146121336147189,0.975792407989502
723.823425292969,0.106849983334541,0.0524542853236198,0.352776437997818,19.9520740509033,15.8792676925659,4.1949987411499,0.176439836621284,0.129670381546021,0.0117881298065186,0.975661635398865
724.40771484375,0.106037564575672,0.0516192801296711,0.358342200517654,20.2898464202881,15.0292987823486,4.3377366065979,0.179372653365135,0.122034080326557,0.0139143746346235,0.976083815097809
724.918151855469,0.108710423111916,0.050908587872982,0.357040524482727,20.4580402374268,14.0424089431763,4.61065196990967,0.18094764649868,0.113106787204742,0.0175988711416721,0.976808667182922
725.432373046875,0.112286202609539,0.0498693026602268,0.358825653791428,21.2066650390625,14.1269254684448,4.41943359375,0.187136590480804,0.113738015294075,0.0150008117780089,0.975611865520477
725.955871582031,0.109084740281105,0.0486025102436543,0.363998472690582,21.5700721740723,13.6563539505005,4.68370580673218,0.190414667129517,0.109102644026279,0.0176260769367218,0.975463092327118
726.539855957031,0.109965920448303,0.0472511164844036,0.367832750082016,22.0136795043945,13.4707593917847,4.77518701553345,0.19423995912075,0.107127584517002,0.0182375870645046,0.974916398525238
727.055053710938,0.111361958086491,0.0476380623877048,0.363306969404221,21.7837181091309,13.5299196243286,4.49600982666016,0.192033275961876,0.108225420117378,0.0160089805722237,0.975271344184875
727.557800292969,0.111123934388161,0.0445869266986847,0.362565219402313,22.4277400970459,12.9866571426392,4.95316314697266,0.197837129235268,0.102475441992283,0.0201423652470112,0.974655628204346
728.080444335938,0.110171362757683,0.0474028028547764,0.367370396852493,21.6053447723389,12.8017702102661,5.48553228378296,0.191285580396652,0.100470311939716,0.0258397590368986,0.976036846637726
728.599975585938,0.109602503478527,0.0506478734314442,0.369242072105408,19.5151176452637,12.7360067367554,6.23839855194092,0.174132212996483,0.099982425570488,0.0345255807042122,0.979024767875671
729.143981933594,0.109608024358749,0.0486019216477871,0.367910742759705,20.8026866912842,12.9085054397583,5.67729330062866,0.184653222560883,0.101542592048645,0.0281311143189669,0.977139174938202
729.729431152344,0.109296016395092,0.0472692027688026,0.368269473314285,21.5133533477783,13.1233005523682,5.54918193817139,0.190632924437523,0.103157304227352,0.0259421374648809,0.975881516933441
730.329406738281,0.114976584911346,0.0439550578594208,0.367518782615662,23.0454006195068,13.1823596954346,4.77543497085571,0.202949270606041,0.104106046259403,0.0176430437713861,0.973479449748993
730.853576660156,0.114066742360592,0.0453189983963966,0.361799567937851,22.6957054138184,13.1239233016968,4.81737089157104,0.200012192130089,0.103729300200939,0.0184695813804865,0.974112033843994
731.360229492188,0.116224110126495,0.0441646389663219,0.36398059129715,23.1006889343262,13.3922967910767,4.72341299057007,0.203401789069176,0.105950877070427,0.0167703311890364,0.973201334476471
731.866638183594,0.114764139056206,0.0435008034110069,0.367677390575409,23.405158996582,13.2384023666382,4.77825498580933,0.206009477376938,0.104377008974552,0.0171874053776264,0.972815573215485
732.38330078125,0.112502723932266,0.0432921312749386,0.369076639413834,23.5255699157715,13.2685842514038,4.80905151367188,0.207062095403671,0.104510329663754,0.0172669254243374,0.972576379776001
732.9013671875,0.112448632717133,0.0438524633646011,0.365081250667572,23.3582038879395,13.4339742660522,4.78923797607422,0.20565091073513,0.106043748557568,0.0169793479144573,0.972714841365814
733.429626464844,0.115507878363132,0.044054601341486,0.362141996622086,23.0625839233398,13.2403736114502,4.58125686645508,0.202926322817802,0.104933358728886,0.0158726684749126,0.973425924777985
733.946166992188,0.114707574248314,0.0447955168783665,0.364152491092682,22.7100048065186,13.4374656677246,4.67333984375,0.200049385428429,0.106637790799141,0.0166829284280539,0.97382253408432
734.452026367188,0.111277461051941,0.0446478575468063,0.36422935128212,22.800142288208,13.5524835586548,4.56566572189331,0.200729221105576,0.107754342257977,0.0154701322317123,0.97357976436615
734.962585449219,0.108957074582577,0.0449596270918846,0.361282706260681,22.7132740020752,13.6020021438599,4.86728525161743,0.200283408164978,0.107695326209068,0.0180400256067514,0.973633825778961
735.540100097656,0.110270634293556,0.0455951690673828,0.35916855931282,22.5703220367432,13.7008457183838,4.87825584411621,0.199097141623497,0.108596801757813,0.0181165877729654,0.973775565624237
736.054382324219,0.108806282281876,0.0453880093991756,0.357752323150635,22.2543678283691,13.7269763946533,5.07950878143311,0.196612283587456,0.108651980757713,0.0201277956366539,0.974234700202942
736.651000976563,0.105949074029922,0.0458182394504547,0.357178181409836,22.3824882507324,14.0118608474731,5.14625787734985,0.197812840342522,0.110883854329586,0.0200629532337189,0.973741412162781
737.18212890625,0.102309308946133,0.0449979268014431,0.361064016819,22.7505302429199,14.3251810073853,5.51488733291626,0.201348915696144,0.112680159509182,0.0222310908138752,0.972762882709503
737.756896972656,0.103905111551285,0.043423805385828,0.36725839972496,23.2826919555664,14.2140083312988,5.29019403457642,0.205613315105438,0.111808016896248,0.0199139136821032,0.972021400928497
738.25927734375,0.103481367230415,0.0442735254764557,0.365345388650894,22.992000579834,14.0668525695801,5.42570495605469,0.203257367014885,0.110495448112488,0.0216554291546345,0.972629547119141
738.766174316406,0.104204177856445,0.0446613878011703,0.361025482416153,22.843864440918,14.0646820068359,5.30532836914063,0.201886162161827,0.110780090093613,0.0208042785525322,0.972901344299316
739.2939453125,0.103695198893547,0.0446891002357006,0.361417025327682,22.9969959259033,13.8808526992798,5.42159461975098,0.203260362148285,0.108920812606812,0.0219448562711477,0.972800076007843
739.796142578125,0.103922612965107,0.0441089607775211,0.366138190031052,23.3268661499023,13.8060245513916,5.4559211730957,0.206071525812149,0.108022041618824,0.0220031514763832,0.97230738401413
740.313232421875,0.102768383920193,0.0429114773869514,0.371938407421112,23.6843566894531,13.6139965057373,5.61928558349609,0.209211245179176,0.105874806642532,0.0233423206955194,0.9718416929245
740.819885253906,0.103987380862236,0.042896781116724,0.371055006980896,23.6502590179443,13.6630611419678,5.56946039199829,0.208886533975601,0.106403179466724,0.0228677373379469,0.971865177154541
741.338195800781,0.106895714998245,0.0457241460680962,0.360803008079529,22.6008529663086,13.9343767166138,5.53879404067993,0.200026497244835,0.109412536025047,0.0232881437987089,0.973383784294128
741.859619140625,0.112095713615417,0.0466019026935101,0.351641744375229,22.4172706604004,12.8672800064087,5.38099384307861,0.198104605078697,0.100726924836636,0.0239984635263681,0.974696218967438
742.37060546875,0.116106331348419,0.045402754098177,0.361209243535995,23.0224838256836,12.8538112640381,5.1811466217041,0.203060939908028,0.100608818233013,0.0216960906982422,0.973741948604584
742.889465332031,0.11274678260088,0.0445938296616077,0.368567913770676,23.4147605895996,12.7372512817383,5.44714784622192,0.206594631075859,0.0989120230078697,0.0237590726464987,0.973124146461487
743.395324707031,0.110937975347042,0.0444650910794735,0.364764273166656,23.370756149292,12.8750038146973,5.38342094421387,0.206194505095482,0.100222915410995,0.023015346378088,0.97309273481369
743.906188964844,0.112963989377022,0.0443822145462036,0.366683065891266,23.4234828948975,12.9578657150269,5.23790264129639,0.206529498100281,0.1011573523283,0.0215755719691515,0.972957968711853
744.415649414063,0.112025395035744,0.0434502363204956,0.37248769402504,23.8701629638672,12.8628520965576,5.3646068572998,0.210405305027962,0.0998554080724716,0.0223586484789848,0.972244143486023
744.926391601563,0.111608624458313,0.0435109212994576,0.368986397981644,23.7893047332764,12.8018321990967,5.28132629394531,0.209636509418488,0.0995383784174919,0.021847615018487,0.972454309463501
745.439025878906,0.112242966890335,0.0436017774045467,0.367782443761826,23.7894554138184,12.8731994628906,5.2822470664978,0.209652155637741,0.100142225623131,0.0217247027903795,0.972391664981842
746.011474609375,0.112101830542088,0.0425515174865723,0.372822433710098,24.2126560211182,12.8379220962524,5.21737098693848,0.213171020150185,0.0997124016284943,0.0208005327731371,0.971690773963928
746.538757324219,0.111143954098225,0.0428046323359013,0.371504932641983,24.1761322021484,12.7106332778931,5.34622859954834,0.212949529290199,0.0984150543808937,0.0221676379442215,0.971841335296631
747.06005859375,0.114235423505306,0.0434818007051945,0.363088637590408,23.7656688690186,12.7696714401245,5.19904613494873,0.209358870983124,0.0994297713041306,0.0212325062602758,0.972538828849792
747.574645996094,0.115489676594734,0.0446060746908188,0.356566369533539,23.2814521789551,12.9837608337402,5.02266502380371,0.205139949917793,0.101846158504486,0.0198494233191013,0.973216831684113
748.116516113281,0.115519501268864,0.0433928668498993,0.367387771606445,23.6580905914307,12.6089515686035,5.0789098739624,0.208314597606659,0.0983466506004333,0.020615654066205,0.972886383533478
748.623718261719,0.116387464106083,0.0410231798887253,0.370639383792877,23.9788990020752,12.7480440139771,4.7977180480957,0.210811913013458,0.0998603999614716,0.017647810280323,0.972252488136292
749.146911621094,0.114604897797108,0.0417481511831284,0.362280070781708,23.3935737609863,12.6756916046143,5.23479986190796,0.206219583749771,0.0987842381000519,0.022088311612606,0.973256051540375
749.650024414063,0.116534180939198,0.0402593985199928,0.366714119911194,24.175479888916,12.8033113479614,5.03044271469116,0.21268767118454,0.0997879132628441,0.0193180628120899,0.971819519996643
750.181396484375,0.115990534424782,0.0396828018128872,0.363723963499069,24.7831935882568,12.9812498092651,5.1973876953125,0.218003243207932,0.100626386702061,0.0197674371302128,0.970545291900635
750.694641113281,0.112499192357063,0.0428547039628029,0.349152147769928,23.3265819549561,13.6250505447388,5.08896207809448,0.205692067742348,0.107145749032497,0.0192145872861147,0.972543776035309
751.222717285156,0.109234489500523,0.0448523983359337,0.344350278377533,22.6001167297363,13.7426128387451,5.43188571929932,0.199880346655846,0.107970453798771,0.0227153617888689,0.973588347434998
751.733276367188,0.1054897159338,0.0440651588141918,0.352979838848114,22.9252796173096,13.7078762054443,5.70638990402222,0.202885940670967,0.106991991400719,0.0247489642351866,0.973024904727936
752.24462890625,0.105802744626999,0.0418956056237221,0.362263649702072,23.8394794464111,13.4714450836182,5.66047477722168,0.210532024502754,0.104492962360382,0.0237830728292465,0.971695363521576
752.748413085938,0.106517799198627,0.0411084294319153,0.364077508449554,24.3542137145996,13.2600545883179,5.43282985687256,0.214636877179146,0.102803282439709,0.0216898657381535,0.971026301383972
753.259460449219,0.104334235191345,0.0423123277723789,0.360088676214218,23.8280181884766,12.8673868179321,5.42217779159546,0.21009960770607,0.0998135656118393,0.0228826180100441,0.972302317619324
753.799499511719,0.107302084565163,0.0416826494038105,0.363353222608566,24.0575428009033,12.8602428436279,5.22339487075806,0.21186774969101,0.0999820679426193,0.020970992743969,0.971944391727448
754.358215332031,0.109124526381493,0.042489618062973,0.357091069221497,23.73610496521,12.7984275817871,5.2548131942749,0.209162309765816,0.0995893254876137,0.0216837823390961,0.972554862499237
754.905029296875,0.108321413397789,0.0417548269033432,0.35906970500946,23.8923187255859,12.5939311981201,5.24828958511353,0.210440754890442,0.0977739691734314,0.0218426790088415,0.972459733486176
755.430541992188,0.107420705258846,0.0414199121296406,0.361357837915421,24.0600318908691,12.6542530059814,5.48196363449097,0.212071895599365,0.097754992544651,0.0235427357256413,0.972067475318909
755.959777832031,0.10673926025629,0.0464260876178741,0.363163143396378,21.6688594818115,12.5131101608276,5.59212732315063,0.191850960254669,0.0977956727147102,0.0271653663367033,0.976161479949951
756.48779296875,0.106354475021362,0.0460961237549782,0.358891099691391,21.8531703948975,12.6654605865479,5.62960958480835,0.193485617637634,0.0989200994372368,0.0270407013595104,0.975728929042816
756.994567871094,0.106285735964775,0.0460359342396259,0.358534753322601,21.9032592773438,12.8558549880981,5.6342396736145,0.193959847092628,0.100503079593182,0.0267065614461899,0.975482165813446
757.497863769531,0.10427437722683,0.0448561497032642,0.360922455787659,22.4631443023682,12.8180599212646,5.75928497314453,0.198813647031784,0.09962547570467,0.0272535737603903,0.974579453468323
758.083435058594,0.10416354238987,0.0442064516246319,0.358692824840546,22.7654514312744,12.6271514892578,5.62303590774536,0.201216623187065,0.0980550348758698,0.0261164121329784,0.974276661872864
758.588195800781,0.105790749192238,0.0438874363899231,0.357130080461502,23.0391330718994,12.6413612365723,5.43476009368896,0.20337975025177,0.0983438864350319,0.0242109373211861,0.973847568035126
759.102172851563,0.104475751519203,0.0483723804354668,0.351969748735428,21.4465389251709,12.4515171051025,5.63414335250854,0.189981549978256,0.0973330587148666,0.0278505831956863,0.976553976535797
759.607299804688,0.104063004255295,0.0445453003048897,0.358776926994324,22.2541999816895,11.9989147186279,5.45813465118408,0.196594327688217,0.093299575150013,0.026314415037632,0.975681006908417
760.135681152344,0.108197927474976,0.0417087785899639,0.371362447738647,23.8623580932617,12.4085121154785,5.21052932739258,0.210119664669037,0.0962870419025421,0.0218927264213562,0.972676336765289
760.661987304688,0.105240136384964,0.0423888340592384,0.363159954547882,23.6330089569092,12.6363286972046,5.07319164276123,0.208102062344551,0.0986038446426392,0.0205428693443537,0.972907423973083
761.173278808594,0.106542780995369,0.0424735993146896,0.362284183502197,23.4913482666016,12.5935983657837,4.65485858917236,0.20653361082077,0.0990765765309334,0.0172112695872784,0.973258197307587
761.685668945313,0.105898007750511,0.0424508936703205,0.365385204553604,23.6861419677734,12.6715431213379,4.87325716018677,0.208385691046715,0.0992360934615135,0.0187274012714624,0.972819030284882
762.193603515625,0.107094645500183,0.0424097403883934,0.363256245851517,23.690357208252,12.5375423431396,4.84389734268188,0.208374232053757,0.0981494933366776,0.0187175367027521,0.972931921482086
762.732971191406,0.108171544969082,0.0418971851468086,0.361723721027374,23.8726329803467,12.5065097808838,4.72986793518066,0.209816113114357,0.0979937985539436,0.0176229365170002,0.972658157348633
763.286315917969,0.111251406371593,0.0418635457754135,0.358908265829086,23.9356460571289,12.6513986587524,4.51435565948486,0.210185050964355,0.0995844006538391,0.0154648702591658,0.972453594207764
763.828674316406,0.114622488617897,0.0435703694820404,0.356497049331665,22.9634628295898,12.1733264923096,4.87477874755859,0.202173337340355,0.0953990742564201,0.0203543622046709,0.974479675292969
764.339416503906,0.124953478574753,0.0442022047936916,0.358005374670029,22.6568145751953,11.6777658462524,4.24709510803223,0.198975160717964,0.0924400091171265,0.0161743778735399,0.97550094127655
764.851745605469,0.12486906349659,0.0440896116197109,0.359287023544312,23.015645980835,11.5730476379395,4.35559320449829,0.202096089720726,0.0911815986037254,0.0169472303241491,0.974964559078217
765.378784179688,0.115589022636414,0.044083122164011,0.361153960227966,23.127649307251,12.0899276733398,5.01497268676758,0.203667610883713,0.09435123950243,0.0215336084365845,0.974245190620422
765.888610839844,0.112419649958611,0.0435629859566689,0.363811999559402,23.3273220062256,12.7371282577515,5.10620880126953,0.205558285117149,0.0995754152536392,0.0209535546600819,0.973340392112732
766.402648925781,0.108476579189301,0.0431795679032803,0.363272428512573,23.5205974578857,12.7849273681641,5.33669281005859,0.207405388355255,0.0994532555341721,0.0226258933544159,0.972923517227173
766.915649414063,0.0998569130897522,0.0431547835469246,0.363359689712524,23.6102180480957,10.30943775177,4.94627714157104,0.207361057400703,0.079071007668972,0.023703733459115,0.974775552749634
767.429626464844,0.100179173052311,0.0428201928734779,0.361978054046631,23.6905727386475,10.8581628799438,4.79944372177124,0.208046838641167,0.0839614048600197,0.0213910806924105,0.974273800849915
767.936950683594,0.0986331105232239,0.0428411364555359,0.361680418252945,23.7182350158691,10.8090829849243,4.95162057876587,0.208383202552795,0.0832529440522194,0.0227496810257435,0.974231958389282
768.454467773438,0.0990358740091324,0.0421880222856998,0.364118814468384,24.0110702514648,10.8192205429077,4.93474006652832,0.210857599973679,0.0832129046320915,0.0223295912146568,0.973712563514709
769.044799804688,0.0991320461034775,0.0397645980119705,0.36677423119545,24.948070526123,10.7444486618042,4.96954202651978,0.218809396028519,0.082006424665451,0.021940628066659,0.972067892551422
769.547546386719,0.098106250166893,0.0404051207005978,0.366863489151001,24.7480182647705,10.6454486846924,4.95700836181641,0.217087030410767,0.0812987387180328,0.02219751290977,0.97250759601593
770.056945800781,0.0979023277759552,0.0391758419573307,0.364657342433929,25.1358833312988,11.0256624221802,4.88962173461914,0.220393374562263,0.0844422653317451,0.0205571185797453,0.971531629562378
770.569763183594,0.101009130477905,0.0338190793991089,0.360547661781311,26.0743465423584,11.5946178436279,4.4708514213562,0.228097006678581,0.0895770415663719,0.0150371566414833,0.969392418861389
771.162353515625,0.111761569976807,0.0335844531655312,0.355133563280106,26.9421939849854,12.7371988296509,3.74670886993408,0.234919875860214,0.100246444344521,0.00576826278120279,0.966814398765564
771.727905273438,0.109887503087521,0.0345787890255451,0.366367369890213,26.6417465209961,12.4697198867798,4.17227125167847,0.232736647129059,0.0972746163606644,0.0102066928520799,0.967608988285065
772.269714355469,0.107837378978729,0.034127127379179,0.373954445123672,26.9789562225342,12.613169670105,4.35337448120117,0.235744908452034,0.0979349166154861,0.0111043862998486,0.966803908348083
772.792114257813,0.103260107338428,0.0337417386472225,0.374192833900452,27.1085243225098,12.6196928024292,4.7440881729126,0.237168833613396,0.097111314535141,0.0142557183280587,0.966497361660004
773.31494140625,0.101818077266216,0.0331219658255577,0.37192690372467,27.3370532989502,13.1943969726563,4.53478956222534,0.238972559571266,0.102260380983353,0.0110607324168086,0.965563356876373
773.835876464844,0.0982376784086227,0.0337041467428207,0.370907336473465,26.9351902008057,12.7967176437378,4.75442552566528,0.235740751028061,0.0986828580498695,0.01415482070297,0.966689050197601
774.354919433594,0.100094571709633,0.033496055752039,0.370266914367676,27.1991271972656,12.6972026824951,4.54593133926392,0.237771436572075,0.0981242284178734,0.0123318433761597,0.966273427009583
774.865234375,0.101058416068554,0.0337585732340813,0.368985444307327,27.150520324707,12.434268951416,4.47131299972534,0.237270876765251,0.0960883945226669,0.0122965108603239,0.966601490974426
775.379150390625,0.101279102265835,0.0363042131066322,0.371607333421707,26.4608516693115,12.1665029525757,4.40146684646606,0.231372654438019,0.0943453460931778,0.0129348449409008,0.968193352222443
775.893676757813,0.0982766002416611,0.0355427525937557,0.377237260341644,26.661226272583,12.2958965301514,4.68352890014648,0.233310207724571,0.0947565734386444,0.014858010224998,0.967660486698151
776.396362304688,0.0952234789729118,0.0354278981685638,0.37396040558815,26.6552410125732,12.1157865524292,4.85390281677246,0.233374461531639,0.0928919985890388,0.0166694764047861,0.967796266078949
776.923034667969,0.0957323834300041,0.0351988412439823,0.372533679008484,26.8369941711426,12.2989540100098,4.7507438659668,0.234846964478493,0.0945460721850395,0.0152450306341052,0.967303276062012
777.435180664063,0.0969899073243141,0.0346551574766636,0.37520632147789,27.0380573272705,12.3267259597778,4.66697597503662,0.236474603414536,0.0948392450809479,0.0142814265564084,0.966892600059509
777.963684082031,0.0970617979764938,0.0343207120895386,0.376683503389359,27.2255878448486,12.1454019546509,4.50214862823486,0.237896367907524,0.0935464575886726,0.0130814369767904,0.9666867852211
778.497436523438,0.0991741940379143,0.0335215739905834,0.375056058168411,27.5055332183838,12.7691135406494,4.56045007705688,0.24036879837513,0.0985274836421013,0.0119913648813963,0.965593814849854
779.004455566406,0.100487500429153,0.0332744345068932,0.374073803424835,27.6689529418945,12.6607732772827,4.47704792022705,0.241660252213478,0.0976982042193413,0.0113499714061618,0.965363442897797
779.519226074219,0.101030610501766,0.0336457043886185,0.371553331613541,27.6255435943604,12.9202442169189,4.80604791641235,0.24160635471344,0.099215030670166,0.0136188101023436,0.965192914009094
780.063232421875,0.102729305624962,0.0341789908707142,0.3664590716362,27.3307781219482,12.7541027069092,4.70099067687988,0.239018186926842,0.0982066318392754,0.0133862597867846,0.965943396091461
780.627502441406,0.10424879193306,0.03415672108531,0.364607095718384,27.3427886962891,12.6728115081787,4.63476037979126,0.239053264260292,0.0976526588201523,0.0129852639511228,0.965996325016022
781.191223144531,0.104297205805779,0.0338230468332767,0.366000443696976,27.3676624298096,12.3923120498657,4.51634979248047,0.239131465554237,0.0955209136009216,0.0125471884384751,0.96619588136673
781.70751953125,0.10307215154171,0.036418728530407,0.369378089904785,26.5877571105957,13.0941114425659,4.2484974861145,0.232402235269547,0.10241986066103,0.0096379267051816,0.967164158821106
782.222106933594,0.101814858615398,0.0361748114228249,0.368249595165253,26.6055526733398,13.035400390625,4.3143458366394,0.232605665922165,0.10178104788065,0.0102943172678351,0.967175900936127
782.764770507813,0.106084905564785,0.0387552715837955,0.361734539270401,25.7461242675781,13.2837219238281,4.15485382080078,0.225238487124443,0.104659713804722,0.00934990681707859,0.968620955944061
783.290771484375,0.118931218981743,0.0416842103004456,0.352268546819687,24.74001121521,13.8988246917725,3.69540548324585,0.216350227594376,0.111266143620014,0.00535687711089849,0.969940066337585
783.805786132813,0.118640214204788,0.0412147603929043,0.356056034564972,24.7467765808105,13.3622703552246,3.8453094959259,0.216519370675087,0.106436908245087,0.00763220898807049,0.970428943634033
784.3095703125,0.116874366998672,0.0401952601969242,0.361083984375,25.1707191467285,13.4965448379517,3.75433301925659,0.22002486884594,0.107534408569336,0.00615791138261557,0.969529509544373
784.844787597656,0.118385493755341,0.0383052229881287,0.361952871084213,25.9505367279053,13.2463083267212,3.57351636886597,0.226427972316742,0.105384916067123,0.00429643783718348,0.968300521373749
785.381103515625,0.120064318180084,0.0377583391964436,0.357466667890549,25.9993324279785,13.0882139205933,3.5622706413269,0.226823285222054,0.104047417640686,0.00446356646716595,0.968351900577545
785.8828125,0.119611442089081,0.0367814600467682,0.359950065612793,26.321928024292,13.3374996185303,3.80251145362854,0.229774132370949,0.105513654649258,0.00566051481291652,0.967490911483765
786.41552734375,0.115599848330021,0.0367213599383831,0.360019028186798,26.5014839172363,13.1791086196899,4.04957866668701,0.231503173708916,0.103586047887802,0.0078768664970994,0.967271506786346
786.919372558594,0.109546683728695,0.03700852394104,0.363250762224197,26.2803516387939,11.6584329605103,4.14219760894775,0.2295853048563,0.0906664356589317,0.0119375931099057,0.968982815742493
787.424621582031,0.108973979949951,0.0362410992383957,0.356694400310516,26.6989288330078,14.6892795562744,4.31892395019531,0.233519613742828,0.115666128695011,0.0068664662539959,0.96542364358902
787.945739746094,0.10325526446104,0.0368563123047352,0.355946242809296,26.45530128479,14.9398040771484,4.65175914764404,0.23182787001133,0.117244437336922,0.00944769755005836,0.965619206428528
788.507385253906,0.102960586547852,0.0357313454151154,0.360219329595566,26.9192218780518,14.672064781189,4.59541893005371,0.235647618770599,0.114826075732708,0.00897469837218523,0.964989483356476
789.031372070313,0.101775877177715,0.0348833464086056,0.363330453634262,27.2276077270508,14.5113382339478,4.69426345825195,0.238322600722313,0.113083392381668,0.00978197157382965,0.964530348777771
789.583801269531,0.103070825338364,0.0355376899242401,0.357705891132355,26.8406658172607,14.6752815246582,4.68944835662842,0.235082104802132,0.114707171916962,0.00985146500170231,0.965133011341095
790.114929199219,0.102154761552811,0.0356763228774071,0.357883661985397,26.8274116516113,14.4393186569214,4.73357009887695,0.234993323683739,0.112637013196945,0.0107224388048053,0.96538907289505
790.641540527344,0.10302996635437,0.035675011575222,0.358096837997437,27.0994319915771,14.7408838272095,4.71002388000488,0.237281560897827,0.115060456097126,0.00958724040538073,0.964555144309998
791.1669921875,0.106755331158638,0.0355432853102684,0.354476511478424,27.0987701416016,15.016640663147,4.6964111328125,0.237284451723099,0.117409870028496,0.00890245009213686,0.964277863502502
791.672973632813,0.106986723840237,0.0355965346097946,0.354919373989105,27.0526142120361,14.5667705535889,4.70650863647461,0.236870035529137,0.113630339503288,0.00997238233685493,0.964821934700012
792.1845703125,0.107900224626064,0.0347819775342941,0.359230756759644,27.3711547851563,14.9268407821655,4.44549655914307,0.239307478070259,0.117011964321136,0.00665537547320127,0.963844299316406
792.685363769531,0.105557397007942,0.03575699031353,0.362666070461273,26.995641708374,14.8763246536255,4.82345962524414,0.236536353826523,0.116029635071754,0.0103842010721564,0.964613854885101
793.205505371094,0.104502320289612,0.0355229005217552,0.362140089273453,27.1439418792725,14.7768602371216,4.79789161682129,0.237746596336365,0.115153931081295,0.0102000301703811,0.964423179626465
793.715087890625,0.105946645140648,0.0348927341401577,0.360216617584229,27.3102149963379,14.7093572616577,4.52807283401489,0.238865882158279,0.115046329796314,0.00787528604269028,0.964181244373322
794.216613769531,0.11068357527256,0.0347385928034782,0.365348547697067,27.5573387145996,13.6093492507935,4.06762790679932,0.240429148077965,0.106609843671322,0.00602320581674576,0.964775562286377
794.752563476563,0.12034073472023,0.0372186712920666,0.358914077281952,26.7196083068848,13.0432147979736,4.01727390289307,0.2333023250103,0.10238990932703,0.00765316700562835,0.966968357563019
795.320068359375,0.124665901064873,0.0446043908596039,0.356499433517456,24.0774974822998,12.5995903015137,4.69060182571411,0.211531609296799,0.0987438783049583,0.0169123932719231,0.972223222255707
795.832214355469,0.124559327960014,0.0462569892406464,0.3656385242939,23.2840747833252,12.5000696182251,4.6973819732666,0.204798340797424,0.0983175709843636,0.017948629334569,0.973688423633575
796.334167480469,0.124716222286224,0.0428407937288284,0.36775529384613,24.4637870788574,12.0392055511475,4.20634317398071,0.214319884777069,0.0946864560246468,0.0134646790102124,0.972070038318634
796.858459472656,0.126121088862419,0.0403347350656986,0.366401940584183,25.335075378418,12.1333122253418,4.13386964797974,0.221642419695854,0.0951808393001556,0.0118309799581766,0.970399558544159
797.432495117188,0.125892639160156,0.0386162996292114,0.365588366985321,26.0678958892822,12.1794176101685,4.03292512893677,0.227753415703773,0.0953975468873978,0.0101762115955353,0.968980967998505
798.01708984375,0.127111852169037,0.0368196181952953,0.365780621767044,26.769889831543,12.280966758728,4.06498241424561,0.23370997607708,0.095832534134388,0.00955851934850216,0.967524886131287
798.543518066406,0.124172016978264,0.0346172302961349,0.37313237786293,27.5980892181396,11.8245048522949,3.98818635940552,0.240585640072823,0.0917163416743279,0.00905878283083439,0.966242492198944
799.060913085938,0.117570728063583,0.0361464619636536,0.359737515449524,27.0689392089844,12.8874006271362,4.75222539901733,0.236875489354134,0.0993750467896461,0.0138112148270011,0.96634566783905
799.589721679688,0.112408973276615,0.0367084480822086,0.350744843482971,26.6075325012207,13.1812419891357,5.22856426239014,0.233449697494507,0.10115160048008,0.0177109017968178,0.966931223869324
800.137756347656,0.112909942865372,0.0356060490012169,0.352483868598938,27.0930786132813,13.2496299743652,4.9659538269043,0.237311601638794,0.101972639560699,0.0148383937776089,0.965952754020691
800.7216796875,0.105777740478516,0.0357130579650402,0.35406231880188,27.1200675964355,13.0040664672852,5.09868621826172,0.237621799111366,0.0996111482381821,0.0164376683533192,0.966096937656403
801.231201171875,0.100919216871262,0.035069465637207,0.359095901250839,27.4546127319336,13.1452350616455,5.40384578704834,0.240721061825752,0.0999564528465271,0.0183606371283531,0.96525901556015
801.737121582031,0.100974857807159,0.0348179340362549,0.363827735185623,27.6261615753174,12.9889459609985,5.51981639862061,0.24223655462265,0.0982863903045654,0.019484618678689,0.965029299259186
802.323669433594,0.104600109159946,0.0351296700537205,0.35829284787178,27.3616313934326,13.0654973983765,5.28007030487061,0.23981948196888,0.0996026024222374,0.0175838265568018,0.965534448623657
802.910095214844,0.109491646289825,0.0344771668314934,0.359220951795578,27.7087936401367,12.997444152832,4.58388185501099,0.242120936512947,0.100285828113556,0.0114981783553958,0.964980840682983
803.438049316406,0.109588950872421,0.0339608564972878,0.363557070493698,27.9288635253906,12.8495693206787,4.67061328887939,0.244029611349106,0.0987301096320152,0.0123139526695013,0.964650332927704
803.966735839844,0.108762621879578,0.033886905759573,0.366048067808151,27.8817882537842,12.7290325164795,4.9578013420105,0.243865251541138,0.0971316173672676,0.0150368697941303,0.964815616607666
804.515075683594,0.109597831964493,0.033707357943058,0.369277626276016,27.5870018005371,12.9741621017456,4.97057723999023,0.241431728005409,0.0993452817201614,0.0149311795830727,0.965203762054443
805.090393066406,0.112161137163639,0.0359869673848152,0.375427514314651,25.5433731079102,12.0153722763062,4.66692876815796,0.223826065659523,0.0930363908410072,0.0163718909025192,0.970040261745453
805.601013183594,0.111223846673965,0.0354682914912701,0.376916795969009,25.9606895446777,11.9243154525757,4.71177911758423,0.227373644709587,0.0919485688209534,0.0165278017520905,0.969316005706787
806.183471679688,0.113331019878387,0.035622987896204,0.373883992433548,26.3755950927734,12.0005521774292,4.54754686355591,0.230752885341644,0.0926944464445114,0.0145866675302386,0.968477189540863
806.70458984375,0.112573564052582,0.0347851477563381,0.375473022460938,26.75710105896,11.9934883117676,4.83029747009277,0.234196096658707,0.0918494611978531,0.0166202709078789,0.967698097229004
807.279296875,0.111867256462574,0.0334816798567772,0.378717094659805,27.2464733123779,12.1795358657837,4.93820142745972,0.238431364297867,0.0929163172841072,0.016668263822794,0.966560542583466
807.861145019531,0.109846651554108,0.0333270728588104,0.37759056687355,27.4907283782959,12.4681339263916,5.13694906234741,0.240691855549812,0.0947895795106888,0.0174965560436249,0.965803444385529
808.363586425781,0.108496583998203,0.0340448245406151,0.37710252404213,27.23268699646,12.2903461456299,5.33704566955566,0.238656595349312,0.0930288732051849,0.0198152773082256,0.966434717178345
808.885009765625,0.106224119663239,0.0353910662233829,0.376463383436203,26.4768161773682,12.3463516235352,5.52828931808472,0.232458636164665,0.0935748890042305,0.022073982283473,0.967842698097229
809.406188964844,0.105288922786713,0.0347413532435894,0.377042174339294,26.9081859588623,12.4448986053467,5.64298391342163,0.236204028129578,0.0939011424779892,0.0224036369472742,0.966896235942841
809.96142578125,0.104728415608406,0.0348239615559578,0.375551789999008,27.0241832733154,12.4277906417847,5.64607763290405,0.237179353833199,0.0936767011880875,0.0223470348864794,0.966680526733398
810.467346191406,0.104270465672016,0.0357302129268646,0.373569667339325,26.7564487457275,12.6873836517334,5.83068323135376,0.235130965709686,0.0956588685512543,0.0236448291689157,0.966955900192261
810.984130859375,0.103909738361835,0.035647314041853,0.371362715959549,26.7009449005127,12.8712167739868,5.71742677688599,0.234605357050896,0.0974782481789589,0.0223703477531672,0.966932237148285
811.49267578125,0.104937255382538,0.0357733145356178,0.369211673736572,26.776273727417,12.9000654220581,5.77528715133667,0.23529414832592,0.097554124891758,0.0227201338857412,0.966749012470245
812.007446289063,0.0999705195426941,0.0494705960154533,0.364240884780884,21.9732837677002,13.517915725708,6.5777440071106,0.195572167634964,0.104487642645836,0.0335342846810818,0.974530398845673
812.55126953125,0.0588320456445217,0.067202977836132,0.352783560752869,13.9594078063965,16.6092586517334,8.60833644866943,0.130664169788361,0.133937016129494,0.0562118850648403,0.980728328227997
813.129455566406,0.10678243637085,0.066859245300293,0.349703818559647,14.2679996490479,12.7805681228638,6.66983652114868,0.129634186625481,0.103072173893452,0.043564435094595,0.985227525234222
813.6376953125,0.117967270314693,0.0605492144823074,0.369980186223984,16.7470111846924,12.6292791366577,5.49914312362671,0.149795353412628,0.101747132837772,0.03117267601192,0.982973635196686
814.167297363281,0.107253037393093,0.0592875815927982,0.369175016880035,17.5426750183105,12.9315547943115,5.83919429779053,0.156993478536606,0.103430606424809,0.0328689180314541,0.981618463993073
814.673828125,0.0996971726417542,0.0594980344176292,0.365634858608246,17.3798236846924,12.8869180679321,6.20284032821655,0.155914410948753,0.102649241685867,0.0362141132354736,0.981754779815674
815.194213867188,0.0996904745697975,0.0567576885223389,0.372377842664719,18.4322662353516,13.4409952163696,6.13427972793579,0.16501159965992,0.106839284300804,0.0337365828454494,0.979907333850861
815.730224609375,0.0986184105277061,0.0550619550049305,0.37427282333374,19.0987415313721,13.3827991485596,6.28703212738037,0.170820593833923,0.105698741972446,0.0344073884189129,0.9790118932724
816.258544921875,0.0999254733324051,0.0553128309547901,0.368148684501648,19.1598739624023,13.5974273681641,6.27500867843628,0.171394467353821,0.107511080801487,0.0339176803827286,0.978731274604797
816.761779785156,0.100110858678818,0.0551465190947056,0.367013365030289,19.3006782531738,13.470235824585,6.34406185150146,0.172620758414268,0.106230795383453,0.0345446057617664,0.978633642196655
817.326416015625,0.101538248360157,0.0535020902752876,0.376525580883026,19.843843460083,13.1935653686523,6.33983325958252,0.177160903811455,0.103525020182133,0.0343451127409935,0.978119134902954
817.842834472656,0.103393420577049,0.0512757562100887,0.381298214197159,20.8726692199707,13.048077583313,6.27094316482544,0.185812264680862,0.101729340851307,0.0328931361436844,0.976751267910004
818.423950195313,0.103001341223717,0.0521553792059422,0.373828113079071,20.4428672790527,13.0375356674194,6.12939882278442,0.182026788592339,0.102141156792641,0.0321577414870262,0.977445304393768
818.925598144531,0.102477587759495,0.0520968995988369,0.374312430620193,20.5385627746582,12.9834127426147,6.28478384017944,0.182963654398918,0.101371049880981,0.0334682911634445,0.977306544780731
819.4345703125,0.103767961263657,0.0515632219612598,0.375642061233521,20.8223857879639,12.8554944992065,6.22607755661011,0.185289785265923,0.100192546844482,0.0328754000365734,0.977009892463684
820.014526367188,0.10451453179121,0.0508822873234749,0.375976204872131,21.0302314758301,12.8311281204224,6.23188161849976,0.187055692076683,0.0998423174023628,0.0327474884688854,0.976713538169861
820.607727050781,0.10517019033432,0.0506511367857456,0.373815983533859,21.1993732452393,12.892505645752,6.113938331604,0.188408017158508,0.100450731813908,0.0314650386571884,0.976433336734772
821.186218261719,0.106879040598869,0.0507443957030773,0.37215456366539,21.1739559173584,12.8524904251099,6.01716423034668,0.188096299767494,0.100284747779369,0.0307326633483171,0.976533770561218
821.687866210938,0.10729131102562,0.0507337935268879,0.372859925031662,21.2584762573242,12.523383140564,5.86671829223633,0.188598036766052,0.0976748242974281,0.0299044046550989,0.976727306842804
822.1884765625,0.112215146422386,0.0655342638492584,0.362582892179489,16.6236839294434,15.1761426925659,6.736496925354,0.15072412788868,0.122018210589886,0.038570661097765,0.980258166790009
822.693603515625,0.110138885676861,0.0644828602671623,0.355133503675461,16.1525020599365,12.9214134216309,6.48638105392456,0.145677715539932,0.103329703211784,0.0398743413388729,0.983112931251526
823.202514648438,0.11120280623436,0.0617147721350193,0.355813533067703,17.1468124389648,12.4058046340942,6.51037883758545,0.154031351208687,0.0982544720172882,0.0397383011877537,0.982365131378174
823.733520507813,0.113953500986099,0.0598989650607109,0.355442345142365,17.7432651519775,11.7233009338379,6.25092792510986,0.158688262104988,0.0923902615904808,0.0378619506955147,0.982267081737518
824.314086914063,0.116192370653152,0.057218749076128,0.362590283155441,18.8585739135742,11.766471862793,5.96316528320313,0.168006271123886,0.0925029292702675,0.034271776676178,0.98083770275116
824.887878417969,0.114796236157417,0.0557455010712147,0.357549786567688,19.6763515472412,11.3607807159424,5.91624879837036,0.174833238124847,0.0886192470788956,0.0337078459560871,0.980022370815277
825.409851074219,0.114986926317215,0.0560447163879871,0.351775616407394,19.4784336090088,11.5710821151733,5.75388097763062,0.173076808452606,0.0907799378037453,0.0321845263242722,0.98018753528595
825.987426757813,0.115031197667122,0.0550172664225101,0.350205302238464,19.8132858276367,11.5540037155151,5.78262424468994,0.175953224301338,0.0903958156704903,0.0321417152881622,0.979712188243866
826.493347167969,0.117468513548374,0.052404347807169,0.357505440711975,20.8191223144531,11.7551193237305,5.76408052444458,0.184570133686066,0.0915531665086746,0.0307132713496685,0.978063702583313
827.064147949219,0.120576545596123,0.0549440756440163,0.350580245256424,19.5072822570801,12.3609285354614,4.84525680541992,0.172761961817741,0.0988898724317551,0.0231944378465414,0.979712307453156
827.6552734375,0.117133870720863,0.0529817193746567,0.369371980428696,20.4285316467285,12.7213735580444,5.72307682037354,0.181461542844772,0.100097015500069,0.0292075220495462,0.977854430675507
828.247741699219,0.114680461585522,0.0520753897726536,0.371010690927505,20.787914276123,11.5995235443115,5.66498756408691,0.184184268116951,0.0904027074575424,0.0301474202424288,0.978261053562164
828.77490234375,0.109875440597534,0.0505552291870117,0.367355406284332,21.5574245452881,11.8388948440552,5.83835315704346,0.190937221050262,0.091705709695816,0.030499929562211,0.97683310508728
829.365478515625,0.105873607099056,0.0499467179179192,0.361258894205093,21.8975524902344,12.2736711502075,5.85581874847412,0.193957537412643,0.0951743945479393,0.0295844748616219,0.975933969020844
829.942138671875,0.107499599456787,0.0486016385257244,0.366124987602234,22.47043800354,12.4311275482178,5.82710981369019,0.198839366436005,0.0962119996547699,0.0284943860024214,0.974881708621979
830.514404296875,0.108563825488091,0.0476479902863503,0.366687506437302,22.9010009765625,12.4653348922729,5.61934804916382,0.202326431870461,0.0966037288308144,0.0262320283800364,0.97418874502182
831.018432617188,0.108250938355923,0.0470238476991653,0.364977568387985,23.2129898071289,12.4256639480591,5.64813089370728,0.204987421631813,0.0960261598229408,0.0262317676097155,0.973689377307892
831.538940429688,0.107623755931854,0.0475128330290318,0.362334638834,22.8678283691406,12.4339265823364,5.69714260101318,0.202103182673454,0.096219576895237,0.026982381939888,0.974252581596375
832.123474121094,0.107638455927372,0.0464681908488274,0.366119265556335,23.3723793029785,12.5679168701172,5.66927099227905,0.20638869702816,0.0970993340015411,0.0259941499680281,0.973293244838715
832.711364746094,0.106478676199913,0.0457476899027824,0.370466023683548,23.6727123260498,12.6448211669922,5.81732034683228,0.209076210856438,0.0972975939512253,0.0268038492649794,0.972677707672119
833.268798828125,0.107401564717293,0.044949721544981,0.373252749443054,23.9975242614746,12.8719692230225,5.82051277160645,0.211880758404732,0.0990141928195953,0.0260764472186565,0.97191709280014
833.770324707031,0.106955997645855,0.0448313727974892,0.371547937393188,24.0922336578369,12.7397699356079,5.88695430755615,0.212708592414856,0.0977096930146217,0.0267861038446426,0.971848964691162
834.358703613281,0.10618132352829,0.0446166172623634,0.364935100078583,24.0062274932861,12.6375646591187,5.75668907165527,0.211846545338631,0.0971383824944496,0.0259594134986401,0.972116887569427
834.887512207031,0.106005355715752,0.0442683510482311,0.362425118684769,24.0379028320313,12.9384450912476,5.6250114440918,0.212067291140556,0.0999143123626709,0.0242530666291714,0.971831500530243
835.451477050781,0.102568104863167,0.044273354113102,0.365415573120117,23.8345508575439,13.4628572463989,6.09489822387695,0.210882902145386,0.103624515235424,0.0274878535419703,0.97161453962326
836.037658691406,0.101552665233612,0.0418825149536133,0.377676397562027,24.8293285369873,13.6465196609497,6.12734031677246,0.219358786940575,0.104454547166824,0.0263209994882345,0.969679415225983
836.605407714844,0.102440558373928,0.0415231883525848,0.377846717834473,25.1006889343262,13.5495872497559,5.91242790222168,0.221431463956833,0.103866726160049,0.0243891328573227,0.96932190656662
837.110473632813,0.102023333311081,0.0418150164186954,0.373212724924088,24.9190616607666,13.5196113586426,5.9895224571228,0.219962283968925,0.103584803640842,0.0252989046275616,0.969663262367249
837.633911132813,0.104073591530323,0.0418377891182899,0.370512872934341,24.9569931030273,13.6951503753662,5.8269567489624,0.220171570777893,0.105357252061367,0.0235444139689207,0.969468951225281
838.217346191406,0.104130230844021,0.0415361560881138,0.371518015861511,25.0864143371582,13.4634838104248,5.78762626647949,0.221180155873299,0.103388704359531,0.0235153213143349,0.969452023506165
838.776672363281,0.103237643837929,0.0412160307168961,0.372069120407104,25.2430839538574,13.3653755187988,5.83223104476929,0.222521662712097,0.102370537817478,0.0239119324833155,0.969243288040161
839.280822753906,0.101533219218254,0.0409336350858212,0.371790587902069,25.3108501434326,13.2418174743652,5.91917133331299,0.223144248127937,0.101112052798271,0.0248142164200544,0.969209611415863
839.818786621094,0.100736320018768,0.0422520637512207,0.370039820671082,24.7716102600098,12.7407197952271,5.86793804168701,0.21843658387661,0.0973192825913429,0.0259171687066555,0.970640361309052
840.353149414063,0.108318313956261,0.0454893261194229,0.349279820919037,22.3732471466064,14.7854537963867,3.63730764389038,0.196301653981209,0.120055668056011,0.00592436222359538,0.973148107528687
840.878662109375,0.101001754403114,0.0630711764097214,0.362423926591873,15.400092124939,13.1931209564209,6.90596008300781,0.139714926481247,0.105618476867676,0.0439270213246346,0.983562350273132
841.384399414063,0.0978327542543411,0.0630700811743736,0.368578374385834,14.3651943206787,12.2221612930298,5.78179836273193,0.129490077495575,0.099216490983963,0.0364606827497482,0.985930562019348
841.977661132813,0.104840755462646,0.0619242116808891,0.368671298027039,15.6261701583862,13.1459922790527,5.04569387435913,0.139909252524376,0.107351876795292,0.0277764480561018,0.983935713768005
842.571655273438,0.107106402516365,0.0614801719784737,0.359025508165359,16.0072383880615,13.3822298049927,4.86850643157959,0.143063098192215,0.109404176473618,0.0255641173571348,0.983315944671631
843.147888183594,0.10608197003603,0.0592075809836388,0.369782298803329,16.9392623901367,13.1408634185791,5.01576614379883,0.151129901409149,0.106665782630444,0.0261584762483835,0.982393980026245
843.6513671875,0.107401877641678,0.0575105585157871,0.379601240158081,17.7890586853027,12.7686080932617,4.95171451568604,0.158259510993958,0.103119216859341,0.0252375118434429,0.981673777103424
844.174621582031,0.108667597174644,0.057360827922821,0.37786728143692,17.719970703125,12.9706001281738,5.03604888916016,0.157789990305901,0.104769423604012,0.025752117857337,0.981561243534088
844.695495605469,0.107920140028,0.0581903532147408,0.368303120136261,17.3811054229736,13.188663482666,4.85571146011353,0.154772311449051,0.107060119509697,0.0242616701871157,0.981832504272461
845.260559082031,0.109709903597832,0.0581429786980152,0.372443169355392,17.5080966949463,13.6501216888428,5.25147485733032,0.156336843967438,0.110407754778862,0.0268898047506809,0.981145203113556
845.76611328125,0.11347733438015,0.0585205219686031,0.375038832426071,17.4788932800293,13.0891847610474,4.47879838943481,0.155237823724747,0.106668688356876,0.0210650693625212,0.981875360012054
846.340759277344,0.11510805785656,0.056213341653347,0.375519275665283,18.4283313751221,13.121678352356,4.36982488632202,0.16326080262661,0.106637120246887,0.0191039703786373,0.980616927146912
846.864990234375,0.116805002093315,0.0552861578762531,0.37286639213562,18.9693279266357,13.3160972595215,4.24860668182373,0.167798787355423,0.108212999999523,0.0172218400985003,0.979712665081024
847.431518554688,0.117598190903664,0.0537190511822701,0.373928159475327,19.6054134368896,13.0763959884644,4.20443391799927,0.17315074801445,0.105922840535641,0.0165384598076344,0.979043245315552
847.936706542969,0.114798024296761,0.0532051026821136,0.373907476663589,19.8760814666748,13.1856546401978,4.56914281845093,0.175813645124435,0.106166005134583,0.0192059334367514,0.978493511676788
848.513366699219,0.113339334726334,0.0528863631188869,0.371249079704285,20.1725254058838,13.1528768539429,4.52638959884644,0.17829541862011,0.105800278484821,0.0185819584876299,0.978096008300781
849.030883789063,0.113415345549583,0.0519603304564953,0.376183331012726,20.449987411499,12.4744501113892,4.88323545455933,0.180857986211777,0.0993051156401634,0.0224080719053745,0.978226363658905
849.533813476563,0.114155597984791,0.052007582038641,0.374492973089218,20.2645854949951,12.0524168014526,4.76001119613647,0.179090172052383,0.0959918051958084,0.0222005322575569,0.978886842727661
850.0439453125,0.115433268249035,0.0525064989924431,0.373230159282684,20.2452983856201,12.9322662353516,4.72421789169312,0.179058641195297,0.103571020066738,0.0205391459167004,0.97815603017807
850.548828125,0.114580690860748,0.0539961121976376,0.373238205909729,19.5412712097168,12.834677696228,4.97927856445313,0.173266634345055,0.10271891951561,0.023590512573719,0.979219615459442
851.122619628906,0.11408095061779,0.0532285124063492,0.373246282339096,19.9361267089844,13.304780960083,5.21721124649048,0.176948502659798,0.106153205037117,0.0244922060519457,0.978172183036804
851.699157714844,0.117134675383568,0.0513384006917477,0.375898391008377,20.4842720031738,13.2180995941162,4.81362009048462,0.181227341294289,0.105742789804935,0.0206039659678936,0.977522730827332
852.201232910156,0.120349578559399,0.0504016689956188,0.364762425422668,20.3855209350586,13.3894262313843,4.34403991699219,0.17997607588768,0.10799577832222,0.0164322834461927,0.977586627006531
852.707275390625,0.119156628847122,0.0511202476918697,0.360352009534836,20.3379974365234,13.4628658294678,4.05498838424683,0.179307177662849,0.109098859131336,0.0139015419408679,0.977626323699951
853.213684082031,0.119545377790928,0.0510699264705181,0.363012582063675,20.07981300354,14.237699508667,4.12699508666992,0.177271902561188,0.115722186863422,0.0135914832353592,0.977240204811096
853.778137207031,0.117248579859734,0.0498012192547321,0.368705451488495,20.9828662872314,13.8075504302979,4.41522884368896,0.185186937451363,0.111141696572304,0.0157308001071215,0.976271450519562
854.365112304688,0.119406431913376,0.0491237826645374,0.365954786539078,21.2732906341553,13.6912412643433,4.29599666595459,0.187526077032089,0.11019529402256,0.0145887602120638,0.975949883460999
854.938415527344,0.121565386652946,0.0490629635751247,0.361407786607742,21.3562641143799,13.8095455169678,4.11629819869995,0.188071802258492,0.11145531386137,0.0127746034413576,0.975727200508118
855.444458007813,0.121679455041885,0.0495782606303692,0.357426792383194,21.0813732147217,13.7623176574707,4.24098062515259,0.185849919915199,0.110987946391106,0.014212335459888,0.976186215877533
856.015991210938,0.115208245813847,0.0557039119303226,0.363283663988113,18.9407348632813,13.0695924758911,5.64801359176636,0.168800592422485,0.104065373539925,0.0295783262699842,0.979694783687592
856.603088378906,0.116358011960983,0.0547322481870651,0.370741248130798,19.0541248321533,13.1475248336792,5.54802846908569,0.169696718454361,0.104813300073147,0.0284893047064543,0.979492485523224
857.182861328125,0.118068255484104,0.0501081608235836,0.362796813249588,20.1043701171875,11.7161817550659,5.42143964767456,0.178192153573036,0.0921739935874939,0.0285291634500027,0.979253590106964
857.689697265625,0.12294415384531,0.0514298230409622,0.353103488683701,20.1630191802979,12.2147626876831,4.96838045120239,0.178432106971741,0.0971068069338799,0.02382592856884,0.978858828544617
858.210876464844,0.120054848492146,0.0515962056815624,0.357029765844345,20.1832752227783,12.4417610168457,5.24808931350708,0.178892865777016,0.0985984280705452,0.0258409474045038,0.978574454784393
858.736572265625,0.117168098688126,0.0492822900414467,0.368932276964188,21.0876731872559,12.7826671600342,5.35757398605347,0.186766535043716,0.100820355117321,0.025314224883914,0.976889312267303
859.323669433594,0.115118488669395,0.0470719859004021,0.378176927566528,22.1462097167969,12.944787979126,5.56054830551147,0.195978537201881,0.101238943636417,0.0256749242544174,0.975030243396759
859.899169921875,0.116691336035728,0.0462430864572525,0.37576687335968,22.4866371154785,12.9397163391113,5.47940063476563,0.198795363306999,0.101131394505501,0.0246377717703581,0.974497735500336
860.496948242188,0.117371805012226,0.0452898517251015,0.378773838281631,22.8598098754883,12.7783222198486,5.45988416671753,0.201909646391869,0.0995703488588333,0.0243665259331465,0.974024891853333
861.091735839844,0.115887932479382,0.0441026128828526,0.38183268904686,23.255651473999,12.0194597244263,5.49359464645386,0.205129995942116,0.0928250402212143,0.0256029572337866,0.973986506462097
861.691772460938,0.117318898439407,0.0427531562745571,0.382772088050842,23.6904487609863,12.6693019866943,5.46940517425537,0.208935141563416,0.0981290563941002,0.0237877555191517,0.972702920436859
862.205017089844,0.121002271771431,0.0426409617066383,0.379011005163193,23.7046794891357,12.79625415802,5.07028579711914,0.208735108375549,0.0999256297945976,0.0201539658010006,0.972645044326782
862.758361816406,0.121994957327843,0.0437721684575081,0.375521630048752,23.1095638275146,12.6848468780518,5.14384317398071,0.20373497903347,0.0991890430450439,0.0215894933789968,0.973749220371246
863.269958496094,0.1192517131567,0.0454507432878017,0.377766102552414,22.6375598907471,12.7790842056274,5.4017915725708,0.199973791837692,0.0998107343912125,0.024100674316287,0.974406182765961
863.785705566406,0.11679345369339,0.0450782403349876,0.376585572957993,22.7515697479248,12.5149755477905,5.55359649658203,0.201014310121536,0.0972314700484276,0.0257370062172413,0.974411070346832
864.358032226563,0.118725381791592,0.0436972416937351,0.375647366046906,23.2524738311768,12.210150718689,5.55624341964722,0.205196961760521,0.0943354442715645,0.0257971212267876,0.973822176456451
864.863891601563,0.119801826775074,0.0437061004340649,0.370386600494385,23.2465591430664,12.0486335754395,5.34673595428467,0.204939916729927,0.0933411046862602,0.0243113804608583,0.974010288715363
865.374755859375,0.121141597628593,0.0425533168017864,0.376568228006363,23.7585563659668,12.0118093490601,5.22911214828491,0.209177955985069,0.092944860458374,0.0228789150714874,0.97318160533905
865.96728515625,0.119835719466209,0.04158890619874,0.373756945133209,24.0174427032471,11.9768438339233,5.42075872421265,0.211519122123718,0.0921452715992928,0.024318004027009,0.972716569900513
866.477966308594,0.121188074350357,0.0416838973760605,0.373962223529816,23.9137535095215,12.3802061080933,5.42986297607422,0.210732981562614,0.0956137701869011,0.023754745721817,0.972566366195679
866.9921875,0.119778253138065,0.0412714555859566,0.377121478319168,24.1851177215576,12.3939933776855,5.39143085479736,0.213001251220703,0.0956399664282799,0.0231304001063108,0.972084641456604
867.565979003906,0.120133027434349,0.0545041225850582,0.372425228357315,18.4694728851318,13.0690536499023,5.64335584640503,0.164773359894753,0.104342058300972,0.0300332196056843,0.980336904525757
868.114135742188,0.13173121213913,0.0743099451065063,0.365105032920837,8.20882225036621,15.3645706176758,5.2447509765625,0.0769581124186516,0.129951924085617,0.0356681533157825,0.987885475158691
868.669372558594,0.136514246463776,0.0695274621248245,0.357633143663406,11.0857191085815,17.6403923034668,3.76800489425659,0.100413948297501,0.149396747350693,0.0175328478217125,0.983509123325348
869.179565429688,0.131815180182457,0.0701025575399399,0.352788507938385,11.3435182571411,17.2214050292969,3.92459726333618,0.102759599685669,0.145553722977638,0.0189021248370409,0.98381769657135
869.695556640625,0.129484668374062,0.0679684951901436,0.357427328824997,12.6734981536865,17.3313007354736,4.63907909393311,0.115083113312721,0.145208939909935,0.0231501795351505,0.98241251707077
870.25927734375,0.148344501852989,0.0698639675974846,0.363835155963898,13.8857488632202,14.5995635986328,6.44662046432495,0.12680222094059,0.119187869131565,0.0400282330811024,0.983927428722382
870.764526367188,0.154825285077095,0.0697126090526581,0.351961702108383,13.4874505996704,13.0279188156128,5.09399890899658,0.121561788022518,0.107364386320114,0.0305379685014486,0.986287534236908
871.343933105469,0.134781628847122,0.0671719536185265,0.339793026447296,12.0543079376221,15.4912433624268,5.03798723220825,0.109831944108009,0.129327997565269,0.0291711501777172,0.985068678855896
871.928344726563,0.11040273308754,0.0674081593751907,0.359216272830963,11.1684761047363,17.2987060546875,6.85570526123047,0.104979515075684,0.143653392791748,0.0442232526838779,0.983049988746643
872.431579589844,0.105274729430676,0.0658123716711998,0.360683172941208,12.6464557647705,17.0627632141113,7.14220333099365,0.11789121478796,0.140378072857857,0.0449159182608128,0.982027649879456
873.003051757813,0.107414662837982,0.0654511451721191,0.352940946817398,12.863112449646,17.4471454620361,6.9285306930542,0.119625054299831,0.143747180700302,0.0423928909003735,0.981442511081696
873.509338378906,0.105425909161568,0.0648070201277733,0.356030493974686,13.2757301330566,17.5632820129395,6.91109895706177,0.123171165585518,0.144484430551529,0.0415527820587158,0.980931460857391
874.088684082031,0.107340559363365,0.0627186819911003,0.368465393781662,14.2193193435669,17.2553329467773,6.94817876815796,0.131163790822029,0.141170606017113,0.0409180037677288,0.980404376983643
874.664978027344,0.111875593662262,0.0614399202167988,0.368888139724731,14.981761932373,16.7136631011963,6.69822692871094,0.137181997299194,0.136315926909447,0.0383911207318306,0.980369925498962
875.169555664063,0.109009847044945,0.0630618408322334,0.36101245880127,14.3279886245728,16.108512878418,6.95943784713745,0.131689608097076,0.131266057491302,0.0421863906085491,0.981655418872833
875.677185058594,0.1076864823699,0.0615653097629547,0.367412865161896,14.8789625167847,15.8823022842407,7.59604120254517,0.137029960751534,0.128197714686394,0.0472029931843281,0.981101453304291
876.26416015625,0.108771622180939,0.0597455501556396,0.373277246952057,15.8360347747803,16.0116443634033,7.42716312408447,0.145061612129211,0.128820925951004,0.0443806275725365,0.979996263980865
876.779296875,0.108768373727798,0.058273758739233,0.375533521175385,16.5662117004395,15.9692964553833,7.50030612945557,0.151352882385254,0.127833098173141,0.044127207249403,0.979185283184052
877.294555664063,0.111143030226231,0.0570429675281048,0.375605851411819,17.0474319458008,16.0299453735352,7.33951711654663,0.155295819044113,0.12821489572525,0.0420562513172626,0.978608906269073
877.80224609375,0.111974187195301,0.0565087422728539,0.377778172492981,17.4283809661865,16.1035270690918,7.4168553352356,0.15865284204483,0.128458261489868,0.0421256050467491,0.978035390377045
878.393737792969,0.111199609935284,0.0562911666929722,0.375800877809525,17.4609203338623,15.7189102172852,7.51609039306641,0.158895939588547,0.125013440847397,0.0434640906751156,0.978383660316467
878.922790527344,0.111547574400902,0.0555867627263069,0.377309679985046,17.7758083343506,15.8163366317749,7.40406608581543,0.161490067839622,0.125769078731537,0.041972853243351,0.977927088737488
879.5,0.108834430575371,0.0561248771846294,0.377284646034241,17.5004005432129,15.5862102508545,7.59816741943359,0.159270375967026,0.123737119138241,0.0442994236946106,0.978447616100311
880.07080078125,0.107589907944202,0.0555235743522644,0.375300049781799,17.6977863311768,15.7233037948608,7.70406579971313,0.161118656396866,0.124611087143421,0.0447630658745766,0.97801285982132
880.577209472656,0.107358649373055,0.0552145913243294,0.376648545265198,17.8737506866455,15.6751508712769,7.68085336685181,0.162572056055069,0.124099768698215,0.044410478323698,0.977853417396545
881.154846191406,0.106751717627048,0.0559355467557907,0.371677041053772,17.5963535308838,15.2272291183472,7.58251142501831,0.159931659698486,0.12062194943428,0.044546652585268,0.978717446327209
881.738464355469,0.10589861124754,0.0588020086288452,0.371709197759628,16.7232971191406,14.7446422576904,7.32367992401123,0.152032375335693,0.117482401430607,0.0440445840358734,0.980379581451416
882.316650390625,0.102560982108116,0.0568589009344578,0.376097530126572,17.3021297454834,13.96985912323,7.88608884811401,0.157213971018791,0.109673529863358,0.0492292903363705,0.980220377445221
882.887268066406,0.103444814682007,0.0557600893080235,0.375907361507416,17.8603248596191,13.9562149047852,7.64994525909424,0.161743611097336,0.109471537172794,0.0465950630605221,0.979634582996368
883.470886230469,0.103067480027676,0.0551623180508614,0.373896479606628,17.9581851959229,14.0775566101074,7.65951776504517,0.16263635456562,0.110423132777214,0.0463936366140842,0.979389488697052
883.978332519531,0.103145740926266,0.0540132857859135,0.376041561365128,18.4420375823975,13.9218397140503,7.56120300292969,0.166603699326515,0.108877964317799,0.0452262833714485,0.978950142860413
884.533813476563,0.102624662220478,0.0523136518895626,0.378863364458084,19.1417922973633,13.9988975524902,7.79275751113892,0.172812670469284,0.108671762049198,0.0462924726307392,0.977846264839172
885.114562988281,0.105943873524666,0.0516856238245964,0.377541989088058,19.4722213745117,13.973557472229,7.50350332260132,0.175339803099632,0.108648046851158,0.0434857234358788,0.977527797222137
885.618408203125,0.108570076525211,0.0511958748102188,0.376765489578247,19.7962608337402,14.0108995437622,7.29589986801147,0.17791248857975,0.109049446880817,0.0412880182266235,0.977113425731659
886.200561523438,0.110292941331863,0.0505133382976055,0.375867307186127,19.8057136535645,13.7670774459839,7.21856927871704,0.177832409739494,0.107083350419998,0.0409963168203831,0.977357745170593
886.719116210938,0.106469579041004,0.0555730201303959,0.364841461181641,17.7765617370605,12.810492515564,7.90590143203735,0.160776823759079,0.0993731617927551,0.0504883639514446,0.980676710605621
887.228332519531,0.109921932220459,0.0550814494490623,0.361156493425369,18.246654510498,13.4820785522461,7.35609674453735,0.16457436978817,0.10555711388588,0.0443267896771431,0.979698002338409
887.798095703125,0.110003843903542,0.0537275224924088,0.356583476066589,18.3728885650635,13.8504543304443,7.05974435806274,0.165510624647141,0.109044022858143,0.0411229990422726,0.979297995567322
888.384033203125,0.108960568904877,0.0493080839514732,0.372125804424286,20.4843807220459,13.8596906661987,7.42318964004517,0.183826223015785,0.107056021690369,0.0418289229273796,0.976215779781342
888.884826660156,0.102541618049145,0.050884585827589,0.377715468406677,20.6266498565674,13.8776664733887,7.33786630630493,0.184961348772049,0.107241697609425,0.0409118644893169,0.976019859313965
889.462707519531,0.0859036892652512,0.0336428470909595,0.397867858409882,26.1952972412109,4.75603675842285,6.27670907974243,0.228289097547531,0.0279566589742899,0.043888546526432,0.972201824188232
890.0224609375,0.0900045409798622,0.0362959764897823,0.402229368686676,25.2891883850098,3.74402165412903,8.52177429199219,0.220549419522285,0.0155312092974782,0.0653262063860893,0.973061800003052
890.610046386719,0.107602477073669,0.0392992459237576,0.395156890153885,25.2216148376465,7.3029203414917,7.53985261917114,0.221499040722847,0.0476900637149811,0.0501592271029949,0.97270131111145
891.183166503906,0.103471726179123,0.0413124226033688,0.389578968286514,24.3756656646729,7.47807025909424,8.09491062164307,0.214641541242599,0.048713855445385,0.0551118664443493,0.973919212818146
891.693054199219,0.103800341486931,0.0434358194470406,0.381831586360931,23.3879470825195,8.97193145751953,7.63397169113159,0.206713825464249,0.0629702880978584,0.0491705313324928,0.975134074687958
892.19384765625,0.0979865565896034,0.0432209931313992,0.386718481779099,23.4968414306641,9.05892753601074,7.90002250671387,0.207822769880295,0.0631512850522995,0.0511907562613487,0.974782586097717
892.765625,0.0957849845290184,0.0427958443760872,0.387467890977859,23.7600345611572,9.69348621368408,8.27710628509521,0.210558891296387,0.0676617473363876,0.053022101521492,0.973794400691986
893.342346191406,0.0933084711432457,0.0430693067610264,0.384389370679855,23.6618366241455,9.33488750457764,8.27658367156982,0.209558963775635,0.0646896362304688,0.0537570454180241,0.974171698093414
893.847106933594,0.0951287820935249,0.0418750680983067,0.387888878583908,24.1196899414063,9.37814903259277,8.0291051864624,0.21331986784935,0.0651696771383286,0.0511975102126598,0.973461091518402
894.353881835938,0.0968803465366364,0.0414339080452919,0.38650444149971,24.2884120941162,9.15982723236084,7.99551963806152,0.214633241295815,0.0632527619600296,0.051182359457016,0.973299562931061
894.857971191406,0.0974635109305382,0.0418454557657242,0.382520914077759,24.0630302429199,9.15414619445801,8.06421756744385,0.212758526206017,0.0632434189319611,0.0519584454596043,0.973670601844788
895.427612304688,0.0963166430592537,0.0420934781432152,0.383618086576462,24.0046424865723,9.21806621551514,8.08597469329834,0.212304666638374,0.0637896507978439,0.0520720221102238,0.973727941513062
896.006530761719,0.0967571064829826,0.0419117994606495,0.38330402970314,24.1707019805908,9.12462615966797,7.98036003112793,0.213611617684364,0.0630689412355423,0.0512141808867455,0.97353458404541
896.511169433594,0.0981947630643845,0.0418555401265621,0.38120049238205,24.1997985839844,9.03823947906494,7.93529510498047,0.213795036077499,0.062397688627243,0.0509691387414932,0.97355043888092
897.0166015625,0.100153140723705,0.0415595956146717,0.381294965744019,24.2631587982178,9.18056297302246,7.65444707870483,0.214238718152046,0.0640855059027672,0.0482666715979576,0.973480939865112
897.552429199219,0.0983873680233955,0.0411393009126186,0.382368385791779,24.3739986419678,9.07648181915283,7.89319372177124,0.215265244245529,0.0626739338040352,0.0504008457064629,0.973238229751587
898.070068359375,0.0967645049095154,0.0411428511142731,0.378365814685822,24.2433891296387,9.00984477996826,8.03685760498047,0.214206874370575,0.0619347207248211,0.0518502332270145,0.973442912101746
898.583374023438,0.096254900097847,0.0415683016180992,0.37174454331398,23.9196548461914,9.29782295227051,8.0490026473999,0.211599588394165,0.0645990669727325,0.0516795143485069,0.9738489985466
899.099853515625,0.0978863090276718,0.0391030013561249,0.373588353395462,23.979076385498,9.45618534088135,7.46982097625732,0.211838692426682,0.0669720470905304,0.0464160181581974,0.973901808261871
899.648010253906,0.106065578758717,0.0363455712795258,0.384652346372604,25.1139373779297,9.17813301086426,6.47193717956543,0.22077602148056,0.0657373145222664,0.0375544540584087,0.972381770610809
900.233947753906,0.110652208328247,0.0422803163528442,0.37737113237381,23.553689956665,6.8999981880188,5.88574028015137,0.206486359238625,0.0483734719455242,0.0379023402929306,0.976517736911774
900.830627441406,0.104749917984009,0.0535609722137451,0.375541418790817,18.4745464324951,6.55904769897461,6.45198822021484,0.1631840467453,0.0473573319613934,0.046285193413496,0.984370827674866
901.42333984375,0.0981868356466293,0.0544088743627071,0.378090530633926,18.5700168609619,6.95690298080444,6.40074634552002,0.164140060544014,0.0507938079535961,0.045220959931612,0.984089970588684
902.0029296875,0.0978372693061829,0.0526304431259632,0.379895627498627,19.1828136444092,7.06029605865479,6.48319292068481,0.169471696019173,0.0512119308114052,0.0454070456326008,0.98315554857254
902.5341796875,0.098391979932785,0.0516513995826244,0.381681770086288,19.5662612915039,6.95456314086914,6.45753860473633,0.172703742980957,0.0501231513917446,0.0451118797063828,0.982662737369537
903.097534179688,0.100180104374886,0.0509425774216652,0.381570786237717,19.8717861175537,7.29745721817017,6.40022706985474,0.175427213311195,0.0529744438827038,0.0439111515879631,0.982084929943085
903.599731445313,0.10177718102932,0.0503503493964672,0.384081989526749,20.362865447998,7.39114141464233,6.28876066207886,0.179612457752228,0.0536688342690468,0.0424999035894871,0.981352508068085
904.126831054688,0.102011062204838,0.0496813096106052,0.388016641139984,20.7545013427734,7.29136276245117,6.24783229827881,0.182905450463295,0.0526568405330181,0.0420590788125992,0.980817973613739
904.706848144531,0.100668162107468,0.0472311228513718,0.385224997997284,21.079683303833,6.90280961990356,6.40483236312866,0.18560865521431,0.0488938093185425,0.0438265651464462,0.980427503585815
905.207580566406,0.104215078055859,0.0487195998430252,0.380050539970398,20.7949886322021,7.28220510482788,6.19487857818604,0.183223873376846,0.0526401959359646,0.0415949746966362,0.980779230594635
905.776550292969,0.105933770537376,0.0485062524676323,0.380634754896164,20.8376293182373,6.68350076675415,6.02123117446899,0.183296486735344,0.0477694012224674,0.0410401783883572,0.981038331985474
906.361022949219,0.10511289536953,0.0481586493551731,0.382373005151749,21.16481590271,6.26445770263672,6.1484317779541,0.185991778969765,0.0437995456159115,0.0426182933151722,0.980648994445801
906.910461425781,0.103652730584145,0.0473307818174362,0.386028826236725,21.521728515625,6.08202695846558,6.23745489120483,0.189006716012955,0.0418969914317131,0.04348274320364,0.980117499828339
907.510437011719,0.102595344185829,0.0451539345085621,0.392302811145782,22.3715896606445,5.73819828033447,6.36249589920044,0.196174383163452,0.0382757745683193,0.0446771420538425,0.978802621364594
908.090881347656,0.100760847330093,0.0464257560670376,0.386082649230957,21.924825668335,5.780029296875,6.54525661468506,0.192439153790474,0.03857596591115,0.0464018173515797,0.979451835155487
908.616577148438,0.0984786450862885,0.0455255173146725,0.386363416910172,22.1909637451172,5.90223836898804,6.70481538772583,0.194814831018448,0.0391964800655842,0.0474171452224255,0.978908777236938
909.124877929688,0.0993078649044037,0.0451283603906631,0.385200709104538,22.3386554718018,6.00404500961304,6.6030421257019,0.196081236004829,0.0401534624397755,0.0462942272424698,0.97867089509964
909.706481933594,0.100984953343868,0.0447741001844406,0.387749642133713,22.5969638824463,6.25247097015381,6.54299545288086,0.198361694812775,0.0422279573976994,0.0452108383178711,0.978174567222595
910.280456542969,0.10091357678175,0.0436106435954571,0.389009416103363,23.0131759643555,6.16609239578247,6.4556827545166,0.201843366026878,0.041402954608202,0.0443834289908409,0.977535247802734
910.788330078125,0.103022992610931,0.043686781078577,0.387623935937881,23.1022262573242,6.18937540054321,6.29200983047485,0.202551439404488,0.0418397411704063,0.04289660602808,0.977436661720276
911.295593261719,0.104679577052593,0.043121624737978,0.389061033725739,23.2445316314697,6.15147018432617,6.15517425537109,0.203699856996536,0.0416796579957008,0.0417178235948086,0.977255761623383
911.875183105469,0.107571676373482,0.0566906109452248,0.382166624069214,16.7777118682861,5.61605930328369,6.17021369934082,0.148112624883652,0.0405530482530594,0.0460427142679691,0.987065434455872
912.445068359375,0.107400983572006,0.0624187514185905,0.367553353309631,15.4527807235718,6.65423393249512,6.31363201141357,0.137179329991341,0.0500312261283398,0.0466862879693508,0.988179743289948
913.028686523438,0.107475027441978,0.0587946102023125,0.380202859640121,17.0824604034424,6.50867605209351,6.47287893295288,0.151214450597763,0.0476777814328671,0.0473224632441998,0.986215829849243
913.551635742188,0.105383604764938,0.0553900077939034,0.3856400847435,18.4274482727051,6.8372597694397,6.47793579101563,0.162903070449829,0.0497369281947613,0.046139620244503,0.984306871891022
914.065673828125,0.10174423456192,0.0548147261142731,0.38156670331955,18.5327625274658,6.80759048461914,6.71801280975342,0.163897901773453,0.0490788966417313,0.0481815040111542,0.984076857566833
914.56591796875,0.10191185772419,0.0548380613327026,0.378879249095917,18.6180458068848,6.97594499588013,6.6337628364563,0.164662778377533,0.0505954474210739,0.0471656434237957,0.983921587467194
915.078674316406,0.101722255349159,0.0538449063897133,0.381786853075027,19.0269832611084,7.05865526199341,6.64769172668457,0.168208926916122,0.0510459914803505,0.0469162426888943,0.983310163021088
915.6591796875,0.100529484450817,0.0528049729764462,0.383076548576355,19.5059776306152,6.8888258934021,6.5741925239563,0.172211855649948,0.0494186393916607,0.0462475046515465,0.982731938362122
916.169616699219,0.101343460381031,0.0527383871376514,0.382491528987885,19.5638866424561,6.888099193573,6.55969619750977,0.172701328992844,0.0494006052613258,0.0460895150899887,0.982654392719269
916.681945800781,0.10420436412096,0.0521782636642456,0.381654173135757,19.8335247039795,6.96605491638184,6.21209573745728,0.17488931119442,0.0504430159926414,0.0428287349641323,0.982361972332001
917.213012695313,0.10257263481617,0.0518555380403996,0.379762649536133,19.8843860626221,6.92618417739868,6.38007402420044,0.175383105874062,0.0498159117996693,0.0442989766597748,0.982240736484528
917.713562011719,0.102624788880348,0.0513937547802925,0.381260961294174,20.0882511138916,7.02113628387451,6.26913785934448,0.177115797996521,0.0506850928068161,0.0430787727236748,0.981939554214478
918.222412109375,0.102024622261524,0.0517483316361904,0.378603219985962,20.0732288360596,7.02361583709717,6.35455513000488,0.177025929093361,0.0505828410387039,0.0438160300254822,0.981928408145905
918.755432128906,0.103296309709549,0.0522144474089146,0.376614570617676,19.8716869354248,7.04162502288818,6.34331703186035,0.175302609801292,0.0508688762784004,0.0438149608671665,0.98222279548645
919.255615234375,0.107933729887009,0.05025564879179,0.375778466463089,20.4559593200684,8.68653774261475,5.92383766174316,0.18066993355751,0.06527990847826,0.0372756831347942,0.980666816234589
919.820617675781,0.104865789413452,0.049096092581749,0.370903700590134,20.8140754699707,8.77305603027344,5.89429378509521,0.183740332722664,0.0658665299415588,0.0366229005157948,0.980081617832184
920.420593261719,0.0984201431274414,0.0480955764651299,0.376125127077103,21.1922664642334,9.16306018829346,6.47797966003418,0.187440797686577,0.0680335983633995,0.0406951755285263,0.979071617126465
921.012145996094,0.0944791808724403,0.0493959225714207,0.37045893073082,20.8352298736572,8.92631912231445,6.98729276657104,0.184602066874504,0.0654076114296913,0.0457065738737583,0.979568719863892
921.523559570313,0.0994719266891479,0.0475476980209351,0.368652552366257,21.6898307800293,8.41706275939941,6.41600704193115,0.191383361816406,0.0614623241126537,0.0410271510481834,0.978729546070099
922.098388671875,0.09603051841259,0.0453724600374699,0.375390648841858,22.6451015472412,8.12653827667236,6.791100025177,0.1996099203825,0.0577576532959938,0.0440428517758846,0.977179706096649
922.621398925781,0.0961261838674545,0.0485086441040039,0.369672149419785,21.261625289917,8.4859447479248,6.95351886749268,0.188045486807823,0.06142558157444,0.0458156019449234,0.979166328907013
923.124633789063,0.0980539321899414,0.0814931690692902,0.369847387075424,5.60224723815918,8.91436004638672,6.60590791702271,0.0531128086149693,0.0746851116418839,0.0535810962319374,0.994349181652069
923.645935058594,0.101274445652962,0.0777005851268768,0.372754693031311,7.53895044326782,8.3734827041626,6.38801383972168,0.0695239678025246,0.069083109498024,0.0506559498608112,0.993895351886749
924.164489746094,0.102998331189156,0.0751419588923454,0.380545973777771,9.07826805114746,7.83719301223755,6.65750789642334,0.0827774256467819,0.0634252950549126,0.0523483641445637,0.993169069290161
924.688110351563,0.0977804660797119,0.0728881806135178,0.379680782556534,10.3764486312866,7.84450817108154,7.54163694381714,0.0945008993148804,0.0620419420301914,0.0591707192361355,0.991826176643372
925.221252441406,0.0948667004704475,0.0732157900929451,0.365634560585022,10.0810375213623,8.60293483734131,7.63040208816528,0.0923899486660957,0.0687190070748329,0.0595193170011044,0.991564035415649
925.724670410156,0.097010925412178,0.0717851966619492,0.367095857858658,10.7687349319458,9.05070495605469,7.17994546890259,0.0982791855931282,0.0725405886769295,0.0547560192644596,0.990999937057495
926.235412597656,0.0985361188650131,0.0700711011886597,0.373759925365448,11.5687379837036,9.11287307739258,7.07769155502319,0.105153329670429,0.0726845115423203,0.0532256849110126,0.990366995334625
926.739562988281,0.098418265581131,0.0691796094179153,0.371835976839066,12.1243238449097,9.19662475585938,7.11046838760376,0.11000844091177,0.0730401054024696,0.0530152767896652,0.989824593067169
927.336120605469,0.10143007338047,0.0693478435277939,0.366614103317261,12.1571960449219,9.04159832000732,6.84028339385986,0.110050983726978,0.0719406083226204,0.0508056096732616,0.990016222000122
927.936157226563,0.10211318731308,0.0683623552322388,0.364685028791428,12.7230062484741,9.10112380981445,6.5550742149353,0.114779323339462,0.072406493127346,0.0478650145232677,0.989591836929321
928.460571289063,0.101283237338066,0.0687322542071342,0.362711101770401,12.6733436584473,8.89133071899414,6.69519567489624,0.114349253475666,0.0704831182956696,0.0493213795125484,0.989708960056305
928.971008300781,0.102081976830959,0.067803256213665,0.366735428571701,13.0522317886353,8.86954498291016,6.64972257614136,0.117580577731133,0.070121742784977,0.0486753173172474,0.989387929439545
929.49609375,0.105103977024555,0.0643867403268814,0.363681882619858,14.5474853515625,9.90561389923096,6.0606517791748,0.130488246679306,0.0788524597883224,0.041327677667141,0.987444758415222
930.017761230469,0.107858128845692,0.0641840025782585,0.362022757530212,14.3733444213867,10.0745344161987,6.29315090179443,0.129213124513626,0.0801421329379082,0.0432810373604298,0.987424910068512
930.53173828125,0.108951181173325,0.0640029385685921,0.35788094997406,14.5473279953003,10.271143913269,6.15647459030151,0.130686581134796,0.081892691552639,0.0417368449270725,0.987153828144073
931.045532226563,0.10836298763752,0.0632076561450958,0.362476706504822,14.9488821029663,9.88315773010254,6.08489418029785,0.133950814604759,0.0784089863300323,0.0412395559251308,0.987020015716553
931.552307128906,0.108127072453499,0.0608753859996796,0.369501411914825,15.9997386932373,9.52903652191162,6.13180303573608,0.14289066195488,0.0747169181704521,0.0412379503250122,0.986052274703979
932.078735351563,0.105471014976501,0.0604349672794342,0.368741035461426,16.2063083648682,9.26319980621338,6.47200536727905,0.144784078001976,0.0718841701745987,0.0443389564752579,0.985852062702179
932.589965820313,0.106031686067581,0.0600982010364532,0.369429796934128,16.3768749237061,9.30167675018311,6.37724590301514,0.146204575896263,0.0722361579537392,0.0433441288769245,0.985660910606384
933.172973632813,0.104813016951084,0.0599165707826614,0.369145572185516,16.4729042053223,9.20555019378662,6.53760766983032,0.147092774510384,0.0711479336023331,0.0447729006409645,0.98554402589798
933.682067871094,0.104387380182743,0.0663878992199898,0.364818811416626,14.2096176147461,8.55911445617676,6.28473377227783,0.127213671803474,0.067177452147007,0.0450287386775017,0.988572835922241
934.265563964844,0.105476245284081,0.0646350160241127,0.357597976922989,14.5993404388428,9.12902736663818,5.88806772232056,0.13054296374321,0.0723272711038589,0.0406844317913055,0.987963616847992
934.769287109375,0.105539053678513,0.0615584030747414,0.362154990434647,15.6563558578491,10.0358095169067,6.49221611022949,0.140369772911072,0.0788299888372421,0.0439881384372711,0.98597526550293
935.369262695313,0.102111577987671,0.0604417324066162,0.359451532363892,16.1704864501953,10.0635747909546,6.51696968078613,0.144813552498817,0.0787325799465179,0.0437428466975689,0.985351145267487
935.924926757813,0.118990823626518,0.0573507510125637,0.346399962902069,18.2086982727051,15.400616645813,4.67015075683594,0.162066429853439,0.125804781913757,0.0186831299215555,0.978549242019653
936.460327148438,0.113915167748928,0.0565496534109116,0.359889328479767,18.2304611206055,12.9217939376831,5.83209371566772,0.162862718105316,0.102952159941196,0.0321079976856709,0.980737328529358
937.036682128906,0.105148017406464,0.0559783466160297,0.366171360015869,18.3972759246826,11.7391834259033,6.39458847045898,0.164402484893799,0.0919231399893761,0.0384461060166359,0.981347978115082
937.627014160156,0.104866988956928,0.0561690665781498,0.367045640945435,18.4048881530762,11.7000513076782,6.27898931503296,0.16436193883419,0.0917491391301155,0.0375049635767937,0.981407463550568
938.127807617188,0.101942017674446,0.0556702241301537,0.366296470165253,18.3656406402588,11.5772638320923,6.52471399307251,0.164180248975754,0.0903695821762085,0.0398228131234646,0.981474578380585
938.632019042969,0.0985947698354721,0.0561266057193279,0.365473598241806,17.820291519165,11.9842491149902,7.37728929519653,0.160354912281036,0.0930083319544792,0.0470756515860558,0.9815394282341
939.142333984375,0.0980658680200577,0.0553248301148415,0.370456844568253,18.4667053222656,11.7631740570068,7.13119173049927,0.16559249162674,0.0910229161381721,0.044651735574007,0.9809690117836
939.649108886719,0.0988848507404327,0.0546274185180664,0.377028942108154,18.9389152526855,11.4781093597412,7.18377542495728,0.169555053114891,0.0881861001253128,0.0450662449002266,0.980532169342041
940.214721679688,0.0999186038970947,0.0536570586264133,0.373043119907379,19.2666473388672,11.1671266555786,7.20515918731689,0.172246590256691,0.0852707028388977,0.0454056896269321,0.980305254459381
940.799438476563,0.0988217741250992,0.0534184947609901,0.368946552276611,19.3265914916992,11.4010257720947,7.15206813812256,0.172810092568398,0.0873106122016907,0.044543344527483,0.980066061019897
941.314575195313,0.0997315421700478,0.052899993956089,0.369080305099487,19.5339908599854,11.4597082138062,7.02536582946777,0.17450550198555,0.0878643468022346,0.0431748293340206,0.979777336120605
941.885070800781,0.0996173545718193,0.0531014837324619,0.368615031242371,19.4672508239746,11.4289484024048,7.13463258743286,0.174007937312126,0.087480254471302,0.0442190691828728,0.979853630065918
942.41259765625,0.101490221917629,0.0530293472111225,0.367707043886185,19.5810260772705,11.5065364837646,6.9629979133606,0.174876347184181,0.0883282870054245,0.042525589466095,0.979697942733765
942.943176269531,0.104093998670578,0.0517930015921593,0.368487685918808,19.9794597625732,11.4032917022705,6.84519672393799,0.178146734833717,0.0873625352978706,0.0413007140159607,0.979247570037842
943.462280273438,0.105152234435081,0.0548845864832401,0.371701866388321,17.6585388183594,9.95646572113037,7.15681028366089,0.157965466380119,0.0760379135608673,0.0481485724449158,0.983334600925446
944.057861328125,0.105060875415802,0.0813551470637321,0.357494443655014,6.02188920974731,7.97840738296509,6.10406017303467,0.0560240335762501,0.0665840283036232,0.0493914484977722,0.994981586933136
944.635620117188,0.106547273695469,0.0866943970322609,0.351666361093521,4.24141836166382,7.82043933868408,6.2291316986084,0.0405668132007122,0.0660399869084358,0.0516492985188961,0.99565327167511
945.163513183594,0.112822815775871,0.0802614465355873,0.36413449048996,7.64317560195923,9.73079776763916,5.63215923309326,0.0704872012138367,0.0812617093324661,0.0431981012225151,0.99325829744339
945.739685058594,0.115534849464893,0.0752492323517799,0.370750516653061,10.0233116149902,12.4433040618896,5.91194009780884,0.0922956839203835,0.103338658809662,0.0416139326989651,0.989480137825012
946.266479492188,0.115536630153656,0.0738506019115448,0.3694848716259,10.8526878356934,13.0355663299561,5.75386810302734,0.099508136510849,0.108144797384739,0.0389221869409084,0.988376379013062
946.834777832031,0.114142835140228,0.0728178471326828,0.371538192033768,11.286280632019,12.821457862854,6.17141962051392,0.103556901216507,0.105692699551582,0.0422705560922623,0.988088190555573
947.354309082031,0.114523231983185,0.0723364129662514,0.36930575966835,11.6115846633911,12.5323419570923,6.08048009872437,0.106170184910297,0.103101693093777,0.041424535214901,0.988120436668396
947.862854003906,0.117821410298347,0.0722386762499809,0.362287849187851,11.7136812210083,12.3913011550903,5.83676147460938,0.106781713664532,0.102056264877319,0.0393531247973442,0.988247752189636
948.384826660156,0.120218776166439,0.0716098472476006,0.361527264118195,12.0657043457031,12.4638233184814,5.52483654022217,0.109558902680874,0.102791152894497,0.0362489596009254,0.987986326217651
948.955383300781,0.115822732448578,0.0686888694763184,0.366135478019714,13.1582164764404,12.3180723190308,5.90388488769531,0.119251228868961,0.100574232637882,0.0385876260697842,0.987003028392792
949.551391601563,0.116063445806503,0.0683138370513916,0.361094504594803,13.3598079681396,12.3046588897705,5.86728620529175,0.120948627591133,0.100386127829552,0.0380889847874641,0.98683500289917
950.144897460938,0.114349029958248,0.0683999434113503,0.36367279291153,13.3545827865601,12.2709722518921,5.77862548828125,0.120814993977547,0.10019239783287,0.0373660698533058,0.98689866065979
950.74462890625,0.11150685697794,0.0666538849473,0.368133544921875,14.0819940567017,12.5217227935791,6.00513076782227,0.127350434660912,0.101701810956001,0.0383259952068329,0.985885262489319
951.270141601563,0.107627309858799,0.0671516805887222,0.361855506896973,13.8035163879395,11.3719482421875,6.24913167953491,0.124759502708912,0.0916942805051804,0.0419577024877071,0.987049520015717
951.809387207031,0.111783362925053,0.0660033226013184,0.362137228250504,14.4285154342651,12.3712530136108,5.91313695907593,0.130196437239647,0.10031508654356,0.0373594760894775,0.98569267988205
952.334228515625,0.109760031104088,0.0651844888925552,0.362137943506241,14.6720476150513,12.0942602157593,6.19662094116211,0.132439389824867,0.097468376159668,0.0398768037557602,0.985580861568451
952.857238769531,0.100908041000366,0.0805734395980835,0.359494894742966,9.21244716644287,19.133279800415,7.55890226364136,0.0899376422166824,0.160077646374702,0.0514718107879162,0.981650173664093
953.361083984375,0.0699170678853989,0.078045628964901,0.348233282566071,3.76118326187134,28.6252956390381,8.43373680114746,0.0498801693320274,0.244072705507278,0.0631203651428223,0.966414153575897
953.934997558594,0.0744398832321167,0.0710314363241196,0.343777924776077,6.43411588668823,29.7092094421387,6.05846929550171,0.0676939338445663,0.252738893032074,0.0366319715976715,0.964468061923981
954.5078125,0.131493225693703,0.0889381617307663,0.327371448278427,4.03125333786011,41.8249626159668,6.14536094665527,0.0519291162490845,0.354446709156036,0.0375044010579586,0.932879626750946
955.093627929688,0.144688591361046,0.0972296670079231,0.33532589673996,0.689471542835236,43.0903472900391,6.08470678329468,0.0250787623226643,0.366413414478302,0.0471584238111973,0.928917825222015
955.658752441406,0.146978721022606,0.0920240059494972,0.350337028503418,3.35723662376404,37.8081169128418,5.0077428817749,0.0418345592916012,0.322325497865677,0.0318313054740429,0.945168256759644
956.25048828125,0.147997871041298,0.0875947847962379,0.353174149990082,5.29931306838989,36.1028938293457,7.75720119476318,0.0647907182574272,0.305857479572296,0.0499523021280766,0.948555827140808
956.751953125,0.14700274169445,0.0918327793478966,0.337904542684555,3.22955536842346,36.4913063049316,6.9228367805481,0.0456096976995468,0.310780644416809,0.0485114231705666,0.948146522045135
957.333557128906,0.124431639909744,0.0865285694599152,0.35656413435936,5.99184608459473,25.2265758514404,6.2195839881897,0.062758669257164,0.214983075857162,0.0414716005325317,0.97371643781662
957.845397949219,0.106632769107819,0.0780423283576965,0.37739834189415,9.8292989730835,15.3351993560791,7.57988357543945,0.0935068279504776,0.127032339572906,0.0538610816001892,0.986011266708374
958.351501464844,0.090722069144249,0.0749088749289513,0.371945530176163,11.2475090026855,12.6459035873413,8.26064491271973,0.105040565133095,0.102302506566048,0.0604781620204449,0.987341463565826
958.892395019531,0.0791482850909233,0.0295588597655296,0.364646255970001,29.5268287658691,14.5271158218384,8.48330116271973,0.261133700609207,0.103228121995926,0.0388167649507523,0.958981990814209
959.492370605469,0.0906388312578201,0.0454222448170185,0.348345249891281,22.808988571167,13.8026580810547,8.81240463256836,0.204770609736443,0.102358020842075,0.0510749220848083,0.972102522850037
960.066772460938,0.138588607311249,0.0019533101003617,0.339172124862671,40.0347785949707,21.6587581634521,0.431579172611237,0.336871683597565,0.175267115235329,-0.0608378723263741,0.923091411590576
960.594909667969,0.136779457330704,0.00559824239462614,0.350058645009995,36.9377403259277,20.2810878753662,2.27205276489258,0.315090328454971,0.16077995300293,-0.0372528098523617,0.934601604938507
961.107421875,0.107129335403442,0.0579948276281357,0.355528563261032,19.0409507751465,16.2448081970215,6.63909482955933,0.171534672379494,0.129627168178558,0.0332043133676052,0.976048231124878
961.620178222656,0.0978634655475616,0.065790019929409,0.337637901306152,15.8960876464844,15.5912628173828,7.39652109146118,0.145376861095428,0.125220715999603,0.0445754341781139,0.980407297611237
962.122924804688,0.0967821180820465,0.067518875002861,0.326251119375229,14.6471872329712,13.3244600296021,8.10514640808105,0.134427845478058,0.105833917856216,0.0548699870705605,0.983726441860199
962.627746582031,0.100717514753342,0.067644901573658,0.325186461210251,15.0137758255005,12.5986652374268,7.83578014373779,0.136985823512077,0.099655419588089,0.0530309155583382,0.984119653701782
963.184936523438,0.116329655051231,0.0635344013571739,0.338610768318176,16.9321327209473,13.1235456466675,6.96132707595825,0.152851581573486,0.10394100099802,0.0428638979792595,0.98183274269104
963.691040039063,0.118581771850586,0.0611950159072876,0.344757884740829,17.8171062469482,13.2869358062744,6.85467195510864,0.160375788807869,0.104895062744617,0.0407812967896461,0.980618953704834
964.201538085938,0.11524686217308,0.0600259527564049,0.34028634428978,18.1000518798828,12.9055061340332,7.24018001556396,0.162996038794518,0.100894510746002,0.0443170703947544,0.980453252792358
964.783752441406,0.116028748452663,0.0591461360454559,0.336154222488403,18.4448509216309,12.7248506546021,7.15615558624268,0.165796473622322,0.0992310345172882,0.0434967391192913,0.98019015789032
