Seconds,PositionX,PositionY,PositionZ,RotationX,RotationY,RotationZ,QuatX,QuatY,QuatZ,QuatW
3.58525729179382,-0.0527596846222878,0.0759116858243942,0.033569872379303,354.012756347656,6.31693363189697,3.61300659179688,-0.0503849685192108,0.0566390454769135,0.0343094021081924,0.996532142162323
4.11690092086792,-0.0480095408856869,0.0737132206559181,0.029555844143033,355.535369873047,5.77421236038208,3.70856094360352,-0.0372530408203602,0.0515623912215233,0.034252941608429,0.997386753559113
4.63335371017456,-0.0399355478584766,0.0715503096580505,0.0429848581552505,357.762359619141,6.76886034011841,2.53908491134644,-0.0181793551892042,0.0594412237405777,0.0232654549181461,0.997795045375824
5.14950466156006,-0.0309226363897324,0.0693639367818832,0.0711957663297653,0.176793724298477,7.35412549972534,1.68914556503296,0.00248479144647717,0.0641030669212341,0.0146107459440827,0.997833251953125
5.66548681259155,-0.0280238855630159,0.0694584026932716,0.0931562259793282,359.313690185547,8.20328235626221,1.35868859291077,-0.00512523157522082,0.0715905427932739,0.0122542781755328,0.997345685958862
6.19641637802124,-0.030199158936739,0.0698196738958359,0.0932734534144402,358.925048828125,9.10941505432129,1.05838131904602,-0.00861719343811274,0.0794904157519341,0.00995130557566881,0.996748685836792
6.72409677505493,-0.026645764708519,0.0745897367596626,0.0878220945596695,356.230743408203,9.08904457092285,0.691930592060089,-0.0323049128055573,0.0793873891234398,0.00862167589366436,0.996282935142517
7.23245906829834,-0.0224646311253309,0.0740513280034065,0.0869010984897614,357.200714111328,10.14501953125,0.119074583053589,-0.0242385305464268,0.0884152427315712,0.00319440546445549,0.995783627033234
7.75378131866455,-0.0253538861870766,0.0713175013661385,0.101366125047207,358.420928955078,10.4528656005859,0.725453436374664,-0.0131453704088926,0.0911684185266495,0.00755899725481868,0.995720088481903
8.28568553924561,-0.0318186990916729,0.0767474547028542,0.0947399288415909,355.942047119141,12.4455947875977,0.734726309776306,-0.0345009043812752,0.108550392091274,0.0102074993774295,0.993439674377441
8.80366897583008,-0.0337033122777939,0.0767975226044655,0.0944881066679955,356.089996337891,13.1879911422729,0.879613518714905,-0.0330070555210114,0.115022964775562,0.011538160033524,0.992747247219086
9.31789779663086,-0.0331138595938683,0.0781573802232742,0.0864681527018547,355.021148681641,13.0069532394409,0.499957054853439,-0.0426614508032799,0.113343812525272,0.00925032794475555,0.992596387863159
9.86534118652344,-0.0330781228840351,0.0783877149224281,0.0857611522078514,354.867828369141,13.184383392334,0.437037467956543,-0.0440378785133362,0.114855445921421,0.00892467051744461,0.992365479469299
10.3710899353027,-0.0333335176110268,0.0785386636853218,0.0889742746949196,354.902130126953,13.8011445999146,0.290830820798874,-0.0438457913696766,0.120139546692371,0.00786033272743225,0.991757154464722
10.895975112915,-0.0302426256239414,0.0784379318356514,0.0866091772913933,354.786956787109,14.0495643615723,359.668823242188,-0.0454880706965923,0.122041158378124,0.00269636488519609,0.991478443145752
11.4116058349609,-0.0318816006183624,0.078831747174263,0.0787572935223579,354.55615234375,13.9439487457275,359.657012939453,-0.0475001633167267,0.121105268597603,0.00279677822254598,0.991498589515686
11.9275846481323,-0.0316303186118603,0.0790701732039452,0.0735542699694633,354.713836669922,13.8593168258667,359.576477050781,-0.0462224707007408,0.120352350175381,0.00189859804231673,0.99165278673172
12.5103302001953,-0.0305412337183952,0.0796295031905174,0.0721579939126968,354.086853027344,13.6750755310059,359.734375,-0.0514875501394272,0.118776984512806,0.00384222529828548,0.991577684879303
13.0961961746216,-0.0319748148322105,0.080940805375576,0.0707824751734734,353.043914794922,12.5622529983521,359.860931396484,-0.0604342371225357,0.109132118523121,0.00543323624879122,0.992173552513123
13.5976762771606,-0.0360873490571976,0.082437589764595,0.0652974843978882,351.973999023438,11.2826547622681,0.605787038803101,-0.0691246017813683,0.0984265059232712,0.0121272364631295,0.992666602134705
14.1019811630249,-0.0361946746706963,0.0820413753390312,0.0599394217133522,351.790496826172,10.7840929031372,0.409337341785431,-0.0709281340241432,0.0939830243587494,0.0102735562250018,0.992990851402283
14.6171360015869,-0.037656981498003,0.0821873396635056,0.0583893470466137,351.599517822266,10.1316528320313,0.253975510597229,-0.0727608352899551,0.0882245153188705,0.0086690578609705,0.993401825428009
15.1523685455322,-0.0369674637913704,0.0813475549221039,0.0636086910963058,352.234649658203,10.1126642227173,0.33823961019516,-0.0671903565526009,0.0881315618753433,0.00890138931572437,0.993800342082977
15.6767511367798,-0.0340950302779675,0.0811660960316658,0.0727187618613243,352.721282958984,12.4377889633179,359.738861083984,-0.0633488222956657,0.107964657247066,0.00461527984589338,0.992123603820801
16.2031536102295,-0.034678690135479,0.0808035507798195,0.0785709768533707,352.951171875,13.0331392288208,359.520294189453,-0.0615502744913101,0.113019220530987,0.00282532791607082,0.991680562496185
16.7243041992188,-0.0331903249025345,0.0799077972769737,0.0747217833995819,353.645233154297,13.7862977981567,359.224029541016,-0.0558369942009449,0.119458258152008,-6.02363143116236E-05,0.99126785993576
17.2561302185059,-0.0277476478368044,0.0787178128957748,0.0705434232950211,354.222869873047,14.6918411254883,358.655670166016,-0.0514746084809303,0.127101987600327,-0.00517724081873894,0.99053955078125
17.7974052429199,-0.0263541080057621,0.076658234000206,0.0744249075651169,355.78955078125,15.2561340332031,358.371856689453,-0.0382906831800938,0.132121652364731,-0.00919680949300528,0.990450978279114
18.328332901001,-0.0292128250002861,0.0760602876543999,0.0788896381855011,356.218048095703,14.8044948577881,358.85791015625,-0.0340043902397156,0.128431811928749,-0.00562693877145648,0.991119265556335
18.8674182891846,-0.0314220897853374,0.0747158154845238,0.0797853320837021,356.995727539063,14.2225589752197,358.941986083984,-0.0271540861576796,0.123508840799332,-0.00591339077800512,0.991954267024994
19.3945541381836,-0.0309292525053024,0.0740647092461586,0.0789758712053299,357.183471679688,13.5278491973877,359.025787353516,-0.0254055038094521,0.117531418800354,-0.00554528879001737,0.992728650569916
19.9279346466064,-0.0295347459614277,0.0748926848173141,0.0757260471582413,356.827850341797,13.174919128418,358.961822509766,-0.0285338032990694,0.114421963691711,-0.0058212704025209,0.993005335330963
20.4630069732666,-0.0299605168402195,0.0755148157477379,0.0734070762991905,356.438507080078,12.9132394790649,359.14794921875,-0.0317127704620361,0.112163908779621,-0.00389035302214324,0.99317592382431
20.9810619354248,-0.0313008762896061,0.0756533890962601,0.0713346675038338,356.155090332031,12.2789239883423,359.171112060547,-0.0341268330812454,0.106644622981548,-0.0036000485997647,0.993704855442047
21.519193649292,-0.0310701727867126,0.0760149508714676,0.0681780055165291,356.132202148438,12.3732223510742,359.099334716797,-0.0343953333795071,0.107438646256924,-0.0041728732176125,0.993607819080353
22.0360565185547,-0.0306611452251673,0.0791131034493446,0.0623465180397034,354.588134765625,11.3346872329712,359.278198242188,-0.0475994795560837,0.0983446165919304,-0.00159914116375148,0.994012117385864
22.5809860229492,-0.00929130986332893,0.0109131215140224,0.0901128426194191,31.3551387786865,16.7999439239502,357.077819824219,0.263651520013809,0.147418439388275,-0.0637481659650803,0.951152920722961
23.1088619232178,0.00348110496997833,0.0163501817733049,0.0928425639867783,26.9556884765625,17.5670547485352,355.669677734375,0.22456131875515,0.157092481851578,-0.071873627603054,0.959024667739868
23.6369342803955,-0.0170108415186405,0.0527673065662384,0.0831709057092667,9.54019927978516,12.3442621231079,358.352966308594,0.0811272859573364,0.108320608735085,-0.0231797471642494,0.990529000759125
24.1722621917725,-0.026441277936101,0.0710260197520256,0.0667369812726974,359.257690429688,10.3044662475586,359.688598632813,-0.00669567938894033,0.0897825434803963,-0.00212475750595331,0.995936632156372
24.7075443267822,-0.0320871993899345,0.0762026831507683,0.0675176903605461,356.193817138672,9.91994953155518,0.173915773630142,-0.0329534560441971,0.0864622294902802,0.00438242405653,0.995700359344482
25.2356719970703,-0.0329470671713352,0.0771697163581848,0.0765515193343163,356.055725097656,9.74617481231689,0.751443862915039,-0.0337316133081913,0.0851216241717339,0.00945328827947378,0.995754599571228
25.7630825042725,-0.0344493761658669,0.0752756148576736,0.0799096673727036,357.129516601563,9.39223480224609,0.864636838436127,-0.0243446696549654,0.0820313096046448,0.00956818368285894,0.996286451816559
26.2978801727295,-0.0346783176064491,0.07389235496521,0.0808059871196747,358.268127441406,9.55405807495117,0.955807209014893,-0.0143653210252523,0.0833915397524834,0.00956950336694717,0.996367454528809
26.8417720794678,-0.0366276577115059,0.0726542398333549,0.0864202603697777,358.929718017578,9.30781936645508,1.33779919147491,-0.00836133398115635,0.081236369907856,0.0123929968103766,0.996582746505737
27.3799495697021,-0.0367818251252174,0.0724188908934593,0.0833718776702881,359.036865234375,9.50288486480713,1.09030723571777,-0.0075874850153923,0.0829063206911087,0.0101777194067836,0.996476531028748
27.9222621917725,-0.0383951850235462,0.0738780051469803,0.0772399380803108,358.327026367188,9.36606502532959,1.2991955280304,-0.0136237116530538,0.081794373691082,0.012490151450038,0.996477842330933
28.4660015106201,-0.0373239926993847,0.0738364681601524,0.0798487365245819,358.326416015625,9.48220348358154,1.23218071460724,-0.0136648835614324,0.0827963352203369,0.0119216926395893,0.996401488780975
29.0081996917725,-0.0371701195836067,0.0737825036048889,0.0818859934806824,358.547241210938,10.2674512863159,1.09876763820648,-0.0117680309340358,0.0895903408527374,0.0106835057958961,0.995851874351501
29.5501728057861,-0.0379948131740093,0.0730660110712051,0.0768515691161156,358.95458984375,9.92629051208496,1.12787592411041,-0.00823663175106049,0.0865966081619263,0.0105943195521832,0.996153116226196
30.0792827606201,-0.0354178175330162,0.0729329213500023,0.0735496878623962,359.171630859375,10.4620838165283,0.94709974527359,-0.00644508982077241,0.0912261232733727,0.00888933055102825,0.995769679546356
30.6245365142822,-0.0346515886485577,0.0727990344166756,0.0721192732453346,359.414703369141,10.6751050949097,0.849853038787842,-0.00439558504149318,0.0930571332573891,0.00785917136818171,0.99562007188797
31.1553688049316,-0.0335312448441982,0.072419174015522,0.0730976015329361,359.660064697266,11.1859693527222,0.648008108139038,-0.00240130536258221,0.0974757522344589,0.00591708533465862,0.995217442512512
31.6894397735596,-0.0383564829826355,0.0729989260435104,0.0672023668885231,358.674865722656,12.0715017318726,359.306335449219,-0.0121359508484602,0.105070427060127,-0.00480347964912653,0.994379162788391
32.2209129333496,-0.0657057240605354,0.0686029642820358,0.0591110438108444,1.02002096176147,17.0314617156982,357.312225341797,0.0053278636187315,0.148240804672241,-0.0245113968849182,0.988633155822754
32.751049041748,-0.059188611805439,0.0569470338523388,0.0744463428854942,7.48822498321533,20.645679473877,356.347564697266,0.0585125982761383,0.180768445134163,-0.0429808720946312,0.980842351913452
33.2840728759766,0.00399182923138142,0.0303974933922291,0.0943284705281258,18.7186908721924,19.371603012085,352.522735595703,0.149142116308212,0.176104992628098,-0.0907227843999863,0.968768835067749
33.8178176879883,0.0154598606750369,0.0338796749711037,0.0827089697122574,15.8274831771851,22.5899620056152,352.516235351563,0.122067153453827,0.202392756938934,-0.0902973189949989,0.967462241649628
34.3537521362305,-0.010555699467659,0.056448932737112,0.0727229490876198,4.81191444396973,15.4138517379761,354.754241943359,0.035425215959549,0.135751113295555,-0.050932340323925,0.98879861831665
34.8904762268066,-0.0164381414651871,0.0680417343974113,0.0689507499337196,357.179931640625,12.1279144287109,356.589538574219,-0.0276012923568487,0.104831628501415,-0.0269838087260723,0.993740618228912
35.4304084777832,-0.0165429711341858,0.0709876120090485,0.0748692229390144,356.169616699219,12.3839616775513,356.957855224609,-0.0360750891268253,0.106880016624928,-0.0227714981883764,0.993356287479401
35.9663925170898,-0.0174232609570026,0.0754212960600853,0.076938584446907,353.871917724609,12.833643913269,357.030609130859,-0.0559910126030445,0.110187195241451,-0.0197389591485262,0.992136180400848
36.5166473388672,-0.0210352037101984,0.0769107341766357,0.0725283250212669,353.381195068359,12.8688173294067,357.751220703125,-0.0595485270023346,0.11073162406683,-0.0129988398402929,0.991979598999023
37.0509490966797,-0.0160727947950363,0.0750580206513405,0.0686696842312813,354.315948486328,13.2955179214478,357.150421142578,-0.0521085858345032,0.114362441003323,-0.018929161131382,0.991890966892242
37.5674858093262,-0.0153472144156694,0.0728825852274895,0.0785461962223053,356.376190185547,12.1340341567993,357.955718994141,-0.0333209112286568,0.105061128735542,-0.014388632029295,0.993803262710571
38.0965805053711,-0.0209954958409071,0.0723971948027611,0.0869258493185043,357.081237792969,10.3981294631958,0.0565322749316692,-0.0253187566995621,0.0905994400382042,0.00279898522421718,0.995561599731445
38.6192283630371,-0.0189521126449108,0.0712850540876389,0.0846401229500771,357.638488769531,9.50656795501709,359.754486083984,-0.0207132175564766,0.0828035399317741,-0.000427063117967919,0.996350526809692
39.1452522277832,-0.0169819407165051,0.0708436965942383,0.0843503177165985,357.992553710938,9.13114166259766,359.618530273438,-0.0177265927195549,0.0795291662216187,-0.0019234245410189,0.996673047542572
39.6770172119141,-0.0169362090528011,0.0703460276126862,0.0843268409371376,358.447357177734,8.7598762512207,359.476135253906,-0.0138582494109869,0.0763003453612328,-0.00352308549918234,0.996982336044312
40.1911697387695,-0.0164104774594307,0.0685967728495598,0.083085797727108,359.435272216797,8.74004745483398,359.092712402344,-0.00551704550161958,0.0761551558971405,-0.00751900346949697,0.997052371501923
40.7235832214355,-0.0163884535431862,0.0677942857146263,0.0854729264974594,359.915679931641,9.10157775878906,358.853698730469,-0.00152708578389138,0.0793314427137375,-0.00991326943039894,0.996797859668732
41.2461090087891,-0.0137774012982845,0.0669156312942505,0.0880613029003143,0.449602484703064,9.66085052490234,358.470184326172,0.00278509990312159,0.0842510238289833,-0.0136325303465128,0.996347427368164
41.7816886901855,-0.0104645509272814,0.0672996789216995,0.0877706632018089,0.0350546948611736,10.4286108016968,357.977233886719,-0.00129954388830811,0.0908724442124367,-0.0176057070493698,0.995706081390381
42.3091735839844,-0.00789714977145195,0.0674424171447754,0.0884351581335068,359.886688232422,11.018533706665,357.675231933594,-0.00293165328912437,0.0959669724106789,-0.0200974531471729,0.995177328586578
42.8633689880371,-0.00706801749765873,0.0676194876432419,0.0897364914417267,359.802673339844,11.2213792800903,357.612640380859,-0.00375018804334104,0.0977115109562874,-0.0205640513449907,0.99499523639679
43.3954124450684,-0.00772506091743708,0.0675375014543533,0.0902798697352409,359.771728515625,11.0651245117188,357.610992431641,-0.00399209884926677,0.0963489636778831,-0.0205574445426464,0.995127320289612
43.9131507873535,-0.00810758396983147,0.0679263919591904,0.0928276926279068,359.560424804688,10.8504266738892,357.538391113281,-0.00584871834143996,0.0944418683648109,-0.0210209526121616,0.995291233062744
44.4438247680664,-0.00890583544969559,0.0687393471598625,0.0935044884681702,359.278900146484,10.5972595214844,357.561279296875,-0.00822942424565554,0.0921907052397728,-0.0206078346818686,0.995494067668915
44.9662132263184,-0.00843032076954842,0.0696828663349152,0.0907266065478325,358.7021484375,10.2254438400269,357.515045166016,-0.0132100768387318,0.0888441801071167,-0.0205868761986494,0.995745122432709
45.4825668334961,-0.0119269071146846,0.0719111785292625,0.087284617125988,357.493957519531,9.6991491317749,358.129943847656,-0.0231657139956951,0.0841529741883278,-0.0144078759476542,0.996079385280609
46.0266380310059,-0.0161155108362436,0.0731915757060051,0.083386592566967,356.872253417969,9.3183126449585,358.662628173828,-0.0281469039618969,0.0808747932314873,-0.00941095314919949,0.996282339096069
46.5634918212891,-0.0171010456979275,0.0726386457681656,0.0826040059328079,357.111419677734,9.44411182403564,358.537261962891,-0.026167843490839,0.0819686651229858,-0.0106423264369369,0.996234476566315
47.1494827270508,-0.0154836131259799,0.071852445602417,0.0844802707433701,357.564819335938,10.2139883041382,358.186401367188,-0.0225706771016121,0.088649682700634,-0.0138682294636965,0.995710551738739
47.6505584716797,-0.0124645018950105,0.0716695040464401,0.0866462662816048,357.655212402344,10.6250343322754,357.922119140625,-0.0220478195697069,0.0921841114759445,-0.0161563083529472,0.995366752147675
48.1691551208496,-0.0100508332252502,0.0704097002744675,0.0884525701403618,358.239929199219,10.8137464523315,357.643798828125,-0.0172244366258383,0.093882329761982,-0.0190195683389902,0.99525260925293
48.6822929382324,-0.0112920235842466,0.0694972053170204,0.0908144935965538,358.811370849609,10.7134265899658,357.764801025391,-0.0121460799127817,0.0931319370865822,-0.0184501148760319,0.995408713817596
49.1929359436035,-0.00957318395376205,0.0689930468797684,0.09112299233675,358.968017578125,10.9006929397583,357.488494873047,-0.0110442638397217,0.0947599560022354,-0.0209601297974586,0.995218217372894
49.7089385986328,-0.00816094689071178,0.069110095500946,0.0886939689517021,358.914978027344,10.6341180801392,357.320220947266,-0.0115920230746269,0.0924171060323715,-0.0224045645445585,0.995400846004486
50.2395515441895,-0.012256408110261,0.070794977247715,0.0861623361706734,358.3662109375,9.7769889831543,358.040496826172,-0.0156600140035152,0.0849528312683105,-0.015820350497961,0.99613630771637
50.7548561096191,-0.0113488230854273,0.0708135217428207,0.0841703191399574,357.908752441406,8.74942970275879,358.18896484375,-0.0193985253572464,0.0759692341089249,-0.0143630346283317,0.996818006038666
51.2819137573242,-0.0194633491337299,0.0730209052562714,0.0844962224364281,356.827941894531,6.76291036605835,0.0586384274065495,-0.0275993961840868,0.0589748062193394,0.00214315485209227,0.997875571250916
51.8328704833984,-0.0299141108989716,0.0743378400802612,0.0844481661915779,356.306854248047,4.78353500366211,2.11219763755798,-0.031420860439539,0.0422967374324799,0.0197502505034208,0.998415589332581
52.3630447387695,-0.037400521337986,0.0759798586368561,0.0827430114150047,355.388854980469,4.06878519058228,3.45910906791687,-0.0391148030757904,0.0366679131984711,0.0315658524632454,0.998062670230865
52.8955039978027,-0.0275338925421238,0.0779001712799072,0.0843315273523331,352.417633056641,0.222705841064453,6.00050163269043,-0.0659281611442566,0.00539732072502375,0.0523540191352367,0.996435344219208
53.4077301025391,-0.0475631020963192,0.0795859321951866,0.108834870159626,353.854339599609,358.648071289063,5.93017196655273,-0.0541391633450985,-0.00899211503565311,0.0510178878903389,0.997188687324524
53.9268341064453,-0.0899328663945198,0.0745285153388977,0.147845387458801,355.053680419922,0.649051547050476,7.44536638259888,-0.0426922366023064,0.00844845734536648,0.0651097446680069,0.996928632259369
54.5068244934082,-0.0536507219076157,0.0749437510967255,0.17168502509594,358.228302001953,0.524903416633606,6.4717059135437,-0.015176922082901,0.00544544588774443,0.0565096400678158,0.998271882534027
55.0212440490723,-0.0565817393362522,0.075054295361042,0.149551123380661,358.816986083984,0.912364542484283,6.81837272644043,-0.00983146578073502,0.00856116600334644,0.0595434159040451,0.998140573501587
55.554328918457,-0.0517842508852482,0.0818687081336975,0.126585558056831,353.696838378906,5.35828495025635,5.43391561508179,-0.0526436679065228,0.0492228679358959,0.0498455874621868,0.996153175830841
56.1061134338379,-0.0555941611528397,0.0799947902560234,0.126050367951393,354.934814453125,5.3731746673584,5.53032255172729,-0.0418287850916386,0.0489016883075237,0.0502111278474331,0.996663331985474
56.6745719909668,-0.0645421296358109,0.0802621692419052,0.126086935400963,355.132110595703,4.87346267700195,6.53289222717285,-0.0399399287998676,0.0448263883590698,0.0586791075766087,0.996469855308533
57.1821365356445,-0.0648471862077713,0.0796215534210205,0.127128452062607,355.518646240234,5.41898059844971,6.3417272567749,-0.0363808013498783,0.049323633313179,0.057055052369833,0.996488034725189
57.7152976989746,-0.0520803555846214,0.0832524970173836,0.111863225698471,353.12890625,8.3928337097168,3.87583017349243,-0.0572608225047588,0.0750235840678215,0.0380478873848915,0.994809031486511
58.2653007507324,-0.0462866201996803,0.0848952755331993,0.102744050323963,351.718414306641,8.81736469268799,2.85716819763184,-0.0700601190328598,0.0784404948353767,0.0303411390632391,0.993991017341614
58.7884788513184,-0.0484951734542847,0.0828000456094742,0.106066673994064,353.278533935547,8.41820240020752,3.62730813026428,-0.0561157949268818,0.0750840082764626,0.0358098149299622,0.994952797889709
59.3045883178711,-0.0495814271271229,0.0821445360779762,0.110883548855782,353.753540039063,7.50752973556519,3.91216039657593,-0.0521037243306637,0.0671890825033188,0.0375744812190533,0.995670139789581
59.8224143981934,-0.0468560494482517,0.0811813920736313,0.121388681232929,354.505340576172,7.55492448806763,4.02411890029907,-0.0454874634742737,0.0674443170428276,0.0381491482257843,0.995955228805542
60.3322677612305,-0.0503847748041153,0.0818009525537491,0.122573807835579,354.157867431641,7.16372013092041,4.56590700149536,-0.0483348034322262,0.0643698498606682,0.0428862236440182,0.995831847190857
60.8536796569824,-0.0548791699111462,0.0831478461623192,0.114743292331696,353.238311767578,6.77827978134155,4.92903804779053,-0.056277371942997,0.0614911206066608,0.0463338643312454,0.995442032814026
61.359302520752,-0.0535234250128269,0.0835624560713768,0.108372114598751,352.946258544922,6.27474069595337,4.82732915878296,-0.0590693354606628,0.0571647845208645,0.0453349910676479,0.99558413028717
61.8634338378906,-0.050215058028698,0.0829573571681976,0.109345309436321,353.230529785156,6.29548263549805,4.55483770370483,-0.0567265935242176,0.057114340364933,0.0428482182323933,0.995833337306976
62.4367599487305,-0.0506004318594933,0.0823256298899651,0.111431337893009,353.779449462891,6.84540462493896,4.46393585205078,-0.0517982840538025,0.0616780519485474,0.0420554429292679,0.995863497257233
62.9868087768555,-0.0494977943599224,0.0824419185519218,0.104104839265347,353.541473388672,7.3260669708252,4.11442613601685,-0.0538902617990971,0.065763920545578,0.0393638126552105,0.995601058006287
63.5580291748047,-0.0474063232541084,0.0823205634951591,0.0983701050281525,353.264251708984,7.12474775314331,3.8034245967865,-0.0565425641834736,0.0639393776655197,0.0367119535803795,0.995674133300781
64.1067123413086,-0.0478593446314335,0.082150861620903,0.102080799639225,353.501922607422,6.5955605506897,3.88769602775574,-0.0546013861894608,0.0593191049993038,0.0370678603649139,0.99605518579483
64.6491928100586,-0.047875389456749,0.0823300033807755,0.106675140559673,353.559356689453,6.94699382781982,3.74204587936401,-0.0540675818920135,0.0622896589338779,0.0359399579465389,0.995944321155548
65.182487487793,-0.0426886603236198,0.0813555046916008,0.115928120911121,354.193969726563,8.1616678237915,2.46260499954224,-0.0489781126379967,0.072141595184803,0.0250099282711744,0.995877146720886
65.7132339477539,-0.0442453660070896,0.082578219473362,0.108318015933037,353.099456787109,8.69694328308105,2.13863587379456,-0.0585860125720501,0.0767915770411491,0.0231369361281395,0.995055496692657
66.2591552734375,-0.0426678396761417,0.0838389024138451,0.103793106973171,352.205688476563,9.38370990753174,1.76781332492828,-0.0664709210395813,0.0826429426670074,0.020897937938571,0.994140386581421
66.8004455566406,-0.0407251976430416,0.0834389626979828,0.0968313291668892,352.323425292969,9.94029998779297,1.60759449005127,-0.065469779074192,0.0873694270849228,0.0197433046996593,0.99382621049881
67.3478927612305,-0.0427180416882038,0.0834341198205948,0.0940174534916878,352.283081054688,9.56352138519287,1.82423186302185,-0.0657251477241516,0.0842286124825478,0.0214361716061831,0.994045376777649
67.8937072753906,-0.0409408956766129,0.0842106714844704,0.0978957787156105,351.189453125,9.24170398712158,1.51760470867157,-0.0754907503724098,0.0813305452466011,0.0193486399948597,0.993635833263397
68.4423904418945,-0.0390131026506424,0.0873578861355782,0.105063803493977,348.772674560547,9.23449993133545,1.55669319629669,-0.0964055508375168,0.0814300701022148,0.0213489811867476,0.991775870323181
68.9891204833984,-0.0395066551864147,0.085396483540535,0.111512623727322,350.468933105469,8.77263927459717,1.60157012939453,-0.0817617550492287,0.0773668140172958,0.0202400665730238,0.993438363075256
69.5381469726563,-0.0433869138360023,0.0840174481272697,0.108093775808811,351.608123779297,7.46938562393188,2.11421632766724,-0.0718011632561684,0.0662978887557983,0.0231255125254393,0.994944453239441
70.0910568237305,-0.0402205139398575,0.084179975092411,0.102923572063446,351.328552246094,7.40965890884399,1.8430095911026,-0.074396513402462,0.0656364858150482,0.0208874624222517,0.994847178459167
70.6422348022461,-0.0376259572803974,0.0834758430719376,0.105091072618961,351.91015625,8.10583591461182,1.62437772750854,-0.0693556591868401,0.0714920312166214,0.0190892294049263,0.99484384059906
71.1942596435547,-0.0366114713251591,0.0830875709652901,0.110135488212109,352.388732910156,8.17820835113525,1.37339472770691,-0.0653455480933189,0.0719388425350189,0.0166604723781347,0.995126783847809
71.7216186523438,-0.0335875116288662,0.0832173153758049,0.116864301264286,352.314819335938,9.20824813842773,1.01322960853577,-0.06608846783638,0.080677717924118,0.0141728045418859,0.994445860385895
72.2634811401367,-0.0338989533483982,0.082500621676445,0.122990928590298,352.547576904297,9.97558307647705,1.09669542312622,-0.0639093592762947,0.0873752981424332,0.0151640186086297,0.994007647037506
72.7959518432617,-0.0359799414873123,0.082393042743206,0.12158615142107,352.944519042969,10.2443170547485,1.10473370552063,-0.0604240857064724,0.0896970182657242,0.0150770442560315,0.994020164012909
73.3443603515625,-0.0356205217540264,0.0820953845977783,0.113376267254353,353.25634765625,10.863977432251,1.11161911487579,-0.0576319582760334,0.0950637832283974,0.0152077339589596,0.993685126304626
73.8948440551758,-0.0352413505315781,0.0828020796179771,0.106239438056946,352.718322753906,10.683970451355,1.10681009292603,-0.0623257756233215,0.0935186445713043,0.0155089991167188,0.993543803691864
74.4465484619141,-0.0312641933560371,0.0832653492689133,0.103446491062641,352.609100341797,10.7733688354492,0.697919189929962,-0.063596673309803,0.0940708145499229,0.0121014956384897,0.993458449840546
74.9992523193359,-0.029622346162796,0.0829222649335861,0.106640122830868,352.8583984375,10.7295227050781,0.603996753692627,-0.0615164563059807,0.0936400294303894,0.011060600169003,0.993642270565033
75.5504455566406,-0.0279338471591473,0.084741048514843,0.110305890440941,351.559143066406,11.3492422103882,0.326441794633865,-0.0729518309235573,0.0988190770149231,0.0101039307191968,0.992376327514648
76.1021194458008,-0.0282111782580614,0.085062563419342,0.114664793014526,351.672149658203,11.4118919372559,0.401215761899948,-0.0719029009342194,0.0994129329919815,0.0106938071548939,0.992387354373932
76.6539764404297,-0.0302659571170807,0.085106335580349,0.118427395820618,351.6904296875,11.3020935058594,0.684770047664642,-0.0715109705924988,0.0986398458480835,0.0130651546642184,0.992464423179626
77.1855392456055,-0.0323937758803368,0.0854568555951118,0.120643556118011,351.555725097656,10.434497833252,0.958848655223846,-0.072557158768177,0.0912959203124046,0.0150046860799193,0.993063688278198
77.7532958984375,-0.0331939533352852,0.0847257524728775,0.119989179074764,352.086578369141,9.9055347442627,1.05009961128235,-0.0679529532790184,0.0867550447583199,0.0150648104026914,0.993795275688171
78.2954864501953,-0.032600499689579,0.0842735692858696,0.120635509490967,352.443054199219,10.1427307128906,0.917083978652954,-0.0649330839514732,0.0887268483638763,0.0137793831527233,0.993841767311096
78.8459777832031,-0.0307316780090332,0.0842868983745575,0.119880750775337,352.459747314453,10.580883026123,0.731518447399139,-0.0648849755525589,0.0924210250377655,0.0124053750187159,0.9935262799263
79.3962478637695,-0.0309865139424801,0.0847767740488052,0.119917184114456,351.914947509766,9.95851039886475,1.14513432979584,-0.0693620294332504,0.0872766003012657,0.0160489995032549,0.993636846542358
79.9484024047852,-0.0339795090258121,0.0830182731151581,0.124314412474632,353.100891113281,7.65884399414063,1.54987823963165,-0.0591283217072487,0.0674711465835571,0.0174883287400007,0.995814085006714
80.5025482177734,-0.0352424681186676,0.0824014097452164,0.129352733492851,353.706848144531,7.22660636901855,1.74395942687988,-0.0538173876702785,0.0637536197900772,0.0186241008341312,0.996339440345764
81.0422668457031,-0.0336219519376755,0.0837267860770226,0.124642938375473,352.577056884766,8.00030899047852,1.29310250282288,-0.0637847185134888,0.0703370943665504,0.0157484766095877,0.9953573346138
81.5976867675781,-0.0293471217155457,0.0852533578872681,0.113467119634151,351.472412109375,8.46604347229004,0.717480838298798,-0.0736834928393364,0.0740714892745018,0.0117145860567689,0.994458198547363
82.1818161010742,-0.0318252295255661,0.0868323668837547,0.0975764766335487,349.798278808594,6.98973560333252,1.0827317237854,-0.0881662294268608,0.0615535043179989,0.0148131446912885,0.994091808795929
82.6934814453125,-0.0282428003847599,0.0861628577113152,0.0967812314629555,350.154663085938,7.17034292221069,0.652678370475769,-0.0852868035435677,0.0627883449196815,0.0110294111073017,0.994314908981323
83.2461242675781,-0.027009554207325,0.0864256471395493,0.106275320053101,350.214721679688,6.89466905593872,0.625378727912903,-0.0848063379526138,0.0603756681084633,0.0105561418458819,0.994510531425476
83.7883071899414,-0.0263685397803783,0.0857959538698196,0.115234635770321,350.713287353516,7.30976486206055,0.509810090065002,-0.0805050954222679,0.0638960525393486,0.00958572886884212,0.994657933712006
84.3301162719727,-0.0274027176201344,0.0854727849364281,0.119258761405945,350.980865478516,7.2660927772522,0.621310114860535,-0.0781239345669746,0.0635944902896881,0.0103764068335295,0.994859158992767
84.8660202026367,-0.0283191315829754,0.0863441675901413,0.116550676524639,350.688873291016,7.5443058013916,0.63502049446106,-0.0806251466274261,0.0660196766257286,0.0108510376885533,0.994496464729309
85.4138107299805,-0.0266768112778664,0.0863925367593765,0.11438000202179,350.700958251953,7.9560375213623,0.468807905912399,-0.0805814787745476,0.0694757103919983,0.00969123560935259,0.994276523590088
85.9573059082031,-0.0268156491219997,0.0860948711633682,0.112424612045288,350.560760498047,7.36048078536987,0.589389860630035,-0.0817800387740135,0.064391978085041,0.010396683588624,0.994513750076294
86.4869155883789,-0.0242968797683716,0.0843350365757942,0.115163959562778,351.586303710938,7.88432741165161,0.0697507187724113,-0.0731419920921326,0.0686087682843208,0.00564888818189502,0.994942843914032
87.0206451416016,-0.0229977928102016,0.084241196513176,0.1183046028018,351.954772949219,8.39053535461426,359.880828857422,-0.0700380802154541,0.0729028061032295,0.00409736204892397,0.994868338108063
87.5590286254883,-0.0236912183463573,0.0840517580509186,0.118357680737972,352.172943115234,8.65667533874512,359.524780273438,-0.0683678910136223,0.0750130265951157,0.00102525565307587,0.994835555553436
88.1052703857422,-0.0240940563380718,0.082637831568718,0.121616810560226,353.093353271484,8.86274814605713,359.640075683594,-0.0602973215281963,0.076935663819313,0.00152815238106996,0.995209932327271
88.6518020629883,-0.0196337401866913,0.0723937749862671,0.13161213696003,0.257710546255112,11.6529235839844,359.1279296875,0.00146472291089594,0.101529598236084,-0.00779903866350651,0.994800865650177
89.1910781860352,-0.0174078531563282,0.0697636678814888,0.129710093140602,1.66840791702271,12.5950450897217,358.671905517578,0.0131991282105446,0.109840050339699,-0.0131152821704745,0.993775129318237
89.7448043823242,-0.0189454220235348,0.0772426053881645,0.116443388164043,356.858581542969,12.7671928405762,358.988037109375,-0.0282209999859333,0.110897749662399,-0.00572527619078755,0.993414580821991
90.3108291625977,-0.0176601856946945,0.0808112025260925,0.112977370619774,354.244598388672,11.995002746582,359.328338623047,-0.0505402833223343,0.104058884084225,-0.000576448917854577,0.993286073207855
90.8509292602539,-0.018786845728755,0.080080084502697,0.117606297135353,354.635101318359,11.8992509841919,359.325714111328,-0.0471568666398525,0.103264771401882,-0.000995083944872022,0.993534922599792
91.3812942504883,-0.0217926874756813,0.0806253850460052,0.123725920915604,354.561706542969,11.2154912948608,359.659393310547,-0.0475030355155468,0.0974666476249695,0.00168087531346828,0.994103074073792
91.9392471313477,-0.0212554391473532,0.0798578411340714,0.130254134535789,354.901245117188,11.305962562561,359.581207275391,-0.0446233116090298,0.0982432141900063,0.000748087884858251,0.994161188602448
92.4811935424805,-0.021552374586463,0.0802153050899506,0.130842849612236,354.698211669922,11.096118927002,359.624938964844,-0.0463494099676609,0.0964260101318359,0.00121731730177999,0.994259655475616
93.0215911865234,-0.0224258415400982,0.0803871527314186,0.127977624535561,354.536560058594,10.6114044189453,359.816925048828,-0.0476027950644493,0.0922886654734612,0.0028179595246911,0.994589805603027
93.5628967285156,-0.0216585006564856,0.0806528627872467,0.122917287051678,354.332702636719,10.3378648757935,359.741241455078,-0.0494384989142418,0.089870996773243,0.00220764591358602,0.994723200798035
94.0957565307617,-0.0167758762836456,0.0803070440888405,0.121585160493851,354.462615966797,10.344575881958,359.457977294922,-0.0485327951610088,0.0898170918226242,-0.000350734917446971,0.994774997234344
94.6418304443359,-0.0146745909005404,0.0803316757082939,0.12441224604845,354.252960205078,10.0979290008545,359.419281005859,-0.0503816343843937,0.0876422002911568,-0.000629748974461108,0.99487692117691
95.1842880249023,-0.0137641150504351,0.0798146352171898,0.124780304729939,354.671447753906,10.3908252716064,359.320648193359,-0.0468281321227551,0.0901789218187332,-0.00168850319460034,0.99482262134552
95.7359008789063,-0.0130367316305637,0.0815805941820145,0.118291601538658,353.189666748047,10.2453298568726,359.110504150391,-0.0598491169512272,0.0886687710881233,-0.00241438415832818,0.99425858259201
96.2811737060547,-0.0120430830866098,0.0844418480992317,0.115105152130127,351.117004394531,10.1666040420532,358.893859863281,-0.0779855996370316,0.0875892415642738,-0.00272451108321548,0.993095636367798
96.8264617919922,-0.0105019276961684,0.0848358124494553,0.117689073085785,350.812164306641,10.2865152359009,358.589874267578,-0.0808641016483307,0.0883699059486389,-0.00503688305616379,0.992787182331085
97.3587188720703,-0.00859368406236172,0.0844508558511734,0.122421517968178,351.201721191406,10.3840227127075,358.405181884766,-0.0776375532150269,0.0891552865505219,-0.00687839509919286,0.992963492870331
97.8750305175781,-0.00884604454040527,0.0843076631426811,0.124568790197372,351.280303955078,10.4086656570435,358.402038574219,-0.0769607797265053,0.0893809124827385,-0.00695184152573347,0.992995321750641
98.4239273071289,-0.00787740759551525,0.0841481611132622,0.126209735870361,351.335418701172,10.3658208847046,358.367950439453,-0.0765071287751198,0.0889968425035477,-0.0073198382742703,0.993062257766724
98.9667205810547,-0.00768484082072973,0.0846444293856621,0.125540301203728,351.020629882813,10.3476114273071,358.382720947266,-0.0792216137051582,0.0887913554906845,-0.00695392722263932,0.992870450019836
99.500602722168,-0.00819190591573715,0.0844437405467033,0.12384257465601,351.031097412109,10.3447751998901,358.379943847656,-0.0791328996419907,0.0887667834758759,-0.00698827533051372,0.992879450321198
100.033584594727,-0.00938721001148224,0.0847896188497543,0.121696442365646,350.779449462891,9.80535697937012,358.582855224609,-0.0811309963464737,0.0841900929808617,-0.0054127792827785,0.993126630783081
100.578948974609,-0.0111211258918047,0.0862748473882675,0.117830403149128,349.664642333984,8.31990528106689,359.157867431641,-0.090361975133419,0.0715841352939606,-0.000765987439081073,0.99333268404007
101.114196777344,-0.00888013280928135,0.0870368033647537,0.112687736749649,349.4775390625,8.34219551086426,359.02294921875,-0.092068187892437,0.0716462656855583,-0.00179863779339939,0.993170201778412
101.657516479492,-0.00816766638308764,0.0862211063504219,0.113302983343601,350.202331542969,8.19212436676025,358.913757324219,-0.085849218070507,0.0703573524951935,-0.00332091771997511,0.993815243244171
102.188514709473,-0.00892681255936623,0.0855915322899818,0.11232028901577,350.732086181641,8.53338718414307,358.979156494141,-0.0812231376767159,0.0734351798892021,-0.00284436019137502,0.993982911109924
102.721488952637,-0.0119457747787237,0.0861255377531052,0.112385012209415,350.657531738281,8.2976188659668,359.443756103516,-0.0815737545490265,0.0717116817831993,0.00106638262514025,0.994083523750305
103.255180358887,-0.00888224877417088,0.0852497294545174,0.112923517823219,351.063415527344,9.57271385192871,358.752258300781,-0.0785368159413338,0.0823366865515709,-0.00431720074266195,0.993495881557465
103.771751403809,-0.00414129812270403,0.0884461551904678,0.112692296504974,348.42138671875,10.2581872940063,358.192626953125,-0.101856887340546,0.087348498404026,-0.00661157956346869,0.990934789180756
104.306831359863,0.000203819945454597,0.0870299637317657,0.116135753691196,349.409301757813,10.843186378479,357.413787841797,-0.0939766615629196,0.0919829234480858,-0.0136525006964803,0.991222023963928
104.840408325195,0.0029304213821888,0.0859859436750412,0.119165919721127,349.904968261719,11.343487739563,356.861755371094,-0.0902140811085701,0.0960114374756813,-0.0184513330459595,0.991111934185028
105.373886108398,0.00166087411344051,0.0859986543655396,0.118425384163857,349.574859619141,10.9317483901978,356.930725097656,-0.0929460376501083,0.0924028679728508,-0.0178986508399248,0.991212606430054
105.904716491699,0.000898781232535839,0.0869480594992638,0.111289486289024,349.182769775391,11.1719789505005,356.780914306641,-0.0964953675866127,0.0942329689860344,-0.0186587851494551,0.99068695306778
106.436943054199,0.00486972741782665,0.0857426449656487,0.106831699609756,350.005279541016,11.343017578125,356.267517089844,-0.0898435488343239,0.0955740809440613,-0.0236797593533993,0.991076707839966
106.994682312012,0.00568176712840796,0.0859605148434639,0.0986322015523911,349.494934082031,11.291805267334,356.277862548828,-0.0942351818084717,0.0949567779898643,-0.0231813862919807,0.990739941596985
107.531745910645,0.00728227384388447,0.0870791599154472,0.0941368937492371,348.480285644531,11.5949478149414,355.952178955078,-0.103333055973053,0.0969135388731956,-0.024827416986227,0.98960280418396
108.055419921875,0.00865785405039787,0.0879292786121368,0.095659963786602,348.066528320313,11.9088430404663,355.807586669922,-0.107094794511795,0.0993245020508766,-0.0254066400229931,0.988948881626129
108.583786010742,0.00821773707866669,0.085469014942646,0.101847968995571,350.284637451172,11.5587940216064,356.00341796875,-0.0876979753375053,0.0973380357027054,-0.0260458402335644,0.991037845611572
109.103530883789,0.00768570974469185,0.0834713578224182,0.111104913055897,351.91845703125,11.3031053543091,356.361236572266,-0.0732071846723557,0.0959576591849327,-0.0245800726115704,0.99238532781601
109.650505065918,0.00765498820692301,0.0835538804531097,0.117395088076591,352.018341064453,11.4154434204102,356.632629394531,-0.0721368715167046,0.0971351265907288,-0.0222464893013239,0.992404222488403
110.178909301758,0.00601761881262064,0.0833657458424568,0.119895324110985,352.127410888672,11.682147026062,356.548614501953,-0.0713173747062683,0.0994268134236336,-0.0229043252766132,0.992221534252167
110.712181091309,0.0046883150935173,0.083052471280098,0.122399665415287,352.613922119141,11.4383916854858,356.798034667969,-0.0668438151478767,0.0976167693734169,-0.021325595676899,0.992747843265533
111.227363586426,0.00426169857382774,0.0826319828629494,0.123543828725815,352.681091308594,11.6784696578979,356.697204589844,-0.0663945004343987,0.0996581092476845,-0.0221196357160807,0.9925577044487
111.767684936523,0.00524677895009518,0.0828222408890724,0.123038657009602,352.589599609375,12.1477251052856,356.256805419922,-0.0676742121577263,0.10343424975872,-0.0255743339657784,0.99200177192688
112.309730529785,0.00484376773238182,0.0840133354067802,0.12073789536953,351.579132080078,12.2513742446899,356.223815917969,-0.0764673501253128,0.103958889842033,-0.0248405262827873,0.991326510906219
112.844100952148,0.00616895128041506,0.0836591273546219,0.118324309587479,351.555755615234,12.0129146575928,356.015716552734,-0.0768025666475296,0.101748213171959,-0.0267783626914024,0.991479516029358
113.373947143555,0.0105198742821813,0.0831004157662392,0.115723043680191,351.828460693359,13.0800104141235,354.811157226563,-0.0758560001850128,0.110286824405193,-0.0367501452565193,0.99031925201416
113.914588928223,0.0173975192010403,0.0843480750918388,0.113129056990147,350.569549560547,16.3137645721436,352.790313720703,-0.0901014357805252,0.136007830500603,-0.0503879636526108,0.98531448841095
114.444496154785,0.0174592956900597,0.0847498551011086,0.115066275000572,350.297454833984,15.7060136795044,353.059967041016,-0.0918631181120872,0.130822345614433,-0.0482100285589695,0.985962748527527
115.001068115234,0.0159752480685711,0.0826970636844635,0.120789103209972,351.683502197266,14.9229764938354,353.676361083984,-0.0789315849542618,0.125355184078217,-0.0451432093977928,0.98793625831604
115.517852783203,0.010430820286274,0.0823950469493866,0.127847701311111,352.019744873047,13.0642547607422,354.671417236328,-0.0743332505226135,0.110148347914219,-0.0381628125905991,0.990396738052368
116.051132202148,0.0110764261335135,0.081805057823658,0.1354920566082,352.480926513672,13.6145458221436,354.726959228516,-0.070478655397892,0.115154840052128,-0.0378133878111839,0.990122377872467
116.579002380371,0.0145195759832859,0.0811077207326889,0.141865164041519,352.858612060547,13.5870141983032,354.49072265625,-0.0674451440572739,0.11495328694582,-0.040270272642374,0.990260183811188
117.111404418945,0.0149304186925292,0.0747997313737869,0.150282204151154,356.962615966797,13.0805368423462,354.687133789063,-0.0315794609487057,0.112518787384033,-0.0430134683847427,0.992215752601624
117.639091491699,0.0087535846978426,0.0769844055175781,0.147268936038017,355.6240234375,12.1621913909912,356.281860351563,-0.0413775742053986,0.104571454226971,-0.0281929410994053,0.993256211280823
118.167846679688,0.00787967350333929,0.0796549543738365,0.135278806090355,354.014587402344,11.5345830917358,356.174072265625,-0.0552655085921288,0.0985613837838173,-0.027923496440053,0.993202745914459
118.692932128906,0.00989977829158306,0.0809603780508041,0.135150000452995,352.689514160156,10.5075597763062,356.058868408203,-0.066589742898941,0.0891439914703369,-0.0283378660678864,0.993386209011078
119.225135803223,0.0130611751228571,0.0816372707486153,0.152913689613342,352.316314697266,9.72283458709717,356.088806152344,-0.0696082040667534,0.0822280421853065,-0.0282508637756109,0.993778228759766
119.766204833984,0.00674228463321924,0.08173518627882,0.165203109383583,352.564453125,10.0801525115967,356.957244873047,-0.0668958276510239,0.0859218463301659,-0.0206971503794193,0.993838012218475
120.29541015625,0.00243389513343573,0.0820888131856918,0.153313428163528,351.627624511719,11.0010948181152,356.840423583984,-0.0752696990966797,0.0935599878430367,-0.0203743502497673,0.992555260658264
120.830368041992,0.00171235762536526,0.0835110768675804,0.149565055966377,351.189788818359,10.7579097747803,357.036834716797,-0.0788606181740761,0.091457299888134,-0.0184679571539164,0.992509722709656
121.36417388916,0.00174610130488873,0.0833085402846336,0.151758015155792,351.559692382813,10.94455909729,356.964111328125,-0.0757471472024918,0.0931317284703255,-0.019282529130578,0.992581009864807
121.905479431152,0.00159201957285404,0.083502821624279,0.145167961716652,351.353973388672,10.9804601669312,356.502563476563,-0.0779098942875862,0.0930696427822113,-0.0230811163783073,0.992338359355927
122.462989807129,0.00733172986656427,0.0825773403048515,0.140188410878181,352.109222412109,12.9013080596924,355.118560791016,-0.0730810314416885,0.109067939221859,-0.0344926044344902,0.99074399471283
123.03475189209,0.0204062461853027,0.0818389654159546,0.142063319683075,351.596008300781,15.8237352371216,353.098480224609,-0.0807068347930908,0.132662415504456,-0.0493896976113319,0.98663455247879
123.634750366211,0.0266968347132206,0.0812076032161713,0.153392285108566,351.769989013672,16.1633453369141,352.98193359375,-0.0794951692223549,0.135610803961754,-0.0503725707530975,0.986282348632813
124.158561706543,0.0226617753505707,0.0816241651773453,0.144825682044029,351.48974609375,15.8818073272705,352.903076171875,-0.0818723067641258,0.132958441972733,-0.050899300724268,0.986421942710876
124.696998596191,0.0249034259468317,0.0816918686032295,0.140395596623421,351.563537597656,17.4812164306641,352.131774902344,-0.0829276964068413,0.146204650402069,-0.0564774088561535,0.984153211116791
125.23316192627,0.0293501913547516,0.0803221389651299,0.140985682606697,352.093841552734,17.7377777099609,351.69921875,-0.0790682882070541,0.148473918437958,-0.0607385113835335,0.983877301216125
125.766410827637,0.0330373048782349,0.078221932053566,0.142952293157578,353.499298095703,18.3399677276611,351.096221923828,-0.0681557431817055,0.154282748699188,-0.0674981325864792,0.983359336853027
126.294662475586,0.0345173664391041,0.0790883526206017,0.135802045464516,352.60498046875,18.9916152954102,350.470153808594,-0.0770609453320503,0.158779516816139,-0.0711566507816315,0.981726765632629
126.829917907715,0.0348877087235451,0.0807027071714401,0.134258225560188,351.396697998047,19.1160297393799,350.557250976563,-0.0873440802097321,0.158928394317627,-0.0685265883803368,0.981028497219086
127.362991333008,0.0352373979985714,0.0811507478356361,0.139798164367676,351.273254394531,18.797082901001,350.605529785156,-0.0881421640515327,0.156133934855461,-0.0681744590401649,0.981430292129517
127.914451599121,0.0355172157287598,0.0814779028296471,0.139299109578133,350.89404296875,18.8575286865234,350.66943359375,-0.0913312658667564,0.156394049525261,-0.0670212805271149,0.981176733970642
128.470077514648,0.0360738858580589,0.0822530314326286,0.139110743999481,350.29248046875,18.0391120910645,350.673583984375,-0.0959895402193069,0.14889845252037,-0.0667842850089073,0.981914043426514
129.005218505859,0.0378458015620708,0.0822052955627441,0.139477610588074,350.427795410156,18.0343112945557,350.669128417969,-0.0948354974389076,0.14896360039711,-0.0670184269547462,0.982000350952148
129.532821655273,0.0367516204714775,0.0823459029197693,0.136057958006859,350.252044677734,17.9000549316406,350.687042236328,-0.0962367951869965,0.147685214877129,-0.0667286142706871,0.982076823711395
130.058074951172,0.038322426378727,0.0817334055900574,0.133290633559227,350.519012451172,19.0031795501709,349.994934082031,-0.0955437868833542,0.156776070594788,-0.0721191018819809,0.980352759361267
130.604248046875,0.0440172329545021,0.0808280780911446,0.134592235088348,350.778961181641,19.527925491333,349.187286376953,-0.0947920233011246,0.160825163125992,-0.0789821073412895,0.979240357875824
131.141021728516,0.0486671775579453,0.0821084603667259,0.132185742259026,349.687561035156,20.9922828674316,348.764526367188,-0.105703875422478,0.171910345554352,-0.0795702338218689,0.976187527179718
131.675247192383,0.0524523817002773,0.0824486315250397,0.122614234685898,349.040344238281,22.3466129302979,348.163055419922,-0.113075621426105,0.182203352451324,-0.0822902843356133,0.973264694213867
132.209121704102,0.0547764636576176,0.080825611948967,0.123831361532211,350.193908691406,22.6213226318359,347.962860107422,-0.103836841881275,0.185546293854713,-0.0857674553990364,0.973362505435944
132.74479675293,0.0536770448088646,0.0808827430009842,0.119847610592842,350.163940429688,23.1433849334717,347.667175292969,-0.104969799518585,0.189677387475967,-0.0877482891082764,0.972267508506775
133.277435302734,0.0553161650896072,0.082124724984169,0.11697681248188,349.092926025391,23.8665332794189,347.077911376953,-0.115556262433529,0.194065690040588,-0.0900709182024002,0.969985842704773
133.819046020508,0.058274619281292,0.0822689235210419,0.116642542183399,348.680969238281,24.4710636138916,346.961578369141,-0.119697913527489,0.198591887950897,-0.0896517410874367,0.96860533952713
134.353851318359,0.0581501498818398,0.0814229026436806,0.121169365942478,349.279479980469,23.8290233612061,347.300720214844,-0.113577224314213,0.194179266691208,-0.0885717943310738,0.970334887504578
134.88688659668,0.0619780495762825,0.0783029124140739,0.125153213739395,351.186676025391,23.8275012969971,347.056945800781,-0.0978996753692627,0.196043729782104,-0.0941948294639587,0.971138417720795
135.428695678711,0.0598461218178272,0.0811009332537651,0.121094219386578,349.378051757813,23.4511680603027,346.998382568359,-0.112956658005714,0.190790176391602,-0.0916889831423759,0.970789909362793
135.94841003418,0.0606272146105766,0.0819138139486313,0.115204438567162,348.633178710938,24.1288833618164,346.568939208984,-0.120501674711704,0.195232287049294,-0.0932381898164749,0.968850016593933
136.482757568359,0.0601526945829391,0.0820038840174675,0.108979113399982,348.419464111328,25.2862892150879,345.942901611328,-0.12434746325016,0.204079285264015,-0.0968714952468872,0.966180801391602
137.027221679688,0.0661597326397896,0.080884262919426,0.109804235398769,348.817901611328,25.6511707305908,345.790618896484,-0.121592223644257,0.20748208463192,-0.0985618308186531,0.965635597705841
137.562377929688,0.0683896541595459,0.0823298618197441,0.1174196600914,348.183624267578,24.7563304901123,346.411773681641,-0.125060617923737,0.199832811951637,-0.0930277705192566,0.967353403568268
138.085174560547,0.0709139704704285,0.0817128047347069,0.109585911035538,348.254791259766,25.406343460083,345.836303710938,-0.12601962685585,0.204771727323532,-0.0973103567957878,0.965773403644562
138.620193481445,0.0722351223230362,0.0805143639445305,0.109588652849197,349.257904052734,26.7687072753906,345.960571289063,-0.118545725941658,0.217609494924545,-0.0968638956546783,0.963955581188202
139.155029296875,0.077070988714695,0.0803622975945473,0.106377467513084,348.968963623047,28.4107608795166,345.493835449219,-0.123269505798817,0.230544000864029,-0.0984273031353951,0.960190713405609
139.675216674805,0.0776489526033401,0.0827621668577194,0.103226497769356,347.514862060547,29.0587539672852,345.216430664063,-0.136470377445221,0.233774155378342,-0.0967473015189171,0.957791984081268
140.18896484375,0.0821711048483849,0.0811485946178436,0.105715036392212,348.093841552734,28.7577667236328,344.964202880859,-0.131917297840118,0.231726050376892,-0.100519835948944,0.958538770675659
140.711303710938,0.0858066231012344,0.0800724774599075,0.11032947152853,348.701385498047,28.0673675537109,345.106079101563,-0.125972047448158,0.226901352405548,-0.101459719240665,0.960391998291016
141.218521118164,0.0861017778515816,0.0801660194993019,0.107407927513123,348.506408691406,28.1154689788818,344.975189208984,-0.127897247672081,0.226904928684235,-0.102074593305588,0.960071444511414
141.725997924805,0.0840283334255219,0.08123679459095,0.0978927463293076,347.493927001953,28.5243339538574,344.336853027344,-0.137947559356689,0.228225141763687,-0.104692928493023,0.958083033561707
142.245666503906,0.0827993750572205,0.0797832161188126,0.0904768407344818,348.263885498047,29.0985794067383,343.914611816406,-0.132949203252792,0.233592957258224,-0.10928388684988,0.956982672214508
142.764144897461,0.0817638635635376,0.0777437910437584,0.089796744287014,349.904144287109,28.2747535705566,344.476959228516,-0.117400206625462,0.22954834997654,-0.109157755970955,0.960004866123199
143.292846679688,0.0813526436686516,0.078867107629776,0.0887216404080391,349.064575195313,28.3073234558105,344.424499511719,-0.124523192644119,0.228646174073219,-0.107707999646664,0.959486246109009
143.83479309082,0.0800889283418655,0.0803055539727211,0.0864914730191231,347.823425292969,28.8752193450928,343.767120361328,-0.136685162782669,0.230934619903564,-0.109776623547077,0.957045197486877
144.354629516602,0.0766091719269753,0.0814058780670166,0.0782884657382965,347.000213623047,29.7494831085205,343.781036376953,-0.144293382763863,0.237072572112083,-0.106692470610142,0.954773724079132
144.916961669922,0.0677369236946106,0.0802026838064194,0.0530534163117409,346.799102783203,27.1622943878174,344.754791259766,-0.141685664653778,0.216383740305901,-0.101330690085888,0.960643231868744
145.485748291016,0.0553657151758671,0.0817094892263412,0.0541146025061607,346.348663330078,25.9529190063477,346.413909912109,-0.141372933983803,0.207695156335831,-0.0879455208778381,0.963920116424561
146.030227661133,0.0608519837260246,0.0791722908616066,0.0638136342167854,348.3515625,28.4991989135742,345.979827880859,-0.127505004405975,0.231041759252548,-0.0928870514035225,0.960069894790649
146.560577392578,0.0674421712756157,0.0775296688079834,0.0660840794444084,348.710815429688,29.9619121551514,344.893035888672,-0.128005236387253,0.242522522807121,-0.10116358101368,0.956328094005585
147.096755981445,0.0738407969474792,0.0751110389828682,0.0754776746034622,350.775177001953,31.6640644073486,343.908447265625,-0.114663980901241,0.25842958688736,-0.112495884299278,0.952581226825714
147.630294799805,0.076762929558754,0.0754166692495346,0.0753644034266472,350.451049804688,32.7140846252441,343.478393554688,-0.119359329342842,0.266258031129837,-0.114188276231289,0.949642598628998
148.190017700195,0.0765065774321556,0.0773039609193802,0.0719516649842262,349.218017578125,33.1486282348633,343.453063964844,-0.129977405071259,0.268083542585373,-0.110787332057953,0.948136746883392
148.732940673828,0.0737002789974213,0.0795417577028275,0.0696828216314316,347.807373046875,32.2864112854004,343.728240966797,-0.140111654996872,0.259247213602066,-0.105941735208035,0.949703097343445
149.264923095703,0.0726533308625221,0.0795908272266388,0.0685961991548538,347.575012207031,31.9496726989746,343.632690429688,-0.141923651099205,0.256003499031067,-0.106566309928894,0.950243949890137
149.793121337891,0.079925112426281,0.0759691670536995,0.0729914829134941,349.977630615234,31.810848236084,343.808319091797,-0.12161560356617,0.258451461791992,-0.111220262944698,0.951862692832947
150.328842163086,0.081886850297451,0.0770097449421883,0.0764766559004784,349.627075195313,30.6901607513428,344.285461425781,-0.122384816408157,0.24915686249733,-0.107594914734364,0.95465499162674
150.838592529297,0.08079444617033,0.0781561434268951,0.0764128044247627,348.899597167969,29.9835338592529,344.517303466797,-0.127255544066429,0.242536410689354,-0.104715622961521,0.956042230129242
151.356018066406,0.0764840766787529,0.0782230347394943,0.0813028886914253,349.375122070313,28.5909175872803,345.644378662109,-0.119736962020397,0.232724413275719,-0.0978773608803749,0.960167944431305
151.883377075195,0.0735063701868057,0.0786502882838249,0.0825156718492508,349.1455078125,27.7884826660156,346.073760986328,-0.12011780589819,0.226160138845444,-0.094611220061779,0.962014555931091
152.430374145508,0.07199677079916,0.0794026479125023,0.0807677730917931,348.904174804688,27.0845756530762,346.32470703125,-0.12106965482235,0.220218271017075,-0.0927267521619797,0.963456213474274
152.951919555664,0.0721123144030571,0.0795865431427956,0.0824263244867325,348.757507324219,26.9641914367676,346.478912353516,-0.121903896331787,0.219193905591965,-0.0912477001547813,0.963725745677948
153.489837646484,0.0717239752411842,0.0796808302402496,0.0813036486506462,348.679962158203,26.5316219329834,346.520080566406,-0.122130237519741,0.215506002306938,-0.0911995247006416,0.964533090591431
154.018341064453,0.0723589584231377,0.0803506299853325,0.0776613727211952,348.018493652344,26.7470607757568,346.237060546875,-0.128368183970451,0.216212332248688,-0.0919638946652412,0.963491857051849
154.551177978516,0.0720181167125702,0.0806460529565811,0.0787420123815536,347.6826171875,26.6619281768799,346.212371826172,-0.131153374910355,0.215057387948036,-0.0915634334087372,0.96341335773468
155.089950561523,0.06869176030159,0.0808633118867874,0.0831617191433907,347.987548828125,26.3500270843506,346.776733398438,-0.127303823828697,0.213436961174011,-0.0878019258379936,0.96463942527771
155.638610839844,0.0689760223031044,0.0806125700473785,0.0851567834615707,348.110290527344,26.4168586730957,346.697814941406,-0.126475185155869,0.214057177305222,-0.0886464193463326,0.964533805847168
156.195556640625,0.0694053545594215,0.0806349664926529,0.0901050269603729,348.320098876953,26.5962562561035,347.007659912109,-0.12427431344986,0.216151982545853,-0.0862778052687645,0.964567482471466
156.75798034668,0.0745824873447418,0.080518938601017,0.0914881005883217,348.193939208984,27.2630081176758,346.538330078125,-0.126735419034958,0.221096634864807,-0.089228518307209,0.962856590747833
157.295303344727,0.0752289518713951,0.0808769837021828,0.0892889797687531,347.888305664063,27.165355682373,346.427978515625,-0.129424020648003,0.21978448331356,-0.0896133854985237,0.962763547897339
157.832290649414,0.0746465101838112,0.0807323232293129,0.0920583233237267,347.949920654297,27.1955490112305,346.566802978516,-0.128666400909424,0.220268800854683,-0.0885442644357681,0.962853372097015
158.361145019531,0.0742308795452118,0.080889604985714,0.0914402976632118,347.889526367188,27.0013885498047,346.59619140625,-0.128964677453041,0.218597695231438,-0.0883872285485268,0.963208615779877
158.90559387207,0.0750929564237595,0.0805870741605759,0.0912515968084335,348.089965820313,27.0378341674805,346.5126953125,-0.127477541565895,0.219051048159599,-0.089472770690918,0.963203370571136
159.421752929688,0.0716503113508224,0.0812783986330032,0.085039846599102,347.701171875,26.8898315429688,346.695251464844,-0.130264461040497,0.217546731233597,-0.087282694876194,0.963372409343719
159.938415527344,0.0683936476707458,0.0807221829891205,0.0884476080536842,348.252105712891,26.6318702697754,347.170593261719,-0.124562561511993,0.216550230979919,-0.0847258344292641,0.964578568935394
160.450698852539,0.0699406936764717,0.0789881870150566,0.0925152078270912,349.261199951172,25.6579132080078,347.344329833984,-0.115050286054611,0.209663838148117,-0.0863431245088577,0.967134594917297
160.960922241211,0.0587162375450134,0.0803540945053101,0.105007536709309,349.847564697266,23.8969955444336,349.525939941406,-0.105025380849838,0.197458311915398,-0.0707064568996429,0.972101092338562
161.560928344727,0.0483287200331688,0.0829149484634399,0.0962019264698029,348.347869873047,21.977855682373,350.104461669922,-0.115631885826588,0.180333688855171,-0.0649512335658073,0.974623203277588
162.098373413086,0.0453723967075348,0.0827268958091736,0.0975056886672974,349.042633056641,20.6115283966064,350.622192382813,-0.108178347349167,0.16980916261673,-0.0630356892943382,0.977491080760956
162.634368896484,0.0369287580251694,0.0846755430102348,0.0985483005642891,348.773468017578,18.671350479126,351.717590332031,-0.107924059033394,0.154048889875412,-0.0550907775759697,0.980605125427246
163.140884399414,0.02168876118958,0.0856458768248558,0.100681602954865,348.483001708984,14.6802864074707,355.347686767578,-0.104590803384781,0.122971020638943,-0.027243847027421,0.98650735616684
163.685440063477,0.0193857625126839,0.0850178077816963,0.1039077937603,349.0263671875,14.3101320266724,355.875518798828,-0.0992722883820534,0.120490156114101,-0.0236395783722401,0.987455487251282
164.192779541016,0.0260272696614265,0.086470827460289,0.106797620654106,347.015777587891,15.8332920074463,354.602691650391,-0.118307918310165,0.131424561142921,-0.0307796206325293,0.983759880065918
164.750869750977,0.0290331989526749,0.088215596973896,0.104487173259258,345.088500976563,17.2306575775146,353.580352783203,-0.136411741375923,0.141116723418236,-0.0354851372539997,0.979907512664795
165.268981933594,0.0280297547578812,0.0892394334077835,0.0976027101278305,344.141021728516,17.5177345275879,353.037780761719,-0.145251601934433,0.142263248562813,-0.038469236344099,0.978357434272766
165.804550170898,0.02691868878901,0.0891765281558037,0.0937738344073296,344.047882080078,17.44580078125,352.782440185547,-0.146335870027542,0.141258046030998,-0.0406114757061005,0.978254973888397
166.37321472168,0.02999322488904,0.0886076763272285,0.0930643677711487,344.769073486328,17.7960395812988,352.731567382813,-0.14038360118866,0.144704520702362,-0.0416143462061882,0.978581249713898
166.926177978516,0.0297012105584145,0.0884274914860725,0.0994568169116974,345.311950683594,17.4215030670166,352.953826904297,-0.135343745350838,0.142155572772026,-0.0409214161336422,0.979693472385406
167.431137084961,0.0245259366929531,0.0884571820497513,0.102527186274529,345.529846191406,17.1411876678467,353.355194091797,-0.132892891764641,0.14037549495697,-0.0381138548254967,0.980398714542389
167.96044921875,0.0218681506812572,0.0878196805715561,0.102209910750389,345.976715087891,16.5843696594238,353.877166748047,-0.128267094492912,0.136487156152725,-0.0348727330565453,0.981683611869812
168.500946044922,0.0229568481445313,0.0878865718841553,0.101591549813747,345.862915039063,16.4171485900879,353.875885009766,-0.129190921783447,0.134983569383621,-0.0349237732589245,0.981768548488617
169.029083251953,0.0217496901750565,0.0885967686772346,0.102432310581207,345.682952880859,16.2343006134033,354.111511230469,-0.13039967417717,0.133575409650803,-0.032881174236536,0.981871962547302
169.554138183594,0.0194367617368698,0.0884825140237808,0.106555223464966,346.384185791016,14.7055168151855,354.885589599609,-0.123118914663792,0.121703580021858,-0.0287823267281055,0.984480321407318
170.059616088867,0.0137010896578431,0.0881035178899765,0.105797477066517,346.52197265625,14.5867109298706,355.723205566406,-0.121020540595055,0.121641516685486,-0.0218689329922199,0.984925985336304
170.568206787109,-0.000570322386920452,0.085618369281292,0.105582982301712,347.921295166016,10.8890056610107,359.329986572266,-0.105286724865437,0.0937409698963165,0.00419432949274778,0.99000495672226
171.084487915039,-0.00496507436037064,0.0858109295368195,0.110454209148884,348.216613769531,10.5919075012207,0.227406591176987,-0.102027609944344,0.0920153632760048,0.0114400237798691,0.990450739860535
171.604568481445,-0.0059597697108984,0.0851466655731201,0.116466082632542,348.824462890625,10.5043354034424,0.32767978310585,-0.0967006236314774,0.0913812145590782,0.0117471814155579,0.991040110588074
172.188339233398,-0.00820337235927582,0.0855546444654465,0.109064042568207,348.797698974609,10.5472974777222,0.289701044559479,-0.0969580635428429,0.0917192026972771,0.0114762941375375,0.990986883640289
172.736129760742,-0.00903400126844645,0.0861746519804001,0.102255217730999,347.982818603516,10.2658557891846,0.381326287984848,-0.103961192071438,0.08932164311409,0.0126612512394786,0.990481436252594
173.316482543945,-0.0111489836126566,0.08750019967556,0.103097632527351,347.537445068359,9.59360504150391,0.939391791820526,-0.107476897537708,0.0840120688080788,0.0171969067305326,0.990502417087555
173.872222900391,-0.0107573140412569,0.087425984442234,0.10469351708889,347.727478027344,9.70193099975586,0.494950205087662,-0.106146395206451,0.084538958966732,0.0133183859288692,0.990660846233368
174.380233764648,-0.0121172741055489,0.0881093814969063,0.100934810936451,346.95556640625,9.74870204925537,0.166025698184967,-0.11305533349514,0.0845848396420479,0.011085974983871,0.989919722080231
174.903305053711,-0.0104203829541802,0.0893394201993942,0.0970015674829483,345.656982421875,10.1665019989014,359.663116455078,-0.124606892466545,0.0875440314412117,0.00815582554787397,0.988302886486053
175.406921386719,-0.00985275581479073,0.0889687761664391,0.0997873321175575,345.972198486328,10.5478830337524,359.467987060547,-0.122015468776226,0.0906643569469452,0.00663553131744266,0.988356292247772
175.907440185547,-0.00890862196683884,0.0886973440647125,0.0996797233819962,346.189270019531,11.4250440597534,358.864288330078,-0.120606169104576,0.097624659538269,0.00217663566581905,0.987886071205139
176.441909790039,-0.00117433629930019,0.0885683819651604,0.0984426587820053,345.98388671875,14.4745540618896,356.520294189453,-0.124777488410473,0.121305003762245,-0.0145310536026955,0.984634220600128
176.97135925293,0.00675069447606802,0.0871354788541794,0.0989492610096931,346.840789794922,17.0985202789307,354.528228759766,-0.120230302214622,0.142103686928749,-0.0298761390149593,0.982068538665771
177.488418579102,0.00979028083384037,0.0860044583678246,0.0999680683016777,347.521362304688,18.1131896972656,353.971099853516,-0.115407027304173,0.150617003440857,-0.0345407128334045,0.9812251329422
178.018310546875,0.00952642690390348,0.0867984369397163,0.0943582355976105,346.765869140625,18.9518585205078,353.658538818359,-0.122532211244106,0.156999424099922,-0.0352512039244175,0.979333639144897
178.540176391602,0.0107434988021851,0.0869336128234863,0.0915835574269295,346.524322509766,19.6704406738281,353.19580078125,-0.125465303659439,0.162476316094398,-0.0380610637366772,0.977962851524353
179.140182495117,-0.00295943114906549,0.0882056951522827,0.0964478924870491,346.613739013672,15.9843111038208,356.203857421875,-0.119930021464825,0.134191274642944,-0.0163801833987236,0.983535051345825
179.681900024414,-0.00624497979879379,0.0886418744921684,0.0965951085090637,346.337097167969,15.7113971710205,356.925628662109,-0.121430799365044,0.13249845802784,-0.0101334834471345,0.983664631843567
180.214096069336,-0.0114202937111259,0.087576150894165,0.098029263317585,347.277526855469,14.9774656295776,357.718017578125,-0.112408995628357,0.127315640449524,-0.00518406415358186,0.985458314418793
180.805801391602,-0.0158238597214222,0.0875824391841888,0.10298440605402,347.545135498047,13.4785823822021,359.1533203125,-0.108584731817245,0.115860171616077,0.00543506909161806,0.987297475337982
181.324890136719,-0.0183655321598053,0.0862838849425316,0.107038035988808,349.187072753906,11.7295160293579,0.392374366521835,-0.0933784693479538,0.102046452462673,0.0130184888839722,0.990301728248596
181.874755859375,-0.0231365859508514,0.0869035571813583,0.102953672409058,348.446411132813,11.9038000106812,0.72320169210434,-0.0994577556848526,0.103796675801277,0.0166820865124464,0.989472687244415
182.39453125,-0.0274857319891453,0.0872116014361382,0.102039851248264,348.274353027344,11.542332649231,1.20124351978302,-0.100575238466263,0.101089484989643,0.0206458531320095,0.989565193653107
182.897857666016,-0.0273804347962141,0.0884809345006943,0.103838905692101,347.375793457031,10.3257465362549,1.64187812805176,-0.108205556869507,0.0910013914108276,0.0240755379199982,0.989661931991577
183.424453735352,-0.0305828377604485,0.0900823101401329,0.100541971623898,345.944549560547,9.08877658843994,2.14105844497681,-0.120474472641945,0.0809011086821556,0.0281767472624779,0.989013135433197
183.950927734375,-0.0355547368526459,0.092467412352562,0.0941088274121284,344.298095703125,8.38631629943848,2.75568342208862,-0.13444983959198,0.0756885409355164,0.0337413400411606,0.98744922876358
184.486709594727,-0.0407621264457703,0.0920500829815865,0.0949487239122391,344.617370605469,7.26736402511597,3.69264316558838,-0.131474062800407,0.0670778006315231,0.0403425171971321,0.988224506378174
185.004592895508,-0.0409162417054176,0.0912501290440559,0.0964896157383919,345.028503417969,7.99784660339355,3.3533570766449,-0.127883568406105,0.0729163959622383,0.0380208939313889,0.98837411403656
185.541488647461,-0.0412786155939102,0.0865666270256042,0.0958048105239868,346.988616943359,10.6656551361084,2.73777270317078,-0.110573336482048,0.0950112193822861,0.0341601297259331,0.988726198673248
186.090255737305,-0.0521184243261814,0.0859633237123489,0.0939194187521935,347.490417480469,9.69842147827148,3.10332989692688,-0.106244780123234,0.0869392976164818,0.0360273793339729,0.989876627922058
186.624938964844,-0.0565528906881809,0.0870256945490837,0.0927253291010857,346.194213867188,8.59691905975342,4.07069492340088,-0.11713045835495,0.0786182209849358,0.0441619716584682,0.989014327526093
187.163070678711,-0.047299712896347,0.0871566906571388,0.100157663226128,346.320983886719,9.46714401245117,2.70912194252014,-0.116712339222431,0.0847178921103477,0.033215805888176,0.98898833990097
187.705673217773,-0.0439473092556,0.0871914997696877,0.111051417887211,346.748596191406,9.05391025543213,2.83773469924927,-0.113046109676361,0.0812250152230263,0.0336234048008919,0.989693164825439
188.240432739258,-0.0471662655472755,0.0877834782004356,0.11589091271162,346.590545654297,8.06681060791016,3.3565981388092,-0.11436752974987,0.0732379928231239,0.0372239425778389,0.990035653114319
188.774154663086,-0.0501792579889297,0.0888474136590958,0.118552230298519,345.947692871094,7.46444988250732,3.6517448425293,-0.119942508637905,0.0684611052274704,0.0395141094923019,0.989628970623016
189.309188842773,-0.0482538267970085,0.0894790589809418,0.122475042939186,345.507141113281,7.59441804885864,3.44747567176819,-0.123827204108238,0.0694525390863419,0.038124293088913,0.98913586139679
189.841659545898,-0.048810750246048,0.088928297162056,0.126120448112488,345.972595214844,7.82238340377808,3.43090438842773,-0.11974111199379,0.0713162645697594,0.0379677936434746,0.989512264728546
190.39079284668,-0.0494320914149284,0.087662935256958,0.131940975785255,346.801116943359,7.86657333374023,3.27547478675842,-0.112662561237812,0.0713894367218018,0.036203995347023,0.990403950214386
190.93132019043,-0.051350224763155,0.0875593274831772,0.135597229003906,346.859222412109,7.6637978553772,3.67319083213806,-0.111981563270092,0.0700153559446335,0.0394104160368443,0.990456879138947
191.467758178711,-0.0499267242848873,0.0878783389925957,0.139365404844284,347.078796386719,7.61368942260742,3.34060978889465,-0.110300973057747,0.0692159533500671,0.0363665483891964,0.990818023681641
192.008514404297,-0.0492084994912148,0.0880372896790504,0.139810889959335,347.024047851563,7.48566198348999,3.3128707408905,-0.110831774771214,0.0680923834443092,0.036032859236002,0.99084883928299
192.540344238281,-0.0509403124451637,0.0876318663358688,0.140850096940994,347.103668212891,7.59295415878296,3.43184185028076,-0.11003740131855,0.0691196322441101,0.0371218845248222,0.990826070308685
193.072265625,-0.0462570115923882,0.082467257976532,0.141945987939835,351.743072509766,9.77885246276855,3.08510994911194,-0.0694165006279945,0.0869120359420776,0.0328858084976673,0.99325031042099
193.603561401367,-0.0417271442711353,0.0770177915692329,0.13753105700016,355.519989013672,11.1719999313354,2.75977849960327,-0.0365462303161621,0.0981738865375519,0.0277520678937435,0.994110703468323
194.15071105957,-0.0418828874826431,0.0712124705314636,0.130536183714867,359.686157226563,12.3891458511353,2.08067297935486,-0.000763072283007205,0.107936434447765,0.0183456856757402,0.993988215923309
194.679489135742,-0.0424234941601753,0.0710617005825043,0.131913110613823,359.956085205078,12.3887395858765,1.99078667163849,0.00149358762428164,0.107891999185085,0.0173119306564331,0.994010806083679
195.222381591797,-0.0408256053924561,0.0713953748345375,0.132149562239647,359.681457519531,12.239933013916,1.84681439399719,-0.00104541797190905,0.106640852987766,0.0163202006369829,0.99416309595108
195.755935668945,-0.0403395481407642,0.0717709437012672,0.132911816239357,359.514007568359,12.0084276199341,1.86150145530701,-0.00251814629882574,0.104655377566814,0.0165982618927956,0.994366884231567
196.307586669922,-0.0396862365305424,0.0717401206493378,0.133519247174263,359.460571289063,11.9846744537354,1.80804800987244,-0.00303398282267153,0.104455173015594,0.0161825232207775,0.994393348693848
196.849349975586,-0.0402341932058334,0.0715005695819855,0.136700496077538,359.441864013672,12.0408191680908,2.04315257072449,-0.00297301914542913,0.104951165616512,0.0182411372661591,0.994305670261383
197.382675170898,-0.0428550839424133,0.0718716308474541,0.137304723262787,359.378631591797,11.7518043518066,2.52302312850952,-0.00313869956880808,0.102466605603695,0.0224547293037176,0.994478046894073
197.925735473633,-0.0456169098615646,0.0749470144510269,0.136013582348824,357.458740234375,9.46214866638184,2.86895346641541,-0.020028118044138,0.082986131310463,0.0267706848680973,0.995989739894867
198.481964111328,-0.0445619374513626,0.0747827738523483,0.139986395835876,357.514190673828,10.2206335067749,3.02040839195251,-0.0192503686994314,0.0895911529660225,0.0281754806637764,0.995393931865692
199.024948120117,-0.0449987649917603,0.074996791779995,0.140577852725983,357.519866943359,10.3001279830933,3.05308723449707,-0.0191558599472046,0.0902859196066856,0.0284682661294937,0.995324611663818
199.570831298828,-0.0466516502201557,0.076656885445118,0.134462594985962,356.280822753906,9.38254547119141,3.42601728439331,-0.0298834089189768,0.0826738923788071,0.0324301570653915,0.995600461959839
200.106460571289,-0.0478525944054127,0.0768580809235573,0.132619649171829,355.979827880859,9.02987194061279,3.5075376033783,-0.0325425677001476,0.0797038078308105,0.0332503281533718,0.995732247829437
200.637451171875,-0.0464023239910603,0.0769300237298012,0.132965713739395,355.873504638672,9.02489566802979,3.51648712158203,-0.0334618128836155,0.0796888768672943,0.0333985909819603,0.995698034763336
201.181381225586,-0.0465005747973919,0.0773246586322784,0.136765643954277,355.789001464844,8.88098335266113,3.70198392868042,-0.0341111160814762,0.0785141363739967,0.0350246168673038,0.995713472366333
201.732788085938,-0.0445158630609512,0.0798933282494545,0.1411412358284,353.859527587891,8.46026706695557,3.1711163520813,-0.051355667412281,0.07510656863451,0.0315039157867432,0.995353758335114
202.281539916992,-0.0455588139593601,0.0766757503151894,0.144216746091843,356.113494873047,8.85857772827148,3.74705839157104,-0.0312669426202774,0.0782483294606209,0.0351944416761398,0.995821714401245
202.831283569336,-0.0423012711107731,0.0790818482637405,0.140912115573883,354.678466796875,9.81747436523438,3.30793833732605,-0.0437656529247761,0.086775965988636,0.0326969809830189,0.994728803634644
203.370681762695,-0.0402301773428917,0.08006402105093,0.136029839515686,353.605834960938,10.5341320037842,3.22749733924866,-0.052932009100914,0.0931829586625099,0.0331165678799152,0.993689358234406
203.910125732422,-0.0420931316912174,0.0797983035445213,0.137113094329834,353.593780517578,10.4406328201294,3.06210851669312,-0.0531967170536518,0.0922978594899178,0.0316484272480011,0.993805587291718
204.45930480957,-0.046487782150507,0.0789202600717545,0.144355654716492,354.135040283203,9.66964912414551,3.95118761062622,-0.0480450578033924,0.0858804807066917,0.0386154502630234,0.994396865367889
204.999664306641,-0.0470151714980602,0.078999288380146,0.144699409604073,353.748291015625,9.22790431976318,4.14136981964111,-0.0514150559902191,0.0822334066033363,0.0403453037142754,0.994467914104462
205.558044433594,-0.0490954108536243,0.0798082426190376,0.141540378332138,353.605010986328,8.30052375793457,4.73707151412964,-0.0525978170335293,0.0744970962405205,0.0451877638697624,0.994807422161102
206.110870361328,-0.0432759746909142,0.0791188627481461,0.138371840119362,353.413177490234,8.22882556915283,3.82259774208069,-0.0548801943659782,0.0735011324286461,0.0373309664428234,0.995084047317505
206.653198242188,-0.0397931411862373,0.0792588144540787,0.149029985070229,353.9365234375,8.43863773345947,3.85545134544373,-0.0502444691956043,0.0752042084932327,0.0373897813260555,0.995199382305145
207.190399169922,-0.0388966649770737,0.0791630074381828,0.155554592609406,354.455535888672,8.8792781829834,3.42047309875488,-0.0458916313946247,0.0787229090929031,0.0334627218544483,0.995277285575867
207.722778320313,-0.038096334785223,0.0787457674741745,0.151129201054573,354.449249267578,9.16868686676025,3.32648658752441,-0.045928131788969,0.0812000632286072,0.0327666513621807,0.995099723339081
208.268630981445,-0.0366890095174313,0.0795458182692528,0.141730606555939,354.010070800781,8.76498508453369,3.23524594306946,-0.0499203652143478,0.0777501910924911,0.0320990234613419,0.995204746723175
208.815093994141,-0.0256354212760925,0.0783983469009399,0.118776343762875,353.784027099609,8.55338668823242,1.7687976360321,-0.0529111847281456,0.0752890631556511,0.0194121580570936,0.995567739009857
209.415084838867,-0.0299547500908375,0.0769703835248947,0.107099585235119,354.401397705078,8.7719259262085,1.65097343921661,-0.0475891046226025,0.0770771130919456,0.0180820897221565,0.995724558830261
209.938034057617,-0.0318508595228195,0.0779316797852516,0.123208373785019,354.509307861328,8.59375762939453,2.15938901901245,-0.0463437736034393,0.0757251232862473,0.0223566014319658,0.995800256729126
210.484527587891,-0.0347272530198097,0.0795704573392868,0.128535911440849,353.123199462891,6.55957651138306,3.53809237480164,-0.058085523545742,0.0589300915598869,0.034194391220808,0.995983958244324
211.009918212891,-0.0351817309856415,0.0801803097128868,0.124861963093281,352.97119140625,6.66829586029053,3.3901093006134,-0.0594517476856709,0.0598344132304192,0.0330379195511341,0.995888471603394
211.566284179688,-0.0403554402291775,0.0806061401963234,0.114348389208317,352.514129638672,6.36979961395264,4.01954889297485,-0.0631949827075005,0.0576915927231312,0.0385657548904419,0.99558562040329
212.099334716797,-0.047355093061924,0.0833063200116158,0.104278862476349,351.096862792969,4.59983921051025,5.10965156555176,-0.0756933093070984,0.0434265471994877,0.0475167594850063,0.995051145553589
212.627212524414,-0.0497643128037453,0.0852166414260864,0.104524254798889,350.076171875,4.41080856323242,5.87633562088013,-0.0843507051467896,0.042717669159174,0.054352380335331,0.994035184383392
213.181411743164,-0.0460332371294498,0.0855429098010063,0.110927224159241,349.567260742188,6.25049209594727,4.95567560195923,-0.088349737226963,0.0581670068204403,0.0479419231414795,0.993233382701874
213.697616577148,-0.0415822602808475,0.0818415880203247,0.119712069630623,351.101928710938,6.14591979980469,4.38455677032471,-0.0753596723079681,0.0563700310885906,0.0422384589910507,0.994665443897247
214.242233276367,-0.0401296652853489,0.0781305208802223,0.124335080385208,353.697601318359,7.10780668258667,4.1292200088501,-0.0525998808443546,0.063830241560936,0.039308100938797,0.995798110961914
214.809555053711,-0.0400810651481152,0.0802443474531174,0.125495553016663,352.389892578125,7.18464851379395,4.17157459259033,-0.0639122575521469,0.0648878291249275,0.0403994992375374,0.995023965835571
215.341003417969,-0.0383890271186829,0.079582154750824,0.125246524810791,352.798370361328,7.46651887893677,3.77596855163574,-0.0604964382946491,0.0670124888420105,0.0368978530168533,0.99523264169693
215.906326293945,-0.0361183062195778,0.0802136212587357,0.124409571290016,352.234924316406,8.0864429473877,3.53629422187805,-0.0653401017189026,0.0723976939916611,0.0354796424508095,0.994600653648376
216.44580078125,-0.0367972180247307,0.0806399583816528,0.127106949687004,352.286529541016,8.41403865814209,3.36549735069275,-0.0649022459983826,0.0751325190067291,0.0341520570218563,0.994472920894623
216.979995727539,-0.0345546081662178,0.0797450542449951,0.129395201802254,352.936340332031,9.11821842193604,2.77398490905762,-0.059469785541296,0.0807997062802315,0.028978044167161,0.994532585144043
217.514434814453,-0.0312890335917473,0.0800815150141716,0.130003318190575,352.679931640625,9.7804651260376,2.31892919540405,-0.0618694573640823,0.0863428190350533,0.0255610588937998,0.994013965129852
218.050033569336,-0.0303054954856634,0.0808558315038681,0.129870668053627,352.329803466797,10.1890878677368,2.14734745025635,-0.0649490803480148,0.0898333862423897,0.0245605539530516,0.993533253669739
218.574737548828,-0.031631525605917,0.0815680623054504,0.126360043883324,352.254699707031,10.2830104827881,2.30684232711792,-0.0654539689421654,0.0907471254467964,0.0260542146861553,0.993379056453705
219.099365234375,-0.03091861307621,0.0817910954356194,0.123555637896061,351.628570556641,10.1896848678589,2.10429382324219,-0.0710625573992729,0.089887797832489,0.0247217752039433,0.993105828762054
219.621383666992,-0.0283767729997635,0.0823444053530693,0.122901558876038,351.356079101563,12.2273483276367,1.92435050010681,-0.0731383934617043,0.107441842556,0.0246742591261864,0.991210520267487
220.149230957031,-0.0254273992031813,0.0831840708851814,0.119383156299591,350.268920898438,13.5461654663086,1.75416326522827,-0.0824170336127281,0.118787981569767,0.0251477658748627,0.989173710346222
220.693283081055,-0.0261873137205839,0.084883414208889,0.121115699410439,349.087432861328,15.3063516616821,1.4117968082428,-0.0925988703966141,0.133723825216293,0.0248171519488096,0.986370921134949
221.213500976563,-0.028083760291338,0.0852309092879295,0.124131105840206,348.96484375,16.3076114654541,1.41888082027435,-0.0934237763285637,0.142341420054436,0.0258359424769878,0.985060095787048
221.754302978516,-0.0248130708932877,0.0846904739737511,0.133046478033066,350.412536621094,15.6820783615112,1.37633180618286,-0.0811486914753914,0.136932492256165,0.0232566259801388,0.986976981163025
222.283355712891,-0.025485597550869,0.0884705856442451,0.126602247357368,346.905517578125,15.6893901824951,1.1144859790802,-0.111631102859974,0.136690393090248,0.025133702903986,0.983983039855957
222.832366943359,-0.0225074402987957,0.0887167751789093,0.127750888466835,346.384552001953,15.6373596191406,0.902699589729309,-0.116368234157562,0.136000350117683,0.0238744355738163,0.983561038970947
223.355392456055,-0.0212044976651669,0.0889717862010002,0.131027311086655,346.276824951172,15.4952402114868,0.772459745407104,-0.117475770413876,0.13463918864727,0.0227370895445347,0.983643710613251
223.879699707031,-0.0223167184740305,0.0898478925228119,0.131686151027679,345.843902587891,15.9825468063354,0.856956660747528,-0.120989538729191,0.138871505856514,0.0244792513549328,0.982586920261383
224.452194213867,-0.0227522850036621,0.0895546674728394,0.131452023983002,346.153411865234,15.2945623397827,1.05527281761169,-0.118246667087078,0.13319855928421,0.02510055154562,0.983689904212952
225.037185668945,-0.0449977032840252,0.0875226259231567,0.121379993855953,347.31396484375,8.12422943115234,4.54195690155029,-0.107326589524746,0.0747158229351044,0.0471042208373547,0.99029278755188
225.617462158203,-0.0437545031309128,0.0884130075573921,0.118663318455219,346.559448242188,7.44531202316284,4.62243318557739,-0.114080011844635,0.0691375881433487,0.0475575253367424,0.98992121219635
226.148773193359,-0.0447923578321934,0.0885160937905312,0.122877061367035,346.910797119141,6.61214637756348,5.19076061248779,-0.111075922846794,0.0623878240585327,0.0514787621796131,0.990514934062958
226.714492797852,-0.0522672981023788,0.0895234793424606,0.115922354161739,345.571044921875,6.10674142837524,5.96220111846924,-0.122487679123878,0.0592948459088802,0.0582018867135048,0.988986074924469
227.260925292969,-0.0531472489237785,0.0898671224713326,0.112270049750805,345.108184814453,5.78512620925903,6.02506351470947,-0.126616328954697,0.0567704811692238,0.0585753321647644,0.988592147827148
227.812622070313,-0.048784539103508,0.0899334847927094,0.111175984144211,345.054382324219,6.5636682510376,5.33879518508911,-0.127057880163193,0.0627468228340149,0.0535389147698879,0.988459825515747
228.351943969727,-0.0499941408634186,0.089875690639019,0.112576998770237,345.265106201172,6.51976871490479,5.41508626937866,-0.125217646360397,0.0623802207410336,0.0540559440851212,0.988689661026001
228.876281738281,-0.0493120290338993,0.0898332223296165,0.113960556685925,345.335113525391,6.59190368652344,5.31192445755005,-0.124635830521584,0.0628663152456284,0.0532135143876076,0.988778054714203
229.403228759766,-0.0472684912383556,0.0894320830702782,0.115323998034,345.749572753906,6.95970630645752,5.02937936782837,-0.121047601103783,0.0656030252575874,0.0509779825806618,0.989163756370544
229.905883789063,-0.0477913059294224,0.0888116434216499,0.11536068469286,346.320983886719,6.99949789047241,4.96010971069336,-0.11613254994154,0.0656965300440788,0.0501464046537876,0.989789187908173
230.430618286133,-0.0463583245873451,0.0894664749503136,0.118154883384705,346.215789794922,7.08241367340088,5.10862016677856,-0.116919115185738,0.0665968731045723,0.0515644401311874,0.989563524723053
230.930709838867,-0.042344119399786,0.0874779894948006,0.118202798068523,347.755889892578,7.7514820098877,4.43210124969482,-0.103724628686905,0.0712714791297913,0.0455624610185623,0.991002380847931
231.446380615234,-0.044987753033638,0.0870409458875656,0.115014627575874,347.475555419922,7.65830183029175,4.4876184463501,-0.106153003871441,0.0705932825803757,0.0461102314293385,0.990768373012543
232.01969909668,-0.0451066568493843,0.0872068479657173,0.114596322178841,347.19677734375,7.50502967834473,4.16925811767578,-0.108818367123604,0.0690428838133812,0.0433636046946049,0.990712583065033
232.520095825195,-0.0439661294221878,0.0866792798042297,0.120464980602264,347.935882568359,7.50984668731689,4.02348804473877,-0.102508373558521,0.0687671601772308,0.041712686419487,0.991475284099579
233.051727294922,-0.0430566407740116,0.0863863155245781,0.123093023896217,348.150177001953,7.72544193267822,4.00732374191284,-0.100584715604782,0.0705661922693253,0.0416472069919109,0.991548597812653
233.600799560547,-0.0387188196182251,0.0854421854019165,0.123280949890614,348.809814453125,10.1424703598022,2.76168274879456,-0.0949678048491478,0.090287834405899,0.0325049310922623,0.990844428539276
234.156051635742,-0.0197376944124699,0.0750458911061287,0.131950706243515,356.775695800781,16.3908081054688,359.246673583984,-0.0287824533879757,0.142306968569756,-0.0024938527494669,0.989400863647461
234.707550048828,-0.0234391130506992,0.0766721367835999,0.131485566496849,355.821594238281,15.2121706008911,0.0476912446320057,-0.0360796228051186,0.132288694381714,0.00523754861205816,0.990540564060211
235.279708862305,-0.0229399707168341,0.0756594464182854,0.129286274313927,356.370086669922,15.8327369689941,359.83251953125,-0.031570952385664,0.13761243224144,0.0029150580521673,0.989978611469269
235.8232421875,-0.0235442332923412,0.0783833861351013,0.127587899565697,354.499114990234,15.8886528015137,359.754852294922,-0.0478206053376198,0.137949600815773,0.00451573589816689,0.989273846149445
236.34309387207,-0.0208262056112289,0.0789050981402397,0.128280654549599,354.044555664063,16.3594360351563,359.102905273438,-0.0525299906730652,0.141679555177689,-0.000347674998920411,0.988517761230469
236.861587524414,-0.0196155402809381,0.0829203277826309,0.130820050835609,351.661193847656,17.0298080444336,358.643157958984,-0.0736477747559547,0.146813079714775,-0.000914314819965512,0.986418306827545
237.44189453125,-0.0136111602187157,0.0851488411426544,0.123337484896183,349.182861328125,20.3321800231934,356.569702148438,-0.0979950726032257,0.172860786318779,-0.0127003714442253,0.979976952075958
237.950531005859,-0.00896848924458027,0.0860448107123375,0.116421207785606,348.003173828125,21.5028343200684,355.211547851563,-0.110327310860157,0.181076094508171,-0.0213394295424223,0.97702819108963
238.470581054688,-0.00767377205193043,0.0865053087472916,0.113848470151424,347.516876220703,21.5139007568359,355.023651123047,-0.114764139056206,0.180724963545799,-0.0221247188746929,0.976564526557922
238.997467041016,-0.00945115461945534,0.0876680240035057,0.113400109112263,346.962463378906,21.5376434326172,355.006042480469,-0.119510993361473,0.180603533983231,-0.0213303249329329,0.976035118103027
239.506805419922,-0.00716384500265121,0.0872292891144753,0.109454624354839,347.027374267578,23.0162582397461,354.214630126953,-0.120557546615601,0.192391037940979,-0.0266255233436823,0.973520755767822
240.010208129883,-0.00165639072656631,0.0855203717947006,0.109352633357048,347.559783935547,25.4349327087402,352.468933105469,-0.11983447521925,0.211434096097946,-0.0398846939206123,0.969197869300842
240.587493896484,0.00689929164946079,0.0814285352826118,0.114926531910896,350.54736328125,27.0241622924805,351.814086914063,-0.0965313315391541,0.226543784141541,-0.0499604418873787,0.967917144298553
241.097198486328,0.0053028455004096,0.0811779722571373,0.117907084524632,350.900451660156,26.8098621368408,352.261779785156,-0.0925822332501411,0.225367546081543,-0.0470838956534863,0.968721389770508
241.684417724609,0.00465671718120575,0.0824836194515228,0.114899799227715,350.03662109375,26.6759605407715,352.207763671875,-0.0999156981706619,0.223550960421562,-0.0458784028887749,0.968471527099609
242.192077636719,0.00569967925548553,0.0835530459880829,0.109485149383545,349.017852783203,27.7048473358154,351.622589111328,-0.110066890716553,0.230900555849075,-0.0477424263954163,0.965552151203156
242.774078369141,0.00365536939352751,0.0842249169945717,0.106922015547752,348.437194824219,27.4214401245117,351.727508544922,-0.114617027342319,0.228141397237778,-0.0459030531346798,0.965767800807953
243.282104492188,-0.00674944836646318,0.0852781608700752,0.0999752506613731,347.1474609375,24.4373512268066,353.494049072266,-0.121147125959396,0.20376743376255,-0.031460840255022,0.970985293388367
243.782958984375,-0.0228842385113239,0.0862836763262749,0.101329520344734,347.012176513672,20.1698207855225,357.009460449219,-0.115852214396,0.171019062399864,-0.00572881009429693,0.97841602563858
244.286315917969,-0.0345372818410397,0.0838702321052551,0.115057699382305,349.732086181641,15.0778131484985,0.422636330127716,-0.0882285535335541,0.130999371409416,0.0153818894177675,0.987328886985779
244.81623840332,-0.0434292070567608,0.082458108663559,0.125957444310188,350.977935791016,12.9343023300171,2.45479679107666,-0.0757273510098457,0.113932907581329,0.0300749707967043,0.99014151096344
245.337921142578,-0.0454168096184731,0.0823867619037628,0.12507601082325,350.860748291016,12.9792671203613,2.58551907539368,-0.0765979140996933,0.114421419799328,0.0313475057482719,0.989978730678558
245.854522705078,-0.0459231846034527,0.0828450843691826,0.123403772711754,350.665283203125,12.5440578460693,2.6141254901886,-0.078378900885582,0.110703445971012,0.0314862094819546,0.990257620811462
246.371551513672,-0.0450364612042904,0.0827776566147804,0.125095501542091,350.854461669922,12.3452415466309,2.65290784835815,-0.0767605751752853,0.108988150954247,0.031511552631855,0.990573823451996
246.878112792969,-0.0489744246006012,0.085213914513588,0.118564695119858,348.445404052734,11.9581165313721,2.95262885093689,-0.0974111631512642,0.106180787086487,0.0359753705561161,0.988909721374512
247.408996582031,-0.0498406775295734,0.0859999731183052,0.112964496016502,347.677520751953,11.4423799514771,3.11196851730347,-0.104061454534531,0.101975187659264,0.0375576019287109,0.988616049289703
247.935974121094,-0.0529260635375977,0.0871807113289833,0.103737182915211,346.286651611328,10.8458938598633,3.56204009056091,-0.115877971053123,0.0974796488881111,0.0419966243207455,0.987576007843018
248.527969360352,-0.0535314530134201,0.0867660567164421,0.104709982872009,346.642517089844,10.5547075271606,3.69751572608948,-0.11280170828104,0.0950414538383484,0.0425981134176254,0.988143920898438
249.044158935547,-0.0536473467946053,0.0861745402216911,0.1074348539114,347.224151611328,10.3805913925171,3.7472825050354,-0.1078045591712,0.0934769436717033,0.0424187406897545,0.98885840177536
249.550674438477,-0.0473269894719124,0.0852756723761559,0.113767623901367,348.340454101563,10.9021272659302,2.92767024040222,-0.0986666604876518,0.0970564559102058,0.0349447689950466,0.989759564399719
250.14030456543,-0.0474624559283257,0.0840272828936577,0.121612206101418,349.596160888672,11.9146089553833,2.99386143684387,-0.0874453708529472,0.10568031668663,0.0352820679545403,0.989919304847717
250.674957275391,-0.0459150373935699,0.0849974825978279,0.118774443864822,348.503662109375,12.3503465652466,2.41055703163147,-0.0973017066717148,0.109098516404629,0.0315785929560661,0.988753139972687
251.188522338867,-0.0407030582427979,0.0854916051030159,0.116448141634464,348.188751220703,12.9453992843628,1.51042866706848,-0.100747421383858,0.113469257950783,0.0246248431503773,0.988113522529602
251.705795288086,-0.0383460782468319,0.0860691666603088,0.11216601729393,347.467895507813,12.9382419586182,0.959565281867981,-0.107508718967438,0.112898826599121,0.0205673836171627,0.987558960914612
252.238372802734,-0.0379280894994736,0.0860281214118004,0.110773660242558,347.438262939453,12.9527559280396,0.890221357345581,-0.107829988002777,0.112957634031773,0.0200121775269508,0.987528622150421
252.757217407227,-0.0382480099797249,0.0856809616088867,0.114485092461109,347.813140869141,12.9454593658447,1.01213431358337,-0.104479111731052,0.113020606338978,0.0206923838704824,0.987867534160614
253.297698974609,-0.0353970602154732,0.082964263856411,0.121488213539124,350.520812988281,13.6971998214722,0.840218245983124,-0.0811639502644539,0.119436748325825,0.0171077083796263,0.989370822906494
253.829208374023,-0.0359245799481869,0.0821804106235504,0.125262275338173,351.273864746094,13.5384311676025,1.52131879329681,-0.0739791691303253,0.118521422147751,0.0221112426370382,0.989944875240326
254.350646972656,-0.0455109179019928,0.084399901330471,0.127634435892105,349.83154296875,8.21063041687012,3.08989191055298,-0.0864380821585655,0.0736655369400978,0.0331281460821629,0.992977499961853
254.900466918945,-0.0474445223808289,0.0840723514556885,0.126176878809929,350.037384033203,8.87736415863037,3.29675698280334,-0.0843167677521706,0.0795581936836243,0.0352883078157902,0.992630779743195
255.431976318359,-0.0461899787187576,0.0835993960499763,0.122418589890003,350.261016845703,10.2667369842529,2.58248662948608,-0.0825154334306717,0.0910339802503586,0.0299563724547625,0.991971075534821
255.976760864258,-0.0422246977686882,0.0766129568219185,0.133086249232292,355.515106201172,12.1190452575684,1.32914400100708,-0.0376834534108639,0.10592495650053,0.0156552214175463,0.993536531925201
256.502349853516,-0.0397221185266972,0.076623372733593,0.136836051940918,355.288543701172,11.4925851821899,0.720358371734619,-0.0402672961354256,0.100294172763824,0.0103647513315082,0.994088649749756
257.038848876953,-0.0407488159835339,0.0805675312876701,0.12825608253479,352.320739746094,10.9250841140747,0.41857323050499,-0.0663126707077026,0.0952241569757462,0.0100025916472077,0.993194341659546
257.575836181641,-0.0372107699513435,0.0819449350237846,0.116968855261803,350.972106933594,11.638388633728,0.032511904835701,-0.0782675519585609,0.10109730809927,0.00826092436909676,0.991758704185486
258.103363037109,-0.036078330129385,0.0842987224459648,0.118635125458241,349.836120605469,10.4424095153809,359.902923583984,-0.0882894471287727,0.0905686691403389,0.00722057977691293,0.991942644119263
258.643798828125,-0.0318331569433212,0.0844805911183357,0.11724878102541,349.767242431641,10.613169670105,359.799621582031,-0.0889577344059944,0.0919611230492592,0.0065136356279254,0.991759717464447
259.166320800781,-0.0327292680740356,0.0848809331655502,0.115731194615364,349.234832763672,11.0922393798828,359.660278320313,-0.0936513021588326,0.0959435552358627,0.0061281262896955,0.990952432155609
259.678405761719,-0.0317477807402611,0.0846133604645729,0.117106594145298,349.370941162109,11.3024044036865,359.582641601563,-0.0925294309854507,0.0977125912904739,0.0055119963362813,0.990888595581055
260.236450195313,-0.0312464237213135,0.0846539735794067,0.120402857661247,349.425598144531,11.1854906082153,359.6572265625,-0.091999277472496,0.096767470240593,0.00601603835821152,0.991027772426605
260.777496337891,-0.0303554870188236,0.0843086093664169,0.120724610984325,349.691833496094,11.4974098205566,359.579742431641,-0.0897479429841042,0.0994321033358574,0.00536411488428712,0.990974187850952
261.319061279297,-0.0312617719173431,0.084030844271183,0.12183640152216,349.759124755859,10.9938163757324,359.639251708984,-0.0891391560435295,0.0951296165585518,0.0054283170029521,0.991451025009155
261.838043212891,-0.0302831698209047,0.0832843333482742,0.125241726636887,350.302795410156,11.3852481842041,359.598175048828,-0.0844522342085838,0.0985411703586578,0.00490717403590679,0.99153083562851
262.363342285156,-0.0301957838237286,0.08371502161026,0.124985195696354,350.242309570313,11.4586782455444,359.657745361328,-0.0849208235740662,0.0992143601179123,0.00552922254428267,0.991420388221741
262.910461425781,-0.0305397361516953,0.0835421234369278,0.12581142783165,350.322326660156,11.6477918624878,359.645568847656,-0.0842303186655045,0.100849509239197,0.00549324322491884,0.99131453037262
263.434020996094,-0.0322284363210201,0.0831065624952316,0.125905275344849,350.737670898438,11.5713176727295,0.0430746376514435,-0.0802920833230019,0.100508332252502,0.00851205643266439,0.991654574871063
263.963836669922,-0.0337333641946316,0.0832174196839333,0.130743771791458,350.882019042969,11.1841602325439,0.405067890882492,-0.0787634178996086,0.0974160432815552,0.0112523715943098,0.992058396339417
264.490417480469,-0.0335642546415329,0.0824746042490005,0.135030746459961,351.339538574219,11.529806137085,0.1378403455019,-0.0750025361776352,0.100250415503979,0.0087776118889451,0.992092490196228
265.025238037109,-0.0295675992965698,0.0790842771530151,0.133325338363647,354.262145996094,12.5127067565918,359.369384765625,-0.0503513626754284,0.10856506973505,-9.22568051464623E-06,0.992813348770142
265.625244140625,-0.02527747862041,0.0784346088767052,0.147885873913765,353.890563964844,12.1783151626587,358.935668945313,-0.0539704374969006,0.105428464710712,-0.0035697955172509,0.992954850196838
266.169616699219,-0.0235132202506065,0.0790531933307648,0.146851792931557,353.282562255859,12.4149169921875,358.717803955078,-0.0594478771090508,0.107284590601921,-0.00476967636495829,0.992438018321991
266.686920166016,-0.0215378273278475,0.0792113691568375,0.147037014365196,353.187652587891,12.8053121566772,358.378509521484,-0.0606126040220261,0.110471412539482,-0.00741169415414333,0.99200165271759
267.229125976563,-0.0202547591179609,0.0806632786989212,0.144614800810814,352.162200927734,13.1929531097412,358.002075195313,-0.0698796510696411,0.113406397402287,-0.00942838005721569,0.991043388843536
267.774505615234,-0.0197796002030373,0.0815359503030777,0.141304031014442,351.41015625,13.1474275588989,357.832550048828,-0.0765437036752701,0.112732388079166,-0.0101642198860645,0.990620613098145
268.304870605469,-0.020021041855216,0.0828389450907707,0.141113787889481,350.646453857422,12.3342876434326,357.957244873047,-0.0829582586884499,0.105609580874443,-0.00890541728585958,0.990901231765747
268.838134765625,-0.0234374292194843,0.0834842026233673,0.140690535306931,350.081695556641,11.5404214859009,358.51806640625,-0.0872955769300461,0.0990420430898666,-0.00412797322496772,0.991238176822662
269.387878417969,-0.0262466222047806,0.08464565128088,0.136238887906075,349.467712402344,10.9725751876831,358.615753173828,-0.0925051122903824,0.0940934121608734,-0.00319910398684442,0.991251230239868
269.947204589844,-0.0257218685001135,0.0855680629611015,0.134948566555977,348.760040283203,10.7058172225952,358.529541015625,-0.0986861661076546,0.091582827270031,-0.0035793399438262,0.990888893604279
270.490295410156,-0.0215896815061569,0.0856519863009453,0.13584965467453,348.602691650391,10.9604320526123,358.063293457031,-0.100434519350529,0.0933460295200348,-0.00725808599963784,0.990528523921967
271.014221191406,-0.0209721028804779,0.0859512016177177,0.134060427546501,348.482208251953,10.8770551681519,358.1337890625,-0.101413257420063,0.0926601588726044,-0.0066208872012794,0.990497648715973
271.535400390625,-0.0213627442717552,0.0846127793192863,0.133190840482712,349.507659912109,11.06907081604,358.241394042969,-0.0924719497561455,0.0946337655186653,-0.00639325473457575,0.991187453269958
272.056823730469,-0.023417491465807,0.0856518670916557,0.130873635411263,348.767150878906,11.6638374328613,358.431579589844,-0.0987365245819092,0.0997806936502457,-0.00360704213380814,0.990091919898987
272.586517333984,-0.0110523793846369,0.0931017324328423,0.120452597737312,341.317901611328,21.8675956726074,356.370391845703,-0.165211617946625,0.182018712162971,8.90150986379012E-05,0.969316422939301
273.1650390625,-0.00973465852439404,0.0912135019898415,0.109696961939335,340.385040283203,22.1325550079346,355.260345458984,-0.174848675727844,0.182065054774284,-0.00732009066268802,0.967588067054749
273.752807617188,-0.0176712945103645,0.0851134657859802,0.122224546968937,346.976287841797,13.4259881973267,357.890594482422,-0.114750161767006,0.114048920571804,-0.00490812165662646,0.98681366443634
274.2783203125,-0.016609188169241,0.0852933377027512,0.125486418604851,347.108703613281,14.0223026275635,357.748138427734,-0.113782912492752,0.119078107178211,-0.00567952822893858,0.986327350139618
274.787200927734,-0.0159574151039124,0.085576131939888,0.124480918049812,346.942687988281,14.6341896057129,357.385284423828,-0.115631774067879,0.123928643763065,-0.00800611078739166,0.985498309135437
275.297973632813,-0.0173576958477497,0.084859810769558,0.129106715321541,347.570251464844,13.5926055908203,357.771331787109,-0.109764240682125,0.115531608462334,-0.00638859439641237,0.987199783325195
275.844604492188,-0.0168139729648829,0.0858450382947922,0.127751693129539,346.808166503906,13.8287792205811,357.607940673828,-0.11650225520134,0.117183074355125,-0.00675900699570775,0.986230075359344
276.351959228516,-0.0176786985248327,0.0864812582731247,0.129249632358551,346.802734375,13.9052562713623,357.670196533203,-0.116489335894585,0.11790294200182,-0.00613943347707391,0.986149847507477
276.940826416016,-0.0334581211209297,0.0870323181152344,0.132296413183212,346.770874023438,5.14421272277832,0.326312810182571,-0.114946119487286,0.0449054315686226,0.00799510907381773,0.99232405424118
277.450347900391,-0.0321854837238789,0.0887441858649254,0.126487478613853,345.134826660156,5.80028486251831,0.0496867187321186,-0.12917223572731,0.0502263233065605,0.00697441212832928,0.990324795246124
277.979431152344,-0.0332109332084656,0.0896124616265297,0.124325841665268,344.385314941406,4.15529584884644,0.626151740550995,-0.135555058717728,0.0366590321063995,0.0103347133845091,0.990037441253662
278.494537353516,-0.0368819311261177,0.0876235216856003,0.12938092648983,346.419860839844,2.49061751365662,1.24581873416901,-0.117962449789047,0.0228643845766783,0.0133621897548437,0.992664873600006
279.058502197266,-0.043572761118412,0.0875907018780708,0.127101331949234,346.904144287109,359.416961669922,2.43379712104797,-0.114114329218864,-0.00263195345178246,0.0205184035003185,0.993252217769623
279.594207763672,-0.0468049310147762,0.0864614173769951,0.128261089324951,348.245239257813,359.054565429688,2.96230697631836,-0.102574378252029,-0.00555751705542207,0.0248668175190687,0.994398951530457
280.170562744141,-0.0531483814120293,0.0869862511754036,0.12575763463974,347.662628173828,358.658721923828,3.63173747062683,-0.107763335108757,-0.00822628661990166,0.0302448458969593,0.993682384490967
280.6748046875,-0.0552345216274261,0.0870439931750298,0.127018511295319,347.588500976563,357.599517822266,4.07346963882446,-0.108747318387032,-0.0169695857912302,0.033061359077692,0.993374645709991
281.193481445313,-0.0541272945702076,0.0861964672803879,0.131807908415794,348.354339599609,357.559906005859,3.79370260238647,-0.102075234055519,-0.0178135000169277,0.0307630263268948,0.994141340255737
281.723358154297,-0.0572807043790817,0.0862837210297585,0.130877897143364,348.556091308594,357.371795654297,4.07401514053345,-0.100422866642475,-0.0192618072032928,0.0330735519528389,0.99420839548111
282.229858398438,-0.0614621937274933,0.0857433155179024,0.130404353141785,349.395660400391,356.511444091797,5.09869527816772,-0.0936221405863762,-0.0261700171977282,0.0414589904248714,0.994399905204773
282.774108886719,-0.0663861706852913,0.0836903676390648,0.129095494747162,350.637756347656,354.258087158203,5.87437534332275,-0.0839586183428764,-0.0456775948405266,0.0469238981604576,0.994315207004547
283.358581542969,-0.0636446177959442,0.0838099867105484,0.130001023411751,350.478210449219,355.441711425781,5.2548131942749,-0.0846616700291634,-0.0357876308262348,0.0423493236303329,0.994865953922272
283.861541748047,-0.0630166977643967,0.0849986895918846,0.128124877810478,349.464782714844,356.918640136719,5.12012767791748,-0.0928786844015121,-0.0226472578942776,0.0419960133731365,0.994533598423004
284.425506591797,-0.0282770972698927,0.087458997964859,0.120675146579742,347.175872802734,19.7372570037842,0.289845108985901,-0.109594620764256,0.170595318078995,0.0216167960315943,0.978988766670227
285.006988525391,-0.0282394699752331,0.0881428793072701,0.119012594223022,346.717926025391,18.1903114318848,0.0508215390145779,-0.114124871790409,0.157064571976662,0.0187160819768906,0.980793535709381
285.584625244141,-0.0370546877384186,0.0874546617269516,0.121251165866852,347.224884033203,12.385705947876,1.04243338108063,-0.109624139964581,0.108207374811172,0.0209885723888874,0.987842738628387
286.156402587891,-0.0393079333007336,0.0874866396188736,0.122783228754997,347.292266845703,12.3895320892334,1.2372373342514,-0.108858190476894,0.108427330851555,0.0226091500371695,0.987867534160614
286.657318115234,-0.0396044962108135,0.0874576568603516,0.124039322137833,347.861450195313,12.4238767623901,1.42575657367706,-0.103763200342655,0.108899407088757,0.0237392522394657,0.988337278366089
287.21044921875,-0.0381852276623249,0.0865693539381027,0.12432637065649,348.122650146484,11.135235786438,1.33059430122375,-0.101848527789116,0.0976888984441757,0.0215320140123367,0.989757657051086
287.717559814453,-0.0394722372293472,0.0862993597984314,0.125952124595642,348.650238037109,10.307975769043,1.48267316818237,-0.0973189324140549,0.0906592607498169,0.0217051804065704,0.99087780714035
288.290496826172,-0.0478540100157261,0.0858111977577209,0.123500049114227,348.640258789063,8.50245094299316,2.09759521484375,-0.0973310992121696,0.0755600780248642,0.0254993811249733,0.992052018642426
288.798828125,-0.0487450808286667,0.0847190096974373,0.120906814932823,348.945892333984,7.72778034210205,2.28762793540955,-0.0947386845946312,0.0689781233668327,0.0263131055980921,0.992760896682739
289.308380126953,-0.0442187488079071,0.0849791765213013,0.120364516973495,349.042785644531,7.66586017608643,1.89471626281738,-0.0941472128033638,0.0681079253554344,0.0228027384728193,0.992964088916779
289.890869140625,-0.0436999425292015,0.0842316895723343,0.125890910625458,349.422332763672,7.89294099807739,1.64614868164063,-0.0909639224410057,0.0698453336954117,0.0206131283193827,0.993187963962555
290.4267578125,-0.0464099645614624,0.0842905044555664,0.129656732082367,349.188049316406,7.07270240783691,2.08880162239075,-0.0928978398442268,0.0631111934781075,0.0239218082278967,0.993385493755341
290.986450195313,-0.0483571439981461,0.0837330594658852,0.135437235236168,349.772369384766,7.04215860366821,2.30203151702881,-0.0877194181084633,0.0629460737109184,0.0254430919885635,0.99382883310318
291.492401123047,-0.0478355661034584,0.0832428261637688,0.133889675140381,349.888488769531,6.5863242149353,2.37743330001831,-0.0867735221982002,0.0590342544019222,0.0256919395178556,0.994145512580872
292.068115234375,-0.0465629324316978,0.0834393724799156,0.134200185537338,349.655914306641,6.77976608276367,2.19264221191406,-0.0888455733656883,0.060600358992815,0.0243514031171799,0.993901968002319
292.571472167969,-0.0451924279332161,0.0824871063232422,0.13748936355114,350.371520996094,6.94566535949707,2.0762403011322,-0.082663930952549,0.0618693828582764,0.0231035221368074,0.994386792182922
293.143920898438,-0.0456384792923927,0.0834088325500488,0.135823726654053,349.788055419922,6.54654550552368,2.278639793396,-0.0877045020461082,0.0586272068321705,0.0248529948294163,0.994109213352203
293.670867919922,-0.0447632446885109,0.080693282186985,0.141188710927963,351.921295166016,6.6981520652771,2.10009217262268,-0.0692415833473206,0.0595529079437256,0.0223634373396635,0.99556964635849
294.244689941406,-0.0434171557426453,0.0804236754775047,0.143092885613441,351.998199462891,6.71061706542969,2.07709431648254,-0.0685828030109406,0.0596379451453686,0.0221328381448984,0.995615303516388
294.828887939453,-0.0435267239809036,0.0797918289899826,0.146192237734795,352.382507324219,6.70967626571655,1.97001755237579,-0.0652987882494926,0.0595216043293476,0.0210100915282965,0.995867371559143
295.392211914063,-0.0496191456913948,0.0800914540886879,0.148875400424004,352.075805664063,4.125159740448,2.73984575271606,-0.0681737139821053,0.0375456027686596,0.02632094360888,0.99661922454834
295.905090332031,-0.0525601655244827,0.0797647386789322,0.151302561163902,352.333862304688,2.73537874221802,3.18985199928284,-0.0661419108510017,0.0256659016013145,0.0293579213321209,0.997047960758209
296.481292724609,-0.0495800860226154,0.0796827077865601,0.151817664504051,352.518310546875,2.80845856666565,2.91844606399536,-0.0645801946520805,0.0261067934334278,0.0270019471645355,0.997205495834351
296.998199462891,-0.0505218729376793,0.0767114907503128,0.155764207243919,354.459533691406,3.15872716903687,2.71569395065308,-0.0476465597748756,0.0286665074527264,0.0249916985630989,0.998139977455139
297.500335693359,-0.0543479397892952,0.0763813704252243,0.163379535079002,354.514251708984,2.90557432174683,3.4121880531311,-0.047063335776329,0.026737205684185,0.030941603705287,0.998054504394531
298.004852294922,-0.0501546822488308,0.0764561966061592,0.164257392287254,354.426147460938,4.50544261932373,2.90026259422302,-0.0475750900804996,0.0404777228832245,0.0271679759025574,0.997677326202393
298.595123291016,-0.0499961785972118,0.0770123675465584,0.165961056947708,353.977142333984,3.60855174064636,2.84553360939026,-0.0517121069133282,0.0327359400689602,0.0264364052563906,0.997775197029114
299.126770019531,-0.0547972619533539,0.0789753571152687,0.161632880568504,353.294250488281,3.3509476184845,3.40320920944214,-0.0575676895678043,0.0309113785624504,0.0313399955630302,0.997370719909668
299.703704833984,-0.0552245453000069,0.0802630558609962,0.157387152314186,352.436126708984,2.80911087989807,3.5354859828949,-0.0651535391807556,0.026480745524168,0.0323876179754734,0.996997952461243
300.292236328125,-0.0565538629889488,0.0797053799033165,0.157113611698151,352.9208984375,2.47994565963745,3.70932292938232,-0.0609917677938938,0.0235849488526583,0.0336302928626537,0.997292757034302
300.792419433594,-0.0598969645798206,0.0810760110616684,0.157709926366806,352.148010253906,1.42205691337585,4.19788932800293,-0.0679632872343063,0.0148795070126653,0.0373856201767921,0.996876060962677
301.375885009766,-0.0633548051118851,0.0827134624123573,0.155661404132843,350.890899658203,0.53728574514389,4.77849769592285,-0.0791435241699219,0.00798016507178545,0.0419280678033829,0.995949149131775
301.890411376953,-0.0728776231408119,0.0840143263339996,0.151425272226334,349.718109130859,356.118225097656,6.22784328460693,-0.0912548005580902,-0.0288175251334906,0.051041554659605,0.994101047515869
302.399444580078,-0.0767780616879463,0.083358533680439,0.151356264948845,350.147827148438,354.723541259766,6.91051959991455,-0.088387630879879,-0.0406063310801983,0.0560374483466148,0.993679344654083
302.949584960938,-0.0769455134868622,0.0829631313681602,0.151109352707863,350.293304443359,353.741668701172,7.03023481369019,-0.0876554846763611,-0.0491094514727592,0.0563912838697433,0.993340253829956
303.462158203125,-0.0767395496368408,0.0829646736383438,0.149756029248238,350.18212890625,353.550964355469,6.88125514984131,-0.0886461660265923,-0.0508139692246914,0.0548947378993034,0.99325042963028
304.062164306641,-0.081957221031189,0.0822069644927979,0.152133107185364,350.813446044922,353.590026855469,7.19828796386719,-0.0832973420619965,-0.0505995601415634,0.0580077059566975,0.993547379970551
304.603637695313,-0.0821816846728325,0.081787072122097,0.152837082743645,350.944396972656,353.835052490234,7.29770994186401,-0.082080215215683,-0.0484800525009632,0.059114683419466,0.993689060211182
305.117523193359,-0.0815845280885696,0.0822435766458511,0.151286125183105,350.671905517578,353.850006103516,7.19795227050781,-0.0843919739127159,-0.0482630282640457,0.0581214651465416,0.993564605712891
305.624084472656,-0.082049198448658,0.0818883255124092,0.152474373579025,350.815490722656,353.850158691406,7.1370062828064,-0.0831220299005508,-0.0483896322548389,0.0576662793755531,0.993691980838776
306.133911132813,-0.0827155262231827,0.0819533988833427,0.153329953551292,350.949066162109,353.981842041016,7.22912454605103,-0.0819357559084892,-0.0472589321434498,0.0586273111402988,0.993788719177246
306.643493652344,-0.0837812945246696,0.081771694123745,0.153789564967155,351.057373046875,353.871704101563,7.34666013717651,-0.0811027958989143,-0.048194095492363,0.0596227906644344,0.993752896785736
307.169464111328,-0.0812458470463753,0.0816150903701782,0.153744116425514,351.089477539063,354.752624511719,7.06145668029785,-0.0802624598145485,-0.040772121399641,0.0577842406928539,0.994261860847473
307.75146484375,-0.0808883756399155,0.0801858007907867,0.154295518994331,352.348236083984,356.467559814453,6.5706582069397,-0.06834577023983,-0.026880195364356,0.0551003366708755,0.995776236057281
308.251983642578,-0.0703585296869278,0.072070524096489,0.159866347908974,358.141693115234,1.31284499168396,4.89461755752563,-0.0157109834253788,0.0121369156986475,0.0428778044879436,0.998883068561554
308.826446533203,-0.0689436718821526,0.0731901228427887,0.15865159034729,357.410552978516,1.67677307128906,4.78708648681641,-0.0219621695578098,0.0155591303482652,0.0420782566070557,0.998751759529114
309.347564697266,-0.0676407292485237,0.0755106583237648,0.162535429000854,356.149200439453,1.32712471485138,4.4225492477417,-0.0331243574619293,0.0128622138872743,0.0389488898217678,0.998609244823456
309.854370117188,-0.0703305080533028,0.0769141688942909,0.164974421262741,355.113464355469,359.959899902344,4.94302129745483,-0.0426055490970612,0.00148894696030766,0.0430685132741928,0.998162150382996
310.378997802734,-0.0686868354678154,0.0775733292102814,0.162715435028076,354.709991455078,1.47359871864319,4.46012926101685,-0.0456089936196804,0.0146313449367881,0.0394604466855526,0.998072445392609
310.899932861328,-0.0625047236680984,0.0780802592635155,0.161057069897652,354.480682373047,4.03319549560547,3.31901979446411,-0.0470785908401012,0.0365269035100937,0.0306018777191639,0.997753918170929
311.436065673828,-0.055157870054245,0.0785358622670174,0.159556180238724,354.098724365234,6.77298736572266,1.81628823280334,-0.0504443347454071,0.0597997680306435,0.018841128796339,0.996756970882416
312.031097412109,-0.0482231378555298,0.0781996250152588,0.150929033756256,354.138397216797,9.58283805847168,1.10396492481232,-0.050145149230957,0.0839063301682472,0.0138581451028585,0.995114684104919
312.616760253906,-0.0494195148348808,0.0795194208621979,0.153678104281425,352.335968017578,8.28764533996582,1.77755522727966,-0.0655302628874779,0.0731240212917328,0.020265007391572,0.994961321353912
313.172485351563,-0.0487093776464462,0.0805285200476646,0.151365578174591,351.636901855469,8.58003807067871,1.48009610176086,-0.0717430785298347,0.0755388140678406,0.0182995479553938,0.994390249252319
313.739715576172,-0.0498105920851231,0.0827948525547981,0.144035801291466,350.188385009766,8.46827125549316,1.41790509223938,-0.0843676850199699,0.0746114999055862,0.0186077654361725,0.993463099002838
314.300933837891,-0.0423438884317875,0.0824410319328308,0.142318218946457,350.545532226563,12.3083000183105,0.302435636520386,-0.0816549882292747,0.107054986059666,0.0114499758929014,0.990828275680542
314.845275878906,-0.0345221944153309,0.0838598012924194,0.139909699559212,349.263366699219,17.4090518951416,359.061218261719,-0.0937114581465721,0.149912416934967,0.00609604269266129,0.984229266643524
315.406524658203,-0.0294741876423359,0.0860579013824463,0.135578081011772,347.301879882813,19.8444728851318,357.948333740234,-0.111979804933071,0.169276878237724,0.00152472709305584,0.979185163974762
315.977233886719,-0.02971351146698,0.0851565599441528,0.140763521194458,348.153198242188,18.8895835876465,358.285614013672,-0.10423020273447,0.161679804325104,0.00225415616296232,0.981320858001709
316.556121826172,-0.0287104547023773,0.0845690220594406,0.143096670508385,348.779541015625,18.6924324035645,358.460327148438,-0.0986256152391434,0.160311236977577,0.00268087885342538,0.982123255729675
317.07568359375,-0.0288233701139688,0.0848927274346352,0.142133817076683,348.583831787109,18.6995887756348,358.319763183594,-0.100498616695404,0.160199537873268,0.00176094146445394,0.981953680515289
317.576873779297,-0.0268215779215097,0.0840756669640541,0.143608883023262,349.30517578125,18.780424118042,358.146087646484,-0.0945617407560349,0.160938635468483,-0.000688066647853702,0.982423722743988
318.095489501953,-0.0254180580377579,0.0841979384422302,0.143865779042244,349.089172363281,18.4757232666016,358.027038574219,-0.0965755134820938,0.158167079091072,-0.00165637314785272,0.98267674446106
318.623046875,-0.0242239348590374,0.0841019451618195,0.146835163235664,349.205535888672,19.109806060791,357.791412353516,-0.0959229990839958,0.163438394665718,-0.00331030157394707,0.981873571872711
319.123382568359,-0.0219212062656879,0.0833893045783043,0.149298325181007,349.711639404297,19.6540603637695,357.576019287109,-0.0919226035475731,0.16808021068573,-0.00545780779793859,0.981462955474854
319.631042480469,-0.0214061662554741,0.0832748264074326,0.15149088203907,349.713684082031,19.8827362060547,357.540130615234,-0.0919689983129501,0.170010298490524,-0.0055846031755209,0.981125354766846
320.138061523438,-0.0222461186349392,0.0833127424120903,0.14833202958107,349.505798339844,19.5999927520752,357.478363037109,-0.0938243940472603,0.167472273111343,-0.006029621232301,0.981383562088013
320.66064453125,-0.0215856116265059,0.0840850025415421,0.147387310862541,348.955505371094,20.0557498931885,357.159423828125,-0.0990290343761444,0.170917093753815,-0.00754260551184416,0.98026716709137
321.175720214844,-0.0214354060590267,0.0841360241174698,0.148445397615433,348.850921630859,19.5452003479004,357.390228271484,-0.0995532348752022,0.166711643338203,-0.00585193419829011,0.980949640274048
321.704162597656,-0.0202035363763571,0.0846413895487785,0.146641820669174,348.680725097656,19.7548770904541,357.209381103516,-0.10128490626812,0.168288543820381,-0.0069602238945663,0.980495750904083
322.25244140625,-0.0229153595864773,0.0854756534099579,0.144928708672523,347.883605957031,19.7959671020508,357.262542724609,-0.108021013438702,0.168402224779129,-0.00526330899447203,0.979767560958862
322.777313232422,-0.0221517235040665,0.0853552892804146,0.148684158921242,348.014434814453,19.5093746185303,357.258697509766,-0.106894969940186,0.165994763374329,-0.00576136400923133,0.980298936367035
323.29541015625,-0.0207610614597797,0.0845398604869843,0.150716483592987,348.752868652344,19.1648063659668,357.217163085938,-0.100619167089462,0.163269609212875,-0.0075207301415503,0.981408298015594
323.839691162109,-0.022543728351593,0.0847727432847023,0.149188563227654,348.637359619141,18.7330436706543,357.237274169922,-0.101551324129105,0.159548297524452,-0.00756203103810549,0.981923878192902
324.359619140625,-0.0225305631756783,0.0853175446391106,0.147639781236649,348.522583007813,18.0735931396484,357.299407958984,-0.102406106889248,0.153911098837852,-0.00745458900928497,0.982735395431519
324.885009765625,-0.0210037492215633,0.084230475127697,0.150664076209068,348.999572753906,17.7622871398926,357.442016601563,-0.0981068313121796,0.151522353291512,-0.00715745147317648,0.983547031879425
325.399780273438,-0.0215098671615124,0.084228090941906,0.150456979870796,348.864166259766,17.8435935974121,357.483825683594,-0.0992175713181496,0.152212783694267,-0.00654421886429191,0.98333328962326
325.920318603516,-0.0238206200301647,0.0841498970985413,0.151046842336655,348.968780517578,17.853084564209,357.791046142578,-0.0979121848940849,0.152590677142143,-0.00404235301539302,0.983419001102448
326.464691162109,-0.0269226878881454,0.0818907395005226,0.152566999197006,351.625244140625,15.805380821228,358.790008544922,-0.0737689062952995,0.136352732777596,-0.000391826150007546,0.987909972667694
327.009185791016,-0.0274648107588291,0.0815143883228302,0.154112383723259,352.137634277344,14.9793395996094,359.010772705078,-0.0690934360027313,0.129449099302292,0.000397267140215263,0.989175856113434
327.534912109375,-0.0314354375004768,0.0810564607381821,0.148259297013283,352.080932617188,14.5096054077148,359.018280029297,-0.0695759057998657,0.125389233231544,0.000241453250055201,0.989664971828461
328.060852050781,-0.0346784330904484,0.0808254033327103,0.139955177903175,353.006103515625,15.3806829452515,359.095825195313,-0.061498761177063,0.133088871836662,0.000357347016688436,0.989194214344025
328.598815917969,-0.032915472984314,0.0815274566411972,0.125544860959053,352.644195556641,16.2239933013916,358.740966796875,-0.0650490000844002,0.140111654996872,-0.00180349336005747,0.987994968891144
329.177398681641,-0.0240701865404844,0.0790304318070412,0.166396364569664,353.646667480469,11.2949562072754,0.31692898273468,-0.0548740811645985,0.0984084904193878,0.00820130575448275,0.993598163127899
329.71044921875,-0.0333630368113518,0.0775672122836113,0.165883004665375,354.766265869141,11.4061107635498,359.29248046875,-0.0460430607199669,0.0989867895841599,-0.00160029483959079,0.994021654129028
330.242156982422,-0.0305527001619339,0.0768833234906197,0.16318354010582,354.891326904297,11.0821094512939,359.391937255859,-0.0448697730898857,0.0962262973189354,-0.000972958747297525,0.994347155094147
330.765380859375,-0.0164541341364384,0.0749822407960892,0.166682973504066,353.613891601563,8.10318660736084,0.322177082300186,-0.0553627386689186,0.0707009583711624,0.00673562940210104,0.99593722820282
331.322113037109,-0.00854049995541573,0.0620168074965477,0.15211446583271,357.620361328125,8.8001127243042,359.482971191406,-0.0210494212806225,0.0766092762351036,-0.0029046421404928,0.996834754943848
331.84130859375,-0.00315959379076958,0.0636089220643044,0.140504240989685,355.703826904297,9.10087966918945,359.155456542969,-0.0379474759101868,0.0790034160017967,-0.00436800392344594,0.996142268180847
332.425567626953,-0.00648666359484196,0.0649479329586029,0.131878599524498,354.808227539063,8.87721157073975,359.394256591797,-0.0455634780228138,0.0770716369152069,-0.00175964774098247,0.995982348918915
332.942779541016,-0.014552696608007,0.0674650892615318,0.131889313459396,353.341491699219,8.62446212768555,0.0548101626336575,-0.0578735545277596,0.0750923827290535,0.00484281592071056,0.995483994483948
333.506011962891,-0.0104930521920323,0.0710758417844772,0.135400474071503,351.104888916016,13.6416130065918,359.384918212891,-0.0776322931051254,0.117991901934147,0.00389603152871132,0.98996764421463
334.04833984375,-0.004021973349154,0.0746889412403107,0.129355207085609,347.648498535156,17.4249725341797,358.127471923828,-0.108783811330795,0.148839503526688,0.000235625964705832,0.982859551906586
334.579956054688,0.00102386064827442,0.0750456154346466,0.123247213661671,346.960968017578,19.0542297363281,357.609710693359,-0.115381225943565,0.162072658538818,-0.00164839101489633,0.980008661746979
335.164642333984,0.00499019399285316,0.0746695324778557,0.119032323360443,347.325958251953,19.7423725128174,356.779846191406,-0.113486893475056,0.16726353764534,-0.00859759282320738,0.97932106256485
335.750701904297,0.00286284927278757,0.0755809992551804,0.117516025900841,347.322723388672,18.1050243377686,356.820373535156,-0.113326095044613,0.153292641043663,-0.00986651051789522,0.981611549854279
336.282501220703,-0.000248206779360771,0.0760103464126587,0.117207050323486,346.96337890625,17.2819347381592,357.193511962891,-0.115853890776634,0.146477878093719,-0.00700373155996203,0.982381343841553
336.806518554688,0.000714804977178574,0.0755896344780922,0.120488792657852,347.080444335938,17.1615409851074,357.181304931641,-0.114859089255333,0.14547523856163,-0.00738439382985234,0.982644319534302
337.382781982422,-0.00634765531867743,0.0754654407501221,0.127876847982407,348.598510742188,12.8821592330933,358.503631591797,-0.100154869258404,0.110328190028667,-0.001768987509422,0.98883444070816
337.924468994141,-0.00886602140963078,0.0727749243378639,0.131735786795616,351.401641845703,13.697566986084,358.977264404297,-0.0754878893494606,0.11824481934309,0.000102807010989636,0.990110993385315
338.443206787109,0.000687042251229286,0.086736723780632,0.11589203029871,337.857025146484,24.4099807739258,357.008758544922,-0.19304446876049,0.202505677938461,0.0155482059344649,0.959939360618591
338.976135253906,0.0067357337102294,0.0842478647828102,0.0997953191399574,336.966400146484,29.186840057373,354.606994628906,-0.204614832997322,0.237522140145302,0.00563798844814301,0.949570536613464
339.522430419922,0.0117238014936447,0.0826743841171265,0.100876547396183,339.057434082031,27.7732963562012,354.529083251953,-0.187492966651917,0.227315828204155,-0.00198938907124102,0.955599248409271
340.053680419922,0.0124698281288147,0.081723116338253,0.100637957453728,339.440551757813,27.3520431518555,354.629547119141,-0.184102937579155,0.224257618188858,-0.00264403549954295,0.956978440284729
340.627166748047,0.0137541517615318,0.0810958966612816,0.100585840642452,340.069610595703,27.1195697784424,354.653686523438,-0.178813025355339,0.222825467586517,-0.00412544142454863,0.958309829235077
341.193511962891,0.0132028218358755,0.0785874053835869,0.104155644774437,341.59033203125,26.2885246276855,355.019500732422,-0.16537968814373,0.217495054006577,-0.00542415073141456,0.961933493614197
341.752593994141,0.0152737749740481,0.0786888152360916,0.105296202003956,341.931213378906,26.3115978240967,354.999633789063,-0.162565812468529,0.217892065644264,-0.00624537514522672,0.962318301200867
342.352600097656,0.020872950553894,0.0751172304153442,0.119193933904171,346.637756347656,21.7729911804199,355.621368408203,-0.121332220733166,0.183079957962036,-0.0153022799640894,0.975461959838867
342.928070068359,0.0151550136506557,0.0764986649155617,0.107402823865414,346.303375244141,19.8478221893311,356.327575683594,-0.122879430651665,0.167259126901627,-0.0107982819899917,0.978165864944458
343.476379394531,0.0121664684265852,0.0766104012727737,0.103742696344852,345.917358398438,20.1709022521973,356.296081542969,-0.126244500279427,0.169804826378822,-0.0101223904639482,0.977305591106415
343.995819091797,0.00806586630642414,0.0774946436285973,0.107232689857483,345.468414306641,20.1505737304688,356.780944824219,-0.129347160458565,0.16997130215168,-0.00531601347029209,0.976908802986145
344.516815185547,0.00613756012171507,0.077556811273098,0.113367967307568,345.757263183594,20.0318126678467,357.101623535156,-0.126407757401466,0.169437199831009,-0.00315831298939884,0.977395594120026
345.077880859375,0.00257551670074463,0.0770025253295898,0.116546951234341,346.176971435547,19.4963321685791,357.488250732422,-0.122254319489002,0.16544783115387,-0.00107365113217384,0.978611171245575
345.649505615234,0.00241862703114748,0.0769209489226341,0.113210156559944,345.943084716797,18.9542636871338,357.250610351563,-0.124578006565571,0.160474136471748,-0.00334381009452045,0.979141056537628
346.163635253906,0.00245287548750639,0.077141709625721,0.113471895456314,346.048553466797,18.8888702392578,357.439300537109,-0.123412035405636,0.160158798098564,-0.00195464724674821,0.979344069957733
346.689880371094,0.000690486282110214,0.0763127878308296,0.112597540020943,346.301391601563,17.7167854309082,357.504577636719,-0.121137253940105,0.15029177069664,-0.00300110224634409,0.981187641620636
347.209442138672,-0.00144458748400211,0.0766241922974586,0.111370116472244,345.935485839844,17.2036609649658,357.919952392578,-0.123725354671478,0.146220147609711,0.000496422464493662,0.981484293937683
347.735870361328,8.59387218952179E-05,0.0769982635974884,0.108663097023964,345.614288330078,17.5194969177246,357.503234863281,-0.12701153755188,0.14836111664772,-0.00229923031292856,0.980740427970886
348.264007568359,-0.00178726483136415,0.0769171565771103,0.109031856060028,345.618072509766,17.3128070831299,357.607849121094,-0.126840755343437,0.146709099411964,-0.00163782422896475,0.981012344360352
348.775207519531,-0.00270407926291227,0.0766138806939125,0.111114427447319,345.917266845703,16.6652965545654,357.740570068359,-0.124103888869286,0.141407668590546,-0.00159911729861051,0.982140302658081
349.361846923828,-0.0036809453740716,0.0752355754375458,0.116153478622437,347.080261230469,15.8576059341431,358.073608398438,-0.113720089197159,0.135174110531807,-0.00102632353082299,0.984273672103882
349.922668457031,-0.0057516535744071,0.0749955773353577,0.117704413831234,347.626617431641,15.4045438766479,358.272003173828,-0.108793184161186,0.131619393825531,-0.000413935602409765,0.985312283039093
350.512847900391,-0.00375053659081459,0.0748081058263779,0.116381734609604,347.469207763672,15.321629524231,358.079681396484,-0.110365353524685,0.130681097507477,-0.0019619173835963,0.985260426998138
351.102630615234,-0.00418252497911453,0.0745987296104431,0.116818130016327,347.818908691406,14.8167495727539,358.39990234375,-0.106994308531284,0.126731142401695,-8.89399307197891E-05,0.986149847507477
351.695068359375,-0.00626641511917114,0.0744001865386963,0.115837536752224,348.127838134766,14.6856260299683,358.444000244141,-0.104287520051003,0.125716000795364,-0.000178242087713443,0.98656964302063
352.275299072266,-0.00440174341201782,0.0750284716486931,0.110848873853683,347.489074707031,14.7660207748413,358.043670654297,-0.110223226249218,0.12587308883667,-0.00282944180071354,0.985900044441223
352.785369873047,-0.00420152489095926,0.0743271484971046,0.112378522753716,348.006072998047,14.792142868042,358.257751464844,-0.105540916323662,0.126433148980141,-0.0015470803482458,0.986343443393707
353.297302246094,-0.00446235295385122,0.0747325345873833