Seconds,PositionX,PositionY,PositionZ,RotationX,RotationY,RotationZ,QuatX,QuatY,QuatZ,QuatW
3.82120895385742,-0.0197334289550781,0.039418950676918,0.103194557130337,23.4784698486328,354.497131347656,354.822204589844,0.205138742923737,-0.037771575152874,-0.0344171449542046,0.977398037910461
4.33189535140991,-0.0143887707963586,0.0396013632416725,0.105408914387226,23.4437141418457,354.988159179688,354.464965820313,0.204796880483627,-0.0329610146582127,-0.0383590534329414,0.977496981620789
4.84289789199829,-0.00337185617536306,0.0520901121199131,0.100235871970654,19.0293254852295,358.543426513672,354.665344238281,0.165690943598747,-0.00483033712953329,-0.0437940917909145,0.985193014144897
5.37980079650879,0.00924656167626381,0.0621799230575562,0.0933260917663574,15.1503419876099,1.23421227931976,353.566314697266,0.131012365221977,0.0180565491318703,-0.0570396929979324,0.989573776721954
5.92542791366577,-0.00217354670166969,0.0619058459997177,0.0924064218997955,14.9754991531372,352.612945556641,352.694702148438,0.133848369121552,-0.0554558858275414,-0.0546553060412407,0.987938284873962
6.46991968154907,-0.0087030716240406,0.0610045492649078,0.0888624414801598,15.040602684021,344.418090820313,351.556549072266,0.139211073517799,-0.124482586979866,-0.0546160712838173,0.98088812828064
6.97897958755493,0.00996872968971729,0.0577320829033852,0.0929568186402321,16.5446491241455,349.452209472656,352.122467041016,0.149178832769394,-0.0809043496847153,-0.0544943772256374,0.983987033367157
7.48258066177368,0.0161866508424282,0.0569784380495548,0.0908796414732933,16.8485126495361,350.885070800781,352.366455078125,0.150946870446205,-0.0687059536576271,-0.0540244206786156,0.984670460224152
7.98488187789917,0.0141855254769325,0.0569141022861004,0.0871014073491096,16.8799285888672,351.411499023438,352.506774902344,0.150888055562973,-0.0643455982208252,-0.0534882843494415,0.985003292560577
8.48558521270752,0.0163229070603848,0.063106581568718,0.0814481005072594,15.0591650009155,357.031616210938,353.780090332031,0.132194265723228,-0.0185332540422678,-0.0503774099051952,0.989769339561462
8.9901647567749,0.012075413018465,0.061102069914341,0.0856579765677452,15.9578237533569,358.443878173828,353.834503173828,0.139318153262138,-0.00596415903419256,-0.0513703785836697,0.988896429538727
9.53783226013184,0.0097374627366662,0.0585550181567669,0.0905095636844635,16.9705543518066,358.331939697266,353.638885498047,0.148111119866371,-0.00618863338604569,-0.0527249537408352,0.987544894218445
10.0416278839111,0.0243252012878656,0.065684862434864,0.0849664881825447,14.05162525177,2.33364319801331,352.287445068359,0.120655000209808,0.0283893588930368,-0.0692202001810074,0.989871203899384
10.5464735031128,0.0539126731455326,0.0675791651010513,0.0726966336369514,13.3700351715088,13.2919654846191,350.525299072266,0.105740427970886,0.124104365706444,-0.0949022173881531,0.982044100761414
11.0913238525391,0.0578571483492851,0.0769990608096123,0.0616214573383331,10.192892074585,15.0587558746338,351.816619873047,0.078529417514801,0.136467605829239,-0.0820682793855667,0.98411101102829
11.5979099273682,0.0788512229919434,0.0791177302598953,0.0423471704125404,9.21792602539063,19.6563148498535,348.858520507813,0.0622851625084877,0.17702417075634,-0.108992077410221,0.976167917251587
12.1460485458374,0.0906461626291275,0.0711710378527641,0.042018037289381,11.7672662734985,15.3809642791748,345.116394042969,0.0834895819425583,0.145152717828751,-0.141280129551888,0.975704908370972
12.6938314437866,0.0843111351132393,0.0699994415044785,0.0462317727506161,13.2021636962891,12.7212467193604,346.0859375,0.100077114999294,0.123079523444176,-0.132222920656204,0.978444218635559
13.1946935653687,0.0860564857721329,0.0738544538617134,0.0491296872496605,11.1940689086914,16.6594905853271,346.971405029297,0.0795221403241158,0.15419664978981,-0.125757291913033,0.976772606372833
13.7019748687744,0.0827324911952019,0.0689527168869972,0.0588084310293198,13.4628591537476,15.7883377075195,345.816131591797,0.098376639187336,0.149687916040421,-0.137424349784851,0.974181771278381
14.2600860595703,0.0644400715827942,0.0653767585754395,0.0736769437789917,14.788592338562,12.3314933776855,345.924621582031,0.113938294351101,0.121386349201202,-0.13451911509037,0.976825475692749
14.7633647918701,0.0585623383522034,0.062658004462719,0.0840134546160698,15.7291707992554,11.4546756744385,345.955291748047,0.123042121529579,0.11475945264101,-0.134054854512215,0.976585984230042
15.3134822845459,0.0569259785115719,0.0759090781211853,0.0380316860973835,9.85107231140137,28.5985260009766,344.565338134766,0.0494029633700848,0.255018383264542,-0.150659590959549,0.953848361968994
15.8340635299683,0.0155199049040675,0.0761055871844292,0.0238995850086212,9.14720344543457,32.4700088500977,344.411743164063,0.0380587019026279,0.286495476961136,-0.151878952980042,0.945200860500336
16.3495502471924,0.0682915449142456,0.0727924853563309,0.0409605093300343,10.6368989944458,28.2127685546875,343.804840087891,0.0548168756067753,0.252916991710663,-0.15838947892189,0.952859342098236
16.8942832946777,0.102087274193764,0.0678121522068977,0.046252753585577,12.9466276168823,23.2580261230469,343.308929443359,0.0801865085959435,0.214195400476456,-0.163741707801819,0.959624469280243
17.4370670318604,0.0761712342500687,0.0788794904947281,0.0133133195340633,9.45862197875977,20.7739448547363,347.241851806641,0.0606313869357109,0.187579572200775,-0.123686268925667,0.972542822360992
17.9533195495605,0.0731394737958908,0.0766469687223434,0.0150188487023115,10.527099609375,20.4939422607422,346.886108398438,0.0694554969668388,0.186291143298149,-0.128108128905296,0.971627473831177
18.4723072052002,0.0754156559705734,0.0682090520858765,0.0438670255243778,13.2513217926025,18.4511489868164,345.398742675781,0.0927293673157692,0.172432541847229,-0.14294221997261,0.970173060894012
19.0013065338135,0.0846197977662086,0.0617474690079689,0.0664022788405418,15.645619392395,19.4288139343262,345.729156494141,0.112354665994644,0.182536736130714,-0.144083350896835,0.966072916984558
19.5414943695068,0.0856003612279892,0.0573799423873425,0.0836659669876099,15.96497631073,16.0460529327393,344.972686767578,0.118256650865078,0.155013203620911,-0.147443801164627,0.969663202762604
20.0753040313721,0.105847358703613,0.0404037907719612,0.107169710099697,18.2144145965576,11.3332662582397,340.125061035156,0.138320505619049,0.123214557766914,-0.184959337115288,0.965129852294922
20.6245346069336,0.101938508450985,0.072878435254097,0.0780654475092888,8.65768909454346,17.8018741607666,347.261871337891,0.0569962672889233,0.161605313420296,-0.12089055031538,0.977763116359711
21.1401062011719,0.0281415730714798,0.101678982377052,0.0569813475012779,358.693786621094,7.35415077209473,355.7275390625,-0.0137577624991536,0.0636602714657784,-0.0364660285413265,0.997210264205933
21.6500816345215,-0.0220298394560814,0.100639387965202,0.0517182387411594,359.097564697266,5.55347776412964,355.610168457031,-0.00971541274338961,0.0481059700250626,-0.0378717184066772,0.998076736927032
22.1582889556885,-0.0641559883952141,0.0941239148378372,0.0519237257540226,1.67861807346344,8.76072788238525,355.424743652344,0.0115454066544771,0.0768912583589554,-0.0409129858016968,0.996132850646973
22.6719741821289,-0.0226093903183937,0.0956306457519531,0.040095329284668,2.57770538330078,9.1921968460083,355.642883300781,0.0193589683622122,0.0809051543474197,-0.0396830886602402,0.995743334293365
23.1784267425537,0.0158978067338467,0.093927338719368,0.0388473384082317,3.19228458404541,12.4376487731934,354.56005859375,0.0225206408649683,0.109476000070572,-0.0501711182296276,0.992466986179352
23.6909198760986,0.0101295597851276,0.0936819761991501,0.03496278449893,3.20334911346436,11.178674697876,354.410827636719,0.0230380706489086,0.0986001193523407,-0.0512237809598446,0.993540823459625
24.1993503570557,0.0100876074284315,0.0921468138694763,0.0375804975628853,3.94168949127197,10.8316411972046,354.36181640625,0.0295567139983177,0.0958971083164215,-0.0521761514246464,0.99358332157135
24.7089557647705,0.0193594396114349,0.090271420776844,0.039328895509243,4.89073610305786,11.9321699142456,354.182861328125,0.0371116511523724,0.105864606797695,-0.0548506341874599,0.99217277765274
25.2263221740723,0.0233451761305332,0.0900109484791756,0.0352561362087727,4.83415937423706,11.8689527511597,353.848236083984,0.0363441631197929,0.105401091277599,-0.0576775223016739,0.992090225219727
25.7362861633301,0.0210016220808029,0.0890265330672264,0.0255086850374937,5.32122611999512,11.215630531311,353.717926025391,0.0407795831561089,0.0999980047345161,-0.0590022020041943,0.992399215698242
26.247688293457,0.0167976599186659,0.0881388038396835,0.0187960807234049,5.79187440872192,11.1740827560425,353.672485351563,0.0448391772806644,0.0998603478074074,-0.0597687289118767,0.992192089557648
26.7572174072266,0.0114617459475994,0.0880028009414673,0.0188763048499823,5.82386779785156,11.2471208572388,353.797637939453,0.045187946408987,0.100457370281219,-0.058740396052599,0.992177367210388
27.2644100189209,0.012468010187149,0.0871871933341026,0.0246765688061714,6.19658613204956,11.3190574645996,353.797119140625,0.0483790673315525,0.101238489151001,-0.0590837746858597,0.991927087306976
27.775520324707,0.0179148651659489,0.0858713015913963,0.0320883803069592,6.94566011428833,12.5558576583862,353.516387939453,0.0539431348443031,0.112380921840668,-0.0627209544181824,0.990215539932251
28.3010654449463,0.0205448381602764,0.0852596685290337,0.0377661064267159,7.20088577270508,13.0943183898926,353.440490722656,0.0557760894298553,0.117178864777088,-0.0638744980096817,0.989483892917633
28.8103294372559,0.018754979595542,0.0843646004796028,0.0422555431723595,7.54973602294922,12.5769567489624,353.419128417969,0.0590588599443436,0.112872689962387,-0.0641275942325592,0.989777505397797
29.322582244873,0.0168620124459267,0.0836713239550591,0.0454610101878643,7.74855089187622,12.4764022827148,353.506805419922,0.0609196126461029,0.112043760716915,-0.0634996443986893,0.989799380302429
29.8344879150391,0.0151029415428638,0.0837956294417381,0.0407628044486046,7.70467615127563,12.3736610412598,353.512268066406,0.0606024786829948,0.111134648323059,-0.0633582100272179,0.989930391311646
30.3476505279541,0.0157765783369541,0.0833355113863945,0.0319264605641365,7.82139301300049,12.7543611526489,353.448333740234,0.0613365136086941,0.114506550133228,-0.064220055937767,0.989445209503174
30.8584079742432,0.0174172595143318,0.0823749750852585,0.0351028554141521,8.44626331329346,13.0957460403442,353.449462890625,0.0665435716509819,0.11771784722805,-0.0649900287389755,0.988681375980377
31.3665428161621,0.0312061198055744,0.0863503441214561,0.0242607146501541,6.10065412521362,17.7258567810059,350.838500976563,0.0401224792003632,0.157560467720032,-0.0869710147380829,0.982853472232819
31.8869171142578,0.0327351167798042,0.0859610885381699,0.0153570026159286,7.07648277282715,17.1336688995361,350.97216796875,0.0491356290876865,0.153020694851875,-0.086839571595192,0.983173072338104
32.3949203491211,0.0235110819339752,0.0859533622860909,0.00840693525969982,6.96264171600342,14.4233512878418,349.939361572266,0.0490237474441528,0.130103394389153,-0.0944221317768097,0.985776007175446
32.9065475463867,0.0330918207764626,0.0798009410500526,0.0160335656255484,9.43014335632324,18.4827213287354,349.759582519531,0.0665261968970299,0.166652426123619,-0.100937485694885,0.978576958179474
33.4200820922852,0.0537085719406605,0.0776161849498749,0.0165710393339396,10.3905744552612,24.0983428955078,348.589447021484,0.0674500837922096,0.215667113661766,-0.115630716085434,0.967247545719147
33.9326057434082,0.0578789599239826,0.0753709897398949,0.0207985118031502,11.2624244689941,23.1884155273438,348.575866699219,0.0757387951016426,0.208582922816277,-0.116651132702827,0.968064785003662
34.4390983581543,0.0321815498173237,0.0946083441376686,0.0301142409443855,2.12115573883057,14.7308111190796,352.125671386719,0.00951268803328276,0.129132777452469,-0.0704513490200043,0.989075779914856
34.9443283081055,0.012684652581811,0.0941678956151009,0.0459955185651779,2.49840807914734,9.38430309295654,354.779205322266,0.0179806593805552,0.0826872587203979,-0.0471623465418816,0.995296597480774
35.4594993591309,0.0180425755679607,0.0910790711641312,0.0598686635494232,3.94988870620728,9.81389236450195,354.497253417969,0.0301930271089077,0.087036557495594,-0.0507420748472214,0.99445378780365
35.9817237854004,0.0274472385644913,0.0879430919885635,0.0741508454084396,5.26679372787476,10.3281927108765,354.414733886719,0.0413237251341343,0.0920360907912254,-0.0526028797030449,0.993506252765656
36.52685546875,0.0306672528386116,0.0862873420119286,0.0739432722330093,6.10186910629272,9.81741905212402,354.346649169922,0.0487501472234726,0.0879582241177559,-0.0536131076514721,0.993485033512115
37.0654792785645,0.0320312455296516,0.0853343978524208,0.061813697218895,6.45768117904663,10.202935218811,354.004364013672,0.05138124153018,0.0915911272168159,-0.0570096075534821,0.992834806442261
37.6064262390137,0.0273445583879948,0.0843219086527824,0.0514011345803738,6.91563987731934,10.3966150283813,354.014007568359,0.0552615784108639,0.093451127409935,-0.0573616996407509,0.992432713508606
38.129566192627,0.0208354890346527,0.0839957520365715,0.0494220741093159,7.0081524848938,10.2907781600952,353.915649414063,0.056036788970232,0.0926200971007347,-0.0582319982349873,0.992416441440582
38.6636581420898,0.0157933756709099,0.081967331469059,0.0585586130619049,7.75568008422852,10.0716247558594,353.989776611328,0.0626844763755798,0.090988777577877,-0.0580313801765442,0.992181479930878
39.194034576416,0.013246688991785,0.0800308734178543,0.0745769888162613,8.55729866027832,10.7604331970215,354.180725097656,0.0694363564252853,0.0971531271934509,-0.0573829226195812,0.991184651851654
39.728816986084,0.037702988833189,0.075754776597023,0.0660301446914673,11.0243682861328,28.916036605835,355.763000488281,0.0837650522589684,0.251784592866898,-0.0595964938402176,0.962307751178741
40.2547798156738,0.0192509442567825,0.0752600505948067,0.0329107716679573,10.9011735916138,45.6978874206543,357.562530517578,0.0792923718690872,0.388321548700333,-0.0563872531056404,0.916373074054718
40.7612152099609,0.0183853432536125,0.0605587959289551,0.0338615365326405,16.8213958740234,38.4984092712402,352.229125976563,0.115673772990704,0.334739506244659,-0.111395731568336,0.928525745868683
41.305492401123,0.066412590444088,0.0750823393464088,0.0629500076174736,10.2142457962036,21.9864902496338,350.050079345703,0.0705840811133385,0.196798697113991,-0.101702153682709,0.972597002983093
41.8415870666504,0.0434668064117432,0.0829690769314766,0.0940144583582878,5.08026933670044,7.81259250640869,351.969879150391,0.0393423773348331,0.0709869116544724,-0.0727991610765457,0.994038939476013
42.3684730529785,0.0440937541425228,0.071941614151001,0.137917071580887,8.1885347366333,3.0841588973999,350.724060058594,0.0689676180481911,0.0325256288051605,-0.0825390219688416,0.993666410446167
42.9052391052246,0.0421829298138618,0.0687048062682152,0.157934412360191,11.0935983657837,3.87994694709778,351.590362548828,0.0938728302717209,0.0406864024698734,-0.0762001723051071,0.991829633712769
43.4255790710449,0.0395980551838875,0.0688492506742477,0.151297226548195,10.7188701629639,4.16765832901001,351.773803710938,0.0905046164989471,0.0428044237196445,-0.0747520998120308,0.992163717746735
43.953929901123,0.0390590876340866,0.0669310018420219,0.142141044139862,10.9820499420166,4.19972991943359,351.781585693359,0.0927661582827568,0.043231762945652,-0.074778214097023,0.991934359073639
44.4620246887207,0.0335714034736156,0.0646652206778526,0.150216490030289,11.6775827407837,3.89529609680176,351.774261474609,0.0989843383431435,0.0410149246454239,-0.0747565850615501,0.991428971290588
45.0040893554688,0.0330485478043556,0.0612651482224464,0.159369483590126,12.8355398178101,4.49563884735107,351.810241699219,0.108622789382935,0.0468521788716316,-0.0752792060375214,0.990120708942413
45.5094604492188,0.0356985032558441,0.0605836175382137,0.164097353816032,13.1463918685913,5.37439727783203,352.045562744141,0.11084072291851,0.0543939545750618,-0.0741819441318512,0.989571988582611
46.0175399780273,0.0369925945997238,0.0599299483001232,0.167313918471336,13.5989065170288,5.29949426651001,351.942108154297,0.114750310778618,0.0541012771427631,-0.0751515105366707,0.989069104194641
46.5363540649414,0.0577517822384834,0.0700679272413254,0.16278101503849,7.5244026184082,19.2514476776123,353.682098388672,0.0553989969193935,0.170162454247475,-0.0651682615280151,0.981696903705597
47.0928421020508,0.0540201589465141,0.0683319494128227,0.167244106531143,7.98828125,18.37619972229,353.579040527344,0.059732012450695,0.16288922727108,-0.0662560909986496,0.982603311538696
47.6019477844238,0.0448933504521847,0.0668483674526215,0.169431239366531,9.00673484802246,12.5870113372803,352.565185546875,0.0707948356866837,0.114113345742226,-0.0728350281715393,0.988261759281158
48.1231307983398,0.0450403243303299,0.0662363693118095,0.169225499033928,9.63505172729492,11.1307563781738,352.196044921875,0.0768167600035667,0.102102927863598,-0.0756155773997307,0.98891681432724
48.6521797180176,0.0376522913575172,0.0813820362091064,0.128998056054115,4.84168910980225,22.2412357330322,354.880340576172,0.0327980630099773,0.194361731410027,-0.0519235543906689,0.979005515575409
49.1573829650879,0.00949816778302193,0.0870817005634308,0.0724218487739563,3.57424163818359,23.5933094024658,355.138214111328,0.0218330025672913,0.205450385808945,-0.0478683114051819,0.97725236415863
49.6657485961914,-0.0211880393326283,0.085945226252079,0.0277903117239475,4.43283224105835,12.4864025115967,354.002349853516,0.0327071025967598,0.110530003905296,-0.0561663061380386,0.991745293140411
50.1893424987793,-0.0193422306329012,0.0853781253099442,0.0116482805460691,4.89790105819702,11.8933172225952,353.330535888672,0.0364063531160355,0.105804793536663,-0.062222808599472,0.991770267486572
50.7260551452637,-0.00545164011418819,0.0833358019590378,0.0205093584954739,6.46829795837402,12.6013841629028,353.882232666016,0.0501489266753197,0.112407736480236,-0.0591381005942822,0.990632295608521
51.2577362060547,0.0137644149363041,0.0895230695605278,0.0230520851910114,3.66173624992371,20.2262420654297,354.394805908203,0.0228340160101652,0.176830515265465,-0.0537141188979149,0.982509195804596
51.8130912780762,0.0121902134269476,0.0856011211872101,0.0315596982836723,5.55631303787231,17.0621604919434,353.531158447266,0.0394963286817074,0.150639921426773,-0.0629100576043129,0.985794067382813
52.3518257141113,0.00784187950193882,0.0841517671942711,0.0422109067440033,6.26606130599976,13.2797107696533,353.639312744141,0.0477989017963409,0.118289314210415,-0.0613343678414822,0.989929854869843
52.8917808532715,0.00643171370029449,0.0844073668122292,0.0518467910587788,6.26185989379883,12.0300426483154,353.648284912109,0.0484369955956936,0.107481300830841,-0.060728020966053,0.991167843341827
53.4290084838867,0.00343992840498686,0.0838330164551735,0.0607127249240875,6.72326469421387,11.2185096740723,353.801025390625,0.0529958456754684,0.100588105618954,-0.0594415441155434,0.991735935211182
53.9630661010742,0.00690681394189596,0.0826797261834145,0.0681861788034439,7.42318296432495,11.6070966720581,353.932800292969,0.0589720457792282,0.104172699153423,-0.0590765550732613,0.991050124168396
54.4981880187988,0.0108328629285097,0.0811395198106766,0.0762255415320396,7.9965124130249,11.1599206924438,353.843811035156,0.0640870779752731,0.100584544241428,-0.06008255854249,0.991042733192444
55.0473861694336,0.0125402640551329,0.0791199654340744,0.0894451141357422,8.88463973999023,11.2788591384888,353.927062988281,0.0717825889587402,0.101918078958988,-0.0601574741303921,0.990374207496643
55.5827789306641,0.00831685028970242,0.078703485429287,0.095246896147728,9.29474544525146,11.1112241744995,353.995025634766,0.0754774957895279,0.100585080683231,-0.0597949959337711,0.990257740020752
56.1178817749023,0.00375889800488949,0.0782028436660767,0.0912000611424446,9.52353286743164,11.3738880157471,354.090179443359,0.0774038434028625,0.10287793725729,-0.0593342520296574,0.989901125431061
56.6522636413574,0.00567861087620258,0.0781665667891502,0.0762761458754539,9.50061225891113,11.4502563476563,354.097991943359,0.0771731659770012,0.103523790836334,-0.0592994578182697,0.989853918552399
57.1863212585449,0.0126077271997929,0.0772782489657402,0.0681725963950157,9.92566204071045,12.1161489486694,354.195617675781,0.08059261739254,0.109361551702023,-0.0592778027057648,0.988954544067383
57.7201499938965,0.0161652192473412,0.0767611190676689,0.0739778056740761,10.0807304382324,11.7785806655884,354.131011962891,0.082046665251255,0.106549866497517,-0.0597300678491592,0.989114701747894
58.2575073242188,0.0127533134073019,0.0750164315104485,0.0791569650173187,10.8725776672363,11.6758813858032,354.415893554688,0.0892032235860825,0.105728283524513,-0.0578655563294888,0.98869401216507
58.7908248901367,0.00910183042287827,0.0738765001296997,0.0855327025055885,11.3792562484741,11.6790723800659,354.536437988281,0.0936878472566605,0.105827018618584,-0.0572549812495708,0.988304138183594
59.3315696716309,0.00829504244029522,0.0732897073030472,0.091113269329071,11.6017007827759,11.7632961273193,354.552185058594,0.0955804362893105,0.106611929833889,-0.0573764443397522,0.988031506538391
59.8751068115234,0.00854800827801228,0.0726549401879311,0.096872091293335,11.9267616271973,11.6158800125122,354.563537597656,0.0984700992703438,0.105435065925121,-0.0574271343648434,0.987871050834656
60.4118041992188,0.0078453067690134,0.0721923559904099,0.0985130444169044,12.076735496521,11.4701471328735,354.698120117188,0.0999596640467644,0.104109071195126,-0.0562649741768837,0.987928926944733
60.9627723693848,0.00706265866756439,0.0715625882148743,0.100358672440052,12.3504152297974,11.3140621185303,354.744049072266,0.102439247071743,0.102806553244591,-0.0559550039470196,0.987828969955444
61.4966011047363,0.00504852645099163,0.071464404463768,0.099943496286869,12.4784822463989,11.5323400497437,354.871246337891,0.103553488850594,0.104611694812775,-0.0551598481833935,0.987567961215973
62.0323219299316,0.00359876081347466,0.0713131427764893,0.0914906784892082,12.488151550293,11.1065311431885,354.694427490234,0.103685297071934,0.101104252040386,-0.0563067272305489,0.987854659557343
62.5827178955078,0.00286293961107731,0.0712774023413658,0.0856944024562836,12.5002689361572,11.3615045547485,354.732391357422,0.103698521852493,0.103271380066872,-0.0562199465930462,0.987634003162384
63.1173400878906,0.00507750548422337,0.0707677379250526,0.0883082300424576,12.6581182479858,11.3427934646606,354.641784667969,0.10498783737421,0.103240892291069,-0.0571121424436569,0.987449765205383
63.6523551940918,0.00696658901870251,0.070877268910408,0.0872476175427437,12.7153129577637,11.3107109069824,354.705688476563,0.105554610490799,0.102923206984997,-0.0565782636404037,0.987453281879425
64.1899566650391,0.00829476118087769,0.0715328007936478,0.0788929387927055,12.5846195220947,11.5299739837646,354.618621826172,0.104239277541637,0.104852214455605,-0.0574224889278412,0.987341344356537
64.7384262084961,0.00728633441030979,0.071388877928257,0.0613799914717674,12.3555746078491,12.4358072280884,354.549591064453,0.101740077137947,0.112645730376244,-0.0586341619491577,0.986672163009644
65.2789306640625,0.0169813074171543,0.0789527520537376,0.0443177036941051,8.3790922164917,21.6433944702148,355.814422607422,0.0648711249232292,0.189747095108032,-0.049480002373457,0.978437304496765
65.8327865600586,0.0218771211802959,0.0796092301607132,0.0541613325476646,8.10328769683838,22.9154872894287,355.494689941406,0.0614055842161179,0.20071741938591,-0.0524510256946087,0.976314902305603
66.4029541015625,0.0214481204748154,0.082056425511837,0.0609340742230415,7.00342655181885,25.9440307617188,355.2568359375,0.0501972176134586,0.226327046751976,-0.0539475940167904,0.971260011196136
66.9135208129883,0.00715906638652086,0.0824490115046501,0.0573185682296753,6.6823353767395,22.6428852081299,355.249542236328,0.0489760339260101,0.198179438710213,-0.0519997738301754,0.977559328079224
67.4550476074219,0.00235900469124317,0.0823782607913017,0.0528899691998959,6.93590497970581,22.2718276977539,355.093536376953,0.0510450527071953,0.195147126913071,-0.0535932071506977,0.977977395057678
67.9743347167969,-0.00528373382985592,0.0772669315338135,0.0567636117339134,9.45584869384766,16.1486129760742,354.950347900391,0.0753615275025368,0.143438413739204,-0.0550328716635704,0.985249936580658
68.5243835449219,-0.00694796908646822,0.0754124149680138,0.0651388391852379,10.6623792648315,12.3468828201294,354.754669189453,0.0873775482177734,0.111188046634197,-0.0552773289382458,0.988406240940094
69.061279296875,-0.00379282422363758,0.0749297142028809,0.0759870037436485,10.8902826309204,11.3365125656128,354.932312011719,0.08998953551054,0.10240127146244,-0.0531581155955791,0.989237129688263
69.598747253418,-0.00297002214938402,0.0745488926768303,0.0800752639770508,11.1411275863647,11.8776750564575,355.028991699219,0.0919939279556274,0.107068344950676,-0.0529645346105099,0.988568782806396
70.1351852416992,-0.00557082705199718,0.0745101645588875,0.0789123177528381,11.1896877288818,11.7953367233276,355.208923339844,0.0926181972026825,0.1062266305089,-0.0513873994350433,0.98868453502655
70.6703796386719,-0.00421538669615984,0.0747391805052757,0.0773512125015259,11.1139049530029,11.8330526351929,355.079284667969,0.0918262973427773,0.106635235249996,-0.052471250295639,0.988657474517822
71.2191772460938,-0.000925188884139061,0.0740681141614914,0.077013373374939,11.3983449935913,11.5690546035767,354.986358642578,0.094318687915802,0.10451478511095,-0.0532995760440826,0.98860502243042
71.7546081542969,0.00286545697599649,0.0740884467959404,0.0663465782999992,11.3088550567627,12.0918788909912,354.822601318359,0.0931462496519089,0.10913173854351,-0.0550630800426006,0.988120496273041
72.2972183227539,0.00261058937758207,0.0743459686636925,0.0588181801140308,11.1659574508667,11.9561109542847,354.960205078125,0.0921073481440544,0.107807368040085,-0.0536421984434128,0.988441407680511
72.8372116088867,0.0033445917069912,0.0740384981036186,0.0545889586210251,11.2319450378418,12.2970876693726,354.955535888672,0.0925123170018196,0.110770903527737,-0.054015263915062,0.988055467605591
73.3764572143555,0.00323938019573689,0.0745279267430305,0.059465017169714,11.0380840301514,12.2899732589722,354.883758544922,0.0907730981707573,0.110710315406322,-0.0544555559754372,0.988199412822723
73.9104461669922,0.00842874869704247,0.0737344846129417,0.0607920587062836,11.3884420394897,12.5180759429932,354.692901611328,0.0934996828436852,0.112935520708561,-0.0565992258489132,0.987572729587555
74.4458312988281,0.0113113056868315,0.0729122534394264,0.0607610568404198,11.6612730026245,12.5588941574097,354.619506835938,0.0957602337002754,0.113431543111801,-0.0575125887989998,0.987246453762054
74.9926376342773,0.00768941733986139,0.0717898234724998,0.0730182230472565,12.3891201019287,13.3315744400024,354.810119628906,0.101840920746326,0.120133936405182,-0.0572187528014183,0.98586118221283
75.5304870605469,-0.0327221751213074,0.0677708983421326,0.0763189047574997,13.2387380599976,16.7478713989258,355.094482421875,0.107748605310917,0.149410232901573,-0.0588292963802814,0.981124877929688
76.0652160644531,-0.0191202517598867,0.0638525262475014,0.0813770890235901,15.8709402084351,11.3522510528564,354.745147705078,0.132745862007141,0.104152724146843,-0.0588197484612465,0.983905971050262
76.61669921875,0.0775360092520714,0.0486599132418633,0.0719084069132805,19.6000576019287,2.26375794410706,352.466156005859,0.168530270457268,0.0306036882102489,-0.0680816397070885,0.982866168022156
77.1568984985352,0.10242073982954,0.0410306565463543,0.090034194290638,23.6303310394287,2.24985718727112,350.878479003906,0.202539429068565,0.0354338549077511,-0.0818235799670219,0.975206196308136
77.6996994018555,0.0541631504893303,0.0310081243515015,0.1723672747612,24.2412414550781,10.5680599212646,359.130493164063,0.208388924598694,0.0916239395737648,-0.0267234053462744,0.97337818145752
78.2535629272461,0.0441483035683632,-0.0274071581661701,0.210106417536736,33.7575988769531,11.3624906539917,354.281036376953,0.283836483955383,0.109024859964848,-0.0762099772691727,0.949601233005524
78.7898483276367,0.0555231496691704,0.00444308621808887,0.171395257115364,32.3185157775879,15.3991537094116,355.366455078125,0.270371526479721,0.139729380607605,-0.0757340267300606,0.949546933174133
79.3521270751953,0.0203600637614727,0.0645256787538528,0.123344905674458,11.2249307632446,11.2933883666992,355.913024902344,0.0937712490558624,0.101330399513245,-0.044931635260582,0.989403963088989
79.8940887451172,0.037754014134407,0.0652785524725914,0.115003190934658,11.4261951446533,12.23801612854,355.129913330078,0.0943843424320221,0.110174052417278,-0.0526364967226982,0.988019585609436
80.4278945922852,0.0328633897006512,0.0646116137504578,0.116363734006882,12.1203575134277,11.9983682632446,355.332641601563,0.100675769150257,0.108119316399097,-0.0512944348156452,0.987696051597595
80.9784469604492,0.0307709909975529,0.0625478476285934,0.111309170722961,12.6929054260254,11.7351598739624,355.320922851563,0.105721764266491,0.106007233262062,-0.0516495443880558,0.987379252910614
81.5340194702148,0.0575899705290794,0.0677280649542809,0.0940940082073212,10.7426223754883,14.6487817764282,352.937469482422,0.0848518386483192,0.132404744625092,-0.0727337598800659,0.98487514257431
82.0615005493164,0.0541690811514854,0.0714048892259598,0.0792416110634804,9.13248252868652,14.3020734786987,353.054504394531,0.0713306814432144,0.128647238016129,-0.0698041096329689,0.986655592918396
82.6169128417969,0.0377770960330963,0.0699162930250168,0.0788705945014954,10.3530302047729,15.3095293045044,354.291107177734,0.0827030539512634,0.136948928236961,-0.0611571557819843,0.985223352909088
83.1607513427734,0.0678903236985207,0.0766561403870583,0.0720553621649742,6.04178237915039,29.0762348175049,355.233703613281,0.0405450314283371,0.252579599618912,-0.0534119047224522,0.96524965763092
83.7011413574219,0.0624277107417583,0.0743596702814102,0.088355541229248,7.18743562698364,27.6151161193848,355.273559570313,0.0509963370859623,0.240499600768089,-0.0549107827246189,0.96775209903717
84.236572265625,0.0126071870326996,0.0696281492710114,0.117231510579586,9.43426322937012,13.4364137649536,357.745422363281,0.0793622732162476,0.11817429959774,-0.0290909577161074,0.989388823509216
84.7822189331055,0.0205099619925022,0.0713872462511063,0.101430222392082,9.18831920623779,15.0186319351196,357.029418945313,0.076007105410099,0.132282093167305,-0.036079715937376,0.987634897232056
85.3290863037109,0.0190088637173176,0.0713902190327644,0.097179651260376,6.68592309951782,23.9883422851563,357.704010009766,0.0528716631233692,0.208559706807137,-0.0316799059510231,0.976065516471863
85.8701705932617,-0.00679179653525352,0.0694505125284195,0.11671157181263,9.66435050964355,26.2031097412109,358.041839599609,0.0781731754541397,0.227240994572639,-0.0356753394007683,0.970040082931519
86.4251480102539,0.0416413880884647,0.0654415115714073,0.126152649521828,10.3455066680908,29.2416000366211,355.329132080078,0.0769227743148804,0.254738807678223,-0.0620086304843426,0.961949050426483
86.9582061767578,0.0283909551799297,0.0706464871764183,0.119100943207741,8.93727684020996,28.1342220306396,354.699523925781,0.0642914921045303,0.245554804801941,-0.0636332109570503,0.965152978897095
87.5097122192383,0.0198947601020336,0.0734246894717216,0.0814481899142265,8.46237945556641,27.9641532897949,353.889984130859,0.0586514137685299,0.244433015584946,-0.06937625259161,0.965401172637939
88.0432510375977,0.0193159729242325,0.0742099210619926,0.0719092488288879,8.3128080368042,27.5136566162109,354.052368164063,0.0580007694661617,0.240509152412415,-0.0674712583422661,0.966560363769531
88.6020736694336,0.0223457030951977,0.0738028734922409,0.079680822789669,8.69587898254395,26.293098449707,354.284454345703,0.0624273754656315,0.230186656117439,-0.065632052719593,0.968921780586243
89.1534042358398,0.0239356216043234,0.0730254203081131,0.0854959040880203,8.97887420654297,26.3423881530762,354.609558105469,0.0654499605298042,0.230494871735573,-0.0634618252515793,0.968793570995331
89.6829681396484,0.0224759355187416,0.0729610398411751,0.0843277126550674,9.05895042419434,26.1583480834961,354.792175292969,0.0665949881076813,0.228852286934853,-0.0619671456515789,0.969201624393463
90.2329864501953,0.019652433693409,0.0731564089655876,0.0769877210259438,9.02028656005859,25.361967086792,354.837829589844,0.0667844191193581,0.22207547724247,-0.0610435456037521,0.970822334289551
90.775016784668,0.0182498283684254,0.0732995867729187,0.0675807595252991,8.88243770599365,25.9686832427979,355.023742675781,0.0656603798270226,0.227074667811394,-0.059557843953371,0.969834387302399
91.3207626342773,0.0205923430621624,0.0736722275614738,0.0679030120372772,8.7804651260376,26.0040855407715,354.844970703125,0.0644228905439377,0.227452918887138,-0.0608944594860077,0.969745695590973
91.8754425048828,0.0199135821312666,0.0739892274141312,0.0687680020928383,8.54452610015869,25.2736511230469,354.900329589844,0.062913715839386,0.221180498600006,-0.0595715455710888,0.971376538276672
92.4087982177734,-0.000304291024804115,0.0707663223147392,0.0718929171562195,10.2781324386597,16.2577686309814,355.534057617188,0.0831188783049583,0.144179940223694,-0.051072396337986,0.984730958938599
92.9629745483398,-0.0014522485435009,0.0691753849387169,0.0723412185907364,10.8838663101196,15.8549165725708,355.24755859375,0.0881573334336281,0.141073986887932,-0.0539482682943344,0.984589278697968
93.5066680908203,0.000675259158015251,0.0690509229898453,0.0786007642745972,11.0756883621216,15.6088933944702,355.253387451172,0.0899303555488586,0.139001935720444,-0.0539283342659473,0.984724700450897
94.0400619506836,0.000695617869496346,0.069235697388649,0.0789231583476067,11.037956237793,15.5733251571655,355.238555908203,0.0896045118570328,0.13869871199131,-0.0539847910404205,0.984794080257416
94.5925598144531,0.00250568613409996,0.0685275867581367,0.0815197601914406,11.3852233886719,15.8121423721313,355.338195800781,0.0926006659865379,0.140753746032715,-0.0537179671227932,0.984239757061005
95.148551940918,0.00396234821528196,0.0679702386260033,0.0858525335788727,11.6253871917725,16.0135517120361,355.380340576172,0.0946229472756386,0.142503425478935,-0.0538005940616131,0.983791053295135
95.6787948608398,0.00415875669568777,0.0683101862668991,0.088426873087883,11.559606552124,16.6428413391113,355.513061523438,0.0939323306083679,0.147780746221542,-0.0531003922224045,0.983116447925568
96.2291030883789,0.00418530311435461,0.0697014182806015,0.0788156166672707,10.9951057434082,17.911828994751,355.525848388672,0.0885144025087357,0.158534333109856,-0.0532839521765709,0.981933236122131
96.766471862793,0.0069015147164464,0.0698054954409599,0.0739793106913567,10.9690628051758,18.113733291626,355.234039306641,0.0877886191010475,0.160482987761497,-0.0559047684073448,0.981536090373993
97.3163986206055,0.00582352839410305,0.0693625211715698,0.0775376856327057,11.2420797348022,18.1111335754395,355.141754150391,0.0900018811225891,0.160594344139099,-0.0570563189685345,0.981251120567322
97.8642578125,0.00924596376717091,0.0687568411231041,0.0969432443380356,11.5182600021362,18.9958534240723,355.527893066406,0.0924899280071259,0.167915537953377,-0.0548333823680878,0.979920029640198
98.4183883666992,0.0142001379281282,0.0716439709067345,0.100296907126904,10.0996761322021,22.4187355041504,356.238067626953,0.079940639436245,0.196369916200638,-0.0491739809513092,0.976027846336365
98.9541931152344,0.0150322392582893,0.0712997019290924,0.086598202586174,10.2587804794312,22.2726383209229,355.797332763672,0.0806090980768204,0.195457622408867,-0.0530889742076397,0.97595089673996
99.4890594482422,0.0142271313816309,0.0709474757313728,0.0756832733750343,10.2850551605225,22.1111507415771,355.536468505859,0.0804659351706505,0.19427002966404,-0.0552404895424843,0.976080358028412
100.053268432617,0.0145361544564366,0.0704977288842201,0.0786960646510124,10.4400005340576,21.8487682342529,355.498291015625,0.0818503648042679,0.192090213298798,-0.0556316338479519,0.976374387741089
100.608283996582,0.0101059377193451,0.0691326931118965,0.0854911878705025,11.2407054901123,19.1633796691895,355.639190673828,0.0901977494359016,0.169207632541656,-0.0536249689757824,0.979978382587433
101.164665222168,0.0111343441531062,0.0691749900579453,0.0866766273975372,11.2928400039673,19.4073390960693,355.631011962891,0.0905173867940903,0.171309486031532,-0.0539615266025066,0.979565143585205
101.713447570801,0.0128742996603251,0.0688223913311958,0.0873645022511482,11.4240522384644,19.5825481414795,355.454284667969,0.0912908762693405,0.172971576452255,-0.0557992532849312,0.979098200798035
102.243957519531,0.0130307879298925,0.0684751197695732,0.0860526710748672,11.5555591583252,19.6687183380127,355.453491210938,0.0923726558685303,0.173733428120613,-0.0560650043189526,0.978846669197083
102.800621032715,0.0148549657315016,0.0688310563564301,0.0830394849181175,11.3836221694946,19.4354133605957,355.200775146484,0.0906363874673843,0.171907380223274,-0.0577904433012009,0.979230940341949
103.351791381836,0.0139121916145086,0.0686204582452774,0.0766034871339798,11.4196109771729,19.7875995635986,355.317962646484,0.0909449681639671,0.174830764532089,-0.057120431214571,0.978723883628845
103.882026672363,0.0131459757685661,0.0685823187232018,0.0782621428370476,11.5467586517334,19.6431331634521,355.151519775391,0.0918523520231247,0.173755824565887,-0.0586108900606632,0.978742480278015
104.435066223145,0.01463040150702,0.0685232356190681,0.0792234167456627,11.5368270874023,19.795389175415,355.255004882813,0.0918475016951561,0.174971163272858,-0.0578348599374294,0.97857254743576
104.96688079834,0.0165019705891609,0.0673240125179291,0.0882401689887047,11.9535875320435,19.7290935516357,355.384979248047,0.0956427231431007,0.174380481243134,-0.0572761446237564,0.978347301483154
105.513519287109,0.0163184069097042,0.0669751241803169,0.0936610400676727,12.2231597900391,19.9326457977295,355.426452636719,0.0979085490107536,0.176132559776306,-0.057486679404974,0.977796792984009
106.070892333984,0.0138977617025375,0.0679595768451691,0.0748593583703041,11.6580743789673,20.1193408966064,355.137481689453,0.0925376191735268,0.177856162190437,-0.0592766106128693,0.977901041507721
106.603210449219,0.0133580043911934,0.0698554068803787,0.0651076957583427,10.8461475372314,20.8342056274414,355.192779541016,0.0853206142783165,0.183743298053741,-0.0581361651420593,0.977537214756012
107.159027099609,0.0145637830719352,0.0701953545212746,0.0655962154269218,10.7216730117798,20.8589839935303,355.137420654297,0.0841557905077934,0.183969214558601,-0.0584353841841221,0.977577865123749
107.707260131836,0.0206708237528801,0.0735847353935242,0.0680414661765099,9.1925687789917,23.9348621368408,355.356140136719,0.0699544250965118,0.209695115685463,-0.0561088435351849,0.973645806312561
108.242530822754,0.0204069968312979,0.0729291960597038,0.0708453431725502,9.56841945648193,23.564001083374,355.351348876953,0.0733266398310661,0.206620931625366,-0.0565792210400105,0.974027633666992
108.795600891113,0.0226448122411966,0.0720455348491669,0.0742499977350235,9.90776252746582,23.7287788391113,355.254638671875,0.075956866145134,0.208151012659073,-0.0581023879349232,0.973410427570343
109.339828491211,0.0245897546410561,0.0709525793790817,0.0812253504991531,10.300555229187,23.6521625518799,355.235626220703,0.0793029293417931,0.207589834928513,-0.0589000135660172,0.973215460777283
109.901596069336,0.0265212133526802,0.0697725415229797,0.0923472344875336,10.9138584136963,23.5452194213867,355.377746582031,0.0848310366272926,0.206692412495613,-0.0586854740977287,0.972953200340271
110.421318054199,0.0264011770486832,0.069665789604187,0.0921623334288597,10.9334993362427,23.6269798278809,355.351440429688,0.084908552467823,0.207409471273422,-0.0590034686028957,0.972774624824524
110.992721557617,0.0227784179151058,0.0709137767553329,0.0728263035416603,10.3473825454712,23.7307662963867,355.032196044922,0.0792909562587738,0.208407446742058,-0.0607636123895645,0.972927093505859
111.506591796875,0.0204002484679222,0.0717866197228432,0.0577556043863297,9.90810108184814,23.5401172637939,354.871917724609,0.0753650814294815,0.206801041960716,-0.0612295679748058,0.973552465438843
112.008834838867,0.0226384624838829,0.07105453312397,0.0634165108203888,10.1997709274292,23.330680847168,355.003051757813,0.0781941562891006,0.204998046159744,-0.0604798942804337,0.97375750541687
112.591583251953,0.0216076821088791,0.0607030875980854,0.0877204313874245,15.1501140594482,19.6832637786865,354.459503173828,0.121544197201729,0.175513282418251,-0.0697102844715118,0.974454998970032
113.095878601074,0.0161063000559807,0.056949470192194,0.0856918692588806,17.0454711914063,18.3923873901367,354.893707275391,0.139111220836639,0.164410874247551,-0.0671494007110596,0.97422182559967
113.597702026367,0.0300787668675184,0.0453926734626293,0.0909327119588852,22.1123752593994,20.1016502380371,355.0302734375,0.18122486770153,0.179308205842972,-0.0753346756100655,0.964018106460571
114.111022949219,0.0587972365319729,0.0432131700217724,0.0971537530422211,22.0491352081299,27.7429542541504,356.594604492188,0.178578719496727,0.240732818841934,-0.0741405412554741,0.951136469841003
114.700218200684,0.0505167953670025,0.0406339950859547,0.0916686803102493,23.3521842956543,26.0409870147705,356.481079101563,0.190308123826981,0.226587474346161,-0.0748694241046906,0.952279150485992
115.20263671875,0.0441752001643181,0.0392589345574379,0.0933171883225441,24.0058994293213,24.207857131958,356.071746826172,0.196189776062965,0.211949899792671,-0.0763600766658783,0.954335391521454
115.703788757324,0.0534507855772972,0.0573374293744564,0.0810859426856041,16.7697200775146,30.1201515197754,355.165130615234,0.129845425486565,0.262765020132065,-0.0781509652733803,0.95288360118866
116.204513549805,0.0500873811542988,0.0526209473609924,0.0874730944633484,18.935079574585,27.6092185974121,355.536865234375,0.150451853871346,0.241402849555016,-0.0765176564455032,0.955632746219635
116.705635070801,0.0390664637088776,0.0674817338585854,0.0653863176703453,12.0838918685913,25.269832611084,355.361785888672,0.0938214212656021,0.221500754356384,-0.0622704327106476,0.968636870384216
117.208183288574,0.0299251303076744,0.0717928931117058,0.0540480278432369,10.3004417419434,23.7853393554688,355.427978515625,0.0795837044715881,0.208587437868118,-0.0573586001992226,0.973071277141571
117.71199798584,0.0286096557974815,0.0679740831255913,0.0623774603009224,11.96875,20.8749904632568,354.773315429688,0.0942102670669556,0.184663116931915,-0.0634646713733673,0.976215243339539
118.216041564941,0.0277121514081955,0.0664965957403183,0.0713667273521423,12.6403837203979,19.9994602203369,354.932739257813,0.100676849484444,0.177211925387383,-0.0623665377497673,0.977021276950836
118.723434448242,0.0258219577372074,0.0649328678846359,0.075883112847805,13.2081489562988,18.4624671936035,354.846435546875,0.10623924434185,0.16429728269577,-0.062512218952179,0.978678643703461
119.23445892334,0.0240906849503517,0.0624779984354973,0.0773594155907631,14.4350519180298,18.0959930419922,354.910827636719,0.117024444043636,0.161370351910591,-0.0632354468107224,0.977888643741608
119.813537597656,0.0382551699876785,0.0503707081079483,0.0741971656680107,20.3997669219971,20.6690635681152,354.586364746094,0.165677443146706,0.184590131044388,-0.0774573758244514,0.965648949146271
120.327896118164,0.0566396489739418,0.041612733155489,0.0750911012291908,23.3183670043945,24.3697280883789,354.340148925781,0.187090337276459,0.216212257742882,-0.0898659080266953,0.954030215740204
120.832450866699,0.0630950182676315,0.0404066853225231,0.0775701329112053,24.1033134460449,26.1691246032715,352.124237060547,0.18768784403801,0.234843119978905,-0.112574569880962,0.947073936462402
121.419937133789,0.0688140392303467,0.0392131097614765,0.0798256620764732,24.468692779541,29.5298557281494,352.805847167969,0.188883244991302,0.26143142580986,-0.113190062344074,0.939768433570862
121.921607971191,0.0633378997445107,0.0369145944714546,0.0831681713461876,25.5554065704346,26.8035697937012,351.038757324219,0.196830198168755,0.242155149579048,-0.125218063592911,0.941774487495422
122.434730529785,0.0564833916723728,0.0367823466658592,0.0844091027975082,25.1219081878662,23.0088863372803,350.802429199219,0.196814462542534,0.211130157113075,-0.119921579957008,0.949898421764374
123.022552490234,0.0126575976610184,0.0871320441365242,0.0626864954829216,2.46774744987488,20.3591709136963,356.759521484375,0.0161901097744703,0.177221685647964,-0.031627357006073,0.983529388904572
123.523590087891,0.0130269099026918,0.0853447020053864,0.0571156777441502,3.75574517250061,22.8951816558838,356.240447998047,0.0255931727588177,0.199311688542366,-0.0386328473687172,0.978839814662933
124.101173400879,0.0190233886241913,0.0814000964164734,0.0609911754727364,5.92632532119751,23.2446918487549,355.916381835938,0.0434337072074413,0.2028668820858,-0.0452590994536877,0.977195084095001
124.602264404297,0.0208341088145971,0.081791415810585,0.0582087151706219,5.74149656295776,24.0901870727539,355.673980712891,0.0410791747272015,0.210119739174843,-0.0473094210028648,0.975665926933289
125.104362487793,0.0194742046296597,0.079403929412365,0.0626077204942703,6.86903285980225,22.8404884338379,355.625396728516,0.0511353313922882,0.199745237827301,-0.0491968803107738,0.977275133132935
125.604614257813,0.0215234942734241,0.0786857232451439,0.0674922466278076,7.13404178619385,22.9044628143311,355.645050048828,0.0534040145576,0.200339987874031,-0.0495105013251305,0.97701621055603
126.106056213379,0.0235288720577955,0.0781013742089272,0.0726441293954849,7.2383828163147,23.7440128326416,355.572998046875,0.0537984743714333,0.207548514008522,-0.05069849640131,0.975427627563477
126.606773376465,0.018526678904891,0.0783406347036362,0.0755718499422073,7.1679539680481,21.6154670715332,355.722747802734,0.0543759874999523,0.189308181405067,-0.0482972972095013,0.979220628738403
127.179328918457,0.0213704891502857,0.0795238316059113,0.0750637650489807,6.54822969436646,24.348560333252,355.565643310547,0.0476414486765862,0.212544038891792,-0.0497908927500248,0.974718570709229
127.684753417969,0.0219267513602972,0.0786409750580788,0.0790826454758644,6.90979051589966,24.2473220825195,355.602111816406,0.0508315041661263,0.21174693107605,-0.0500927418470383,0.974715411663055
128.263031005859,0.0205351412296295,0.0767921656370163,0.0799855589866638,7.82603693008423,23.3623847961426,355.759887695313,0.0593104213476181,0.204327791929245,-0.0499501377344131,0.975826501846313
128.833892822266,0.0176864843815565,0.0759913697838783,0.0797793418169022,8.19888782501221,22.9959850311279,356.075134277344,0.0632034465670586,0.201105892658234,-0.0477127730846405,0.976363241672516
129.355773925781,0.0185234043747187,0.0755625292658806,0.0814213678240776,8.43502140045166,23.0098075866699,356.177581787109,0.0653913915157318,0.201204478740692,-0.0472522936761379,0.976221263408661
129.938018798828,0.0196278132498264,0.0751309767365456,0.084186464548111,8.57601928710938,23.160099029541,356.081146240234,0.0663609579205513,0.202562361955643,-0.048402301967144,0.975818634033203
130.439224243164,0.0197526216506958,0.0743534415960312,0.0902453362941742,8.79570293426514,23.1102733612061,356.212615966797,0.0684866458177567,0.202094569802284,-0.0476317889988422,0.975806653499603
130.940032958984,0.0225162915885448,0.0730762630701065,0.0990537256002426,9.18499946594238,23.3659362792969,356.291076660156,0.0718367174267769,0.204277738928795,-0.0477936379611492,0.97510302066803
131.45556640625,0.0237334482371807,0.0726930648088455,0.108015440404415,9.46172714233398,23.7221126556396,356.387390136719,0.0742176249623299,0.207281202077866,-0.0476862005889416,0.974295794963837
132.044250488281,0.0261652730405331,0.0714565292000771,0.108126491308212,10.0197467803955,24.1371250152588,356.397094726563,0.0788074880838394,0.210864901542664,-0.0488734282553196,0.973106801509857
132.544647216797,0.0234701856970787,0.0721883922815323,0.0962453112006187,9.7416410446167,24.5337085723877,356.248596191406,0.0759973004460335,0.214300140738487,-0.0498990677297115,0.972527623176575
133.127563476563,0.0212888903915882,0.0738399028778076,0.0706437230110168,8.85750579833984,24.9767227172852,355.751373291016,0.0673489049077034,0.218242079019547,-0.0527691468596458,0.972136795520782
133.628952026367,0.0192194618284702,0.074415810406208,0.0602964088320732,8.55999279022217,25.1286087036133,355.526733398438,0.0643218532204628,0.21960611641407,-0.0542083233594894,0.971955418586731
134.133102416992,0.0194473117589951,0.074659638106823,0.0606343932449818,8.45089435577393,25.1932582855225,355.591369628906,0.0634889453649521,0.220097884535789,-0.0534920617938042,0.971938669681549
134.709976196289,0.0194561053067446,0.0734656304121017,0.0694103166460991,8.96857166290283,25.1432132720947,355.773315429688,0.0682573020458221,0.21965979039669,-0.0528884157538414,0.971747577190399
135.212692260742,0.0194979533553123,0.0730303749442101,0.0752528607845306,9.27277278900146,25.1653633117676,355.816925048828,0.0709133967757225,0.219869926571846,-0.0531004033982754,0.971498250961304
135.784591674805,0.0193330049514771,0.0723133981227875,0.0752838551998138,9.37364196777344,25.0600452423096,356.004333496094,0.0721766725182533,0.218874961137772,-0.0516336597502232,0.971708953380585
136.367752075195,0.0173340775072575,0.0668104216456413,0.0784371569752693,11.9368019104004,23.4037399291992,355.463897705078,0.0937561169266701,0.205591261386871,-0.059614609926939,0.972310721874237
136.870422363281,0.0330904647707939,0.0598298460245132,0.0656302273273468,16.7079944610596,28.1292762756348,352.87646484375,0.125723987817764,0.248728767037392,-0.0948619693517685,0.955682337284088
137.385635375977,0.0636123940348625,0.0553957372903824,0.0500316172838211,18.3888072967529,29.7040424346924,349.161743164063,0.129859909415245,0.266485303640366,-0.130886122584343,0.94603955745697
137.968933105469,0.0602864064276218,0.0525185167789459,0.0566306598484516,20.7070446014404,27.399471282959,352.029174804688,0.157993450760841,0.244549736380577,-0.108886763453484,0.950461566448212
138.550109863281,0.0859936028718948,0.0479768589138985,0.0518733747303486,22.4471263885498,26.6603317260742,351.978759765625,0.173112496733665,0.238845258951187,-0.111521653831005,0.948972046375275
139.05615234375,0.0853694826364517,0.041076485067606,0.0474046915769577,23.6040954589844,18.234245300293,348.322296142578,0.185120537877083,0.174843057990074,-0.130562826991081,0.958182513713837
139.559417724609,0.0755399838089943,0.0595499463379383,0.0691975131630898,13.8255767822266,17.3603363037109,345.815795898438,0.0995718613266945,0.163365080952644,-0.139188647270203,0.971608877182007
140.091430664063,0.0434412695467472,0.0944658219814301,0.0531540624797344,358.515197753906,29.1912460327148,354.699249267578,-0.0241771470755339,0.251124918460846,-0.0414837226271629,0.966763079166412
140.675277709961,0.035093255341053,0.0939185842871666,0.0507762469351292,358.670532226563,30.6750621795654,354.371856689453,-0.0241599027067423,0.263618797063828,-0.0442783161997795,0.96330726146698
141.19645690918,0.0431920178234577,0.0916004031896591,0.0490002557635307,359.657073974609,33.947925567627,353.786499023438,-0.0186798870563507,0.291351616382599,-0.0509629361331463,0.955074906349182
141.703170776367,0.0439017154276371,0.0902590081095695,0.0556835234165192,0.422445684671402,33.5165939331055,353.655944824219,-0.0124300671741366,0.28808656334877,-0.0540449060499668,0.955997288227081
142.21565246582,0.0456005372107029,0.0882835909724236,0.0623914673924446,1.39101564884186,33.4576187133789,353.780609130859,-0.00400586798787117,0.288027703762054,-0.0554368533194065,0.956007719039917
142.801193237305,0.0446014516055584,0.0860865563154221,0.0662763044238091,2.44218826293945,32.6961059570313,353.938873291016,0.00554264057427645,0.282095193862915,-0.0567096211016178,0.957692861557007
143.319595336914,0.0431423336267471,0.0845978260040283,0.0639830902218819,3.02778077125549,32.3693542480469,354.016326904297,0.0107945967465639,0.27958145737648,-0.05746154114604,0.958340167999268
143.833877563477,0.0415630675852299,0.0842179358005524,0.0567855052649975,3.45492839813232,32.4891624450684,353.945068359375,0.0141338836401701,0.280749350786209,-0.0591041520237923,0.95785528421402
144.33674621582,0.0368061065673828,0.0837886333465576,0.0502776317298412,3.58265280723572,32.0878257751465,354.153228759766,0.0159144792705774,0.277411580085754,-0.057618148624897,0.958889842033386
144.840621948242,0.0348901897668839,0.0831199064850807,0.0498312339186668,3.78445553779602,31.982027053833,354.205871582031,0.0177853368222713,0.276588767766953,-0.0576444230973721,0.959093034267426
145.423431396484,0.0382091738283634,0.0818046703934669,0.0573753267526627,4.35530757904053,32.0153923034668,354.115905761719,0.0223328024148941,0.277078777551651,-0.0597649104893208,0.958726644515991
145.932418823242,0.0404555946588516,0.0804618000984192,0.0682096928358078,5.05366802215576,31.8996505737305,354.312713623047,0.0287183206528425,0.276293218135834,-0.0597544349730015,0.958783984184265
146.444381713867,0.0421153716742992,0.0792952030897141,0.0777498036623001,5.70325517654419,32.1269340515137,354.364379882813,0.0341636203229427,0.278375416994095,-0.0609315000474453,0.957928657531738
146.957595825195,0.0390679575502872,0.0801088958978653,0.0741904526948929,5.46414852142334,31.7263793945313,354.658416748047,0.033078096807003,0.27487051486969,-0.0577865727245808,0.959172964096069
147.472885131836,0.0326928943395615,0.0811045542359352,0.052159134298563,4.97009038925171,31.56201171875,354.353424072266,0.0282906461507082,0.273430854082108,-0.0591322295367718,0.959655463695526
147.993835449219,0.028320174664259,0.0819300413131714,0.040433544665575,4.48913812637329,30.8356132507324,354.222717285156,0.0243201944977045,0.267216920852661,-0.0589430704712868,0.961524546146393
148.579833984375,0.0307860672473907,0.0815179720520973,0.0421098917722702,4.62853527069092,31.104866027832,354.271209716797,0.0254658311605453,0.269510746002197,-0.0589166656136513,0.960856020450592
149.158660888672,0.0333795808255672,0.0807978436350822,0.0478962510824203,5.08128547668457,31.2392807006836,354.205352783203,0.0290402453392744,0.270799338817596,-0.0605518668889999,0.960290551185608
149.659866333008,0.0326867029070854,0.0808029845356941,0.0490017719566822,5.17609310150146,31.2065105438232,354.168273925781,0.0297655388712883,0.270564645528793,-0.0610746294260025,0.960301339626312
150.183624267578,0.0339947566390038,0.0802510231733322,0.053398460149765,5.31739854812622,31.1516437530518,354.130615234375,0.0308918356895447,0.27016019821167,-0.0617034807801247,0.960339426994324
150.764007568359,0.0353647880256176,0.0796677470207214,0.0591315552592278,5.59915256500244,31.0315895080566,354.255737304688,0.0336154401302338,0.269207268953323,-0.0612725093960762,0.960543215274811
151.339126586914,0.0360416695475578,0.0788046717643738,0.0647575184702873,5.87566423416138,31.0340232849121,354.343658447266,0.036141574382782,0.269284129142761,-0.0611745826900005,0.960436105728149
151.843338012695,0.0375007763504982,0.0778845623135567,0.0744154006242752,6.37445640563965,31.0941600799561,354.595153808594,0.0408873334527016,0.269843399524689,-0.0602388195693493,0.960147976875305
152.345077514648,0.0392467230558395,0.0773584768176079,0.0801472216844559,6.63145351409912,31.1611022949219,354.610565185547,0.0430444963276386,0.270466059446335,-0.0607287771999836,0.959847569465637
152.846557617188,0.0396968424320221,0.0772538483142853,0.0810516253113747,6.75482940673828,31.2398281097412,354.648620605469,0.0441276207566261,0.271142512559891,-0.0607257895171642,0.959607660770416
153.371429443359,0.0382295399904251,0.0780615881085396,0.0706335157155991,6.4475245475769,31.2694969177246,354.352142333984,0.0408324152231216,0.271418750286102,-0.0625063329935074,0.959561169147491
153.943145751953,0.0339264646172523,0.0791444107890129,0.0585053376853466,5.7367959022522,31.126220703125,354.230499267578,0.0346603617072105,0.270050048828125,-0.0618305169045925,0.960233628749847
154.460342407227,0.034934401512146,0.078835517168045,0.0606153458356857,5.89166641235352,31.1119556427002,354.270660400391,0.0360623225569725,0.269964993000031,-0.0618476942181587,0.960204839706421
154.961166381836,0.0381903536617756,0.0770685523748398,0.076514758169651,6.57517623901367,31.0863418579102,354.394653320313,0.0421034954488277,0.269904911518097,-0.0623793266713619,0.959941387176514
155.467407226563,0.0414285585284233,0.0757962763309479,0.0910798832774162,7.33251190185547,31.0844268798828,354.550537109375,0.0488251075148582,0.270026206970215,-0.0628201588988304,0.959560096263885
155.973052978516,0.0398380309343338,0.0760278701782227,0.0896165296435356,7.28248119354248,30.9714698791504,354.556304931641,0.0484807826578617,0.269065201282501,-0.0626087412238121,0.959861278533936
156.479675292969,0.0351782776415348,0.0793833881616592,0.0663586929440498,5.66861295700073,31.3820114135742,354.241180419922,0.0339758358895779,0.272168844938278,-0.061659149825573,0.959670782089233
156.979827880859,0.0305935554206371,0.0814960524439812,0.0456165596842766,4.75643730163574,32.1872634887695,354.002044677734,0.0253245327621698,0.278675645589828,-0.0617115832865238,0.958065867424011
157.484786987305,0.02975551225245,0.0830326229333878,0.0408357605338097,4.10503053665161,32.0178604125977,353.541748046875,0.0188470166176558,0.277111858129501,-0.0639714747667313,0.958520472049713
157.985122680664,0.0316651426255703,0.0831522196531296,0.04267368465662,4.13268566131592,32.2921562194824,353.436126708984,0.0186677165329456,0.279433399438858,-0.0649657472968102,0.957782804965973
158.491012573242,0.029399462044239,0.0830115377902985,0.0409726239740849,4.21000909805298,31.6886978149414,353.518493652344,0.0198548194020987,0.274401932954788,-0.0643596202135086,0.959253489971161
159.072341918945,0.0300797689706087,0.0823443830013275,0.0354217179119587,4.50857019424438,32.0591621398926,353.415740966797,0.0218975618481636,0.277635604143143,-0.0659951120615005,0.958166837692261
159.575057983398,0.0305169336497784,0.0814969092607498,0.0383777469396591,4.90774393081665,31.7851181030273,353.513519287109,0.0256346203386784,0.275474727153778,-0.0660680159926414,0.958692669868469
160.095748901367,0.0299732238054276,0.0815930962562561,0.0404334999620914,4.92841529846191,31.5436573028564,353.624542236328,0.0262119546532631,0.273436456918716,-0.0651330426335335,0.959324359893799
160.607650756836,0.031415406614542,0.0806591957807541,0.0470534972846508,5.19759321212769,31.3939533233643,353.720886230469,0.0287832152098417,0.272256433963776,-0.0649203509092331,0.959600627422333
161.112091064453,0.034831814467907,0.079775482416153,0.0578391365706921,5.73982238769531,31.2318153381348,353.949554443359,0.0339644625782967,0.271019786596298,-0.0642226561903954,0.959828197956085
161.632507324219,0.0378350429236889,0.0786583051085472,0.0595973283052444,6.32091522216797,31.1853733062744,353.919677734375,0.03879439458251,0.270826697349548,-0.06580501049757,0.959592401981354
162.147415161133,0.0701516941189766,0.0692385733127594,0.0715090483427048,9.71324062347412,25.2525825500488,354.501708984375,0.072073370218277,0.221518039703369,-0.0651203319430351,0.970306396484375
162.650161743164,-0.0173791274428368,0.0668566450476646,0.09990543872118,9.66042518615723,33.4548645019531,354.289611816406,0.0662542060017586,0.290457725524902,-0.0717398971319199,0.951891839504242
163.15087890625,-0.00948830414563417,0.0746362134814262,0.106260068714619,6.83570623397827,30.3147811889648,355.782806396484,0.0479010827839375,0.262946844100952,-0.0510280951857567,0.962268471717834
163.734085083008,0.0101581532508135,0.0772980824112892,0.0998708233237267,6.79156112670898,30.7959671020508,355.102691650391,0.0457302369177341,0.267253816127777,-0.0568315275013447,0.960861265659332
164.235702514648,0.00431564636528492,0.0785910710692406,0.0626736581325531,6.26129674911499,30.7958679199219,354.581024169922,0.0400608144700527,0.267317682504654,-0.0599915944039822,0.960904479026794
164.75212097168,0.00749724544584751,0.0795011147856712,0.046378243714571,5.72816276550293,32.1998748779297,354.033477783203,0.0335275195538998,0.279090344905853,-0.0637781992554665,0.957557737827301
165.346038818359,0.0185431577265263,0.0793977677822113,0.0694520175457001,6.2306227684021,33.2281723022461,353.550872802734,0.0359350517392159,0.287978678941727,-0.0693357959389687,0.954447209835052
165.852142333984,0.0150439664721489,0.0790957361459732,0.0696857646107674,6.24331378936768,33.0050964355469,353.749237060547,0.0366711653769016,0.286061346530914,-0.0676434710621834,0.955117046833038
166.352828979492,0.0147178433835506,0.079990416765213,0.0527042672038078,5.80509233474731,32.5943069458008,353.6865234375,0.0330957099795341,0.282510221004486,-0.0669754520058632,0.956350862979889
166.935150146484,0.0152183081954718,0.080432154238224,0.0461599603295326,5.57459402084351,32.722038269043,353.664520263672,0.0310403648763895,0.283503919839859,-0.0666360035538673,0.956149399280548
167.443542480469,0.0147326104342937,0.0797256976366043,0.0532893463969231,6.01851987838745,32.4448280334473,353.801879882813,0.0352509953081608,0.281298667192459,-0.0664829164743423,0.956665277481079
168.027389526367,0.0178647935390472,0.0782865434885025,0.0664017498493195,6.68344736099243,32.4441032409668,354.005523681641,0.0413113124668598,0.281430721282959,-0.0663827434182167,0.956390857696533
168.529983520508,0.0160135291516781,0.076600469648838,0.082953542470932,7.40564298629761,32.3640480041504,354.436492919922,0.0484526753425598,0.280790388584137,-0.0644885674118996,0.956373512744904
169.065124511719,-0.0108831766992807,0.0563219897449017,0.12924487888813,16.0999393463135,18.4745388031006,353.441070556641,0.128901928663254,0.16658827662468,-0.0783501863479614,0.974419772624969
169.565460205078,0.0561754815280437,0.0417036525905132,0.135403200984001,17.1260890960693,16.4601192474365,338.969360351563,0.119056209921837,0.166068956255913,-0.19956186413765,0.958343267440796
170.081909179688,0.0776476114988327,0.0264567472040653,0.15098774433136,19.9667949676514,14.0074777603149,336.963348388672,0.144624605774879,0.152028322219849,-0.215903371572495,0.953602015972137
170.604064941406,0.070102222263813,0.041289184242487,0.141637727618217,16.4721813201904,22.7019195556641,345.080657958984,0.113972596824169,0.211374148726463,-0.153932109475136,0.958455085754395
171.112030029297,0.033111497759819,0.0903607681393623,0.106861293315887,357.761352539063,34.9894142150879,353.735870361328,-0.0350252240896225,0.299093395471573,-0.046236589550972,0.952459216117859
171.685699462891,0.034991767257452,0.0872405394911766,0.108227342367172,0.0719906389713287,35.7520637512207,353.153747558594,-0.0177314449101686,0.306446462869644,-0.057019229978323,0.950013160705566
172.254730224609,0.0332259945571423,0.0868560597300529,0.103388831019402,0.497924596071243,35.5022659301758,353.250244140625,-0.0138167422264814,0.304595112800598,-0.0573878474533558,0.950651109218597
172.827758789063,0.0295095313340425,0.0871457457542419,0.0925845205783844,0.631230056285858,34.746208190918,353.176300048828,-0.012521967291832,0.298371940851212,-0.0584389492869377,0.952576637268066
173.335311889648,0.0213049817830324,0.0872102528810501,0.0785636231303215,1.14204633235931,33.523078918457,353.315093994141,-0.00728689460083842,0.288440585136414,-0.0586929768323898,0.955669403076172
173.854995727539,0.0214926041662693,0.0865353792905807,0.0689535886049271,1.86909985542297,34.3046684265137,353.668182373047,-0.000724045850802213,0.295284658670425,-0.0575667694211006,0.953673183917999
174.362213134766,0.0190879739820957,0.0876053050160408,0.0629614964127541,1.79640161991119,33.7855758666992,353.258514404297,-0.00210956553928554,0.290925294160843,-0.0607998892664909,0.954809606075287
174.862548828125,0.0159952063113451,0.0867174193263054,0.0491076894104481,2.26653909683228,34.1164703369141,353.006622314453,0.000984919955953956,0.293893367052078,-0.0640872642397881,0.953686833381653
175.37760925293,0.0113241709768772,0.0863952115178108,0.0362778380513191,2.29244017601013,34.0858612060547,352.951110839844,0.00107551657129079,0.293651044368744,-0.0646148920059204,0.953725814819336
175.958312988281,0.0193856321275234,0.0839671939611435,0.050617516040802,3.5186972618103,34.0650024414063,353.155792236328,0.0118264080956578,0.29400622844696,-0.0660233348608017,0.953447103500366
176.465270996094,0.0205301865935326,0.0832638964056969,0.0618399269878864,3.9303994178772,34.0643272399902,353.234588623047,0.0154583472758532,0.294160842895508,-0.066411130130291,0.953320562839508
177.046997070313,0.0182889103889465,0.0838909596204758,0.0545017048716545,3.72876930236816,33.9577217102051,353.236022949219,0.0138438604772091,0.293191581964493,-0.0658752247691154,0.95368105173111
177.560241699219,0.0180633366107941,0.0841356962919235,0.0515972673892975,3.63759231567383,33.7731666564941,353.252838134766,0.013232653029263,0.291615813970566,-0.0654836446046829,0.9541996717453
178.067657470703,0.0195916369557381,0.08303402364254,0.0631734728813171,4.11877298355103,33.8457069396973,353.339447021484,0.0174225866794586,0.292401701211929,-0.0659827291965485,0.953857421875
178.580505371094,0.02260547503829,0.0818120539188385,0.077855259180069,4.73300218582153,33.6673164367676,353.580139160156,0.0232582613825798,0.291106194257736,-0.0654884800314903,0.954163253307343
179.083267211914,0.0237199291586876,0.081716850399971,0.0777032226324081,4.81903409957886,33.5448989868164,353.64599609375,0.0242125354707241,0.290104061365128,-0.0651294514536858,0.954469263553619
179.667739868164,0.023048022761941,0.081307977437973,0.0637842863798141,4.77537250518799,33.1039009094238,353.60791015625,0.0240032244473696,0.286421000957489,-0.0652458965778351,0.955578327178955
180.173416137695,0.023623563349247,0.0817992463707924,0.0606909766793251,4.55990076065063,32.923397064209,353.591003417969,0.0222637448459864,0.284839928150177,-0.0648216605186462,0.956121742725372
180.68879699707,0.0227784477174282,0.0819949582219124,0.0681541338562965,4.72228097915649,33.082447052002,353.798278808594,0.0240474920719862,0.286183267831802,-0.0635232701897621,0.955764472484589
181.279541015625,0.0227600894868374,0.0817434713244438,0.0690154433250427,4.75233364105225,33.3328742980957,353.794097900391,0.0241489112377167,0.288282632827759,-0.0636850520968437,0.955119967460632
181.785095214844,0.0233425702899694,0.081671416759491,0.0715448036789894,4.92245101928711,33.4075965881348,353.839538574219,0.0256414879113436,0.288954138755798,-0.0637446120381355,0.954874157905579
182.297592163086,0.0206057764589787,0.0817459151148796,0.0674529373645782,4.90748071670532,33.4070205688477,353.823608398438,0.0254767313599586,0.28894779086113,-0.0638400092720985,0.954874157905579
182.804443359375,0.0205352753400803,0.0816344022750854,0.0664155408740044,4.81682300567627,33.2526969909668,353.845153808594,0.0248599667102098,0.287625670433044,-0.06340192258358,0.955318629741669
183.314880371094,0.0221487507224083,0.081381194293499,0.0689078792929649,5.04240465164185,33.0520286560059,353.776397705078,0.0266834534704685,0.286045581102371,-0.0644858479499817,0.95567125082016
183.824310302734,0.0218401122838259,0.0814088806509972,0.0699872002005577,5.00638628005981,32.9561309814453,353.807403564453,0.0265136938542128,0.285226106643677,-0.0641166120767593,0.955945730209351
184.325988769531,0.0155294947326183,0.0673432126641273,0.0629561990499496,12.7127780914307,24.0695095062256,350.434753417969,0.0906248092651367,0.215529531240463,-0.104045510292053,0.96669989824295
184.849533081055,0.00987196899950504,0.0769873782992363,0.0475197732448578,7.67730855941772,27.3950595855713,351.956939697266,0.0483133159577847,0.240244835615158,-0.0837975814938545,0.965881109237671
185.354064941406,0.00403730571269989,0.0866530016064644,0.0410426743328571,2.70927405357361,30.9446640014648,353.082702636719,0.00665299780666828,0.267587184906006,-0.0644207745790482,0.961354672908783
185.894836425781,0.00298857130110264,0.085269071161747,0.0519074499607086,3.80023312568665,30.7989253997803,353.286834716797,0.0163727588951588,0.266817420721054,-0.0652064681053162,0.961399257183075
186.421081542969,0.00156280025839806,0.0839207470417023,0.0572178885340691,4.25392436981201,30.3254699707031,353.582336425781,0.0211348384618759,0.262976586818695,-0.0636818185448647,0.962466239929199
186.943420410156,0.00263131037354469,0.0819150358438492,0.0593639761209488,5.03985548019409,30.3534774780273,353.820922851563,0.0282754525542259,0.263451099395752,-0.0634600147604942,0.962167799472809
187.473342895508,0.000856366008520126,0.0824327692389488,0.056012362241745,4.91053104400635,30.1757221221924,354.022888183594,0.0277476757764816,0.261863797903061,-0.0614288821816444,0.962748110294342
187.982360839844,0.00202243961393833,0.0821290016174316,0.0556192025542259,5.04321670532227,30.0593490600586,354.0380859375,0.028961006551981,0.260927319526672,-0.0615701712667942,0.962957561016083
188.48583984375,0.00506046693772078,0.0808175131678581,0.061322346329689,5.58772373199463,30.4774284362793,353.946075439453,0.0331002660095692,0.264645844697952,-0.0636822879314423,0.961671233177185
188.985992431641,0.00700561236590147,0.0801358222961426,0.0687901228666306,5.94371843338013,30.568567276001,353.954071044922,0.0360591039061546,0.265525013208389,-0.0644502937793732,0.961271226406097
189.500350952148,0.00706061627715826,0.0794325917959213,0.0761041045188904,6.21872091293335,30.5248947143555,354.24072265625,0.0390575639903545,0.265150249004364,-0.0626553371548653,0.961376190185547
190.081283569336,0.00718963891267776,0.0783549174666405,0.0848902389407158,6.64998579025269,30.3484916687012,354.578704833984,0.0435565859079361,0.263669639825821,-0.0607309639453888,0.961713552474976
190.584930419922,0.00887615792453289,0.0775881186127663,0.0929900258779526,6.83276987075806,30.511791229248,354.587707519531,0.045026458799839,0.265084326267242,-0.0611318089067936,0.961231410503387
191.176620483398,0.00815919600427151,0.0770699828863144,0.0974055528640747,7.11161088943481,30.4262657165527,354.646697998047,0.0475511476397514,0.264414280653,-0.0612332224845886,0.961287915706635
191.691680908203,0.00553174130618572,0.0773289129137993,0.0925440043210983,7.28062391281128,29.7417011260986,354.632415771484,0.0493061020970345,0.258715748786926,-0.0614413022994995,0.962735712528229
192.266235351563,-0.00129453279078007,0.0762439221143723,0.0853812247514725,7.76272249221802,25.6036167144775,354.301055908203,0.0549365393817425,0.224079117178917,-0.0633456632494926,0.970957219600677
192.772659301758,0.000739919021725655,0.0763676017522812,0.0897508040070534,7.79422092437744,24.7305126190186,354.017883300781,0.0551497563719749,0.21682097017765,-0.0653861239552498,0.972456574440002
193.282180786133,-0.00241384655237198,0.0761379227042198,0.0874077975749969,8.02493095397949,24.8928318023682,354.140502929688,0.0572508275508881,0.21820954978466,-0.0648492574691772,0.972060441970825
193.790893554688,-0.00937271304428577,0.0694136321544647,0.0831313729286194,11.4198703765869,21.7727603912354,354.762542724609,0.0890135616064072,0.192192628979683,-0.0634153261780739,0.975252330303192
194.30485534668,-0.00916021689772606,0.0704219788312912,0.078593023121357,10.9590167999268,21.9222259521484,354.797241210938,0.0850604698061943,0.193333745002747,-0.062493447214365,0.975439071655273
194.840789794922,-0.0104303397238255,0.0719034373760223,0.0754302516579628,10.1525650024414,21.7773609161377,354.875122070313,0.0783897861838341,0.191857025027275,-0.0604285411536694,0.976419150829315
195.434707641602,-0.00971135683357716,0.0722235217690468,0.0755216553807259,9.98152732849121,21.7913265228271,354.83056640625,0.0768481269478798,0.191965371370316,-0.0605427697300911,0.97651332616806
196.022537231445,-0.00766620133072138,0.0719740986824036,0.0812457799911499,10.0346002578735,21.8980503082275,354.786712646484,0.0771707594394684,0.192917048931122,-0.0610736645758152,0.976267218589783
196.536346435547,-0.00719249248504639,0.0710343569517136,0.0893234759569168,10.3415250778198,21.5880279541016,354.79541015625,0.079970084130764,0.190343722701073,-0.0612791404128075,0.976534187793732
197.123397827148,-0.00593988783657551,0.0709915012121201,0.0883331596851349,10.3685026168823,22.554027557373,354.646636962891,0.0794226825237274,0.198678568005562,-0.063261553645134,0.974790692329407
197.623443603516,-0.00691072549670935,0.0725574716925621,0.0756216794252396,9.75197982788086,22.5874042510986,354.387603759766,0.0737003907561302,0.198976427316666,-0.0644623264670372,0.975100636482239
198.136581420898,-0.00856325216591358,0.0733026415109634,0.0629177317023277,9.24029159545898,22.7470703125,354.350616455078,0.0691849663853645,0.200216457247734,-0.0640207976102829,0.975206732749939
198.655563354492,-0.00935575179755688,0.0733279287815094,0.0639718025922775,9.20401763916016,22.6438026428223,354.385040283203,0.0689932182431221,0.199306562542915,-0.0636049285531044,0.975433886051178
199.16130065918,-0.00655416958034039,0.072468064725399,0.0737422257661819,9.56616401672363,22.9212169647217,354.328491210938,0.0718252211809158,0.201802760362625,-0.06486526876688,0.974632918834686
199.662704467773,-0.00491873268038034,0.0754142701625824,0.0760442465543747,8.17537307739258,24.5168323516846,354.457336425781,0.0593367367982864,0.214901357889175,-0.0622446462512016,0.972842335700989
200.163360595703,-0.00549601577222347,0.0728678330779076,0.0847860053181648,9.24062919616699,23.2614002227783,354.471405029297,0.0691154003143311,0.204518869519234,-0.0633043125271797,0.974365293979645
200.681747436523,-0.00300330761820078,0.0711596459150314,0.0947346389293671,9.90447044372559,23.4613170623779,354.589508056641,0.0748680233955383,0.206315830349922,-0.0635708868503571,0.973543703556061
201.185974121094,-0.00434141792356968,0.0709425061941147,0.0981769263744354,9.99132251739502,23.0943202972412,354.684234619141,0.0759787783026695,0.203155890107155,-0.0626735165715218,0.974180161952972
201.702377319336,-0.0043031545355916,0.0705252140760422,0.096176490187645,10.2427530288696,23.0562992095947,354.635406494141,0.0780541300773621,0.202926620841026,-0.0634907856583595,0.974010944366455
202.284606933594,-0.00283052120357752,0.0670175924897194,0.0885185524821281,11.6137094497681,22.946647644043,354.543395996094,0.0896216034889221,0.202386364340782,-0.0665114521980286,0.97292548418045
202.787780761719,0.00498540420085192,0.0669603943824768,0.0824433118104935,11.4864683151245,28.392017364502,354.915771484375,0.0860965102910995,0.248071670532227,-0.0673004686832428,0.962558329105377
203.372375488281,0.0120871569961309,0.0679150968790054,0.097327396273613,6.91695308685303,25.1261672973633,352.035339355469,0.0436599999666214,0.220683231949806,-0.0807525590062141,0.971015870571136
203.893692016602,0.00999018456786871,0.0572870336472988,0.150844052433968,8.15861320495605,23.0116863250732,351.393585205078,0.0545820780098438,0.20363213121891,-0.0874899700284004,0.973601698875427
204.472640991211,0.00110876746475697,0.0539987944066525,0.172769397497177,9.48834800720215,21.7041435241699,352.213165283203,0.0683001652359962,0.192711338400841,-0.0819936171174049,0.975435554981232
204.982437133789,0.00320845562964678,0.0555391944944859,0.153355836868286,8.90108966827393,21.1278285980225,351.894714355469,0.0631750151515007,0.187713578343391,-0.0834565013647079,0.976630806922913
205.556884765625,0.00776663608849049,0.0533175729215145,0.157022431492805,9.33142852783203,21.0253772735596,351.843963623047,0.06684210896492,0.187075778841972,-0.0844929963350296,0.976419866085052
206.061904907227,0.00385646894574165,0.0509964227676392,0.182176172733307,10.1212720870972,21.4337997436523,352.672149658203,0.0746572092175484,0.19039161503315,-0.0789142996072769,0.975679218769073
206.63346862793,0.000634171068668365,0.0473482348024845,0.19204606115818,11.3027248382568,21.1223297119141,352.779418945313,0.0851293876767159,0.188128158450127,-0.0796153917908669,0.975203633308411
207.206893920898,-0.0013772789388895,0.0479206591844559,0.177733108401299,11.0548000335693,20.7716445922852,352.401824951172,0.0826462581753731,0.185320734977722,-0.0821958109736443,0.975740611553192
207.784149169922,-0.017862930893898,0.0441195517778397,0.178141921758652,12.1064195632935,21.8267116546631,351.740295410156,0.0897174179553986,0.195236891508102,-0.0902332067489624,0.972466647624969
208.288177490234,-0.033070407807827,0.0505314543843269,0.188454240560532,12.4736557006836,20.0789947509766,353.987060546875,0.09773850440979,0.178667396306992,-0.0702523961663246,0.976519227027893
208.861618041992,-0.010383753105998,0.0491904839873314,0.190220668911934,13.6498517990112,19.3782329559326,353.86328125,0.108027890324593,0.173140212893486,-0.0723617076873779,0.976276755332947
209.37141418457,-0.0111888088285923,0.0510908253490925,0.184129267930984,12.895055770874,18.5241031646729,353.614410400391,0.101749628782272,0.165856659412384,-0.072667621076107,0.978191196918488
209.949157714844,-0.00946794077754021,0.049286138266325,0.195953160524368,13.5421752929688,18.4375991821289,353.931640625,0.1077960729599,0.16502483189106,-0.0707458257675171,0.977825045585632
210.525863647461,-0.0147530995309353,0.0496080927550793,0.19061042368412,13.5086240768433,18.5394992828369,354.018646240234,0.107572235167027,0.165803000330925,-0.0700541511178017,0.977767884731293
211.113098144531,-0.0107715949416161,0.0482425205409527,0.191516041755676,13.7913627624512,18.590051651001,353.919281005859,0.109813928604126,0.166408494114876,-0.0713292211294174,0.977323532104492
211.620254516602,-0.0133242383599281,0.0458599366247654,0.203770771622658,14.544882774353,18.6376152038574,354.526763916016,0.117105394601822,0.166406080126762,-0.0672103613615036,0.976769268512726
212.196426391602,-0.0151948891580105,0.045722171664238,0.201177880167961,14.6013994216919,18.9056053161621,354.634002685547,0.117588214576244,0.168592765927315,-0.0666477605700493,0.976374745368958
212.700210571289,-0.0130675826221704,0.0468047633767128,0.192418545484543,14.4971122741699,19.4102668762207,354.210144042969,0.115763619542122,0.173298180103302,-0.0706268548965454,0.975488781929016
213.204559326172,-0.0134394317865372,0.0472517497837543,0.185823738574982,14.3478488922119,19.4460773468018,354.245086669922,0.114520952105522,0.173531368374825,-0.0701557844877243,0.975628018379211
213.715759277344,-0.0110863018780947,0.0470807664096355,0.182945474982262,14.4730138778687,19.5034046173096,354.092407226563,0.115321658551693,0.174203678965569,-0.0716891437768936,0.975302338600159
214.258941650391,-0.0119440266862512,0.0458009317517281,0.188917934894562,14.6472721099854,19.1824893951416,354.253204345703,0.117249548435211,0.171351864933968,-0.0702381059527397,0.975683212280273
214.783950805664,-0.0133089004084468,0.0450378768146038,0.194651380181313,14.953742980957,19.0612354278564,354.473480224609,0.120266288518906,0.17016264796257,-0.0686601921916008,0.97563648223877
215.323486328125,-0.0146472519263625,0.0447484254837036,0.195001378655434,14.9672994613647,18.8490657806396,354.479736328125,0.120518088340759,0.168352425098419,-0.0684025138616562,0.975937485694885
215.865219116211,-0.0149131137877703,0.0436492562294006,0.197202801704407,15.2096605300903,18.8765258789063,354.684478759766,0.122870892286301,0.168421119451523,-0.0670184791088104,0.975728213787079
216.387329101563,-0.0151794869452715,0.0430988483130932,0.201850265264511,15.4337329864502,18.6283016204834,354.583740234375,0.124781794846058,0.166463419795036,-0.0679113417863846,0.975759923458099
216.911865234375,-0.0153295882046223,0.0417855568230152,0.207280412316322,15.7966566085815,18.5305843353271,354.818664550781,0.128275752067566,0.165445774793625,-0.0662894770503044,0.975591480731964
217.445114135742,-0.0141375903040171,0.0412135571241379,0.209266304969788,15.9632711410522,18.52565574646,354.773162841797,0.129634171724319,0.165487259626389,-0.0668938905000687,0.975363612174988
217.97737121582,-0.0165740698575974,0.0411446280777454,0.211438030004501,15.9560804367065,18.5319328308105,355.089996337891,0.130026400089264,0.165180400013924,-0.0641942545771599,0.975544810295105
218.526321411133,-0.0164544284343719,0.0404583215713501,0.215348035097122,16.261568069458,18.6241645812988,355.167938232422,0.13269254565239,0.1659265011549,-0.0640467181801796,0.975068747997284
219.058166503906,-0.0166966915130615,0.0412624329328537,0.211725071072578,16.0401515960693,18.4055976867676,355.017303466797,0.130710139870644,0.164202183485031,-0.0647816136479378,0.975579798221588
219.585556030273,-0.0164637677371502,0.0399936139583588,0.213767468929291,16.355842590332,18.3835430145264,354.996185302734,0.133384928107262,0.164094090461731,-0.0653548464179039,0.975197613239288
220.117034912109,-0.0134808141738176,0.0394447520375252,0.214493498206139,16.5272369384766,18.3636455535889,354.799621582031,0.134576305747032,0.164185523986816,-0.0672308132052422,0.974890947341919
220.636367797852,-0.0195209514349699,0.0442933440208435,0.203897759318352,15.7222146987915,18.0310115814209,354.619506835938,0.127647697925568,0.161398351192474,-0.0673296898603439,0.976280391216278
221.16796875,-0.0241969842463732,0.0501705892384052,0.181251779198647,14.4704542160034,19.4032211303711,354.765533447266,0.116378754377365,0.172669619321823,-0.0658534020185471,0.975860953330994
221.717758178711,-0.0239006895571947,0.0542937032878399,0.158010169863701,14.2822294235229,20.0082626342773,354.614807128906,0.114190623164177,0.177932485938072,-0.0674761086702347,0.975062847137451
222.253158569336,-0.0217279717326164,0.0590708293020725,0.144862338900566,13.1841516494751,21.2207374572754,355.026397705078,0.104794256389141,0.187635526061058,-0.0634834915399551,0.974567055702209
222.776306152344,-0.0210508182644844,0.065953828394413,0.135993212461472,10.2583141326904,23.9080028533936,355.893249511719,0.0800145342946053,0.209298297762871,-0.0534185990691185,0.973107576370239
223.300155639648,-0.0166589692234993,0.0719103813171387,0.129469960927963,7.51517963409424,26.5743865966797,355.762756347656,0.0552590750157833,0.231539249420166,-0.0509532876312733,0.969917416572571
223.842269897461,-0.014135830104351,0.0729798898100853,0.129570215940475,7.17086791992188,26.4551105499268,355.857116699219,0.0525832138955593,0.23042243719101,-0.0494180768728256,0.970411479473114
224.376129150391,-0.0187586806714535,0.0672390758991241,0.129429697990417,10.1375179290771,22.9502353668213,354.9609375,0.0777901485562325,0.201779082417488,-0.060472596436739,0.974462389945984
224.892028808594,-0.0185150876641273,0.0670658871531487,0.130976095795631,10.2847414016724,22.6210842132568,355.150238037109,0.0795467644929886,0.198880851268768,-0.0588841401040554,0.975013554096222
225.426422119141,-0.0154457874596119,0.0643400847911835,0.1441810131073,11.2170724868774,23.2240543365479,354.965881347656,0.0868411362171173,0.204330891370773,-0.0624647550284863,0.973039388656616
225.959014892578,-0.0192547682672739,0.0634293407201767,0.151225358247757,11.6685218811035,23.2061100006104,355.108245849609,0.0909442752599716,0.204155400395393,-0.0620135366916656,0.972730219364166
226.487808227539,-0.0210591591894627,0.0649538338184357,0.143994212150574,11.0676202774048,22.7572422027588,354.970855712891,0.0858311727643013,0.200330689549446,-0.0618177391588688,0.97400164604187
227.023498535156,-0.0205066539347172,0.0659315660595894,0.137337148189545,10.904333114624,22.1301097869873,355.04541015625,0.084903173148632,0.194907113909721,-0.0604464672505856,0.975268661975861
227.559997558594,-0.0224817581474781,0.0644553080201149,0.139637172222137,11.5136957168579,21.4067859649658,355.058959960938,0.0905048549175262,0.188864916563034,-0.0607539489865303,0.975934386253357
228.083221435547,-0.0235566198825836,0.0633178278803825,0.14713890850544,11.9324159622192,21.2227172851563,355.174102783203,0.0943629667162895,0.187287628650665,-0.0602807812392712,0.975902259349823
228.615844726563,-0.0243364293128252,0.0664971172809601,0.148397907614708,10.660532951355,22.6917762756348,355.826843261719,0.0838887840509415,0.199067085981369,-0.0538073256611824,0.974905014038086
229.129776000977,-0.0248174108564854,0.064432181417942,0.137151703238487,11.7724208831787,21.7443180084229,355.094055175781,0.0925899222493172,0.191762268543243,-0.0611350797116756,0.975149631500244
229.67643737793,-0.0338362120091915,0.0647004470229149,0.132446333765984,11.8415727615356,19.9534511566162,355.196014404297,0.0942820981144905,0.176430314779282,-0.0589119121432304,0.978014647960663
230.206130981445,-0.0368770435452461,0.0647150948643684,0.131826758384705,11.7934713363647,19.7725143432617,355.286712646484,0.094102069735527,0.174801602959633,-0.0579188466072083,0.978383660316467
230.745742797852,-0.032717440277338,0.0648711025714874,0.138649716973305,11.8781814575195,19.8821926116943,355.187866210938,0.0946191549301147,0.175836250185966,-0.0589762516319752,0.978085160255432
231.276947021484,-0.0325134769082069,0.0640336349606514,0.146601498126984,12.159631729126,20.0735187530518,355.303802490234,0.0971051156520844,0.177427127957344,-0.0585598610341549,0.977579116821289
231.810043334961,-0.0354959592223167,0.0661243572831154,0.142351016402245,11.5841655731201,20.0029315948486,355.476989746094,0.0924895331263542,0.176573917269707,-0.0561756603419781,0.978320837020874
232.336288452148,-0.0325224176049232,0.0671302229166031,0.131074205040932,10.9519519805908,20.6397075653076,355.041076660156,0.0860821530222893,0.182220190763474,-0.0594464763998985,0.977676749229431
232.867767333984,-0.0307133607566357,0.0664568021893501,0.12342880666256,11.3861770629883,20.2966327667236,354.885528564453,0.0897278115153313,0.179509982466698,-0.0611640587449074,0.977744400501251
233.392303466797,-0.0302107091993093,0.0673505067825317,0.115298077464104,10.9518032073975,20.1275367736816,354.927947998047,0.086170107126236,0.177933737635612,-0.0600268393754959,0.97842276096344
233.92155456543,-0.0299296453595161,0.0673796534538269,0.111154742538929,10.8689603805542,20.0972957611084,354.99365234375,0.0855793356895447,0.177607119083405,-0.0593205243349075,0.978577017784119
234.436462402344,-0.0300885979086161,0.0674979686737061,0.112857766449451,10.9083881378174,20.2240982055664,355.080383300781,0.0859859809279442,0.178633838891983,-0.0587334036827087,0.978389859199524
234.97492980957,-0.0299072079360485,0.0680856704711914,0.114354930818081,10.8626289367676,20.4508399963379,355.073699951172,0.0854678973555565,0.180564358830452,-0.0588917471468449,0.978071331977844
235.506484985352,-0.0273786578327417,0.0734264478087425,0.1082529053092,8.30840587615967,23.981761932373,356.096984863281,0.0637630149722099,0.209503069519997,-0.0482645146548748,0.97453236579895
236.030303955078,-0.0273321531713009,0.070796363055706,0.1085010394454,9.80361747741699,22.1932277679443,355.323150634766,0.0759568437933922,0.195021644234657,-0.0563245974481106,0.976229846477509
236.55110168457,-0.0286342389881611,0.0695082619786263,0.108155868947506,10.3332252502441,21.4778594970703,355.226348876953,0.0806697979569435,0.18910077214241,-0.057515624910593,0.976946890354156
237.089111328125,-0.0291332080960274,0.0694234818220139,0.107959277927876,10.3036832809448,21.3989734649658,355.189849853516,0.0803970992565155,0.1884476095438,-0.0577246099710464,0.977083265781403
237.614852905273,-0.0286164693534374,0.0691039711236954,0.110993251204491,10.341178894043,21.3083629608154,355.244018554688,0.0808516517281532,0.187644734978676,-0.0572580322623253,0.977227747440338
238.156600952148,-0.0300876572728157,0.069554939866066,0.1116017177701,10.2608013153076,21.1855640411377,355.284118652344,0.080291673541069,0.1865523904562,-0.0567035786807537,0.977515280246735
238.677658081055,-0.0306076742708683,0.069256030023098,0.109367981553078,10.2762355804443,21.1468849182129,355.272125244141,0.0804231539368629,0.186234086751938,-0.0568029582500458,0.977559447288513
239.202041625977,-0.0285709723830223,0.069411613047123,0.102579444646835,10.1671953201294,21.307674407959,355.119415283203,0.0791620537638664,0.187688454985619,-0.0580464377999306,0.977311134338379
239.729568481445,-0.0284776091575623,0.0699081495404243,0.0976711809635162,10.2929124832153,21.3290176391602,355.108612060547,0.0802071765065193,0.187905684113503,-0.0583512298762798,0.977165997028351
240.261779785156,-0.0286379586905241,0.0687787979841232,0.0995145961642265,10.4810590744019,21.2391567230225,355.132171630859,0.0818982273340225,0.187163725495338,-0.0583823062479496,0.977166295051575
240.790863037109,-0.0249769240617752,0.0678436756134033,0.10329557210207,10.8633069992065,21.3875675201416,355.047149658203,0.0849457457661629,0.188573285937309,-0.0598157234489918,0.976548254489899
241.325973510742,-0.0238887406885624,0.067242443561554,0.107932887971401,11.0483560562134,21.2675266265869,355.164764404297,0.0867805108428001,0.187501043081284,-0.0590140372514725,0.97664213180542
241.856887817383,-0.0245069768279791,0.0672694593667984,0.106788121163845,10.9139862060547,21.315336227417,355.211120605469,0.0856849476695061,0.187846198678017,-0.0584440603852272,0.976706802845001
242.37272644043,-0.0256465543061495,0.0680860131978989,0.104907318949699,10.7487211227417,21.2157516479492,355.136596679688,0.0842030197381973,0.187018215656281,-0.0587465986609459,0.97697639465332
242.895629882813,-0.0247214920818806,0.067577637732029,0.105774395167828,10.8382759094238,21.34059715271,355.256744384766,0.0851006209850311,0.1880122423172,-0.0579551383852959,0.976755082607269
243.424438476563,-0.0231951922178268,0.0667618587613106,0.109125182032585,11.1676540374756,21.4038600921631,355.235748291016,0.0878451615571976,0.188632741570473,-0.0587004832923412,0.976347863674164
243.963989257813,-0.0226029865443707,0.0665772184729576,0.110836640000343,11.2293920516968,21.3205795288086,355.131500244141,0.0882436409592628,0.188015684485435,-0.0596219971776009,0.976375162601471
244.497528076172,-0.0226885620504618,0.0663615837693214,0.109275549650192,11.3221139907837,21.6137619018555,355.205810546875,0.089005246758461,0.19047412276268,-0.0593622177839279,0.975845158100128
245.015518188477,-0.0251543633639812,0.0666421502828598,0.10854098200798,11.1243057250977,21.4203090667725,355.325866699219,0.0876152068376541,0.188695505261421,-0.057877030223608,0.976405560970306
245.552703857422,-0.0244988203048706,0.06604915112257,0.115341156721115,11.3509168624878,21.3441848754883,355.354461669922,0.0896344482898712,0.188067525625229,-0.0579315200448036,0.976340234279633
246.071487426758,-0.0236722193658352,0.0649731755256653,0.125162020325661,11.7567644119263,21.4748096466064,355.527282714844,0.0933155342936516,0.18911375105381,-0.0572037324309349,0.975836038589478
246.596694946289,-0.0237789731472731,0.0645032450556755,0.128996089100838,12.039361000061,21.4677391052246,355.462921142578,0.0956227704882622,0.189153760671616,-0.0581926070153713,0.975546419620514
247.153610229492,-0.0260384827852249,0.0653579011559486,0.114224582910538,11.7149095535278,21.3615646362305,355.298919677734,0.0926398411393166,0.188327267765999,-0.0589906834065914,0.975946128368378
247.716583251953,-0.026047483086586,0.05947645008564,0.103865250945091,14.2533235549927,19.8063735961914,354.864166259766,0.114445954561234,0.175959497690201,-0.0651105418801308,0.975551664829254
248.25212097168,-0.0148926042020321,0.0653776377439499,0.0909831523895264,12.5366315841675,24.500337600708,355.933898925781,0.0991491079330444,0.214564487338066,-0.0576131232082844,0.969954788684845
248.786727905273,-0.00798376649618149,0.0670486018061638,0.0884900167584419,12.1090316772461,26.6436901092529,355.510437011719,0.0935827642679214,0.232979774475098,-0.0621870383620262,0.965968668460846
249.324142456055,-0.0155225228518248,0.0717642158269882,0.096497967839241,9.03596591949463,23.7355155944824,353.931457519531,0.0661280304193497,0.208807617425919,-0.0678180009126663,0.973358750343323
249.842742919922,-0.0218238830566406,0.0718255639076233,0.105141326785088,8.93466567993164,22.1717681884766,354.356384277344,0.0669073835015297,0.195226579904556,-0.0631232410669327,0.97643506526947
250.372299194336,-0.0233817156404257,0.0701916590332985,0.111101716756821,9.65826988220215,21.3805828094482,354.73095703125,0.074139803647995,0.188448622822762,-0.0606065206229687,0.977403342723846
250.919326782227,-0.0255569778382778,0.0692508742213249,0.115132346749306,10.034218788147,20.8440341949463,355.065399169922,0.0781730636954308,0.183739617466927,-0.0579820647835732,0.978144586086273
251.489044189453,-0.0281662978231907,0.0674168691039085,0.119548976421356,10.7419986724854,19.8827381134033,355.409942626953,0.0852419063448906,0.175436586141586,-0.0554176233708858,0.979226589202881
252.026992797852,-0.0286539364606142,0.0670116618275642,0.121577084064484,11.0010738372803,19.6593627929688,355.594085693359,0.0878459587693214,0.173438757658005,-0.054052859544754,0.979428589344025
252.597839355469,-0.0271022357046604,0.0665049478411674,0.123156875371933,11.169095993042,19.7689895629883,355.591583251953,0.089227981865406,0.174408599734306,-0.0544034466147423,0.979111969470978
253.111206054688,-0.0273541733622551,0.066033698618412,0.123515859246254,11.3192291259766,19.604133605957,355.565307617188,0.0905511975288391,0.173048198223114,-0.0547164008021355,0.979214489459991
253.640640258789,-0.0277057327330112,0.0654489248991013,0.126427844166756,11.4804096221924,19.6264915466309,355.60498046875,0.0919795110821724,0.173236981034279,-0.0546282567083836,0.979052841663361
254.175888061523,-0.0285810139030218,0.0645441114902496,0.133123740553856,11.7582807540894,19.6680068969727,355.750305175781,0.0945567265152931,0.173521116375923,-0.0538225285708904,0.978801608085632
254.693862915039,-0.0280531942844391,0.0635185912251472,0.142237678170204,12.0984058380127,19.7452335357666,355.952911376953,0.0977366492152214,0.174063190817833,-0.0526509433984756,0.978456676006317
255.218597412109,-0.0271692648530006,0.0623069554567337,0.152168527245522,12.5535831451416,19.9238147735596,356.140380859375,0.101831547915936,0.175485089421272,-0.0518716163933277,0.977826476097107
255.757095336914,-0.0255036242306232,0.0613217800855637,0.160773947834969,12.8874711990356,20.0712776184082,356.285583496094,0.104840397834778,0.176650375127792,-0.0512578450143337,0.977330923080444
256.292053222656,-0.0237606540322304,0.0607735589146614,0.156843945384026,13.1674575805664,20.3083076477051,356.284362792969,0.107122115790844,0.17870132625103,-0.0519038923084736,0.976676344871521
256.836273193359,-0.0246264319866896,0.0620741918683052,0.139233097434044,12.5749359130859,20.2228336334229,356.184204101563,0.101946271955967,0.177999645471573,-0.0517952367663383,0.977364003658295
257.35986328125,-0.0231592170894146,0.0619681924581528,0.128462255001068,12.5400371551514,20.4614315032959,356.038879394531,0.101311914622784,0.180158883333206,-0.0531935766339302,0.976959109306335
257.887512207031,-0.0220412015914917,0.0610176585614681,0.137390628457069,12.8856525421143,20.5063133239746,356.132965087891,0.104389205574989,0.180498450994492,-0.0529535412788391,0.976585447788239
258.445159912109,-0.0228175725787878,0.0585756301879883,0.157321691513062,13.7119340896606,20.4223747253418,356.428100585938,0.111940585076809,0.179585188627243,-0.0516045689582825,0.975989460945129
258.98779296875,-0.0231153294444084,0.0582446530461311,0.159909576177597,13.9545364379883,20.6160469055176,356.382537841797,0.113849304616451,0.181298598647118,-0.0525497198104858,0.975401282310486
259.512603759766,-0.0255949404090643,0.060979925096035,0.140007674694061,13.0854759216309,20.6519832611084,356.170288085938,0.106085792183876,0.181727379560471,-0.0530718937516212,0.976168215274811
260.052642822266,-0.0296567436307669,0.0640811696648598,0.124393820762634,12.0896062850952,20.7695465087891,356.078063964844,0.0973865687847137,0.182694926857948,-0.052442193031311,0.976927995681763
260.577514648438,-0.0318635329604149,0.0648333802819252,0.115829035639763,11.7643661499023,20.4940395355225,355.814819335938,0.0943199098110199,0.180520132184029,-0.0539616458117962,0.977550208568573
261.115081787109,-0.0293117947876453,0.0644205287098885,0.119492441415787,11.8501386642456,21.023738861084,355.807464599609,0.0947896242141724,0.185055702924728,-0.0545928664505482,0.976621210575104
261.65234375,-0.0239928234368563,0.0637741163372993,0.118910193443298,12.0019769668579,22.4305896759033,355.554382324219,0.0949696451425552,0.197262287139893,-0.0581549555063248,0.974005341529846
262.172668457031,-0.0264676213264465,0.0647468045353889,0.108655199408531,11.6653566360474,21.685359954834,355.399475097656,0.0922179594635963,0.190994277596474,-0.0583169907331467,0.975508153438568
262.715240478516,-0.031768936663866,0.0646827146410942,0.100122600793839,11.8999576568604,19.0038089752197,355.216003417969,0.0952961966395378,0.168315023183823,-0.0580389872193336,0.979397892951965
263.255981445313,-0.0288283694535494,0.0650215148925781,0.100901782512665,11.9162673950195,19.4906616210938,355.140869140625,0.0950751081109047,0.172540247440338,-0.0591084994375706,0.978619813919067
263.780578613281,-0.0279166121035814,0.065385490655899,0.107999406754971,11.7422637939453,19.3723449707031,355.363067626953,0.0939798280596733,0.171311005949974,-0.0568645633757114,0.979074478149414
264.309356689453,-0.0314014032483101,0.0671249479055405,0.0989436656236649,10.7141075134277,20.8036842346191,355.200622558594,0.0842204913496971,0.183449372649193,-0.0578441210091114,0.977705121040344
264.854888916016,-0.0310914367437363,0.0754478126764297,0.0877644941210747,6.29571199417114,25.6631031036377,356.368713378906,0.0464887581765652,0.223335415124893,-0.0430349707603455,0.972680926322937
265.382537841797,-0.0308466777205467,0.0700631365180016,0.0849008709192276,9.06100463867188,21.7111263275146,355.494873046875,0.0701371133327484,0.19064936041832,-0.0533454641699791,0.977695167064667
265.904571533203,-0.0332653671503067,0.0678246021270752,0.0889402404427528,10.1138563156128,20.6347694396973,355.661102294922,0.0799046382308006,0.181558534502983,-0.0528735108673573,0.978701293468475
266.443542480469,-0.032331544905901,0.0672039985656738,0.0890579521656036,10.7236347198486,19.2297077178955,355.178436279297,0.0850557386875153,0.170021772384644,-0.0568849854171276,0.980113387107849
266.959838867188,-0.0317189283668995,0.0681473910808563,0.0817909836769104,10.5645446777344,19.53293800354,355.192749023438,0.083564467728138,0.172568798065186,-0.056758526712656,0.979803800582886
267.490264892578,-0.0280136875808239,0.0674002692103386,0.0882104784250259,10.9297819137573,19.9357891082764,355.153442382813,0.0864287763834,0.176121398806572,-0.0579243935644627,0.978854477405548
268.033721923828,-0.0271137356758118,0.0660049021244049,0.10041743516922,11.5608959197998,19.5985641479492,355.277435302734,0.0921865329146385,0.173276960849762,-0.0575199835002422,0.978860676288605
268.563568115234,-0.0274527277797461,0.0657742992043495,0.098380021750927,11.6171922683716,19.678861618042,355.278778076172,0.0926297530531883,0.173973143100739,-0.0576545931398869,0.978687405586243
269.098571777344,-0.0274097472429276,0.0646552965044975,0.0921250879764557,11.8889236450195,19.5233898162842,355.324127197266,0.0951006487011909,0.172662138938904,-0.0575312823057175,0.978689849376678
269.632446289063,-0.0248940996825695,0.0632093995809555,0.107429027557373,12.5111856460571,19.5074653625488,355.485626220703,0.100672870874405,0.17250382900238,-0.0570302605628967,0.978189647197723
270.178588867188,-0.0252321623265743,0.061754085123539,0.122297659516335,13.1506404876709,19.2646141052246,355.678375244141,0.106547243893147,0.17036247253418,-0.0560748651623726,0.977997899055481
270.711578369141,-0.0267840996384621,0.0620243921875954,0.116473607718945,13.1790580749512,19.2671508789063,355.76171875,0.10691275447607,0.170310854911804,-0.0554061532020569,0.978005230426788
271.242980957031,-0.0274625159800053,0.0622267872095108,0.105022445321083,12.9196281433105,19.2696933746338,355.811126708984,0.104767337441444,0.17024838924408,-0.0546197220683098,0.978292405605316
271.778472900391,-0.0260253101587296,0.0610751025378704,0.111774027347565,13.3569822311401,19.266752243042,355.659881591797,0.108282171189785,0.170429944992065,-0.0565259531140327,0.977769672870636
272.304412841797,-0.0253172814846039,0.0608649030327797,0.116306863725185,13.5148267745972,18.9940319061279,355.731262207031,0.109870351850986,0.168058589100838,-0.0558785982429981,0.978040099143982
272.834289550781,-0.0253554992377758,0.0615943074226379,0.109577625989914,13.3850994110107,18.7871894836426,355.713409423828,0.10883591324091,0.166290149092674,-0.0556539446115494,0.978470742702484
273.368774414063,-0.0273782946169376,0.0620894804596901,0.0984972789883614,12.9723234176636,18.8515930175781,355.7314453125,0.105300754308701,0.166759103536606,-0.0549907311797142,0.978815197944641
273.898651123047,-0.027331966906786,0.0613594688475132,0.10033842921257,13.1790618896484,18.6791915893555,355.870941162109,0.107353165745735,0.165188312530518,-0.0539238788187504,0.978917956352234
274.425506591797,-0.0268491003662348,0.0613138303160667,0.106154225766659,13.2724685668945,18.8922748565674,355.96240234375,0.108184769749641,0.166935384273529,-0.0534716472029686,0.978554785251617
274.963623046875,-0.0292086340487003,0.0615703240036964,0.101870253682137,13.1207313537598,18.6136341094971,355.955505371094,0.107006452977657,0.164540737867355,-0.0530600398778915,0.979112148284912
275.490600585938,-0.0278724245727062,0.06196129322052,0.0946639776229858,12.9281244277954,18.6108074188232,355.952819824219,0.105355821549892,0.164491713047028,-0.0528172180056572,0.979312479496002
276.019866943359,-0.0274051129817963,0.0621285811066628,0.0961070507764816,12.842604637146,18.7254905700684,355.9208984375,0.104525104165077,0.165488630533218,-0.053077694028616,0.979219496250153
276.545104980469,-0.0264144763350487,0.0614199824631214,0.102054961025715,13.1678457260132,18.7713928222656,355.930786132813,0.107300490140915,0.165918275713921,-0.0534835457801819,0.978824436664581
277.084197998047,-0.0290199797600508,0.0618788078427315,0.0977073311805725,13.0098867416382,18.7199516296387,355.980316162109,0.106044694781303,0.165410578250885,-0.0527950525283813,0.979084551334381
277.643341064453,-0.0273116119205952,0.0617848858237267,0.0910246670246124,13.013126373291,18.9225997924805,355.867828369141,0.105814732611179,0.16724619269371,-0.0539479106664658,0.978734731674194
278.175750732422,-0.02923534065485,0.0589809603989124,0.085217148065567,14.5707159042358,19.6692657470703,356.546630859375,0.119785770773888,0.173114135861397,-0.0510994493961334,0.976253926753998
278.701232910156,-0.0227444469928741,0.0638929307460785,0.0782881900668144,12.2753057479858,21.905143737793,355.311889648438,0.0971557945013046,0.193042501807213,-0.0602218843996525,0.974509477615356
279.225524902344,-0.0281690489500761,0.0533295199275017,0.0868778824806213,18.4672946929932,18.117259979248,354.886077880859,0.151368796825409,0.162319466471672,-0.0687237977981567,0.972634017467499
279.759552001953,-0.0110534224659204,0.0613545253872871,0.0775745362043381,16.0399169921875,25.4070625305176,355.481903076172,0.127413600683212,0.222951158881187,-0.0687336400151253,0.964019894599915
280.286682128906,0.0121955322101712,0.0618919879198074,0.0697650089859962,15.2432403564453,27.2730407714844,351.223724365234,0.110634475946426,0.242855623364449,-0.104876436293125,0.958009421825409
280.835754394531,0.0342857837677002,0.0470939092338085,0.0791225135326385,21.9787769317627,28.2552909851074,349.078308105469,0.161220222711563,0.256112039089203,-0.136912479996681,0.943223059177399
281.356353759766,0.0522994585335255,0.030877061188221,0.0915476232767105,27.8744316101074,27.0398731231689,347.448608398438,0.207977429032326,0.251140713691711,-0.159125924110413,0.931854426860809
281.878814697266,0.049135897308588,0.0329184234142303,0.0900774449110031,27.0347728729248,27.8532981872559,349.801147460938,0.205171540379524,0.253251373767853,-0.1399155408144,0.934982419013977
282.414642333984,0.0497869811952114,0.0366886779665947,0.0855042859911919,25.8189105987549,30.5031299591064,351.099304199219,0.194996550679207,0.272360533475876,-0.131562724709511,0.932999134063721
282.94287109375,-0.00600608065724373,0.0751002877950668,0.083421491086483,8.01478099822998,17.9524879455566,354.035919189453,0.0608387626707554,0.159023821353912,-0.0621492490172386,0.983436644077301
283.474975585938,-0.0216017849743366,0.0716160982847214,0.0992852002382278,10.1615991592407,20.1800689697266,355.594421386719,0.0804189220070839,0.177729472517967,-0.0531972646713257,0.979344248771667
284.010803222656,-0.0227562934160233,0.0701015293598175,0.107515595853329,10.9764585494995,19.6673431396484,355.777282714844,0.0879087522625923,0.173362091183662,-0.0524575486779213,0.979523301124573
284.538940429688,-0.0184997580945492,0.0685236230492592,0.105613052845001,11.6403999328613,19.7896842956543,355.485046386719,0.0930871292948723,0.174756944179535,-0.0560165382921696,0.978599488735199
285.065765380859,-0.0172975324094296,0.0677397772669792,0.104453027248383,12.006441116333,19.5789413452148,355.343872070313,0.096107579767704,0.17314288020134,-0.0575778745114803,0.97850376367569
285.588073730469,-0.0178433768451214,0.0670148357748985,0.104483418166637,12.1993846893311,19.6642913818359,355.468475341797,0.0979033708572388,0.173802018165588,-0.0568642541766167,0.978250622749329
286.129547119141,-0.0210465416312218,0.0822695046663284,0.0933620557188988,3.65788555145264,26.6918201446533,358.913177490234,0.0288642160594463,0.230995997786522,-0.016590153798461,0.972384929656982
286.658264160156,-0.0285417623817921,0.0772632881999016,0.0857035741209984,6.76290512084961,24.085750579834,356.912261962891,0.0520526170730591,0.209758907556534,-0.0386054515838623,0.975603103637695
287.179809570313,-0.0273020304739475,0.0751413106918335,0.0798857137560844,7.89298534393311,23.2096614837646,356.585876464844,0.0614097937941551,0.202602788805962,-0.042949877679348,0.976389408111572
287.705078125,-0.0255996249616146,0.0742014721035957,0.0762723460793495,8.42469692230225,22.6647567749023,356.344573974609,0.0657341778278351,0.198166817426682,-0.0456139966845512,0.976897299289703
288.227172851563,-0.0298264808952808,0.0730776488780975,0.0781982764601707,9.00814628601074,21.8488960266113,356.392547607422,0.0711219534277916,0.191262528300285,-0.0456850752234459,0.977892220020294
288.754516601563,-0.0306057557463646,0.0704385638237,0.0855238363146782,10.1200265884399,21.338041305542,356.361785888672,0.0807767286896706,0.187072247266769,-0.0473941825330257,0.977871656417847
289.285339355469,-0.0293722078204155,0.0693327784538269,0.0909319669008255,10.4208517074585,21.0405864715576,356.316253662109,0.0833969116210938,0.184605151414871,-0.0480428524315357,0.978088855743408
289.803527832031,-0.0316247716546059,0.068867102265358,0.0931958183646202,10.6239957809448,20.904109954834,356.573608398438,0.0856019258499146,0.183274686336517,-0.0460616312921047,0.978243887424469
290.328186035156,-0.0330541953444481,0.0683279857039452,0.0981131866574287,10.945463180542,20.5479869842529,356.705017089844,0.0886996313929558,0.180167242884636,-0.0451634377241135,0.978586971759796
290.871612548828,-0.0336378179490566,0.0679115280508995,0.106645099818707,11.3794851303101,20.3775272369385,356.919647216797,0.0928118526935577,0.17857937514782,-0.0438548214733601,0.978556156158447
291.384399414063,-0.034555371850729,0.067765899002552,0.103333093225956,11.3994293212891,20.5168380737305,356.958099365234,0.0929892659187317,0.179739162325859,-0.0436694920063019,0.978335201740265
291.921173095703,-0.0330625176429749,0.067828044295311,0.10148823261261,11.3226194381714,19.9943828582764,356.8427734375,0.0923539996147156,0.175363913178444,-0.044116523116827,0.979169070720673
292.443572998047,-0.0300638899207115,0.066204659640789,0.110506109893322,11.9997653961182,19.7255344390869,356.838653564453,0.0982434004545212,0.173126474022865,-0.0449253395199776,0.978957176208496
292.979248046875,-0.0307939574122429,0.0643261894583702,0.123758181929588,12.6805067062378,19.4768867492676,356.854156494141,0.104185588657856,0.171040385961533,-0.0455610416829586,0.978680074214935
293.504730224609,-0.034414317458868,0.0644218847155571,0.125769630074501,12.7621259689331,19.5621757507324,356.982604980469,0.105041839182377,0.171656861901283,-0.044659785926342,0.978522181510925
294.023193359375,-0.0364747643470764,0.0649478510022163,0.112645417451859,12.4812078475952,19.5229835510254,356.951782226563,0.102609321475029,0.171332255005836,-0.0444811210036278,0.978845238685608
294.564880371094,-0.0337568707764149,0.0658148154616356,0.0957427322864532,11.9983825683594,20.0146503448486,356.709411621094,0.0979197919368744,0.175706267356873,-0.0462745651602745,0.978466987609863
295.099945068359,-0.0321364253759384,0.0653670728206635,0.0994337052106857,12.0278730392456,19.9379844665527,356.555023193359,0.0979669019579887,0.175186350941658,-0.0475709214806557,0.978493332862854
295.619567871094,-0.0313445255160332,0.0631187036633492,0.120694130659103,13.0501556396484,19.9169006347656,356.961364746094,0.107331141829491,0.174720928072929,-0.0455902293324471,0.977688193321228
296.149505615234,-0.03156728297472,0.0626795440912247,0.122332461178303,13.2752017974854,20.1306858062744,356.889770507813,0.10905684530735,0.176624417304993,-0.046735979616642,0.977100908756256
296.693176269531,-0.031935915350914,0.0648767203092575,0.0920332968235016,12.4117164611816,20.0335960388184,356.459442138672,0.101060576736927,0.176123663783073,-0.0490368381142616,0.977937936782837
297.209228515625,-0.0302394647151232,0.0666681602597237,0.0682966634631157,11.537576675415,20.8911209106445,355.877563476563,0.0922967121005058,0.183821618556976,-0.0534036718308926,0.977158665657043
297.747161865234,-0.0294003486633301,0.0653741136193275,0.0799280554056168,11.9507465362549,20.4506874084473,355.930358886719,0.0961140096187592,0.180081814527512,-0.0532215423882008,0.977496862411499
298.27099609375,-0.0239472389221191,0.0630519837141037,0.0945435017347336,12.9838161468506,20.3504772186279,355.7626953125,0.104719549417496,0.179520681500435,-0.0561140961945057,0.976553797721863
298.825408935547,-0.0264253318309784,0.0624115616083145,0.0972688421607018,13.166088104248,20.5328254699707,355.911346435547,0.106420047581196,0.180961787700653,-0.0552893653512001,0.976150929927826
299.418243408203,-0.0286115184426308,0.0630865544080734,0.0889532193541527,12.8126735687256,19.9669818878174,355.866119384766,0.103604078292847,0.176133155822754,-0.0546303540468216,0.977373480796814
299.948120117188,-0.0294200479984283,0.0640785545110703,0.0823944360017776,12.4227561950684,19.9902801513672,355.810913085938,0.100177139043808,0.176324859261513,-0.0545490793883801,0.977700591087341
300.452575683594,-0.0314992256462574,0.0763550102710724,0.0703657940030098,6.14792966842651,24.2669734954834,357.915100097656,0.0485999062657356,0.210806652903557,-0.0290308073163033,0.975887179374695
300.971527099609,-0.0312121715396643,0.0778769999742508,0.0709033161401749,5.74911689758301,24.3292140960693,357.511810302734,0.044442493468523,0.211470618844032,-0.0317626148462296,0.97585666179657
301.475341796875,-0.0305405557155609,0.0734056830406189,0.0833883285522461,8.39730262756348,21.7598190307617,356.323211669922,0.0658227130770683,0.190454185009003,-0.0452314764261246,0.978442013263702
301.980590820313,-0.0312241166830063,0.0712659731507301,0.0887914746999741,9.48404884338379,21.2220077514648,356.109344482422,0.0749796107411385,0.186162367463112,-0.0484651289880276,0.978454291820526
302.481719970703,-0.0318195410072803,0.0715185403823853,0.0822457745671272,9.42074012756348,20.8128509521484,355.966766357422,0.0743833482265472,0.182750046253204,-0.0493175312876701,0.979100286960602
302.994537353516,-0.0305351316928864,0.0713042765855789,0.0753413960337639,9.36677169799805,20.750883102417,355.846923828125,0.0737577453255653,0.182288512587547,-0.0502182133495808,0.979187846183777
303.507629394531,-0.0294032134115696,0.0706719309091568,0.0744708105921745,9.60229778289795,20.8999900817871,355.951721191406,0.0758743584156036,0.183535322546959,-0.0497841499745846,0.978815317153931
304.009399414063,-0.0304232314229012,0.0697506666183472,0.0801357626914978,10.2208366394043,20.8159332275391,355.986175537109,0.0812546461820602,0.182895496487617,-0.0503889583051205,0.978472232818604
304.519866943359,-0.031715702265501,0.0651857703924179,0.0872846320271492,12.5036697387695,19.4438419342041,356.049713134766,0.101485505700111,0.171461880207062,-0.0521473623812199,0.978561282157898
305.051940917969,-0.030576441437006,0.0651852414011955,0.0887922048568726,12.5612745285034,19.214017868042,355.95263671875,0.10193894803524,0.169593200087547,-0.0528544411063194,0.978801846504211
305.569580078125,-0.0320111028850079,0.0653101429343224,0.0882997512817383,12.4865093231201,18.8837070465088,355.887512207031,0.10135630518198,0.16681781411171,-0.0530131757259369,0.979330539703369
306.071441650391,-0.0319241844117641,0.0650527253746986,0.0886598378419876,12.6484928131104,19.0479602813721,356.069610595703,0.102933190762997,0.168082132935524,-0.0518294312059879,0.979013204574585
306.574493408203,-0.0345915667712688,0.0643434897065163,0.0874375551939011,12.834979057312,18.7133312225342,356.262908935547,0.104958601295948,0.165071099996567,-0.0501333624124527,0.979398787021637
307.077789306641,-0.0418233722448349,0.0629924610257149,0.090347908437252,13.3138637542725,18.1310329437256,356.912475585938,0.110218361020088,0.159528702497482,-0.0446833483874798,0.980002999305725
307.587249755859,-0.0393461026251316,0.0608595758676529,0.0897209197282791,14.1559467315674,18.3585243225098,356.965850830078,0.117408223450184,0.161473169922829,-0.045586209744215,0.978807270526886
308.100006103516,-0.023255817592144,0.0611279755830765,0.0852689817547798,14.2994823455811,18.7472190856934,355.702545166016,0.116655513644218,0.166095703840256,-0.0569624379277229,0.977527022361755
308.687133789063,-0.0117379454895854,0.059850599616766,0.0932753086090088,14.7823390960693,17.2721424102783,356.160003662109,0.122123725712299,0.153087720274925,-0.0521546714007854,0.979249656200409
309.209625244141,-0.00424014404416084,0.0571332089602947,0.0997094362974167,15.7062129974365,16.2799510955811,355.813751220703,0.130044028162956,0.145110562443733,-0.0551501363515854,0.979280292987823
309.72021484375,-0.00165526568889618,0.0571591965854168,0.0888873860239983,15.7178363800049,16.4338684082031,356.013397216797,0.130324229598045,0.146200597286224,-0.0536325685679913,0.979165256023407
310.298858642578,0.00445078872144222,0.0578925348818302,0.0815615355968475,15.4329624176025,16.7981147766113,355.688903808594,0.127292945981026,0.149637773633003,-0.0564709901809692,0.978885114192963
310.812225341797,0.00548331625759602,0.055275097489357,0.0928454473614693,16.4468898773193,17.3348617553711,355.827362060547,0.135876908898354,0.154198214411736,-0.0571601241827011,0.976981639862061
311.313842773438,-0.00100903399288654,0.0555167272686958,0.100092753767967,16.5755672454834,17.2121086120605,356.023376464844,0.137298792600632,0.152932822704315,-0.0555035509169102,0.97707724571228
311.825775146484,-0.00469958502799273,0.0571528151631355,0.0954976752400398,15.9765501022339,17.5874691009521,356.284423828125,0.132356628775597,0.155767068266869,-0.0529613047838211,0.977452576160431
312.340942382813,-0.00685400608927011,0.0738461464643478,0.0683327317237854,7.66015815734863,23.847412109375,358.263122558594,0.0622244738042355,0.207114487886429,-0.0285957511514425,0.975917041301727
312.850463867188,-0.00843736343085766,0.0738590881228447,0.0621654316782951,7.56308317184448,24.1876220703125,358.073028564453,0.0609642416238785,0.210111603140831,-0.0302220974117517,0.975306689739227
313.434051513672,-0.00705777294933796,0.0764435157179832,0.0869820564985275,6.77819919586182,24.3253345489502,357.478729248047,0.0531483627855778,0.211539909243584,-0.0339212045073509,0.975333511829376
314.028991699219,-0.006678756326437,0.0775570422410965,0.0912299156188965,6.26586866378784,26.202766418457,357.130249023438,0.0475458763539791,0.227597996592522,-0.0367369912564754,0.971899628639221
314.536956787109,-0.00828747544437647,0.0781803727149963,0.0804956704378128,6.21562623977661,25.957820892334,356.816162109375,0.0465793907642365,0.225643157958984,-0.0392027534544468,0.972305834293365
315.046600341797,-0.0177494864910841,0.0671206265687943,0.0836585089564323,11.7237968444824,18.8154525756836,356.306365966797,0.0954647436738014,0.165766939520836,-0.0483132153749466,0.980343639850616
315.624267578125,-0.0177077427506447,0.0656965300440788,0.0872457921504974,12.2432985305786,17.8085460662842,356.263488769531,0.100281186401844,0.157254338264465,-0.048522125929594,0.981254577636719
316.202087402344,-0.0201589427888393,0.0648353174328804,0.0915613621473312,12.6087713241577,17.0484924316406,356.228546142578,0.103690400719643,0.150825262069702,-0.0486141033470631,0.981904625892639
316.709289550781,-0.01829469576478,0.064129963517189,0.093014620244503,12.8896007537842,16.9708309173584,356.186798095703,0.106077529489994,0.150237560272217,-0.0492516383528709,0.98170793056488
317.242095947266,-0.0188847649842501,0.0641193240880966,0.0918378606438637,12.9247274398804,16.9984836578369,356.159912109375,0.106331557035446,0.15050433576107,-0.0495515279471874,0.98162454366684
317.770172119141,-0.0194132253527641,0.064082182943821,0.0909156799316406,13.0453100204468,17.198148727417,356.208709716797,0.107343688607216,0.152185663580894,-0.0494710877537727,0.981259107589722
318.271209716797,-0.0195207148790359,0.0635280907154083,0.0926853865385056,13.1631784439087,17.2023849487305,356.21240234375,0.108357161283493,0.152234315872192,-0.0495923981070518,0.981134057044983
318.791809082031,-0.0203461237251759,0.0628645792603493,0.0940565839409828,13.4455547332764,16.9892196655273,356.270538330078,0.110946357250214,0.150390550494194,-0.0492451451718807,0.981146514415741
319.296936035156,-0.0201340541243553,0.0630361065268517,0.0930270180106163,13.363941192627,17.0016651153564,356.203918457031,0.110153913497925,0.150550663471222,-0.0497256405651569,0.981187045574188
319.811431884766,-0.0215363446623087,0.0639088079333305,0.0887845605611801,13.0224161148071,16.8236865997314,356.113494873047,0.107184588909149,0.149064213037491,-0.0499074757099152,0.981733441352844
320.410949707031,-0.0198519136756659,0.063717395067215,0.0836833640933037,13.0199756622314,17.0856494903564,356.093688964844,0.107023112475872,0.151326298713684,-0.0503191500902176,0.981383919715881
320.928009033203,-0.0177923738956451,0.0636260434985161,0.0854329690337181,13.0937461853027,17.2682304382324,355.996887207031,0.10744597017765,0.152991130948067,-0.0514117479324341,0.981022894382477
321.433166503906,-0.018166821449995,0.062533400952816,0.0936103537678719,13.4686479568481,17.3054122924805,356.138153076172,0.110830999910831,0.153228268027306,-0.0507132038474083,0.980645596981049
321.955627441406,-0.0182447247207165,0.0615183375775814,0.0982391685247421,13.9595499038696,17.3621139526367,356.096343994141,0.11495453864336,0.15381994843483,-0.0517502762377262,0.980023860931396
322.46533203125,-0.0188324898481369,0.0613471865653992,0.0978820398449898,13.9764890670776,17.3557777404785,356.151824951172,0.115176878869534,0.153712242841721,-0.0512909032404423,0.980038821697235
322.974304199219,-0.0173353739082813,0.0615422092378139,0.0940955579280853,13.8464441299438,17.5356273651123,355.982513427734,0.113753356039524,0.155401989817619,-0.0527522526681423,0.97986102104187
323.481414794922,0.00208389014005661,0.0621313452720642,0.0799399316310883,14.1814489364624,21.2268180847168,352.895141601563,0.109770938754082,0.189939349889755,-0.0831279531121254,0.972092151641846
323.998840332031,0.00165695324540138,0.0611501894891262,0.0729825422167778,15.0848636627197,23.5564613342285,355.191467285156,0.119894653558731,0.207570359110832,-0.0674813613295555,0.968496799468994
324.502838134766,0.00111263617873192,0.0566699132323265,0.0821434110403061,17.052978515625,21.8197383880615,355.031677246094,0.137337371706963,0.193307042121887,-0.0701247751712799,0.968944489955902
325.021911621094,0.00991718005388975,0.0481335856020451,0.0882331654429436,20.8413219451904,23.1717891693115,354.800537109375,0.168046697974205,0.205357909202576,-0.0799900367856026,0.960827827453613
325.534790039063,0.00930859334766865,0.0457544401288033,0.0972178131341934,21.8750038146973,22.5788898468018,355.559356689453,0.178480535745621,0.199273690581322,-0.0744186267256737,0.960675060749054
326.036712646484,-0.00123677216470242,0.0592096745967865,0.0937618762254715,14.7741823196411,21.2963600158691,355.28466796875,0.118713036179543,0.188287109136581,-0.063830591738224,0.972821056842804
326.542022705078,-0.0126721002161503,0.0684423521161079,0.0850690677762032,10.8257846832275,19.3490562438965,355.105529785156,0.0857622623443604,0.171119824051857,-0.0577425733208656,0.979810535907745
327.0615234375,-0.0147688053548336,0.0655071958899498,0.0917867124080658,12.2107257843018,18.7219314575195,355.630828857422,0.0986995100975037,0.165613904595375,-0.0546847805380821,0.979714274406433
327.587158203125,-0.0151563957333565,0.063809797167778,0.100749038159847,13.0779542922974,18.4072074890137,355.876068115234,0.106622874736786,0.162844553589821,-0.0534884445369244,0.979414224624634
328.10546875,-0.0177451968193054,0.062823049724102,0.104310385882854,13.4596252441406,17.6760883331299,356.048217773438,0.110466301441193,0.1564851552248,-0.0518291667103767,0.980113923549652
328.620849609375,-0.0169158559292555,0.062025960534811,0.109646171331406,13.8091974258423,17.6936664581299,356.128814697266,0.113561645150185,0.1566032320261,-0.0516101755201817,0.979752838611603
329.128173828125,-0.0186853464692831,0.0622669607400894,0.105617098510265,13.5962495803833,17.4908180236816,356.047210693359,0.111718855798244,0.154920324683189,-0.051834087818861,0.980220317840576
329.719818115234,-0.0186150874942541,0.0622379668056965,0.0899304375052452,13.4248676300049,17.7941093444824,355.820404052734,0.109801925718784,0.157708376646042,-0.0538457073271275,0.979883790016174
330.233245849609,-0.0168826263397932,0.0605308897793293,0.0847891792654991,14.2321891784668,17.7409954071045,355.877288818359,0.116815447807312,0.157317489385605,-0.0543559454381466,0.979107201099396
330.741058349609,-0.016271710395813,0.0591128915548325,0.0953067690134048,14.6613254547119,17.7690486907959,356.189178466797,0.120901577174664,0.157288029789925,-0.0522774085402489,0.978728950023651
331.318328857422,-0.0262179281562567,0.0578820332884789,0.110693566501141,15.0745725631714,11.7037534713745,353.812103271484,0.124842196702957,0.107971623539925,-0.0665824040770531,0.984034240245819
331.831756591797,-0.0224278643727303,0.0601090490818024,0.108450151979923,13.9859066009521,8.57662200927734,351.000244140625,0.115209184587002,0.0835154503583908,-0.0867310091853142,0.986017107963562
332.342315673828,-0.00681702233850956,0.0593347027897835,0.10250910371542,14.9333238601685,17.2084217071533,353.492980957031,0.119860805571079,0.155392467975616,-0.0750495940446854,0.977677941322327
332.854248046875,0.0101618394255638,0.0463781245052814,0.0949485674500465,20.6751899719238,17.2707805633545,350.441619873047,0.164490163326263,0.161976620554924,-0.107884086668491,0.966988921165466
333.442718505859,0.0208310093730688,0.0322913639247417,0.0812320411205292,26.9889640808105,27.7115879058838,355.51416015625,0.217274382710457,0.241555944085121,-0.0927884951233864,0.941186964511871
333.951141357422,0.0116508239880204,0.0352316908538342,0.0775002464652061,26.2102355957031,28.1043128967285,357.267028808594,0.214251175522804,0.241659447550774,-0.0775688290596008,0.943228602409363
334.459014892578,0.0148856621235609,0.0329404920339584,0.100536108016968,25.8318462371826,20.3303089141846,354.014556884766,0.2107312977314,0.183272942900658,-0.0894839018583298,0.956031382083893
335.055877685547,-0.0165063459426165,0.0712360665202141,0.0806713625788689,9.05356502532959,19.4878215789795,355.154663085938,0.0705851688981056,0.171854123473167,-0.0548769645392895,0.981056809425354
335.568572998047,-0.0265589766204357,0.0699842423200607,0.0871379747986794,9.91305732727051,18.9740600585938,354.870086669922,0.0777841731905937,0.16785717010498,-0.0582013726234436,0.981012940406799
336.155029296875,-0.0247985683381557,0.0694703385233879,0.109730921685696,9.93027305603027,20.4561157226563,354.439971923828,0.076494038105011,0.180823251605034,-0.0629016906023026,0.978516757488251
336.668395996094,-0.0328305773437023,0.071667954325676,0.116246663033962,9.23999977111816,21.5427951812744,354.823120117188,0.0706340968608856,0.189667135477066,-0.0592597164213657,0.97750985622406
337.241973876953,-0.0374485813081264,0.0704868659377098,0.107115052640438,10.2328729629517,20.6096096038818,355.383026123047,0.0804936215281487,0.181561574339867,-0.0554121285676956,0.978511989116669
337.760894775391,-0.0331396721303463,0.0667697414755821,0.0853389948606491,11.991307258606,20.1963424682617,355.288604736328,0.0955806225538254,0.178455665707588,-0.0585437752306461,0.977543115615845
338.339385986328,-0.0363628417253494,0.0659337639808655,0.0678526759147644,12.2343654632568,19.3722991943359,355.577209472656,0.0985096320509911,0.171221762895584,-0.0557357929646969,0.978709578514099
338.84716796875,-0.0360781066119671,0.0649042800068855,0.0727239474654198,12.6665105819702,19.2583599090576,355.793701171875,0.102582611143589,0.170129299163818,-0.0544002018868923,0.978556871414185
339.355804443359,-0.0291122086346149,0.0634338110685349,0.088351272046566,13.3762531280518,19.7551345825195,355.687469482422,0.108246862888336,0.174572393298149,-0.0567796491086483,0.977027714252472
339.86962890625,-0.0268529076129198,0.061809130012989,0.0990453734993935,14.0065317153931,19.5224189758301,355.803588867188,0.113919161260128,0.172563955187798,-0.0564710237085819,0.97675746679306
340.380767822266,-0.0311064869165421,0.0623728036880493,0.0959119275212288,13.7827520370483,19.4421539306641,356.040557861328,0.112402997910976,0.171617567539215,-0.0540516898036003,0.97723662853241
340.888427734375,-0.0319752730429173,0.071974590420723,0.0880798175930977,8.1628475189209,22.4236965179443,357.947387695313,0.066330648958683,0.1951634734869,-0.0313618145883083,0.978022456169128
341.397827148438,-0.0332765281200409,0.0717357471585274,0.0847651213407516,8.88710975646973,20.7843818664551,357.061218261719,0.0715692490339279,0.181737884879112,-0.0391175858676434,0.979958653450012
341.903106689453,-0.0330071076750755,0.0675072893500328,0.0879993662238121,11.1322336196899,19.3951625823975,356.402740478516,0.0902991145849228,0.170571774244308,-0.0471228994429111,0.980066776275635
342.411712646484,-0.0319435447454453,0.0666457191109657,0.0911821871995926,11.5337429046631,19.4001026153564,356.314300537109,0.0936023443937302,0.170735910534859,-0.0484592840075493,0.979663014411926
342.918579101563,-0.0335579589009285,0.0659674853086472,0.0915326848626137,11.7757253646851,19.1782722473145,356.301818847656,0.0957490727305412,0.168880477547646,-0.0487278588116169,0.979763805866241
343.431121826172,-0.0330053046345711,0.0653699338436127,0.0918381065130234,12.0177240371704,19.3277530670166,356.358825683594,0.0978408381342888,0.170139849185944,-0.0487109422683716,0.979340016841888
344.012847900391,-0.0323519706726074,0.0646603852510452,0.0952117443084717,12.3374309539795,19.2421951293945,356.408721923828,0.100686371326447,0.169402211904526,-0.0486655943095684,0.979181706905365
344.549346923828,-0.0334539189934731,0.0642798990011215,0.097023107111454,12.4937887191772,19.259651184082,356.524291992188,0.102187417447567,0.169465646147728,-0.047915730625391,0.979052245616913
345.052612304688,-0.0340932942926884,0.0639190673828125,0.0967861488461494,12.5940494537354,19.2426738739014,356.608795166016,0.103176921606064,0.169254586100578,-0.0473210699856281,0.979013860225677
345.565856933594,-0.0334241613745689,0.0640128180384636,0.0941995233297348,12.5142450332642,19.1577186584473,356.440948486328,0.102282308042049,0.168671190738678,-0.0485661029815674,0.979147434234619
346.069641113281,-0.0329777300357819,0.0635097920894623,0.0949880257248878,12.6996593475342,19.2508697509766,356.375671386719,0.103732019662857,0.169545754790306,-0.049470130354166,0.978798568248749
346.594665527344,-0.0305511821061373,0.0810097306966782,0.0900982841849327,3.23254084587097,25.9457912445068,358.673492431641,0.0248861722648144,0.224703907966614,-0.0176071133464575,0.973950147628784
347.099822998047,-0.0303320623934269,0.0807566046714783,0.0969486236572266,3.60313749313354,25.5630054473877,358.076873779297,0.0269439350813627,0.221607685089111,-0.0233120452612638,0.974484801292419
347.618682861328,-0.0323941968381405,0.0726992785930634,0.111275479197502,7.99578428268433,21.7953090667725,356.923248291016,0.0633746981620789,0.190365195274353,-0.0394742675125599,0.978870034217834
348.126647949219,-0.0338752605021,0.0680280774831772,0.120837390422821,10.4600067138672,19.6278476715088,356.219451904297,0.0841723307967186,0.172609776258469,-0.0478962995111942,0.980217754840851
348.633239746094,-0.0353103540837765,0.0643324702978134,0.121804110705853,12.3026056289673,19.4537391662598,356.185272216797,0.0999644696712494,0.171401038765907,-0.0507102385163307,0.978803992271423
349.144439697266,-0.0359421074390411,0.0636578872799873,0.110972002148628,12.7334489822388,18.8757343292236,356.079132080078,0.103751748800278,0.166613414883614,-0.0517111979424953,0.979184091091156
349.663024902344,-0.0344461984932423,0.0631089881062508,0.101745009422302,12.8007164001465,18.7469215393066,356.082763671875,0.104390636086464,0.165518373250961,-0.0516564436256886,0.979304790496826
350.166351318359,-0.0340585000813007,0.0624011158943176,0.109961964190006,13.0996494293213,18.7705307006836,356.308746337891,0.107264176011086,0.165548399090767,-0.0501597598195076,0.979066967964172
350.690582275391,-0.035632599145174,0.0619543045759201,0.118241980671883,13.3921537399292,18.6442718505859,356.449737548828,0.110023975372314,0.164367198944092,-0.049238208681345,0.97900652885437
351.20654296875,-0.0377916470170021,0.0613716915249825,0.120110690593719,13.6194219589233,18.5892868041992,356.412628173828,0.111938424408436,0.163956254720688,-0.0498131737112999,0.978829264640808
351.733062744141,-0.0396593362092972,0.0618882961571217,0.107106797397137,13.4039916992188,18.255651473999,356.398193359375,0.110219217836857,0.161096915602684,-0.0493211820721626,0.979523837566376
352.241516113281,-0.0361851379275322,0.0619735345244408,0.0991120114922523,13.3410177230835,18.2964744567871,356.213439941406,0.109402291476727,0.161615684628487,-0.0508548505604267,0.979451537132263
352.7646484375,-0.0364562571048737,0.0611394122242928,0.102736219763756,13.5975275039673,18.2326831817627,356.296966552734,0.111743107438087,0.161019966006279,-0.0504236407577991,0.979307651519775
353.270111083984,-0.0369158238172531,0.060043178498745,0.110993206501007,14.0158100128174,18.3610153198242,356.427734375,0.115449234843254,0.162030577659607,-0.0499957613646984,0.978732883930206
353.799407958984,-0.0361654981970787,0.0598416551947594,0.114613898098469,14.1389484405518,18.2869548797607,356.519683837891,0.116664081811905,0.161316350102425,-0.0493012294173241,0.978742003440857
354.306030273438,-0.0361900255084038,0.0591907575726509,0.119384050369263,14.4567680358887,18.3770217895508,356.597717285156,0.119452714920044,0.162031665444374,-0.0491555407643318,0.978294730186462
354.836120605469,-0.0376433581113815,0.0592394359409809,0.120096921920776,14.2951345443726,18.0831146240234,356.673217773438,0.118301190435886,0.159430786967278,-0.0479894988238811,0.978919684886932
355.355560302734,-0.0395798981189728,0.0611774362623692,0.113076947629452,13.4442501068115,17.1919689178467,356.325561523438,0.110920928418636,0.152072846889496,-0.0489685274660587,0.980903923511505
355.875885009766,-0.0406043715775013,0.0618453286588192,0.0982036963105202,13.273627281189,17.2564353942871,356.286102294922,0.109378591179848,0.152641430497169,-0.0491526015102863,0.980979561805725
356.390045166016,-0.0384888127446175,0.0610309317708015,0.0919949561357498,13.4819526672363,17.0481872558594,356.095642089844,0.111002564430237,0.151069611310959,-0.0508447960019112,0.980954229831696
356.914428710938,-0.0356847010552883,0.0588730052113533,0.0957772582769394,14.4993286132813,17.0480461120605,356.228759765625,0.119893379509449,0.151065945625305,-0.0509755238890648,0.979901134967804
357.426788330078,-0.0343339182436466,0.057538527995348,0.103526405990124,15.0682907104492,17.2464771270752,356.340026855469,0.124821975827217,0.152705892920494,-0.0509495325386524,0.979032456874847
357.992431640625,-0.0328987836837769,0.0568211674690247,0.106534920632839,15.489709854126,17.0903873443604,356.386413574219,0.128557503223419,0.151362642645836,-0.0509091541171074,0.978759765625
358.574737548828,-0.037612184882164,0.0607596673071384,0.10291326791048,13.5747919082642,17.4718418121338,356.65087890625,0.112357325851917,0.154165267944336,-0.0466235131025314,0.980528056621552
359.115905761719,-0.0362615808844566,0.0599282197654247,0.0978498533368111,14.0520544052124,17.0620155334473,356.297088623047,0.116146899759769,0.151062041521072,-0.0498469360172749,0.980410873889923
359.624938964844,-0.0354227907955647,0.0582738257944584,0.100779011845589,14.6405963897705,16.3454036712646,356.141418457031,0.121303588151932,0.145164787769318,-0.0511555261909962,0.980609893798828
360.161346435547,-0.0371275953948498,0.0582507587969303,0.107110753655434,14.811074256897,16.1785984039307,356.169738769531,0.122874267399311,0.143729224801064,-0.0509377084672451,0.98063713312149
360.673400878906,-0.0362422056496143,0.0611663125455379,0.109264001250267,13.5894622802734,17.3302707672119,355.9013671875,0.11153769493103,0.153687983751297,-0.0529167838394642,0.980377078056335
361.190460205078,-0.0379154048860073,0.058933924883604,0.107897415757179,14.1847057342529,17.4342880249023,356.1357421875,0.116902679204941,0.15442618727684,-0.0517729856073856,0.979696869850159
361.708343505859,-0.0368404500186443,0.0584308914840221,0.112034760415554,14.4299173355103,17.0940208435059,356.334716796875,0.119418621063232,0.151340484619141,-0.0500307679176331,0.979965388774872
362.237152099609,-0.0351865440607071,0.0569083355367184,0.120664611458778,15.015513420105,17.2831115722656,356.390655517578,0.124421827495098,0.152958512306213,-0.0504900403320789,0.979067742824554
362.745147705078,-0.0372438728809357,0.0570547878742218,0.125264942646027,15.0025243759155,16.9924659729004,356.454772949219,0.124522477388382,0.150403812527657,-0.049610260874033,0.979495644569397
363.256469726563,-0.0417261123657227,0.0657269284129143,0.118364378809929,11.1416349411011,15.0419721603394,355.767791748047,0.0913649946451187,0.133735954761505,-0.0491316355764866,0.985572576522827
363.785400390625,-0.0374347567558289,0.0613652169704437,0.105062261223793,13.6392364501953,17.0445671081543,355.807159423828,0.111971460282803,0.151342913508415,-0.0535066649317741,0.980660378932953
364.296325683594,-0.0363854095339775,0.0598926767706871,0.0935548022389412,14.1466388702393,17.3428153991699,355.853393554688,0.116239137947559,0.153926149010658,-0.0540456138551235,0.979731738567352
364.811248779297,-0.0370193049311638,0.0607401840388775,0.0887119472026825,13.6282052993774,16.931848526001,355.574462890625,0.111623905599117,0.150603398680687,-0.0553744211792946,0.98071014881134
365.323181152344,-0.0387790314853191,0.0642956718802452,0.0909937545657158,11.7375049591064,15.0290241241455,355.380462646484,0.0960465595126152,0.134071677923203,-0.0531076937913895,0.984875321388245
365.838104248047,-0.037326842546463,0.0609778389334679,0.103018954396248,13.5239953994751,16.0341529846191,355.919586181641,0.111590005457401,0.142561122775078,-0.0514189228415489,0.982130408287048
366.340270996094,-0.0361504778265953,0.0595383271574974,0.109560988843441,14.0769786834717,16.4100189208984,355.828063964844,0.11604581028223,0.145960658788681,-0.0532312132418156,0.981017470359802
366.866088867188,-0.034844882786274,0.058306809514761,0.109517030417919,14.6187582015991,17.3337783813477,356.114807128906,0.12063530087471,0.153642624616623,-0.0523995831608772,0.9793341755867
367.383575439453,-0.0335042104125023,0.0598623864352703,0.103627875447273,14.1280221939087,16.9510803222656,355.789123535156,0.116179287433624,0.150638356804848,-0.0541745722293854,0.980242609977722
367.904846191406,-0.0366715937852859,0.0616413839161396,0.089997410774231,13.541015625,16.7422637939453,355.715698242188,0.111151441931725,0.14882804453373,-0.0538740232586861,0.981118381023407
368.429870605469,-0.0375617742538452,0.061565525829792,0.0875417664647102,13.1889991760254,16.3114490509033,355.787017822266,0.108423478901386,0.145008727908134,-0.0524253435432911,0.982073545455933
368.934143066406,-0.0354412011802197,0.0605392679572105,0.0963707938790321,13.6828145980835,16.5867462158203,355.961730957031,0.112756714224815,0.147278934717178,-0.0517882443964481,0.981281220912933
369.458679199219,-0.0318583063781261,0.0598134733736515,0.102570883929729,14.7378940582275,17.8516597747803,356.050659179688,0.121327489614487,0.158148899674416,-0.053647480905056,0.978463351726532
370.009521484375,-0.0338433161377907,0.061860453337431,0.0920399352908134,13.5229825973511,17.2579078674316,355.627807617188,0.110635831952095,0.153323292732239,-0.0551029331982136,0.980415880680084
370.530487060547,-0.0351974666118622,0.0619040876626968,0.08505879342556,13.445460319519,16.804666519165,355.608367919922,0.110162958502769,0.149449244141579,-0.0547364018857479,0.981087684631348
371.053985595703,-0.0351509377360344,0.060125857591629,0.0888083279132843,14.210545539856,17.7963905334473,355.960571289063,0.116718634963036,0.157702952623367,-0.0536726526916027,0.979094386100769
371.562286376953,-0.0339685752987862,0.0603354275226593,0.0939819440245628,14.2726678848267,17.7453575134277,356.087646484375,0.117448411881924,0.157145127654076,-0.0526155047118664,0.979154169559479
372.075256347656,-0.0357812307775021,0.0605670884251595,0.0922478139400482,14.0968246459961,17.8017730712891,356.180328369141,0.116045370697975,0.157511278986931,-0.0516520366072655,0.979313910007477
372.601776123047,-0.0341074168682098,0.060501404106617,0.0909330025315285,14.171817779541,18.0670223236084,356.115142822266,0.11647605150938,0.159852758049965,-0.0525767058134079,0.978834092617035
373.172485351563,-0.032840184867382,0.0597797334194183,0.0955356582999229,14.4396705627441,18.1233882904053,356.239959716797,0.118915349245071,0.160236582159996,-0.0519233979284763,0.978512823581696
373.694763183594,-0.0339058116078377,0.0603568963706493,0.0981695875525475,14.230320930481,17.5541725158691,356.207672119141,0.117336437106133,0.155383065342903,-0.0513390563428402,0.979516506195068
374.274505615234,-0.0351185351610184,0.0602349750697613,0.0988196134567261,14.1347312927246,17.4730014801025,356.365234375,0.116767078638077,0.154517352581024,-0.0497864037752151,0.979801595211029
374.789123535156,-0.0348133742809296,0.0599625930190086,0.0988642573356628,14.2541761398315,17.504035949707,356.458831787109,0.117902405560017,0.154699310660362,-0.0491712726652622,0.979667961597443
375.298004150391,-0.0345641784369946,0.0598560273647308,0.0972831323742867,14.3310213088989,17.5095729827881,356.407379150391,0.118488267064095,0.154807463288307,-0.0497153140604496,0.979552745819092
375.802978515625,-0.0341062620282173,0.0598321557044983,0.0965271219611168,14.3967962265015,17.6003665924072,356.400665283203,0.119002550840378,0.155597195029259,-0.0499516017735004,0.979353249073029
376.397216796875,-0.0339517742395401,0.0597135089337826,0.0977613553404808,14.365626335144,17.7057056427002,356.402191162109,0.118692003190517,0.156492665410042,-0.0500073432922363,0.979245364665985
376.904754638672,-0.0332567468285561,0.0583916455507278,0.102891266345978,14.9988031387329,17.8181667327881,356.351165771484,0.123987562954426,0.15756955742836,-0.051385872066021,0.978344738483429
377.492797851563,-0.0328259952366352,0.0585271678864956,0.10390131175518,14.9299011230469,18.1839179992676,356.391479492188,0.12329064309597,0.160641670227051,-0.051345769315958,0.977935254573822
378.088958740234,-0.034001350402832,0.0579051151871681,0.105043038725853,15.0929012298584,17.9254455566406,356.511352539063,0.124965138733387,0.158319696784019,-0.0502579249441624,0.978157818317413
378.597290039063,-0.0339701510965824,0.0576010309159756,0.107580170035362,15.2708606719971,17.9885349273682,356.531463623047,0.126486033201218,0.158850252628326,-0.0503895804286003,0.977869510650635
379.111236572266,-0.0355748310685158,0.0578169524669647,0.104906022548676,15.0604867935181,17.9619693756104,356.568542480469,0.124751180410385,0.158566609025002,-0.0497671142220497,0.978170275688171
379.617614746094,-0.0350890979170799,0.0583530589938164,0.101050488650799,14.8834095001221,17.9787063598633,356.459075927734,0.123078726232052,0.15881322324276,-0.0504864752292633,0.978305220603943
380.119445800781,-0.0348548255860806,0.0582156144082546,0.105770513415337,14.9307746887207,17.5652256011963,356.354827880859,0.123523861169815,0.155398949980736,-0.0509934164583683,0.978771030902863
380.623901367188,-0.0341070778667927,0.0556146986782551,0.116754032671452,15.8477001190186,17.8896217346191,356.38330078125,0.131252855062485,0.158219158649445,-0.0522986687719822,0.97724324464798
381.222869873047,-0.0343496948480606,0.0535290241241455,0.130211800336838,16.6610584259033,18.2499732971191,356.339141845703,0.13796478509903,0.161404520273209,-0.0541696846485138,0.975694596767426
381.817565917969,-0.0343767218291759,0.0534875281155109,0.128761395812035,16.6580963134766,18.4020252227783,356.493865966797,0.138087064027786,0.1625125259161,-0.0530316382646561,0.975555896759033
382.339691162109,-0.0353175923228264,0.0541822388768196,0.124387845396996,16.5034408569336,18.1158962249756,356.417419433594,0.136793091893196,0.160157665610313,-0.0531334541738033,0.976121962070465
382.927185058594,-0.0354749262332916,0.0564555414021015,0.124689400196075,15.5444097518921,18.0744686126709,356.468017578125,0.128696501255035,0.159675285220146,-0.0513875745236874,0.977394700050354
383.453369140625,-0.0352635085582733,0.0559286549687386,0.127699330449104,15.5009622573853,17.3480815887451,356.302856445313,0.128426894545555,0.153658002614975,-0.0519257187843323,0.978365778923035
383.959686279297,-0.033360417932272,0.0548545308411121,0.129609793424606,15.8573684692383,17.6163787841797,356.185150146484,0.131190031766891,0.156116396188736,-0.0536883287131786,0.977514386177063
384.476928710938,-0.031826663762331,0.0546006821095943,0.130991503596306,16.028600692749,17.2581539154053,356.211700439453,0.132855981588364,0.153046652674675,-0.0532666333019733,0.977797865867615
384.997894287109,-0.0330836549401283,0.0557380355894566,0.129169121384621,15.6808443069458,17.0074424743652,356.225860595703,0.130017712712288,0.150854557752609,-0.0524243786931038,0.978565275669098
385.588989257813,-0.0311364866793156,0.059183593839407,0.113542832434177,14.3069381713867,17.3152179718018,355.822570800781,0.117583133280277,0.153745412826538,-0.0544837191700935,0.979575455188751
386.092742919922,-0.038199532777071,0.0706030130386353,0.0866464748978615,9.25327587127686,15.2653684616089,355.52197265625,0.074714407324791,0.135411366820335,-0.0493015572428703,0.986737549304962
386.635528564453,-0.0394294559955597,0.0690576434135437,0.0669721439480782,10.1351938247681,16.3801250457764,355.410522460938,0.0816782638430595,0.145287334918976,-0.0520501509308815,0.984637498855591
387.135711669922,-0.0373786203563213,0.0677323341369629,0.0780293419957161,10.6821298599243,16.7007694244385,355.59228515625,0.0864688158035278,0.148030444979668,-0.0513904988765717,0.983854234218597
387.661468505859,-0.0363509058952332,0.066390335559845,0.0878828540444374,11.4125175476074,16.5220413208008,355.709869384766,0.092976450920105,0.146553754806519,-0.0511338226497173,0.98349517583847
388.183013916016,-0.0358325690031052,0.0663013234734535,0.0825863927602768,11.4650430679321,16.0420665740967,355.746765136719,0.0936872288584709,0.142413422465324,-0.0504889898002148,0.984069108963013
388.707061767578,-0.0340240076184273,0.0662548914551735,0.0754704624414444,11.42848777771,15.3651475906372,356.070281982422,0.0940545648336411,0.136325433850288,-0.0471126884222031,0.985063195228577
389.209686279297,-0.0325789488852024,0.0658725798130035,0.0750234052538872,11.5728845596313,15.0896759033203,355.989990234375,0.0953164100646973,0.134049862623215,-0.0477369576692581,0.98522412776947
389.73486328125,-0.0331237092614174,0.0651902183890343,0.086815357208252,11.9321737289429,14.8707189559937,356.260925292969,0.0988120511174202,0.132000535726547,-0.0456176176667213,0.985256850719452
390.236328125,-0.0345581844449043,0.0645442008972168,0.0962560251355171,12.2958364486694,14.8412809371948,356.3671875,0.102075099945068,0.131711676716805,-0.0450754389166832,0.984987795352936
390.754669189453,-0.0355961471796036,0.0648488253355026,0.0874445959925652,12.1783685684204,14.9276161193848,356.209320068359,0.100847981870174,0.13257497549057,-0.0463804863393307,0.984937787055969
391.305267333984,-0.0343024730682373,0.0645567551255226,0.0808068066835403,12.261474609375,15.9015483856201,356.004241943359,0.100911878049374,0.141135007143021,-0.0490934997797012,0.983609437942505
391.815399169922,-0.0309606716036797,0.0633861124515533,0.0872145891189575,12.746280670166,16.3675937652588,356.030364990234,0.104906983673573,0.145189851522446,-0.049861878156662,0.982562065124512
392.329864501953,-0.0336882807314396,0.063401959836483,0.0873787328600883,12.7216768264771,16.0550022125244,356.026245117188,0.104826211929321,0.142508760094643,-0.0495817773044109,0.982977330684662
392.836639404297,-0.0364339798688889,0.0639818161725998,0.0832934081554413,12.5744066238403,16.2532634735107,356.179229736328,0.103668197989464,0.144047155976295,-0.0482753999531269,0.982940912246704
393.357543945313,-0.0332486256957054,0.0632999464869499,0.0873464494943619,12.8109750747681,16.0333309173584,355.941314697266,0.105496913194656,0.142415598034859,-0.0503953769803047,0.982877671718597
393.866119384766,-0.0315894410014153,0.0612938813865185,0.0915622636675835,13.7099580764771,16.5243949890137,355.932769775391,0.112980522215366,0.14677768945694,-0.0520076304674149,0.981319010257721
394.465942382813,-0.0322916209697723,0.0616947263479233,0.0884201750159264,13.6702547073364,16.1364288330078,355.971527099609,0.11286386102438,0.143409997224808,-0.0512460507452488,0.981870293617249
394.990692138672,-0.0313597284257412,0.0615777969360352,0.0883928239345551,13.6015949249268,16.1135559082031,355.817108154297,0.112091988325119,0.143354430794716,-0.0524657145142555,0.981902360916138
395.583953857422,-0.0303192362189293,0.0617217570543289,0.088912233710289,13.450798034668,16.2415561676025,355.696228027344,0.110587276518345,0.144542559981346,-0.0534477792680264,0.981845855712891
396.107238769531,-0.0341113284230232,0.061880461871624,0.0903596505522728,13.4363126754761,16.026460647583,355.903472900391,0.11082099378109,0.142496511340141,-0.0514468438923359,0.982225358486176
396.653381347656,-0.0357756167650223,0.0621047616004944,0.0921289846301079,13.4218416213989,16.0107936859131,355.99609375,0.110818855464458,0.14227032661438,-0.0506208389997482,0.982301354408264
397.181396484375,-0.0352882593870163,0.0623770207166672,0.086644358932972,13.1604261398315,15.880256652832,355.883544921875,0.108493655920029,0.141215920448303,-0.0511561930179596,0.982685267925262
397.689544677734,-0.037785679101944,0.0645627081394196,0.0820426940917969,12.239465713501,15.2418460845947,355.699401855469,0.10064285248518,0.135734394192696,-0.0511057004332542,0.984294414520264
398.190490722656,-0.0392684377729893,0.0655088648200035,0.0830975025892258,11.8193130493164,15.016167640686,355.781494140625,0.097224660217762,0.133640557527542,-0.0497398748993874,0.984994173049927
398.721252441406,-0.0387869663536549,0.0646551474928856,0.0869526267051697,12.25954246521,15.1844329833984,355.885131835938,0.101060159504414,0.135081619024277,-0.0494821295142174,0.984424412250519
399.247222900391,-0.0354025289416313,0.0634069368243217,0.0876537635922432,12.9211301803589,16.0414333343506,355.764526367188,0.106219194829464,0.14266762137413,-0.0520483367145061,0.982677161693573
399.768798828125,-0.0363617651164532,0.0633825287222862,0.0851136073470116,12.8926649093628,15.959644317627,355.903015136719,0.106183394789696,0.141832798719406,-0.0507514849305153,0.982869684696198
400.348754882813,-0.0366112664341927,0.0638334825634956,0.0752647593617439,12.581280708313,15.7229146957397,355.860137939453,0.103560738265514,0.139786377549171,-0.0505416393280029,0.983453392982483
400.869384765625,-0.0397287905216217,0.0628775358200073,0.0766203925013542,12.807879447937,16.0957279205322,356.002563476563,0.105519235134125,0.142893880605698,-0.0499239787459373,0.982829928398132
401.404693603516,-0.0652514323592186,0.0575049258768559,0.0966619998216629,14.4765825271606,17.9469375610352,355.571746826172,0.118383184075356,0.159426718950272,-0.0574951060116291,0.978398084640503
401.910766601563,-0.104582622647285,0.0536987595260143,0.115592792630196,15.3721942901611,17.9030628204346,357.543853759766,0.128781482577324,0.156997084617615,-0.0417869426310062,0.978274524211884
402.442749023438,-0.0345219299197197,0.0480935052037239,0.139032989740372,17.2339916229248,12.0351037979126,357.058166503906,0.14629328250885,0.107440464198589,-0.0409418120980263,0.982536911964417
402.956573486328,-0.0391894616186619,0.0459892675280571,0.158654853701591,18.0990219116211,14.1596937179565,355.592926025391,0.151293203234673,0.127629786729813,-0.0570530816912651,0.978552997112274
403.479736328125,-0.0600928515195847,0.0490964651107788,0.145644396543503,17.4368801116943,12.8246717453003,355.653137207031,0.146335735917091,0.116025567054749,-0.0541682094335556,0.980912744998932
403.997528076172,-0.0538918375968933,0.0541259273886681,0.133044004440308,15.5663805007935,12.3726282119751,356.091857910156,0.130917325615883,0.111297942698002,-0.0481726862490177,0.983947575092316
404.537078857422,-0.041621245443821,0.0456563793122768,0.183463022112846,18.451150894165,13.2414474487305,355.789581298828,0.154964566230774,0.119578316807747,-0.0544896610081196,0.979141414165497
405.050720214844,-0.0540819987654686,0.0449141971766949,0.180944472551346,18.6441478729248,14.4003934860229,356.153778076172,0.156465590000153,0.129004746675491,-0.0531450845301151,0.97777909040451
405.573974609375,-0.0503496378660202,0.0525311641395092,0.13761505484581,16.1570873260498,14.2803726196289,355.335296630859,0.13431690633297,0.128636717796326,-0.0574328824877739,0.980873703956604
406.098083496094,-0.0399070270359516,0.0496939979493618,0.162327036261559,16.7851638793945,14.3847541809082,355.224029541016,0.139519959688187,0.129786431789398,-0.0591533593833447,0.979893147945404
406.621887207031,-0.0498932860791683,0.0455086454749107,0.177648261189461,18.1983127593994,13.9147291183472,355.578582763672,0.152248427271843,0.125572800636292,-0.0569503903388977,0.978676974773407
407.136322021484,-0.0525832213461399,0.0517887026071548,0.142490237951279,16.0779933929443,14.722599029541,355.384002685547,0.133472844958305,0.132349163293839,-0.0574503876268864,0.98049384355545
407.714447021484,-0.0445544756948948,0.0528086014091969,0.149791389703751,15.6448402404785,15.1191444396973,355.395080566406,0.129575341939926,0.135647937655449,-0.0573457218706608,0.980571925640106
408.237365722656,-0.0498863495886326,0.0509069077670574,0.163010403513908,16.5542659759521,14.8028163909912,355.785095214844,0.137977376580238,0.132641762495041,-0.054620023816824,0.979992389678955
408.764587402344,-0.0501402989029884,0.0532139539718628,0.142170444130898,15.7389278411865,14.5512380599976,355.482574462891,0.130764484405518,0.13070510327816,-0.0560523793101311,0.981160044670105
409.278198242188,-0.0465191379189491,0.0544268190860748,0.121962666511536,15.2849369049072,14.3019104003906,355.218353271484,0.126694932579994,0.12877544760704,-0.0575643256306648,0.981861352920532
409.785278320313,-0.0479079112410545,0.0543313212692738,0.130590721964836,15.3228073120117,14.0462760925293,355.431762695313,0.127383574843407,0.126355916261673,-0.0554906465113163,0.982205867767334
410.310516357422,-0.0479852333664894,0.05334148183465,0.141711175441742,15.7979412078857,13.9554872512817,355.540466308594,0.131623893976212,0.125547274947166,-0.0549348443746567,0.981781661510468
410.83056640625,-0.0488109029829502,0.0537236779928207,0.139928638935089,15.7187452316284,13.7909965515137,355.616149902344,0.131104975938797,0.124036222696304,-0.0540188774466515,0.982093930244446
411.35595703125,-0.0529171489179134,0.055259145796299,0.124003082513809,15.1588621139526,13.9102458953857,355.650421142578,0.126280546188354,0.124915987253189,-0.0533003248274326,0.982653737068176
411.876220703125,-0.0572671070694923,0.0556873753666878,0.114463418722153,14.8719654083252,13.9063405990601,355.736419677734,0.123912364244461,0.124735608696938,-0.0522703304886818,0.983033359050751
412.387329101563,-0.0558452531695366,0.05519063398242,0.120378270745277,15.1305694580078,13.9196691513062,355.687408447266,0.126073598861694,0.12495081871748,-0.0529650263488293,0.9826939702034
412.89208984375,-0.0540837720036507,0.0554149188101292,0.121556743979454,15.1378803253174,14.0582580566406,355.629821777344,0.126008808612823,0.126203894615173,-0.0536186322569847,0.982506692409515
413.406402587891,-0.0529261082410812,0.0554926581680775,0.117530308663845,15.1138973236084,14.197585105896,355.659606933594,0.125770762562752,0.127361252903938,-0.0534919612109661,0.982394754886627
413.9609375,-0.0510728731751442,0.0565155446529388,0.117822147905827,14.7113208770752,14.230224609375,355.442504882813,0.122057355940342,0.127798065543175,-0.0549755915999413,0.982724487781525
414.47265625,-0.0505126118659973,0.054930318146944,0.126345410943031,15.3152227401733,14.1769342422485,355.448822021484,0.127274140715599,0.127455309033394,-0.0554819069802761,0.982078492641449
414.990386962891,-0.0501139871776104,0.0537303648889065,0.130910769104958,15.7723398208618,14.2976379394531,355.463134765625,0.131152972579002,0.128561973571777,-0.0559636689722538,0.981396317481995
415.513824462891,-0.0522592477500439,0.0549916550517082,0.124252587556839,15.423451423645,13.8078632354736,355.238616943359,0.128152996301651,0.124548628926277,-0.0569809973239899,0.982251346111298
416.110900878906,-0.052137702703476,0.0534188151359558,0.114267446100712,16.013162612915,13.3375244140625,354.915313720703,0.133107244968414,0.121020689606667,-0.0597875751554966,0.981866538524628
416.637420654297,-0.0349950790405273,0.0592351667582989,0.0977825224399567,14.3887071609497,21.4434986114502,354.196075439453,0.113546833395958,0.190567821264267,-0.0726204961538315,0.972377121448517
417.172271728516,-0.0262931901961565,0.0601650290191174,0.126971811056137,13.2211275100708,18.1292858123779,352.500213623047,0.10320383310318,0.1636011749506,-0.0822532027959824,0.977659463882446
417.726318359375,-0.0355637669563293,0.0553435198962688,0.140935763716698,15.4856662750244,16.202033996582,353.266052246094,0.124951481819153,0.14722666144371,-0.0765675604343414,0.97818648815155
418.253204345703,-0.0395379140973091,0.0557343550026417,0.128189086914063,15.4535388946533,15.8008079528809,353.419311523438,0.125135987997055,0.143622562289238,-0.0747846141457558,0.978836476802826
418.796997070313,-0.0444862768054008,0.0561642125248909,0.102057561278343,15.2917861938477,13.4234275817871,352.603576660156,0.124391838908195,0.1241165548563,-0.0790071934461594,0.981264352798462
419.316375732422,-0.04425198584795,0.0570159740746021,0.0914364904165268,14.8269014358521,13.7803478240967,352.884033203125,0.120466902852058,0.126683965325356,-0.0765447244048119,0.981621026992798
419.834503173828,-0.0414679832756519,0.0563784092664719,0.103358224034309,15.1705570220947,14.9434194564819,353.541717529297,0.123412288725376,0.136066541075706,-0.0725001692771912,0.980305671691895
420.355377197266,-0.0414251089096069,0.0559773184359074,0.109189540147781,15.4358243942261,14.7760314941406,353.856231689453,0.126161232590675,0.134377256035805,-0.0699066147208214,0.980377078056335
420.870849609375,-0.0455002337694168,0.056557722389698,0.105583563446999,15.3070211410522,14.3756465911865,353.984985351563,0.125447139143944,0.130769655108452,-0.0682318732142448,0.981074273586273
421.378295898438,-0.0460625514388084,0.0561868287622929,0.105515502393246,15.5024824142456,14.4404306411743,354.058227539063,0.127168625593185,0.131302326917648,-0.0678761601448059,0.980806112289429
421.892333984375,-0.0436862409114838,0.0556608401238918,0.107400231063366,15.7634315490723,14.4229316711426,353.905334472656,0.129240989685059,0.131402269005775,-0.0694317072629929,0.980412900447845
422.410705566406,-0.0445587933063507,0.0554497726261616,0.10674300044775,15.6945009231567,14.1244068145752,353.758819580078,0.128665566444397,0.128991022706032,-0.070280022919178,0.980748295783997
422.92333984375,-0.0424914062023163,0.0541762709617615,0.109925165772438,16.1328372955322,14.1097688674927,353.676422119141,0.132339388132095,0.129100665450096,-0.0714044272899628,0.980163633823395
423.523345947266,-0.0319870710372925,0.0606375336647034,0.0994644612073898,13.1549367904663,15.0125341415405,352.201629638672,0.10447720438242,0.137196928262711,-0.0819036588072777,0.981607556343079
424.058654785156,-0.0356750078499317,0.0612469017505646,0.106018170714378,13.0148763656616,14.6241006851196,353.046539306641,0.104535117745399,0.13303741812706,-0.0741601139307022,0.982788741588593
424.568695068359,-0.0340492390096188,0.060049369931221,0.114900507032871,13.5761337280273,14.7272996902466,353.118530273438,0.109372906386852,0.134073838591576,-0.0742255300283432,0.982116281986237
425.093170166016,-0.0360681712627411,0.0578378811478615,0.122220300137997,14.3837089538574,14.6154537200928,353.409851074219,0.116716384887695,0.133126378059387,-0.0724606737494469,0.98153156042099
425.623931884766,-0.0357428230345249,0.0559340193867683,0.132214233279228,15.1530771255493,14.6715488433838,353.577453613281,0.123475782573223,0.133695974946022,-0.0718832314014435,0.980669140815735
426.128814697266,-0.0361400619149208,0.0550803430378437,0.137660801410675,15.505970954895,14.7523927688599,353.805389404297,0.12671734392643,0.134252920746803,-0.0703889355063438,0.980287909507751
426.647186279297,-0.0413063727319241,0.0555963888764381,0.135294571518898,15.3155755996704,14.8192434310913,354.229400634766,0.125542148947716,0.134301617741585,-0.0666343793272972,0.980694711208344
427.148895263672,-0.0352765172719955,0.0676503404974937,0.120553985238075,9.04834842681885,21.8423709869385,356.068634033203,0.0709271878004074,0.191413685679436,-0.0485102944076061,0.977740705013275
427.730712890625,-0.0400430224835873,0.061755083501339,0.123325176537037,12.0980892181396,16.7967395782471,354.846984863281,0.0976151749491692,0.149781227111816,-0.0595994368195534,0.982081890106201
428.242889404297,-0.0410059206187725,0.0594889931380749,0.127492338418961,13.3324289321899,16.0664005279541,354.674011230469,0.108372889459133,0.143992751836777,-0.0618994794785976,0.981677055358887
428.757110595703,-0.0416235104203224,0.0580352172255516,0.132558524608612,13.7847442626953,15.4944972991943,354.684478759766,0.112575724720955,0.139199033379555,-0.0617744103074074,0.981903374195099
429.263305664063,-0.0423103459179401,0.0576376803219318,0.134581461548805,14.0026550292969,15.1220283508301,354.623840332031,0.114574544131756,0.136123940348625,-0.0621654279530048,0.982078671455383
429.854766845703,-0.042801771312952,0.0578206814825535,0.129437252879143,13.8856983184814,15.3025588989258,354.646667480469,0.113500162959099,0.137617722153664,-0.0620211400091648,0.982004344463348
430.360931396484,-0.0440808981657028,0.0584857352077961,0.126830443739891,13.609317779541,15.5308885574341,354.631164550781,0.110985659062862,0.139517307281494,-0.0620702058076859,0.982020556926727
430.869232177734,-0.045504953712225,0.0537941567599773,0.123229250311852,15.5762891769409,14.332896232605,353.505004882813,0.127234131097794,0.131019607186317,-0.0725661814212799,0.980499625205994
431.383636474609,-0.0495847277343273,0.0567207336425781,0.1266910135746,14.3407249450684,15.8416624069214,354.219970703125,0.116578310728073,0.142786294221878,-0.0667261779308319,0.980596363544464
431.894653320313,-0.0499285683035851,0.0560880750417709,0.1285110861063,14.5792627334595,15.8932685852051,354.328155517578,0.118727944791317,0.143182829022408,-0.0661253482103348,0.980321288108826
432.409301757813,-0.0490844175219536,0.0558890216052532,0.125968977808952,14.7336282730103,16.1195240020752,354.234008789063,0.119800314307213,0.145257979631424,-0.0673432946205139,0.979802489280701
432.918212890625,-0.0461538396775723,0.0555566847324371,0.126295298337936,14.9108428955078,16.1787700653076,354.050659179688,0.121049843728542,0.146006748080254,-0.0691779255867004,0.979409694671631
433.433776855469,-0.0460049211978912,0.0545571781694889,0.129641875624657,15.3980722427368,16.315071105957,354.322357177734,0.125486969947815,0.147011563181877,-0.0675698295235634,0.978813052177429
433.934204101563,-0.0492527075111866,0.0549737699329853,0.124756321310997,15.2601318359375,16.0503902435303,354.288360595703,0.124418787658215,0.144751131534576,-0.0674119219183922,0.979297041893005
434.532806396484,-0.0480603128671646,0.0563425570726395,0.117934897542,14.6900806427002,15.5003089904785,354.091583251953,0.119615137577057,0.140097916126251,-0.0678654238581657,0.980540215969086
435.0400390625,-0.0469495542347431,0.0571857616305351,0.119098030030727,14.4011945724487,15.2180957794189,354.004730224609,0.117200002074242,0.137685939669609,-0.0679997503757477,0.981164038181305
435.572448730469,-0.0500462651252747,0.0559962391853333,0.120088696479797,14.7290449142456,15.0957803726196,354.377319335938,0.12052845954895,0.136346966028214,-0.0650384426116943,0.981148481369019
436.153198242188,-0.0493746809661388,0.0547309704124928,0.135209158062935,15.1933116912842,14.9526538848877,354.384460449219,0.124599494040012,0.135240405797958,-0.0653229728341103,0.980774164199829
436.676147460938,-0.0549326688051224,0.055286630988121,0.134036138653755,15.032621383667,14.5398082733154,354.553253173828,0.123649381101131,0.131479844450951,-0.0632613524794579,0.981540560722351
437.200073242188,-0.0544608421623707,0.0564800649881363,0.127165928483009,14.5528535842896,14.4225063323975,354.569213867188,0.119614593684673,0.130330204963684,-0.0625025853514671,0.982242226600647
437.73388671875,-0.049975648522377,0.0544554442167282,0.138246417045593,15.2664022445679,14.604700088501,354.525695800781,0.125587031245232,0.132127031683922,-0.0638113841414452,0.981172025203705
438.235076904297,-0.0552093796432018,0.0527697950601578,0.147766768932343,15.9855289459229,14.7174339294434,354.881530761719,0.132101699709892,0.132867977023125,-0.0616459771990776,0.98035454750061
438.743469238281,-0.0494103729724884,0.0518437176942825,0.136637702584267,16.424633026123,18.7398948669434,355.098785400391,0.133916974067688,0.167017713189125,-0.0649895742535591,0.974652588367462
439.269683837891,-0.0449832864105701,0.0514794550836086,0.132832258939743,16.7848091125488,19.3053073883057,355.192596435547,0.136801943182945,0.171767890453339,-0.0653545185923576,0.973401129245758
439.786285400391,-0.043806578963995,0.0520288497209549,0.129133582115173,16.4070777893066,19.9078979492188,354.989868164063,0.132929980754852,0.17706710100174,-0.0672506392002106,0.972858786582947
440.292724609375,-0.0439924113452435,0.0535011291503906,0.12668214738369,15.9279155731201,19.7353191375732,354.920196533203,0.128845199942589,0.17560251057148,-0.0669588148593903,0.973693609237671
440.798461914063,-0.045783206820488,0.0533231273293495,0.127445131540298,16.0930728912354,19.2136421203613,355.036865234375,0.130730211734772,0.171063870191574,-0.0656088888645172,0.974341988563538
441.309295654297,-0.0465586110949516,0.0540003478527069,0.122468769550323,15.7374649047852,19.0303649902344,354.812103271484,0.127471059560776,0.169695347547531,-0.0668227821588516,0.974930465221405
441.828491210938,-0.045115489512682,0.0550572946667671,0.124704763293266,15.2866773605347,18.5240306854248,354.509918212891,0.123481750488281,0.165623337030411,-0.068230152130127,0.976046025753021
442.403381347656,-0.0445360317826271,0.0526797957718372,0.138249173760414,16.270923614502,19.1318817138672,354.668914794922,0.131744548678398,0.170821860432625,-0.0688892379403114,0.974021315574646
442.912109375,-0.0491626933217049,0.0548426918685436,0.138326287269592,15.4779052734375,18.6870231628418,354.745513916016,0.125359460711479,0.166796028614044,-0.0666574314236641,0.975715577602386
443.423217773438,-0.0491225831210613,0.0613063424825668,0.121549166738987,12.1837682723999,20.4900760650635,355.226531982422,0.0969756469130516,0.181049510836601,-0.0596074387431145,0.976864278316498
443.936218261719,-0.0455520451068878,0.0613090023398399,0.113544024527073,12.4253845214844,20.0689239501953,355.066680908203,0.0990104898810387,0.177642971277237,-0.0609695613384247,0.977201461791992
444.457244873047,-0.0426218174397945,0.0585070215165615,0.108831323683262,13.6827964782715,19.2963066101074,354.974609375,0.110028274357319,0.171392500400543,-0.0628581717610359,0.977019548416138
444.977478027344,-0.0372569896280766,0.0579969249665737,0.120138742029667,13.7420988082886,19.4555835723877,354.931640625,0.110382400453091,0.172803565859795,-0.0634613782167435,0.976692080497742
445.510131835938,-0.0396741032600403,0.0556523390114307,0.131795451045036,14.8910350799561,19.4433879852295,355.177032470703,0.12056427448988,0.172664567828178,-0.0629843026399612,0.975543022155762
446.041229248047,-0.0415903180837631,0.054495457559824,0.125829875469208,15.5147523880005,18.7823963165283,355.104339599609,0.126142546534538,0.167221218347549,-0.0637565776705742,0.975735723972321
446.557952880859,-0.0371830761432648,0.0539361126720905,0.12698170542717,15.8737783432007,18.7275924682617,355.075805664063,0.129194051027298,0.166847959160805,-0.0644255802035332,0.975356340408325
447.086120605469,-0.0379646718502045,0.0531242191791534,0.134967178106308,16.1620693206787,18.3199424743652,355.084228515625,0.131894052028656,0.163417413830757,-0.064275361597538,0.975585758686066
447.614837646484,-0.040592860430479,0.0533564649522305,0.139654293656349,15.9685850143433,18.0439929962158,355.018402099609,0.130304649472237,0.161108627915382,-0.0642662867903709,0.976183712482452
448.1328125,-0.0419444218277931,0.0533323474228382,0.143251910805702,15.9532251358032,17.99045753479,355.103424072266,0.130322724580765,0.160553112626076,-0.0634609833359718,0.976325511932373
448.653778076172,-0.041411031037569,0.0541862361133099,0.140011623501778,15.5974540710449,18.0160961151123,355.112823486328,0.127284198999405,0.160698026418686,-0.0629471689462662,0.976735711097717
449.185302734375,-0.0439428463578224,0.054730448871851,0.136259332299232,15.4751873016357,17.8323783874512,355.025756835938,0.126219630241394,0.159205615520477,-0.0633276626467705,0.977093577384949
449.692810058594,-0.0454571135342121,0.0549923963844776,0.137312904000282,15.3599977493286,17.5282402038574,355.173919677734,0.125605180859566,0.156427264213562,-0.0615824088454247,0.977732837200165
450.209564208984,-0.0442409031093121,0.054417010396719,0.140100538730621,15.5867052078247,17.2628917694092,354.975799560547,0.127418756484985,0.154425039887428,-0.0632649213075638,0.977709054946899
450.737396240234,-0.0444364957511425,0.0546817183494568,0.137980297207832,15.4142770767212,17.3658504486084,354.952301025391,0.125856205821037,0.155295237898827,-0.0633638054132462,0.977767169475555
451.314392089844,-0.0464817062020302,0.0562029592692852,0.134576871991158,14.9664764404297,17.4018306732178,355.001190185547,0.122073993086815,0.155459642410278,-0.0624230094254017,0.978280961513519
451.839569091797,-0.0469962321221828,0.0554233267903328,0.128647446632385,15.220027923584,17.469898223877,354.8896484375,0.124052807688713,0.156211972236633,-0.0637675672769547,0.977825343608856
452.362609863281,-0.0489107966423035,0.0570235922932625,0.118274047970772,14.6419811248779,17.3301467895508,354.811889648438,0.119081310927868,0.154978364706039,-0.063556395471096,0.978653132915497
452.877075195313,-0.0489069856703281,0.0569255463778973,0.117092967033386,14.5666904449463,17.1907157897949,354.906188964844,0.118640750646591,0.153673201799393,-0.0625123977661133,0.978979647159576
453.409881591797,-0.046008225530386,0.0553762875497341,0.127900242805481,15.0866022109985,17.0003929138184,354.758209228516,0.122997030615807,0.152317255735397,-0.0642174705862999,0.97854346036911
453.919097900391,-0.047358013689518,0.0543405450880527,0.134282737970352,15.6477317810059,16.8208503723145,354.900451660156,0.128084659576416,0.150748878717422,-0.0634900256991386,0.978181004524231
454.456024169922,-0.0478799305856228,0.054831225425005,0.124830134212971,15.3299875259399,16.7105827331543,354.858489990234,0.125372782349586,0.149786755442619,-0.0633426010608673,0.978689610958099
455.019012451172,-0.0464929006993771,0.05556995049119,0.122437417507172,15.1231861114502,16.5138607025146,354.908020019531,0.123775333166122,0.148007825016975,-0.0624580606818199,0.979220271110535
455.550231933594,-0.0468898341059685,0.0554941073060036,0.125088110566139,15.1882972717285,16.5422515869141,354.912536621094,0.124322988092899,0.148259535431862,-0.0625279396772385,0.979108333587646
456.08154296875,-0.047594178467989,0.0556761138141155,0.122328273952007,14.9996671676636,15.5312080383301,354.706329345703,0.123001910746098,0.139794155955315,-0.0629821270704269,0.980490386486053
456.595611572266,-0.0490506514906883,0.0563308075070381,0.120326332747936,14.7230806350708,15.4603796005249,354.904388427734,0.120909988880157,0.138911753892899,-0.0609035231173038,0.981007158756256
457.142272949219,-0.0493728928267956,0.0561428517103195,0.12163345515728,14.9624528884888,15.7058000564575,354.894165039063,0.122818313539028,0.141077801585197,-0.0615204833447933,0.980422377586365
457.674438476563,-0.0533303245902061,0.0575042068958282,0.108506940305233,14.4009695053101,15.4822750091553,354.960815429688,0.118204541504383,0.138966128230095,-0.0600837618112564,0.981379687786102
458.175964355469,-0.0494758486747742,0.0581748969852924,0.10498259216547,14.1029787063599,15.9719181060791,354.79736328125,0.115187652409077,0.143255114555359,-0.0616436339914799,0.981024920940399
458.706024169922,-0.0458372496068478,0.0557773672044277,0.123024486005306,14.9724388122559,15.207859992981,354.753784179688,0.123002402484417,0.136969313025475,-0.0621989220380783,0.980938911437988
459.209930419922,-0.0453123450279236,0.054478581994772,0.131817400455475,15.5806570053101,15.5439567565918,354.769561767578,0.128049910068512,0.139971405267715,-0.0631031021475792,0.979810833930969
459.731079101563,-0.0460130907595158,0.0565836429595947,0.120145872235298,14.9666996002197,15.4960193634033,354.666290283203,0.122689887881279,0.139527961611748,-0.0632504895329475,0.980550110340118
460.253295898438,-0.047876350581646,0.0563870891928673,0.113019526004791,14.8267135620117,14.9883222579956,354.960296630859,0.122114665806293,0.134834140539169,-0.06003762409091,0.981480121612549
460.787658691406,-0.0475838035345078,0.0557627230882645,0.116235472261906,15.1719350814819,15.3475103378296,354.919494628906,0.124836280941963,0.138032108545303,-0.0611507520079613,0.980624079704285
461.331512451172,-0.0452352240681648,0.0556753426790237,0.11304871737957,15.0636701583862,15.9690389633179,354.88720703125,0.123535014688969,0.143359765410423,-0.0619784295558929,0.979972422122955
461.847473144531,-0.047784149646759,0.0565508492290974,0.109583124518394,14.8335866928101,15.2872848510742,354.987335205078,0.12204896658659,0.137367084622383,-0.0601321198046207,0.981131255626678
462.369934082031,-0.0428721010684967,0.0556081719696522,0.117542415857315,15.1999082565308,15.8696527481079,354.880889892578,0.124747939407825,0.142547115683556,-0.0620810091495514,0.979930698871613
462.905090332031,-0.0446804240345955,0.0544682815670967,0.124216504395008,15.5690784454346,15.5730056762695,354.998321533203,0.12821438908577,0.139961451292038,-0.0611666738986969,0.979913532733917
463.444274902344,-0.0473947040736675,0.0549224391579628,0.11754072457552,15.4974193572998,16.0934391021729,355.189971923828,0.127563118934631,0.144182294607162,-0.0600273348391056,0.979456901550293
463.960113525391,-0.0484650023281574,0.0551582276821136,0.112083323299885,15.4011135101318,16.0746288299561,355.116912841797,0.126656621694565,0.144083470106125,-0.0605191774666309,0.979558825492859
464.481262207031,-0.0467788651585579,0.0529270656406879,0.122384518384933,16.2689037322998,15.7901220321655,355.287048339844,0.13444584608078,0.141624867916107,-0.059736542403698,0.978927135467529
465.024536132813,-0.0467748269438744,0.0538945831358433,0.126776486635208,16.0221614837646,16.5668430328369,355.453552246094,0.132143422961235,0.148021847009659,-0.058930404484272,0.978342950344086
465.5712890625,-0.0467683076858521,0.0538181662559509,0.116844832897186,16.0531063079834,17.328296661377,355.513610839844,0.132094249129295,0.154455155134201,-0.059333760291338,0.977330148220062
466.084869384766,-0.0455739870667458,0.054019995033741,0.113388255238533,15.8163585662842,17.3583908081055,355.373443603516,0.129866600036621,0.154834821820259,-0.0602667406201363,0.977511525154114
466.603088378906,-0.0408078953623772,0.0535318665206432,0.119799979031086,16.0031986236572,18.2327327728271,355.324066162109,0.130927562713623,0.162373781204224,-0.0619230382144451,0.976042151451111
467.138641357422,-0.0435708686709404,0.0529693216085434,0.12536995112896,16.3050270080566,17.5040512084961,355.281677246094,0.133838519454002,0.156262338161469,-0.0618320442736149,0.976650476455688
467.652313232422,-0.0458540916442871,0.0532507635653019,0.124985344707966,16.302209854126,17.1323509216309,355.489807128906,0.134292095899582,0.152849465608597,-0.0596193335950375,0.977265775203705
468.166931152344,-0.0441285334527493,0.0533441044390202,0.122752025723457,16.2738914489746,17.5528411865234,355.338958740234,0.133624643087387,0.156606301665306,-0.0613613352179527,0.976654350757599
468.677703857422,-0.0458408892154694,0.0532401837408543,0.117102563381195,16.2194995880127,17.2523708343506,355.191101074219,0.133121594786644,0.154207929968834,-0.0622038058936596,0.977051317691803
469.201904296875,-0.0421833917498589,0.0532763227820396,0.11445014923811,16.1018028259277,16.9772090911865,355.118530273438,0.132168635725975,0.151924178004265,-0.0623590275645256,0.97752845287323
469.724334716797,-0.0404911674559116,0.0535668358206749,0.117834910750389,15.95982837677,16.695650100708,355.058532714844,0.131029307842255,0.149563878774643,-0.0623756796121597,0.978044629096985
470.246063232422,-0.0436846911907196,0.0531459487974644,0.122903846204281,16.2320575714111,16.3918685913086,355.219909667969,0.133729234337807,0.146835386753082,-0.0609713643789291,0.978181183338165
470.786437988281,-0.04281185567379,0.0528870075941086,0.12679448723793,16.3503723144531,16.2225093841553,355.283660888672,0.13491190969944,0.14533606171608,-0.0603674203157425,0.978280127048492
471.307647705078,-0.0421261638402939,0.0524455457925797,0.130162611603737,16.6017799377441,16.6356391906738,355.278839111328,0.136835634708405,0.148910775780678,-0.0611956231296062,0.977423548698425
471.811584472656,-0.0447375886142254,0.0527765080332756,0.127843037247658,16.4036846160889,16.3078804016113,355.283111572266,0.135322034358978,0.146074846386909,-0.060535155236721,0.97810310125351
472.335296630859,-0.0424449257552624,0.0521260499954224,0.133236110210419,16.6874504089355,16.4019203186035,355.153869628906,0.13753205537796,0.147081732749939,-0.0620834529399872,0.977546751499176
472.930206298828,-0.0455187782645226,0.0515591166913509,0.13482566177845,16.8453922271729,16.4843330383301,355.325073242188,0.13905756175518,0.147605419158936,-0.0609091781079769,0.977325856685638
473.486968994141,-0.0453982055187225,0.0514714121818542,0.135520204901695,16.8874969482422,16.3647422790527,355.254669189453,0.139390736818314,0.146678030490875,-0.061414111405611,0.977386355400085
474.086975097656,-0.0503540150821209,0.0487963370978832,0.14705964922905,17.816089630127,15.4510011672974,355.350189208984,0.14792987704277,0.138921067118645,-0.0605118274688721,0.977320849895477
474.609466552734,-0.0482308827340603,0.0476881414651871,0.15308091044426,18.1672897338867,15.8577489852905,355.448425292969,0.150834590196609,0.142315566539764,-0.0605976209044456,0.976382672786713
475.135925292969,-0.0481375083327293,0.0481083355844021,0.149087160825729,17.9975547790527,15.6282262802124,355.157806396484,0.149149969220161,0.140712395310402,-0.0625829994678497,0.976748526096344
475.646697998047,-0.0487143285572529,0.0486121140420437,0.144540473818779,17.8130626678467,15.6442975997925,355.125793457031,0.147526204586029,0.140858083963394,-0.062671072781086,0.976968467235565
476.165557861328,-0.0458551608026028,0.0477444492280483,0.151550114154816,18.1325874328613,15.4652166366577,354.853057861328,0.150020897388458,0.139746144413948,-0.0651170313358307,0.976588249206543
476.698883056641,-0.0451882109045982,0.0467346198856831,0.157981693744659,18.5631370544434,15.4284238815308,354.888305664063,0.153760239481926,0.139469981193542,-0.0652393996715546,0.976037800312042
477.213958740234,-0.047091118991375,0.0481731295585632,0.152624219655991,17.9835224151611,14.432430267334,354.636383056641,0.149079501628876,0.131189316511154,-0.0654592663049698,0.977895617485046
477.719879150391,-0.0474137775599957,0.0481303744018078,0.154519975185394,18.057035446167,14.3354740142822,354.638000488281,0.149765223264694,0.130376636981964,-0.0653935074806213,0.97790390253067
478.273681640625,-0.0464881956577301,0.0476071164011955,0.15451854467392,18.2410144805908,14.7016201019287,354.694244384766,0.151193216443062,0.133467599749565,-0.0655830800533295,0.977254271507263
478.785461425781,-0.0462290681898594,0.0477613210678101,0.150337889790535,18.1373310089111,15.3160028457642,354.847229003906,0.150139048695564,0.138482928276062,-0.0649762898683548,0.976759374141693
479.299072265625,-0.0464761033654213,0.0482621714472771,0.140799462795258,17.8945941925049,15.4354238510132,354.526062011719,0.147606700658798,0.139866352081299,-0.0676048696041107,0.976769804954529
479.820281982422,-0.0460117980837822,0.0482697784900665,0.138754948973656,17.8379974365234,15.3473806381226,354.663421630859,0.14734174311161,0.138926431536674,-0.0662587955594063,0.977036118507385
480.333251953125,-0.0420268326997757,0.0468732640147209,0.150635257363319,18.3776760101318,15.6650867462158,354.636108398438,0.151730924844742,0.141784504055977,-0.0674985125660896,0.975868225097656
480.841247558594,-0.04498191177845,0.0467836037278175,0.149476289749146,18.5611953735352,14.9538269042969,354.605072021484,0.153677314519882,0.135806277394295,-0.0670136138796806,0.976447224617004
481.374481201172,-0.0456283986568451,0.0476000867784023,0.138115897774696,18.200927734375,15.2346382141113,354.591827392578,0.150420784950256,0.13813778758049,-0.0671152845025063,0.976620256900787
481.883728027344,-0.0435096547007561,0.046524453908205,0.142114564776421,18.6395740509033,15.3695087432861,354.437744140625,0.15389846265316,0.139589011669159,-0.0690803304314613,0.975734651088715
482.406433105469,-0.0474602580070496,0.0460344329476357,0.150572389364243,18.6496028900146,15.3163318634033,354.743804931641,0.154387146234512,0.138726621866226,-0.0664133206009865,0.975965619087219
482.916015625,-0.0500298067927361,0.0461711473762989,0.153400748968124,18.616039276123,14.9793424606323,354.922668457031,0.154507100582123,0.135607957839966,-0.0643994137644768,0.976519703865051
483.446685791016,-0.05025989189744,0.0472919493913651,0.150124579668045,18.0486888885498,15.2882652282715,355.277648925781,0.149915814399719,0.137666508555412,-0.0611741691827774,0.977154493331909
483.969543457031,-0.0527536161243916,0.0483319535851479,0.146651461720467,17.7614879608154,14.5082969665527,354.970031738281,0.147520735859871,0.131356850266457,-0.0624822080135345,0.978304147720337
484.483062744141,-0.0532196499407291,0.0488392151892185,0.140027806162834,17.6033210754395,14.4399042129517,354.943115234375,0.146174371242523,0.130774557590485,-0.0624620169401169,0.978585481643677
484.999145507813,-0.050304226577282,0.0493360906839371,0.138259395956993,17.5122928619385,14.8643684387207,354.863037109375,0.145069658756256,0.134481206536293,-0.0635905414819717,0.97817474603653
485.514862060547,-0.0526248589158058,0.0492318831384182,0.136641651391983,17.581672668457,14.8130702972412,354.973693847656,0.145820781588554,0.133917272090912,-0.0626540929079056,0.978200852870941
486.028289794922,-0.0536129809916019,0.0494007095694542,0.134451776742935,17.4405899047852,14.7391757965088,354.966766357422,0.144646406173706,0.133266285061836,-0.0624713823199272,0.978475749492645
486.543823242188,-0.0526052042841911,0.0494757108390331,0.129634171724319,17.4109897613525,14.7401714324951,354.796142578125,0.144194096326828,0.133483558893204,-0.0638985633850098,0.978420734405518
487.065887451172,-0.0549697428941727,0.0502501018345356,0.123152621090412,17.1793689727783,14.4732799530029,354.925720214844,0.142508685588837,0.130991563200951,-0.0622176453471184,0.979112565517426
487.571685791016,-0.0553390681743622,0.0503792576491833,0.122667774558067,17.1054306030273,14.3414459228516,354.932373046875,0.1419547945261,0.129840731620789,-0.0619212202727795,0.979365110397339
488.088836669922,-0.0539267845451832,0.049422811716795,0.13094636797905,17.4215126037598,14.5822486877441,355.012512207031,0.144621297717094,0.131864503026009,-0.0618626922369003,0.978708028793335
488.601257324219,-0.057138979434967,0.0500547252595425,0.12988743185997,17.3283729553223,14.5242023468018,355.248962402344,0.144126400351524,0.131052404642105,-0.0596731342375278,0.979026079177856
489.143707275391,-0.0566096156835556,0.051800299435854,0.114479340612888,16.4458637237549,15.0175504684448,355.028839111328,0.13605622947216,0.135362386703491,-0.0612267032265663,0.979498386383057
489.738494873047,-0.0355771780014038,0.0428057312965393,0.150279194116592,20.8396644592285,16.8735198974609,352.046112060547,0.168463796377182,0.156358480453491,-0.0939445644617081,0.968682825565338
490.268035888672,-0.0304802432656288,0.0504414699971676,0.155940845608711,17.1485023498535,19.3638896942139,354.113586425781,0.138234734535217,0.173625931143761,-0.0750898271799088,0.972166001796722
490.806762695313,-0.0289817675948143,0.0483086667954922,0.161312475800514,17.7880477905273,18.4517822265625,354.753997802734,0.145198449492455,0.16521742939949,-0.0693905726075172,0.973039388656616
491.364379882813,-0.0385562516748905,0.0484494268894196,0.158000469207764,17.7350692749023,16.0982341766357,354.752227783203,0.146138370037079,0.145190715789795,-0.0663486123085022,0.976299703121185
491.880828857422,-0.0443894639611244,0.0483980253338814,0.141218304634094,17.860631942749,15.8274250030518,354.755249023438,0.147370740771294,0.142904922366142,-0.0661183968186378,0.976467311382294
492.399688720703,-0.0478464812040329,0.0494501665234566,0.1279117166996,17.3103351593018,14.3697805404663,354.858306884766,0.143609195947647,0.130219876766205,-0.0627983883023262,0.979017615318298
492.991912841797,-0.0500828102231026,0.0495450459420681,0.124571032822132,17.2900505065918,14.6978979110718,355.061737060547,0.143491178750992,0.132763713598251,-0.061450581997633,0.978778839111328
493.524963378906,-0.0476219952106476,0.0500323623418808,0.127852290868759,17.0931777954102,14.60422706604,354.929321289063,0.141703978180885,0.13208743929863,-0.0622601695358753,0.97907942533493
494.103454589844,-0.053297895938158,0.0495917350053787,0.136372238397598,17.6257419586182,13.7905378341675,355.260070800781,0.147063732147217,0.124825641512871,-0.0589457973837852,0.979446947574615
494.637664794922,-0.0480418168008327,0.0493108257651329,0.142657190561295,17.4303150177002,14.8193006515503,355.388763427734,0.145007148385048,0.133415222167969,-0.0589581839740276,0.978620052337646
495.140869140625,-0.0447618812322617,0.0473896637558937,0.145605564117432,17.9733009338379,14.8813896179199,354.945648193359,0.14909839630127,0.134615421295166,-0.0633939728140831,0.977563083171844
495.650329589844,-0.0455258041620255,0.0473556406795979,0.143115013837814,17.8576927185059,15.0880165100098,355.185180664063,0.148280620574951,0.136045292019844,-0.0614955127239227,0.97761082649231
496.153717041016,-0.0453401617705822,0.0465486161410809,0.147182554006577,18.0934944152832,14.4806566238403,355.143524169922,0.150573074817657,0.130960837006569,-0.0613069124519825,0.977966547012329
496.680969238281,-0.0471568815410137,0.0449951477348804,0.155003026127815,18.6050872802734,13.6235733032227,355.067657470703,0.155321389436722,0.123846471309662,-0.0613188333809376,0.978149950504303
497.192474365234,-0.0445635057985783,0.0435906052589417,0.164450570940971,19.2436122894287,14.5041694641113,355.182739257813,0.160429865121841,0.131317541003227,-0.062184352427721,0.976294577121735
497.757537841797,-0.049746036529541,0.0462592244148254,0.160578310489655,18.3680858612061,13.7964344024658,354.727630615234,0.152829900383949,0.12572854757309,-0.0642248541116714,0.978115797042847
498.287628173828,-0.048776812851429,0.0462135188281536,0.152083978056908,18.2530860900879,15.5956716537476,355.485229492188,0.151750266551971,0.140046447515488,-0.0600343905389309,0.97660368680954
498.797485351563,-0.0446705371141434,0.0456136278808117,0.152996629476547,18.542854309082,16.5922412872314,355.574127197266,0.153808102011681,0.14845398068428,-0.0609394088387489,0.974982559680939
499.316528320313,-0.0454976670444012,0.0454392917454243,0.152940362691879,18.6270523071289,16.5242023468018,355.570861816406,0.154557779431343,0.147890150547028,-0.0609754957258701,0.974947392940521
499.844024658203,-0.0440471805632114,0.0464215464890003,0.145729184150696,18.3835353851318,17.4691638946533,355.943084716797,0.152481719851494,0.155402049422264,-0.0587784871459007,0.97424054145813
500.362457275391,-0.0386553406715393,0.0464227199554443,0.142974317073822,18.2938499450684,17.6169586181641,355.945190429688,0.15164490044117,0.156647741794586,-0.0588434487581253,0.974167704582214
500.894775390625,-0.0384910963475704,0.044584147632122,0.148917138576508,18.9789485931396,16.9623050689697,355.871887207031,0.15771846473217,0.151244550943375,-0.0594349578022957,0.974021315574646
501.40869140625,-0.0378498397767544,0.0465615540742874,0.146802335977554,17.9685077667236,17.7476768493652,355.971923828125,0.148843660950661,0.157695129513741,-0.0583723820745945,0.974459111690521
501.94775390625,-0.03559909760952,0.0468632690608501,0.143505394458771,17.7559490203857,17.8865604400635,355.849304199219,0.146792113780975,0.159014359116554,-0.0593209341168404,0.974498629570007
502.467010498047,-0.0386563278734684,0.0473169609904289,0.143836319446564,17.8215236663818,16.4462947845459,355.526214599609,0.14767137169838,0.147178456187248,-0.0603013038635254,0.976163625717163
502.968078613281,-0.0407179035246372,0.0466542653739452,0.148824885487556,18.2069625854492,15.1494331359863,355.223815917969,0.151277750730515,0.136580675840378,-0.0616221576929092,0.977068841457367
503.490966796875,-0.0447254106402397,0.0502724051475525,0.138206705451012,16.9390506744385,15.040753364563,355.171447753906,0.140433758497238,0.13548743724823,-0.060566034168005,0.978904128074646
504.076965332031,-0.0423028543591499,0.0502534247934818,0.130217269062996,16.7385196685791,15.277663230896,355.028839111328,0.138421431183815,0.137645080685616,-0.0618550330400467,0.978809118270874
504.641845703125,-0.0446035265922546,0.0484032034873962,0.139948904514313,17.5776500701904,16.1075668334961,355.331665039063,0.145521506667137,0.144504204392433,-0.061241514980793,0.976827263832092
505.239288330078,-0.0240555088967085,0.0602268911898136,0.114147618412971,12.3140344619751,20.0923137664795,353.253112792969,0.0952204912900925,0.17934912443161,-0.0762843117117882,0.976190388202667
505.746704101563,-0.0291812792420387,0.0587084405124187,0.125829324126244,13.228611946106,18.2917366027832,353.452667236328,0.104518882930279,0.164126932621002,-0.0742825195193291,0.978069663047791
506.272247314453,-0.0265431609004736,0.0581007935106754,0.130318626761436,13.5317792892456,18.7623977661133,353.785888671875,0.107292756438255,0.167929366230965,-0.0722800865769386,0.97727358341217
506.795593261719,-0.0341665148735046,0.0564682856202126,0.133051738142967,14.3654909133911,15.1402683258057,353.902801513672,0.116817958652973,0.137112632393837,-0.0687543600797653,0.981237292289734
507.305358886719,-0.0377010889351368,0.0567115135490894,0.125314116477966,14.5166893005371,14.6837692260742,353.948089599609,0.118441119790077,0.133203685283661,-0.0680589005351067,0.981629490852356
507.824798583984,-0.0376401245594025,0.0561042353510857,0.115285336971283,14.7669305801392,15.1015567779541,353.881225585938,0.120258443057537,0.136928722262383,-0.0693323314189911,0.980806529521942
508.335815429688,-0.0347287282347679,0.0553223863244057,0.113813906908035,15.2010536193848,15.5505170822144,353.856689453125,0.123675540089607,0.140928745269775,-0.0704939365386963,0.979731678962708
508.869171142578,-0.0350238084793091,0.0545699559152126,0.114297643303871,15.4469766616821,15.4308490753174,353.822937011719,0.1258145570755,0.140017181634903,-0.0709231868386269,0.979559004306793
509.42138671875,-0.0328240320086479,0.0546663478016853,0.11053329706192,15.2094192504883,16.5854072570801,354.153198242188,0.123492553830147,0.149454370141029,-0.0690861120820045,0.978590905666351
510.011169433594,-0.0327698215842247,0.0555110722780228,0.104777321219444,15.034779548645,16.6612701416016,354.065246582031,0.121837265789509,0.150148510932922,-0.0697103142738342,0.978647828102112
510.546508789063,-0.035975020378828,0.0555023588240147,0.104759112000465,14.976185798645,15.5511474609375,353.885589599609,0.12178411334753,0.14083494246006,-0.0699981898069382,0.980017602443695
511.061706542969,-0.0351185724139214,0.0549380145967007,0.115653440356255,15.288613319397,15.8780126571655,354.157775878906,0.124600611627102,0.143427491188049,-0.0683730691671371,0.9794020652771
511.580505371094,-0.03547228500247,0.0535949505865574,0.122469544410706,15.7374801635742,15.6234140396118,354.058868408203,0.128474056720734,0.141486257314682,-0.0694413259625435,0.97910875082016
512.115478515625,-0.0349645353853703,0.0540217719972134,0.120527185499668,15.3247776031494,15.9620122909546,353.766510009766,0.124367184937,0.144580841064453,-0.0718487575650215,0.97901326417923
512.642395019531,-0.0385040119290352,0.0537191703915596,0.122080259025097,15.5900077819824,15.7738351821899,353.886657714844,0.126905709505081,0.14292086660862,-0.0709156095981598,0.978999257087708
513.161865234375,-0.0401944816112518,0.0541247986257076,0.119779005646706,15.1712999343872,15.8379602432251,353.729339599609,0.123084120452404,0.143513798713684,-0.0718586221337318,0.979331612586975
513.666320800781,-0.0390498712658882,0.0537604540586472,0.128556251525879,15.4191780090332,16.0718803405762,353.589721679688,0.124881573021412,0.145740836858749,-0.0735858380794525,0.978646695613861
514.169128417969,-0.0387524887919426,0.0541579350829124,0.136138781905174,15.0474786758423,16.4763431549072,353.728637695313,0.121621325612068,0.148930430412292,-0.0724037736654282,0.978665232658386
514.708312988281,-0.0390717796981335,0.0550896786153316,0.134173467755318,14.5633020401001,16.682825088501,353.745025634766,0.117368385195732,0.150528937578201,-0.0719053223729134,0.978976666927338
515.21240234375,-0.0396079085767269,0.0543479062616825,0.131861209869385,14.8840379714966,17.4185028076172,354.004760742188,0.120002441108227,0.15663468837738,-0.0708415135741234,0.977776288986206
515.71875,-0.0381711386144161,0.0536674484610558,0.126383602619171,15.1089372634888,17.9375305175781,354.123870849609,0.12176924943924,0.160995945334435,-0.0706587210297585,0.97686231136322
516.222778320313,-0.0380063131451607,0.0523966550827026,0.125129774212837,15.6829805374146,16.8893070220947,353.958709716797,0.12710003554821,0.152390167117119,-0.0716450735926628,0.977491617202759
516.758361816406,-0.0372887440025806,0.0518990978598595,0.126278936862946,15.8529663085938,17.0865592956543,353.945159912109,0.128410995006561,0.15413410961628,-0.0721865147352219,0.977006852626801
517.26416015625,-0.0380328185856342,0.0511284247040749,0.130602806806564,16.2610378265381,16.3378925323486,353.884948730469,0.132291421294212,0.147931024432182,-0.0723339170217514,0.977437078952789
517.841186523438,-0.0395653024315834,0.0477358289062977,0.13428857922554,17.8952178955078,16.9457721710205,354.291717529297,0.146395578980446,0.153027728199959,-0.0715384632349014,0.974696397781372
518.365905761719,-0.0358770787715912,0.0486959852278233,0.135716363787651,17.6270084381104,17.8057117462158,354.408569335938,0.143733322620392,0.160133481025696,-0.0713024288415909,0.973968148231506
518.878845214844,-0.0354393497109413,0.0495705120265484,0.13152214884758,17.1547622680664,17.8373908996582,354.184631347656,0.139375671744347,0.160575583577156,-0.0726456567645073,0.974429368972778
519.390380859375,-0.0333719924092293,0.0492730922996998,0.127429932355881,17.4524116516113,18.0207118988037,354.001708984375,0.141536250710487,0.162427887320518,-0.074804812669754,0.973647236824036
519.919738769531,-0.0318645387887955,0.0504660867154598,0.131162345409393,16.9387683868408,18.1621189117432,354.012176513672,0.137082770466805,0.163493409752846,-0.0742265731096268,0.974150240421295
520.435119628906,-0.0341150686144829,0.0502892546355724,0.137562155723572,16.8906364440918,18.0499210357666,354.390197753906,0.137280508875847,0.16207580268383,-0.0708157792687416,0.974613070487976
520.962158203125,-0.0333496406674385,0.0499812997877598,0.140451774001122,17.0425968170166,18.3557033538818,354.350067138672,0.13832813501358,0.164756581187248,-0.0717224627733231,0.973948955535889
521.479614257813,-0.0356453284621239,0.0502537302672863,0.134409472346306,17.0193271636963,17.813419342041,354.304931640625,0.138404533267021,0.160195097327232,-0.0714213848114014,0.97472083568573
521.990783691406,-0.0340388678014278,0.0501068457961082,0.126539900898933,17.0654964447021,17.83078956604,354.178131103516,0.138609811663628,0.160506621003151,-0.072579450905323,0.974554836750031
522.513916015625,-0.0394618660211563,0.0501269660890102,0.10958056896925,17.1932811737061,17.7012367248535,354.194763183594,0.139804363250732,0.159414261579514,-0.072442464530468,0.974573731422424
523.026611328125,-0.0448216795921326,0.0542572177946568,0.0870250314474106,15.3080587387085,18.3890266418457,353.719268798828,0.122606806457043,0.165327981114388,-0.0748469084501266,0.975721418857574
523.541687011719,-0.0441344231367111,0.0542886927723885,0.0857128128409386,15.2310762405396,18.4064540863037,353.471282958984,0.121580019593239,0.165718108415604,-0.0768753662705421,0.975625991821289
524.045349121094,-0.0394715815782547,0.053154643625021,0.0989111810922623,15.700719833374,17.9724349975586,353.453765869141,0.125855222344398,0.162183359265327,-0.0771657600998878,0.975654900074005
524.570068359375,-0.0397046282887459,0.0519257374107838,0.106621071696281,16.2284603118896,18.0889530181885,353.707397460938,0.130640342831612,0.163043394684792,-0.0758156925439835,0.974988162517548
525.097839355469,-0.0414220616221428,0.052038736641407,0.10545502603054,16.1392478942871,17.7935180664063,353.749542236328,0.130133122205734,0.160456418991089,-0.0750066712498665,0.975547611713409
525.635009765625,-0.0414109379053116,0.0517058111727238,0.103240013122559,16.1963348388672,17.6774959564209,353.795593261719,0.130760326981544,0.159431904554367,-0.0745546743273735,0.975666344165802
526.1572265625,-0.0408774018287659,0.0521488375961781,0.106426112353802,16.1298065185547,17.6503009796143,353.889556884766,0.130340650677681,0.159075289964676,-0.0736397802829742,0.975850164890289
526.664306640625,-0.0405107960104942,0.0503649823367596,0.113768212497234,16.9059810638428,17.3866195678711,354.013610839844,0.137304216623306,0.156887143850327,-0.0732443481683731,0.975279033184052
527.192199707031,-0.0396201387047768,0.0492378622293472,0.123643599450588,17.284143447876,17.3016700744629,354.06201171875,0.140650227665901,0.156199529767036,-0.0731957405805588,0.974916219711304
527.699890136719,-0.0406491681933403,0.0490355640649796,0.128294035792351,17.4319458007813,17.3326930999756,354.319213867188,0.142241597175598,0.15618060529232,-0.0712279751896858,0.974834144115448
528.283630371094,-0.0436422228813171,0.0505580306053162,0.11772795021534,16.7657699584961,16.8409271240234,354.322235107422,0.1368637830019,0.151836708188057,-0.0697926804423332,0.976392805576324
528.851257324219,-0.0463918894529343,0.0527764596045017,0.121137209236622,15.8814496994019,16.6993064880371,354.89794921875,0.13014742732048,0.14976242184639,-0.0636561214923859,0.978049457073212
529.380065917969,-0.0488924533128738,0.0526527166366577,0.12249967455864,15.835054397583,16.3883800506592,354.858978271484,0.129872739315033,0.147142589092255,-0.0635809451341629,0.978488445281982
529.905517578125,-0.0481947138905525,0.051996972411871,0.12515515089035,16.1007232666016,16.4193019866943,354.944091796875,0.13223722577095,0.147364422678947,-0.0632027462124825,0.978162825107574
530.432800292969,-0.0491578578948975,0.0517533011734486,0.124584168195724,16.1263675689697,16.5148658752441,354.877227783203,0.132317245006561,0.148262515664101,-0.0639140903949738,0.977970063686371
530.958679199219,-0.0492253229022026,0.0515964068472385,0.119841270148754,16.2303218841553,16.6374435424805,354.622985839844,0.132805809378624,0.149624839425087,-0.0663488134741783,0.977534115314484
531.475219726563,-0.04871965944767,0.0526623837649822,0.113075442612171,15.8348360061646,16.7995319366455,354.750640869141,0.129499420523643,0.150774881243706,-0.0649709030985832,0.977893471717834
532.044250488281,-0.047818161547184,0.0522748343646526,0.119446903467178,16.0081062316895,16.7256259918213,354.804382324219,0.131093144416809,0.150120109319687,-0.0646367743611336,0.977804005146027
532.571350097656,-0.0493592657148838,0.0507163740694523,0.129119634628296,16.5350723266602,16.7322292327881,355.148223876953,0.136043325066566,0.149878457188606,-0.0623445771634579,0.977313578128815
533.10791015625,-0.0514837726950645,0.0509744733572006,0.130872145295143,16.5641479492188,16.5590553283691,355.326385498047,0.136616423726082,0.148194402456284,-0.0606537647545338,0.977596819400787
533.621704101563,-0.0493859276175499,0.0514127612113953,0.12626901268959,16.3576774597168,16.7110710144043,355.177307128906,0.134576931595802,0.149631842970848,-0.0618581771850586,0.977585315704346
534.148376464844,-0.0482135117053986,0.0524084120988846,0.12761826813221,16.0938682556152,17.1268844604492,354.7763671875,0.131561234593391,0.153592929244041,-0.0654398500919342,0.977148175239563
534.731567382813,-0.0455711558461189,0.0535047948360443,0.119344830513,15.5736122131348,17.739128112793,354.724914550781,0.126695588231087,0.158762246370316,-0.0659162178635597,0.976932883262634
535.263610839844,-0.0539236068725586,0.0531780198216438,0.095270961523056,14.885308265686,17.4632682800293,355.722351074219,0.122325547039509,0.155201002955437,-0.056227833032608,0.978666245937347
535.785034179688,-0.0673539713025093,0.0528364516794682,0.083888866007328,14.6876544952393,16.945032119751,355.580261230469,0.120699666440487,0.150892779231071,-0.0566450692713261,0.97951740026474
536.311340332031,-0.0650319084525108,0.0522466376423836,0.103402979671955,15.245964050293,17.3612060546875,355.741760253906,0.1254862844944,0.154360935091972,-0.0564087256789207,0.978388428688049
536.821166992188,-0.0568732134997845,0.0549507699906826,0.11336387693882,14.36168384552,16.1257228851318,355.717681884766,0.118480190634727,0.143686294555664,-0.0542225986719131,0.981007933616638
537.36962890625,-0.0485533364117146,0.0543512776494026,0.11092234402895,14.8281240463257,15.8909273147583,355.424774169922,0.122226908802986,0.142066791653633,-0.0570249669253826,0.980625212192535
537.892333984375,-0.0528742149472237,0.0556127801537514,0.0943420827388763,14.4026155471802,15.5634574890137,355.313079833984,0.118604823946953,0.139297783374786,-0.0571525581181049,0.981459438800812
538.418640136719,-0.0496581383049488,0.054451834410429,0.0869867652654648,14.8385591506958,16.3771305084229,355.1416015625,0.121711499989033,0.146529346704483,-0.0599771179258823,0.979856252670288
538.951171875,-0.0503652691841125,0.0535827614367008,0.0946644991636276,15.2040119171143,16.375883102417,355.254119873047,0.124985337257385,0.146469339728355,-0.0594463758170605,0.979485332965851
539.466064453125,-0.0481781661510468,0.0520289279520512,0.109455235302448,15.9786930084229,16.0524139404297,355.155883789063,0.131661131978035,0.143963471055031,-0.0608294010162354,0.978897213935852
539.987915039063,-0.0478423275053501,0.0522541664540768,0.104568868875504,15.9256963729858,16.0194225311279,355.046478271484,0.131087929010391,0.143796622753143,-0.0616650506854057,0.978946328163147
540.525939941406,-0.0512929446995258,0.0526198744773865,0.0958224385976791,15.8126001358032,15.9379549026489,355.201904296875,0.130357712507248,0.142900973558426,-0.0601139739155769,0.979271411895752
541.041870117188,-0.0515413284301758,0.0518858544528484,0.0946547612547874,15.9357471466064,16.1465396881104,355.166351318359,0.131256893277168,0.144747272133827,-0.060798242688179,0.978837847709656
541.563720703125,-0.0504401624202728,0.050872303545475,0.105204999446869,16.2883758544922,16.3554153442383,355.263732910156,0.134286239743233,0.146483048796654,-0.0606210045516491,0.978179454803467
542.08984375,-0.0491368137300014,0.0501666143536568,0.112605109810829,16.6937465667725,15.9462280273438,355.286041259766,0.137996762990952,0.143035292625427,-0.060415081679821,0.978186011314392
542.62353515625,-0.047841913998127,0.0513107590377331,0.107953637838364,16.3639125823975,16.1192111968994,355.149841308594,0.13491328060627,0.144614189863205,-0.0614040642976761,0.978322386741638
543.135070800781,-0.0507797449827194,0.0523839630186558,0.0997235178947449,15.7786645889282,16.0910758972168,355.266876220703,0.13006854057312,0.144129186868668,-0.0596937946975231,0.979155540466309
543.687255859375,-0.0531225204467773,0.0525284484028816,0.100181885063648,15.6888008117676,15.8472595214844,355.403991699219,0.129595756530762,0.141873568296432,-0.0581420287489891,0.979640960693359
544.205505371094,-0.051390003412962,0.0514112114906311,0.111035317182541,16.3692188262939,15.9196186065674,355.477447509766,0.135473430156708,0.142524272203445,-0.0583772398531437,0.978736937046051
544.738098144531,-0.0518376231193542,0.0508403182029724,0.10916143655777,16.8364295959473,16.5651626586914,355.435333251953,0.139080598950386,0.14815953373909,-0.0600564181804657,0.977291464805603
545.338073730469,-0.0246103052049875,0.0435161851346493,0.13258720934391,19.4498195648193,16.1240844726563,355.511047363281,0.161706581711769,0.144673973321915,-0.061890859156847,0.974212467670441
545.853332519531,-0.00874652527272701,0.0255023315548897,0.155825480818748,26.258882522583,17.6573066711426,355.018829345703,0.217753186821938,0.159080758690834,-0.0766482874751091,0.959896862506866
546.370971679688,0.0150762507691979,0.0311887320131063,0.1568254083395,23.8549404144287,22.5000038146973,356.002563476563,0.195921510457993,0.197831884026527,-0.0737638548016548,0.957620084285736
546.894897460938,0.00752953998744488,0.0293418243527412,0.156928464770317,23.6798324584961,18.0699291229248,355.182250976563,0.195993259549141,0.162077054381371,-0.0728179588913918,0.964372992515564
547.423828125,-0.0135698029771447,0.0325232222676277,0.162050142884254,22.7180881500244,10.9485006332397,354.474243164063,0.191321983933449,0.102871581912041,-0.0658105313777924,0.973900616168976
547.9501953125,-0.0373414605855942,0.0281515792012215,0.161548942327499,24.7455501556396,358.153656005859,352.043304443359,0.214819014072418,-0.000835534650832415,-0.0643154010176659,0.974533557891846
548.480041503906,-0.0368145927786827,0.0288692768663168,0.166787043213844,24.5376930236816,358.580627441406,352.424255371094,0.212818190455437,0.00196034205146134,-0.0619225837290287,0.975125730037689
549.021667480469,-0.0418501980602741,0.0281348824501038,0.16258142888546,24.8175487518311,357.052215576172,352.219116210938,0.216023191809654,-0.0104879280552268,-0.0607273802161217,0.974441468715668
549.544128417969,-0.0286703091114759,0.0368466638028622,0.148810282349586,21.5173168182373,5.57756853103638,354.801574707031,0.184091955423355,0.0562052465975285,-0.0535722970962524,0.97983729839325
550.068420410156,-0.0169953741133213,0.042772002518177,0.143061608076096,19.2277183532715,10.0013732910156,355.262878417969,0.162677586078644,0.092745766043663,-0.0551371835172176,0.98076206445694
550.600646972656,-0.0195851884782314,0.041935570538044,0.137849003076553,19.8545703887939,10.0543632507324,355.0703125,0.167863994836807,0.0936221405863762,-0.0572924427688122,0.97968065738678
551.12060546875,-0.0222299341112375,0.0423921793699265,0.140927314758301,19.926570892334,10.8094911575317,355.351776123047,0.168344140052795,0.0996790081262589,-0.0560463629662991,0.979072630405426
551.632385253906,-0.0245243050158024,0.0403380803763866,0.144117310643196,20.4816665649414,9.8391637802124,355.153472900391,0.173404544591904,0.091805137693882,-0.0566873848438263,0.978922545909882
552.158630371094,-0.0221370216459036,0.0400593876838684,0.146215811371803,20.6767330169678,10.2937393188477,355.057647705078,0.174766018986702,0.0958771482110023,-0.0583300776779652,0.978193283081055
552.683349609375,-0.0187550596892834,0.038957916200161,0.150020465254784,21.0144119262695,10.6087684631348,355.065643310547,0.17749710381031,0.0986287742853165,-0.0589868128299713,0.977388203144073
553.200317382813,-0.0166879706084728,0.0378697477281094,0.156140863895416,21.3547096252441,10.6746578216553,355.203277587891,0.180488124489784,0.0990484431385994,-0.0581636801362038,0.976847231388092
553.730407714844,-0.0158331822603941,0.0376979745924473,0.157289862632751,21.3966693878174,10.624472618103,355.094573974609,0.180778175592422,0.0988008752465248,-0.0590416714549065,0.976765930652618
554.258117675781,-0.00667628273367882,0.0364512130618095,0.15815669298172,21.8929080963135,12.6052074432373,354.585235595703,0.183442011475563,0.116577088832855,-0.0669184103608131,0.973797082901001
554.775329589844,-0.00491583812981844,0.0369755029678345,0.155623614788055,21.6916065216064,13.7732286453247,354.505157470703,0.180949509143829,0.126582011580467,-0.0692733377218246,0.972849130630493
555.290283203125,0.00580853130668402,0.0372265912592411,0.144571453332901,21.5875568389893,14.3191938400269,353.417755126953,0.178479447960854,0.132894068956375,-0.0792560130357742,0.971700966358185
555.812316894531,0.033429991453886,0.0351537987589836,0.140712589025497,22.196460723877,16.5422592163086,353.316223144531,0.18193630874157,0.152031540870667,-0.0842529758810997,0.967825949192047
556.347290039063,0.0434035658836365,0.0173846390098333,0.138350069522858,28.4166526794434,49.5343818664551,357.440704345703,0.213746204972267,0.410992860794067,-0.122458331286907,0.877725124359131
556.866149902344,-0.00681164301931858,-0.00481875194236636,0.133217334747314,34.2338714599609,75.8951110839844,5.02546548843384,0.257637828588486,0.57696133852005,-0.14777597784996,0.760855197906494
557.37548828125,0.012138620018959,0.00610684836283326,0.116050094366074,31.8176136016846,58.5550346374512,357.423706054688,0.228459730744362,0.475565671920776,-0.152873262763023,0.835627436637878
557.915100097656,0.0540291927754879,-0.00052679842337966,0.0920397490262985,31.6932735443115,55.0124473571777,354.199645996094,0.219406738877296,0.455978184938431,-0.16912268102169,0.845779001712799
558.443115234375,0.0162217672914267,-0.0263125337660313,0.0986098423600197,34.7440414428711,61.3811569213867,355.022857666016,0.235362321138382,0.497809112071991,-0.187884613871574,0.813320398330688
559.028625488281,0.106309548020363,-0.0925040915608406,0.169124037027359,23.5178298950195,27.5161571502686,343.334411621094,0.162114635109901,0.259060800075531,-0.185765564441681,0.933861613273621
559.540649414063,0.148666694760323,-0.150641143321991,0.196630716323853,20.6907348632813,23.955394744873,337.158782958984,0.131768003106117,0.234899520874023,-0.227080851793289,0.935891926288605
560.064025878906,0.147441893815994,-0.202319771051407,0.260230660438538,22.8547840118408,19.6702423095703,336.957244873047,0.15783978998661,0.203044593334198,-0.226057559251785,0.939551770687103
560.593322753906,0.150785654783249,-0.253039866685867,0.285722136497498,23.3845539093018,14.4980554580688,336.599273681641,0.171800330281258,0.161765098571777,-0.222038462758064,0.946052670478821
561.110717773438,0.128285378217697,-0.294525355100632,0.240136444568634,25.1637496948242,16.8077507019043,341.795043945313,0.190215960144997,0.174935519695282,-0.184179320931435,0.948310852050781
561.658569335938,0.0262500327080488,-0.360017597675323,0.19700987637043,21.2625522613525,17.9080867767334,350.862152099609,0.16947515308857,0.167001321911812,-0.105959564447403,0.965485036373138
562.191589355469,-0.237696826457977,-0.447711050510406,4.27849590778351E-05,22.4665641784668,359.347351074219,353.298553466797,0.194794446229935,0.00580907613039017,-0.0562196113169193,0.979214370250702
562.774658203125,-0.235130906105042,-0.384455889463425,-0.161122694611549,7.87064838409424,21.3063011169434,354.5810546875,0.0586539059877396,0.18740938603878,-0.0590203180909157,0.978751301765442
563.308288574219,-0.233524262905121,-0.382632821798325,-0.159891411662102,8.83019828796387,20.7957935333252,354.392425537109,0.066824659705162,0.183435827493668,-0.0618470795452595,0.978805780410767
563.874328613281,-0.224669426679611,-0.382518500089645,-0.157584711909294,9.40909576416016,21.091438293457,353.679565429688,0.0704540684819221,0.186571165919304,-0.0690025314688683,0.977479457855225
564.410339355469,-0.222057312726974,-0.381849586963654,-0.157339736819267,9.59144687652588,20.3170394897461,353.977935791016,0.0729471519589424,0.17983478307724,-0.066248781979084,0.978748857975006
564.934387207031,-0.22203129529953,-0.380763798952103,-0.141066715121269,9.56146335601807,17.0093879699707,354.895751953125,0.0757821053266525,0.150900036096573,-0.0561988651752472,0.984036564826965
565.462463378906,-0.220807820558548,-0.38671150803566,-0.132914930582047,10.5879697799683,17.3056240081787,355.623168945313,0.0854289531707764,0.153178811073303,-0.0514611043035984,0.98315304517746
565.976135253906,-0.220620661973953,-0.387657731771469,-0.128828674554825,10.4469156265259,16.6145305633545,355.540863037109,0.0844193622469902,0.147277370095253,-0.0514790751039982,0.984140574932098
566.49365234375,-0.225089982151985,-0.389916896820068,-0.115250922739506,11.069263458252,16.5628089904785,356.116058349609,0.0905286520719528,0.146515488624573,-0.0472615174949169,0.983922839164734
567.006103515625,-0.227347284555435,-0.391478210687637,-0.111454918980598,11.5705947875977,16.4555625915527,356.273803710938,0.0950817242264748,0.145548105239868,-0.0464308634400368,0.983676493167877
567.548522949219,-0.230004578828812,-0.391345471143723,-0.111559465527534,11.346981048584,16.2662315368652,356.280029296875,0.0932441428303719,0.143882647156715,-0.0459518134593964,0.984119772911072
568.068481445313,-0.228553503751755,-0.39125645160675,-0.113934896886349,11.3831434249878,16.4768409729004,355.997283935547,0.0931105092167854,0.145926937460899,-0.0485945418477058,0.983704388141632
568.572387695313,-0.230031445622444,-0.391540944576263,-0.113914743065834,11.4259634017944,16.2044296264648,356.093444824219,0.0937142744660378,0.143517062067986,-0.047598484903574,0.984050214290619
569.08984375,-0.23014023900032,-0.391543745994568,-0.113434426486492,11.5179204940796,16.404857635498,356.250213623047,0.0946197584271431,0.145124197006226,-0.0465275309979916,0.983779072761536
569.644165039063,-0.233079820871353,-0.392111331224442,-0.112142734229565,11.8238983154297,15.7661790847778,356.496978759766,0.0978092104196548,0.139477416872978,-0.0442350916564465,0.98438948392868
570.17578125,-0.232580125331879,-0.391457259654999,-0.115395434200764,11.5760374069214,16.0867481231689,356.375762939453,0.0954040959477425,0.14229741692543,-0.0452554151415825,0.984175562858582
570.695190429688,-0.231198206543922,-0.391663163900375,-0.115712597966194,11.6582593917847,16.2107543945313,356.271301269531,0.0959310382604599,0.143461972475052,-0.0463537685573101,0.98390406370163
571.220764160156,-0.23105177283287,-0.391453683376312,-0.116141982376575,11.5527029037476,16.2154579162598,356.264465332031,0.095013327896595,0.14349165558815,-0.0462903417646885,0.983991801738739
571.746398925781,-0.232328563928604,-0.391737908124924,-0.115784265100956,11.6269474029541,15.9775371551514,356.416778564453,0.0959354862570763,0.141332671046257,-0.044872023165226,0.984280467033386
572.262329101563,-0.233193352818489,-0.391396403312683,-0.118647158145905,11.452709197998,16.0817966461182,356.466918945313,0.0944589376449585,0.142161339521408,-0.0443219132721424,0.984328806400299
572.775817871094,-0.231178164482117,-0.390441626310349,-0.122881829738617,11.3141298294067,16.5253486633301,356.256652832031,0.0928278937935829,0.146121427416801,-0.0463231541216373,0.983811795711517
573.309448242188,-0.220295548439026,-0.379334688186646,-0.150015160441399,7.40152597427368,23.1568393707275,355.470489501953,0.0552678368985653,0.202632740139961,-0.0515771433711052,0.976332545280457
573.826965332031,-0.207621321082115,-0.381552249193192,-0.147227063775063,9.74114799499512,25.63694190979,355.464202880859,0.0739764869213104,0.224164679646492,-0.057268962264061,0.970050454139709
574.345336914063,-0.202992886304855,-0.375320822000504,-0.166662380099297,7.48127365112305,23.8194808959961,351.990509033203,0.049297783523798,0.209886282682419,-0.0816209763288498,0.97306501865387
574.863891601563,-0.232035830616951,-0.368124455213547,-0.174080774188042,4.54168605804443,18.9988880157471,353.851745605469,0.0301800407469273,0.166766911745071,-0.0593808852136135,0.983743846416473
575.3837890625,-0.233945935964584,-0.372637569904327,-0.160893708467484,6.39376258850098,18.6198348999023,354.701110839844,0.0475073382258415,0.163894131779671,-0.0545573011040688,0.98382180929184
575.912841796875,-0.244352251291275,-0.379155427217484,-0.151384770870209,7.97407674789429,17.5726642608643,355.886749267578,0.0632020756602287,0.154748231172562,-0.0459942035377026,0.984856843948364
576.419067382813,-0.246593832969666,-0.382233411073685,-0.142505958676338,8.91551113128662,16.4600734710693,356.341491699219,0.0723287612199783,0.145097523927689,-0.0426172241568565,0.985849440097809
576.942321777344,-0.242231726646423,-0.384491086006165,-0.137507811188698,9.66738128662109,16.475564956665,356.198883056641,0.0786134228110313,0.145459249615669,-0.0447728894650936,0.985219240188599
577.498901367188,-0.243798524141312,-0.386275470256805,-0.134837672114372,10.1757621765137,15.6898784637451,356.300842285156,0.0834198147058487,0.138719528913498,-0.0439460724592209,0.985833048820496
578.018798828125,-0.243269354104996,-0.386693000793457,-0.134952142834663,10.3040990829468,15.7160415649414,356.23779296875,0.0844381973147392,0.139013081789017,-0.0446566008031368,0.985673069953918
578.540710449219,-0.244527608156204,-0.386912256479263,-0.134767934679985,10.456600189209,15.4412498474121,356.323303222656,0.0859601721167564,0.136611863970757,-0.0438923574984074,0.985911548137665
579.064453125,-0.245151057839394,-0.387431859970093,-0.134000197052956,10.6007814407349,15.2077684402466,356.442779541016,0.0874315202236176,0.134536236524582,-0.0428508408367634,0.986113369464874
579.6005859375,-0.246275097131729,-0.387798815965652,-0.133245527744293,10.7217826843262,14.8213977813721,356.497650146484,0.088680773973465,0.13118788599968,-0.0422161556780338,0.986480236053467
580.127380371094,-0.244916528463364,-0.388025224208832,-0.133193045854568,10.7887601852417,14.93812084198,356.388854980469,0.08908911049366,0.13228777050972,-0.043316725641489,0.986248850822449
580.667907714844,-0.243487611413002,-0.388834208250046,-0.133186921477318,10.9754753112793,15.1573133468628,356.255828857422,0.0904579684138298,0.134309455752373,-0.0448403917253017,0.985782861709595
581.189453125,-0.242102116346359,-0.389101386070251,-0.133607491850853,11.1451368331909,15.466236114502,356.222442626953,0.0917569622397423,0.137021735310555,-0.045564740896225,0.985256135463715
581.732360839844,-0.243342608213425,-0.389656454324722,-0.132860362529755,11.305025100708,15.4246435165405,356.491821289063,0.0934704765677452,0.136471822857857,-0.0433971844613552,0.98526918888092
582.252380371094,-0.241996258497238,-0.387980699539185,-0.137115865945816,10.6598720550537,16.5423316955566,356.654083251953,0.0877036973834038,0.145858839154243,-0.0421233735978603,0.984509468078613
582.763366699219,-0.24103856086731,-0.387551933526993,-0.141327947378159,10.1037082672119,17.5993213653564,356.008575439453,0.081661231815815,0.155323758721352,-0.0477438904345036,0.983324229717255
583.27099609375,-0.246515646576881,-0.388406664133072,-0.135666117072105,10.1328544616699,16.9719619750977,356.6044921875,0.0829505771398544,0.149514079093933,-0.0422142073512077,0.984369218349457
583.799377441406,-0.250966310501099,-0.387985348701477,-0.13556395471096,9.93669986724854,16.6825008392334,356.995147705078,0.0818705260753632,0.1467205286026,-0.0384038761258125,0.98503577709198
584.329162597656,-0.250580668449402,-0.387546867132187,-0.133634135127068,9.87224006652832,16.1614837646484,357.018188476563,0.0815180465579033,0.142216235399246,-0.0377555377781391,0.985750436782837
584.845886230469,-0.252581357955933,-0.387136965990067,-0.133999019861221,9.67640972137451,15.6708374023438,357.249603271484,0.0802706256508827,0.137808382511139,-0.0351856164634228,0.98657363653183
585.36962890625,-0.252300947904587,-0.386790692806244,-0.135366261005402,9.5828800201416,15.5099935531616,357.194000244141,0.0794478803873062,0.136451929807663,-0.0354435928165913,0.986819446086884
585.888610839844,-0.252126783132553,-0.387417674064636,-0.13578899204731,9.77286338806152,15.4968423843384,357.150177001953,0.0810366868972778,0.136390909552574,-0.0360310897231102,0.986677408218384
586.419067382813,-0.250444442033768,-0.388548582792282,-0.135188147425652,10.1573143005371,15.5948848724365,357.040740966797,0.0841860398650169,0.137358322739601,-0.0374883376061916,0.986225187778473
586.946411132813,-0.24969956278801,-0.389560133218765,-0.133616328239441,10.4751825332642,15.7520160675049,356.929016113281,0.0867358222603798,0.138831660151482,-0.0389369390904903,0.98574161529541
587.458801269531,-0.251802682876587,-0.389281243085861,-0.136180028319359,10.365421295166,15.780216217041,357.156097412109,0.0860567986965179,0.138890609145164,-0.0368761792778969,0.985872089862823
587.988525390625,-0.250999093055725,-0.388781368732452,-0.142823904752731,10.2697811126709,15.7429113388062,356.999114990234,0.085055485367775,0.138676166534424,-0.0380869880318642,0.985943138599396
588.537170410156,-0.251201510429382,-0.389618366956711,-0.144739106297493,10.8249959945679,15.4771213531494,356.745544433594,0.0896220877766609,0.136652812361717,-0.0407087281346321,0.985716342926025
589.062377929688,-0.245974063873291,-0.387537807226181,-0.161383345723152,10.2231712341309,15.4745378494263,355.476623535156,0.0829238742589951,0.137474924325943,-0.0509346090257168,0.985712945461273
589.6083984375,-0.24216040968895,-0.389082700014114,-0.164204061031342,10.53542137146,15.4355020523071,354.888275146484,0.0849239826202393,0.13764999806881,-0.0563199073076248,0.985225081443787
590.174194335938,-0.251812726259232,-0.392904192209244,-0.151914343237877,11.5825023651123,13.8711843490601,356.389251708984,0.0963314175605774,0.123233266174793,-0.0432929657399654,0.986741900444031
590.716003417969,-0.262832760810852,-0.395537048578262,-0.143846809864044,12.5909414291382,10.7128648757935,357.68896484375,0.107283480465412,0.0949711576104164,-0.0301916189491749,0.989221572875977
591.236755371094,-0.270842313766479,-0.395699173212051,-0.143227055668831,12.3146991729736,8.95162677764893,358.201538085938,0.105701334774494,0.0792567133903503,-0.0239251963794231,0.99094569683075
591.771423339844,-0.260252177715302,-0.39439645409584,-0.146609634160995,11.8633518218994,12.96852684021,357.605285644531,0.10031171888113,0.114446818828583,-0.0323195271193981,0.987823307514191
592.291137695313,-0.257904917001724,-0.394850373268127,-0.146059259772301,11.9823799133301,13.6089057922363,357.33349609375,0.100870594382286,0.120213530957699,-0.0353405922651291,0.986977636814117
592.820434570313,-0.257657885551453,-0.395168364048004,-0.14574983716011,12.0337972640991,13.7020969390869,357.352752685547,0.101305216550827,0.121003843843937,-0.0353088490664959,0.986837685108185
593.398376464844,-0.258173674345016,-0.395565837621689,-0.146257996559143,12.1695795059204,13.3958587646484,357.389587402344,0.102607570588589,0.118345640599728,-0.0348552688956261,0.987041592597961
593.935729980469,-0.257205247879028,-0.395205616950989,-0.146699190139771,11.9958982467651,13.8321723937988,357.535797119141,0.101133458316326,0.121959201991558,-0.0338090099394321,0.986790239810944
594.461059570313,-0.257567882537842,-0.394559681415558,-0.147035285830498,11.819878578186,13.6533126831055,357.421417236328,0.099548876285553,0.120504558086395,-0.0344581790268421,0.987107515335083
594.986633300781,-0.259690195322037,-0.394835263490677,-0.146677598357201,11.8099975585938,13.5891895294189,357.677459716797,0.0997507646679878,0.119728714227676,-0.0321866609156132,0.98725825548172
595.538269042969,-0.259095370769501,-0.394884556531906,-0.146868899464607,11.8113164901733,13.8173551559448,357.682006835938,0.0997026637196541,0.12169037014246,-0.0323474444448948,0.98701798915863
596.055786132813,-0.252620160579681,-0.38611164689064,-0.156408205628395,7.950035572052,19.2925148010254,357.5341796875,0.0647288039326668,0.168593406677246,-0.0327745117247105,0.983011841773987
596.573486328125,-0.256638705730438,-0.389720171689987,-0.154639691114426,9.50703716278076,17.4671421051025,357.278747558594,0.0782923772931099,0.153219982981682,-0.0359684564173222,0.984428882598877
597.090026855469,-0.260787516832352,-0.390917330980301,-0.153254687786102,10.0467338562012,16.1646423339844,357.467681884766,0.0835763067007065,0.141937151551247,-0.0341011509299278,0.985751509666443
597.601196289063,-0.261102825403214,-0.392190515995026,-0.151466012001038,10.5470399856567,15.9169092178345,357.508880615234,0.0880067348480225,0.13981506228447,-0.0341595001518726,0.985667109489441
598.117797851563,-0.262528896331787,-0.392856031656265,-0.149828538298607,10.8924016952515,15.2401294708252,357.537994384766,0.0912152752280235,0.133995443582535,-0.0337803103029728,0.98619669675827
598.644470214844,-0.263091862201691,-0.39232212305069,-0.150763645768166,10.5950088500977,15.0556030273438,357.598449707031,0.0887777134776115,0.132337167859077,-0.0327795818448067,0.986676692962646
599.176391601563,-0.260968267917633,-0.393950581550598,-0.150098741054535,11.2230033874512,15.2965841293335,357.497344970703,0.0939971208572388,0.134538799524307,-0.034551028162241,0.985834777355194
599.761169433594,-0.261703789234161,-0.394133180379868,-0.15022574365139,11.232346534729,15.4779052734375,357.672607421875,0.0942308083176613,0.13595524430275,-0.0332028530538082,0.985664427280426
600.294372558594,-0.261474549770355,-0.394934505224228,-0.150311887264252,11.4264297485352,15.4165325164795,357.620208740234,0.0958569347858429,0.135482683777809,-0.0338257439434528,0.985551536083221
600.808044433594,-0.262742072343826,-0.396867305040359,-0.144628405570984,12.1538934707642,15.5192193984985,357.950225830078,0.102476373314857,0.136113166809082,-0.0319145806133747,0.984862089157104
601.317810058594,-0.262743562459946,-0.397102624177933,-0.143855690956116,12.238109588623,15.4383745193481,357.961669921875,0.103236608207226,0.135410442948341,-0.0318406708538532,0.984881937503815
601.828735351563,-0.264115363359451,-0.396708369255066,-0.14531509578228,12.100790977478,15.2856712341309,358.137237548828,0.102303192019463,0.133937180042267,-0.0300372168421745,0.985237419605255
602.395690917969,-0.264009743928909,-0.397171199321747,-0.144899249076843,12.268235206604,15.3394269943237,358.194580078125,0.103796415030956,0.134350135922432,-0.0297838542610407,0.985032618045807
602.928100585938,-0.263976633548737,-0.397854328155518,-0.144567623734474,12.4596567153931,15.3067798614502,358.204650878906,0.105462849140167,0.134062200784683,-0.0298858936876059,0.984891772270203
603.437744140625,-0.263537287712097,-0.399155348539352,-0.141884014010429,12.8860464096069,15.5395650863647,358.302490234375,0.109182737767696,0.135971397161484,-0.0297533683478832,0.984228491783142
603.961181640625,-0.264630645513535,-0.39813169836998,-0.144094258546829,12.584789276123,15.4904165267944,358.379547119141,0.106697395443916,0.135478481650352,-0.0286966897547245,0.984600305557251
604.482482910156,-0.262772381305695,-0.397439152002335,-0.146463558077812,12.3715753555298,15.5252733230591,358.171600341797,0.104609228670597,0.135969400405884,-0.0302691012620926,0.984709620475769
604.983154296875,-0.262392431497574,-0.397991329431534,-0.145361334085464,12.5215473175049,15.5725364685059,358.191314697266,0.105909392237663,0.136358648538589,-0.0303167700767517,0.984515309333801
605.527709960938,-0.263759672641754,-0.400491148233414,-0.140941217541695,13.2875413894653,15.4850654602051,358.450408935547,0.112821258604527,0.135355070233345,-0.0288943573832512,0.983928620815277
606.058715820313,-0.265192180871964,-0.401764661073685,-0.138457775115967,13.6551399230957,15.4883079528809,358.701049804688,0.116273358464241,0.135120898485184,-0.0271704196929932,0.98360800743103
606.567504882813,-0.263500332832336,-0.40204992890358,-0.137597724795341,13.8478355407715,15.6803169250488,358.548858642578,0.117700032889843,0.136916548013687,-0.0288963988423347,0.983140647411346
607.080200195313,-0.264240294694901,-0.400735706090927,-0.141861796379089,13.4483308792114,15.4803476333618,358.504211425781,0.11426705121994,0.135257586836815,-0.0286133009940386,0.983783364295959
607.594909667969,-0.263611316680908,-0.401617854833603,-0.14234022796154,13.712553024292,15.1986618041992,358.514007568359,0.116618178784847,0.132822498679161,-0.0285474509000778,0.983841180801392
608.147216796875,-0.265064895153046,-0.397408545017242,-0.160546898841858,12.3356895446777,14.3644361495972,358.272186279297,0.104712098836899,0.125894710421562,-0.0283039696514606,0.986095726490021
608.694641113281,-0.2677181661129,-0.398371040821075,-0.157746165990829,12.7178297042847,13.6160287857056,358.716369628906,0.108648739755154,0.119038045406342,-0.02418277785182,0.986630916595459
609.233093261719,-0.267544150352478,-0.398725062608719,-0.157112404704094,12.8735971450806,13.8941965103149,358.721618652344,0.109936349093914,0.12142438441515,-0.0245629772543907,0.986187994480133
609.766235351563,-0.26487135887146,-0.399094969034195,-0.156373396515846,12.8574533462524,15.049295425415,358.460845947266,0.109245166182518,0.131608411669731,-0.0278928969055414,0.984868884086609
610.281066894531,-0.26496747136116,-0.399081826210022,-0.156604409217834,12.8857374191284,15.0173168182373,358.461547851563,0.10949694365263,0.131332546472549,-0.0278881043195724,0.98487788438797
610.811157226563,-0.265009373426437,-0.399751394987106,-0.155201658606529,13.1045894622803,14.9831466674805,358.485656738281,0.111414395272732,0.131012514233589,-0.027892891317606,0.984705328941345
611.328857421875,-0.264814734458923,-0.400236964225769,-0.154701933264732,13.1743879318237,14.9686651229858,358.525238037109,0.112063139677048,0.130848228931427,-0.0276165883988142,0.984661340713501
611.868530273438,-0.265427887439728,-0.400323957204819,-0.154795333743095,13.2002849578857,14.9317140579224,358.597686767578,0.112377166748047,0.130459174513817,-0.0269866641610861,0.98469465970993
612.423156738281,-0.265821278095245,-0.400751113891602,-0.155145391821861,13.2681016921997,14.8466558456421,358.588470458984,0.112969741225243,0.129735633730888,-0.027057645842433,0.984720468521118
612.97265625,-0.265695750713348,-0.401278465986252,-0.154149055480957,13.3420124053955,14.7504119873047,358.650482177734,0.113697580993176,0.128845244646072,-0.0265111103653908,0.984768509864807
613.517150878906,-0.266078740358353,-0.400884717702866,-0.154870390892029,13.3303461074829,14.708930015564,358.650085449219,0.113606445491314,0.128489479422569,-0.0264605507254601,0.984826803207397
614.075988769531,-0.266583949327469,-0.400823265314102,-0.154940828680992,13.2331924438477,14.7823257446289,358.735687255859,0.112850658595562,0.129038736224174,-0.0256903525441885,0.984862327575684
614.62158203125,-0.266704976558685,-0.398541003465652,-0.157288894057274,12.134726524353,14.8779487609863,358.673553466797,0.103310771286488,0.129949420690536,-0.0250972155481577,0.985804319381714
615.143188476563,-0.265340089797974,-0.398708671331406,-0.155959010124207,12.1590270996094,14.8844270706177,358.537017822266,0.103363484144211,0.130127921700478,-0.0263047087937593,0.985743761062622
615.6689453125,-0.265451192855835,-0.399325132369995,-0.155646800994873,12.4465198516846,14.9576787948608,358.578887939453,0.105867847800255,0.130715951323509,-0.0263319164514542,0.985399425029755
616.210571289063,-0.265659421682358,-0.399705439805984,-0.155648544430733,12.5348434448242,15.0187339782715,358.598754882813,0.106636255979538,0.131220921874046,-0.0263166893273592,0.985249817371368
616.727966308594,-0.264568030834198,-0.400492370128632,-0.155086383223534,12.9421415328979,15.2239980697632,358.460815429688,0.109930448234081,0.133108571171761,-0.0281559564173222,0.984583497047424
617.25341796875,-0.261713474988937,-0.408669143915176,-0.151879459619522,17.3266677856445,12.5653457641602,357.3134765625,0.147146299481392,0.11166524887085,-0.0395148694515228,0.981996655464172
617.768432617188,-0.263338893651962,-0.39255690574646,-0.162185117602348,10.651572227478,14.356104850769,356.617858886719,0.0883796364068985,0.127077251672745,-0.0407457500696182,0.98710697889328
618.279724121094,-0.249376088380814,-0.37828665971756,-0.194691553711891,5.09508943557739,22.5334854125977,356.032196044922,0.0368086621165276,0.196575909852982,-0.042596947401762,0.978871047496796
618.791442871094,-0.229534208774567,-0.365867108106613,-0.18704979121685,359.267181396484,28.0192165374756,354.681793212891,-0.017428994178772,0.241531133651733,-0.0434661023318768,0.969262421131134
619.305725097656,-0.218860864639282,-0.359557330608368,-0.185378134250641,356.534881591797,25.3872852325439,351.647674560547,-0.0454116277396679,0.216906398534775,-0.0643849745392799,0.973007678985596
619.831848144531,-0.216678276658058,-0.355972915887833,-0.184749558568001,354.794189453125,32.668830871582,353.443664550781,-0.0595751255750656,0.278001189231873,-0.0420674532651901,0.957808136940002
620.373596191406,-0.22526752948761,-0.350108444690704,-0.185531184077263,351.506134033203,38.2419281005859,355.539611816406,-0.0826283767819405,0.323693931102753,-0.0124272257089615,0.94246506690979
620.898986816406,-0.233058169484138,-0.356503516435623,-0.17176765203476,354.420471191406,26.1041889190674,355.278289794922,-0.0566654615104198,0.223424658179283,-0.0290989559143782,0.972637534141541
621.43701171875,-0.223718196153641,-0.361279726028442,-0.172430887818336,356.194488525391,18.7991027832031,353.304565429688,-0.042233195155859,0.161036759614944,-0.0521661341190338,0.984663486480713
621.972229003906,-0.195437133312225,-0.362521111965179,-0.18281301856041,355.632019042969,34.6044883728027,353.808685302734,-0.0523805469274521,0.29479768872261,-0.0402046665549278,0.953275501728058
622.504821777344,-0.234423846006393,-0.368535310029984,-0.160468026995659,359.241455078125,20.9336814880371,356.387512207031,-0.0122320735827088,0.18136702477932,-0.029792632907629,0.982887983322144
623.008850097656,-0.251858681440353,-0.371345221996307,-0.150427356362343,0.441400915384293,19.9300918579102,357.847290039063,0.000542496738489717,0.173086807131767,-0.0191678628325462,0.984719932079315
623.541625976563,-0.255730003118515,-0.373170465230942,-0.150955125689507,1.57690441608429,19.6345195770264,358.039733886719,0.0106408102437854,0.170697182416916,-0.0191995669156313,0.985078990459442
624.053466796875,-0.257132649421692,-0.374819427728653,-0.14796707034111,2.08889961242676,19.462947845459,358.16259765625,0.015253740362823,0.169269070029259,-0.0188810732215643,0.985270917415619
624.590637207031,-0.254241198301315,-0.377218246459961,-0.145493894815445,3.12701940536499,19.9971008300781,357.853210449219,0.023614602163434,0.174031540751457,-0.0231781750917435,0.98418402671814
625.124694824219,-0.256239533424377,-0.37715220451355,-0.149996623396873,3.04879069328308,20.0232982635498,357.916564941406,0.0230336170643568,0.174234449863434,-0.022521398961544,0.98417717218399
625.697204589844,-0.256642371416092,-0.378037512302399,-0.145732969045639,3.28897309303284,19.8573551177979,357.985137939453,0.0252332948148251,0.172821491956711,-0.0222590174525976,0.984378278255463
626.243347167969,-0.256731659173965,-0.379216015338898,-0.14492279291153,3.61651396751404,19.7802791595459,357.978454589844,0.0280526261776686,0.172195672988892,-0.0227885898202658,0.984399497509003
626.780883789063,-0.258786737918854,-0.379850775003433,-0.143975675106049,3.82068538665771,19.5960369110107,358.31396484375,0.0303433947265148,0.170545741915703,-0.0201626066118479,0.98467606306076
627.316772460938,-0.259472817182541,-0.383059769868851,-0.147009328007698,6.57663249969482,19.4361019134521,357.9248046875,0.0534763783216476,0.169518172740936,-0.0275001768022776,0.983690798282623
627.852355957031,-0.261721521615982,-0.381874412298203,-0.147183999419212,5.13807964324951,19.7413539886475,358.160003662109,0.0414042845368385,0.171939596533775,-0.0234855599701405,0.983956813812256
628.385131835938,-0.261101603507996,-0.383728802204132,-0.142880201339722,5.74789476394653,19.5524425506592,358.216705322266,0.0467657074332237,0.170335337519646,-0.0238288100808859,0.983987331390381
628.9423828125,-0.262597620487213,-0.38450089097023,-0.141872972249985,5.91871070861816,19.4523258209229,358.469177246094,0.0486271232366562,0.169378861784935,-0.0218702349811792,0.984107673168182
629.461975097656,-0.263792186975479,-0.384907901287079,-0.141081437468529,5.89296722412109,19.4775676727295,358.572082519531,0.0485534593462944,0.169551119208336,-0.0209593940526247,0.984101474285126
630.002075195313,-0.264492452144623,-0.385308772325516,-0.140199258923531,5.89247417449951,19.5261878967285,358.570281982422,0.0485376603901386,0.169969379901886,-0.0209947284311056,0.984029352664948
630.509033203125,-0.265220820903778,-0.384715557098389,-0.139687538146973,5.63670063018799,19.5449733734131,358.566864013672,0.0463322177529335,0.170123726129532,-0.0206549577414989,0.984116196632385
631.018859863281,-0.264676302671432,-0.383996069431305,-0.140303790569305,5.23296785354614,19.7606296539307,358.512359619141,0.0427443012595177,0.171981155872345,-0.0206083878874779,0.983956694602966
631.534057617188,-0.2648706138134,-0.385189473628998,-0.138915210962296,5.8208327293396,19.7823104858398,358.617218017578,0.0479460246860981,0.172146543860435,-0.0205933470278978,0.983688294887543
632.130065917969,-0.26519176363945,-0.385743916034698,-0.138736888766289,6.0337290763855,19.8660774230957,358.739227294922,0.0499426499009132,0.172817975282669,-0.019900020211935,0.983485460281372
632.709289550781,-0.265478372573853,-0.387361466884613,-0.136968195438385,6.59712219238281,19.996639251709,358.827697753906,0.0548889189958572,0.173902288079262,-0.0200474802404642,0.983027637004852
633.21435546875,-0.26714625954628,-0.38800260424614,-0.134235590696335,6.86894750595093,19.8162975311279,359.049774169922,0.0575871616601944,0.172243595123291,-0.0184616409242153,0.983196377754211
633.7919921875,-0.268155127763748,-0.387511491775513,-0.136856660246849,7.08658838272095,19.5968208312988,359.292205810547,0.0598508790135384,0.170229762792587,-0.0165925305336714,0.983445167541504
634.379028320313,-0.264359176158905,-0.384396374225616,-0.153318405151367,5.83996820449829,20.0124588012695,358.285797119141,0.0475650355219841,0.174260646104813,-0.0235622338950634,0.983267843723297
634.97900390625,-0.27149623632431,-0.388704061508179,-0.148737743496895,7.02894878387451,19.5877990722656,358.965087890625,0.0588714852929115,0.17032328248024,-0.0193098690360785,0.983438491821289
635.53076171875,-0.270722150802612,-0.388163030147552,-0.148478880524635,6.70795440673828,19.2105236053467,358.636108398438,0.0556977055966854,0.167248234152794,-0.0214761979877949,0.984105944633484
636.063720703125,-0.269940316677094,-0.389460831880569,-0.147094964981079,7.25387763977051,19.4121494293213,358.683441162109,0.0604170486330986,0.168961465358734,-0.0219661481678486,0.983523905277252
636.600402832031,-0.269850015640259,-0.390235513448715,-0.145694732666016,7.57894802093506,19.2118053436279,358.625152587891,0.0631615743041039,0.167275324463844,-0.0228312127292156,0.983620047569275
637.149658203125,-0.27158910036087,-0.389181673526764,-0.14663901925087,7.38753366470337,18.9704608917236,358.903656005859,0.061966709792614,0.165051430463791,-0.0200328677892685,0.984132587909698
637.706665039063,-0.271009206771851,-0.390291094779968,-0.147182404994965,7.71440839767456,19.1570835113525,358.834075927734,0.0646396204829216,0.166688829660416,-0.0212028548121452,0.983660042285919
638.293518066406,-0.269930481910706,-0.391682058572769,-0.144370377063751,8.24853324890137,18.9707183837891,358.747741699219,0.0691361501812935,0.165134191513062,-0.0226018391549587,0.983585357666016
638.864685058594,-0.26917889714241,-0.391011536121368,-0.148071974515915,8.19897842407227,19.6424999237061,358.701538085938,0.0685085132718086,0.17092576622963,-0.0233296863734722,0.982622385025024
639.428161621094,-0.268233388662338,-0.389185458421707,-0.147948995232582,7.00859451293945,19.668155670166,358.5859375,0.0581170506775379,0.171206414699554,-0.0225745588541031,0.98326051235199
639.974670410156,-0.269811928272247,-0.388809323310852,-0.148604899644852,6.89559745788574,19.5050201416016,358.590270996094,0.0571854896843433,0.169802397489548,-0.0222884248942137,0.983565032482147
640.500427246094,-0.269335061311722,-0.390655785799026,-0.146977320313454,7.69955015182495,19.4270858764648,358.584442138672,0.064093604683876,0.16914626955986,-0.0234754960983992,0.983224511146545
641.033203125,-0.269499838352203,-0.392278611660004,-0.144027650356293,8.38817596435547,19.5097961425781,358.740753173828,0.0702166482806206,0.1697618663311,-0.0231916252523661,0.982706904411316
641.577941894531,-0.269600391387939,-0.392820090055466,-0.14530947804451,8.74095058441162,19.2172241210938,358.703887939453,0.0732489079236984,0.167270749807358,-0.0238386113196611,0.982897162437439
642.117309570313,-0.269530683755875,-0.393472731113434,-0.144868105649948,8.91531467437744,19.2064533233643,358.724731445313,0.0747775360941887,0.167162165045738,-0.0239045806229115,0.982798933982849
642.660339355469,-0.270060777664185,-0.393706321716309,-0.144996806979179,9.00818729400635,19.16037940979,358.769348144531,0.0756488367915154,0.166735887527466,-0.0236257407814264,0.982811391353607
643.218872070313,-0.270175635814667,-0.392285823822021,-0.146888315677643,8.50319290161133,19.0057563781738,358.684509277344,0.0712241008877754,0.165471345186234,-0.0235296506434679,0.983357906341553
643.787536621094,-0.271599382162094,-0.392380744218826,-0.146998003125191,8.47148323059082,18.9707832336426,358.794586181641,0.0711176693439484,0.165103241801262,-0.0225181300193071,0.983451128005981
644.317932128906,-0.271999925374985,-0.392161786556244,-0.147487193346024,8.51670169830322,18.9714508056641,358.977722167969,0.0717694908380508,0.16499374806881,-0.0210113264620304,0.98345559835434
644.862243652344,-0.274455428123474,-0.392715930938721,-0.1535384953022,8.7882251739502,19.7115821838379,359.160766601563,0.0742339044809341,0.17121410369873,-0.020308468490839,0.982223331928253
645.411315917969,-0.279693096876144,-0.39139598608017,-0.15349093079567,8.17620372772217,18.9475536346436,359.947875976563,0.0702433213591576,0.164209350943565,-0.0121815074235201,0.983845949172974
645.948974609375,-0.280669033527374,-0.389558464288712,-0.160341382026672,7.38535022735596,19.1833305358887,359.771118164063,0.0631721317768097,0.166405901312828,-0.012696742080152,0.983949780464172
646.474853515625,-0.279129385948181,-0.389215260744095,-0.16170759499073,7.31600713729858,19.293249130249,359.714233398438,0.0624814704060555,0.16738598048687,-0.0131446635350585,0.983821749687195
647.073974609375,-0.275771081447601,-0.394220471382141,-0.164046034216881,10.0255908966064,20.2775497436523,359.233978271484,0.0848395749926567,0.175930723547935,-0.0219363123178482,0.980494499206543
647.595642089844,-0.268216043710709,-0.394229918718338,-0.164854884147644,9.75523948669434,22.2775249481201,358.197875976563,0.0803886502981186,0.193774327635765,-0.0317979380488396,0.97722977399826
648.143676757813,-0.275293409824371,-0.391684472560883,-0.167987436056137,8.21264839172363,20.3465843200684,358.726806640625,0.0685200095176697,0.176944732666016,-0.0235546790063381,0.98155015707016
648.694763183594,-0.279269456863403,-0.391658395528793,-0.166730955243111,7.85318231582642,20.2026538848877,359.306518554688,0.0663566738367081,0.175382599234581,-0.0179541688412428,0.982097446918488
649.249877929688,-0.279836535453796,-0.392561942338943,-0.167335405945778,8.33134651184082,20.157320022583,359.246520996094,0.07037054002285,0.175004214048386,-0.0191684775054455,0.981862604618073
649.795715332031,-0.278889626264572,-0.393045246601105,-0.165767461061478,8.54512119293213,20.2421340942383,359.286041259766,0.0722485929727554,0.175693899393082,-0.0192080456763506,0.981602191925049
650.32666015625,-0.278699964284897,-0.393145263195038,-0.16529355943203,8.5418872833252,20.057035446167,359.276336669922,0.072237029671669,0.174114406108856,-0.0191698092967272,0.981885194778442
650.848876953125,-0.279397517442703,-0.39356204867363,-0.164567992091179,8.64073371887207,20.1209945678711,359.4296875,0.0733069777488708,0.1745585501194,-0.0180462002754211,0.981748342514038
651.367858886719,-0.279701203107834,-0.393829047679901,-0.165805742144585,8.70206737518311,20.1721820831299,359.400756835938,0.073780246078968,0.175011202692986,-0.0184198301285505,0.981625378131866
651.913024902344,-0.279632776975632,-0.394004553556442,-0.165103375911713,8.75368690490723,20.0449752807617,359.418884277344,0.0742704942822456,0.17390601336956,-0.018260583281517,0.981787741184235
652.467468261719,-0.278640478849411,-0.39547461271286,-0.162557736039162,9.45027637481689,19.9479541778564,359.3662109375,0.0801748633384705,0.173058286309242,-0.0196959991008043,0.9814453125
652.978576660156,-0.278308600187302,-0.395485818386078,-0.162682950496674,9.49126815795898,19.9855041503906,359.317504882813,0.0804457888007164,0.173410937190056,-0.0202012490481138,0.981350660324097
653.511108398438,-0.278873562812805,-0.395673304796219,-0.16295699775219,9.57005596160889,19.9431800842285,359.400085449219,0.0812528058886528,0.172984078526497,-0.0195826068520546,0.981371998786926
654.07177734375,-0.278821229934692,-0.395536422729492,-0.163420051336288,9.42855930328369,19.840705871582,359.398803710938,0.0800561681389809,0.172118574380875,-0.0193092655390501,0.981627941131592
654.627075195313,-0.278675496578217,-0.396221995353699,-0.161688312888145,9.59667491912842,19.8070659637451,359.461547851563,0.0815962180495262,0.171772360801697,-0.0189992152154446,0.981567800045013
655.150390625,-0.278052002191544,-0.396617710590363,-0.160460501909256,9.7247200012207,19.8144989013672,359.405395507813,0.0826076790690422,0.171865493059158,-0.0196765549480915,0.981453537940979
655.723510742188,-0.279272377490997,-0.396549195051193,-0.160129964351654,9.6196813583374,19.8882617950439,359.603271484375,0.0819930508732796,0.172364577651024,-0.0178776457905769,0.981451988220215
656.276611328125,-0.277652770280838,-0.396187394857407,-0.157627865672112,9.2793025970459,19.1153144836426,359.412536621094,0.0789164379239082,0.165902689099312,-0.0184693802148104,0.982805907726288
656.791442871094,-0.279498547315598,-0.39619705080986,-0.155922278761864,9.17033195495605,18.545862197876,359.630126953125,0.0783773362636566,0.160875678062439,-0.0160566698759794,0.983726680278778
657.339904785156,-0.279736161231995,-0.395986557006836,-0.154291987419128,8.93772602081299,19.1162872314453,359.706237792969,0.0764110088348389,0.16574002802372,-0.0154582355171442,0.983083248138428
657.867492675781,-0.275857865810394,-0.396006494760513,-0.15581189095974,9.0855188369751,19.2245311737061,359.329406738281,0.0771156251430511,0.166909396648407,-0.0189769081771374,0.982768714427948
658.399475097656,-0.273656487464905,-0.396729499101639,-0.156711310148239,9.53794097900391,19.3835697174072,359.107330322266,0.0806422010064125,0.168398544192314,-0.0216479077935219,0.982176244258881
658.924377441406,-0.271348625421524,-0.395631521940231,-0.15669883787632,9.25514507293701,19.8948726654053,358.809844970703,0.0776732116937637,0.172997534275055,-0.0241323057562113,0.98155814409256
659.47314453125,-0.253499388694763,-0.388186484575272,-0.17377632856369,6.74292469024658,24.5279483795166,356.972747802734,0.0518458597362041,0.21349236369133,-0.0382548458874226,0.974817752838135
659.997009277344,-0.243096351623535,-0.391726523637772,-0.177894487977028,8.75524044036865,32.266845703125,358.419158935547,0.0694943889975548,0.278049528598785,-0.0344212017953396,0.957431077957153
660.527648925781,-0.242044374346733,-0.395439356565475,-0.180118784308434,11.223123550415,32.8846893310547,357.140808105469,0.0867277905344963,0.28394603729248,-0.051482830196619,0.953521072864532
661.069885253906,-0.270982623100281,-0.384178757667542,-0.168255820870399,4.65125036239624,19.9692897796631,358.964965820313,0.038397666066885,0.173595324158669,-0.015923660248518,0.983939409255981
661.608032226563,-0.279273599386215,-0.384649902582169,-0.162004858255386,6.04183387756348,18.2981586456299,358.520843505859,0.0499762259423733,0.159441202878952,-0.0211045555770397,0.985715746879578
662.142883300781,-0.275411576032639,-0.385347604751587,-0.174551025032997,6.52500104904175,18.5017032623291,357.740295410156,0.0529947802424431,0.161573082208633,-0.0285773407667875,0.985022366046906
662.673767089844,-0.27432644367218,-0.389345169067383,-0.162637427449226,7.43438529968262,18.7073650360107,358.123779296875,0.06130575761199,0.163212046027184,-0.0266563985496759,0.984323561191559
663.223754882813,-0.275099813938141,-0.390547275543213,-0.161401584744453,7.88058519363403,18.7294216156006,358.393829345703,0.0655191242694855,0.163268029689789,-0.0249769818037748,0.984086930751801
663.807983398438,-0.271947890520096,-0.392480909824371,-0.156438022851944,8.52274131774902,18.7381248474121,358.349334716797,0.0709691345691681,0.163382396101952,-0.0262681301683187,0.983656227588654
664.333923339844,-0.271476686000824,-0.392783403396606,-0.156140640377998,8.59514904022217,18.8099384307861,358.410827636719,0.0716623514890671,0.163961619138718,-0.0258870236575603,0.983519673347473
664.871276855469,-0.272251456975937,-0.393497288227081,-0.155257970094681,8.87182998657227,18.8732604980469,358.542724609375,0.074212446808815,0.164422571659088,-0.0251870304346085,0.983271777629852
665.423461914063,-0.272396743297577,-0.394196152687073,-0.155386745929718,9.08946323394775,18.9252758026123,358.583343505859,0.0761271789669991,0.164841204881668,-0.0251817982643843,0.983055412769318
666.023071289063,-0.276607364416122,-0.395239740610123,-0.153340771794319,9.24307441711426,18.5150299072266,359.10009765625,0.078262485563755,0.160968512296677,-0.0206870883703232,0.983634173870087
666.543090820313,-0.275861412286758,-0.395678669214249,-0.15239329636097,9.39714241027832,18.575044631958,359.071502685547,0.0795339196920395,0.16149628162384,-0.0211889706552029,0.983434975147247
667.068542480469,-0.274752497673035,-0.395921498537064,-0.152811154723167,9.47090148925781,18.8239402770996,358.934356689453,0.0799247100949287,0.163724169135094,-0.0226426683366299,0.983002424240112
667.593444824219,-0.274785369634628,-0.396578192710876,-0.152072474360466,9.64973640441895,18.9070892333984,358.894775390625,0.0813856869935989,0.164458438754082,-0.023294273763895,0.982744753360748
668.115417480469,-0.274541199207306,-0.397109836339951,-0.152418285608292,9.82638931274414,19.1142635345459,358.862731933594,0.0828117951750755,0.166250959038734,-0.0239698830991983,0.982307612895966
668.658020019531,-0.274102717638016,-0.397432744503021,-0.15231366455555,9.9909610748291,19.1724491119385,358.863708496094,0.084211952984333,0.166742339730263,-0.0242407359182835,0.982098639011383
669.177673339844,-0.273549318313599,-0.39956396818161,-0.151174768805504,11.0125284194946,19.338996887207,358.899963378906,0.0929820761084557,0.168089896440506,-0.025535574182868,0.981044411659241
669.715454101563,-0.272616028785706,-0.401040524244308,-0.151759967207909,11.8745193481445,19.5751056671143,358.829284667969,0.100201100111008,0.170116066932678,-0.0275967326015234,0.979927897453308
670.242614746094,-0.272820681333542,-0.399757653474808,-0.153309643268585,11.4013042449951,19.8718929290771,358.888427734375,0.0961711704730988,0.172634765505791,-0.0266459211707115,0.979917526245117
670.778625488281,-0.272772043943405,-0.400352537631989,-0.152616858482361,11.5202112197876,19.793025970459,358.824188232422,0.097110316157341,0.172006830573082,-0.0273054726421833,0.979917168617249
671.330078125,-0.272463232278824,-0.401210010051727,-0.151619896292686,11.7645502090454,20.0259819030762,358.827362060547,0.0991486385464668,0.173979684710503,-0.0278424471616745,0.979349493980408
671.851928710938,-0.272270023822784,-0.401979207992554,-0.150977402925491,11.9774732589722,20.2171516418457,358.823211669922,0.100915417075157,0.175601780414581,-0.0283655542880297,0.978864371776581
672.367736816406,-0.272230505943298,-0.401864528656006,-0.150908872485161,11.9234924316406,20.1984996795654,358.816741943359,0.100448809564114,0.175451993942261,-0.0283227507025003,0.978940486907959
672.879333496094,-0.272022783756256,-0.402024477720261,-0.149554207921028,11.894344329834,20.3036308288574,358.959411621094,0.100393198430538,0.176227256655693,-0.0271518845111132,0.978840112686157
673.405029296875,-0.27406769990921,-0.398346543312073,-0.151665762066841,10.0998668670654,19.8540668487549,358.949981689453,0.0851288437843323,0.172511994838715,-0.0241649933159351,0.981024384498596
673.931335449219,-0.273549109697342,-0.399551600217819,-0.150979325175285,10.6522521972656,19.9196395874023,358.931884765625,0.0898165330290794,0.173055469989777,-0.0251949112862349,0.98048460483551
674.460571289063,-0.27485591173172,-0.398718923330307,-0.152043014764786,10.2875328063965,19.479850769043,358.952850341797,0.0868194028735161,0.169295340776443,-0.0241369362920523,0.981437146663666
674.995178222656,-0.273929685354233,-0.39957270026207,-0.151853889226913,10.6065893173218,19.6859855651855,358.913909912109,0.089449942111969,0.171072572469711,-0.0250979252159595,0.980868518352509
675.534423828125,-0.273192077875137,-0.400173783302307,-0.150105625391006,10.8107271194458,19.7952899932861,358.963806152344,0.0912482738494873,0.17195637524128,-0.0250597633421421,0.980549275875092
676.077331542969,-0.273123264312744,-0.400132060050964,-0.150297880172729,10.7829036712646,19.802583694458,358.951599121094,0.0909901782870293,0.17203027009964,-0.0251287072896957,0.980558514595032
676.6142578125,-0.272054731845856,-0.400744587182999,-0.149475678801537,11.07004737854,19.8933506011963,358.963562011719,0.0934455096721649,0.172778397798538,-0.0255270190536976,0.980185687541962
677.139404296875,-0.272842168807983,-0.40083384513855,-0.149726256728172,11.05539894104,19.8357429504395,359.012237548828,0.0934061780571938,0.172246932983398,-0.0250417646020651,0.980295479297638
677.700988769531,-0.276801943778992,-0.398680835962296,-0.151750504970551,10.1271944046021,19.1632690429688,359.202178955078,0.085873655974865,0.166405007243156,-0.021529421210289,0.982075154781342
678.235168457031,-0.2768494784832,-0.399291694164276,-0.152168661355972,10.4713335037231,19.364953994751,359.174255371094,0.0887433737516403,0.168130025267601,-0.0224208235740662,0.981506109237671
678.765808105469,-0.276559233665466,-0.395974725484848,-0.155134499073029,8.81565570831299,20.1501579284668,359.42578125,0.0747951343655586,0.174798056483269,-0.0183638446033001,0.981587529182434
679.321838378906,-0.277033656835556,-0.396277457475662,-0.156050711870193,8.97041988372803,20.0525169372559,359.299285888672,0.0759446918964386,0.174033954739571,-0.019617598503828,0.981610834598541
679.862609863281,-0.276723295450211,-0.397496700286865,-0.155130714178085,9.64900207519531,19.9549827575684,359.205932617188,0.081633597612381,0.173217251896858,-0.0213722325861454,0.981261909008026
680.401794433594,-0.277488797903061,-0.397384136915207,-0.154934778809547,9.6466588973999,19.5088348388672,359.167388916016,0.0816391259431839,0.169423162937164,-0.0213810428977013,0.981923520565033
680.944091796875,-0.276782482862473,-0.398078620433807,-0.154332861304283,9.88178730010986,19.8261547088623,359.183776855469,0.0836183279752731,0.172114178538322,-0.021817184984684,0.981279134750366
681.472534179688,-0.277036398649216,-0.398139864206314,-0.154299020767212,9.91400146484375,19.7916355133057,359.195465087891,0.0839183405041695,0.171807840466499,-0.0217399969696999,0.981308937072754
682.011169433594,-0.277179926633835,-0.398257195949554,-0.154922515153885,9.95165061950684,19.882740020752,359.230987548828,0.0842769593000412,0.172559186816216,-0.0215588342398405,0.981150329113007
682.549011230469,-0.277016222476959,-0.398382872343063,-0.155193626880646,9.96881866455078,19.8430023193359,359.236846923828,0.084440253674984,0.17221337556839,-0.0215051081031561,0.981198251247406
683.090454101563,-0.277047991752625,-0.398991167545319,-0.154465585947037,10.2130908966064,19.873010635376,359.250701904297,0.0865472033619881,0.172441437840462,-0.0217737779021263,0.980968654155731
683.634216308594,-0.277439594268799,-0.399720162153244,-0.153956919908524,10.4513187408447,19.9816284179688,359.338043212891,0.0886978805065155,0.173284485936165,-0.0214664861559868,0.980634689331055
684.176147460938,-0.278821587562561,-0.399734556674957,-0.154017895460129,10.3925104141235,19.8944435119629,359.479187011719,0.0884232148528099,0.172434702515602,-0.0201027877628803,0.980838179588318
684.710754394531,-0.278204381465912,-0.399787664413452,-0.154912680387497,10.3500337600708,19.9726982116699,359.415222167969,0.0879492610692978,0.17315773665905,-0.0206466503441334,0.98074209690094
685.263061523438,-0.276983022689819,-0.399442434310913,-0.15484419465065,10.3767223358154,20.1660404205322,359.236206054688,0.0878694429993629,0.174947217106819,-0.0223673116415739,0.980393886566162
685.798522949219,-0.276542216539383,-0.399699091911316,-0.154179930686951,10.3662939071655,20.2352542877197,359.231842041016,0.0877600312232971,0.175543516874313,-0.0224416926503181,0.980295419692993
686.330810546875,-0.277191489934921,-0.400056511163712,-0.154032781720161,10.440318107605,20.1625919342041,359.331970214844,0.088560476899147,0.174838572740555,-0.021641718223691,0.980367362499237
686.862182617188,-0.27729195356369,-0.399924039840698,-0.153659626841545,10.4987869262695,20.057315826416,359.346221923828,0.0891023501753807,0.173921540379524,-0.0215265713632107,0.980483949184418
687.422424316406,-0.27669757604599,-0.39943790435791,-0.154191344976425,10.2864055633545,20.1964664459229,359.308929443359,0.0872018486261368,0.175159469246864,-0.0216310601681471,0.980432093143463
687.945373535156,-0.277377635240555,-0.399114817380905,-0.155658826231956,10.1845254898071,20.4297389984131,359.399627685547,0.0864262357354164,0.177095457911491,-0.0208763852715492,0.980169355869293
688.497314453125,-0.276508927345276,-0.400153756141663,-0.154476672410965,10.6688871383667,20.32834815979,359.265594482422,0.0903821662068367,0.17628787457943,-0.0226867720484734,0.979917883872986
689.074768066406,-0.278927534818649,-0.401119351387024,-0.152300924062729,10.8572854995728,19.8321514129639,359.474243164063,0.0924051403999329,0.171858891844749,-0.0207908488810062,0.980557799339294
689.627685546875,-0.277996689081192,-0.401495903730392,-0.15252248942852,10.9813804626465,19.9626483917236,359.433532714844,0.0933817327022552,0.172995626926422,-0.0214306022971869,0.980251550674438
690.154235839844,-0.277810007333755,-0.401231110095978,-0.152926355600357,10.9215135574341,20.0467720031738,359.401214599609,0.0928048193454742,0.173747524619102,-0.0216853618621826,0.980167746543884
690.68994140625,-0.277370542287827,-0.401238441467285,-0.152756705880165,11.008095741272,20.1682929992676,359.332702636719,0.0934178158640862,0.174833998084068,-0.0225008949637413,0.979897916316986
691.2412109375,-0.277449756860733,-0.401130676269531,-0.153452724218369,10.9864349365234,20.2050800323486,359.324035644531,0.0932120457291603,0.175157696008682,-0.0225722324103117,0.979858040809631
691.777709960938,-0.27811336517334,-0.40142747759819,-0.152713030576706,11.0184659957886,20.1525077819824,359.437377929688,0.0936691462993622,0.174612522125244,-0.0216086413711309,0.979933500289917
692.293212890625,-0.278675585985184,-0.401594996452332,-0.152303501963615,11.1172914505005,20.0161018371582,359.455383300781,0.0945674404501915,0.173420757055283,-0.0214919503778219,0.980061411857605
692.82958984375,-0.273895412683487,-0.398994892835617,-0.158132061362267,10.4872674942017,21.7576694488525,359.243804931641,0.088506355881691,0.188531011343002,-0.0237013250589371,0.977783679962158
693.370788574219,-0.265517473220825,-0.395967602729797,-0.164337739348412,9.42409992218018,23.6244964599609,358.04345703125,0.0769136175513268,0.205356538295746,-0.033468920737505,0.975086092948914
693.908569335938,-0.264510035514832,-0.39594441652298,-0.164431348443031,9.60923004150391,23.676628112793,357.318206787109,0.0771703273057938,0.206292048096657,-0.0400009788572788,0.974622130393982
694.437744140625,-0.26842001080513,-0.398206651210785,-0.160122454166412,10.5126981735229,22.0781021118164,357.553314208984,0.0858255326747894,0.192549049854279,-0.0384043641388416,0.976772248744965
694.980346679688,-0.270705342292786,-0.399269104003906,-0.157565161585808,10.8511095046997,21.2995052337646,357.874694824219,0.0894957259297371,0.185668557882309,-0.0356153883039951,0.977880001068115
695.504516601563,-0.270838528871536,-0.399842619895935,-0.156622260808945,10.9692325592041,21.4740200042725,358.0283203125,0.090700589120388,0.187036588788033,-0.0346303358674049,0.977543592453003
696.035217285156,-0.270738124847412,-0.400074660778046,-0.157058894634247,10.9116411209106,21.6530990600586,358.070343017578,0.0902240201830864,0.188531503081322,-0.0343205817043781,0.977311432361603
696.594299316406,-0.271620512008667,-0.400497853755951,-0.156218811869621,10.9727458953857,21.412841796875,358.094848632813,0.0908572971820831,0.186461940407753,-0.0340200997889042,0.977660238742828
697.166442871094,-0.271435052156448,-0.401303172111511,-0.155284956097603,11.2065563201904,21.4640483856201,358.192321777344,0.0929966941475868,0.186816230416298,-0.0336041189730167,0.977405786514282
697.715148925781,-0.271540135145187,-0.401430249214172,-0.154599666595459,11.2129077911377,21.4641742706299,358.265838623047,0.0931706801056862,0.186757400631905,-0.0329873822629452,0.977421462535858
698.247253417969,-0.273132830858231,-0.400051832199097,-0.156417027115822,10.9811553955078,21.4647846221924,358.468780517578,0.0915230587124825,0.18660731613636,-0.030884662643075,0.97767448425293
698.77587890625,-0.274697154760361,-0.399706661701202,-0.155198127031326,10.4095087051392,20.9245529174805,358.518859863281,0.0868622437119484,0.181977301836014,-0.0291291475296021,0.979025423526764
699.300415039063,-0.273882329463959,-0.40129628777504,-0.154067039489746,11.1753988265991,20.9888916015625,358.458770751953,0.093293808400631,0.182545989751816,-0.0308947861194611,0.978273391723633
699.83447265625,-0.274973154067993,-0.401308298110962,-0.154436200857162,11.1553916931152,20.7379875183105,358.505218505859,0.0932634100317955,0.180366545915604,-0.0302626509219408,0.978700160980225
700.358825683594,-0.27411276102066,-0.401745915412903,-0.15347883105278,11.2755117416382,20.7696876525879,358.484893798828,0.0942492857575417,0.180648908019066,-0.0306487344205379,0.978541612625122
700.934204101563,-0.274576902389526,-0.402376532554626,-0.152343228459358,11.4107084274292,20.6735401153564,358.575958251953,0.0955729708075523,0.17974628508091,-0.0300012025982141,0.978599548339844
701.4658203125,-0.274452775716782,-0.402391284704208,-0.152325332164764,11.4048261642456,20.7661895751953,358.625183105469,0.0955760180950165,0.18049667775631,-0.0296488385647535,0.97847181558609
701.994934082031,-0.274771809577942,-0.402881324291229,-0.15158449113369,11.5709095001221,20.7257251739502,358.662414550781,0.0970637500286102,0.180110558867455,-0.0295549333095551,0.978399395942688
702.528625488281,-0.275250315666199,-0.403655648231506,-0.151066094636917,11.8660621643066,20.4822864532471,358.587097167969,0.0995310693979263,0.178079783916473,-0.0304443594068289,0.978495955467224
703.051574707031,-0.267181634902954,-0.397858113050461,-0.161766424775124,9.93204116821289,22.6393871307373,358.089874267578,0.0816098153591156,0.196934014558792,-0.0332714281976223,0.976447582244873
703.578674316406,-0.271268367767334,-0.398053705692291,-0.155934274196625,9.85216808319092,21.522481918335,358.061676025391,0.0812017917633057,0.187427386641502,-0.032586582005024,0.978373825550079
704.095275878906,-0.270260393619537,-0.400214582681656,-0.142162218689919,10.4564485549927,20.3415222167969,357.856842041016,0.086386926472187,0.177494436502457,-0.0344188995659351,0.979718565940857
704.654296875,-0.267900258302689,-0.403587251901627,-0.124699458479881,11.8253326416016,20.0842571258545,357.940032958984,0.0983000844717026,0.175239905714989,-0.0355656929314137,0.97896021604538
705.194091796875,-0.268186807632446,-0.40377813577652,-0.127744168043137,12.0193138122559,19.963680267334,357.940460205078,0.0999965444207191,0.174208700656891,-0.0357473120093346,0.978965878486633
705.760559082031,-0.272447407245636,-0.404632866382599,-0.129157721996307,12.2156066894531,19.4557704925537,358.234985351563,0.102269493043423,0.169605195522308,-0.0330703780055046,0.979633331298828
706.302795410156,-0.271378129720688,-0.404160559177399,-0.132044345140457,12.0314331054688,19.6377944946289,358.188995361328,0.100573010742664,0.171206176280975,-0.0333561487495899,0.979520797729492
706.85400390625,-0.272278755903244,-0.402959287166595,-0.134830892086029,11.8476228713989,19.7714824676514,358.291687011719,0.0991165339946747,0.172263845801353,-0.0323244370520115,0.979518353939056
707.363891601563,-0.273700416088104,-0.403869032859802,-0.134309351444244,12.0745372772217,19.6962623596191,358.399627685547,0.101240091025829,0.171519190073013,-0.0316703468561172,0.979453206062317
707.910339355469,-0.274437487125397,-0.403939962387085,-0.134574472904205,12.0685529708862,19.4804821014404,358.366790771484,0.101199723780155,0.169703751802444,-0.0317517407238483,0.979770958423615
708.443054199219,-0.273909837007523,-0.403582692146301,-0.134827971458435,12.029146194458,19.5965785980225,358.295257568359,0.100723870098591,0.170760527253151,-0.0324080549180508,0.979614853858948
708.954650878906,-0.274484664201736,-0.402845472097397,-0.136463388800621,11.7872867584229,19.502384185791,358.294372558594,0.0986799374222755,0.16996231675148,-0.0319805555045605,0.979975700378418
709.463806152344,-0.275397717952728,-0.402513921260834,-0.136496111750603,11.5693321228027,19.3759841918945,358.407745361328,0.0970167145133018,0.168790176510811,-0.0305863935500383,0.980388760566711
709.974853515625,-0.275057405233383,-0.403364300727844,-0.135082051157951,11.7799015045166,19.3983707427979,358.483734130859,0.0989249795675278,0.168909668922424,-0.0302605424076319,0.980187594890594
710.499877929688,-0.277365565299988,-0.400913923978806,-0.139890134334564,10.6230363845825,19.6258010864258,358.740020751953,0.0893450155854225,0.170692220330238,-0.0265637803822756,0.980905711650848
711.033203125,-0.272658914327621,-0.400313019752502,-0.146195128560066,10.4632453918457,20.0182132720947,358.174224853516,0.0870254784822464,0.174489349126816,-0.0314702652394772,0.980300784111023
711.534423828125,-0.269128441810608,-0.399889439344406,-0.150656849145889,10.5068359375,19.8948173522949,357.586364746094,0.0865416154265404,0.173879787325859,-0.0364707112312317,0.980278670787811
712.054870605469,-0.266663521528244,-0.400450944900513,-0.151501908898354,11.063606262207,19.9949932098389,357.373504638672,0.0909493044018745,0.17492701113224,-0.0391961820423603,0.979587912559509
712.621520996094,-0.271249324083328,-0.401623129844666,-0.152101770043373,11.1444969177246,19.5687980651855,357.695739746094,0.0922682210803032,0.171027943491936,-0.0362190678715706,0.980267405509949
713.146606445313,-0.268352627754211,-0.402836829423904,-0.149628043174744,11.6222362518311,19.5856094360352,357.587463378906,0.0961897671222687,0.171274602413177,-0.0378556214272976,0.979785442352295
713.678283691406,-0.266827404499054,-0.403118193149567,-0.149091869592667,11.7605285644531,19.7572422027588,357.511444091797,0.0972012653946877,0.172810271382332,-0.0388527847826481,0.97937685251236
714.213989257813,-0.266497373580933,-0.403192907571793,-0.148766666650772,11.885594367981,19.4581661224365,357.570404052734,0.0984600856900215,0.170207157731056,-0.0382758229970932,0.97972959280014
714.754150390625,-0.266828179359436,-0.403798311948776,-0.148054882884026,11.9756669998169,19.3302764892578,357.721008300781,0.0994956716895103,0.168985679745674,-0.0370078422129154,0.979885160923004
715.287231445313,-0.2664874792099,-0.404598027467728,-0.146887853741646,12.1307153701782,19.3904056549072,357.760681152344,0.10086153447628,0.169467344880104,-0.0369444340467453,0.97966468334198
715.822509765625,-0.265125811100006,-0.404796898365021,-0.145774513483047,12.2544326782227,19.559289932251,357.675262451172,0.101737633347511,0.170988067984581,-0.0380032137036324,0.97926926612854
716.339599609375,-0.263522416353226,-0.404917180538177,-0.145636156201363,12.3367147445679,19.6625347137451,357.49462890625,0.102135822176933,0.172032684087753,-0.0397585406899452,0.978975176811218
716.866638183594,-0.26481831073761,-0.405451029539108,-0.144992500543594,12.4985218048096,19.6620693206787,357.772003173828,0.103935480117798,0.171781778335571,-0.0376250296831131,0.978914141654968
717.401916503906,-0.265803039073944,-0.405077934265137,-0.145504623651505,12.4760723114014,19.7752437591553,357.884582519531,0.103876076638699,0.172646462917328,-0.036732941865921,0.978802144527435
718.001953125,-0.263623654842377,-0.40551421046257,-0.146103754639626,12.411150932312,19.9622001647949,357.53759765625,0.102733142673969,0.174555420875549,-0.0397688001394272,0.978465557098389
718.518676757813,-0.266517370939255,-0.404774487018585,-0.147311478853226,12.2950601577759,20.0880107879639,358.222320556641,0.102745048701763,0.175016477704048,-0.0338616333901882,0.978604197502136
719.040893554688,-0.269117772579193,-0.404641509056091,-0.148319825530052,12.2850112915039,20.1094570159912,358.46728515625,0.103027142584324,0.174980103969574,-0.0317737460136414,0.97865104675293
719.561706542969,-0.26989009976387,-0.405928641557693,-0.145824700593948,12.6393842697144,19.9207248687744,358.450927734375,0.106082983314991,0.173365607857704,-0.0322709046304226,0.978595614433289
720.097595214844,-0.26837569475174,-0.406220316886902,-0.146261885762215,12.8076953887939,19.9117126464844,358.126037597656,0.10703182965517,0.173584088683128,-0.0352866500616074,0.978349447250366
720.624816894531,-0.267782717943192,-0.406664997339249,-0.14599198102951,12.9124250411987,19.950065612793,358.047637939453,0.107795611023903,0.173982217907906,-0.0361474938690662,0.978163421154022
721.129516601563,-0.266925066709518,-0.406837493181229,-0.145735383033752,13.0280866622925,19.8075275421143,357.943420410156,0.108671493828297,0.172861471772194,-0.0370734259486198,0.978230535984039
721.645080566406,-0.266500145196915,-0.407573729753494,-0.144394487142563,13.2271957397461,19.6119518280029,357.972320556641,0.110479027032852,0.1711605489254,-0.0369317680597305,0.97833251953125
722.171020507813,-0.268443316221237,-0.405970215797424,-0.147714868187904,12.6138505935669,19.5176982879639,358.09423828125,0.105448074638844,0.17025300860405,-0.0349083691835403,0.979120075702667
722.693664550781,-0.269945472478867,-0.405744850635529,-0.147512599825859,12.5045747756958,19.4502220153809,358.235504150391,0.104743272066116,0.169549539685249,-0.0334805436432362,0.979367613792419
723.206665039063,-0.268569320440292,-0.40589764714241,-0.146872147917747,12.5780925750732,19.6445541381836,358.155151367188,0.10519477725029,0.171281665563583,-0.0344522260129452,0.978983998298645
723.730102539063,-0.268203407526016,-0.406254976987839,-0.145263895392418,12.4234552383423,20.4910106658936,358.624725341797,0.104347765445709,0.178087174892426,-0.0309847071766853,0.977975726127625
724.256286621094,-0.270961582660675,-0.406862914562225,-0.145262598991394,12.7608652114868,20.1283226013184,358.535095214844,0.107190541923046,0.175053015351295,-0.031927078962326,0.978185713291168
724.807250976563,-0.27068018913269,-0.406634360551834,-0.146237224340439,12.7966537475586,20.179105758667,358.480926513672,0.107399068772793,0.1755351126194,-0.0324907451868057,0.978057861328125
725.365112304688,-0.269940257072449,-0.406364232301712,-0.147961765527725,12.8000173568726,20.2365112304688,358.25830078125,0.107069291174412,0.176233187317848,-0.0344496555626392,0.977901458740234
725.905700683594,-0.270110785961151,-0.406214147806168,-0.14795771241188,12.6774959564209,20.1672210693359,358.226470947266,0.105994939804077,0.175676181912422,-0.0344722792506218,0.978117942810059
726.429077148438,-0.269537597894669,-0.406111180782318,-0.147317230701447,12.649266242981,20.051586151123,358.191040039063,0.105734497308731,0.174722760915756,-0.0346256271004677,0.978311419487
726.959350585938,-0.269323617219925,-0.405345439910889,-0.148376673460007,12.3870677947998,20.3188743591309,358.281036376953,0.103553220629692,0.176931589841843,-0.0337066017091274,0.97817987203598
727.481262207031,-0.269131809473038,-0.406468778848648,-0.146411374211311,12.8107376098633,20.2573394775391,358.2841796875,0.107194408774376,0.176386296749115,-0.0342644937336445,0.977866649627686
728.022766113281,-0.268924564123154,-0.407616555690765,-0.14640848338604,13.2051944732666,20.3931064605713,358.29638671875,0.11053941398859,0.177514344453812,-0.0348869748413563,0.977267920970917
728.546325683594,-0.268018126487732,-0.407598882913589,-0.146211892366409,13.2797784805298,20.1995010375977,358.116271972656,0.110958285629749,0.176033899188042,-0.0363487750291824,0.977434933185577
729.088745117188,-0.26704803109169,-0.407614469528198,-0.145867347717285,13.3165149688721,20.139087677002,357.994293212891,0.111104153096676,0.175635576248169,-0.0373857319355011,0.977450907230377
729.6494140625,-0.267908155918121,-0.407862633466721,-0.145408615469933,13.3315410614014,20.0526866912842,358.036010742188,0.111324220895767,0.174857646226883,-0.0369686186313629,0.977581262588501
730.173583984375,-0.267623871564865,-0.405994564294815,-0.14655664563179,12.3291702270508,20.4391708374023,358.080841064453,0.102712258696556,0.178140342235565,-0.0354357250034809,0.977988004684448
730.718872070313,-0.267797589302063,-0.406717598438263,-0.146790862083435,12.7657899856567,20.3375434875488,357.930633544922,0.106239847838879,0.177401274442673,-0.0372878089547157,0.977676570415497
731.31884765625,-0.266378968954086,-0.405325889587402,-0.146902292966843,12.0527601242065,21.195384979248,358.013549804688,0.100009717047215,0.184656739234924,-0.0362496897578239,0.977029144763947
731.842712402344,-0.265036195516586,-0.403818249702454,-0.148502886295319,11.1282424926758,22.198055267334,358.299865722656,0.0922931134700775,0.192988783121109,-0.033153023570776,0.976287961006165
732.375183105469,-0.264896512031555,-0.404781937599182,-0.147863790392876,11.7982950210571,21.8666038513184,358.161224365234,0.0978720039129257,0.190256655216217,-0.0351618081331253,0.976210594177246
732.9013671875,-0.264619618654251,-0.405836075544357,-0.146431803703308,12.2906532287598,21.7921867370605,358.225433349609,0.102197751402855,0.189547553658485,-0.0353520326316357,0.975898325443268
733.436767578125,-0.265751034021378,-0.406262040138245,-0.146821081638336,12.508939743042,21.342414855957,358.200622558594,0.104156889021397,0.18572898209095,-0.0355095118284225,0.976419568061829
733.95751953125,-0.265947699546814,-0.406789511442184,-0.146410375833511,12.7961282730103,21.2669792175293,358.217315673828,0.106655865907669,0.185058102011681,-0.0357540212571621,0.976268231868744
734.48291015625,-0.265806347131729,-0.407060235738754,-0.146844774484634,12.939772605896,21.276948928833,358.139312744141,0.107751168310642,0.185209572315216,-0.0366555862128735,0.976085782051086
735.004699707031,-0.265697479248047,-0.407336980104446,-0.146208316087723,13.0851230621338,21.1985454559326,358.139526367188,0.109015576541424,0.184535160660744,-0.036809504032135,0.976067364215851
735.537475585938,-0.26645839214325,-0.407554805278778,-0.145240604877472,13.2107725143433,20.8727626800537,358.302917480469,0.110450327396393,0.181596830487251,-0.0353023894131184,0.976512730121613
736.066284179688,-0.266021847724915,-0.408299714326859,-0.144893273711205,13.4135808944702,20.7892112731934,358.250915527344,0.112123347818851,0.180924296379089,-0.0359792113304138,0.976422190666199
736.581787109375,-0.266932129859924,-0.408934712409973,-0.144514471292496,13.574031829834,20.5703372955322,358.299072265625,0.113635562360287,0.179002717137337,-0.0356002524495125,0.976615428924561
737.109558105469,-0.267397731542587,-0.408903479576111,-0.144632071256638,13.5093154907227,20.2869606018066,358.205780029297,0.113027282059193,0.176682665944099,-0.0360167771577835,0.977093040943146
737.633666992188,-0.266244977712631,-0.409143269062042,-0.144639492034912,13.6246500015259,20.4368133544922,358.083862304688,0.113774463534355,0.178075760602951,-0.0373792946338654,0.976702213287354
738.154846191406,-0.265587836503983,-0.409197419881821,-0.144963562488556,13.705005645752,20.4637413024902,358.004211425781,0.114327073097229,0.178381413221359,-0.0382069908082485,0.976549863815308
738.68603515625,-0.265498489141464,-0.40931311249733,-0.144128635525703,13.7690277099609,20.3850364685059,357.970458984375,0.114846989512444,0.177742168307304,-0.0385131537914276,0.976593375205994
739.236267089844,-0.265725612640381,-0.410092175006866,-0.143200144171715,13.9633026123047,20.2754955291748,358.067077636719,0.116689845919609,0.176703557372093,-0.0378726348280907,0.976588487625122
739.779296875,-0.265988826751709,-0.409844189882278,-0.144114702939987,13.717999458313,20.4340229034424,358.083038330078,0.114570312201977,0.178048893809319,-0.0375253036618233,0.976608455181122
740.279418945313,-0.264809876680374,-0.409261763095856,-0.145332500338554,13.6099853515625,20.6766815185547,357.828491210938,0.113169260323048,0.180373102426529,-0.0397705025970936,0.976256430149078
740.815063476563,-0.265025705099106,-0.409248352050781,-0.145287364721298,13.7284383773804,20.5379695892334,357.804779052734,0.11419041454792,0.179212048649788,-0.0400159992277622,0.976341307163239
741.342590332031,-0.264702916145325,-0.409555077552795,-0.144844800233841,13.8009405136108,20.5388126373291,357.863952636719,0.11490086466074,0.179158270359039,-0.0396232903003693,0.976283848285675
741.878845214844,-0.264484286308289,-0.410074830055237,-0.144239291548729,13.9591369628906,20.4415168762207,357.850860595703,0.116263039410114,0.17833811044693,-0.0398774892091751,0.976262390613556
742.392333984375,-0.264972150325775,-0.410136073827744,-0.144606500864029,13.8452577590942,20.5655078887939,357.952117919922,0.115407437086105,0.179295718669891,-0.0389667972922325,0.976225256919861
742.928405761719,-0.265069335699081,-0.410756796598434,-0.14413794875145,14.0705842971802,20.5500583648682,357.930725097656,0.117300175130367,0.179177716374397,-0.0394772924482822,0.976000845432281
743.471435546875,-0.26471745967865,-0.410283774137497,-0.144622474908829,13.9207382202148,20.6158008575439,357.862976074219,0.115893982350826,0.179811596870422,-0.039892140775919,0.976035356521606
743.982177734375,-0.264425814151764,-0.410480588674545,-0.144260928034782,13.9537029266357,20.7027053833008,357.906280517578,0.116212844848633,0.180506840348244,-0.0396620556712151,0.975878477096558
744.526733398438,-0.263487666845322,-0.411037117242813,-0.143971621990204,14.2735242843628,20.5832939147949,357.783905029297,0.118788301944733,0.179605320096016,-0.0410714782774448,0.975676357746124
745.039855957031,-0.263156443834305,-0.410328328609467,-0.149730011820793,14.1354608535767,20.3919200897217,357.599700927734,0.117393486201763,0.178168162703514,-0.0422333404421806,0.976059019565582
745.563781738281,-0.264372587203979,-0.409963726997375,-0.14911076426506,13.9682540893555,20.5174407958984,357.779022216797,0.116202138364315,0.179057523608208,-0.0405801460146904,0.976108968257904
746.097534179688,-0.269052684307098,-0.40807569026947,-0.149749040603638,13.2793855667114,18.2498092651367,356.823455810547,0.109752111136913,0.16062730550766,-0.0455123446881771,0.979837775230408
746.630737304688,-0.257616519927979,-0.399373441934586,-0.159798726439476,9.99759006500244,23.7472705841064,357.345642089844,0.0805000960826874,0.20689132809639,-0.0405032895505428,0.974204897880554
747.167785644531,-0.247369974851608,-0.3930983543396,-0.167158782482147,7.43624639511108,27.3751831054688,356.197052001953,0.0551366284489632,0.238090232014656,-0.0475070104002953,0.968512296676636
747.735961914063,-0.262714385986328,-0.403577983379364,-0.15089438855648,11.6958465576172,21.4357490539551,356.900756835938,0.0950712636113167,0.187644928693771,-0.0453743562102318,0.976571559906006
748.301940917969,-0.263162553310394,-0.405634552240372,-0.148131728172302,12.4420261383057,20.6092071533203,356.939331054688,0.10182897746563,0.180611774325371,-0.0454980693757534,0.977210402488708
748.822631835938,-0.265180915594101,-0.406308948993683,-0.147126451134682,12.6473960876465,20.148796081543,357.178314208984,0.104133538901806,0.176479861140251,-0.0433556735515594,0.977819681167603
749.360717773438,-0.266177415847778,-0.407317161560059,-0.14566795527935,12.9722661972046,20.0302467346191,357.343719482422,0.107206411659718,0.175326928496361,-0.0423188582062721,0.977740466594696
749.88525390625,-0.26591682434082,-0.408073544502258,-0.145149871706963,13.2843103408813,20.0308895111084,357.449401855469,0.110032372176647,0.175238639116287,-0.0418813563883305,0.977461099624634
750.406616210938,-0.265939474105835,-0.408502370119095,-0.144653871655464,13.3953685760498,20.0852832794189,357.545989990234,0.111108623445034,0.175610467791557,-0.0412752106785774,0.977298438549042
750.932067871094,-0.265552699565887,-0.409556269645691,-0.143026888370514,13.675986289978,20.0839424133301,357.548828125,0.113508507609367,0.175597220659256,-0.0416675470769405,0.97700834274292
751.471801757813,-0.264986753463745,-0.409894913434982,-0.142991587519646,13.7079372406006,19.9017200469971,357.467468261719,0.113723777234554,0.174124225974083,-0.042227890342474,0.977222859859467
752.012451171875,-0.267034262418747,-0.409525662660599,-0.142569541931152,13.6429090499878,19.4218845367432,357.526000976563,0.113430924713612,0.169971957802773,-0.0411583557724953,0.978033244609833
752.549194335938,-0.267910897731781,-0.409728407859802,-0.141943976283073,13.5968942642212,19.1977081298828,357.719696044922,0.11340194940567,0.167866259813309,-0.0392167791724205,0.97847992181778
753.073913574219,-0.268212586641312,-0.410732835531235,-0.14052078127861,13.8132209777832,19.2306308746338,357.893005371094,0.115493193268776,0.167972087860107,-0.0380786806344986,0.97826212644577
753.618286132813,-0.268586069345474,-0.41061207652092,-0.141337856650352,13.8950510025024,19.3995265960693,357.830749511719,0.116043828427792,0.16947515308857,-0.0388978347182274,0.97790539264679
754.144714355469,-0.267803311347961,-0.411257028579712,-0.140881851315498,14.0794172286987,19.4699630737305,357.787994384766,0.117530696094036,0.170116752386093,-0.0396002903580666,0.977588176727295
754.664001464844,-0.266181379556656,-0.411218643188477,-0.139970436692238,14.0163564682007,19.4076766967773,357.536651611328,0.116641461849213,0.169842541217804,-0.0415900871157646,0.977659702301025
755.20458984375,-0.267697960138321,-0.411212980747223,-0.13974604010582,13.9191131591797,19.2789516448975,357.788757324219,0.116228483617306,0.168488323688507,-0.0391685292124748,0.97804319858551
755.768859863281,-0.269012987613678,-0.411619395017624,-0.139939203858376,14.0421905517578,19.2748603820801,357.950012207031,0.117518059909344,0.168286606669426,-0.0379642099142075,0.977971315383911
756.309448242188,-0.265563011169434,-0.410317718982697,-0.143316730856895,13.6836271286011,19.9733085632324,357.436248779297,0.1134422570467,0.174765408039093,-0.0425292365252972,0.977128028869629
756.836853027344,-0.262193143367767,-0.401492744684219,-0.151226505637169,10.2622528076172,20.8741512298584,356.673400878906,0.0826814025640488,0.182906597852707,-0.044626347720623,0.978630423545837
757.366027832031,-0.261131167411804,-0.39540308713913,-0.15914398431778,8.24875354766846,19.9184913635254,356.120330810547,0.0649582892656326,0.174798771739006,-0.045685239136219,0.98139625787735
757.898071289063,-0.24791057407856,-0.392482042312622,-0.177352398633957,7.86874341964722,20.6736717224121,354.710479736328,0.0591680519282818,0.181935846805573,-0.0575860999524593,0.979837894439697
758.425231933594,-0.252802759408951,-0.396386861801147,-0.186616376042366,8.87073612213135,21.4298686981201,355.056732177734,0.0679215416312218,0.188470378518105,-0.0566108785569668,0.978090405464172
758.961547851563,-0.260817617177963,-0.396783590316772,-0.182719156146049,8.80090808868408,20.0058250427246,355.93896484375,0.0693768486380577,0.175754696130753,-0.0481093227863312,0.980807185173035
759.492309570313,-0.259423822164536,-0.398459106683731,-0.180289939045906,9.40654563903809,19.9116249084473,355.826934814453,0.0744336992502213,0.175132617354393,-0.0499063804745674,0.980457842350006
760.078857421875,-0.255546122789383,-0.399711757898331,-0.179324865341187,9.96877193450928,20.4198608398438,355.738098144531,0.0788832306861877,0.179642409086227,-0.0518464967608452,0.979192554950714
760.637878417969,-0.2550348341465,-0.400999873876572,-0.178009822964668,10.4114513397217,20.3632392883301,355.755645751953,0.0827231928706169,0.179226100444794,-0.0523246340453625,0.978926479816437
761.175476074219,-0.253838986158371,-0.401835530996323,-0.17680062353611,10.7214689254761,20.4548530578613,355.675872802734,0.0852068811655045,0.180122002959251,-0.0535409487783909,0.978483140468597
761.713623046875,-0.253026247024536,-0.402863919734955,-0.174280181527138,10.8625078201294,20.3864707946777,355.49072265625,0.0861544907093048,0.179702535271645,-0.0552833490073681,0.978380382061005
762.243713378906,-0.25082802772522,-0.404327601194382,-0.172009736299515,11.5447072982788,21.0038433074951,355.579132080078,0.091823473572731,0.185023546218872,-0.0560495369136333,0.976828098297119
762.773559570313,-0.249739825725555,-0.402295351028442,-0.171573102474213,10.4701070785522,22.4386653900146,355.855346679688,0.082433320581913,0.196863368153572,-0.0530628114938736,0.975517272949219
763.314086914063,-0.251896619796753,-0.402239829301834,-0.170333117246628,10.3910427093506,21.783130645752,355.956329345703,0.0822293013334274,0.19119468331337,-0.0516022257506847,0.976739585399628
763.877990722656,-0.253622651100159,-0.40299779176712,-0.16863739490509,10.7249479293823,21.4320163726807,356.093109130859,0.0854625552892685,0.188149899244308,-0.0507137142121792,0.977099776268005
764.411437988281,-0.254707247018814,-0.403052538633347,-0.167738363146782,10.6674013137817,21.3316516876221,356.316131591797,0.0853799358010292,0.187120139598846,-0.0486456006765366,0.977409839630127
764.942749023438,-0.255111038684845,-0.404051542282104,-0.166468799114227,11.0294857025146,21.1652317047119,356.261260986328,0.0884538367390633,0.185787379741669,-0.0495575554668903,0.977344930171967
765.504028320313,-0.255161255598068,-0.404960453510284,-0.164389282464981,11.4119215011597,21.1068840026855,356.399688720703,0.0919682905077934,0.185225561261177,-0.0489296987652779,0.977158784866333
766.0546875,-0.254870265722275,-0.405804097652435,-0.16293765604496,11.6294460296631,21.2513065338135,356.453704833984,0.0938509181141853,0.186435893177986,-0.0489272959530354,0.97674959897995
766.601928710938,-0.255023986101151,-0.406736612319946,-0.161862477660179,11.9978857040405,21.2295513153076,356.576416015625,0.0972034707665443,0.186182826757431,-0.0484426058828831,0.976494133472443
767.137268066406,-0.255537807941437,-0.407233834266663,-0.161244004964828,12.1721181869507,21.0571250915527,356.617218017578,0.0988287627696991,0.184693291783333,-0.0482201017439365,0.976624846458435
767.713256835938,-0.25513544678688,-0.407602488994598,-0.160738244652748,12.2906179428101,20.9294986724854,356.583648681641,0.0998399034142494,0.18364454805851,-0.0485795252025127,0.976701974868774
768.238586425781,-0.256309241056442,-0.407909959554672,-0.159210726618767,12.4184770584106,20.592565536499,356.685943603516,0.101235240697861,0.180692747235298,-0.0476080998778343,0.977156579494476
768.798034667969,-0.256018757820129,-0.408144503831863,-0.158445060253143,12.4343633651733,20.6631469726563,356.725372314453,0.101403892040253,0.181260943412781,-0.0473585315048695,0.977046012878418
769.324157714844,-0.258019387722015,-0.408785164356232,-0.157504692673683,12.5204334259033,20.5036182403564,356.937133789063,0.102536834776402,0.179717868566513,-0.0455420762300491,0.977299153804779
769.887634277344,-0.257744133472443,-0.409353017807007,-0.156363323330879,12.7410297393799,20.5635375976563,356.950927734375,0.104417718946934,0.18022882938385,-0.0458137989044189,0.976993203163147
770.428833007813,-0.257622390985489,-0.410067230463028,-0.155708193778992,12.9298868179321,20.640266418457,357.014739990234,0.106099292635918,0.180833801627159,-0.045628409832716,0.976708829402924
770.968994140625,-0.257090449333191,-0.410121560096741,-0.153458684682846,12.9092988967896,20.7265510559082,357.053100585938,0.105950035154819,0.181532770395279,-0.0453497767448425,0.976608335971832
771.568969726563,-0.256856918334961,-0.409596621990204,-0.155183300375938,12.7361860275269,20.9578685760498,356.993225097656,0.104285903275013,0.183551043272018,-0.0458048805594444,0.976388990879059
772.156799316406,-0.256846487522125,-0.410726130008698,-0.152941212058067,13.0661706924438,20.9342708587646,357.142883300781,0.107349097728729,0.183225005865097,-0.0450199246406555,0.976154685020447
772.697875976563,-0.255871951580048,-0.410001993179321,-0.155176758766174,12.9913539886475,21.0090618133545,357.034210205078,0.106507293879986,0.183960765600204,-0.0458994321525097,0.97606760263443
773.23095703125,-0.255748987197876,-0.411666691303253,-0.152173027396202,13.4123678207397,20.9121074676514,357.075531005859,0.110201977193356,0.183111399412155,-0.046108789741993,0.975807249546051
773.800231933594,-0.256151795387268,-0.412403255701065,-0.151650905609131,13.6687364578247,20.9440021514893,357.042785644531,0.112321883440018,0.183422893285751,-0.0468152053654194,0.975473284721375
774.328369140625,-0.256433725357056,-0.412577450275421,-0.151214316487312,13.7524003982544,20.9020652770996,357.063934326172,0.113085851073265,0.183047607541084,-0.0467231720685959,0.97545999288559
774.868286132813,-0.256803870201111,-0.412615984678268,-0.150698438286781,13.8635911941528,20.7859134674072,357.111328125,0.114156134426594,0.182014852762222,-0.046375934034586,0.975545167922974
775.414794921875,-0.256912618875504,-0.413520395755768,-0.148988738656044,14.0417280197144,20.6787662506104,357.243438720703,0.115926504135132,0.180973470211029,-0.0454167649149895,0.97557520866394
775.954162597656,-0.257420152425766,-0.413829922676086,-0.148600682616234,14.1657209396362,20.6464385986328,357.335083007813,0.117140553891659,0.180606186389923,-0.0447929762303829,0.975527107715607
776.486999511719,-0.257708638906479,-0.413946747779846,-0.14843787252903,14.2100715637207,20.5227565765381,357.315307617188,0.117535844445229,0.179573729634285,-0.0449021980166435,0.975665092468262
777.066711425781,-0.257209092378616,-0.41415011882782,-0.147808715701103,14.3059730529785,20.5565929412842,357.281311035156,0.118286535143852,0.179897546768188,-0.0453720912337303,0.975493013858795
777.597595214844,-0.257452875375748,-0.41443258523941,-0.147780433297157,14.4298782348633,20.4632396697998,357.323974609375,0.119446106255054,0.179059386253357,-0.0450999885797501,0.975518524646759
778.1572265625,-0.256673514842987,-0.414046138525009,-0.147592410445213,14.2661018371582,20.5151519775391,357.171661376953,0.117791272699833,0.179657191038132,-0.0462023615837097,0.975558221340179
778.705627441406,-0.257389098405838,-0.414088606834412,-0.147868007421494,14.1917152404785,20.4290027618408,357.311889648438,0.117410764098167,0.178778767585754,-0.0448073297739029,0.975830495357513
779.259765625,-0.257346928119659,-0.414276957511902,-0.148151159286499,14.2501792907715,20.2998542785645,357.255920410156,0.117872841656208,0.177737042307854,-0.0452394336462021,0.975945174694061
779.807861328125,-0.25719690322876,-0.415603369474411,-0.14613650739193,14.7444629669189,19.9268169403076,357.306243896484,0.122311599552631,0.174512147903442,-0.0451543480157852,0.975984871387482
780.349060058594,-0.255977243185043,-0.414665549993515,-0.148224338889122,14.4853219985962,20.2042751312256,357.06787109375,0.119624853134155,0.177122488617897,-0.04709342867136,0.975755989551544
780.888916015625,-0.25728902220726,-0.412528038024902,-0.147554486989975,13.6025667190552,20.5491542816162,357.280181884766,0.112291023135185,0.179826080799103,-0.0443050712347031,0.976263463497162
781.452697753906,-0.25801482796669,-0.413650214672089,-0.145903781056404,13.9315052032471,20.4291400909424,357.313232421875,0.115194283425808,0.17877584695816,-0.0444029085338116,0.976113677024841
782.007751464844,-0.258141398429871,-0.414220064878464,-0.146127671003342,14.0923223495483,20.3559246063232,357.339111328125,0.116634175181389,0.178127720952034,-0.0443511158227921,0.97606348991394
782.5576171875,-0.25676241517067,-0.415381252765656,-0.145409032702446,14.4708080291748,20.5301189422607,357.277038574219,0.119694970548153,0.179677873849869,-0.0456311739981174,0.975349545478821
783.149169921875,-0.257222175598145,-0.41396689414978,-0.145984411239624,13.8417482376099,19.7662563323975,357.111724853516,0.114378429949284,0.173326000571251,-0.0453229397535324,0.977149665355682
783.729064941406,-0.255621165037155,-0.413024842739105,-0.147916242480278,13.3781099319458,21.0470886230469,357.347686767578,0.110292948782444,0.183998182415962,-0.0438678041100502,0.975733458995819
784.260864257813,-0.25461333990097,-0.413126587867737,-0.147212117910385,13.4199886322021,21.1873435974121,357.276550292969,0.110481046140194,0.185261338949203,-0.0446740947663784,0.975436508655548
784.794006347656,-0.253904759883881,-0.413914620876312,-0.146709635853767,13.7168636322021,21.1853809356689,357.267120361328,0.112995937466621,0.185257777571678,-0.0452180467545986,0.975124001502991
785.339477539063,-0.254889249801636,-0.414662629365921,-0.146680876612663,14.1075592041016,20.8372707366943,357.311065673828,0.116532072424889,0.182254731655121,-0.0451027676463127,0.975279092788696
785.899291992188,-0.255310773849487,-0.415065914392471,-0.145983666181564,14.1722249984741,20.8895702362061,357.444152832031,0.117274448275566,0.182564079761505,-0.0441234484314919,0.975176990032196
786.449035644531,-0.254876762628555,-0.41513991355896,-0.146076336503029,14.1765403747559,20.8796520233154,357.396575927734,0.117239266633987,0.182528346776962,-0.0445247888565063,0.975169658660889
787.009948730469,-0.251278966665268,-0.410980671644211,-0.148912668228149,11.9665355682373,23.9457569122314,358.424133300781,0.0991235673427582,0.207701295614243,-0.0350011922419071,0.97252744436264
787.560546875,-0.249653980135918,-0.413261443376541,-0.148800641298294,13.4573316574097,22.5231304168701,357.549530029297,0.110738329589367,0.196355953812599,-0.0437029115855694,0.973278701305389
788.1474609375,-0.251056402921677,-0.414909899234772,-0.148529008030891,14.0951805114746,21.762077331543,357.314544677734,0.116064734756947,0.190116167068481,-0.04599229991436,0.973791360855103
788.715637207031,-0.253275871276855,-0.414563715457916,-0.148849532008171,13.9259967803955,21.6663932800293,357.51708984375,0.114997863769531,0.189100101590157,-0.043902263045311,0.97421211