Seconds,PositionX,PositionY,PositionZ,RotationX,RotationY,RotationZ,QuatX,QuatY,QuatZ,QuatW
3.68216252326965,-0.0712314546108246,0.000686573097482324,0.00135963596403599,9.1335916519165,18.9147567749023,3.04987549781799,0.0828700810670853,0.161644116044044,0.0130887487903237,0.9832763671875
4.198401927948,-0.0797510370612144,0.00374041637405753,0.00325272069312632,8.34029769897461,13.710301399231,2.85574388504028,0.0751426964998245,0.117207653820515,0.0159978736191988,0.990131318569183
4.73952484130859,-0.0807479619979858,0.00449864892289042,0.00162273040041327,7.77180528640747,13.1045875549316,3.07514309883118,0.0703577101230621,0.112000100314617,0.0188654847443104,0.991034746170044
5.26393270492554,-0.0752241834998131,0.0012988499365747,0.0128217032179236,9.46355819702148,13.765477180481,3.67574834823608,0.0856849402189255,0.116741329431534,0.0218513272702694,0.989217936992645
5.79791450500488,-0.0701443329453468,-0.000779190158937126,0.0196595638990402,10.2718105316162,12.7675924301147,3.66451144218445,0.0924586951732635,0.10784038901329,0.0216993391513824,0.989621639251709
6.33305931091309,-0.0716268569231033,-0.00130232004448771,0.0253524277359247,10.2886781692505,12.4932794570923,4.22844314575195,0.0930699929594994,0.105008259415627,0.026775311678648,0.989744603633881
6.85621500015259,-0.0734872072935104,-0.00187670066952705,0.025477834045887,10.7846069335938,12.6280241012573,4.24673271179199,0.0973971635103226,0.105954766273499,0.0263355504721403,0.989239037036896
7.38428163528442,-0.0735085308551788,-0.00270299450494349,0.0256433971226215,11.1680316925049,12.5076017379761,4.10106515884399,0.100543476641178,0.104885511100292,0.0248062461614609,0.989077746868134
7.89060878753662,-0.0733312666416168,-0.0026885075494647,0.0258954428136349,11.1728448867798,12.1562423706055,4.10989093780518,0.100516311824322,0.101842664182186,0.0251860488206148,0.989388823509216
8.42001914978027,-0.0807565003633499,-0.00211329152807593,0.0282229203730822,11.0211458206177,9.31232738494873,4.53595542907715,0.0988350957632065,0.0769498497247696,0.0314712859690189,0.991624891757965
8.94544219970703,-0.102710790932178,0.00575729925185442,0.024356834590435,6.8611536026001,357.569366455078,5.81226062774658,0.0586752817034721,-0.024177722632885,0.051865104585886,0.996635675430298
9.47619819641113,-0.0837198048830032,0.0051792929880321,0.0218686554580927,7.18884944915771,6.97148513793945,4.14346694946289,0.0647301524877548,0.0583786778151989,0.0322035513818264,0.99567312002182
9.99167346954346,-0.0862188786268234,0.00511514022946358,0.0195666253566742,7.13056468963623,7.12884330749512,4.40244817733765,0.0644029751420021,0.0596207790076733,0.0343973748385906,0.995547294616699
10.5048656463623,-0.0868161544203758,0.00479299761354923,0.0189407356083393,7.25743722915649,7.7066125869751,4.30237865447998,0.0656206458806992,0.0646498501300812,0.0331262946128845,0.995196938514709
11.0253562927246,-0.0883261933922768,0.00420343037694693,0.0191227775067091,7.49725866317749,7.48147535324097,4.39828205108643,0.0676900669932365,0.0625508427619934,0.0339468345046043,0.995164930820465
11.5531349182129,-0.0872864201664925,0.00307582598179579,0.0223226249217987,8.03246307373047,7.55194568634033,4.31060171127319,0.072308212518692,0.0630189329385757,0.0328252352774143,0.994848072528839
12.0639991760254,-0.0845524445176125,0.00278054689988494,0.0253439825028181,8.15959167480469,7.26812314987183,4.18252468109131,0.0732624605298042,0.0605901107192039,0.0318191647529602,0.994961798191071
12.5816602706909,-0.0807916596531868,0.00279985181987286,0.0252777151763439,8.25448608398438,8.0127592086792,4.19148111343384,0.0742961838841438,0.067014217376709,0.0313603244721889,0.994487643241882
13.1201829910278,-0.0863537788391113,0.00191844580695033,0.0270550660789013,8.54768848419189,7.68378257751465,4.67854070663452,0.0770213007926941,0.0637264549732208,0.035622488707304,0.99435293674469
13.6762437820435,-0.100992113351822,0.00308065908029675,0.0274965148419142,7.83605432510376,357.774108886719,2.37732291221619,0.067899614572525,-0.0207909308373928,0.0220190733671188,0.997232437133789
14.1813726425171,-0.106682926416397,0.00665624625980854,0.0276840217411518,5.87902355194092,352.393005371094,2.84626150131226,0.0495076104998589,-0.0674979984760284,0.0281491689383984,0.996092677116394
14.6977405548096,-0.0824183970689774,0.0141620086506009,0.0190036166459322,2.5057201385498,7.40635585784912,3.87895250320435,0.0239920038729906,0.0637967884540558,0.0323536582291126,0.99714982509613
15.2097616195679,-0.0712102875113487,0.00592765212059021,0.015577919781208,6.61550664901733,10.6870069503784,1.90958750247955,0.0589896328747272,0.0920012518763542,0.0111908921971917,0.993947088718414
15.7281446456909,-0.0735970437526703,0.00198563071899116,0.0141590796411037,8.45543575286865,10.603856086731,1.72621715068817,0.0747850611805916,0.0910364538431168,0.00814693700522184,0.993002116680145
16.3087043762207,-0.0765818282961845,0.00926998723298311,0.0122699830681086,3.45261883735657,9.71979427337646,2.6794490814209,0.0319885946810246,0.0839561223983765,0.0207343436777592,0.995739996433258
16.8150062561035,-0.0733118057250977,0.007177141495049,0.0203129462897778,4.46274089813232,9.91106605529785,2.72939372062683,0.0408341251313686,0.085368774831295,0.0203468427062035,0.995304346084595
17.3209896087646,-0.0708242133259773,0.00470804981887341,0.0305181946605444,5.71295022964478,10.035343170166,3.25288772583008,0.0521026439964771,0.0859101042151451,0.0238821916282177,0.994652926921844
17.8947238922119,-0.0750790238380432,0.00283204484730959,0.0406278558075428,7.10915231704712,9.45096397399902,3.93088698387146,0.0645721629261971,0.0800557509064674,0.0290097929537296,0.994273602962494
18.414701461792,-0.0783318430185318,0.00425648549571633,0.0361316129565239,6.43404722213745,9.85268497467041,5.03108692169189,0.0596201233565807,0.0832030847668648,0.0388448648154736,0.993988811969757
18.9291248321533,-0.0824434608221054,0.00326172960922122,0.0392585024237633,7.02321004867554,9.67419242858887,5.78252792358398,0.065200187265873,0.0809790268540382,0.0450083836913109,0.993562161922455
19.4329528808594,-0.0814407169818878,0.00312811159528792,0.0383536741137505,7.17997455596924,10.6497116088867,5.74189233779907,0.066906675696373,0.0893814861774445,0.0439688488841057,0.992774486541748
19.9544506072998,-0.084019660949707,0.00371217261999846,0.0356473326683044,6.944580078125,10.5644340515137,5.90158939361572,0.0649591088294983,0.0886661037802696,0.045597217977047,0.992894530296326
20.4576072692871,-0.0859988182783127,0.00274464068934321,0.0345356240868568,7.27138376235962,11.2121858596802,5.43262720108032,0.0676582455635071,0.0943918004631996,0.0408815667033195,0.992391705513
20.969518661499,-0.083490252494812,0.00428881449624896,0.0288136787712574,6.40255498886108,10.6715059280396,5.07918214797974,0.0596611872315407,0.090291902422905,0.0388609506189823,0.993366897106171
21.5639839172363,-0.0827883407473564,0.00197094934992492,0.0384628623723984,6.91092348098755,9.45686721801758,4.892502784729,0.0635247826576233,0.0796444192528725,0.0374956429004669,0.994090259075165
22.1382751464844,-0.0763531401753426,0.00140630360692739,0.0394350998103619,7.18559312820435,10.1579246520996,4.57685327529907,0.0658972039818764,0.0857917219400406,0.0341517925262451,0.993544697761536
22.6939907073975,-0.0787215903401375,0.000403653830289841,0.0447430461645126,7.63927364349365,9.74672794342041,4.92291021347046,0.0699542164802551,0.0818361714482307,0.0370429195463657,0.993497371673584
23.2350902557373,-0.0758596733212471,-0.000620117876678705,0.0471154861152172,8.02633762359619,9.90128707885742,4.68427658081055,0.073184460401535,0.0831646323204041,0.034579798579216,0.993243157863617
23.8118286132813,-0.0763385966420174,-0.00124781928025186,0.0487106889486313,8.32966899871826,9.98235893249512,4.71773290634155,0.0758607983589172,0.0837212651968002,0.0345807261765003,0.992995500564575
24.3301315307617,-0.0808825716376305,-0.000747567508369684,0.0488931462168694,8.31680393218994,9.63185214996338,5.50285148620605,0.0761942714452744,0.080168679356575,0.0416266918182373,0.992992758750916
24.8477611541748,-0.0834378749132156,0.000457346206530929,0.0451729372143745,7.86519527435303,9.82994651794434,5.91542625427246,0.0726501271128654,0.0818359181284904,0.0454199649393559,0.992956221103668
25.3526573181152,-0.0833437144756317,0.000346481800079346,0.044793039560318,8.04676914215088,9.63823890686035,5.7217845916748,0.0740111619234085,0.0802092999219894,0.0437251031398773,0.993064403533936
25.8670215606689,-0.0815495997667313,0.00136967224534601,0.0412039645016193,7.58726024627686,9.742018699646,5.55918645858765,0.0699551925063133,0.081430122256279,0.0426015332341194,0.993307888507843
26.3784999847412,-0.0832707807421684,0.000714918598532677,0.0417470149695873,7.66376161575317,9.76214218139648,5.52249622344971,0.0705992951989174,0.0815911963582039,0.0422124713659286,0.993265688419342
26.8873138427734,-0.0863929912447929,0.000844056368805468,0.0409423783421516,7.69757699966431,10.204665184021,6.04031372070313,0.0714398473501205,0.0850884690880775,0.0463988184928894,0.992725253105164
27.39089012146,-0.0854766294360161,0.00172845099586993,0.0382305234670639,7.35420370101929,9.93712329864502,5.84035396575928,0.0682127177715302,0.0830636098980904,0.0451013930141926,0.993183434009552
27.9358367919922,-0.0829616785049438,0.000552170444279909,0.0424515157938004,7.93811511993408,9.84941005706787,5.63637447357178,0.0730894804000854,0.0821463987231255,0.0429329052567482,0.99300891160965
28.4800224304199,-0.0825516954064369,0.00120680732652545,0.0405572503805161,7.42038869857788,9.60574626922607,5.83168840408325,0.0686493813991547,0.080163985490799,0.0451732575893402,0.99338835477829
29.0080280303955,-0.0838737040758133,0.000712533481419086,0.0415331311523914,7.78483629226685,9.74909496307373,5.82813739776611,0.071860246360302,0.0812300890684128,0.0447765775024891,0.993092656135559
29.5107078552246,-0.083993211388588,0.00321719562634826,0.0330919921398163,6.40532732009888,10.0174913406372,4.96654605865479,0.0593792572617531,0.0846781954169273,0.0382217355072498,0.993902802467346
30.0112934112549,-0.0849868953227997,0.00272822007536888,0.0359053686261177,6.24349308013916,9.20122241973877,4.94612741470337,0.0576876625418663,0.0776736736297607,0.0385828800499439,0.994560360908508
30.5315990447998,-0.0794314369559288,0.00188866164535284,0.0386152416467667,6.67879676818848,10.0335712432861,4.8221755027771,0.0616485737264156,0.0847806558012962,0.0367473252117634,0.99381148815155
31.0921936035156,-0.0806014016270638,0.000828258460387588,0.0437697097659111,7.21520185470581,9.68519878387451,5.02080345153809,0.0663284137845039,0.0814243331551552,0.0382511466741562,0.993734121322632
31.6660270690918,-0.0818710848689079,0.000406547449529171,0.0454062707722187,7.6592845916748,9.77536582946777,5.2514328956604,0.0703719109296799,0.0818746089935303,0.0398581251502037,0.993355751037598
32.1711959838867,-0.0792139694094658,-0.00104305474087596,0.0484975725412369,8.21716594696045,9.83679389953613,5.20459413528442,0.0751921385526657,0.082187294960022,0.0389831624925137,0.993011474609375
32.734504699707,-0.0784311518073082,-0.00135073089040816,0.0503517128527164,8.38775825500488,9.60895347595215,5.22070837020874,0.0766033828258514,0.0801257938146591,0.0391431301832199,0.993065774440765
33.2446136474609,-0.0812491476535797,-0.000820663059130311,0.0481712147593498,8.05068492889404,9.58691787719727,5.55037832260132,0.0739060938358307,0.0798732787370682,0.0422697588801384,0.993162333965302
33.8051300048828,-0.0837350636720657,-0.00116716488264501,0.0515899509191513,8.33121490478516,9.34370422363281,5.83955717086792,0.0764420628547668,0.0774404630064964,0.0447256118059158,0.993055522441864
34.3094024658203,-0.0790766999125481,0.000144637189805508,0.0480188652873039,7.80642318725586,9.82605743408203,5.77859401702881,0.072041854262352,0.0819175988435745,0.0442822389304638,0.993045091629028
34.8665962219238,-0.0805452689528465,0.000469102058559656,0.0442274995148182,7.64193677902222,9.92673969268799,5.76627111434937,0.0706472620368004,0.0828779339790344,0.0442407429218292,0.993067443370819
35.3870582580566,-0.0855413675308228,0.00136607349850237,0.0392965562641621,7.28709745407104,10.2433433532715,6.05608558654785,0.0679131522774696,0.0856226459145546,0.0468422882258892,0.992906033992767
35.9521522521973,-0.0860970988869667,0.00361840799450874,0.0425269976258278,6.21457052230835,9.73557567596436,5.81940889358521,0.0582418069243431,0.0818810909986496,0.0459108501672745,0.993879079818726
36.5163764953613,-0.0727879106998444,-0.00471698772162199,0.0426050461828709,10.6960439682007,12.4728727340698,3.81720757484436,0.0962043851613998,0.105012811720371,0.0228446368128061,0.989542901515961
37.0270729064941,-0.074091412127018,-0.00450778286904097,0.0430187843739986,10.781268119812,12.037615776062,4.31532335281372,0.0972917228937149,0.100799672305584,0.0274325963109732,0.989758133888245
37.5829048156738,-0.0762592405080795,-0.00431824149563909,0.0456989444792271,10.5715169906616,11.7718963623047,4.8327054977417,0.0958610624074936,0.0981581956148148,0.0323215089738369,0.990015625953674
38.102466583252,-0.0761265233159065,-0.00319200055673718,0.0426317192614079,10.1677742004395,11.9347867965698,4.96562051773071,0.0925371646881104,0.0996383428573608,0.0337115228176117,0.990137696266174
38.6204147338867,-0.0794149413704872,-0.00374463992193341,0.0433585420250893,10.192964553833,11.4887104034424,5.19383001327515,0.0928133577108383,0.0955872088670731,0.0360212661325932,0.990429818630219
39.1933212280273,-0.0803752318024635,-0.00359928770922124,0.0430325604975224,10.1905679702759,11.5996913909912,5.32566976547241,0.0929385274648666,0.0964406430721283,0.0370729230344296,0.990296542644501
39.7190132141113,-0.0816806554794312,-0.00353875523433089,0.0435342527925968,10.1455297470093,11.27805519104,5.38527822494507,0.0924937948584557,0.0936341136693954,0.0378889553248882,0.990576565265656
40.2937698364258,-0.0801161304116249,-0.00373162282630801,0.0434815883636475,10.1750745773315,11.4559745788574,5.32904386520386,0.0927609652280807,0.0952032655477524,0.0372325964272022,0.990426898002625
40.8593063354492,-0.0798721686005592,-0.00360438507050276,0.044225912541151,10.2176866531372,11.2891702651978,5.47177219390869,0.093191385269165,0.093625083565712,0.0385633856058121,0.990486025810242
41.3638343811035,-0.0789716765284538,-0.00328565645031631,0.0445490442216396,10.0388708114624,11.3429222106934,5.45543098449707,0.0916516855359077,0.0941901728510857,0.0385383889079094,0.990577101707458
41.8662643432617,-0.0767824426293373,0.00354497320950031,0.0400523357093334,6.25927591323853,12.2464046478271,5.27640199661255,0.0591287575662136,0.103896118700504,0.0398808307945728,0.992027699947357
42.3691864013672,-0.0792394578456879,0.00803568307310343,0.0295781083405018,3.7216944694519,11.317120552063,5.26663112640381,0.0368075259029865,0.0969593524932861,0.0424974821507931,0.993699193000793
42.9369087219238,-0.0778804868459702,0.00998432282358408,0.0194306001067162,3.00710439682007,11.8559589385986,5.04188537597656,0.0306144375354052,0.101994857192039,0.0410269983112812,0.993466973304749
43.5357704162598,-0.07984609156847,0.0106401704251766,0.0163437705487013,2.98040843009949,11.608118057251,5.55855417251587,0.0307441148906946,0.0997191369533539,0.0455968119204044,0.993494749069214
44.0565299987793,-0.0772201120853424,0.00696267932653427,0.0225063152611256,4.9297833442688,11.8913221359253,5.42949485778809,0.0476294718682766,0.101347215473652,0.0426152683794498,0.992796123027802
44.561408996582,-0.0732024908065796,0.00593948364257813,0.0291295200586319,5.34868192672729,11.5800914764404,5.07500839233398,0.0508371293544769,0.0986195504665375,0.0392969660460949,0.99304860830307
45.0651550292969,-0.0693473219871521,0.0059945210814476,0.0301960799843073,5.53921175003052,12.7779378890991,5.2951979637146,0.0531027875840664,0.108810797333717,0.0404811836779118,0.991817355155945
45.5747146606445,-0.0767088308930397,0.00744301080703735,0.026827733963728,4.83122968673706,11.5997123718262,5.93367004394531,0.0471016690135002,0.0986583530902863,0.0471936985850334,0.992885112762451
46.153678894043,-0.078352689743042,0.00656946608796716,0.0292763318866491,5.1541690826416,11.7052745819092,5.77614974975586,0.0498048402369022,0.0994840636849403,0.0454926379024982,0.99275016784668
46.6607246398926,-0.0751369297504425,0.00605705240741372,0.0290301404893398,5.45011901855469,11.8635454177856,5.58982038497925,0.0522659830749035,0.10079862177372,0.0435376353561878,0.992578685283661
47.2203178405762,-0.074186697602272,0.00495677860453725,0.0317384265363216,6.19520998001099,11.7438182830811,5.55154418945313,0.0586375966668129,0.0994323566555977,0.0425811670720577,0.992401957511902
47.8063354492188,-0.0747193843126297,0.00478627625852823,0.0341387614607811,6.14756679534912,11.3133125305176,5.83365631103516,0.0583001524209976,0.0955823138356209,0.0452871173620224,0.992680311203003
48.3099632263184,-0.0748407542705536,0.00375713780522346,0.035940408706665,6.79495620727539,11.2551803588867,6.02050018310547,0.0640360713005066,0.0946575552225113,0.0463662669062614,0.992365598678589
48.8764533996582,-0.0753338634967804,0.00407408829778433,0.0351719744503498,6.54499244689941,11.1721992492676,6.03020429611206,0.0618467777967453,0.0940598323941231,0.0467149950563908,0.992544949054718
49.382022857666,-0.0751001238822937,0.00168496905826032,0.0359055250883102,7.69482564926147,11.2876396179199,5.33906984329224,0.0712719112634659,0.094905860722065,0.039653405547142,0.992139518260956
49.9600868225098,-0.0771718844771385,0.00447722757235169,0.0327250733971596,6.5405478477478,11.3141508102417,5.87742805480957,0.0617390275001526,0.0953739210963249,0.045319102704525,0.992490947246552
50.4715423583984,-0.0790947154164314,0.00471898727118969,0.0319115556776524,6.21225786209106,11.2500667572021,5.84998750686646,0.0588488057255745,0.0949945077300072,0.0454040467739105,0.992699027061462
51.056583404541,-0.0812985375523567,0.00467325607314706,0.0294254962354898,6.18682384490967,11.085298538208,6.29633665084839,0.058927271515131,0.0933506265282631,0.0493775121867657,0.992660641670227
51.6272430419922,-0.0792009457945824,0.00459485687315464,0.0309004224836826,6.38589191436768,11.2469644546509,6.17323112487793,0.0606182813644409,0.094712033867836,0.0480531938374043,0.992494821548462
52.1989326477051,-0.0731779709458351,0.00399816408753395,0.0294951722025871,6.59336185455322,11.6568565368652,5.48281049728394,0.0619923584163189,0.0985296368598938,0.041669238358736,0.992326855659485
52.7667617797852,-0.0718175396323204,0.00451407907530665,0.0250044278800488,6.2545919418335,13.2821655273438,5.06294250488281,0.0592359825968742,0.112971067428589,0.0375033989548683,0.991121649742126
53.283935546875,-0.0753725171089172,0.00506877899169922,0.0242341905832291,6.10983657836914,13.1659936904907,5.35415649414063,0.0582309439778328,0.111881762742996,0.0402299650013447,0.991197884082794
53.7845001220703,-0.0747130587697029,0.00432100240141153,0.0277973227202892,6.41785049438477,12.9503221511841,5.50628042221069,0.0609640404582024,0.109794102609158,0.0413462519645691,0.991221070289612
54.2909507751465,-0.0734497085213661,0.00360176153481007,0.0303433071821928,6.79433059692383,12.7830743789673,5.41891241073608,0.0640759170055389,0.108218543231487,0.0403056964278221,0.991240859031677
54.8079681396484,-0.0734671056270599,0.00334368133917451,0.0307592079043388,6.86405420303345,12.8332834243774,5.42506456375122,0.0647021234035492,0.108616814017296,0.0402613282203674,0.991158425807953
55.3838081359863,-0.0744163915514946,0.00339537533000112,0.031571663916111,6.80117750167847,12.8088941574097,5.57685327529907,0.0642936006188393,0.108350187540054,0.0416505895555019,0.991156816482544
55.9532356262207,-0.0723600387573242,0.00299082743003964,0.033163595944643,6.85441160202026,12.7311000823975,5.54524850845337,0.0646957904100418,0.107669658958912,0.041368156671524,0.991216659545898
56.5131187438965,-0.071315623819828,0.00321293482556939,0.0347944125533104,6.90448999404907,12.5564832687378,5.59561920166016,0.065112292766571,0.106106646358967,0.041853554546833,0.991337537765503
57.0813903808594,-0.0737051144242287,0.00374812819063663,0.0332487635314465,6.64110612869263,12.636399269104,5.80836915969849,0.0630628019571304,0.106807298958302,0.0439074411988258,0.991305887699127
57.587158203125,-0.0737373530864716,0.00388705590739846,0.0337373577058315,6.50686693191528,12.870677947998,6.06684446334839,0.0622376352548599,0.108760073781013,0.0461482554674149,0.991043925285339
58.1021499633789,-0.0682000890374184,0.00414433237165213,0.0302076395601034,6.36207675933838,14.0981597900391,5.44967746734619,0.0608344003558159,0.11977381259203,0.0403053164482117,0.990115582942963
58.6349487304688,-0.0674459263682365,0.00441538589075208,0.0295249484479427,6.13793230056763,14.1547231674194,5.40469264984131,0.0588716082274914,0.120390921831131,0.0401319824159145,0.990166485309601
59.2050552368164,-0.0752717107534409,0.00477549713104963,0.0275186989456415,5.98789596557617,13.7752962112427,5.96411418914795,0.0580135695636272,0.116899378597736,0.0453221425414085,0.990411520004272
59.795581817627,-0.077338695526123,0.00361049175262451,0.0288603603839874,6.4894642829895,13.7691297531128,6.50660848617554,0.0628940463066101,0.116295389831066,0.0494770631194115,0.989985704421997
60.3247718811035,-0.0628876090049744,0.00319273211061954,0.034382663667202,6.73072004318237,15.2274932861328,5.55651807785034,0.0645279362797737,0.129289984703064,0.0401919484138489,0.988688468933105
60.8460121154785,-0.0680755153298378,0.00313093001022935,0.0336553975939751,6.67382526397705,15.2067623138428,5.93297338485718,0.0644540339708328,0.128927707672119,0.0435184836387634,0.98859977722168
61.4144401550293,-0.0696253925561905,0.00333001092076302,0.0296962112188339,6.65655708312988,15.3293285369873,5.78738975524902,0.0641865059733391,0.130075544118881,0.0422141663730145,0.988523364067078
61.9601211547852,-0.0698766857385635,0.00339883635751903,0.0303519424051046,6.66681289672852,15.3241291046143,5.80234241485596,0.0642899572849274,0.130017161369324,0.0423339046537876,0.988519191741943
62.4928398132324,-0.0695826038718224,0.00300954561680555,0.0336437150835991,6.83127212524414,14.9581346511841,5.93589878082275,0.06572026014328,0.126699879765511,0.0435010269284248,0.988805174827576
63.004451751709,-0.0675629824399948,0.00240733637474477,0.033991876989603,7.03379440307617,14.8616170883179,5.65715312957764,0.0671237036585808,0.12592625617981,0.040917593985796,0.988919973373413
63.509147644043,-0.0712974146008492,0.00309658329933882,0.0307810269296169,6.80408334732056,14.8024797439575,5.92577695846558,0.0654155686497688,0.125376373529434,0.0435340963304043,0.988992631435394
64.065185546875,-0.0693378448486328,0.00396215915679932,0.0266285538673401,6.45936632156372,14.7285499572754,5.71305704116821,0.0621821992099285,0.125030159950256,0.0421332232654095,0.98930561542511
64.6575393676758,-0.0753325447440147,0.00463503319770098,0.0188636537641287,5.7333459854126,14.8738403320313,5.93600416183472,0.0562182925641537,0.126531466841698,0.0448138304054737,0.989353835582733
65.2495956420898,-0.0740216299891472,0.00417457474395633,0.014965427108109,6.02124214172363,14.2420454025269,5.92335414886475,0.0584425553679466,0.120936401188374,0.0446965880692005,0.989929854869843
65.8301086425781,-0.000982277095317841,0.0109394257888198,-0.0318987295031548,4.98097705841064,13.1999835968018,2.18406581878662,0.0453461706638336,0.113984927535057,0.0139207178726792,0.992349445819855
66.3916473388672,-0.010156037285924,0.0104770679026842,-0.04361217841506,4.27970886230469,16.3996505737305,3.905921459198,0.0417927913367748,0.141184210777283,0.028384679928422,0.988693416118622
66.892951965332,-0.0944196730852127,-0.00730413896963,-0.0335662886500359,5.29747152328491,18.8941745758057,3.89561462402344,0.0511324964463711,0.162317186594009,0.0259114932268858,0.985072195529938
67.404541015625,-0.102021902799606,-0.00645088590681553,-0.0268101412802935,4.36541032791138,18.867618560791,5.90167856216431,0.0459529869258404,0.161637872457504,0.0445116683840752,0.984774231910706
67.9735260009766,-0.092410996556282,-0.00285110180266201,-0.0385312102735043,2.97965145111084,19.5698528289795,5.38285875320435,0.0335706099867821,0.168502300977707,0.0418445505201817,0.984240353107452
68.4749984741211,-0.115669876337051,-0.00740635162219405,-0.0239545311778784,4.43611192703247,17.8893337249756,6.0247974395752,0.0463439151644707,0.153140187263489,0.0458648726344109,0.986051142215729
69.0583953857422,-0.127833992242813,-0.00741976825520396,-0.029718279838562,3.89067506790161,17.8333034515381,7.59956121444702,0.0437278375029564,0.152345225214958,0.060181487351656,0.985523760318756
69.6447448730469,-0.123512253165245,-0.00767415761947632,-0.0373396053910255,3.6001501083374,18.080041885376,7.08110857009888,0.0406611077487469,0.154831275343895,0.0560316704213619,0.985512316226959
70.2211685180664,-0.122218228876591,-0.00814057607203722,-0.032181229442358,3.76570391654968,18.2327003479004,6.61031150817871,0.0415168069303036,0.156220525503159,0.0516978353261948,0.985494256019592
70.7863388061523,-0.121032699942589,-0.00893304962664843,-0.0276228561997414,4.1817102432251,18.1095104217529,6.40776014328003,0.0447631180286407,0.155014038085938,0.0494230575859547,0.98565936088562
71.3661422729492,-0.119167618453503,-0.00984335877001286,-0.0232045240700245,4.61748218536377,18.221061706543,6.32872772216797,0.0484487116336823,0.155774131417274,0.0480910241603851,0.98543107509613
71.9470138549805,-0.122680149972439,-0.00980846583843231,-0.00919817388057709,4.80713605880737,16.8580474853516,6.58243322372437,0.0498245768249035,0.143831938505173,0.0506035909056664,0.987050831317902
72.5338134765625,-0.118227660655975,-0.00902830716222525,-0.0108151268213987,4.63951730728149,17.4731922149658,6.100257396698,0.0480255521833897,0.149423941969872,0.0464098267257214,0.986515164375305
73.1010360717773,-0.119582712650299,-0.0103285312652588,-0.0152768343687057,4.68652820587158,18.3428783416748,6.25830221176147,0.0489966683089733,0.156815052032471,0.0473368242383003,0.985275387763977
73.6430130004883,-0.124923124909401,-0.0111474255099893,-0.0157594569027424,4.83242273330688,18.5912284851074,6.57668495178223,0.050793394446373,0.15873247385025,0.0497587658464909,0.984757900238037
74.2140731811523,-0.125319346785545,-0.0107609601691365,-0.0193980801850557,4.52905654907227,18.6773414611816,6.47125816345215,0.0480790846049786,0.159683987498283,0.0492492355406284,0.984765946865082
74.7870635986328,-0.124025113880634,-0.0106105916202068,-0.0239567440003157,4.31922149658203,19.0624542236328,6.15783262252808,0.0459970347583294,0.163232564926147,0.0467014871537685,0.984407663345337
75.2904434204102,-0.123378805816174,-0.01049052644521,-0.0271839573979378,4.12632179260254,19.3481616973877,6.09172630310059,0.044362336397171,0.165811568498611,0.046304527670145,0.984070360660553
75.8781356811523,-0.123478397727013,-0.0102634495124221,-0.0287168584764004,3.80305886268616,19.0528736114502,6.10219955444336,0.0414821580052376,0.163435265421867,0.0469797365367413,0.984561383724213
76.4524765014648,-0.123338535428047,-0.0099790096282959,-0.0292130298912525,3.59161734580994,19.0515289306641,6.03071355819702,0.0395639017224312,0.163555070757866,0.0466738753020763,0.98463499546051
77.016487121582,-0.123851217329502,-0.00976390205323696,-0.0260102972388268,3.25412702560425,18.4124240875244,5.86973190307617,0.0361794903874397,0.15827888250351,0.0459840632975101,0.985659301280975
77.5851821899414,-0.121270164847374,-0.0103526171296835,-0.0233219265937805,3.64670848846436,18.8855953216553,5.93035364151001,0.0398275107145309,0.162136629223824,0.0457890368998051,0.984900414943695
78.1563415527344,-0.123765401542187,-0.0101789254695177,-0.0213740114122629,3.78342151641846,18.7531070709229,6.39912462234497,0.0416071228682995,0.160761788487434,0.0496683530509472,0.984864234924316
78.744026184082,-0.125324428081512,-0.0107829570770264,-0.0186103731393814,3.70912837982178,18.046573638916,6.36355304718018,0.0406132787466049,0.154738068580627,0.0497205592691898,0.985867440700531
79.2630310058594,-0.127411901950836,-0.0108125600963831,-0.0203942377120256,3.6275954246521,18.1625900268555,6.47800064086914,0.0401182100176811,0.155738681554794,0.0507771968841553,0.985676288604736
79.8417205810547,-0.12905715405941,-0.00700859352946281,-0.023946737870574,1.83779859542847,18.3920764923096,7.11598825454712,0.02571702003479,0.158501923084259,0.0586953088641167,0.985276937484741
80.4207229614258,-0.114385560154915,-0.0114158103242517,-0.0211588777601719,3.98914813995361,18.342565536499,4.88533592224121,0.0411175787448883,0.157680705189705,0.0365069806575775,0.985958158969879
80.9342269897461,-0.0974836945533752,-0.0110607529059052,-0.0220522172749043,3.16265225410461,18.9825096130371,2.914222240448,0.0314007885754108,0.164088860154152,0.0205219928175211,0.985732078552246
81.4487838745117,-0.0907375514507294,-0.00891962461173534,-0.0145115302875638,1.63307118415833,18.9927463531494,2.39304399490356,0.017497219145298,0.164638951420784,0.0182428285479546,0.986030042171478
81.9561080932617,-0.0847615599632263,-0.0109055005013943,-0.00384565070271492,2.9961519241333,19.3513889312744,2.59113025665283,0.0295636802911758,0.167388141155243,0.0178878754377365,0.985285341739655
82.519775390625,-0.0823677480220795,-0.0109722465276718,-0.00344250840134919,3.17190837860107,19.0889530181885,2.66131472587585,0.0311351865530014,0.16507114470005,0.0183041244745255,0.985620141029358
83.0899658203125,-0.0884697288274765,-0.0113046513870358,-0.00243452284485102,3.3470344543457,19.0096263885498,3.22607684135437,0.0334381908178329,0.16418382525444,0.022930234670639,0.985596179962158
83.6655120849609,-0.0912483036518097,-0.0116941640153527,-8.1927515566349E-05,3.49566912651062,18.9517269134521,3.57410907745361,0.0352015756070614,0.163537308573723,0.0257261414080858,0.98557323217392
84.2346801757813,-0.0903107672929764,-0.0119793806225061,-0.000530175864696503,3.66886901855469,18.9458179473877,3.54176068305969,0.0366432592272758,0.163442581892014,0.0251997783780098,0.985549986362457
84.8067092895508,-0.0925910919904709,-0.0116888117045164,-0.000813301652669907,3.93185520172119,18.8885097503662,3.98730564117432,0.0395247675478458,0.162714824080467,0.0286713950335979,0.985464215278625
85.393913269043,-0.0971410647034645,-0.0111043769866228,0.00372626725584269,3.47928357124329,18.3642673492432,4.73117542266846,0.0365267172455788,0.158126920461655,0.0358877182006836,0.986090183258057
85.985954284668,-0.0969057083129883,-0.0113472146913409,0.00739148771390319,3.44621229171753,18.1569995880127,4.80672311782837,0.0362802632153034,0.156332314014435,0.0366498455405235,0.98635733127594
86.5470428466797,-0.0983202457427979,-0.0102227376773953,0.00536496751010418,3.07431864738464,18.1177425384521,5.05536985397339,0.0334062501788139,0.156071126461029,0.0393168479204178,0.986397504806519
87.0568237304688,-0.0990258902311325,-0.00974105857312679,0.00424690265208483,2.92520117759705,18.3473644256592,5.09489965438843,0.0322567895054817,0.158098340034485,0.0397986732423306,0.986093521118164
87.6403427124023,-0.101561821997166,-0.00655737426131964,-0.00806927308440208,0.985368430614471,18.5373725891113,5.1789698600769,0.0157544892281294,0.160510614514351,0.0432045795023441,0.985962271690369
88.1569366455078,-0.105133771896362,-0.00759005546569824,-0.00374875962734222,1.56965327262878,18.5674304962158,5.410560131073,0.0211164075881243,0.160490408539772,0.0443686619400978,0.985813558101654
88.6655349731445,-0.103716842830181,-0.00737689528614283,-0.00500773917883635,1.57908964157104,18.6595764160156,5.25725364685059,0.0210174433887005,0.16130730509758,0.0430195480585098,0.985742151737213
89.2365875244141,-0.102609634399414,-0.00753168854862452,-0.00562712550163269,2.04218029975891,18.7300682067871,5.21533918380737,0.0249669402837753,0.161729589104652,0.0419863760471344,0.985625386238098
89.8146514892578,-0.102067559957504,-0.00808834377676249,-0.00534346140921116,2.15815806388855,18.462272644043,5.20315361022949,0.0258494559675455,0.159380123019218,0.0417767688632011,0.985994219779968
90.3841400146484,-0.102036736905575,-0.00832745339721441,-0.0046216044574976,2.26899170875549,18.544620513916,5.20724582672119,0.0268384553492069,0.160041332244873,0.0416368879377842,0.985866546630859
90.9578628540039,-0.103453114628792,-0.0087449699640274,-0.00329693406820297,2.45766854286194,18.4679145812988,5.29199647903442,0.0285512991249561,0.159281045198441,0.0421186350286007,0.985921084880829
91.5215301513672,-0.105963170528412,-0.00828144047409296,-0.00505771208554506,2.11401438713074,18.5513191223145,5.49716424942017,0.0259130857884884,0.160098671913147,0.04434834420681,0.985763728618622
92.1055221557617,-0.105053275823593,-0.00846290402114391,-0.00196090061217546,2.36048340797424,18.4702301025391,5.44820737838745,0.0279334411025047,0.159304529428482,0.0435987748205662,0.985870659351349
92.6882553100586,-0.102688558399677,-0.00912738405168056,0.00200629723258317,2.66810178756714,18.4070205688477,5.33437061309814,0.0303976312279701,0.158655658364296,0.0422031953930855,0.985963106155396
93.2768325805664,-0.101638942956924,-0.00908707734197378,0.00288758589886129,2.66616582870483,18.5392532348633,5.33511066436768,0.0304306950420141,0.159793943166733,0.0421772003173828,0.985779404640198
93.7769927978516,-0.101729735732079,-0.00917369592934847,0.00111737661063671,2.62008666992188,18.625431060791,5.36165904998779,0.030103387311101,0.160548225045204,0.0424480624496937,0.985655248165131
94.3397674560547,-0.0998600274324417,-0.00912880338728428,0.00247536436654627,2.72202944755554,19.0596179962158,5.25131940841675,0.0309818312525749,0.164267167448997,0.0412371605634689,0.985066473484039
94.9324493408203,-0.0977994203567505,-0.00798296928405762,-0.00265483558177948,2.09426188468933,19.8649845123291,5.15228652954102,0.0257342774420977,0.171475529670715,0.0411169566214085,0.983993589878082
95.5268096923828,-0.09839928150177,-0.00893791578710079,-0.000849273987114429,2.42220711708069,20.0487785339355,5.13333129882813,0.0285859275609255,0.17292183637619,0.0404128581285477,0.983690857887268
96.1022338867188,-0.0976852178573608,-0.00895575247704983,-0.000601598992943764,2.41449785232544,20.1443843841553,5.04319763183594,0.0284168142825365,0.173768103122711,0.0396271720528603,0.983578622341156
96.6793212890625,-0.09858238697052,-0.00864086113870144,-0.00203967280685902,2.19855451583862,20.0765361785889,5.12934684753418,0.0266704559326172,0.173253923654556,0.0407132543623447,0.983673810958862
97.2523422241211,-0.0988056659698486,-0.00865096133202314,-0.00119627173990011,2.25310349464417,20.1043109893799,5.10584402084351,0.0271128360182047,0.173475340008736,0.040421649813652,0.983634829521179
97.8362655639648,-0.0981660261750221,-0.00960151199251413,0.00180979631841183,2.72471380233765,19.9726181030273,5.18176603317261,0.0312279649078846,0.172128140926361,0.0403878316283226,0.983750760555267
98.4098129272461,-0.0926816835999489,-0.00752881076186895,-0.00191831681877375,3.36900782585144,19.3775882720947,5.17197322845459,0.0365371406078339,0.166745156049728,0.0395136922597885,0.984530210494995
98.9760818481445,-0.0341816358268261,0.00858251471072435,-0.022674985229969,3.78964138031006,14.3033685684204,4.29446983337402,0.0374465771019459,0.12311190366745,0.0330421552062035,0.99113541841507
99.4817047119141,0.0273239314556122,0.0159514304250479,-0.0170962866395712,4.19680976867676,10.5755167007446,3.97599792480469,0.0396329462528229,0.090775802731514,0.0311469621956348,0.994594812393188
100.07007598877,-0.00573929492384195,0.0227724350988865,-0.0480132102966309,359.644592285156,15.0648221969604,2.70341229438782,1.83071533683687E-05,0.131122455000877,0.0237923301756382,0.991080641746521
100.644828796387,-0.0452626869082451,0.0199646335095167,-0.0562633313238621,357.559753417969,18.2246150970459,4.19996738433838,-0.0152087546885014,0.158998340368271,0.039542768150568,0.986369431018829
101.207809448242,-0.0506271421909332,0.0213734023272991,-0.0464845709502697,358.242950439453,16.7393379211426,4.50286340713501,-0.00943985860794783,0.146025776863098,0.0410918705165386,0.988381922245026
101.776458740234,-0.0453712604939938,0.0196368433535099,-0.0356474742293358,357.875793457031,17.9897518157959,4.11649894714355,-0.0126819694414735,0.156875967979431,0.0383638963103294,0.986791431903839
102.354187011719,-0.0461647659540176,0.018532270565629,-0.0232298839837313,358.736419677734,18.535306930542,4.11654710769653,-0.00509174959734082,0.161323845386505,0.0372195839881897,0.986186385154724
102.920448303223,-0.0524780377745628,0.0181379690766335,-0.0265790913254023,358.851898193359,18.0800666809082,4.6860179901123,-0.00346303591504693,0.157389804720879,0.0419449098408222,0.986639320850372
103.477966308594,-0.0580365061759949,0.0166887044906616,-0.0131379812955856,359.858184814453,18.8616371154785,5.15243339538574,0.00614548055455089,0.163745746016502,0.0445433408021927,0.985477268695831
104.061553955078,-0.058105081319809,0.0155291669070721,-0.00952085759490728,0.440291434526443,18.5513134002686,4.87422657012939,0.0106425583362579,0.160876289010048,0.0413477458059788,0.986050665378571
104.64542388916,-0.0668108463287354,0.0139004979282618,0.00319444481283426,1.46206653118134,14.8303899765015,5.9983491897583,0.0193865578621626,0.128209352493286,0.0502354241907597,0.990284264087677
105.156852722168,-0.0653391480445862,0.0161839723587036,-0.00469068624079227,0.201586619019508,15.9199743270874,5.23339986801147,0.00806265417486429,0.13825735449791,0.0449708476662636,0.989341974258423
105.728706359863,-0.0693948119878769,0.0165665522217751,-0.00826805457472801,359.909057617188,16.3545970916748,5.32828521728516,0.00582665670663118,0.142119497060776,0.046121459454298,0.988757252693176
106.311073303223,-0.074117548763752,0.0153649058192968,-0.0057562068104744,0.387855410575867,16.2960777282715,5.65159034729004,0.010333658196032,0.141392901539803,0.0483223535120487,0.988719463348389
106.814765930176,-0.0738975927233696,0.0153629761189222,-0.0059699397534132,0.375844836235046,16.3528270721436,5.64008092880249,0.0102397222071886,0.14188876748085,0.048232838511467,0.988653779029846
107.375579833984,-0.072266548871994,0.0150659345090389,-0.00585965719074011,0.489593237638474,16.5413093566895,5.49465990066528,0.0111180637031794,0.143480077385902,0.0468187481164932,0.988482594490051
107.940818786621,-0.072009839117527,0.0148262102156878,-0.00388997048139572,0.720187902450562,16.5027046203613,5.4818172454834,0.013075353577733,0.143051519989967,0.0464227385818958,0.988539457321167
108.516128540039,-0.0710530355572701,0.0144371762871742,-0.00396705698221922,0.96336156129837,16.3910102844238,5.45047044754028,0.0150891095399857,0.141989380121231,0.04586211591959,0.988690078258514
109.090675354004,-0.0708405151963234,0.0144255356863141,-0.0030774837359786,1.02217280864716,16.5585956573486,5.56079959869385,0.0158014856278896,0.143395230174065,0.0467176586389542,0.988435924053192
109.591598510742,-0.0717574059963226,0.0140773477032781,-0.00062703900039196,0.991234302520752,16.6164531707764,5.5608983039856,0.0155583834275603,0.143907561898232,0.0467496104538441,0.988363802433014
110.166275024414,-0.0711062997579575,0.0141413519158959,-0.00172334699891508,0.951036274433136,16.8595581054688,5.38477039337158,0.0150865102186799,0.146044671535492,0.0452493019402027,0.988127470016479
110.745513916016,-0.071531169116497,0.0156075190752745,-0.00807329826056957,0.112986393272877,17.2142200469971,5.31989717483521,0.00791919231414795,0.149451479315758,0.0457381010055542,0.9876788854599
111.291702270508,-0.0824775919318199,0.0158698745071888,-0.0120635889470577,359.926788330078,17.0245418548584,5.51755237579346,0.00649325596168637,0.147880047559738,0.047695379704237,0.987833261489868
111.8544921875,-0.0843795090913773,0.01598777808249,-0.0122224306687713,359.822113037109,17.1401233673096,5.80721807479858,0.00601555779576302,0.14890493452549,0.0503212288022041,0.987551987171173
112.366020202637,-0.0840719044208527,0.0156600493937731,-0.0109452148899436,359.987884521484,16.9699630737305,5.82951593399048,0.00739855039864779,0.147364601492882,0.0503091812133789,0.987774252891541
112.935585021973,-0.0849227160215378,0.0154864080250263,-0.00902564451098442,0.200439944863319,17.1048374176025,5.82976055145264,0.00928992684930563,0.148433580994606,0.0500269830226898,0.98761260509491
113.44554901123,-0.0857466533780098,0.0165696870535612,-0.00398755073547363,0.335609197616577,17.1538619995117,5.49508810043335,0.0100415656343102,0.148826330900192,0.04696274548769,0.987696528434753
114.028961181641,-0.073636919260025,0.0138951810076833,0.000999868847429752,1.45122826099396,17.2504978179932,4.08456325531006,0.017856927588582,0.149417579174042,0.033333096653223,0.988050818443298
114.607856750488,-0.0703136175870895,0.0133839445188642,-0.00666233943775296,1.47808074951172,17.5424098968506,3.55573153495789,0.0174718778580427,0.152007609605789,0.0286933444440365,0.987808227539063
115.196243286133,-0.071373239159584,0.0162892881780863,-0.00986169092357159,359.249603271484,17.5349273681641,2.67015147209167,-0.00291877891868353,0.152530789375305,0.0240244772285223,0.988002359867096
115.765731811523,-0.0695700496435165,0.015201224014163,-0.00365718081593513,0.215576782822609,18.0441112518311,2.6384162902832,0.00546775199472904,0.15673004090786,0.022442689165473,0.987371325492859
116.310348510742,-0.0684158876538277,0.0139747029170394,-0.00512936618179083,0.249210745096207,19.0556240081787,2.61329793930054,0.00591875985264778,0.165433987975121,0.0221288427710533,0.985954821109772
116.887229919434,-0.0730187594890594,0.0135605912655592,-0.0018089534714818,0.663112699985504,18.6303100585938,3.19960570335388,0.0102270822972059,0.161639615893364,0.0266132801771164,0.986437916755676
117.458786010742,-0.0783956721425056,0.0150493662804365,-0.00650506233796477,359.796264648438,18.7626075744629,3.6239058971405,0.00340085034258664,0.162977710366249,0.0314859859645367,0.986121356487274
117.97314453125,-0.0794592350721359,0.0150166694074869,-0.00571271870285273,359.801879882813,19.1320056915283,3.56810665130615,0.00346977496519685,0.166155934333801,0.0309867840260267,0.98560643196106
118.487266540527,-0.0790630504488945,0.0146505702286959,-0.00571761699393392,0.00262972968630493,18.9632797241211,3.50402975082397,0.005059071816504,0.164653852581978,0.0301522016525269,0.985877513885498
119.060592651367,-0.0783408135175705,0.0144087709486485,-0.00549111049622297,0.0409769229590893,18.8761234283447,3.44160866737366,0.00527681689709425,0.163896754384041,0.0295640826225281,0.986020267009735
119.569183349609,-0.0762152820825577,0.0147779053077102,-0.00783178582787514,0.0131157245486975,19.1422519683838,3.08933448791504,0.00459488993510604,0.166208386421204,0.0265620090067387,0.985722184181213
120.137008666992,-0.0775923952460289,0.0142998434603214,-0.00584636069834232,0.29826095700264,18.8774280548096,3.30504655838013,0.00729570584371686,0.163849726319313,0.0280207935720682,0.986060321331024
120.692939758301,-0.0769504830241203,0.0137660186737776,-0.00244102533906698,0.585657179355621,18.6245727539063,3.43792939186096,0.00989510491490364,0.161589205265045,0.0287747420370579,0.986388921737671
121.261726379395,-0.0791056752204895,0.0141748189926147,-0.00620074570178986,0.255633443593979,18.8292789459229,3.59137034416199,0.00732547743245959,0.163428351283073,0.0305486060678959,0.986054956912994
121.846244812012,-0.0816483646631241,0.01393011957407,-0.00208985898643732,0.367736130952835,18.4738101959229,3.92425012588501,0.00866151787340641,0.160313606262207,0.0332798920571804,0.986466944217682
122.346710205078,-0.0801777690649033,0.0138768525794148,-0.0023308377712965,0.451500684022903,18.5414600372314,3.79109907150269,0.00921522453427315,0.160881638526917,0.032010842114687,0.986411452293396
122.858055114746,-0.0788615942001343,0.0135510759428144,-0.000212492421269417,0.59600442647934,18.5252532958984,3.71923732757568,0.0103537831455469,0.160706549882889,0.0311904810369015,0.986454963684082
123.431007385254,-0.0755456984043121,0.0130310067906976,0.00217738188803196,0.871519148349762,19.0798473358154,3.68127870559692,0.0128195136785507,0.165403604507446,0.0304147489368916,0.985673487186432
124.014938354492,-0.074554868042469,0.0134458700194955,-0.00168154947459698,0.555172502994537,19.227237701416,3.45309257507324,0.00980620551854372,0.166781410574913,0.0288971588015556,0.985521614551544
124.604362487793,-0.0773092582821846,0.0134664382785559,0.000965213403105736,0.598131239414215,19.3337306976318,3.74140739440918,0.0106243044137955,0.167659550905228,0.0313041619956493,0.98529052734375
125.190246582031,-0.0789753273129463,0.0131963808089495,0.00204110518097878,0.707943975925446,19.0654449462891,3.93399095535278,0.0117733236402273,0.165301010012627,0.032826654613018,0.985626399517059
125.766754150391,-0.0781844258308411,0.0126412874087691,0.00500960554927588,0.958562314510345,19.0565757751465,3.89017701148987,0.0138631043955684,0.165153369307518,0.0320883616805077,0.985648274421692
126.283226013184,-0.0757938474416733,0.0125372624024749,0.0048496276140213,0.922092318534851,19.1208839416504,3.76267862319946,0.0133830849081278,0.165732562541962,0.0310369078069925,0.985591351985931
126.830451965332,-0.0763558000326157,0.0122375823557377,0.00453283078968525,0.996640503406525,18.7350425720215,3.86583685874939,0.0140661681070924,0.16237847507,0.0318635255098343,0.986113667488098
127.405090332031,-0.0765796005725861,0.0131955463439226,0.000592431984841824,0.727964520454407,18.9250774383545,3.74098181724548,0.0116289351135492,0.164107277989388,0.0311518125236034,0.985881924629211
127.905776977539,-0.0745074599981308,0.0135826924815774,-0.00150067918002605,0.707944333553314,19.5501022338867,3.55492043495178,0.0113513907417655,0.169506624341011,0.0295182671397924,0.985021471977234
128.488647460938,-0.0765412002801895,0.0119627667590976,0.00372083229012787,1.63212382793427,18.9098682403564,3.77191996574402,0.0194470714777708,0.163703784346581,0.0301215220242739,0.985857844352722
129.04963684082,-0.0737942531704903,0.0109595665708184,0.011562705039978,1.9719477891922,18.8056678771973,3.99054908752441,0.0226535350084305,0.162660449743271,0.0315345972776413,0.985917866230011
129.640899658203,-0.0705980584025383,0.0100527890026569,0.0163531117141247,2.35857343673706,18.5830230712891,3.98317980766296,0.0259085986763239,0.16062006354332,0.0309686213731766,0.9861900806427
130.202713012695,-0.0623555891215801,0.00979977753013372,0.00943301804363728,2.70269870758057,20.721923828125,3.25336241722107,0.028293389827013,0.179067924618721,0.0236767623573542,0.983144760131836
130.766708374023,-0.0787489414215088,0.0107299089431763,0.00756397843360901,2.11712598800659,19.025577545166,4.71386289596558,0.0250003095716238,0.16435045003891,0.0375015437602997,0.985371828079224
131.2919921875,-0.0785379856824875,0.0102210948243737,0.0088992016389966,2.43206906318665,18.9107475280762,4.74878740310669,0.0277203302830458,0.163234069943428,0.0373736843466759,0.985489428043365
131.798889160156,-0.0831509605050087,0.0103795574977994,0.0145394681021571,2.40010762214661,17.1261043548584,4.40388631820679,0.0264142490923405,0.147959411144257,0.034868948161602,0.988025546073914
132.365188598633,-0.0765123069286346,0.0115569634363055,0.00774379214271903,1.90178418159485,18.6737041473389,4.14152145385742,0.0222263503819704,0.161518529057503,0.0329594388604164,0.986068725585938
132.880874633789,-0.0780899375677109,0.0114667015150189,0.0104615893214941,1.96069443225861,18.543249130249,4.50901412963867,0.0232099387794733,0.160302504897118,0.0360643491148949,0.98613578081131
133.393676757813,-0.0790660828351974,0.0109122609719634,0.0127006080001593,2.30774807929993,18.4179954528809,4.74790382385254,0.0264885127544403,0.159043043851852,0.0376592874526978,0.986197471618652
133.895446777344,-0.0787761136889458,0.0109099149703979,0.0133509021252394,2.20983958244324,18.5407314300537,4.76224422454834,0.0257066190242767,0.160133674740791,0.0378924757242203,0.986032724380493
134.459823608398,-0.0789353474974632,0.0112188216298819,0.0109457653015852,2.08479261398315,18.636287689209,4.71234512329102,0.0245925094932318,0.161014601588249,0.0376190505921841,0.985928177833557
134.962387084961,-0.0814530104398727,0.0121532883495092,0.00800179410725832,1.59344673156738,18.5436458587646,4.84060144424438,0.0205144081264734,0.160379663109779,0.0394355468451977,0.986053943634033
135.540710449219,-0.0801903307437897,0.0101997312158346,0.0111156720668077,2.80543518066406,18.8100681304932,4.56209754943848,0.0306334849447012,0.16227300465107,0.0352574065327644,0.985639870166779
136.107162475586,-0.0800015404820442,0.0113741382956505,0.00767429638653994,2.08455204963684,19.0724620819092,4.45262098312378,0.0243599470704794,0.164821937680244,0.0352922007441521,0.985390663146973
136.674346923828,-0.0779732838273048,0.00953061413019896,0.0132948774844408,2.70632123947144,18.1941680908203,3.97680854797363,0.0287882145494223,0.157159477472305,0.0305198021233082,0.986681699752808
137.178680419922,-0.0793836191296577,0.0097473906353116,0.0123879788443446,2.63175058364868,18.7032566070557,4.25987482070923,0.0286810807883739,0.16149577498436,0.0329332761466503,0.985906660556793
137.682647705078,-0.0777687430381775,0.0106168929487467,0.0130040924996138,2.21283149719238,19.2278690338135,4.29975175857544,0.0252887308597565,0.1661456823349,0.0337572880089283,0.985198736190796
138.253143310547,-0.0817596241831779,0.0113053908571601,0.0113333594053984,1.86734616756439,18.7474403381348,4.85387134552002,0.0229589566588402,0.162024945020676,0.0391227379441261,0.985743522644043
138.761810302734,-0.0839508101344109,0.0108830397948623,0.0104048196226358,2.07970762252808,19.1410636901855,4.73350715637207,0.0247448161244392,0.165353432297707,0.0376997031271458,0.98520290851593
139.326675415039,-0.0873560160398483,0.0107733048498631,0.0136278690770268,2.15415620803833,18.8566951751709,5.18939399719238,0.0259391479194164,0.162777721881866,0.0415749587118626,0.985445141792297
139.828048706055,-0.0851611569523811,0.0108341351151466,0.0120167192071676,2.25229954719543,18.9517612457275,4.80851697921753,0.0262734964489937,0.16364249587059,0.038136713206768,0.985432088375092
140.33805847168,-0.0853754580020905,0.0105423862114549,0.0144161218777299,2.17035031318665,18.771333694458,4.94456243515015,0.0257011484354734,0.162092134356499,0.039465319365263,0.985651135444641
140.912826538086,-0.085158497095108,0.0111911995336413,0.0131692430004478,1.95075583457947,19.0487422943115,4.88652467727661,0.023825665935874,0.164577051997185,0.0392221733927727,0.985296070575714
141.432327270508,-0.0851485282182693,0.0109425270929933,0.0148647334426641,2.03510594367981,18.8572006225586,4.94370889663696,0.0245666522532701,0.16288460791111,0.0396327674388885,0.98554265499115
141.957916259766,-0.0846019983291626,0.0108306407928467,0.0163234025239944,2.10058832168579,18.6922454833984,5.09100770950317,0.0252802390605211,0.161407396197319,0.0408420450985432,0.985718250274658
142.463897705078,-0.0842292234301567,0.0107029499486089,0.0168834086507559,2.07985329627991,18.6849880218506,5.08768224716187,0.0250946506857872,0.161354154348373,0.0408445298671722,0.985731601715088
142.973281860352,-0.085064209997654,0.0106456261128187,0.0170964356511831,1.98638832569122,18.6295394897461,5.21369218826294,0.0244479645043612,0.160888448357582,0.0420731902122498,0.985772311687469
143.493270874023,-0.0871185436844826,0.0110771814361215,0.0146277938038111,1.74960267543793,18.4530429840088,5.36533975601196,0.0225571636110544,0.159438371658325,0.0437480919063091,0.985980033874512
143.994583129883,-0.0892136096954346,0.0113037787377834,0.0146795175969601,1.66164350509644,18.4664821624756,5.61506414413452,0.022153390571475,0.159543395042419,0.0460175536572933,0.98586893081665
144.502639770508,-0.0882604718208313,0.010564923286438,0.0180523544549942,2.00906252861023,18.4708290100098,5.546058177948,0.0250472724437714,0.159441560506821,0.0449347719550133,0.985866069793701
145.102630615234,-0.0841533467173576,0.00979386456310749,0.0251162722706795,2.07898163795471,18.1212062835693,5.65856456756592,0.0256652627140284,0.15637694299221,0.045882873237133,0.986297309398651
145.61247253418,-0.084356352686882,0.00979038327932358,0.0241040736436844,2.14735102653503,18.2012710571289,5.5828857421875,0.0261818207800388,0.157052531838417,0.0451188497245312,0.986211597919464
146.127731323242,-0.0852682515978813,0.00973766949027777,0.0245062690228224,2.18422365188599,17.9690837860107,5.68029022216797,0.0265394672751427,0.155015006661415,0.0459598712623119,0.986485540866852
146.718811035156,-0.0811054334044456,0.00973032414913177,0.0254035592079163,2.3136031627655,18.6891136169434,5.36005878448486,0.0274895802140236,0.161229103803635,0.0428539216518402,0.985602915287018
147.230804443359,-0.0803055614233017,0.0105379959568381,0.0206280443817377,1.86372661590576,18.8663787841797,5.16815328598022,0.0234155226498842,0.162985786795616,0.041806984692812,0.985464096069336
147.745468139648,-0.0831874087452888,0.0105345444753766,0.0205126814544201,1.73631393909454,19.0983543395996,5.55060386657715,0.022955683991313,0.164957016706467,0.0452321991324425,0.984995603561401
148.268966674805,-0.0854495465755463,0.010843412950635,0.0202950295060873,1.65080070495605,18.8624820709229,5.78137969970703,0.022455558180809,0.162921726703644,0.047386284917593,0.985244572162628
148.771545410156,-0.0843258649110794,0.0105833224952221,0.0215910784900188,1.82311904430389,18.925651550293,5.68522262573242,0.0238256193697453,0.16340634226799,0.0462992005050182,0.985183775424957
149.275192260742,-0.0831570327281952,0.0103790881112218,0.0220295153558254,1.82414329051971,18.9535045623779,5.56959581375122,0.0236805398017168,0.163669317960739,0.0452978685498238,0.985190212726593
149.779663085938,-0.0810922160744667,0.0102923894301057,0.0221275482326746,1.90194940567017,18.899320602417,5.32675695419312,0.0239820871502161,0.163220301270485,0.0431091636419296,0.985355615615845
150.357666015625,-0.0820042416453362,0.0104123996570706,0.0192277152091265,1.71586048603058,19.1004543304443,5.34603595733643,0.0224861800670624,0.165024429559708,0.0435030125081539,0.985073029994965
150.869155883789,-0.0839468762278557,0.010608559474349,0.0182325094938278,1.6051139831543,19.0630207061768,5.39597988128662,0.0215919129550457,0.164739996194839,0.0441001988947392,0.98511403799057
151.442993164063,-0.0841000527143478,0.0108611220493913,0.0184481032192707,1.55164229869843,18.8344554901123,5.50227451324463,0.0211951714009047,0.162777870893478,0.0451338104903698,0.98540198802948
151.959594726563,-0.0794255211949348,0.0102222748100758,0.0200505834072828,1.9089183807373,19.0593929290771,5.03977489471436,0.0236898958683014,0.164653494954109,0.0405982434749603,0.98523086309433
152.525741577148,-0.0782539844512939,0.00988236349076033,0.0214634090662003,2.04415559768677,19.0662326812744,5.0286226272583,0.0248387139290571,0.164660155773163,0.0403048284351826,0.9852135181427
153.031372070313,-0.079033836722374,0.00946639478206635,0.0211925841867924,2.17383408546448,19.163501739502,5.0501651763916,0.0260184779763222,0.165439084172249,0.0402798540890217,0.985053539276123
153.545379638672,-0.0829026028513908,0.0102628627792001,0.0152225010097027,1.73654937744141,19.0400123596191,5.22195053100586,0.0224629156291485,0.164520487189293,0.0424181148409843,0.985205173492432
154.132629394531,-0.083092100918293,0.00959152914583683,0.0173350386321545,2.19241786003113,18.9409942626953,5.18762922286987,0.0262961108237505,0.163487076759338,0.041485533118248,0.985321998596191
154.645812988281,-0.0835536792874336,0.00920412689447403,0.0188614781945944,2.63849520683289,18.6523418426514,5.71766805648804,0.0307709649205208,0.160676851868629,0.0454766862094402,0.985478520393372
155.151184082031,-0.0828915238380432,0.00871474854648113,0.0189034081995487,2.79741764068604,18.6825561523438,5.504065990448,0.0318491645157337,0.160922780632973,0.0434052720665932,0.9854975938797
155.652450561523,-0.0844487547874451,0.00898146629333496,0.0182905197143555,2.68656444549561,18.8478164672852,5.56023120880127,0.0310385543853045,0.162378266453743,0.0440014712512493,0.985258221626282
156.184127807617,-0.0776120200753212,0.00831844378262758,0.0203190371394157,3.20319175720215,19.015625,4.60616636276245,0.0341786183416843,0.163876444101334,0.0350050292909145,0.985266983509064
156.685958862305,-0.0729178488254547,0.00763733964413404,0.019742090255022,3.44965887069702,19.9221687316895,4.65753746032715,0.0366467535495758,0.171553462743759,0.0348005592823029,0.983877718448639
157.264450073242,-0.0759469717741013,0.00743231642991304,0.0220009554177523,3.57437181472778,19.5578346252441,4.91010713577271,0.0379778370261192,0.168291926383972,0.0369005501270294,0.984313905239105
157.767425537109,-0.0797774568200111,0.00827940739691257,0.020554181188345,3.07859349250793,19.1517200469971,5.38326501846313,0.0342682711780071,0.164865911006927,0.0418257750570774,0.984832763671875
158.282852172852,-0.080417312681675,0.00857138447463512,0.0190189070999622,3.1072826385498,19.2277221679688,5.15199327468872,0.0342083349823952,0.165575727820396,0.0397735126316547,0.984800755977631
158.793197631836,-0.0806476175785065,0.00842755567282438,0.0180928185582161,2.97618246078491,19.2889308929443,5.19911956787109,0.0331717729568481,0.166143849492073,0.0403529517352581,0.984716951847076
159.369934082031,-0.0814056769013405,0.00873594265431166,0.0150293987244368,2.69531083106995,19.4849319458008,5.11353731155396,0.0307032763957977,0.167970657348633,0.0399778224527836,0.984502375125885
159.922714233398,-0.0861057639122009,0.00951087474822998,0.0129225701093674,2.38972568511963,19.0841751098633,5.2327823638916,0.0281084682792425,0.164624512195587,0.0415541864931583,0.985079705715179
160.478103637695,-0.0847369432449341,0.00788169447332621,0.0194823108613491,2.82368397712708,18.7607288360596,5.34104299545288,0.0318746343255043,0.161628767848015,0.0419440641999245,0.985444486141205
160.993881225586,-0.0890377312898636,0.00847436115145683,0.0222825706005096,2.67384243011475,17.7319831848145,5.41220808029175,0.0303017273545265,0.152821779251099,0.0430441051721573,0.986850798130035
161.569717407227,-0.0793309584259987,0.00910154450684786,0.0166226197034121,2.61126685142517,18.7032585144043,4.21114301681519,0.0284362100064754,0.161515116691589,0.032543171197176,0.985923588275909
162.071929931641,-0.0796449705958366,0.00896116625517607,0.017035523429513,2.48216438293457,18.643726348877,4.20060205459595,0.0272939056158066,0.161050289869308,0.0326504670083523,0.98602831363678
162.648895263672,-0.0840264335274696,0.00972128380089998,0.0147806089371443,1.93171584606171,18.6758403778076,4.59976053237915,0.0231302231550217,0.161435693502426,0.0368594005703926,0.98592334985733
163.224411010742,-0.084409162402153,0.0093184495344758,0.0192012470215559,2.22815299034119,19.2328319549561,4.84533786773682,0.0262128133326769,0.166060045361519,0.0384240075945854,0.985018074512482
163.725433349609,-0.0840628743171692,0.00971883442252874,0.0187593940645456,2.05205106735229,18.9811954498291,4.96623229980469,0.0247874166816473,0.163939327001572,0.0397753678262234,0.985356509685516
164.322189331055,-0.0856853649020195,0.0101059908047318,0.0192640945315361,1.91769063472748,18.5912189483643,4.91837549209595,0.0234291050583124,0.160648226737976,0.0396377965807915,0.985937178134918
164.892272949219,-0.0817596018314362,0.0097816651687026,0.0171632096171379,2.12253618240356,18.9910221099854,4.55519819259644,0.0248083416372538,0.164085730910301,0.0361368060112,0.985471725463867
165.396530151367,-0.0829965844750404,0.0098170405253768,0.0175218973308802,2.10488152503967,18.9219093322754,4.62720441818237,0.0247374717146158,0.163482338190079,0.036796472966671,0.98554939031601
165.906692504883,-0.0850164443254471,0.00967529509216547,0.0172467231750488,2.03876280784607,18.5294342041016,4.80023002624512,0.0242842119187117,0.160094082355499,0.038463119417429,0.986053168773651
166.469955444336,-0.0860128104686737,0.00983477011322975,0.0163429211825132,2.000972032547,18.6686897277832,5.04958724975586,0.0243568476289511,0.161254197359085,0.0406324416399002,0.985775232315063
166.98600769043,-0.0878063440322876,0.00976159051060677,0.0176155976951122,2.10798120498657,18.158655166626,5.29960012435913,0.0254388172179461,0.156766653060913,0.0427446961402893,0.986382305622101
167.550765991211,-0.0877561420202255,0.00970721617341042,0.0183623880147934,2.12323617935181,18.0753498077393,5.36069536209106,0.0256222169846296,0.156029418110847,0.0432681255042553,0.986471593379974
168.128463745117,-0.0901373475790024,0.00978579092770815,0.0175167992711067,1.96515583992004,17.9885749816895,5.58685159683228,0.0245353356003761,0.155301809310913,0.0454511120915413,0.986515879631042
168.631576538086,-0.0930797532200813,0.0102372094988823,0.0142625654116273,1.71352410316467,17.8810214996338,5.77765941619873,0.0225837752223015,0.154449611902237,0.0474594980478287,0.986601710319519
169.155731201172,-0.0950774773955345,0.0104296924546361,0.0138708017766476,1.61886131763458,18.015157699585,6.02030181884766,0.0221541561186314,0.155600801110268,0.049651388078928,0.986322641372681
169.663604736328,-0.0926266312599182,0.00954461097717285,0.020406574010849,2.11905932426453,17.897289276123,5.97753000259399,0.026350274682045,0.154358580708504,0.0486243069171906,0.986465811729431
170.197982788086,-0.0896016508340836,0.00930268131196499,0.022582083940506,2.23332500457764,17.8683338165283,5.82608604431152,0.0271177534013987,0.154091000556946,0.0471715778112411,0.986557364463806
170.703567504883,-0.0898257791996002,0.00897657219320536,0.0237175356596708,2.45165324211121,18.0138568878174,5.92066431045532,0.0291843991726637,0.155217975378036,0.0476513765752316,0.986298620700836
171.221130371094,-0.0919964611530304,0.0102473506703973,0.0186227895319462,1.82541310787201,18.1621952056885,6.00177574157715,0.0239695329219103,0.156772434711456,0.049178022891283,0.986118376255035
171.803268432617,-0.0941936671733856,0.00970989093184471,0.0222327187657356,2.02890920639038,18.2993640899658,6.40481233596802,0.0263337716460228,0.157764554023743,0.0523331053555012,0.985737383365631
172.383178710938,-0.0927956774830818,0.00943051651120186,0.0220437198877335,2.25007319450378,18.2281341552734,6.27664232254028,0.0280275978147984,0.157071113586426,0.0509396269917488,0.985874354839325
172.886825561523,-0.0923041775822639,0.0090831508859992,0.023215290158987,2.35070753097534,18.1830234527588,6.26927280426025,0.0288630053400993,0.156634569168091,0.0507477670907974,0.985929608345032
173.485061645508,-0.0925837755203247,0.00900125503540039,0.0221388041973114,2.32578301429749,18.1397438049316,6.16952466964722,0.0284934137016535,0.156299516558647,0.049934845417738,0.986035048961639
174.085067749023,-0.0903287455439568,0.0085520138964057,0.0231769680976868,2.51791095733643,18.2766532897949,6.06233310699463,0.0300580989569426,0.157410964369774,0.048710860311985,0.985872983932495
174.663116455078,-0.0908625870943069,0.00759765924885869,0.0226319637149572,3.00154995918274,18.2939796447754,5.87011098861694,0.0339604988694191,0.157380819320679,0.0463775396347046,0.985863626003265
175.225982666016,-0.0905046090483665,0.00931827444583178,0.017620762810111,2.23567342758179,18.3752727508545,5.62069749832153,0.0270623173564672,0.15850156545639,0.0452807731926441,0.98594856262207
175.809783935547,-0.0454048439860344,0.012201339006424,-0.0120525984093547,2.49493026733398,17.14892578125,1.81387996673584,0.0238839983940125,0.148699879646301,0.0124023202806711,0.988516092300415
176.379302978516,0.00843250378966331,0.0178843196481466,-0.0286583304405212,1.98900747299194,16.1920166015625,1.33769583702087,0.0188260711729527,0.140600860118866,0.00911106262356043,0.989845454692841
176.896560668945,-0.0607151910662651,0.00366026069968939,-0.0313798300921917,2.24958825111389,19.3148307800293,2.76727628707886,0.0233962573111057,0.167208194732666,0.0205077901482582,0.985430598258972
177.460647583008,-0.102739244699478,0.00197183480486274,-0.0278651174157858,1.42353951931,17.4625682830811,6.81395578384399,0.0212772414088249,0.150790855288506,0.0568523183465004,0.986700177192688
177.970474243164,-0.0935369431972504,-0.000210670637898147,-0.0205355994403362,0.371865659952164,17.5204486846924,7.41045331954956,0.0130426408722997,0.151773348450661,0.0633759275078773,0.986295223236084
178.476257324219,-0.0978450700640678,-0.00208685034886003,-0.00814642105251551,1.71991622447968,17.0153045654297,8.29371356964111,0.0255014300346375,0.146464183926582,0.069294773042202,0.986456334590912
179.056533813477,-0.12207705527544,0.00380037981085479,-0.0215336866676807,356.259033203125,16.7317924499512,9.82560157775879,-0.0197208318859339,0.147647961974144,0.0894146040081978,0.984792470932007
179.622085571289,-0.123373471200466,0.00324115436524153,-0.0206301007419825,356.480773925781,17.8057498931885,9.94358062744141,-0.016816072165966,0.156734064221382,0.0903149470686913,0.983358979225159
180.127624511719,-0.124034643173218,0.00244616670534015,-0.0213635787367821,357.060546875,18.1228218078613,9.84111976623535,-0.0117309642955661,0.159033492207527,0.0887007415294647,0.983210504055023
180.701278686523,-0.131750613451004,0.0012822775170207,-0.0187433622777462,357.435180664063,18.2134113311768,10.363639831543,-0.0077167060226202,0.159583136439323,0.0926835611462593,0.982793688774109
181.282440185547,-0.133139953017235,-0.00097239064052701,-0.0112893749028444,358.54931640625,17.6635856628418,10.2008190155029,0.00118876574561,0.154026061296463,0.0897762253880501,0.983979046344757
181.847518920898,-0.127085745334625,-0.00387439364567399,-0.00185965374112129,359.820617675781,18.9909019470215,10.6479225158691,0.013769743964076,0.164400681853294,0.0917727053165436,0.982018649578094
182.357772827148,-0.12708368897438,-0.00380703108385205,0.00348348636180162,359.979095458984,17.7912902832031,10.994122505188,0.0146339042112231,0.15394139289856,0.0946705117821693,0.983425319194794
182.954818725586,-0.131763905286789,-0.00489503284916282,0.00826533697545528,0.207934245467186,18.0734806060791,11.0766105651855,0.0169424563646317,0.156161367893219,0.0950294584035873,0.983003556728363
183.479125976563,-0.133733853697777,-0.00546619575470686,0.0107576884329319,0.457907795906067,18.1188774108887,11.1758661270142,0.0192595701664686,0.15632526576519,0.0955316424369812,0.9828861951828
184.069152832031,-0.13239187002182,-0.00769567489624023,0.0126073658466339,1.8454567193985,18.3266506195068,11.2793264389038,0.0314691737294197,0.15689554810524,0.0944530144333839,0.982584416866302
184.577560424805,-0.129191905260086,-0.00582272559404373,0.00389440730214119,0.843077123165131,18.332857131958,10.281909942627,0.0215081367641687,0.158006832003593,0.0872922539710999,0.983336865901947
185.097259521484,-0.133362293243408,-0.00811322499066591,0.00813711062073708,1.98171257972717,18.7019195556641,10.656135559082,0.0320748277008533,0.160170793533325,0.0888130888342857,0.982562363147736
185.683013916016,-0.132330492138863,-0.0211497358977795,0.0157818235456944,9.29177093505859,18.36598777771,10.6280298233032,0.0943469852209091,0.150974839925766,0.0782561376690865,0.980908393859863
186.194229125977,-0.13139982521534,-0.0185076259076595,0.0160360876470804,8.57277584075928,18.2859992980957,10.3435907363892,0.0877752676606178,0.151157721877098,0.0769200697541237,0.981595695018768
186.771636962891,-0.141489192843437,-0.0177323240786791,0.0224726926535368,7.86514902114868,16.2560634613037,11.3485355377197,0.0815071612596512,0.133648723363876,0.0880001038312912,0.983743190765381
187.353042602539,-0.145632892847061,-0.0162027645856142,0.025118350982666,6.8025951385498,15.2721920013428,11.843092918396,0.0721737965941429,0.1258724629879,0.094229981303215,0.98492020368576
187.911773681641,-0.142616704106331,-0.0159481968730688,0.0206164736300707,6.37468290328979,16.000072479248,12.0249624252319,0.0693121403455734,0.132426783442497,0.0958696529269218,0.984107732772827
188.467346191406,-0.144134521484375,-0.0155556201934814,0.0183521062135696,6.30299615859985,14.8448781967163,11.9874000549316,0.0676864758133888,0.122590981423855,0.0963243246078491,0.985449969768524
189.023071289063,-0.14447295665741,-0.0162327270954847,0.0215975157916546,6.46934413909912,14.7452411651611,12.1670904159546,0.0692217275500298,0.121465295553207,0.0977350249886513,0.985343813896179
189.525909423828,-0.142047554254532,-0.0165763143450022,0.0218152496963739,6.7411003112793,15.1746463775635,11.8806896209717,0.07160684466362,0.125069484114647,0.0946881696581841,0.98501992225647
190.050933837891,-0.132573336362839,-0.0469940155744553,0.0332579426467419,23.3676891326904,17.2797660827637,8.27587127685547,0.210306391119957,0.132280513644218,0.0395181924104691,0.967838525772095
190.553787231445,-0.125004693865776,-0.0256791058927774,0.025710066780448,12.5135126113892,13.936939239502,8.37735939025879,0.116698876023293,0.112376801669598,0.0588827766478062,0.985030829906464
191.063842773438,-0.138741746544838,-0.0110219204798341,0.019096702337265,4.01008701324463,8.82547855377197,10.9179801940918,0.0420406796038151,0.0732262581586838,0.0921134352684021,0.992162108421326
191.628921508789,-0.143629536032677,-0.0115950992330909,0.0201244503259659,4.23959159851074,8.62096405029297,11.5111494064331,0.0442307740449905,0.0710321441292763,0.0971666574478149,0.991744339466095
192.210113525391,-0.142123952507973,-0.0128020234405994,0.0227060504257679,4.91692924499512,9.25989151000977,11.3333435058594,0.0505092442035675,0.0760297998785973,0.0948825553059578,0.991294920444489
192.71321105957,-0.142654776573181,-0.0137697570025921,0.0245316401124001,5.41129779815674,9.46329879760742,11.3299169540405,0.0549478083848953,0.077350877225399,0.0943902209401131,0.991003572940826
193.241088867188,-0.144990041851997,-0.0140119176357985,0.0231457315385342,5.40040493011475,9.46945762634277,11.7229652404785,0.0551239587366581,0.0772252306342125,0.0977940708398819,0.99067348241806
193.743408203125,-0.145611897110939,-0.0150919370353222,0.0259495638310909,5.88810062408447,9.80038738250732,11.7437219619751,0.0596318505704403,0.0796247497200966,0.0974313169717789,0.990258097648621
194.248458862305,-0.152476951479912,-0.0153127498924732,0.023353174328804,5.87504529953003,9.73312187194824,12.6705188751221,0.0600993596017361,0.078572042286396,0.105482697486877,0.98948872089386
194.759170532227,-0.157548323273659,-0.0148505102843046,0.0197208374738693,5.52859926223755,9.55302047729492,13.140552520752,0.0572610162198544,0.0771270543336868,0.109902247786522,0.989289700984955
195.260406494141,-0.158907189965248,-0.0152442511171103,0.0191408805549145,5.63297176361084,10.6005477905273,12.9609680175781,0.0590277574956417,0.086152084171772,0.107736393809319,0.988679170608521
195.767517089844,-0.160039409995079,-0.0158829819411039,0.0208956841379404,5.98532152175903,11.2350521087646,12.6803970336914,0.0624346323311329,0.0914182215929031,0.10467217117548,0.988326132297516
196.339782714844,-0.163470447063446,-0.0168233253061771,0.0210563261061907,6.20919418334961,11.2194366455078,13.0848207473755,0.0646698921918869,0.0908313542604446,0.107966884970665,0.987881898880005
196.920837402344,-0.159407958388329,-0.0159917697310448,0.0198459438979626,5.75556755065918,11.2694501876831,12.9184503555298,0.06067755818367,0.0918191000819206,0.106913141906261,0.988158404827118
197.432723999023,-0.157723858952522,-0.0162351075559855,0.0171520821750164,5.76434183120728,11.3499641418457,12.6762237548828,0.0606325604021549,0.0926328077912331,0.10477364808321,0.988314390182495
198.004333496094,-0.155655533075333,-0.0153031395748258,0.0149650042876601,5.42990207672119,12.0044994354248,12.4690790176392,0.0581719651818275,0.0987165942788124,0.102958284318447,0.988064110279083
198.508087158203,-0.155064627528191,-0.0162516850978136,0.0174327213317156,5.94362306594849,11.8069067001343,12.2810983657837,0.0622609071433544,0.0966085493564606,0.100955612957478,0.988229870796204
199.072219848633,-0.157229423522949,-0.0168868247419596,0.0194323509931564,6.17014789581299,11.8638381958008,12.5768394470215,0.0645119249820709,0.096712589263916,0.103260509669781,0.987837135791779
199.577606201172,-0.15779647231102,-0.0158044323325157,0.0196229163557291,5.53426504135132,11.9664087295532,12.5552282333374,0.0591105036437511,0.0982409715652466,0.103621445596218,0.987986505031586
200.130340576172,-0.1575608253479,-0.0173591021448374,0.02181401476264,6.32656717300415,12.2028532028198,12.6685333251953,0.0662429556250572,0.0994253531098366,0.10370722413063,0.987406313419342
200.72151184082,-0.157388299703598,-0.0172342658042908,0.0221663787961006,6.23645448684692,12.5573644638062,12.7759275436401,0.0658843740820885,0.102508701384068,0.104516953229904,0.987029612064362
201.232086181641,-0.160197243094444,-0.0163815803825855,0.0223156400024891,5.47905874252319,12.34508228302,13.1478624343872,0.0595017708837986,0.101253695785999,0.108586028218269,0.987125277519226
201.765151977539,-0.162641584873199,-0.0169503763318062,0.0240353997796774,5.73366975784302,12.1890125274658,13.2994871139526,0.0616764910519123,0.0995635464787483,0.109726659953594,0.987037599086761
202.326904296875,-0.163190305233002,-0.0172338485717773,0.0258097648620605,6.08874797821045,12.3750915527344,13.2155828475952,0.0648345723748207,0.100840352475643,0.108554139733315,0.986835181713104
202.926895141602,-0.162629842758179,-0.0116082429885864,0.0104834884405136,2.64722442626953,12.4507102966309,13.1482067108154,0.0352238304913044,0.105068504810333,0.111294254660606,0.987589716911316
203.448257446289,-0.162846937775612,-0.0107389464974403,0.0125031480565667,2.06333327293396,12.2408504486084,13.3852100372314,0.0302039701491594,0.103788450360298,0.11395289003849,0.987588167190552
204.026107788086,-0.161163300275803,-0.0106795188039541,0.0144026195630431,2.01874828338623,12.3450689315796,13.3401517868042,0.0298823677003384,0.104744166135788,0.113579422235489,0.987540125846863
204.60612487793,-0.158924221992493,-0.0103512676432729,0.0115773398429155,1.99490869045258,12.7549467086792,13.1008720397949,0.0298569537699223,0.108362771570683,0.111433632671833,0.987394869327545
205.185012817383,-0.158567950129509,-0.00996752828359604,0.00658893072977662,1.60615837574005,12.8363523483276,13.0626029968262,0.0265514310449362,0.109463520348072,0.111465401947498,0.987364292144775
205.689453125,-0.157507702708244,-0.00965422950685024,0.00470442790538073,1.38744556903839,12.6719160079956,12.9621200561523,0.0244123227894306,0.108286492526531,0.110849477350712,0.987618565559387
206.261184692383,-0.15603107213974,-0.00890651624649763,0.00131561676971614,0.90890246629715,12.5298385620117,12.8547124862671,0.0200501810759306,0.10755380988121,0.110411264002323,0.987845897674561
206.79443359375,-0.155445426702499,-0.00899494625627995,0.00420947279781103,1.0088586807251,12.5015077590942,12.8060426712036,0.0208388771861792,0.107220597565174,0.109901458024979,0.987922668457031
207.368316650391,-0.155174374580383,-0.00985704641789198,0.0122899282723665,1.4627730846405,12.3002414703369,12.8079557418823,0.0245606135576963,0.10504112392664,0.109527945518494,0.98811274766922
207.870941162109,-0.152708619832993,-0.0110180471092463,0.0160360019654036,2.19761848449707,12.6436014175415,12.5425119400024,0.0309719927608967,0.107351407408714,0.106452479958534,0.988020360469818
208.435592651367,-0.151413753628731,-0.0100821824744344,0.0154488803818822,2.95332479476929,13.1297931671143,12.0594511032104,0.0374647416174412,0.110969021916389,0.101391069591045,0.987928211688995
208.961227416992,-0.104021705687046,0.00258808583021164,-0.00908605847507715,3.814936876297,9.90987110137939,10.3589019775391,0.040818627923727,0.082978218793869,0.0870250016450882,0.99190479516983
209.527786254883,-0.0123746572062373,0.00961727276444435,0.0075659747235477,7.93315029144287,3.22015810012817,5.87373447418213,0.0704925134778023,0.0244505703449249,0.049151573330164,0.996000647544861
210.106079101563,-0.0317275896668434,0.0139676127582788,-0.0261721964925528,2.57220315933228,8.14996433258057,4.2474627494812,0.0250054225325584,0.0701655596494675,0.0353607498109341,0.996594786643982
210.607330322266,-0.0683797672390938,0.00868669338524342,-0.00568756461143494,3.12116885185242,9.99755001068115,7.77667331695557,0.0329745225608349,0.0850618556141853,0.0651616677641869,0.993695676326752
211.124176025391,-0.0802387297153473,0.00662540318444371,-0.000617024837993085,4.98960590362549,8.45502853393555,9.35014057159424,0.049268513917923,0.0698640495538712,0.0780079141259193,0.993280649185181
211.642181396484,-0.080167293548584,0.00611441396176815,-0.000421046977862716,4.50386381149292,7.35068798065186,9.32850170135498,0.0442914366722107,0.0606525987386703,0.0785762518644333,0.994075119495392
212.160522460938,-0.0878110602498055,0.00758119486272335,-0.00186779908835888,3.71618819236755,6.81295680999756,10.8257932662964,0.0378247685730457,0.0560699328780174,0.0921981930732727,0.993440985679626
212.739273071289,-0.0856567695736885,0.0060290889814496,0.00656506046652794,4.66698169708252,7.32101440429688,10.1215944290161,0.0461015962064266,0.0599584951996803,0.0853704586625099,0.99347448348999
213.254791259766,-0.0928122401237488,0.00361192226409912,0.00686556100845337,5.86756706237793,6.98980474472046,9.45941543579102,0.0559325255453587,0.0564601682126522,0.0790846273303032,0.993694841861725
213.778274536133,-0.0933380350470543,0.00519366189837456,-0.00284065958112478,5.29538917541504,8.13758277893066,9.79442977905273,0.0519606843590736,0.0666860267519951,0.0817966908216476,0.993057072162628
214.279922485352,-0.0971192643046379,0.00555722508579493,-0.00560691952705383,4.91043186187744,7.72355318069458,10.3186473846436,0.0486189499497414,0.0631717294454575,0.0867655277252197,0.993034422397614
214.785736083984,-0.0977687314152718,0.00516267120838165,-0.00198850873857737,5.29587316513062,7.76636409759521,10.4110860824585,0.0520404167473316,0.0631891712546349,0.0873081907629967,0.992812275886536
215.363021850586,-0.0977016389369965,0.0043795108795166,0.00564165133982897,5.48145771026611,8.14637565612793,10.4081153869629,0.0539344511926174,0.0663308203220367,0.0869880765676498,0.992534339427948
215.873306274414,-0.0963384658098221,0.00387998018413782,0.00778103433549404,5.80727243423462,8.22996139526367,10.1637353897095,0.0566752403974533,0.0669088736176491,0.0846165791153908,0.992547810077667
216.453399658203,-0.0989572778344154,0.00359400175511837,0.00752304028719664,5.85659456253052,8.25146102905273,10.2594327926636,0.0571740157902241,0.0670078322291374,0.0854020342230797,0.992445230484009
217.040313720703,-0.0955787301063538,0.00206422805786133,0.00929370522499084,7.04817581176758,9.05014419555664,8.46304416656494,0.0669199526309967,0.0740100741386414,0.0685814470052719,0.992643356323242
217.618469238281,-0.0913243442773819,0.00336643774062395,0.00823227595537901,5.88909912109375,8.9505090713501,7.29823923110962,0.0560686700046062,0.074508011341095,0.0593681298196316,0.99387139081955
218.180679321289,-0.0918136388063431,0.00184302590787411,0.0132363801822066,6.57283639907837,9.15744018554688,7.42600727081299,0.0621855743229389,0.0758295357227325,0.0598791912198067,0.993376731872559
218.74772644043,-0.0943678319454193,0.00142663053702563,0.0164110623300076,6.6303768157959,9.07440376281738,7.96166563034058,0.0629909560084343,0.0747814029455185,0.0645257979631424,0.993114471435547
219.328491210938,-0.0931539386510849,0.000123482663184404,0.0220188237726688,7.33602476119995,9.47004699707031,7.98075580596924,0.069334901869297,0.0777421370148659,0.0639411807060242,0.992502093315125
219.91227722168,-0.0957196801900864,-0.000168404076248407,0.0236773770302534,7.20004320144653,8.95877075195313,8.49334526062012,0.0681991949677467,0.073096789419651,0.0687881857156754,0.992609739303589
220.432144165039,-0.0980247035622597,-0.000779765658080578,0.0244073309004307,7.37784385681152,9.11013126373291,8.81939125061035,0.0700398311018944,0.0740867406129837,0.0713915750384331,0.992224276065826
220.950592041016,-0.100989997386932,-0.000675830990076065,0.0246307086199522,7.46589136123657,9.0232629776001,9.15391731262207,0.0709611102938652,0.0730650275945663,0.0742770135402679,0.992022693157196
221.458892822266,-0.101955927908421,-0.0008201003074646,0.0240585431456566,7.58714008331299,8.8321590423584,9.208984375,0.071920283138752,0.071286641061306,0.0747854188084602,0.992044746875763
222.035369873047,-0.103779852390289,-0.000980864278972149,0.0246908701956272,7.59051322937012,9.11257553100586,9.56991767883301,0.0723640769720078,0.0734839960932732,0.0777304619550705,0.991625666618347
222.60417175293,-0.105017587542534,-0.00127511937171221,0.0260144416242838,7.69531106948853,9.09619903564453,9.74566650390625,0.0733712986111641,0.073149137198925,0.0791843235492706,0.991461396217346
223.121231079102,-0.104951553046703,-0.00177249778062105,0.0261633228510618,7.86334943771362,9.16353034973145,9.74692726135254,0.0748710334300995,0.0735990703105927,0.0790272429585457,0.991328477859497
223.685195922852,-0.10588101297617,-0.00183059962000698,0.0260932110249996,7.95008563995361,8.94249153137207,9.81636047363281,0.0755115821957588,0.071572981774807,0.0797091424465179,0.991373717784882
224.268997192383,-0.10878199338913,-0.00187947880476713,0.0300597231835127,7.91259145736694,8.85981941223145,10.0567941665649,0.075278528034687,0.070729523897171,0.0818707048892975,0.991275787353516
224.835723876953,-0.103802964091301,-0.00242309831082821,0.0355965457856655,8.39787864685059,8.97471904754639,9.8352108001709,0.0794154927134514,0.0714845359325409,0.0795233398675919,0.991089880466461
225.351318359375,-0.108367383480072,-0.00301814079284668,0.0421311110258102,8.49936866760254,9.22577285766602,10.4430494308472,0.0808553621172905,0.0731471478939056,0.0845276489853859,0.990437746047974
225.859451293945,-0.120630651712418,-0.00450531858950853,0.0472261197865009,8.79696464538574,8.25475883483887,11.5169992446899,0.0833079889416695,0.0637249127030373,0.0942886769771576,0.990004360675812
226.369415283203,-0.124603420495987,-0.00424378970637918,0.0471465364098549,8.76585865020752,7.8564977645874,11.6314287185669,0.082771472632885,0.0602296739816666,0.0955869629979134,0.990143656730652
226.881484985352,-0.124552994966507,-0.00381072843447328,0.044292688369751,8.55785465240479,8.30873012542725,11.2634563446045,0.0811461135745049,0.0645904839038849,0.0922242626547813,0.990322291851044
227.382995605469,-0.125591740012169,-0.00228535733185709,0.0415028296411037,7.9800386428833,8.32984733581543,11.3630208969116,0.0762306377291679,0.0652252808213234,0.0934690609574318,0.990554451942444
227.948013305664,-0.125347211956978,-0.0022007436491549,0.0411677472293377,7.83140516281128,8.36537647247314,11.4685249328613,0.0750364735722542,0.0655975937843323,0.0944601893424988,0.990527033805847
228.522598266602,-0.123918548226357,-0.00244873715564609,0.0416155606508255,7.98558902740479,8.17633438110352,11.263072013855,0.0760975256562233,0.063959613442421,0.0927032679319382,0.990719199180603
229.099761962891,-0.121630109846592,0.00249700015410781,0.0393141321837902,5.38410949707031,7.77632570266724,10.7399520874023,0.0529931932687759,0.0630516111850739,0.0900972709059715,0.992521405220032
229.637313842773,-0.120577096939087,-0.000385761260986328,0.0413396507501602,7.45608139038086,7.85856294631958,10.500638961792,0.0708529576659203,0.0621573887765408,0.0866620317101479,0.991769134998322
230.218170166016,-0.118837833404541,0.0140605615451932,0.0258734468370676,358.582366943359,7.08741474151611,9.95595359802246,-0.00693775247782469,0.0626434981822968,0.0873620510101318,0.994180858135223
230.739242553711,-0.117157347500324,0.00329891918227077,0.0355300083756447,5.49965763092041,8.35897159576416,9.71895408630371,0.0538423806428909,0.0684822425246239,0.0809057429432869,0.992907583713531
231.260360717773,-0.11987130343914,0.000705976970493793,0.0406303927302361,6.68836355209351,8.26208400726318,9.96020698547363,0.0642055869102478,0.0665928795933723,0.0822504386305809,0.992309391498566
231.766006469727,-0.11573737859726,-0.000169380567967892,0.0408274456858635,7.22631454467773,8.61343479156494,9.69191932678223,0.0689483731985092,0.0693697780370712,0.0793555900454521,0.992036640644073
232.321090698242,-0.109084010124207,-0.000870852265506983,0.0387240499258041,7.72344398498535,10.033863067627,8.63159847259521,0.0734664797782898,0.0819553285837173,0.0689222365617752,0.991532027721405
232.828979492188,-0.101180575788021,0.00276336772367358,0.029977735131979,5.40551614761353,11.8195953369141,7.84244108200073,0.0538273639976978,0.0993998199701309,0.0631018877029419,0.991584837436676
233.32958984375,-0.0977270752191544,0.00143877859227359,0.0400108247995377,5.9763069152832,13.2585077285767,6.69410276412964,0.0584235265851021,0.112067542970181,0.0519068539142609,0.990622699260712
233.892456054688,-0.119195438921452,0.0028865085914731,0.0361908674240112,4.85047054290771,12.0516128540039,9.45633983612061,0.0505839847028255,0.101056702435017,0.0774726048111916,0.990568935871124
234.478881835938,-0.124681651592255,0.00200915336608887,0.0368631482124329,5.84225273132324,12.3031816482544,10.1423454284668,0.0599292628467083,0.102122522890568,0.0823303759098053,0.989545941352844
235.044525146484,-0.12580743432045,0.00196121633052826,0.0371796078979969,5.76186656951904,11.9336261749268,10.5361862182617,0.0593095719814301,0.0987927541136742,0.0860005915164948,0.989609241485596
235.555236816406,-0.128692254424095,0.00272066565230489,0.0355747044086456,5.0593090057373,11.6255416870117,10.9451894760132,0.0533588081598282,0.0965305343270302,0.0903371199965477,0.989784777164459
236.144653320313,-0.128949448466301,0.00312166009098291,0.0325115732848644,5.20779180526733,11.9318313598633,10.6349058151245,0.0546126812696457,0.0991952195763588,0.0873751640319824,0.989718794822693
236.647323608398,-0.132196977734566,0.00389704899862409,0.0277269519865513,4.86639833450317,11.8972940444946,10.7184553146362,0.0517123341560364,0.0991470888257027,0.0884325057268143,0.989785552024841
237.217102050781,-0.135748624801636,0.00400710431858897,0.0268506444990635,4.82256698608398,11.8216924667358,11.0074157714844,0.0515239723026752,0.0984016060829163,0.0910030975937843,0.989636719226837
237.814315795898,-0.132805287837982,0.00370430969633162,0.027364045381546,4.83653926849365,11.7488327026367,10.7590608596802,0.0513746775686741,0.0978717878460884,0.088877759873867,0.989890158176422
238.414306640625,-0.137121722102165,0.00385675160214305,0.0254701059311628,4.58047771453857,11.3254642486572,11.2480449676514,0.049237322062254,0.0942219644784927,0.0935198962688446,0.989925265312195
238.98420715332,-0.136841744184494,0.00310456193983555,0.0275364890694618,4.84725189208984,11.2579956054688,11.3042612075806,0.0515308640897274,0.0933776348829269,0.0937980860471725,0.989862203598022
239.571304321289,-0.136732563376427,0.00331430044025183,0.0255916137248278,4.78311538696289,11.3416175842285,11.2285118103027,0.050983514636755,0.0941907912492752,0.0931634306907654,0.989873468875885
240.088424682617,-0.136759594082832,0.00366026861593127,0.0221665166318417,4.57021474838257,11.2746610641479,11.3230924606323,0.0491686835885048,0.0937599763274193,0.0941991284489632,0.9899080991745
240.660888671875,-0.137003123760223,0.0035145899746567,0.0228796880692244,4.56119871139526,11.1968851089478,11.4183082580566,0.0491042397916317,0.0930553302168846,0.0950629711151123,0.989895224571228
241.236282348633,-0.135974436998367,0.00252468511462212,0.0279619842767715,5.11527729034424,10.6890306472778,11.4126281738281,0.0534622631967068,0.0881725996732712,0.0947626158595085,0.990145146846771
241.824325561523,-0.130836918950081,0.00201252521947026,0.0294763781130314,5.62616443634033,10.9247579574585,10.8029384613037,0.0575880222022533,0.0900563448667526,0.0889423713088036,0.990284144878387
242.3251953125,-0.131935864686966,0.00221783760935068,0.0286413505673409,5.33123064041138,10.6956768035889,11.1247596740723,0.0551107414066792,0.0881744101643562,0.0920889526605606,0.990306913852692
242.897064208984,-0.134433627128601,0.00146516924723983,0.0307554453611374,5.59349012374878,10.4652280807495,11.3083267211914,0.0573278851807117,0.0858603939414024,0.0935679823160172,0.990245699882507
243.461227416992,-0.133312448859215,0.00192857882939279,0.0271518230438232,5.35840129852295,10.506890296936,11.2168407440186,0.0552631057798862,0.0864745527505875,0.0929528176784515,0.990367591381073
243.973678588867,-0.134762987494469,0.00237236032262444,0.0259694997221231,5.16101884841919,10.517484664917,11.3104677200317,0.0536380372941494,0.0866969749331474,0.0939215421676636,0.990346074104309
244.564834594727,-0.135523796081543,0.00213777762837708,0.0275644417852163,5.25228834152222,10.3013324737549,11.4705247879028,0.0543673597276211,0.0846715718507767,0.0953312888741493,0.990346848964691
245.150695800781,-0.136059209704399,0.00200649118050933,0.0282336696982384,5.30094575881958,10.1769857406616,11.5718517303467,0.0547579452395439,0.0835045278072357,0.0962265953421593,0.99033784866333
245.720016479492,-0.136975407600403,0.00238704704679549,0.0262405872344971,5.02566480636597,10.0909786224365,11.7432460784912,0.0524324029684067,0.0829333364963531,0.0979698598384857,0.990340769290924
246.320022583008,-0.133262827992439,0.0015231731813401,0.029396016150713,5.53089666366577,9.71625137329102,11.5714817047119,0.0563566237688065,0.0793128982186317,0.0962643623352051,0.990589022636414
246.845520019531,-0.133249551057816,0.0016018848400563,0.0276961699128151,5.39733076095581,9.84925842285156,11.414981842041,0.0552046485245228,0.0806597694754601,0.0949510112404823,0.990671873092651
247.365173339844,-0.137060806155205,0.00220121163874865,0.0260273236781359,5.10903358459473,9.59337425231934,11.7482204437256,0.0527300909161568,0.0785530358552933,0.0981759056448936,0.990661680698395
247.956008911133,-0.136393427848816,0.00229992251843214,0.0256298668682575,5.14906024932861,9.76084423065186,11.6970062255859,0.0531834997236729,0.0799876302480698,0.0976249054074287,0.990577042102814
248.507415771484,-0.135652795433998,0.00150004564784467,0.0288608521223068,5.44935178756714,9.64480590820313,11.6823434829712,0.0556683912873268,0.0787156969308853,0.0973207354545593,0.990572333335876
249.012741088867,-0.13491815328598,0.0017338206525892,0.0273998863995075,5.39050388336182,9.83821105957031,11.5912780761719,0.0552604123950005,0.0804854854941368,0.0964857116341591,0.990534663200378
249.52864074707,-0.1368068754673,0.000399188138544559,0.0267273429781199,6.02777862548828,9.81652545928955,11.685040473938,0.0608106702566147,0.0796658992767334,0.0968057811260223,0.990244448184967
250.036499023438,-0.138662025332451,0.00170859647914767,0.0249230246990919,5.48697471618652,9.8058557510376,11.9879341125488,0.0563433691859245,0.0799232423305511,0.0998538807034492,0.99018532037735
250.538360595703,-0.134785950183868,8.11163336038589E-05,0.0258898679167032,6.25330877304077,10.508695602417,10.5811700820923,0.0625142306089401,0.086043156683445,0.0867091789841652,0.990540266036987
251.039077758789,-0.126695364713669,-0.00255518453195691,0.0323132053017616,8.01029396057129,11.5562877655029,9.90787982940674,0.0779043212532997,0.0940548405051231,0.0787006840109825,0.98938912153244
251.600662231445,-0.128143176436424,-0.000649942550808191,0.0300067514181137,6.68628978729248,11.0130672454834,10.0775938034058,0.0662361308932304,0.0903275012969971,0.0817018747329712,0.990342676639557
252.170486450195,-0.130967512726784,0.00103225186467171,0.0252328794449568,5.77752780914307,11.0389385223389,10.115255355835,0.0584366917610168,0.0912654623389244,0.0828089043498039,0.990655601024628
252.676116943359,-0.132640078663826,0.00160838197916746,0.0231969207525253,5.45060586929321,11.0191621780396,10.2342510223389,0.0556931160390377,0.0913001149892807,0.084132581949234,0.990698933601379
253.255264282227,-0.133592560887337,0.00222858600318432,0.0209875479340553,5.07553911209106,10.8796463012695,10.4491844177246,0.0525194592773914,0.0903000012040138,0.0863808915019035,0.990770399570465
253.756225585938,-0.133973926305771,0.0023927332367748,0.0214116647839546,4.98499250411987,10.7905321121216,10.654016494751,0.0518300011754036,0.0895118042826653,0.0882697999477386,0.990711748600006
254.331558227539,-0.133541092276573,0.00217571435496211,0.0241481028497219,5.0696496963501,10.6129350662231,10.6965608596802,0.0524572171270847,0.0878855958580971,0.0886469185352325,0.990790665149689
254.902252197266,-0.133462682366371,0.00199191644787788,0.0255178939551115,5.11208438873291,10.4276361465454,10.8128824234009,0.0527679957449436,0.0861939713358879,0.0897024646401405,0.990827739238739
255.406478881836,-0.133711710572243,0.00180759280920029,0.0260818786919117,5.13119745254517,10.3225345611572,10.9288959503174,0.0529371537268162,0.0852153226733208,0.0907383486628532,0.990809082984924
255.909103393555,-0.13347253203392,0.00224587693810463,0.0246382895857096,5.18530368804932,10.2952861785889,11.0461225509644,0.0534699037671089,0.0848784148693085,0.0917203426361084,0.990718960762024
256.413604736328,-0.136060550808907,0.00922536104917526,0.0220865570008755,1.73042130470276,9.07721519470215,11.998161315918,0.0232396312057972,0.0771152898669243,0.102984555065632,0.991416871547699
256.983825683594,-0.132042750716209,0.0102513842284679,0.0210281871259212,0.137646540999413,7.34348058700562,11.2807054519653,0.00748702418059111,0.0636121928691864,0.0980054438114166,0.993122577667236
257.484283447266,-0.0650388300418854,0.0153369642794132,0.00187121913768351,359.745727539063,4.53653860092163,8.11349582672119,0.000588384922593832,0.0396360158920288,0.0707764625549316,0.996704280376434
258.027221679688,-0.153346955776215,0.00239562964998186,0.0211215317249298,0.715140461921692,11.5017518997192,11.4145889282227,0.016143212094903,0.0990871265530586,0.098321758210659,0.990077793598175
258.553161621094,-0.184322327375412,-0.0040432857349515,0.029511671513319,1.67324006557465,10.5080585479736,14.5422277450562,0.0260114707052708,0.0889853462576866,0.124693028628826,0.987854599952698
259.08740234375,-0.168776959180832,-0.00571906100958586,0.0287843383848667,1.84686160087585,10.7935314178467,11.8073225021362,0.0256322491914034,0.0918908268213272,0.100879140198231,0.990314304828644
259.598052978516,-0.16538679599762,-0.00647012889385223,0.0289584770798683,1.7726993560791,11.3881607055664,11.2184658050537,0.0250156968832016,0.09722550958395,0.0957219004631042,0.990332663059235
260.176635742188,-0.161279752850533,-0.00773594155907631,0.0318099819123745,1.89424479007721,12.0167617797852,10.8835725784302,0.0262900851666927,0.102628968656063,0.0925780907273293,0.990053236484528
260.688201904297,-0.1500024497509,-0.00846633687615395,0.0323007516562939,2.47928500175476,12.220760345459,9.57450103759766,0.0303175393491983,0.104252807796001,0.0806677415966988,0.990810215473175
261.253814697266,-0.152586445212364,-0.00868663191795349,0.0259130857884884,1.99277257919312,12.9972581863403,10.0487222671509,0.0271218996495008,0.111214354634285,0.0850428491830826,0.989779531955719
261.7578125,-0.159098863601685,-0.00791837647557259,0.0207963138818741,1.15092980861664,12.3150272369385,10.4888887405396,0.0197476502507925,0.105894990265369,0.0898003578186035,0.990117251873016
262.323883056641,-0.157099068164825,-0.00728556048125029,0.020537706092,0.910047590732574,12.0440196990967,10.9831266403198,0.0179010387510061,0.103669874370098,0.0943387597799301,0.989965856075287
262.824981689453,-0.156298100948334,-0.00858637038618326,0.0213848259299994,1.46701908111572,12.3947172164917,10.8273496627808,0.0228543635457754,0.10626245290041,0.092411033809185,0.989770770072937
263.392456054688,-0.158714264631271,-0.00802880059927702,0.0178385358303785,0.87548691034317,12.1994552612305,10.8445835113525,0.0176034960895777,0.105062916874886,0.093149721622467,0.989936888217926
263.971374511719,-0.151265904307365,-0.00740320421755314,0.0184223726391792,0.638310790061951,12.5629777908325,10.5437355041504,0.0155663304030895,0.108439929783344,0.0907217487692833,0.98983234167099
264.565155029297,-0.151872679591179,-0.00791375525295734,0.0213086046278477,0.767124354839325,12.338005065918,10.7137365341187,0.0166587941348553,0.106368407607079,0.0920998975634575,0.989912092685699
265.139617919922,-0.154473975300789,-0.00792940147221088,0.0207296498119831,0.60391092300415,12.1218881607056,11.0187664031982,0.0153534887358546,0.104593895375729,0.0949168801307678,0.9898561835289
265.704711914063,-0.154143646359444,-0.00781218707561493,0.0184057336300611,0.52619081735611,12.4693651199341,11.0005197525024,0.014953026548028,0.107662431895733,0.0947859659790993,0.98954576253891
266.239471435547,-0.156502544879913,-0.00844156742095947,0.0203239470720291,0.798887133598328,11.9788408279419,11.4069747924805,0.0172687396407127,0.10313668847084,0.0981115847826004,0.989665985107422
266.824279785156,-0.155197605490685,-0.00849036872386932,0.0239571835845709,0.876869678497314,11.7838821411133,11.482837677002,0.0178424194455147,0.101373217999935,0.0987260863184929,0.989776909351349
267.399047851563,-0.15753661096096,-0.00850641634315252,0.0263583920896053,0.717861771583557,11.2315320968628,11.9105987548828,0.0163534600287676,0.0966799035668373,0.102642841637135,0.989873826503754
267.925842285156,-0.157678842544556,-0.00829280540347099,0.023332417011261,0.53111469745636,11.5844688415527,11.8439922332764,0.0149989603087306,0.0999060347676277,0.102181278169155,0.989622592926025
268.510955810547,-0.158165976405144,-0.00796493422240019,0.020181255415082,0.411521822214127,11.86634349823,11.6565732955933,0.0140502247959375,0.102470673620701,0.100633531808853,0.989532887935638
269.093994140625,-0.15715603530407,-0.00825382303446531,0.023558808490634,0.614228785037994,11.8594875335693,11.5946407318115,0.0157392416149378,0.102240517735481,0.0999169424176216,0.989603877067566
269.603057861328,-0.155915543437004,-0.00888143852353096,0.0262301191687584,0.852794826030731,12.0226745605469,11.5018453598022,0.0178574025630951,0.103453651070595,0.0988748744130135,0.989546477794647
270.16796875,-0.151046693325043,-0.00757324695587158,0.0198267605155706,0.274782329797745,11.7837390899658,10.9394311904907,0.012159057892859,0.101956322789192,0.0945707634091377,0.990208804607391
270.678924560547,-0.151484236121178,-0.00776018993929029,0.0188544280827045,0.199269786477089,10.7344598770142,10.4615297317505,0.0102517968043685,0.0929913744330406,0.0906054750084877,0.991482853889465
271.240509033203,-0.154157742857933,-0.00860607624053955,0.0246011074632406,0.564666628837585,11.0558767318726,10.642894744873,0.0138175273314118,0.0954598858952522,0.0918382331728935,0.99109148979187
271.819732666016,-0.15580815076828,-0.00830256938934326,0.0257485806941986,0.547749996185303,11.4231405258179,11.1171016693115,0.0143736600875854,0.0985908806324005,0.0959074571728706,0.990391373634338
272.354278564453,-0.15258052945137,-0.00894354470074177,0.0252810139209032,0.914103746414185,12.2507858276367,10.7781372070313,0.0179175920784473,0.105484806001186,0.0925317779183388,0.989944338798523
272.864105224609,-0.153278946876526,-0.00892910361289978,0.0246600322425365,1.03428149223328,12.2603664398193,10.7747621536255,0.0189602356404066,0.105469256639481,0.0923887863755226,0.98993992805481
273.373443603516,-0.149691537022591,-0.00897642038762569,0.0219549015164375,1.14990770816803,13.0474672317505,10.5571517944336,0.0203792490065098,0.112210057675838,0.0902627110481262,0.989366590976715
273.936126708984,-0.148784533143044,-0.00988162867724895,0.0192920435220003,1.81685960292816,13.3799505233765,10.2736368179321,0.026112399995327,0.114604651927948,0.08707395195961,0.98924320936203
274.4384765625,-0.145053088665009,-0.00983107089996338,0.00859497487545013,1.70268368721008,12.6489610671997,8.65241146087646,0.0230345707386732,0.108718991279602,0.0733353346586227,0.991096138954163
275.038482666016,-0.14247091114521,-0.0139598473906517,0.00728945713490248,4.21010112762451,14.0449476242065,7.19443321228027,0.0440500006079674,0.119648091495037,0.0577473975718021,0.99015611410141
275.564056396484,-0.14001452922821,-0.0140612237155437,0.0099564241245389,4.15615081787109,13.8597135543823,6.80256128311157,0.0430865399539471,0.118226788938046,0.0544891618192196,0.990553855895996
276.078674316406,-0.134681522846222,-0.0136464778333902,0.00920133944600821,3.59330749511719,12.9531717300415,5.78242492675781,0.0367993041872978,0.111026905477047,0.0465612635016441,0.992043793201447
276.594879150391,-0.114631697535515,-0.0170876085758209,0.0141950463876128,5.00247955322266,13.4566259384155,3.71375274658203,0.0471104420721531,0.115584053099155,0.0270387474447489,0.991811394691467
277.167694091797,-0.10309624671936,-0.0157580636441708,0.00925606675446033,4.01552581787109,12.5648765563965,3.06068634986877,0.0377327501773834,0.108393423259258,0.0226971823722124,0.993132412433624
277.747009277344,-0.10685458779335,-0.0162683334201574,0.0126557797193527,4.67662668228149,13.1632604598999,4.57403802871704,0.0450688637793064,0.112814582884312,0.0349367000162601,0.991978347301483
278.313232421875,-0.110436499118805,-0.0166988354176283,0.0152888391166925,5.07914781570435,13.632396697998,5.48321962356567,0.0496172122657299,0.116327993571758,0.0421943068504333,0.991072952747345
278.890838623047,-0.116219475865364,-0.0176670271903276,0.0198157392442226,5.56788444519043,13.6996078491211,6.23492050170898,0.0546302497386932,0.116327472031116,0.0481469966471195,0.990537941455841
279.465301513672,-0.116712316870689,-0.0177004057914019,0.0176160335540771,5.70382165908813,13.8466329574585,6.52445936203003,0.0561628416180611,0.117385759949684,0.0504332333803177,0.990213513374329
280.048095703125,-0.115582436323166,-0.0168352220207453,0.0150583796203136,5.28511571884155,14.0872774124146,6.66686964035034,0.0528022721409798,0.119626998901367,0.0520023331046104,0.990049064159393
280.571929931641,-0.117379352450371,-0.0167075991630554,0.0170899163931608,5.32503128051758,14.0752973556519,6.83703327178955,0.0533188655972481,0.119422398507595,0.0534344799816608,0.989969789981842
281.147644042969,-0.120059907436371,-0.0188429355621338,0.0216605961322784,6.2289137840271,13.6328983306885,7.31788969039917,0.0613999702036381,0.114829421043396,0.0568372309207916,0.989855468273163
281.67138671875,-0.118939407169819,-0.019078841432929,0.0206334684044123,6.3733172416687,14.7517127990723,7.6315770149231,0.0635370016098022,0.124226279556751,0.0587755627930164,0.988471686840057
282.183746337891,-0.12779612839222,-0.0192677527666092,0.0196574032306671,6.40273523330688,15.1569242477417,8.62039947509766,0.0650973916053772,0.12714509665966,0.0670392438769341,0.987472653388977
282.7001953125,-0.13204225897789,-0.0192955080419779,0.0199393983930349,6.61266040802002,14.9464464187622,9.17837333679199,0.0673902034759521,0.124854691326618,0.0717218816280365,0.987282037734985
283.205749511719,-0.134087339043617,-0.0196179822087288,0.0208568386733532,6.61870002746582,14.8346481323242,9.60269069671631,0.0678304508328438,0.123636513948441,0.0754363089799881,0.987128376960754
283.735443115234,-0.135782197117805,-0.0197109486907721,0.0213516410440207,6.59022998809814,15.0576801300049,9.90857219696045,0.0680672377347946,0.125398740172386,0.0779717862606049,0.986692667007446
284.239440917969,-0.136349618434906,-0.0195405855774879,0.0203892104327679,6.49202585220337,15.0670986175537,9.84092330932617,0.0671550184488297,0.125599145889282,0.0774996057152748,0.986766874790192
284.754699707031,-0.137314796447754,-0.0185163412243128,0.0167429037392139,5.94388723373413,14.9762420654297,10.0240097045898,0.0625783205032349,0.125156790018082,0.079772025346756,0.986942887306213
285.331939697266,-0.135906860232353,-0.0175316911190748,0.0153534784913063,4.96777725219727,14.9668951034546,10.302041053772,0.0544778853654861,0.125734090805054,0.0833112746477127,0.987057507038116
285.843444824219,-0.125283405184746,-0.0275805946439505,0.0254879463464022,10.8335208892822,15.0915699005127,7.48604965209961,0.101916842162609,0.124343946576118,0.0520573705434799,0.985617339611053
286.363830566406,-0.0803737193346024,-0.00513860024511814,-0.00735521456226707,4.57550382614136,9.99385261535645,6.18234777450562,0.0444018617272377,0.084761843085289,0.0502053201198578,0.994144558906555
286.866912841797,0.00893997028470039,0.00638618785887957,0.00402677850797772,6.4642539024353,4.16859102249146,3.91227865219116,0.0575506910681725,0.0343675054609776,0.0320082120597363,0.997237324714661
287.382629394531,0.051161102950573,-0.00202448014169931,0.00828356109559536,9.90498733520508,2.58944749832153,2.30248785018921,0.0867425426840782,0.0207723062485456,0.018061276525259,0.995850443840027
287.896667480469,0.0330820232629776,-0.0143819246441126,-0.0101845664903522,14.787880897522,7.45713663101196,359.810913085938,0.128311723470688,0.0647009536623955,-0.0100016556680202,0.989570558071136
288.410675048828,-0.00441275257617235,-0.0191869139671326,0.00503726629540324,15.0966100692749,12.069522857666,359.642700195313,0.130308449268341,0.10462761670351,-0.0168842114508152,0.985792934894562
288.929779052734,-0.0233235433697701,-0.0290956795215607,0.0231197979301214,18.2881889343262,14.0379028320313,2.67662906646729,0.160501703619957,0.116927966475487,0.00347215379588306,0.980079114437103
289.508575439453,-0.0122332833707333,-0.0325539968907833,0.0489194057881832,16.4145984649658,10.8059854507446,3.00450730323792,0.144515156745911,0.0894380211830139,0.0123952440917492,0.985374331474304
290.031066894531,0.00309395790100098,0.01982581615448,0.0664848387241364,2.24939322471619,16.9540977478027,1.12690889835358,0.0208623986691236,0.147186785936356,0.00683132000267506,0.988865077495575
290.601867675781,0.0766030102968216,0.061851192265749,0.117659479379654,25.9614887237549,13.8813438415527,339.848541259766,0.198937654495239,0.154947265982628,-0.195954889059067,0.947637557983398
291.134948730469,0.121189758181572,-0.375529944896698,0.23178967833519,67.7875671386719,214.788681030273,194.425842285156,0.806776463985443,0.0659343749284744,-0.179368034005165,0.559098839759827
