Seconds,PositionX,PositionY,PositionZ,RotationX,RotationY,RotationZ,QuatX,QuatY,QuatZ,QuatW
3.58836936950684,0.0119890840724111,0.0322182402014732,0.121832698583603,10.0091361999512,5.13895606994629,357.694641113281,0.086231417953968,0.0464039854705334,-0.0239298045635223,0.99490612745285
4.12579298019409,0.0236672312021255,0.0263466835021973,0.127315282821655,12.9020328521729,7.8971118927002,356.418243408203,0.109893903136253,0.0718942433595657,-0.0387130938470364,0.990583598613739
4.63952016830444,0.0334378518164158,0.0408782549202442,0.132852777838707,5.31688547134399,14.4884824752808,357.716705322266,0.0434928275644779,0.126855298876762,-0.0255915094166994,0.990636765956879
5.15769004821777,0.0321468636393547,0.0644738674163818,0.15780933201313,0.141823634505272,16.7835597991943,357.169769287109,-0.00238013709895313,0.145926713943481,-0.0246121250092983,0.988986372947693
5.68324756622314,-0.0274327509105206,0.0223793908953667,0.212222039699554,24.6517944335938,20.5032062530518,356.561981201172,0.204753831028938,0.180091917514801,-0.0668132305145264,0.95978057384491
6.19412612915039,-0.0296351611614227,0.0486582070589066,0.208885565400124,12.6116132736206,14.8347835540771,358.058135986328,0.106725983321667,0.130142718553543,-0.0308788940310478,0.98525071144104
6.73817110061646,-0.0291778296232224,0.0716856345534325,0.179798558354378,358.134338378906,13.0404005050659,357.929656982422,-0.0182234216481447,0.113227710127831,-0.0160984788089991,0.993271470069885
7.25988721847534,-0.0274921655654907,0.0750289037823677,0.161953434348106,356.144592285156,12.7946310043335,357.446990966797,-0.0359013564884663,0.11058697104454,-0.0183790251612663,0.993047773838043
7.7660813331604,-0.0265355370938778,0.0745659470558167,0.167307823896408,356.320434570313,12.5732145309448,356.753814697266,-0.0349988117814064,0.108497738838196,-0.0246254783123732,0.993175208568573
8.30373573303223,-0.0274887531995773,0.0712982192635536,0.1775261759758,358.627990722656,12.2010364532471,356.973937988281,-0.0147065231576562,0.105914071202278,-0.0249808728694916,0.993952631950378
8.82800197601318,-0.0270327925682068,0.06991808116436,0.173043623566628,359.88330078125,12.1320562362671,357.129699707031,-0.00365892914123833,0.105615928769112,-0.0247976388782263,0.994091033935547
9.34565544128418,-0.0276073273271322,0.0727672204375267,0.155619338154793,357.678558349609,10.8564357757568,357.260864257813,-0.0224208887666464,0.0940701961517334,-0.0218734052032232,0.995072782039642
9.86552906036377,-0.0269156266003847,0.0731667950749397,0.151433363556862,357.579559326172,11.0227899551392,357.255889892578,-0.0233164150267839,0.0954913720488548,-0.0218005310744047,0.994918346405029
10.3933525085449,-0.0272648464888334,0.0717352107167244,0.159992232918739,358.6416015625,10.9463901519775,357.352294921875,-0.0140001950785518,0.095075286924839,-0.0218663141131401,0.995131433010101
10.9139156341553,-0.0264299288392067,0.069888673722744,0.165613576769829,359.851837158203,11.1761054992676,357.530517578125,-0.00338468747213483,0.0973249599337578,-0.0213202871382236,0.995018541812897
11.4172420501709,-0.0388129577040672,0.0749725252389908,0.167327702045441,357.048095703125,3.345379114151,357.413726806641,-0.0263983476907015,0.0285916477441788,-0.0217987224459648,0.999004721641541
11.9548673629761,-0.0405285358428955,0.0688462927937508,0.16744926571846,2.01650428771973,5.5220799446106,0.356593757867813,0.0177257768809795,0.0481082051992416,0.00226014340296388,0.99868232011795
12.4606714248657,-0.0374269858002663,0.06973035633564,0.164569407701492,1.13990890979767,5.56567621231079,359.802978515625,0.00985220074653625,0.0485652014613152,-0.0022001639008522,0.998769044876099
12.9756107330322,-0.034362405538559,0.0692794099450111,0.168606027960777,1.3816864490509,6.40410614013672,359.324737548828,0.0117090409621596,0.055923193693161,-0.00655647180974483,0.998344898223877
13.4965114593506,-0.0342468097805977,0.0694848671555519,0.167658239603043,1.0627019405365,6.4319896697998,359.292877197266,0.00891274400055408,0.0561538822948933,-0.00668103247880936,0.998359978199005
14.01624584198,-0.0316834077239037,0.069805882871151,0.165012583136559,0.819838464260101,7.26122951507568,358.919036865234,0.00654237344861031,0.0633867084980011,-0.00986702181398869,0.997918844223022
14.5342483520508,-0.0303137451410294,0.0717964246869087,0.161067247390747,359.544250488281,7.82957649230957,358.666931152344,-0.00476183276623487,0.0682214722037315,-0.0113341603428125,0.997594475746155
15.0531015396118,-0.0263307001441717,0.0703705325722694,0.162544801831245,0.160472378134727,8.18925094604492,358.127502441406,0.000229897690587677,0.0714170932769775,-0.0163980927318335,0.99731171131134
15.5717868804932,-0.0257835015654564,0.0698670819401741,0.168319687247276,0.360550850629807,8.39877796173096,358.120361328125,0.00193643220700324,0.0732688084244728,-0.0165885370224714,0.9971724152565
16.1000900268555,-0.0248770266771317,0.0706846117973328,0.176455602049828,0.218739405274391,8.66682624816895,358.151306152344,0.000684207479935139,0.075580969452858,-0.0162302292883396,0.997007310390472
16.6124382019043,-0.0259950421750546,0.0673104748129845,0.179053872823715,2.25431084632874,8.14446353912354,358.203552246094,0.0185062028467655,0.0712991580367088,-0.0170304924249649,0.997137904167175
17.1375846862793,-0.0252119190990925,0.067986287176609,0.175226122140884,1.85901379585266,8.10497951507568,358.273468017578,0.0151152536273003,0.0708967968821526,-0.0161728635430336,0.997237980365753
17.6545429229736,-0.0251032337546349,0.0685765594244003,0.175927311182022,1.6289529800415,8.24971675872803,358.303588867188,0.0131117384880781,0.0721249282360077,-0.0157859288156033,0.99718451499939
18.1734085083008,-0.0253005474805832,0.0690573379397392,0.176029846072197,1.14350032806396,8.60476112365723,358.28857421875,0.00882920622825623,0.0751566663384438,-0.0156400520354509,0.997009992599487
18.6916618347168,-0.0239815954118967,0.0717936903238297,0.170328587293625,359.61376953125,9.09964466094971,357.808685302734,-0.00487596075981855,0.0792467445135117,-0.0187939424067736,0.996665954589844
19.219295501709,-0.0227712541818619,0.0717043951153755,0.167412772774696,359.518249511719,8.60775470733643,357.631561279297,-0.0057421987876296,0.0749428793787956,-0.0202931724488735,0.996964812278748
19.7356014251709,-0.0192574318498373,0.0713115110993385,0.166871711611748,359.876647949219,9.36022090911865,357.366546630859,-0.00294754258356988,0.0815462842583656,-0.0228148549795151,0.996404051780701
20.2562522888184,-0.0193445887416601,0.0713022202253342,0.163732722401619,359.731964111328,8.80074787139893,357.558380126953,-0.00396629003807902,0.0766582190990448,-0.0210632067173719,0.996827065944672
20.7728099822998,-0.0222147256135941,0.071866437792778,0.162359490990639,359.667846679688,8.2255744934082,358.025024414063,-0.00412667728960514,0.0716592743992805,-0.0169818233698606,0.997276067733765
21.2903709411621,-0.0211555939167738,0.0722050294280052,0.160226956009865,359.4990234375,8.48194599151611,357.897369384766,-0.00571588659659028,0.0738582238554955,-0.0179741736501455,0.997090399265289
21.8103771209717,-0.0206207558512688,0.0722243189811707,0.158123716711998,359.684051513672,8.61464977264404,358.124725341797,-0.00397798977792263,0.075050875544548,-0.016110735014081,0.997041642665863
22.3277244567871,-0.0175789929926395,0.0721737444400787,0.152712494134903,359.737548828125,8.79922485351563,357.914459228516,-0.00367928855121136,0.0766578167676926,-0.0179694425314665,0.996888756752014
22.9109268188477,-0.01797179505229,0.0720952451229095,0.145154014229774,359.351593017578,9.47609996795654,357.560150146484,-0.00739625934511423,0.0824602469801903,-0.0207498203963041,0.996350884437561
23.4293823242188,-0.0197719484567642,0.0723313540220261,0.151567384600639,359.411895751953,9.60244846343994,357.902740478516,-0.00664497911930084,0.0835904255509377,-0.0178069565445185,0.996318936347961
24.0221004486084,-0.0202476028352976,0.0707642510533333,0.164935201406479,0.41070681810379,9.42228603363037,357.975067138672,0.00212015048600733,0.0821821019053459,-0.0179044995456934,0.996454238891602
24.6046180725098,-0.0242055375128984,0.0678378045558929,0.178884580731392,2.66938877105713,8.57111263275146,359.027587890625,0.0225927904248238,0.0749014839529991,-0.0102003533393145,0.996882796287537
25.1988887786865,-0.0251984167844057,0.0669417828321457,0.178340375423431,2.93303036689758,8.26016902923584,359.119110107422,0.02497205324471,0.0721916705369949,-0.00950778555124998,0.997032821178436
25.7551918029785,-0.0173690523952246,0.0685593485832214,0.152817055583,1.73470950126648,9.42128849029541,357.681121826172,0.0134218391031027,0.0824027061462402,-0.0214069355279207,0.996278822422028
26.2626533508301,-0.0136699434369802,0.0734736695885658,0.144068837165833,358.53564453125,9.07683658599854,357.579650878906,-0.0144066289067268,0.0788343921303749,-0.0200410336256027,0.99658215045929
26.7692928314209,-0.010437841527164,0.0767946019768715,0.144748076796532,356.471923828125,9.041916847229,357.260131835938,-0.0325624868273735,0.0780302211642265,-0.0213962271809578,0.99618935585022
27.2793235778809,-0.0132575277239084,0.0774034932255745,0.147153794765472,356.2451171875,8.5008373260498,357.762908935547,-0.0341112390160561,0.0734240934252739,-0.0170291569083929,0.996571779251099
27.7925682067871,-0.0156433209776878,0.0789061188697815,0.147235050797462,355.431854248047,8.30606079101563,358.139984130859,-0.040918692946434,0.0717083662748337,-0.0132895167917013,0.996497333049774
28.3160858154297,-0.0156085323542356,0.0779663845896721,0.146803200244904,355.760864257813,8.38474941253662,358.093109130859,-0.0380964316427708,0.0724315643310547,-0.0138805853202939,0.996548891067505
28.8414478302002,-0.0158366654068232,0.0782886147499084,0.144450545310974,355.573974609375,8.47497081756592,358.184539794922,-0.0396740958094597,0.0732162147760391,-0.0129343373700976,0.996442794799805
29.3456840515137,-0.0157568641006947,0.07852853089571,0.142170831561089,355.346954345703,8.16993045806885,358.111663818359,-0.0416584350168705,0.0705001056194305,-0.0135313263162971,0.996549665927887
29.8476066589355,-0.0153582617640495,0.0783909857273102,0.139845371246338,355.477996826172,7.89379549026489,358.221313476563,-0.0404209494590759,0.0681591331958771,-0.0127572985365987,0.996773660182953
30.3663215637207,-0.0139277642592788,0.0789160653948784,0.136167570948601,354.952789306641,7.60263586044312,358.179931640625,-0.044980626553297,0.0655264183878899,-0.0129134487360716,0.996752858161926
30.8671073913574,-0.0155099928379059,0.0765700787305832,0.138089030981064,356.583068847656,7.04073858261108,358.669067382813,-0.0304684937000275,0.0610263384878635,-0.00975658744573593,0.997623324394226
31.3735122680664,-0.0168847180902958,0.0757281854748726,0.139451622962952,357.666839599609,7.79173135757446,359.072326660156,-0.0208615846931934,0.067762553691864,-0.006691740360111,0.997460901737213
31.8841686248779,-0.0200765766203403,0.0745035260915756,0.146426558494568,358.466278076172,7.01121854782104,359.669372558594,-0.0135350860655308,0.0611019879579544,-0.00206122384406626,0.99803763628006
32.3950996398926,-0.0206449069082737,0.074233666062355,0.155696839094162,358.69189453125,7.01869678497314,359.606475830078,-0.0116037186235189,0.0611679218709469,-0.00272869388572872,0.998056352138519
32.91455078125,-0.0200537145137787,0.0732491761445999,0.159171879291534,359.461822509766,7.24514198303223,359.746734619141,-0.00482658017426729,0.063172459602356,-0.00190891488455236,0.997989118099213
33.4271011352539,-0.0174667201936245,0.0720772296190262,0.152258515357971,0.319724589586258,7.25353956222534,359.261199951172,0.00237664463929832,0.0632732138037682,-0.00661078048869967,0.997971534729004
33.9307441711426,-0.0163706094026566,0.0731525123119354,0.148669198155403,359.647827148438,7.42109107971191,359.506805419922,-0.0033453325740993,0.0647018775343895,-0.00409597065299749,0.997890651226044
34.4370536804199,-0.0182525217533112,0.0735440254211426,0.154214605689049,359.651947021484,7.07171678543091,359.884643554688,-0.00309376697987318,0.0616698376834393,-0.000817516294773668,0.998091459274292
34.956241607666,-0.021228164434433,0.0731770694255829,0.157384276390076,359.717742919922,6.97757530212402,359.799346923828,-0.00256504793651402,0.0608486346900463,-0.00159800855908543,0.99814248085022
35.5405654907227,-0.0234078913927078,0.0729135498404503,0.156529009342194,0.113507889211178,6.92114973068237,0.43865641951561,0.00121979345567524,0.0603574551641941,0.00376121746376157,0.998169004917145
36.0425415039063,-0.0211624056100845,0.0724837779998779,0.155178472399712,0.247890964150429,6.82331085205078,0.216498881578445,0.00227184826508164,0.059505108743906,0.00175722129642963,0.998223841190338
36.5557174682617,-0.0165416784584522,0.072841078042984,0.156145170331001,359.739929199219,7.69827222824097,359.557312011719,-0.00252379919402301,0.0671201571822166,-0.00370215601287782,0.997734844684601
37.074592590332,-0.0173808671534061,0.0725725963711739,0.158408150076866,359.685363769531,7.35100221633911,359.692077636719,-0.00291227363049984,0.0640977770090103,-0.00250549567863345,0.997936248779297
37.5764961242676,-0.019324105232954,0.0722085013985634,0.158818125724792,359.786254882813,7.27287673950195,359.819305419922,-0.00196159491315484,0.0634220987558365,-0.00145524006802589,0.997983813285828
38.0831031799316,-0.016993060708046,0.0733032375574112,0.151518315076828,358.837280273438,7.5256175994873,359.296722412109,-0.0105272494256496,0.0655594542622566,-0.00545787857845426,0.997778236865997
38.5925445556641,-0.0120358262211084,0.0736759603023529,0.153754770755768,359.033355712891,9.40420436859131,358.936584472656,-0.00916740950196981,0.0818906053900719,-0.00855682604014874,0.996562421321869
39.0997505187988,0.00079650990664959,0.0397799983620644,0.181913867592812,17.9793930053711,14.250696182251,356.987976074219,0.15177658200264,0.126549497246742,-0.0451339669525623,0.979240536689758
39.6142730712891,0.0211200751364231,0.0121475802734494,0.190078496932983,30.509485244751,17.8294944763184,354.913909912109,0.253043204545975,0.160890519618988,-0.0830221995711327,0.950363516807556
40.1162338256836,0.0131168691441417,0.0492636226117611,0.17270827293396,12.2833623886108,14.6771545410156,355.715606689453,0.101289696991444,0.130876913666725,-0.0505167916417122,0.984916090965271
40.7114181518555,0.00429585203528404,0.0710868090391159,0.147672936320305,359.83837890625,11.8765153884888,356.510437011719,-0.00455214828252792,0.103365913033485,-0.0301382727921009,0.994176268577576
41.3038024902344,0.000693363137543201,0.0764967799186707,0.148075580596924,356.540069580078,11.0597820281982,357.392517089844,-0.0322321839630604,0.095612496137619,-0.0197280496358871,0.994701027870178
41.8090515136719,-0.00609998777508736,0.0757594555616379,0.158690243959427,357.241729736328,9.11459064483643,357.924041748047,-0.0254270043224096,0.078985296189785,-0.0161405727267265,0.996420741081238
42.3827819824219,-0.0159146152436733,0.0768785178661346,0.157658964395523,356.372406005859,7.72298908233643,359.051666259766,-0.0321355871856213,0.0670473948121071,-0.0061212875880301,0.997213363647461
42.8972358703613,-0.0186278223991394,0.077328085899353,0.149301171302795,356.029754638672,6.37479639053345,359.695953369141,-0.0347337685525417,0.055476576089859,-0.00072145089507103,0.997855424880981
43.4271659851074,-0.0102417543530464,0.0781809315085411,0.153850182890892,355.215637207031,7.66578340530396,358.409118652344,-0.0425692684948444,0.066203847527504,-0.0110496841371059,0.996836423873901
43.9468154907227,-0.0116077773272991,0.0796806961297989,0.1579799503088,354.632110595703,8.05995273590088,358.301208496094,-0.0477462336421013,0.0695011243224144,-0.0114809293299913,0.99637246131897
44.4587631225586,-0.0199799351394176,0.0820727646350861,0.149578332901001,353.456024169922,6.66332101821899,359.904083251953,-0.0570279806852341,0.0579732321202755,0.00248280051164329,0.996684908866882
44.9681663513184,-0.0171563774347305,0.0841642990708351,0.146639838814735,351.567779541016,8.25197792053223,359.612945556641,-0.0735699012875557,0.071507066488266,0.00192973949015141,0.994721412658691
45.4854316711426,-0.0267060212790966,0.086692102253437,0.151236489415169,349.962127685547,4.62433528900146,1.30901050567627,-0.0869490280747414,0.0411852076649666,0.0148992259055376,0.995249569416046
45.9951934814453,-0.0260388068854809,0.0841138139367104,0.155698612332344,351.759124755859,5.10599565505981,0.853545188903809,-0.071448877453804,0.0449617728590965,0.0106223896145821,0.996373772621155
46.5179214477539,-0.0285055376589298,0.085352286696434,0.151610419154167,351.043090820313,5.01137971878052,1.17840027809143,-0.0775573402643204,0.0443850085139275,0.0136556588113308,0.995905816555023
47.0350646972656,-0.0288479998707771,0.0866402089595795,0.147120177745819,350.500366210938,5.3119101524353,1.3803813457489,-0.0821538418531418,0.0471724569797516,0.0158283356577158,0.995376825332642
47.5631217956543,-0.0230135172605515,0.0855781584978104,0.149733424186707,351.2109375,6.88515949249268,0.616446077823639,-0.0761623308062553,0.0602822527289391,0.00995504111051559,0.995221734046936
48.0825500488281,-0.0218032598495483,0.0847303718328476,0.150959566235542,351.759033203125,7.1247706413269,0.511614978313446,-0.0714377239346504,0.0622942596673965,0.00890914723277092,0.99545806646347
48.6719169616699,-0.0199457406997681,0.084129810333252,0.148661077022552,351.979248046875,7.78912830352783,0.0363955795764923,-0.0697539672255516,0.0677764937281609,0.00506626721471548,0.995246291160583
49.2000198364258,-0.0234127640724182,0.0834668576717377,0.149288654327393,352.425567626953,7.39135599136353,0.36797821521759,-0.0657069534063339,0.0645276084542274,0.00745497597381473,0.995722472667694
49.7268562316895,-0.0246011167764664,0.0840646848082542,0.147050336003304,352.08935546875,6.90426397323608,0.737422108650208,-0.0684653520584106,0.0605130381882191,0.0105616301298141,0.995760560035706
50.2334861755371,-0.024196270853281,0.0834911465644836,0.14831954240799,352.438262939453,6.87780046463013,0.595377683639526,-0.0655100792646408,0.0601947233080864,0.00913032237440348,0.99599277973175
50.7587509155273,-0.0253887437283993,0.085092231631279,0.147212311625481,351.494079589844,6.69401931762695,0.907939493656158,-0.0735698863863945,0.0588071048259735,0.0122174452990294,0.995479762554169
51.3564262390137,-0.0261594504117966,0.0844616815447807,0.149079382419586,351.880493164063,6.90889024734497,0.898891568183899,-0.0701945871114731,0.0606562122702599,0.0120760556310415,0.995614230632782
51.8602485656738,-0.0267767794430256,0.0849824920296669,0.14815516769886,351.514801025391,6.81473684310913,1.03949534893036,-0.0733080953359604,0.0599393397569656,0.0134271122515202,0.995415925979614
52.3839111328125,-0.026212502270937,0.0850827842950821,0.144482493400574,350.981262207031,6.31261157989502,0.907386898994446,-0.0780658200383186,0.0555095262825489,0.0122106820344925,0.99532675743103
52.9477767944336,-0.0233642719686031,0.0849937796592712,0.143820688128471,351.248046875,6.49624872207642,0.379637330770493,-0.0759908482432365,0.056746993213892,0.00762118911370635,0.995463252067566
53.5345230102539,-0.0245011001825333,0.0856105089187622,0.141643270850182,350.963897705078,6.0931568145752,0.771314740180969,-0.078303337097168,0.0535108856856823,0.0108870593830943,0.995432913303375
54.111644744873,-0.0238876715302467,0.0863112807273865,0.139117822051048,350.50390625,5.91719675064087,0.756171405315399,-0.0823227092623711,0.0519815757870674,0.0108396280556917,0.995190143585205
54.6166801452637,-0.0240368396043777,0.0864351764321327,0.13786569237709,350.261749267578,5.85073184967041,0.770037353038788,-0.0844258666038513,0.0514193959534168,0.0110185826197267,0.995041191577911
55.1718788146973,-0.0227654837071896,0.0868178382515907,0.135092571377754,349.988922119141,5.84555816650391,0.495366841554642,-0.0869181007146835,0.0511717535555363,0.00874972715973854,0.994861900806427
55.6802177429199,-0.0213067531585693,0.0864692702889442,0.131981208920479,350.131317138672,6.1435604095459,0.276006489992142,-0.0857615247368813,0.0535951294004917,0.00700545078143477,0.994848549365997
56.2468490600586,-0.0209128893911839,0.0863524153828621,0.132927417755127,350.363067626953,6.00739860534668,0.419360339641571,-0.0836920291185379,0.0525218732655048,0.00804321654140949,0.995074093341827
56.7480239868164,-0.0198427401483059,0.0865725725889206,0.133821710944176,350.347625732422,6.2690806388855,0.298002004623413,-0.0838655307888985,0.0547051765024662,0.00718791969120502,0.994948387145996
57.2494277954102,-0.0197106972336769,0.0854119583964348,0.135621026158333,350.998229980469,6.00563669204712,0.164237096905708,-0.0782917067408562,0.052335798740387,0.00553773948922753,0.99554044008255
57.822093963623,-0.0186273232102394,0.0861665979027748,0.133676618337631,350.678771972656,6.18275880813599,0.0931515246629715,-0.0810913667082787,0.053816195577383,0.00519090844318271,0.995239198207855
58.3315086364746,-0.0197714902460575,0.0853623077273369,0.135366529226303,351.028900146484,6.21998357772827,0.152206242084503,-0.0780206844210625,0.0541904456913471,0.00556522887200117,0.99546229839325
58.8815879821777,-0.0220351442694664,0.0855118483304977,0.133855357766151,350.868499755859,5.88880968093872,0.305006623268127,-0.0793613791465759,0.0514153502881527,0.00673868227750063,0.995496273040771
59.4624290466309,-0.0198697224259377,0.0846331790089607,0.134334191679955,351.365905761719,5.74115705490112,0.15383392572403,-0.0751137360930443,0.0500388815999031,0.00510675553232431,0.995905637741089
60.0160064697266,-0.0204339846968651,0.0844820514321327,0.138563752174377,351.657501220703,6.00510406494141,0.130793958902359,-0.0725781619548798,0.0523245595395565,0.00494683533906937,0.995976984500885
60.5221900939941,-0.0253572538495064,0.0839212387800217,0.140558034181595,352.127136230469,5.76840877532959,0.681451976299286,-0.0682628750801086,0.0506057366728783,0.00937943253666162,0.996338963508606
61.037540435791,-0.0266357734799385,0.0835163220763206,0.139588966965675,352.558807373047,5.67078113555908,0.902359366416931,-0.0644209086894989,0.0498712733387947,0.0110581200569868,0.996614575386047
61.6269645690918,-0.0271628573536873,0.0838668197393417,0.139682501554489,352.2568359375,5.14730167388916,1.09562337398529,-0.0670208260416985,0.0454439669847488,0.0125612989068031,0.996636986732483
62.1290168762207,-0.0303091071546078,0.0843345746397972,0.138911366462708,351.717590332031,5.18235301971436,1.35199069976807,-0.071603812277317,0.0459390953183174,0.0150197707116604,0.996261477470398
62.7029685974121,-0.0308266319334507,0.0835230797529221,0.141770333051682,352.262084960938,5.2606348991394,1.3239940404892,-0.0668701082468033,0.046562697738409,0.0146116092801094,0.99656754732132
63.203369140625,-0.0302239283919334,0.0830987170338631,0.141804575920105,352.451568603516,5.34271335601807,1.2234445810318,-0.0652529448270798,0.0472053475677967,0.013709357008338,0.996657311916351
63.7090759277344,-0.027660071849823,0.082903265953064,0.141345858573914,352.631286621094,5.57652950286865,0.99776566028595,-0.0637586042284966,0.0491016656160355,0.0118045676499605,0.996686816215515
64.3090744018555,-0.0277939476072788,0.0823574960231781,0.142709314823151,352.833526611328,5.58222484588623,0.984047055244446,-0.0620046593248844,0.0491339042782784,0.0116036096587777,0.9967982172966
64.890495300293,-0.0274656265974045,0.0825426876544952,0.140440300107002,352.636260986328,5.39748191833496,0.981481432914734,-0.0637405887246132,0.0475349985063076,0.0115612745285034,0.996766746044159
65.4067077636719,-0.0270267240703106,0.0824803560972214,0.140843898057938,352.732299804688,5.44177293777466,1.03313767910004,-0.0628788992762566,0.0479439906775951,0.0119959991425276,0.996796727180481
65.9799957275391,-0.0269833169877529,0.0824417099356651,0.14161342382431,352.760772705078,5.65911912918091,0.908875465393066,-0.0626624375581741,0.0497651472687721,0.0110223032534122,0.996732354164124
66.4815368652344,-0.0279315523803234,0.0823379382491112,0.142085835337639,352.827423095703,5.47705316543579,0.951661705970764,-0.0620819889008999,0.048201784491539,0.0112674841657281,0.996842801570892
66.9880599975586,-0.0278363786637783,0.0819748863577843,0.141466706991196,353.254547119141,5.47408962249756,0.985791623592377,-0.0583517514169216,0.0481733269989491,0.0113870687782764,0.997068107128143
67.5678176879883,-0.0313015654683113,0.0816130265593529,0.140480890870094,353.954223632813,5.61046123504639,1.13042092323303,-0.0521869100630283,0.0493900664150715,0.0124198598787189,0.997337937355042
68.0735778808594,-0.0351886376738548,0.0826141834259033,0.138378575444221,353.263305664063,5.02988862991333,1.58813762664795,-0.058085523545742,0.0446134395897388,0.0163993183523417,0.997179508209229
68.6597518920898,-0.0367151461541653,0.0837107822299004,0.140689015388489,352.635375976563,4.31965065002441,2.05779504776001,-0.0634930208325386,0.0387557074427605,0.0203269217163324,0.997022271156311
69.2154998779297,-0.0371460430324078,0.0836237445473671,0.142201825976372,352.545349121094,4.01240968704224,1.90272045135498,-0.0643793419003487,0.0360075645148754,0.0188338030129671,0.997097849845886
69.7268600463867,-0.0342380367219448,0.0828809142112732,0.153245434165001,353.036346435547,4.28036832809448,1.43977630138397,-0.0602164007723331,0.0380352064967155,0.0147999757900834,0.997350633144379
70.3108749389648,-0.0307736657559872,0.080304242670536,0.172689989209175,354.556427001953,4.76658248901367,0.816551268100739,-0.0471480488777161,0.0418743975460529,0.00908613204956055,0.99796849489212
70.8118515014648,-0.0308205150067806,0.0781310275197029,0.175893068313599,355.913696289063,5.14226913452148,0.483608067035675,-0.0354267060756683,0.0449810959398746,0.00581266405060887,0.998342573642731
71.3123550415039,-0.0311566814780235,0.0784311071038246,0.170702382922173,355.655151367188,5.35399484634399,0.349499404430389,-0.0377230495214462,0.0467871315777302,0.00481488648802042,0.998180747032166
71.8955154418945,-0.029332660138607,0.079349972307682,0.163365513086319,354.93798828125,5.08274030685425,0.331253319978714,-0.0439882799983025,0.0444248244166374,0.00484314234927297,0.998032093048096
72.4644393920898,-0.0267941355705261,0.0803035423159599,0.165450617671013,354.577606201172,5.42719650268555,0.046773299574852,-0.0472292527556419,0.0473098084330559,0.00264668418094516,0.997759580612183
73.0586624145508,-0.0274247787892818,0.0783373266458511,0.174872875213623,355.975708007813,5.26867198944092,0.0563739016652107,-0.0350516103208065,0.0459505468606949,0.00210490566678345,0.998326361179352
73.634895324707,-0.0285001881420612,0.0771444365382195,0.178068861365318,356.886779785156,5.56787776947021,0.391677469015121,-0.0269665271043777,0.0486443154513836,0.00473210588097572,0.998440861701965
74.1424865722656,-0.0280329324305058,0.0774821266531944,0.175584897398949,356.61572265625,5.3606595993042,0.412962794303894,-0.0293282326310873,0.0468491241335869,0.00497913965955377,0.998458921909332
74.7063827514648,-0.0260142311453819,0.0774283558130264,0.176348149776459,356.712432861328,5.68988943099976,0.106055967509747,-0.0286041889339685,0.0496393255889416,0.00234774453565478,0.998354852199554
75.2165679931641,-0.027526319026947,0.0768412351608276,0.177055150270462,356.991790771484,5.46780252456665,0.246027305722237,-0.0261161737143993,0.0477372221648693,0.0033957923296839,0.99851268529892
75.7478942871094,-0.0284979678690434,0.0765651240944862,0.177661076188087,357.116821289063,5.3587760925293,0.337763041257858,-0.0249924436211586,0.0468061752617359,0.0041194292716682,0.998582780361176
76.2626876831055,-0.0273011177778244,0.0762804597616196,0.179537788033485,357.302490234375,5.556480884552,0.0754985138773918,-0.0234783310443163,0.0484725013375282,0.00179878575727344,0.99854701757431
76.8368148803711,-0.0269102454185486,0.076168529689312,0.178861707448959,357.451843261719,5.74226236343384,0.173748716711998,-0.0221310425549746,0.0501109547913074,0.00262770429253578,0.998494982719421
77.3457794189453,-0.028019618242979,0.0765237212181091,0.179438561201096,357.257354736328,5.68000555038452,0.339422941207886,-0.0237557236105204,0.0496034994721413,0.00414328742772341,0.998477876186371
77.9103393554688,-0.0278858803212643,0.0768938660621643,0.17799200117588,357.019073486328,5.8253870010376,0.322311371564865,-0.0258339326828718,0.0508698709309101,0.00412980793043971,0.998362600803375
78.5,-0.0291077308356762,0.0770836845040321,0.177062302827835,356.636779785156,5.80316638946533,0.474785029888153,-0.0290979500859976,0.0507197305560112,0.00562164559960365,0.998273134231567
79.0585174560547,-0.0277572870254517,0.0768556594848633,0.17961248755455,356.716064453125,6.28601932525635,0.206843182444572,-0.0285116638988256,0.0548574030399323,0.00337262614630163,0.998081386089325
79.6024169921875,-0.0297502987086773,0.0775668323040009,0.177516132593155,356.108123779297,6.27861499786377,0.567020952701569,-0.0336344055831432,0.0548993647098541,0.00679746782407165,0.997902095317841
80.1796112060547,-0.0297728553414345,0.0776885002851486,0.176731809973717,355.970458984375,6.43560409545898,0.51103550195694,-0.0348511897027493,0.0562530048191547,0.00642323819920421,0.997787415981293
80.6817855834961,-0.0293352566659451,0.0781474038958549,0.176693767309189,355.610565185547,6.17801952362061,0.483649849891663,-0.0380124747753143,0.0540086589753628,0.00627503823488951,0.997796952724457
81.2463836669922,-0.0271989814937115,0.078182615339756,0.176935985684395,355.680267333984,6.71454572677612,0.13518962264061,-0.0375541113317013,0.0585646778345108,0.00338396267034113,0.997571289539337
81.8189468383789,-0.0277567952871323,0.0780749171972275,0.177304685115814,355.757354736328,6.86441993713379,0.109099723398685,-0.0368921607732773,0.0598616674542427,0.00316574354656041,0.997519731521606
82.4154357910156,-0.027363907545805,0.0784448981285095,0.176599889993668,355.506622314453,6.89551210403442,0.160109281539917,-0.0390471071004868,0.0601467676460743,0.0037511617410928,0.997418463230133
82.9961929321289,-0.0273363366723061,0.0788559839129448,0.17594638466835,355.337036132813,6.98421764373779,0.145141094923019,-0.0405282489955425,0.0609120279550552,0.00374111160635948,0.997313022613525
83.5675811767578,-0.0288801267743111,0.0792970508337021,0.175397858023643,354.851013183594,6.99045515060425,0.378556966781616,-0.044633399695158,0.061051644384861,0.00603250646963716,0.997117936611176
84.1390609741211,-0.027776911854744,0.0794939249753952,0.174327820539474,354.675506591797,6.96908855438232,0.0981084480881691,-0.046310443431139,0.0607533566653728,0.00367674650624394,0.997071146965027
84.6391983032227,-0.0259182751178741,0.0794894322752953,0.175857856869698,354.664337158203,6.97193241119385,359.868316650391,-0.0465292483568192,0.0606847293674946,0.00168435205705464,0.997070491313934
85.2015380859375,-0.0246033668518066,0.0793863832950592,0.17712464928627,354.723724365234,7.30861330032349,359.675964355469,-0.0461140796542168,0.0635387524962425,0.000114538852358237,0.996913373470306
85.7242279052734,-0.0246488749980927,0.0793402269482613,0.17803268134594,354.907470703125,7.3641529083252,359.618835449219,-0.0445475243031979,0.0640089064836502,-0.000463159783976153,0.996954441070557
86.2833557128906,-0.0244413688778877,0.0793630704283714,0.176749616861343,354.814544677734,7.41539239883423,359.717803955078,-0.0453005097806454,0.0644887909293175,0.000470410624984652,0.996889591217041
86.787223815918,-0.0250852778553963,0.0796073228120804,0.175163239240646,354.566253662109,7.34148788452148,359.822448730469,-0.0474022813141346,0.0638774260878563,0.00149028457235545,0.996830224990845
87.2898941040039,-0.0261396653950214,0.0799600854516029,0.173903986811638,354.243957519531,7.38408422470093,359.906585693359,-0.050158154219389,0.0642716139554977,0.00242063123732805,0.996668219566345
87.8560638427734,-0.0260661244392395,0.0803424119949341,0.175473541021347,354.400054931641,7.19177532196045,0.104536451399326,-0.0486959405243397,0.0626884549856186,0.00397314038127661,0.996836543083191
88.3884506225586,-0.0268735140562057,0.0806958377361298,0.173353746533394,354.058258056641,7.2926664352417,0.155299603939056,-0.0516371726989746,0.0635821372270584,0.00464682839810848,0.996628999710083
88.97119140625,-0.0263161286711693,0.0804957523941994,0.174385949969292,354.290100097656,7.55597448348999,0.0682136565446854,-0.0496601350605488,0.0658383443951607,0.0038750923704356,0.996586263179779
89.5602874755859,-0.0266699902713299,0.0801248550415039,0.175608351826668,354.461517333984,7.3048038482666,0.0610031560063362,-0.0481814704835415,0.0636545419692993,0.00360837765038013,0.996801674365997
90.1221389770508,-0.0219522602856159,0.0792604461312294,0.175649717450142,355.281463623047,8.04973602294922,359.487854003906,-0.041376993060112,0.0699457079172134,-0.00156520726159215,0.996691048145294
90.7107009887695,-0.0194347500801086,0.0747369527816772,0.174092799425125,357.615783691406,7.33921098709106,359.191650390625,-0.0212128516286612,0.0638410151004791,-0.00570672284811735,0.997718334197998
91.3106994628906,-0.015969667583704,0.0760245248675346,0.169543713331223,357.390563964844,7.04723453521729,359.256256103516,-0.023125046864152,0.0612952299416065,-0.0050771227106452,0.997838854789734
91.8785934448242,-0.0154707953333855,0.0762859284877777,0.166442587971687,356.999725341797,7.01808547973633,359.420867919922,-0.0264391470700502,0.0610522516071796,-0.00344043946824968,0.997778415679932
92.3840942382813,-0.00837345514446497,0.0770294219255447,0.158214762806892,356.195434570313,7.16173219680786,358.600799560547,-0.0338899530470371,0.0620136298239231,-0.0101063428446651,0.997448563575745
92.963752746582,-0.00430656503885984,0.0771277695894241,0.154381319880486,356.565368652344,7.18520784378052,358.114868164063,-0.0309357158839703,0.0621330589056015,-0.0145327085629106,0.997482478618622
93.5342178344727,0.00472139101475477,0.0738232657313347,0.15687969326973,358.172821044922,8.52548217773438,356.994842529297,-0.0178437624126673,0.0738783031702042,-0.0249614231288433,0.996795117855072
94.1053695678711,-0.000842485576868057,0.0753694549202919,0.159636110067368,358.156158447266,6.04517412185669,359.870269775391,-0.0161272771656513,0.0527045801281929,-0.000281970424111933,0.998479902744293
94.6808700561523,-0.0100889923051,0.0736862644553185,0.160656347870827,358.979614257813,4.38729286193848,359.468017578125,-0.00907551310956478,0.0382337681949139,-0.00429785856977105,0.99921840429306
95.2640380859375,-0.00939685013145208,0.0739204809069633,0.161156848073006,358.89453125,4.55089330673218,359.412353515625,-0.00984269846230745,0.0396517924964428,-0.0047408314421773,0.999153852462769
95.8403625488281,-0.00753846392035484,0.0746273249387741,0.165476724505424,358.954223632813,5.1382040977478,359.401885986328,-0.00935071893036366,0.044774204492569,-0.00480486964806914,0.998941838741302
96.357780456543,-0.00916947051882744,0.0730119347572327,0.167280122637749,359.655395507813,4.82310152053833,359.517333984375,-0.00318180536851287,0.0420638583600521,-0.00408167066052556,0.999101519584656
96.8601150512695,-0.0104293823242188,0.0731486901640892,0.16282993555069,359.256225585938,4.79268169403076,359.581604003906,-0.00663743261247873,0.0417870059609413,-0.00337641732767224,0.999098777770996
97.4249725341797,-0.0141214728355408,0.0746983662247658,0.161877006292343,358.398132324219,3.74787163734436,0.156110882759094,-0.0139264278113842,0.0327163264155388,0.00181856483686715,0.999365985393524
97.9298706054688,-0.0110251717269421,0.0722901076078415,0.161923319101334,0.186090886592865,4.67933940887451,359.861511230469,0.00157325784675777,0.040825467556715,-0.0012737987563014,0.999164223670959
98.5100936889648,-0.00575774535536766,0.0705285146832466,0.164453029632568,1.0442943572998,5.09306240081787,359.141632080078,0.00877101253718138,0.0444958247244358,-0.00788767170161009,0.99893993139267
99.0970230102539,-0.00443636998534203,0.070647768676281,0.16645023226738,0.775388240814209,5.3368706703186,359.086151123047,0.00638766540214419,0.0466075018048286,-0.00828102882951498,0.998858511447906
99.6081619262695,-0.0046868696808815,0.0715557634830475,0.166103899478912,0.375807285308838,5.36124563217163,359.022064208984,0.0028766980394721,0.0467946268618107,-0.00867807492613792,0.998862683773041
100.11572265625,-0.005611851811409,0.0728609561920166,0.164288312196732,359.760406494141,5.60558557510376,359.271301269531,-0.00239917286671698,0.0488840751349926,-0.00624918425455689,0.99878203868866
100.696487426758,-0.00702431425452232,0.0744823068380356,0.161961898207664,358.886352539063,4.86529684066772,359.392761230469,-0.00993434339761734,0.0423909164965153,-0.00488173076882958,0.999039828777313
101.295074462891,-0.0109026879072189,0.0742400363087654,0.164819046854973,358.672424316406,5.01439428329468,359.726989746094,-0.0116782113909721,0.0437142513692379,-0.00187311216723174,0.998974084854126
101.89176940918,-0.00992788746953011,0.0748850032687187,0.162335574626923,358.310943603516,4.92994022369385,359.7060546875,-0.0148359155282378,0.0429659858345985,-0.00192869838792831,0.998964548110962
102.405708312988,-0.0136699602007866,0.0782163292169571,0.158874377608299,356.225555419922,4.39870882034302,0.32569807767868,-0.0327988229691982,0.0384491123259068,0.00410243449732661,0.998713731765747
102.98445892334,-0.0182933807373047,0.0804697275161743,0.157235905528069,354.751220703125,4.12534379959106,1.09886634349823,-0.0454117506742477,0.0363920293748379,0.0112209729850292,0.998242199420929
103.490783691406,-0.0190187208354473,0.0805639252066612,0.157986149191856,354.648010253906,4.31872749328613,1.083052277565,-0.0462969392538071,0.0380772650241852,0.011193341575563,0.998139023780823
104.009300231934,-0.0170504935085773,0.0811352133750916,0.156241551041603,354.190063476563,4.91981363296509,0.997862994670868,-0.0502575300633907,0.0433044098317623,0.0108637753874063,0.997737884521484
104.586418151855,-0.0157033428549767,0.0811458379030228,0.154606804251671,354.027404785156,4.96283006668091,0.763700067996979,-0.051759023219347,0.043582446873188,0.00890471413731575,0.997668445110321
105.14973449707,-0.01627516746521,0.0805508717894554,0.157430082559586,355.177947998047,5.62939548492432,0.9689000248909,-0.0416007563471794,0.0494160205125809,0.0105031784623861,0.997856259346008
105.715560913086,-0.0139611959457397,0.0821796655654907,0.147972583770752,353.414855957031,6.2593731880188,0.288729250431061,-0.0572112873196602,0.0546503774821758,0.00564741669222713,0.996849179267883
106.297409057617,-0.0179442875087261,0.0829610973596573,0.145789816975594,352.767120361328,5.06533241271973,0.484730213880539,-0.0628280714154243,0.0443671382963657,0.00700478348881006,0.997013092041016
106.801208496094,-0.0207883790135384,0.0834686458110809,0.148445874452591,352.599975585938,4.43037366867065,0.855109333992004,-0.064194530248642,0.0390522181987762,0.00993532780557871,0.99712347984314
107.34351348877,-0.0228005684912205,0.0833355188369751,0.151490047574043,353.640197753906,4.6191349029541,1.64787840843201,-0.0548418425023556,0.0410294570028782,0.0165813360363245,0.997513890266418
107.85400390625,-0.0232820138335228,0.079989954829216,0.156854465603828,355.471130371094,4.37767219543457,1.67157745361328,-0.0389218889176846,0.0387351512908936,0.0160736329853535,0.998361825942993
108.365394592285,-0.0221186988055706,0.0802383273839951,0.157973080873489,355.267181396484,4.10375070571899,1.63525772094727,-0.0407487936317921,0.0363589748740196,0.0157267302274704,0.998383820056915
108.899673461914,-0.0229620151221752,0.0802556201815605,0.158888459205627,355.141052246094,4.24384260177612,1.71483314037323,-0.0418022982776165,0.0376225151121616,0.0165098272264004,0.998280823230743
109.408729553223,-0.0238872282207012,0.0805289372801781,0.15833468735218,354.959197998047,4.02370071411133,1.82042765617371,-0.0433853343129158,0.0357659496366978,0.0174040142446756,0.998266279697418
109.915565490723,-0.0249077156186104,0.0824326127767563,0.156694158911705,354.201354980469,3.65389251708984,2.12965869903564,-0.0499549210071564,0.0327740237116814,0.0201627761125565,0.998009979724884
110.430335998535,-0.02459367364645,0.0813484564423561,0.158652186393738,354.417938232422,3.61144423484802,1.86015951633453,-0.0481519587337971,0.0322590619325638,0.0177390910685062,0.998161315917969
110.953155517578,-0.0262001715600491,0.0809725821018219,0.158507168292999,354.480682373047,3.63039875030518,2.13939785957336,-0.0475233197212219,0.0325320400297642,0.0201624948531389,0.998136639595032
111.469764709473,-0.0280802436172962,0.0817850381135941,0.155015140771866,353.752655029297,3.30712151527405,2.33458542823792,-0.0538703873753548,0.0299168415367603,0.0219050329178572,0.997859299182892
111.999320983887,-0.0278354398906231,0.0819417685270309,0.15573938190937,353.919738769531,3.23372268676758,2.27428293228149,-0.0524445362389088,0.0292226430028677,0.0213058777153492,0.997968792915344
112.519660949707,-0.0282880552113056,0.0820658057928085,0.157225698232651,353.917144775391,3.10705924034119,2.41010856628418,-0.0524572990834713,0.02818214148283,0.0224313996732235,0.997973382472992
113.04808807373,-0.0287478938698769,0.0819405615329742,0.158489063382149,353.987854003906,2.90028929710388,2.47591018676758,-0.0518668480217457,0.026399003341794,0.022894911468029,0.998042464256287
113.583770751953,-0.0290533564984798,0.0810589119791985,0.15931610763073,355.064392089844,3.23500323295593,2.68824219703674,-0.0423673428595066,0.0292026568204165,0.0246411543339491,0.998371183872223
114.104614257813,-0.0286988131701946,0.0807815864682198,0.16051259636879,354.691680908203,3.07842087745667,2.50782084465027,-0.0456922128796577,0.0278387982398272,0.0230953171849251,0.998300492763519
114.664184570313,-0.0323654562234879,0.0781154781579971,0.164299115538597,356.461608886719,1.27722191810608,3.80114459991455,-0.0304850377142429,0.0121580492705107,0.0334912054240704,0.99889999628067
115.172821044922,-0.0298585779964924,0.0767806619405746,0.166659846901894,357.233184814453,1.96119487285614,3.30434679985046,-0.0236359387636185,0.0177976973354816,0.0292322486639023,0.999134659767151
115.697441101074,-0.0245407521724701,0.077302098274231,0.165629789233208,356.5625,2.83571100234985,2.32104635238647,-0.0294769760221243,0.0253347996622324,0.0209802482277155,0.999024093151093
116.204551696777,-0.0243019312620163,0.0774043500423431,0.165308713912964,356.645904541016,3.02411150932312,2.29472804069519,-0.0287215281277895,0.0269565097987652,0.0207804832607508,0.999007821083069
116.704833984375,-0.0242001414299011,0.0777591839432716,0.16565078496933,356.629943847656,3.49031209945679,2.21197080612183,-0.028798321262002,0.031002476811409,0.0201799273490906,0.998900532722473
117.232757568359,-0.0260464586317539,0.0778630748391151,0.166399523615837,356.490081787109,3.26154232025146,2.41771507263184,-0.0300057753920555,0.0290846414864063,0.0219498947262764,0.9988853931427
117.754272460938,-0.0257247649133205,0.0781239122152328,0.167985379695892,356.648620605469,3.32805824279785,2.41902089118958,-0.0286106020212173,0.0296368114650249,0.0219394098967314,0.998910307884216
118.264091491699,-0.0245274193584919,0.0759133473038673,0.169180914759636,357.956756591797,3.23657298088074,2.22064232826233,-0.0172721780836582,0.0285762436687946,0.0198701731860638,0.999244868755341
118.777770996094,-0.0258167870342731,0.0774149000644684,0.165460824966431,356.767974853516,3.14137077331543,2.36554002761841,-0.0276187863200903,0.027975358068943,0.0213986318558455,0.998997867107391
119.34545135498,-0.0269203782081604,0.0815815925598145,0.166160613298416,355.39794921875,3.25126075744629,2.76906418800354,-0.0394369252026081,0.0293073654174805,0.0252717584371567,0.998472452163696
119.932815551758,-0.0308189429342747,0.0789691135287285,0.166678905487061,356.445190429688,2.41285753250122,3.27420854568481,-0.030395919457078,0.0219217948615551,0.0292016714811325,0.998870730400085
120.444808959961,-0.0294853709638119,0.0788058191537857,0.166210785508156,356.417053222656,2.46332383155823,3.16602444648743,-0.03064925968647,0.0223396141082048,0.0282770954072475,0.998880386352539
120.965202331543,-0.0301584601402283,0.0795344337821007,0.165529653429985,355.947143554688,2.34383726119995,3.2604603767395,-0.03475721180439,0.0214371085166931,0.0291482210159302,0.998740613460541
121.477905273438,-0.0287804789841175,0.0793246850371361,0.165902823209763,355.966033935547,2.62975478172302,2.98773241043091,-0.0345766358077526,0.0238422211259604,0.0268542766571045,0.998756647109985
121.994857788086,-0.0294840559363365,0.0784915313124657,0.16628722846508,356.710754394531,2.57111287117004,3.20014762878418,-0.0280555877834558,0.0232185143977404,0.0285480469465256,0.998928844928741
122.51407623291,-0.0323258824646473,0.0790270864963531,0.164825081825256,356.121826171875,2.04793357849121,3.62029623985291,-0.0332505404949188,0.0189201608300209,0.0321690440177917,0.998750030994415
123.060394287109,-0.0310857929289341,0.0790478363633156,0.165341958403587,356.002380371094,2.37496447563171,3.31685543060303,-0.0342573560774326,0.0217119194567204,0.0296396873891354,0.998737454414368
123.577896118164,-0.02985580265522,0.0801865756511688,0.165096014738083,355.208068847656,3.31769990921021,2.80679631233215,-0.0410670079290867,0.0299378130584955,0.0256696362048388,0.998377859592438
124.099044799805,-0.0266456715762615,0.0826361551880836,0.157009392976761,353.276123046875,4.97061920166016,2.1650288105011,-0.0577597804367542,0.0443877428770065,0.0213845670223236,0.997113943099976
124.60506439209,-0.0249801017343998,0.0859856754541397,0.15256279706955,351.002502441406,5.37488079071045,1.49514317512512,-0.0777345299720764,0.0477613136172295,0.0166701283305883,0.995689868927002
125.125877380371,-0.0239164903759956,0.0858801528811455,0.153380542993546,351.017730712891,5.9083080291748,1.16400408744812,-0.077674962580204,0.0521703138947487,0.0141484141349792,0.995512247085571
125.66911315918,-0.024170882999897,0.0863234847784042,0.153974771499634,350.602844238281,5.64780044555664,1.51112329959869,-0.0811595842242241,0.0501754321157932,0.0171616226434708,0.995289444923401
126.208793640137,-0.0245263464748859,0.0865443050861359,0.156113684177399,350.595672607422,5.51962804794312,1.54447734355927,-0.0812269821763039,0.0490863732993603,0.0173634923994541,0.99533474445343
126.728546142578,-0.0240785293281078,0.0839776396751404,0.153814882040024,353.172607421875,7.11330032348633,1.7126088142395,-0.058498315513134,0.0628065764904022,0.0185830127447844,0.996136486530304
127.256958007813,-0.022004459053278,0.087053507566452,0.155136629939079,350.6767578125,6.88542985916138,1.80867421627045,-0.0801694914698601,0.0611248463392258,0.0205821618437767,0.994692385196686
127.785140991211,-0.023242175579071,0.0889359712600708,0.153706878423691,348.878784179688,6.91452550888062,1.63988888263702,-0.0958534926176071,0.0613982081413269,0.0200597569346428,0.993297517299652
128.385131835938,-0.0233752727508545,0.0899747610092163,0.148143649101257,347.894561767578,7.05491209030151,1.3393976688385,-0.104521468281746,0.0624097734689713,0.0180881693959236,0.992397665977478
128.911407470703,-0.0233219154179096,0.0902018547058105,0.147935792803764,347.286499023438,7.15536642074585,1.08500123023987,-0.109910786151886,0.0630616173148155,0.0163004640489817,0.991805016994476
129.438461303711,-0.0223684683442116,0.0907032713294029,0.148634895682335,347.421020507813,7.43375444412231,0.744591891765594,-0.108900643885136,0.0651450604200363,0.0135467508807778,0.991823196411133
130.018280029297,-0.017638623714447,0.0893337726593018,0.146830558776855,348.585571289063,8.68439769744873,0.189320757985115,-0.099034957587719,0.075501561164856,0.00916850939393044,0.992173135280609
130.553787231445,-0.0199015326797962,0.0888242274522781,0.146975696086884,348.603668212891,7.88873720169067,0.760396480560303,-0.0985964238643646,0.0691037327051163,0.0134168909862638,0.99263459444046
131.070556640625,-0.0109133739024401,0.0781029760837555,0.151549115777016,357.058349609375,9.03559875488281,359.261138916016,-0.0260953065007925,0.0785762071609497,-0.00440380349755287,0.996556758880615
131.589996337891,-0.0190258398652077,0.0803996920585632,0.159678652882576,355.339385986328,5.08439064025879,1.71506464481354,-0.0399525761604309,0.044921413064003,0.0167424064129591,0.9980508685112
132.109954833984,-0.0162373520433903,0.0813045352697372,0.15897473692894,352.422393798828,5.61248731613159,1.39998459815979,-0.0653978735208511,0.049654271453619,0.0154104353860021,0.996503949165344
132.659255981445,-0.0193820931017399,0.0854339674115181,0.160141736268997,349.369201660156,5.83191537857056,1.6853107213974,-0.0917633324861526,0.0520074889063835,0.0193364769220352,0.994233787059784
133.20768737793,-0.0190718248486519,0.0870326384902,0.15716540813446,347.727752685547,6.38237285614014,1.44432651996613,-0.106019198894501,0.0566897317767143,0.0184620805084705,0.992575109004974
133.770629882813,-0.0191702172160149,0.0881862416863441,0.153750032186508,347.138366699219,6.46189403533936,1.27337181568146,-0.111196085810661,0.0572452992200851,0.0173367746174335,0.991996884346008
134.273712158203,-0.0178650580346584,0.0887560695409775,0.152716189622879,346.497344970703,7.53829622268677,1.16421508789063,-0.116636842489243,0.0664691776037216,0.0177948698401451,0.990788102149963
134.789108276367,-0.0168112125247717,0.0938484072685242,0.146054789423943,342.057739257813,8.98016166687012,1.02275633811951,-0.154761716723442,0.0787132307887077,0.0209961254149675,0.984587371349335
135.319610595703,-0.0156119083985686,0.0975069925189018,0.138781189918518,338.342742919922,10.0604219436646,0.52058333158493,-0.186755284667015,0.0869690254330635,0.0209174882620573,0.97832578420639
135.833236694336,-0.0142181217670441,0.0970442518591881,0.138442873954773,338.607818603516,10.2988395690918,359.849853515625,-0.184965789318085,0.0879516676068306,0.0153758004307747,0.978680610656738
136.345840454102,-0.0127343302592635,0.0956358835101128,0.140174403786659,340.491729736328,10.2114391326904,359.971984863281,-0.168769761919975,0.0876659452915192,0.0148373143747449,0.981637060642242
136.846405029297,-0.0121220415458083,0.0935474559664726,0.142871364951134,341.620880126953,10.3769817352295,359.632751464844,-0.159332200884819,0.0887617096304893,0.0112914917990565,0.983161807060242
137.388656616211,-0.00869804620742798,0.0722804069519043,0.16578334569931,358.367645263672,9.85942554473877,358.861724853516,-0.0150445941835642,0.0857796743512154,-0.00867145229130983,0.996162831783295
137.961013793945,-0.00895831733942032,0.0700600370764732,0.166482880711555,0.490425616502762,11.5216903686523,358.864501953125,0.0032633300870657,0.100412733852863,-0.0102882655337453,0.994887351989746
138.528045654297,-0.00776317343115807,0.0724090710282326,0.161182999610901,358.709625244141,11.7165746688843,358.789428710938,-0.0122792040929198,0.101937852799892,-0.00935880281031132,0.994671046733856
139.064193725586,-0.00636103376746178,0.0793719962239265,0.161160960793495,355.243591308594,12.186954498291,358.779663085938,-0.0423883497714996,0.105614028871059,-0.00617536576464772,0.993484199047089
139.596878051758,-0.00853952765464783,0.0800343155860901,0.159005790948868,354.315277099609,10.5522346496582,358.793609619141,-0.0503422990441322,0.0913174822926521,-0.00591042311862111,0.994530975818634
140.120635986328,-0.0144487032666802,0.0850721001625061,0.152240753173828,350.163452148438,9.28403377532959,359.704925537109,-0.0856608524918556,0.0804115757346153,0.00438134884461761,0.99306446313858
140.660018920898,-0.0190371237695217,0.0864203721284866,0.152001649141312,349.028228759766,7.67275953292847,0.469771981239319,-0.095112606883049,0.0669914707541466,0.0104679437354207,0.993154644966125
141.195663452148,-0.0247430130839348,0.0879328697919846,0.148849070072174,347.646392822266,6.26560211181641,1.49440360069275,-0.106718339025974,0.0557296127080917,0.0188253931701183,0.992547750473022
141.778060913086,-0.03092360496521,0.0868549346923828,0.156089156866074,348.566528320313,2.73764610290527,2.95798277854919,-0.0989352315664291,0.0263317208737135,0.0280534252524376,0.994349777698517
142.331253051758,-0.0273745879530907,0.0816222131252289,0.165890082716942,353.210235595703,3.89951419830322,2.82526707649231,-0.0583275482058525,0.0354120992124081,0.0266092363744974,0.99731433391571
142.929550170898,-0.0298956707119942,0.0820370763540268,0.167649894952774,352.45849609375,2.39046335220337,3.41446113586426,-0.0651010647416115,0.02276367880404,0.0310926120728254,0.997134387493134
143.488220214844,-0.029123280197382,0.0826529264450073,0.168467625975609,352.067718505859,2.6148042678833,3.33194541931152,-0.0684579834342003,0.0247625689953566,0.0305729154497385,0.99687796831131
143.996688842773,-0.0192035101354122,0.0843399912118912,0.1664859354496,350.755249023438,10.2755155563354,2.42848992347717,-0.0783549919724464,0.0909402295947075,0.0282523147761822,0.992366969585419
144.554901123047,-0.00625894218683243,0.0850939750671387,0.163979023694992,350.216674804688,15.3948249816895,359.836608886719,-0.0846938043832779,0.133332952857018,0.010013566352427,0.987395048141479
145.119018554688,-0.0124213565140963,0.0869221314787865,0.16096930205822,348.908843994141,11.1211042404175,0.556365728378296,-0.0957135260105133,0.0969100072979927,0.0141735775396228,0.990578889846802
145.678833007813,-0.0161287747323513,0.0871421620249748,0.161176100373268,348.651794433594,10.1911277770996,1.27443397045135,-0.0974902808666229,0.0894717499613762,0.0198038909584284,0.991008698940277
146.225219726563,-0.0226041041314602,0.0880556330084801,0.160802945494652,347.883819580078,7.14722633361816,2.13255023956299,-0.104159899055958,0.0639321655035019,0.0250460933893919,0.992187559604645
146.771575927734,-0.0265419520437717,0.0887347385287285,0.160491019487381,347.233489990234,6.10766458511353,3.0353991985321,-0.109579399228096,0.0558658093214035,0.0322050452232361,0.991884171962738
147.316040039063,-0.0304120853543282,0.089480958878994,0.161425188183784,346.713806152344,4.78079223632813,3.63813400268555,-0.114210277795792,0.0450762882828712,0.0363253615796566,0.991768419742584
147.881011962891,-0.032026544213295,0.0894990637898445,0.163136869668961,346.684387207031,4.43690633773804,4.18543434143066,-0.114371068775654,0.0426534898579121,0.0407282188534737,0.991686046123505
148.42561340332,-0.0283670350909233,0.0892049968242645,0.165286645293236,347.361175537109,5.97368669509888,3.46983504295349,-0.108303166925907,0.0550942048430443,0.0357833579182625,0.991944849491119
148.95654296875,-0.0255638770759106,0.0876564532518387,0.167862057685852,349.36669921875,7.83276557922363,2.80404877662659,-0.0907518789172173,0.0702482163906097,0.0306321736425161,0.992920398712158
149.526229858398,-0.0228165909647942,0.087533138692379,0.1680698543787,349.102905273438,7.15576696395874,2.38250255584717,-0.093454621732235,0.0640800669789314,0.0265796948224306,0.993203699588776
150.056533813477,-0.00877771154046059,0.085280254483223,0.168965235352516,350.498107910156,14.4436693191528,359.844970703125,-0.0823370590806007,0.12516812980175,0.00907457247376442,0.988671481609344
150.630599975586,-0.00427167396992445,0.0851058438420296,0.168921828269958,350.397064208984,16.1286716461182,359.281005859375,-0.0837511420249939,0.139269903302193,0.00555146206170321,0.986690819263458
151.200225830078,-0.008697927929461,0.0864980220794678,0.162469863891602,349.435272216797,13.5618438720703,359.879699707031,-0.0915435701608658,0.117475852370262,0.00983239244669676,0.988798558712006
151.712997436523,-0.0106581710278988,0.0864946767687798,0.165299162268639,349.381500244141,13.2994947433472,0.209152564406395,-0.0916983261704445,0.115470364689827,0.0125202285125852,0.988990008831024
152.303070068359,-0.0117061492055655,0.0865511819720268,0.166020378470421,349.494659423828,12.5482473373413,0.556068301200867,-0.0904705002903938,0.109266772866249,0.0148080121725798,0.989776015281677
152.869567871094,-0.0146878967061639,0.0875984132289886,0.167501360177994,348.842864990234,10.2581005096436,1.13764476776123,-0.0959333404898643,0.0899327173829079,0.0185312163084745,0.991143524646759
153.435882568359,-0.021464666351676,0.087908461689949,0.168552726507187,348.339233398438,9.05942916870117,1.921555519104,-0.0999349802732468,0.0802545472979546,0.0246506780385971,0.99144572019577
154.005798339844,-0.0303743183612823,0.0896645039319992,0.165254846215248,347.390930175781,7.56478548049927,3.46962857246399,-0.107538655400276,0.068855457007885,0.0372657142579556,0.991113364696503
154.551727294922,-0.0285899974405766,0.0892090424895287,0.163263469934464,347.787139892578,8.64651870727539,2.84457898139954,-0.104179717600346,0.0775655582547188,0.0326265208423138,0.990992367267609
155.116683959961,-0.027444489300251,0.0893622934818268,0.164571017026901,347.651885986328,9.02164745330811,2.65409970283508,-0.105376571416855,0.0806533396244049,0.0314098782837391,0.990658521652222
155.66047668457,-0.0297699570655823,0.0900405645370483,0.166213750839233,346.980743408203,6.86527156829834,3.73848819732666,-0.111166045069695,0.063148632645607,0.0391346588730812,0.99102109670639
156.241302490234,-0.0250305943191051,0.0907091349363327,0.166399493813515,346.864654541016,11.7614078521729,2.59885168075562,-0.111437201499939,0.104339078068733,0.034125667065382,0.98768949508667
156.776901245117,-0.0261527113616467,0.0906894356012344,0.167170822620392,346.841949462891,11.0026302337646,2.88299608230591,-0.111613772809505,0.0980761051177979,0.035855982452631,0.988249957561493
157.363311767578,-0.0269702654331923,0.0902456343173981,0.168708696961403,346.866058349609,10.9157810211182,2.87314915657043,-0.11144132912159,0.0973145589232445,0.0356671884655952,0.988351464271545
157.925796508789,-0.0262435674667358,0.0899178683757782,0.168276578187943,347.078948974609,11.0672693252563,2.75775241851807,-0.109656155109406,0.0984849482774734,0.0346464067697525,0.988471508026123
158.480545043945,-0.0258182138204575,0.0897278413176537,0.168962940573692,347.184112548828,10.9522609710693,2.72018098831177,-0.108815014362335,0.097445122897625,0.0341276228427887,0.988685548305511
159.052047729492,-0.0267183817923069,0.0899644494056702,0.167393490672112,346.980072021484,11.1871089935303,2.8411865234375,-0.11040061712265,0.0996100753545761,0.0355618223547935,0.988243341445923
159.609786987305,-0.023753397166729,0.0892223045229912,0.16876445710659,347.851898193359,12.383641242981,2.23589611053467,-0.103083901107311,0.109283953905106,0.0306985545903444,0.988174259662628
160.163757324219,-0.0192819982767105,0.0890595763921738,0.167547971010208,347.917724609375,13.2738828659058,1.52087032794952,-0.10300263017416,0.116313010454178,0.0252721626311541,0.987533807754517
160.725891113281,-0.0185089092701674,0.0888392627239227,0.167394459247589,348.013610839844,13.2692089080811,1.50744891166687,-0.102190516889095,0.116259925067425,0.0250572934746742,0.987629890441895
161.285339355469,-0.0195022225379944,0.0883108824491501,0.169858902692795,348.314239501953,13.4799671173096,1.51540184020996,-0.099544420838356,0.118080750107765,0.0250110495835543,0.987685322761536
161.855926513672,-0.0212788283824921,0.0877732411026955,0.171525523066521,348.645202636719,13.4965620040894,1.62926733493805,-0.0965694040060043,0.118316128849983,0.0256733242422342,0.987935543060303
162.424850463867,-0.0203554630279541,0.0877566635608673,0.171131759881973,348.785308837891,13.392406463623,1.48665797710419,-0.0955303534865379,0.117296151816845,0.0242155939340591,0.98819488286972
162.996276855469,-0.0191517844796181,0.0869641751050949,0.172047644853592,349.204223632813,13.6411628723145,1.33574903011322,-0.0920214653015137,0.119314722716808,0.0226937886327505,0.98832231760025
163.540542602539,-0.0172244161367416,0.0858553349971771,0.174301415681839,350.1650390625,14.1188898086548,1.00706779956818,-0.0839917957782745,0.123189583420753,0.0192241109907627,0.9886354804039
164.044662475586,-0.0149939861148596,0.0843392983078957,0.176289990544319,351.265625,14.5255393981934,0.671130120754242,-0.0747976005077362,0.126493245363235,0.0154193062335253,0.989023327827454
164.617797851563,-0.0179261341691017,0.0841658189892769,0.175962492823601,351.477722167969,13.7678461074829,1.01438903808594,-0.0727056711912155,0.120175264775753,0.0176693852990866,0.98992908000946
165.216659545898,-0.0174763798713684,0.0836910009384155,0.180649191141129,351.902984619141,13.9432430267334,0.925168216228485,-0.0690992251038551,0.121636673808098,0.0165629480034113,0.990028083324432
165.795135498047,-0.0156423933804035,0.0833430215716362,0.180608168244362,351.994354248047,14.0217485427856,0.565304815769196,-0.0686820819973946,0.122100286185741,0.0134045649319887,0.990047812461853
166.387084960938,-0.0158609226346016,0.0832565873861313,0.180224061012268,351.949157714844,13.5139923095703,0.583432972431183,-0.0691128671169281,0.117721803486347,0.0133029585704207,0.990549445152283
166.908569335938,-0.015112578868866,0.0839616060256958,0.180881530046463,351.596954345703,13.2208204269409,0.69440770149231,-0.072080597281456,0.115247175097466,0.0144372563809156,0.990612983703613
167.500289916992,-0.0158246606588364,0.0818327665328979,0.183067426085472,353.177978515625,12.0931587219238,0.818871676921844,-0.0584142245352268,0.105570450425148,0.0133607909083366,0.992604732513428
168.074829101563,-0.0180214308202267,0.0812003612518311,0.184872835874557,353.484649658203,11.4257507324219,1.14094138145447,-0.0555520616471767,0.0999405533075333,0.0155473966151476,0.993319749832153
168.642700195313,-0.019131351262331,0.0812286287546158,0.185611546039581,353.422576904297,10.1011791229248,1.33626973628998,-0.0561159029603004,0.0885507017374039,0.0166464988142252,0.994350433349609
169.21858215332,-0.0210441574454308,0.0809302181005478,0.184362798929214,353.64306640625,9.26388835906982,1.25707912445068,-0.0543774031102657,0.0812318101525307,0.0153944948688149,0.995091676712036
169.726852416992,-0.0221695341169834,0.0800110697746277,0.187639504671097,354.1064453125,9.17118740081787,1.35771548748016,-0.0502941310405731,0.0804441049695015,0.0159041974693537,0.995362401008606
170.238784790039,-0.0217905640602112,0.0795721188187599,0.187901169061661,354.3759765625,9.27583408355713,1.25658249855042,-0.0480099320411682,0.0812925323843956,0.014883073978126,0.995422065258026
170.761428833008,-0.0212885830551386,0.0806881636381149,0.187229067087173,354.003448486328,9.44159412384033,1.29592728614807,-0.0511956624686718,0.0827718675136566,0.0155595783144236,0.995131015777588
171.324935913086,-0.0259591229259968,0.0804983302950859,0.187965512275696,354.179473876953,8.95255279541016,1.60909950733185,-0.049517422914505,0.0786487087607384,0.0179428551346064,0.995510160923004
171.859237670898,-0.025543475523591,0.0800781771540642,0.187621340155602,354.235015869141,9.05493545532227,1.38486266136169,-0.0491743311285973,0.0794372111558914,0.0160012282431126,0.995497703552246
172.407653808594,-0.026121973991394,0.0789967775344849,0.193532466888428,354.950653076172,8.18550872802734,1.5265645980835,-0.0429834835231304,0.0718810111284256,0.0164181217551231,0.996351361274719
172.924987792969,-0.0296041890978813,0.0784199014306068,0.198505982756615,355.424346923828,7.47981691360474,2.08654522895813,-0.0386411920189857,0.0658898651599884,0.0207576919347048,0.996862351894379
173.437438964844,-0.0315649770200253,0.0803737118840218,0.194932714104652,354.768493652344,6.7159948348999,2.60067248344421,-0.0442196615040302,0.059532355517149,0.0253031495958567,0.996925413608551
173.943557739258,-0.034775473177433,0.0794461593031883,0.194985508918762,355.086029052734,6.18377685546875,2.89642143249512,-0.04143126308918,0.0549525171518326,0.027524882927537,0.997249245643616
174.475891113281,-0.0334956645965576,0.0791822001338005,0.195130690932274,355.148529052734,6.66472864151001,2.77337002754211,-0.0408351235091686,0.0590813644230366,0.0265968050807714,0.997062921524048
174.987655639648,-0.0306526497006416,0.0795086398720741,0.193606480956078,354.796264648438,7.16560792922974,2.24519324302673,-0.0440750494599342,0.063302218914032,0.0223695710301399,0.996769726276398
175.513320922852,-0.0327791199088097,0.0797579810023308,0.192677661776543,354.402099609375,6.67304754257202,2.3523051738739,-0.0475452318787575,0.0591193661093712,0.0233084689825773,0.996845543384552
176.021942138672,-0.0325132086873055,0.0804922133684158,0.189695715904236,353.976745605469,6.81693744659424,2.1969165802002,-0.0512978918850422,0.0603663101792336,0.0222332514822483,0.996609330177307
176.54377746582,-0.0320138297975063,0.0817174017429352,0.18557895720005,353.159301757813,6.63681936264038,2.17254114151001,-0.0584547817707062,0.0589004531502724,0.0223452020436525,0.996300399303436
177.08528137207,-0.0329715386033058,0.0814580768346786,0.186524420976639,353.549133300781,6.45098304748535,2.22467541694641,-0.0550745613873005,0.0572565235197544,0.0225164629518986,0.996584892272949
177.592330932617,-0.03426543623209,0.0820876806974411,0.185990840196609,353.09814453125,6.39446687698364,2.39796257019043,-0.0589218698441982,0.0569175407290459,0.0242106504738331,0.996344566345215
178.129013061523,-0.0342456996440887,0.0822900533676147,0.183986604213715,352.856506347656,6.32896375656128,2.39294123649597,-0.0610394924879074,0.0563821755349636,0.0242467820644379,0.996246635913849
178.711456298828,-0.0349260717630386,0.0826796144247055,0.181589365005493,352.345581054688,6.05449771881104,2.402188539505,-0.0655354633927345,0.0540787130594254,0.0244098175317049,0.996084749698639
179.236053466797,-0.0351530537009239,0.0824988186359406,0.182387813925743,352.829711914063,6.36506080627441,2.34422731399536,-0.061288733035326,0.0566739961504936,0.0238551460206509,0.996224224567413
179.746231079102,-0.0344404280185699,0.0828453525900841,0.181679978966713,352.866638183594,6.224534034729,2.29512095451355,-0.0610206834971905,0.0554206371307373,0.0233359690755606,0.996323466300964
180.286148071289,-0.0353627800941467,0.0852946043014526,0.171382337808609,350.593902587891,5.68572378158569,2.30074048042297,-0.0808817967772484,0.051064059138298,0.0240498911589384,0.995124220848083
180.836120605469,-0.0360164679586887,0.0874633565545082,0.16340109705925,348.32275390625,4.64691781997681,2.20796871185303,-0.100847497582436,0.0422814562916756,0.023274602368474,0.993730545043945
181.392944335938,-0.0394306778907776,0.0880237817764282,0.159471184015274,347.570220947266,2.26679563522339,2.8289909362793,-0.107718214392662,0.0223298221826553,0.0266759283840656,0.993572652339935
181.945541381836,-0.0250368714332581,0.0845044851303101,0.161118149757385,349.937561035156,9.08401393890381,0.0449883006513119,-0.0873920693993568,0.0789191797375679,0.00733469519764185,0.993015885353088
182.533538818359,-0.0238320007920265,0.0738677680492401,0.167851462960243,358.453094482422,9.23137664794922,359.29443359375,-0.0139502519741654,0.0803801491856575,-0.00505039002746344,0.996653854846954
183.035446166992,-0.024230781942606,0.0749627351760864,0.171056255698204,358.42236328125,8.762375831604,359.5224609375,-0.014044894836843,0.0763265490531921,-0.0031030208338052,0.996979176998138
183.59228515625,-0.0256271958351135,0.0786377862095833,0.163696721196175,355.828552246094,7.73638200759888,359.716125488281,-0.0364788100123405,0.0673265382647514,-1.48358558362816E-05,0.997063934803009
184.101425170898,-0.0236299820244312,0.0789646580815315,0.162145525217056,355.713073730469,8.72355937957764,359.256378173828,-0.0377859398722649,0.0757570862770081,-0.00362136168405414,0.996403515338898
184.620178222656,-0.0181424394249916,0.0828736424446106,0.156609371304512,352.739379882813,11.4345798492432,357.587951660156,-0.0650820955634117,0.0980720296502113,-0.0145943881943822,0.992941677570343
185.147201538086,-0.0141622461378574,0.0814693421125412,0.152101218700409,352.837127685547,12.0881462097168,356.444183349609,-0.0653502866625786,0.103109918534756,-0.0242185611277819,0.992225348949432
185.654861450195,-0.0134525150060654,0.0813200250267982,0.150244846940041,352.738677978516,12.6192779541016,356.070922851563,-0.0666638612747192,0.107458800077438,-0.0270496476441622,0.991603195667267
186.16520690918,-0.0117981061339378,0.0824487060308456,0.145288035273552,351.595397949219,13.2308120727539,355.675079345703,-0.0770736932754517,0.112066119909286,-0.0289450343698263,0.990284323692322
186.674774169922,-0.00930695421993732,0.0835373923182487,0.138784050941467,350.258270263672,14.387095451355,354.872100830078,-0.0897391736507416,0.120875842869282,-0.0336001813411713,0.98803186416626
187.189865112305,-0.01105004735291,0.0840043351054192,0.139822751283646,350.400115966797,13.9145812988281,355.475738525391,-0.0877602398395538,0.117332071065903,-0.0289153885096312,0.988784730434418
187.772613525391,-0.0139548033475876,0.0844673588871956,0.14286333322525,350.569732666016,13.1317300796509,356.256744384766,-0.0853410512208939,0.111230410635471,-0.0229419376701117,0.989857733249664
188.297790527344,-0.0150967845693231,0.0830589532852173,0.143892168998718,351.8212890625,12.1413726806641,357.01806640625,-0.0736328288912773,0.103605285286903,-0.0182683616876602,0.991720914840698
188.879486083984,-0.0175623595714569,0.0765995606780052,0.154891684651375,356.472351074219,10.4280242919922,358.073638916016,-0.0321749411523342,0.0903049781918526,-0.013935717754066,0.995296776294708
189.464172363281,-0.0156152844429016,0.0767289474606514,0.155007377266884,356.440399169922,10.0794534683228,358.028411865234,-0.0324443466961384,0.0872588008642197,-0.0144016714766622,0.995553076267242
189.966018676758,-0.0166769661009312,0.0777767822146416,0.152898102998734,355.756683349609,9.8727912902832,358.093994140625,-0.0383093655109406,0.0853654518723488,-0.0133738983422518,0.995523154735565
190.471786499023,-0.0210158042609692,0.0807043462991714,0.155556231737137,354.299011230469,9.10926914215088,358.927795410156,-0.050312764942646,0.0788441151380539,-0.00536667415872216,0.995602071285248
190.989547729492,-0.0220401994884014,0.0779874548316002,0.1548181027174,356.466766357422,9.2225399017334,359.469299316406,-0.0311004128307104,0.0802136063575745,-0.0021355589851737,0.99629008769989
191.494750976563,-0.0241948887705803,0.0780647769570351,0.153813347220421,356.197998046875,8.46992683410645,0.00948655977845192,-0.0330760553479195,0.0738088637590408,0.00253221415914595,0.996720552444458
192.053634643555,-0.0252526849508286,0.0790898501873016,0.153605490922928,355.556121826172,8.60456943511963,359.745635986328,-0.0388274863362312,0.0748760774731636,0.000696638657245785,0.996436417102814
192.56169128418,-0.0240283738821745,0.0791823267936707,0.151776880025864,355.284820556641,8.48656368255615,359.630462646484,-0.0412615872919559,0.0737962499260902,-0.000169473845744506,0.996419370174408
193.111618041992,-0.023306030780077,0.0788550823926926,0.151627540588379,355.229370117188,8.48475456237793,359.443603515625,-0.0418639369308949,0.0737093165516853,-0.0017591726500541,0.996399164199829
193.627883911133,-0.0244684517383575,0.0800086036324501,0.149629667401314,354.567138671875,8.1288013458252,359.533477783203,-0.0475614592432976,0.070604994893074,-0.00069740047911182,0.996369600296021
194.168884277344,-0.0268707498908043,0.081332691013813,0.147790983319283,353.688446044922,7.68998289108276,359.702667236328,-0.0551003701984882,0.0668129771947861,0.00110666640102863,0.996242344379425
194.680511474609,-0.0261871851980686,0.082074373960495,0.147225707769394,353.259857177734,7.95402431488037,359.470550537109,-0.0589626878499985,0.0689646005630493,-0.000524168426636606,0.995875000953674
195.202758789063,-0.0245248768478632,0.0821034833788872,0.145389154553413,353.049530029297,8.40396690368652,359.072082519531,-0.0610445365309715,0.0726460590958595,-0.00361943896859884,0.995481312274933
195.725082397461,-0.0223725773394108,0.0812168344855309,0.145629018545151,353.499847412109,9.17960262298584,358.583557128906,-0.0574955716729164,0.079188160598278,-0.00776468403637409,0.995169997215271
196.247268676758,-0.0222298353910446,0.0773651152849197,0.153437405824661,356.233184814453,8.98067760467529,359.027496337891,-0.0334278531372547,0.0779678225517273,-0.0058829695917666,0.996377944946289
196.774948120117,-0.0153061877936125,0.0789871737360954,0.158036440610886,354.732788085938,11.2739496231079,357.847076416016,-0.0475619323551655,0.0972450152039528,-0.0141636626794934,0.994022488594055
197.280197143555,-0.00424319505691528,0.0802888870239258,0.151206105947495,352.473602294922,14.0453414916992,354.388885498047,-0.0710339173674583,0.118663810193539,-0.0404599159955978,0.989563584327698
197.88020324707,-0.00896638538688421,0.0785599946975708,0.156548202037811,354.255096435547,11.4378318786621,356.36474609375,-0.0529949776828289,0.0978914052248001,-0.0265294685959816,0.993430972099304
198.416900634766,-0.0094361687079072,0.0783668756484985,0.157722279429436,354.376861572266,11.1397581100464,356.548461914063,-0.05171724781394,0.0954286232590675,-0.0251788347959518,0.993772983551025
198.935165405273,-0.00977901928126812,0.078591525554657,0.157400205731392,354.361907958984,11.2297382354736,356.521789550781,-0.0518890880048275,0.0961923226714134,-0.025356525555253,0.993685901165009
199.44352722168,-0.0105707850307226,0.0787651166319847,0.158488422632217,354.374359130859,10.9208164215088,356.687744140625,-0.0515768937766552,0.0935917273163795,-0.0240674279630184,0.993982493877411
199.97688293457,-0.0117796808481216,0.0780478492379189,0.159455522894859,355.106719970703,10.7423181533813,356.971801757813,-0.0449578911066055,0.0923661664128304,-0.0222883261740208,0.994459927082062
200.505844116211,-0.0148471817374229,0.0794832184910774,0.15661957859993,354.390655517578,10.2921257019043,357.344482421875,-0.0507967472076416,0.0884343013167381,-0.0186629146337509,0.994610905647278
201.010833740234,-0.0195381417870522,0.0800986662507057,0.152921676635742,353.620635986328,8.98068332672119,357.962432861328,-0.056851964443922,0.077171117067337,-0.0133426394313574,0.995306193828583
201.533111572266,-0.0205823518335819,0.0809721350669861,0.150026500225067,352.823608398438,8.47977066040039,357.966156005859,-0.0637133494019508,0.072668194770813,-0.013038027100265,0.995233654975891
202.060501098633,-0.0182359665632248,0.0817131549119949,0.148325324058533,351.914215087891,8.93935394287109,357.432312011719,-0.0720129758119583,0.0761431902647018,-0.0167886950075626,0.994351387023926
202.584609985352,-0.0189419761300087,0.0817482173442841,0.149373829364777,351.933990478516,9.0747241973877,357.542236328125,-0.0717870071530342,0.0773914977908134,-0.015763645991683,0.994288086891174
203.093551635742,-0.0217084251344204,0.0805993378162384,0.156263291835785,353.204132080078,6.60470485687256,358.226226806641,-0.0600550584495068,0.0565809719264507,-0.0120116276666522,0.996517837047577
203.609924316406,-0.0405120924115181,0.0800101235508919,0.158854708075523,353.939971923828,358.394989013672,1.98960793018341,-0.0530886873602867,-0.0130665535107255,0.0165955349802971,0.998366415500641
204.136505126953,-0.0431719087064266,0.0791036784648895,0.162775263190269,354.537170410156,357.686767578125,2.3372528553009,-0.0480458475649357,-0.0191864855587482,0.0194059256464243,0.998472273349762
204.67024230957,-0.0420349761843681,0.0738642662763596,0.171712473034859,358.250701904297,359.380706787109,1.79040420055389,-0.0153472283855081,-0.00516460137441754,0.0155390528962016,0.999748110771179
205.190078735352,-0.0377030000090599,0.0663853958249092,0.176038518548012,3.33804273605347,1.49044001102448,1.58133673667908,0.0292999595403671,0.012597537599504,0.0134135279804468,0.999401271343231
205.732879638672,-0.0340899601578712,0.0632822960615158,0.179165348410606,5.12860441207886,1.91253852844238,0.942151069641113,0.0448699109256268,0.0163042023777962,0.00746568711474538,0.998831868171692
206.273452758789,-0.0348027609288692,0.0664544552564621,0.177111476659775,3.1211404800415,2.27395009994507,1.01886177062988,0.0274036414921284,0.0195924211293459,0.00834571290761232,0.999397575855255
206.857070922852,-0.0268588401377201,0.0661831945180893,0.175788477063179,3.26144671440125,5.99799585342407,0.204319462180138,0.0285118762403727,0.0522465482354164,0.0002910009061452,0.998227059841156
207.359161376953,-0.0275340899825096,0.0667474865913391,0.179178237915039,3.15630269050598,5.36064386367798,0.0732042416930199,0.0275401826947927,0.0467280596494675,-0.000649997964501381,0.998527765274048
207.911468505859,-0.0356873758137226,0.0720881447196007,0.173670321702957,359.677764892578,2.31203174591064,1.49191355705261,-0.00254862173460424,0.0202097278088331,0.0130730606615543,0.999707043170929
208.421508789063,-0.0375363230705261,0.0741183459758759,0.171009585261345,358.255126953125,1.55091023445129,1.97747337818146,-0.0149892549961805,0.0137929692864418,0.0174583159387112,0.999640166759491
208.930297851563,-0.0388387590646744,0.0755145251750946,0.169120132923126,357.716125488281,0.85870748758316,2.10342717170715,-0.0197878312319517,0.00785660371184349,0.0184999909251928,0.999602138996124
209.441741943359,-0.0399628393352032,0.0756791532039642,0.167720049619675,357.34326171875,0.863235652446747,2.33160066604614,-0.0230236724019051,0.00800114404410124,0.020514203235507,0.999492466449738
209.991302490234,-0.0386080145835876,0.0743541717529297,0.169851720333099,358.041107177734,1.18704950809479,1.81151604652405,-0.0169268529862165,0.0106261661276221,0.0159816909581423,0.999672532081604
210.576614379883,-0.0404808521270752,0.073982447385788,0.171491906046867,358.203674316406,0.672753274440765,2.05366611480713,-0.0155673502013087,0.00615008966997266,0.0180101599544287,0.999697685241699
211.101440429688,-0.0416550561785698,0.0746183693408966,0.170414626598358,357.877593994141,0.641911327838898,2.21851682662964,-0.0184081569314003,0.00595822324976325,0.01945910602808,0.999623477458954
211.641021728516,-0.0412697866559029,0.0751072317361832,0.168737202882767,357.422576904297,1.0026181936264,2.01865291595459,-0.022331964224577,0.00914196856319904,0.017806775867939,0.999550223350525
212.155059814453,-0.0408933684229851,0.0759421437978745,0.167318105697632,356.726867675781,1.06583905220032,1.94619822502136,-0.0283962767571211,0.00978093594312668,0.0172409024089575,0.999400198459625
212.655975341797,-0.0409408397972584,0.0766664072871208,0.16694387793541,356.362365722656,1.03056037425995,1.89271974563599,-0.0315850079059601,0.00951165053993464,0.0167927537113428,0.999314725399017
213.192321777344,-0.0406809076666832,0.0769309177994728,0.166574582457542,356.047393798828,1.09539484977722,1.73257553577423,-0.0343362353742123,0.0100735723972321,0.0154389292001724,0.999240279197693
213.701080322266,-0.0402446761727333,0.0771282240748405,0.165952324867249,355.964111328125,1.20297086238861,1.71390914916992,-0.0350497178733349,0.0110166389495134,0.0153156323358417,0.999207496643066
214.223831176758,-0.0404903590679169,0.0769581496715546,0.166926801204681,355.980621337891,1.06802296638489,1.64049255847931,-0.0349301621317863,0.00981543958187103,0.0146328927949071,0.999234437942505
214.728225708008,-0.0402440056204796,0.0767710730433464,0.166927129030228,356.161590576172,1.20720100402832,1.62236392498016,-0.033335980027914,0.0110017629340291,0.0145013676956296,0.999278426170349
215.237228393555,-0.038610115647316,0.0762933865189552,0.165686339139938,356.313598632813,1.50158286094666,1.36917221546173,-0.0320027209818363,0.0134799582883716,0.0123622203245759,0.999320387840271
215.742141723633,-0.0312580838799477,0.0761635303497314,0.166650652885437,356.499145507813,4.31017160415649,0.23417167365551,-0.0304474513977766,0.0376492291688919,0.00318979495204985,0.998821973800659
216.252975463867,-0.0269087962806225,0.0777842253446579,0.161489769816399,354.980895996094,4.53320646286011,0.0355673618614674,-0.0437393933534622,0.0395250171422958,0.00204154872335494,0.998258709907532
216.767837524414,-0.02762845531106,0.077618733048439,0.170065551996231,355.052947998047,4.02518844604492,359.688354492188,-0.0432263389229774,0.0349690280854702,-0.00119962776079774,0.998452425003052
217.283569335938,-0.0252883471548557,0.0771784335374832,0.173569008708,355.345184326172,4.06552648544312,359.700347900391,-0.0406766086816788,0.0353354625403881,-0.00117070379201323,0.998546719551086
217.802047729492,-0.0245536863803864,0.0785360336303711,0.164137676358223,354.315521240234,4.26015853881836,359.508453369141,-0.0497105978429317,0.0369097143411636,-0.00243833404965699,0.998078465461731
218.306625366211,-0.0233841799199581,0.078693300485611,0.163759797811508,354.125946044922,4.67903280258179,359.120208740234,-0.0515069998800755,0.0403730422258377,-0.00556955998763442,0.997840702533722
218.887908935547,-0.0182092301547527,0.0790345147252083,0.159034043550491,353.840148925781,5.4935998916626,358.456939697266,-0.0543065890669823,0.0471261441707611,-0.0108557380735874,0.997352540493011
219.39778137207,-0.00818991661071777,0.0811136960983276,0.153530955314636,352.117309570313,8.51587772369385,356.111755371094,-0.0710189864039421,0.0717030465602875,-0.028650663793087,0.994481861591339
219.920959472656,-0.008876021951437,0.0801534503698349,0.156484663486481,352.8408203125,8.45108318328857,356.181671142578,-0.064680702984333,0.0714238211512566,-0.0285619609057903,0.99493682384491
220.432510375977,-0.0103450119495392,0.0805741623044014,0.155420050024986,352.638275146484,8.40945053100586,356.425598144531,-0.0662770867347717,0.0711367875337601,-0.0263345502316952,0.994913816452026
220.937881469727,-0.0101709179580212,0.0805031061172485,0.156182736158371,352.602172851563,8.28861522674561,356.496551513672,-0.0665192902088165,0.0701175779104233,-0.0257651004940271,0.994984865188599
221.519058227539,-0.00979004707187414,0.0803250893950462,0.156596377491951,352.745544433594,8.32829856872559,356.43115234375,-0.0653237774968147,0.0704687461256981,-0.026402909308672,0.995022535324097
222.099716186523,-0.00381289701908827,0.0785982459783554,0.152017578482628,353.928924560547,10.7471332550049,355.644714355469,-0.0562380366027355,0.0914467051625252,-0.0328222513198853,0.993678748607635
222.674255371094,-0.00378036499023438,0.0745953321456909,0.159176200628281,356.712371826172,11.179027557373,355.854034423828,-0.0320528000593185,0.0962642431259155,-0.0331934243440628,0.994285702705383
223.23193359375,-0.00422123167663813,0.0733909234404564,0.168638423085213,357.880920410156,11.342601776123,356.709411621094,-0.0212301705032587,0.0982353612780571,-0.0267398227006197,0.994577348232269
223.745941162109,0.00102565437555313,0.0715043619275093,0.154725924134254,358.7001953125,12.8705701828003,356.233093261719,-0.0149486530572176,0.111642710864544,-0.0313867442309856,0.9931401014328
224.259292602539,-0.000585864298045635,0.0735721290111542,0.154498711228371,357.767639160156,12.0962781906128,356.398803710938,-0.0226718783378601,0.104683324694633,-0.0291888900101185,0.993818581104279
224.771926879883,-0.00393696501851082,0.074350893497467,0.156945571303368,357.105316162109,11.2291212081909,356.86767578125,-0.0278007499873638,0.0970810428261757,-0.0247212741523981,0.994580924510956
225.360549926758,-0.0081904623657465,0.0754691958427429,0.156184181571007,356.530548095703,10.9515781402588,357.358367919922,-0.0323244109749794,0.0946614518761635,-0.0200468823313713,0.994782626628876
225.881103515625,-0.00853371992707253,0.0759831219911575,0.157370433211327,356.180847167969,10.6287527084351,357.496520996094,-0.0351933054625988,0.0918221026659012,-0.0186535753309727,0.994978487491608
226.396667480469,-0.00802003405988216,0.0756783038377762,0.159860283136368,356.3583984375,10.7629499435425,357.344604492188,-0.0337969549000263,0.0929809212684631,-0.0200778432190418,0.99489152431488
226.907257080078,-0.00730268843472004,0.0749493613839149,0.160309731960297,357.046813964844,10.9920835494995,357.100952148438,-0.0280640255659819,0.095065675675869,-0.0227044709026814,0.994816303253174
227.407669067383,-0.00798803381621838,0.0752209424972534,0.160116046667099,356.954162597656,10.4910917282104,357.498809814453,-0.0284538995474577,0.0907925292849541,-0.0192968938499689,0.995276212692261
227.909423828125,-0.00718399602919817,0.0749675929546356,0.159820929169655,357.213531494141,10.7669458389282,357.339477539063,-0.0263777785003185,0.0932061523199081,-0.0208255257457495,0.995079517364502
228.425338745117,-0.00714302062988281,0.0743838548660278,0.165329128503799,357.288940429688,10.0688543319702,357.502593994141,-0.025471355766058,0.0871953740715981,-0.0196267608553171,0.995672166347504
229.003799438477,-0.0148598253726959,0.0723304748535156,0.176062017679214,358.751037597656,5.41857194900513,358.857940673828,-0.0113572916015983,0.0471546836197376,-0.00943936966359615,0.998778462409973
229.507339477539,-0.0195912607014179,0.0731742680072784,0.177396133542061,358.499664306641,4.66607093811035,359.604949951172,-0.0132218254730105,0.0406590700149536,-0.00291132321581244,0.999081373214722
230.104751586914,-0.0217858999967575,0.0740691870450974,0.175770998001099,357.953491210938,4.30581474304199,0.26104012131691,-0.0177600141614676,0.0376010499894619,0.00294690090231597,0.999130666255951
230.622650146484,-0.0237882696092129,0.0741440281271935,0.176385954022408,357.913513183594,4.44502687454224,0.625560879707336,-0.0179813057184219,0.0388727635145187,0.00616007344797254,0.999063372612
231.140411376953,-0.0259316340088844,0.0749866738915443,0.173995316028595,357.235290527344,4.20904445648193,1.10388970375061,-0.0237532220780849,0.0369424298405647,0.0105096716433764,0.998979866504669
231.65119934082,-0.0313835665583611,0.0757782980799675,0.173253387212753,356.818511962891,3.9905948638916,2.01785445213318,-0.0271261669695377,0.0352871678769588,0.01855712197721,0.998836636543274
232.243911743164,-0.0301286838948727,0.0750673711299896,0.175241276621819,357.276123046875,4.2837290763855,1.70446813106537,-0.0231931060552597,0.0377124659717083,0.0157473590224981,0.998895347118378
232.744064331055,-0.0295918807387352,0.0750699490308762,0.175487264990807,357.356811523438,4.43913698196411,1.62495636940002,-0.0224953815340996,0.0390416979789734,0.0150586944073439,0.998870849609375
233.307052612305,-0.0289098620414734,0.0740610361099243,0.177226096391678,357.921508789063,4.70113611221313,1.32433259487152,-0.0176469963043928,0.0412135906517506,0.0122889317572117,0.998918890953064
233.875762939453,-0.0283293798565865,0.0737483203411102,0.179093733429909,358.297180175781,4.8155722618103,1.30278730392456,-0.0143677731975913,0.0421728603541851,0.0119816530495882,0.998935163021088
234.392303466797,-0.0293255746364594,0.0744238719344139,0.175614416599274,357.815063476563,4.72220420837402,1.5117996931076,-0.018504723906517,0.0414375849068165,0.0139643615111709,0.99887216091156
234.926055908203,-0.0275216139853001,0.0733408853411674,0.17733408510685,358.400787353516,5.06423902511597,1.08846962451935,-0.0135213239118457,0.0443055741488934,0.0101048536598682,0.998875498771667
235.431945800781,-0.0238884054124355,0.0733817592263222,0.17732560634613,358.388305664063,5.77325439453125,0.618404626846313,-0.0137743009254336,0.0504299253225327,0.00609744712710381,0.998614013195038
235.937789916992,-0.0219039022922516,0.0726006254553795,0.177784875035286,358.872344970703,7.22112703323364,0.0141796311363578,-0.00981319602578878,0.0629726871848106,0.000743191107176244,0.997966706752777
236.515472412109,-0.0115386238321662,0.0698232650756836,0.176488012075424,0.485685735940933,11.4304533004761,358.198455810547,0.00265126931481063,0.0996372848749161,-0.0160646047443151,0.994890630245209
237.094589233398,-0.0106297116726637,0.0738712176680565,0.170156419277191,357.898590087891,12.6901922225952,357.372650146484,-0.0207533687353134,0.110051147639751,-0.0207557566463947,0.993492543697357
237.610458374023,-0.0071081230416894,0.0755470544099808,0.166076764464378,356.87646484375,13.3009405136108,357.168731689453,-0.0299230236560106,0.11506499350071,-0.0213740579783916,0.992677092552185
238.195999145508,-0.00450267642736435,0.0767332836985588,0.160887196660042,356.028778076172,14.0989322662354,356.138000488281,-0.0384998954832554,0.121424183249474,-0.0291713997721672,0.991424739360809
238.750030517578,-0.00619519408792257,0.0757570117712021,0.164801627397537,356.462799072266,14.1553249359131,356.313507080078,-0.0345732681453228,0.122107036411762,-0.0281039997935295,0.991516470909119
239.305389404297,-0.00611062161624432,0.0765831917524338,0.162711545825005,356.240173339844,14.2675075531006,356.269714355469,-0.0365733094513416,0.122994020581245,-0.0282060019671917,0.991332113742828
239.880279541016,-0.0035440931096673,0.0775139331817627,0.157001942396164,355.2978515625,14.8781604766846,355.707794189453,-0.0454930029809475,0.127748966217041,-0.0317938514053822,0.990252375602722
240.432250976563,-0.00432660989463329,0.0760470926761627,0.162468209862709,356.292938232422,14.5811357498169,356.216613769531,-0.0362525768578053,0.125706732273102,-0.0286240018904209,0.990991532802582
240.986251831055,-0.00279345083981752,0.0764429345726967,0.158763647079468,355.913665771484,14.7582874298096,355.774383544922,-0.0400652289390564,0.126962184906006,-0.0319626107811928,0.990582585334778
241.575790405273,-0.00472053978592157,0.0777848064899445,0.156817391514778,354.898315429688,14.4352006912231,355.854644775391,-0.0486639216542244,0.123834483325481,-0.0302570555359125,0.990646958351135
242.107421875,-0.00413112156093121,0.0781874135136604,0.156079083681107,354.57568359375,14.2984027862549,355.941864013672,-0.0513225793838501,0.122573859989643,-0.0292067136615515,0.990701079368591
242.632553100586,-0.00476815830916166,0.0784944295883179,0.155822247266769,354.406616210938,14.2569513320923,356.006774902344,-0.0527038760483265,0.122184805572033,-0.0284786615520716,0.990697801113129
243.153671264648,-0.0051923505961895,0.0788583382964134,0.156111925840378,354.300445556641,14.1530265808105,356.101470947266,-0.053495392203331,0.121292904019356,-0.0275923255831003,0.990790069103241
243.666076660156,-0.00388115458190441,0.080006830394268,0.157691523432732,353.850524902344,15.0370645523071,356.048583984375,-0.0576504282653332,0.128747507929802,-0.0271157808601856,0.989628851413727
244.178527832031,-0.00310428999364376,0.080244168639183,0.15095055103302,353.820556640625,17.0307655334473,355.685485839844,-0.0588334053754807,0.145748376846313,-0.029197882860899,0.987139105796814
244.696929931641,-0.0045971367508173,0.0810164362192154,0.145084127783775,352.857330322266,15.1035480499268,355.789093017578,-0.0665280446410179,0.128809601068497,-0.0281685199588537,0.989034175872803
245.240310668945,0.000463563948869705,0.0780562162399292,0.150679424405098,354.945220947266,18.9003829956055,354.135894775391,-0.0518321096897125,0.161590680480003,-0.0431774817407131,0.984549462795258
245.786849975586,-0.00160378217697144,0.077956922352314,0.158258348703384,354.819519042969,18.6125907897949,354.356018066406,-0.052497424185276,0.159155413508415,-0.0412359982728958,0.984993994235992
246.356384277344,-0.00157405808568001,0.0788712054491043,0.157930746674538,354.2392578125,18.7980899810791,354.240753173828,-0.0577075853943825,0.16040663421154,-0.0413046814501286,0.984496533870697
246.884033203125,-0.000658895820379257,0.0788623690605164,0.158506214618683,354.077239990234,18.7242870330811,354.105743408203,-0.0592598617076874,0.159621149301529,-0.0422686859965324,0.984491109848022
247.452194213867,-0.00262302998453379,0.0798288211226463,0.155734613537788,353.400939941406,18.7232093811035,354.068115234375,-0.0651158392429352,0.159239187836647,-0.0416188836097717,0.984210669994354
248.006622314453,-0.00244742631912231,0.0799077749252319,0.15686371922493,353.324829101563,18.9428653717041,353.985534667969,-0.0659644305706024,0.161037847399712,-0.0420921109616756,0.983841300010681
248.549377441406,-0.00281381048262119,0.0802199169993401,0.156410977244377,353.062561035156,19.1737995147705,353.848449707031,-0.0684924125671387,0.162797644734383,-0.0427484475076199,0.983350574970245
249.094009399414,-0.00157206505537033,0.079848513007164,0.155707716941833,353.179473876953,19.4741020202637,353.661376953125,-0.0678725838661194,0.165327683091164,-0.0443486869335175,0.982900440692902
249.653289794922,-0.00146516971290112,0.0806847661733627,0.154454097151756,352.870025634766,19.8118553161621,353.704406738281,-0.0705893933773041,0.168075531721115,-0.0433075055480003,0.982289254665375
250.169540405273,-0.00259561091661453,0.0804834291338921,0.155726119875908,353.056640625,19.3818283081055,353.707183837891,-0.068823479115963,0.164494574069977,-0.0438269153237343,0.982997536659241
250.671890258789,-0.00159704498946667,0.0805781632661819,0.153958067297935,353.015747070313,19.5015106201172,353.632354736328,-0.0693276226520538,0.16545295715332,-0.0443355739116669,0.982778370380402
251.202575683594,-3.83667647838593E-05,0.0799346938729286,0.154753968119621,353.364013671875,19.7412033081055,353.217529296875,-0.0670442432165146,0.167463585734367,-0.048276249319315,0.982410550117493
251.708038330078,0.00245019141584635,0.0795237421989441,0.155162617564201,353.607055664063,20.7668781280518,352.937377929688,-0.065826840698719,0.176234498620033,-0.0504601746797562,0.980847597122192
252.232147216797,0.00374321453273296,0.0783426314592361,0.153473749756813,354.110748291016,21.1914348602295,352.332336425781,-0.0626604035496712,0.179847896099091,-0.0562114603817463,0.980086028575897
252.741195678711,0.00265725515782833,0.0771644562482834,0.160681128501892,355.097076416016,20.8877296447754,352.811065673828,-0.0533358789980412,0.178112760186195,-0.0538607724010944,0.981086254119873
253.282638549805,0.0102513302117586,0.0749424621462822,0.150323256850243,355.510437011719,21.2992725372314,352.087585449219,-0.051142904907465,0.18156510591507,-0.0605321824550629,0.98018079996109
253.822479248047,0.00813685730099678,0.0737031772732735,0.149744525551796,354.896484375,20.0325355529785,353.033508300781,-0.0543189719319344,0.170770555734634,-0.0520421601831913,0.982434988021851
254.39697265625,-0.0189554691314697,0.0626324415206909,0.160251140594482,2.87116241455078,8.22430324554443,2.31454277038574,0.0264312438666821,0.0711671710014343,0.0183423478156328,0.996945440769196
254.902130126953,-0.0204974953085184,0.0609219931066036,0.167396724224091,3.81792211532593,10.6462602615356,1.33541131019592,0.0342460907995701,0.0923282504081726,0.00850651971995831,0.995103240013123
255.449569702148,-0.0149543453007936,0.0608570724725723,0.166515052318573,3.79877161979675,10.8826732635498,0.36145356297493,0.0332938879728317,0.0946699157357216,-4.62651269117487E-06,0.994951844215393
256.017395019531,-0.0119013246148825,0.0617894977331161,0.166231855750084,3.04756569862366,11.6761140823364,359.898132324219,0.0263635776937008,0.101704604923725,-0.00358878867700696,0.994458794593811
256.517486572266,-0.0144784012809396,0.0625940188765526,0.16759766638279,2.39982938766479,11.704197883606,359.701080322266,0.0205658134073019,0.101992532610893,-0.00472955591976643,0.994561314582825
257.078369140625,-0.0158032923936844,0.0622255392372608,0.169140845537186,2.64073777198792,12.0554552078247,359.674621582031,0.0226171482354403,0.105046503245831,-0.00524281663820148,0.994196355342865
257.637481689453,-0.0132067548111081,0.062906302511692,0.168513476848602,2.29551601409912,12.3199119567871,359.26318359375,0.0192249193787575,0.107408821582794,-0.00854096375405788,0.993992328643799
258.183410644531,-0.0126241138204932,0.062323622405529,0.170703932642937,2.59001970291138,12.7749156951904,359.015197753906,0.0215032994747162,0.111411884427071,-0.0110525591298938,0.993480205535889
258.756378173828,-0.0132586369290948,0.0621419586241245,0.171747297048569,2.76488852500916,12.9960327148438,358.974182128906,0.02295714430511,0.113345928490162,-0.0116218831390142,0.99322235584259
259.307983398438,-0.0122839082032442,0.0625369101762772,0.171854063868523,2.50832653045654,13.223108291626,358.83056640625,0.0205661375075579,0.115325763821602,-0.0126546854153275,0.993034183979034
259.875305175781,-0.0128587950021029,0.0629957094788551,0.169515684247017,2.21329641342163,13.4583683013916,358.797943115234,0.0179504118859768,0.117349497973919,-0.0126786110922694,0.992847502231598
260.44482421875,-0.0128978872671723,0.0637198463082314,0.169553279876709,1.72293305397034,13.757529258728,358.802459716797,0.0136743551120162,0.119904808700085,-0.0121744079515338,0.992616593837738
260.996856689453,-0.0143878478556871,0.0641437172889709,0.1705172508955,1.41286671161652,13.9364147186279,358.961395263672,0.0111382165923715,0.121415287256241,-0.010491575114429,0.992483854293823
261.564300537109,-0.0133232325315475,0.0644110590219498,0.169017598032951,1.22535169124603,13.9168338775635,359.033569335938,0.00959221925586462,0.121227242052555,-0.00966628082096577,0.992531359195709
262.132110595703,-0.0127777941524982,0.0641858652234077,0.170444205403328,1.32319116592407,13.8437576293945,358.820465087891,0.0102216005325317,0.120619483292103,-0.0116088641807437,0.992578327655792
262.633758544922,-0.0131161957979202,0.0641408786177635,0.171006962656975,1.4935210943222,14.0527963638306,358.932983398438,0.0117956893518567,0.122431382536888,-0.0108348634094,0.992347776889801
263.163055419922,-0.0116607453674078,0.0635855421423912,0.171911641955376,1.74098002910614,14.3594350814819,358.638305664063,0.0135871851816773,0.125137880444527,-0.0136868609115481,0.991951882839203
263.668151855469,-0.0118234595283866,0.0633010491728783,0.171016469597816,1.858726978302,14.6588191986084,358.553283691406,0.0144755700603127,0.127749875187874,-0.014588875696063,0.991593480110168
264.234680175781,-0.0103513393551111,0.0637634620070457,0.169798731803894,1.63265430927277,15.4461431503296,358.092498779297,0.0118792662397027,0.134587958455086,-0.0184070058166981,0.990659475326538
264.78466796875,-0.013357856310904,0.0639807283878326,0.169384211301804,1.70156931877136,16.414571762085,358.123077392578,0.0123565308749676,0.142960622906685,-0.0183284822851419,0.989481508731842
265.361572265625,-0.0159757826477289,0.0641228631138802,0.171003177762032,1.52060556411743,16.7057151794434,358.386901855469,0.0110826464369893,0.145426645874977,-0.015853326767683,0.989179968833923
265.954315185547,-0.0172803476452827,0.0644173920154572,0.169942274689674,1.40353918075562,17.1789951324463,358.263763427734,0.00984644610434771,0.149509221315384,-0.0168088618665934,0.988568425178528
266.529113769531,-0.00656295754015446,0.0622985064983368,0.174728915095329,3.02756261825562,19.1680583953857,357.084075927734,0.0218055155128241,0.167044684290886,-0.0294766277074814,0.985267341136932
267.109069824219,-0.00940731354057789,0.0612135753035545,0.176832720637321,3.68383359909058,19.4496974945068,356.923431396484,0.0271364878863096,0.169619172811508,-0.0318727679550648,0.984620273113251
267.692565917969,-0.010508188046515,0.0605489052832127,0.180254504084587,3.86359977722168,19.0202808380127,356.896179199219,0.0287622604519129,0.165968090295792,-0.0322629176080227,0.985183477401733
268.266967773438,-0.0125763565301895,0.0613641664385796,0.180224925279617,3.67548966407776,18.659065246582,357.340423583984,0.0278762429952621,0.162719830870628,-0.0280858017504215,0.985878467559814
268.775390625,-0.0142654776573181,0.060716986656189,0.182785540819168,3.66589832305908,17.8463230133057,357.623199462891,0.0283762980252504,0.155652388930321,-0.0254387333989143,0.9870765209198
269.375396728516,-0.0144211053848267,0.0609884262084961,0.182736217975616,3.62510418891907,17.5058689117432,357.545989990234,0.027997212484479,0.152732402086258,-0.025965815410018,0.987529635429382
269.876068115234,-0.0147389005869627,0.0611910708248615,0.182700961828232,3.39828491210938,17.6591777801514,357.506286621094,0.0259543396532536,0.154029905796051,-0.0260430108755827,0.987381875514984
270.431732177734,-0.016878567636013,0.061455462127924,0.182934239506721,3.23877191543579,17.5113830566406,357.762084960938,0.02495376765728,0.152677178382874,-0.0235939007252455,0.987679243087769
270.999053955078,-0.0170889087021351,0.0615252926945686,0.183079048991203,3.28484225273132,17.5999813079834,357.78076171875,0.0253576375544071,0.153442651033401,-0.0235134270042181,0.987552285194397
271.54345703125,-0.0174049325287342,0.0613344833254814,0.183618426322937,3.28616189956665,17.5547580718994,357.840911865234,0.025458637624979,0.153039738535881,-0.0229866895824671,0.98762458562851
272.105529785156,-0.0230255573987961,0.0618219263851643,0.190046787261963,2.77276468276978,15.6099977493286,358.800354003906,0.0225478708744049,0.136005759239197,-0.0136541500687599,0.990357339382172
272.650909423828,-0.0157759375870228,0.0633819326758385,0.181773036718369,2.0781033039093,16.145191192627,358.185577392578,0.0157288908958435,0.140671268105507,-0.0182198658585548,0.989763736724854
273.217346191406,-0.0141020864248276,0.0612707734107971,0.186850681900978,3.07848763465881,15.8414096832275,358.158386230469,0.0243882089853287,0.138162508606911,-0.0196123700588942,0.989915013313293
273.774932861328,-0.0141804246231914,0.0611210130155087,0.186353877186775,3.19401574134827,16.3753871917725,358.015808105469,0.0251163206994534,0.142817303538322,-0.0210997704416513,0.989205360412598
274.354400634766,-0.0160021856427193,0.062351681292057,0.185658693313599,2.61650848388672,16.0763282775879,358.568542480469,0.0208590198308229,0.140067711472511,-0.0155578618869185,0.989799916744232
274.915283203125,-0.0171579904854298,0.0619213730096817,0.187484622001648,2.97419428825378,15.6981773376465,358.606262207031,0.0240464154630899,0.136820942163467,-0.0155880870297551,0.99018120765686
275.487335205078,-0.0144837172701955,0.0618169605731964,0.19019503891468,3.1984531879425,15.1199827194214,358.504211425781,0.0259465854614973,0.131862878799438,-0.0166056919842958,0.990789175033569
276.036193847656,-0.0189180038869381,0.0624141655862331,0.187771439552307,2.67002272605896,14.8273439407349,358.758911132813,0.02170505002141,0.129239857196808,-0.013742801733315,0.991280555725098
276.596649169922,-0.0208945274353027,0.0633073672652245,0.18406218290329,2.11123251914978,14.4512510299683,358.941528320313,0.0171142909675837,0.125919044017792,-0.0114788254722953,0.991826474666595
277.169158935547,-0.0217252783477306,0.0644258856773376,0.180917575955391,1.26749432086945,13.9110536575317,359.27001953125,0.0102077545598149,0.121158964931965,-0.00766228046268225,0.99255108833313
277.742156982422,-0.023641400039196,0.0645870938897133,0.180202499032021,1.02762711048126,13.7347927093506,359.495269775391,0.00837655458599329,0.119605153799057,-0.0054450468160212,0.99277126789093
278.256408691406,-0.0246549155563116,0.0655376389622688,0.177804961800575,0.535055994987488,13.4013385772705,359.792816162109,0.00442637968808413,0.116689257323742,-0.00234033376909792,0.993155837059021
278.820892333984,-0.0268837418407202,0.0649878531694412,0.179569825530052,0.783441662788391,13.0229177474976,359.873291015625,0.00666728056967258,0.113406710326672,-0.00187377154361457,0.993524491786957
279.393188476563,-0.0261762347072363,0.0650288313627243,0.179561287164688,0.840462744235992,13.0514240264893,359.788604736328,0.0070771835744381,0.113659262657166,-0.00266621401533484,0.993490993976593
279.965759277344,-0.0278786048293114,0.065463162958622,0.178247854113579,0.541995286941528,12.9259128570557,0.0119066191837192,0.00471142027527094,0.11255906522274,-0.000429144856752828,0.993633806705475
280.476867675781,-0.0281815938651562,0.0652181431651115,0.178849592804909,0.589297592639923,12.8531494140625,0.0818031281232834,0.00519015360623598,0.111924685537815,0.000133764988277107,0.993703126907349
280.996337890625,-0.0275438167154789,0.0649745687842369,0.180121764540672,0.749175667762756,12.9752025604248,359.941528320313,0.00643821759149432,0.112989097833633,-0.00124573858920485,0.993574619293213
281.511352539063,-0.0275020599365234,0.065339207649231,0.178732424974442,0.638474404811859,12.9336309432983,359.9755859375,0.0055122715421021,0.112627170979977,-0.000839164247736335,0.993621647357941
282.111358642578,-0.031588077545166,0.0660054683685303,0.172678887844086,359.943572998047,12.7215394973755,0.328626900911331,-0.000171660969499499,0.11078941822052,0.00290470593608916,0.993839681148529
282.681243896484,-0.0318001583218575,0.0665863081812859,0.170208945870399,359.557342529297,12.3412685394287,0.377324789762497,-0.00348650105297565,0.107501067221165,0.00368888536468148,0.994192004203796
283.238006591797,-0.0286012515425682,0.0653656721115112,0.172394409775734,0.480415225028992,12.4712724685669,359.732421875,0.00391397066414356,0.108626149594784,-0.00277649145573378,0.994071125984192
283.765106201172,-0.029017249122262,0.0649506375193596,0.171717777848244,0.785741627216339,12.349910736084,359.774291992188,0.00660517858341336,0.107575483620167,-0.00269573274999857,0.994171321392059
284.299957275391,-0.0311165750026703,0.0648915991187096,0.171248510479927,0.643605411052704,12.1633682250977,359.983032226563,0.00556919444352388,0.105945356190205,-0.000742232077755034,0.994356095790863
284.823852539063,-0.0329901725053787,0.0650007277727127,0.173124268651009,0.672411501407623,12.1593866348267,0.0756563991308212,0.00590478302910924,0.105905957520008,3.50268928741571E-05,0.994358658790588
285.375885009766,-0.0307292938232422,0.0645742043852806,0.173631384968758,0.847133219242096,12.328971862793,359.901062011719,0.00725711090490222,0.107386492192745,-0.00165215856395662,0.994189500808716
285.968200683594,-0.0331765338778496,0.0639437735080719,0.174374252557755,1.23834550380707,12.066577911377,-0.00116505939513445,0.0107454676181078,0.105100244283676,-0.0011459297966212,0.994402945041656
286.499053955078,-0.0325834639370441,0.0641559809446335,0.173124849796295,1.25677263736725,12.3095169067383,-0.00237799808382988,0.0109017500653863,0.107208117842674,-0.0011964711593464,0.994176149368286
287.019989013672,-0.0328978784382343,0.0639017224311829,0.174313545227051,1.34437370300293,12.3314542770386,0.032879862934351,0.0116945561021566,0.1073939204216,-0.000974777387455106,0.994147300720215
287.526824951172,-0.0332177989184856,0.0639219880104065,0.17456679046154,1.29810726642609,12.5018835067749,359.937438964844,0.0112010892480612,0.108882360160351,-0.0017760694026947,0.993989944458008
288.095153808594,-0.0319870114326477,0.0629533529281616,0.178871721029282,1.89004468917847,12.5422477722168,359.862945556641,0.0162636823952198,0.109238028526306,-0.00299018924124539,0.993878066539764
288.667114257813,-0.032656367868185,0.0621250793337822,0.180731952190399,2.31037092208862,12.8417682647705,359.774353027344,0.0198137424886227,0.111847661435604,-0.00421106815338135,0.993518888950348
289.217376708984,-0.0302608609199524,0.0628518313169479,0.178951069712639,1.89964914321899,14.2183427810669,359.338226318359,0.0157344862818718,0.123836241662502,-0.00778124434873462,0.992147386074066
289.725921630859,-0.0314972139894962,0.0640741437673569,0.173995137214661,1.04385733604431,14.0433597564697,359.386383056641,0.0083862142637372,0.122286483645439,-0.00642806850373745,0.992438614368439
290.261993408203,-0.0326705202460289,0.0637058690190315,0.175700843334198,1.23042273521423,13.8940925598145,359.424713134766,0.0100511256605387,0.120996966958046,-0.00628172932192683,0.992582082748413
290.782470703125,-0.0322633534669876,0.0625467449426651,0.178431764245033,2.00009369850159,14.044017791748,359.063201904297,0.0163224805146456,0.122369505465031,-0.0102460822090507,0.992297530174255
291.2978515625,-0.0312220044434071,0.0622091367840767,0.177829071879387,2.2819676399231,14.1161727905273,358.946258544922,0.0186312068253756,0.123027689754963,-0.0115706110373139,0.992160856723785
291.813018798828,-0.0315058752894402,0.0612228289246559,0.180482998490334,2.9026837348938,14.156135559082,358.948547363281,0.0240036398172379,0.123407527804375,-0.0122235575690866,0.991990447044373
292.328643798828,-0.0309384316205978,0.0603222213685513,0.181219220161438,3.4944224357605,14.4466800689697,358.886505126953,0.0290252547711134,0.125966891646385,-0.0134687339887023,0.991518259048462
292.861236572266,-0.0298945493996143,0.0599730983376503,0.179788082838058,3.65584516525269,14.467041015625,358.551452636719,0.0300506427884102,0.126239508390427,-0.0165496524423361,0.991406381130219
293.435516357422,-0.029953770339489,0.0577093064785004,0.182730197906494,4.99490833282471,14.7719631195068,358.417358398438,0.0414355881512165,0.129015430808067,-0.0192843172699213,0.990588843822479
294.033477783203,-0.0298951845616102,0.0560052134096622,0.186013996601105,5.9920334815979,14.8356990814209,358.476226806641,0.0501101799309254,0.12960584461689,-0.0199148561805487,0.990098357200623
294.566589355469,-0.0276108905673027,0.0571563430130482,0.187197059392929,5.8147611618042,15.1647787094116,358.403656005859,0.0484374351799488,0.132469490170479,-0.020482961088419,0.989790976047516
295.097686767578,-0.0267088562250137,0.0548908151686192,0.189302012324333,6.90176057815552,15.4548368453979,358.392425537109,0.0577575117349625,0.135040104389191,-0.0219684205949306,0.988911330699921
295.617218017578,-0.0268584229052067,0.054188460111618,0.189560696482658,7.48074245452881,15.2280073165894,358.209320068359,0.0625863596796989,0.133210644125938,-0.0240977667272091,0.988816022872925
296.124359130859,-0.0263297110795975,0.0572104565799236,0.19383205473423,5.73226690292358,15.2864398956299,358.133361816406,0.0473880209028721,0.13362729549408,-0.0227735266089439,0.989636063575745
296.634979248047,-0.0299016833305359,0.0333774089813232,0.211109831929207,17.2062301635742,12.3142681121826,359.012969970703,0.147807240486145,0.107325829565525,-0.0245110243558884,0.982869982719421
297.155181884766,-0.0198823399841785,0.0213665664196014,0.208716303110123,22.7395095825195,14.3810586929321,356.999786376953,0.192309886217117,0.127791121602058,-0.0501307174563408,0.971685826778412
297.706085205078,-0.0142390131950378,0.0206256508827209,0.210096776485443,23.3141422271729,15.6600685119629,355.925415039063,0.195299923419952,0.140456676483154,-0.0620015375316143,0.968651473522186
298.304260253906,-0.0102715790271759,0.0263064932078123,0.211141034960747,21.0871105194092,17.4336490631104,355.676879882813,0.175121039152145,0.155708238482475,-0.0643639266490936,0.970023155212402
298.853393554688,-0.0108625534921885,0.0286953933537006,0.21159103512764,19.9434490203857,17.7161273956299,356.066192626953,0.165790677070618,0.157444059848785,-0.0600495487451553,0.971657812595367
299.387115478516,-0.0138588137924671,0.0260671973228455,0.209683895111084,21.571138381958,17.2436637878418,356.211334228516,0.180050060153008,0.1532993465662,-0.0601436011493206,0.969775259494781
299.920135498047,-0.0171528402715921,0.0263419635593891,0.206151500344276,21.2272148132324,16.3558654785156,356.092529296875,0.177439242601395,0.145948261022568,-0.0593530163168907,0.971437931060791
300.436737060547,-0.017610440030694,0.0282924100756645,0.202578812837601,20.3146915435791,16.4742755889893,356.010223388672,0.169517770409584,0.147015079855919,-0.0591620355844498,0.972702503204346
300.959289550781,-0.0180720090866089,0.0281651001423597,0.202913179993629,20.2980175018311,16.2285251617432,355.991577148438,0.169478848576546,0.144954964518547,-0.0589373223483562,0.973032057285309
301.484893798828,-0.0180258862674236,0.027459230273962,0.204850599169731,20.6400146484375,16.3267879486084,356.070404052734,0.172436580061913,0.145697131752968,-0.0588121972978115,0.972408950328827
302.031463623047,-0.0177270956337452,0.0268550980836153,0.205266758799553,20.9062690734863,16.2957305908203,355.985260009766,0.174607425928116,0.145581588149071,-0.0597972609102726,0.971978664398193
302.606903076172,-0.0177520997822285,0.0259425584226847,0.20624090731144,21.2315788269043,16.4432163238525,356.036956787109,0.177359834313393,0.146775037050247,-0.059964507818222,0.971290290355682
303.151397705078,-0.0192443132400513,0.0273017883300781,0.207165509462357,20.8308696746826,16.3769588470459,356.247375488281,0.174258455634117,0.145866826176643,-0.0576093606650829,0.972130656242371
303.751403808594,-0.0129779484122992,0.0467048771679401,0.192464902997017,10.5436210632324,21.8920001983643,357.821350097656,0.0865981355309486,0.190761342644691,-0.0360297039151192,0.977145254611969
304.305450439453,-0.0160023886710405,0.0453468747437,0.195588052272797,11.1646966934204,20.991491317749,357.901947021484,0.0923134312033653,0.1830193400383,-0.0356334894895554,0.978116750717163
304.831268310547,-0.0167403295636177,0.0454713515937328,0.196215987205505,11.5217294692993,19.3159313201904,357.232147216797,0.0948938354849815,0.169260084629059,-0.0405239723622799,0.980155110359192
305.352142333984,-0.0180339179933071,0.0469440408051014,0.200982108712196,10.6680269241333,18.125560760498,357.31103515625,0.0880960151553154,0.158945307135582,-0.037709254771471,0.982625842094421
305.880920410156,-0.0204551964998245,0.0462362095713615,0.203034281730652,10.9098873138428,17.6197547912598,357.312164306641,0.0903397649526596,0.154623910784721,-0.0376273319125175,0.983114719390869
306.396148681641,-0.0190021097660065,0.0439245402812958,0.202531591057777,12.2472648620605,17.7430019378662,356.908447265625,0.101223260164261,0.156126365065575,-0.0429459027945995,0.981597721576691
306.918487548828,-0.0200508888810873,0.0436676256358624,0.202315911650658,12.4480676651001,17.3060779571533,356.895690917969,0.103091776371002,0.152412101626396,-0.0429260544478893,0.981987774372101
307.439056396484,-0.0222305320203304,0.0435670986771584,0.20092861354351,12.5482130050659,17.0903129577637,356.948211669922,0.104100592434406,0.150524288415909,-0.0424081087112427,0.982195019721985
307.950592041016,-0.022874167189002,0.0432778596878052,0.200203433632851,12.5887689590454,16.823673248291,356.910461425781,0.104498162865639,0.148276478052139,-0.042539969086647,0.982488989830017
308.462677001953,-0.0229918174445629,0.0412331745028496,0.205280691385269,13.6468696594238,16.5432357788086,357.091644287109,0.113911181688309,0.145784735679626,-0.042022742331028,0.981837689876556
308.977722167969,-0.0239246636629105,0.0401040464639664,0.204898148775101,14.4717140197754,16.3980197906494,357.324279785156,0.12132952362299,0.144348219037056,-0.0408829338848591,0.981209099292755
309.514404296875,-0.0215818155556917,0.0392879918217659,0.204056814312935,14.7391557693481,16.6491928100586,356.936981201172,0.123034678399563,0.146925792098045,-0.0447908230125904,0.980443298816681
310.043579101563,-0.0221068318933249,0.0388642549514771,0.204535722732544,14.9237565994263,16.5243816375732,357.034454345703,0.12478855997324,0.145764097571373,-0.0440468117594719,0.980428755283356
310.56689453125,-0.0231579635292292,0.0382135957479477,0.205396592617035,15.2972688674927,16.1445941925049,357.130523681641,0.128252968192101,0.142429068684578,-0.0432536974549294,0.98050719499588
311.076354980469,-0.0225228630006313,0.0396574586629868,0.205815657973289,14.483494758606,16.5574798583984,357.294311523438,0.121335312724113,0.14574570953846,-0.041322723031044,0.980983376502991
311.606506347656,-0.0246079675853252,0.0399408377707005,0.210051313042641,14.5046768188477,15.386061668396,357.739776611328,0.122459791600704,0.135236248373985,-0.0362848229706287,0.982546746730804
312.116943359375,-0.0276791118085384,0.0369191877543926,0.211436688899994,15.8960208892822,14.7167835235596,357.911804199219,0.1348015666008,0.129322916269302,-0.0356049761176109,0.981751680374146
312.628936767578,-0.027384290471673,0.0370488092303276,0.208721980452538,15.724720954895,14.8207149505615,357.823638916016,0.133200466632843,0.130315586924553,-0.0362953655421734,0.981813728809357
313.187591552734,-0.0250003002583981,0.0404036156833172,0.209133058786392,13.9315567016602,15.287163734436,357.340209960938,0.117102280259132,0.134782671928406,-0.0389595851302147,0.98315966129303
313.708312988281,-0.0240978635847569,0.0401418022811413,0.2098468542099,14.3122119903564,15.1800327301025,357.250885009766,0.120302401483059,0.133979186415672,-0.0400421507656574,0.982839524745941
314.213653564453,-0.0252686701714993,0.0398908369243145,0.208299681544304,14.1483659744263,14.9571599960327,357.187866210938,0.118900515139103,0.132122084498405,-0.0401684530079365,0.983256280422211
314.733245849609,-0.0262679271399975,0.0396583266556263,0.208625093102455,14.4061546325684,14.8838157653809,357.221038818359,0.121177859604359,0.131475791335106,-0.0400901399552822,0.98306804895401
315.269378662109,-0.0306057687848806,0.0376563370227814,0.213085532188416,15.3808927536011,12.1575622558594,357.248809814453,0.130510836839676,0.108107596635818,-0.0378237180411816,0.984809160232544
315.795562744141,-0.0312143564224243,0.037148118019104,0.212296396493912,15.85533618927,12.0900354385376,357.483612060547,0.134832561016083,0.107289887964725,-0.036148227751255,0.984379172325134
316.395538330078,-0.036327064037323,0.0377415418624878,0.208700925111771,15.6196212768555,10.6333284378052,357.626434326172,0.133370235562325,0.0945833399891853,-0.0330197699368,0.985989928245544
316.981872558594,-0.0350101068615913,0.0380239523947239,0.209331497550011,15.4707489013672,11.0890989303589,357.522430419922,0.131867110729218,0.0986143872141838,-0.0343240648508072,0.985752582550049
317.48193359375,-0.0301683936268091,0.0428926795721054,0.203927755355835,12.9111824035645,13.2728757858276,357.003601074219,0.1086390838027,0.117716766893864,-0.0387950874865055,0.9863241314888
317.998321533203,-0.0211766101419926,0.0526147224009037,0.191114738583565,7.36230707168579,17.3739757537842,355.501495361328,0.0575031526386738,0.153099477291107,-0.048406258225441,0.985348045825958
318.583404541016,-0.0170750860124826,0.0552667826414108,0.180923968553543,5.57279968261719,21.1285629272461,355.962677001953,0.0413085445761681,0.18469150364399,-0.0434941649436951,0.980964303016663
319.166198730469,-0.0126511454582214,0.0490758717060089,0.188383251428604,9.28196907043457,21.3863372802734,355.354217529297,0.0719457119703293,0.188011601567268,-0.054697323590517,0.977999866008759
319.671539306641,-0.00945893488824368,0.0454974845051765,0.190328031778336,11.1004428863525,20.7355728149414,354.708770751953,0.0867696776986122,0.183322951197624,-0.0625792592763901,0.977214217185974
320.246337890625,-0.0112862568348646,0.0432041436433792,0.191396296024323,12.2899675369263,20.0097503662109,354.893768310547,0.0976177155971527,0.177258118987083,-0.0621947012841702,0.977334201335907
320.82421875,-0.0159840621054173,0.0446703918278217,0.190604880452156,11.5626382827759,19.0580101013184,355.47802734375,0.0927668362855911,0.168495789170265,-0.0553720146417618,0.979763984680176
321.3330078125,-0.0192360356450081,0.0464706532657146,0.188617929816246,10.5875205993652,18.5541801452637,356.035034179688,0.0854478105902672,0.163575515151024,-0.048860426992178,0.981608092784882
321.861755371094,-0.0217895582318306,0.0459281206130981,0.189342305064201,11.0050277709961,18.0875511169434,356.400787353516,0.0897370800375938,0.159361407160759,-0.0459359288215637,0.982059597969055
322.424682617188,-0.021183405071497,0.0472726970911026,0.187433168292046,10.2636194229126,18.7957954406738,356.140228271484,0.0827196761965752,0.165514826774597,-0.0476888529956341,0.981574296951294
322.944915771484,-0.019782105460763,0.0487974770367146,0.187268912792206,9.28526496887207,19.2541770935059,356.112884521484,0.0741016119718552,0.169296741485596,-0.0468560494482517,0.981657862663269
323.447021484375,-0.0230012238025665,0.0507476031780243,0.189923107624054,8.48756980895996,17.2974491119385,356.136627197266,0.0680622979998589,0.152344644069672,-0.044354822486639,0.984982907772064
324.039825439453,-0.0218616724014282,0.0556708574295044,0.180624097585678,5.19557094573975,16.8295230865479,356.053619384766,0.0397763624787331,0.147644639015198,-0.040654830634594,0.987403750419617
324.639831542969,-0.0219396837055683,0.0523101463913918,0.192117303609848,7.25047302246094,16.5600166320801,356.496704101563,0.0581485480070114,0.145568206906319,-0.039289690554142,0.98685610294342
325.170776367188,-0.0255068335682154,0.0524566546082497,0.189663290977478,7.24618864059448,16.2324409484863,357.047424316406,0.05890903621912,0.142464309930801,-0.0343729704618454,0.987447261810303
325.765625,-0.0248979665338993,0.0525014847517014,0.189413085579872,7.17349243164063,16.3295345306396,356.942535400391,0.0581220462918282,0.143343701958656,-0.0352377593517303,0.987336158752441
326.346740722656,-0.0238283108919859,0.0531477890908718,0.187749087810516,6.79200839996338,16.3859748840332,356.796020507813,0.0546322464942932,0.143841058015823,-0.0360608249902725,0.98743337392807
326.856567382813,-0.0235482752323151,0.0537251681089401,0.18562439084053,6.36266660690308,16.4818668365479,356.605834960938,0.0506606772542,0.144678890705109,-0.0372154153883457,0.987479865550995
327.360900878906,-0.0235754586756229,0.0539579093456268,0.186362892389297,6.31510877609253,16.3248310089111,356.696258544922,0.0504146106541157,0.143276900053024,-0.0363083891570568,0.987730622291565
327.869079589844,-0.0227749887853861,0.0529436692595482,0.189030453562737,6.86606693267822,16.3164920806885,356.460296630859,0.0548726879060268,0.143416091799736,-0.0390109494328499,0.987369775772095
328.370941162109,-0.0235971473157406,0.0529256574809551,0.189707592129707,6.89868402481079,16.0563373565674,356.657318115234,0.0554850548505783,0.141085237264633,-0.0372271835803986,0.987740099430084
328.882995605469,-0.0247958675026894,0.0536436215043068,0.18919076025486,6.60930728912354,16.2406406402588,356.803741455078,0.0531121157109737,0.1425541639328,-0.0357027724385262,0.987715899944305
329.414337158203,-0.0248588398098946,0.0550063215196133,0.187679171562195,5.88987731933594,16.2820014953613,356.987335205078,0.0471232980489731,0.142710700631142,-0.0332609936594963,0.988082349300385
329.923522949219,-0.0232825763523579,0.0546438172459602,0.186707228422165,5.99010753631592,16.7398681640625,356.652984619141,0.0474259480834007,0.146812692284584,-0.0364558510482311,0.987353920936584
330.45263671875,-0.0221562795341015,0.0544696487486362,0.187462359666824,6.03523588180542,16.441047668457,356.598968505859,0.0478419847786427,0.144268468022346,-0.0368533916771412,0.987694084644318
331.043121337891,-0.0254580974578857,0.0547473430633545,0.189498990774155,5.93890380859375,16.1061744689941,357.060943603516,0.047687940299511,0.141171857714653,-0.0326131582260132,0.988297879695892
331.616241455078,-0.0278530120849609,0.0528965257108212,0.192054122686386,7.22358846664429,15.4311599731445,357.679016113281,0.0596991553902626,0.13522581756115,-0.0284855961799622,0.988604366779327
332.186920166016,-0.0269879307597876,0.0518941842019558,0.195601060986519,7.72569465637207,15.0602807998657,357.526092529297,0.0639492645859718,0.132161289453506,-0.030178876593709,0.988702774047852
332.715118408203,-0.0244155526161194,0.0503560826182365,0.198539704084396,8.45114898681641,14.9635171890259,357.397705078125,0.0700885057449341,0.131482005119324,-0.0320446230471134,0.98831844329834
333.218475341797,-0.0246238522231579,0.0501462854444981,0.200125575065613,9.04887676239014,15.1430263519287,357.662933349609,0.0755015462636948,0.132920324802399,-0.0305444020777941,0.987774670124054
333.732574462891,-0.026012234389782,0.0488409958779812,0.197713628411293,9.42462253570557,14.5787029266357,357.607299804688,0.078830786049366,0.128125190734863,-0.0310613866895437,0.988131999969482
334.232696533203,-0.0278965160250664,0.0496241301298141,0.195336312055588,8.99888134002686,14.2404117584229,357.724426269531,0.0753753334283829,0.125090792775154,-0.0293649937957525,0.988842010498047
334.811309814453,-0.0281883776187897,0.0496425330638885,0.196260571479797,8.94295310974121,13.9687166213989,357.741912841797,0.0749805122613907,0.122729524970055,-0.0289768297225237,0.989179313182831
335.315185546875,-0.0281744934618473,0.0480424724519253,0.200431734323502,9.8343334197998,13.8912515640259,357.762573242188,0.0827178806066513,0.122120566666126,-0.0296728368848562,0.988617122173309
335.828521728516,-0.0273078735917807,0.0477580688893795,0.201825752854347,10.463755607605,14.0323257446289,357.889678955078,0.0882484465837479,0.123286448419094,-0.029337564483285,0.988004088401794
336.334259033203,-0.0282232761383057,0.0476397760212421,0.200598552823067,10.2925672531128,14.0488348007202,357.968872070313,0.0868528261780739,0.123358115553856,-0.0284879226237535,0.988143682479858
336.910003662109,-0.0274910889565945,0.0468060001730919,0.202291235327721,10.6865520477295,14.0088806152344,358.160888671875,0.0904671773314476,0.122884057462215,-0.0272140558809042,0.987914264202118
337.436187744141,-0.0282708667218685,0.0474366657435894,0.201643571257591,10.328145980835,13.7463283538818,358.346832275391,0.0876325741410255,0.120462827384472,-0.0250345002859831,0.988525450229645
338.012969970703,-0.0268300287425518,0.0482496879994869,0.198997929692268,9.90140247344971,13.9671792984009,358.332641601563,0.0838867723941803,0.122364990413189,-0.0248797070235014,0.988620758056641
338.529174804688,-0.0244564339518547,0.0476951226592064,0.202396437525749,10.0800256729126,14.2816486358643,357.840209960938,0.0848207771778107,0.125448748469353,-0.0295469239354134,0.988025844097137
339.035003662109,-0.0263170227408409,0.0473656915128231,0.203645303845406,10.3526315689087,13.7830696105957,358.145690917969,0.0876236632466316,0.120934508740902,-0.0268230512738228,0.988421738147736
339.546661376953,-0.0255822725594044,0.047173585742712,0.204258561134338,10.477237701416,13.8240823745728,358.022399902344,0.088558591902256,0.121389135718346,-0.0280463732779026,0.988248705863953
340.1279296875,-0.026989720761776,0.0467601343989372,0.205364435911179,10.7418584823608,13.7676649093628,358.038879394531,0.0908726826310158,0.120903298258781,-0.0281324367970228,0.988095700740814
340.631713867188,-0.0263641905039549,0.0480954945087433,0.206884548068047,9.95459842681885,14.2137470245361,358.353668212891,0.084314838051796,0.124478153884411,-0.0249354317784309,0.988319039344788
341.201965332031,-0.0247036181390285,0.0477634258568287,0.205702602863312,10.053656578064,14.0628128051758,358.11572265625,0.084946371614933,0.123355984687805,-0.0269810520112514,0.988351941108704
341.703643798828,-0.027715589851141,0.0512100271880627,0.20022077858448,8.17330169677734,14.4421939849854,358.257873535156,0.0687855929136276,0.126439243555069,-0.0240002050995827,0.989295542240143
342.210113525391,-0.0269215237349272,0.0498331636190414,0.201648607850075,9.21195888519287,14.6654491424561,358.755035400391,0.0782593786716461,0.128076702356339,-0.0209890753030777,0.988448917865753
342.732055664063,-0.0280109085142612,0.0495030991733074,0.202259406447411,9.45529937744141,13.9756507873535,358.878662109375,0.0806169062852859,0.12203922867775,-0.0197061523795128,0.989049553871155
343.245361328125,-0.0269801691174507,0.048827338963747,0.203569903969765,9.66852855682373,14.1718320846558,358.650665283203,0.0821769312024117,0.123894937336445,-0.022038534283638,0.988641142845154
343.749572753906,-0.0159652829170227,0.0476018525660038,0.197672381997108,10.8641977310181,25.8762474060059,2.43123650550842,0.0969706103205681,0.220885619521141,-0.000607331865467131,0.97046685218811
344.259582519531,-0.0214062929153442,0.0497503280639648,0.195854306221008,9.63928031921387,20.5530967712402,0.654824376106262,0.0836860835552216,0.177293375134468,-0.00938593875616789,0.980548620223999
344.859558105469,-0.0238961577415466,0.0487610101699829,0.199258297681808,10.1822471618652,18.2782096862793,0.521557867527008,0.0883326232433319,0.157804921269417,-0.00961866695433855,0.983464479446411
345.399536132813,-0.0312101300805807,0.0481985323131084,0.197219133377075,10.5550394058228,15.3933992385864,0.419337093830109,0.0916386619210243,0.133026897907257,-0.00870764534920454,0.986828446388245
345.926208496094,-0.0302389860153198,0.0470927990972996,0.200768977403641,11.0456428527832,13.3620004653931,359.839782714844,0.0954266637563705,0.115934863686562,-0.0125791393220425,0.988582193851471
346.449523925781,-0.0297745876014233,0.0457774065434933,0.205607950687408,11.7056035995483,13.2143592834473,359.805755615234,0.101101651787758,0.114633373916149,-0.0134082827717066,0.988158881664276
346.966888427734,-0.0258248895406723,0.0434336103498936,0.20948788523674,12.8415069580078,13.877781867981,359.359100341797,0.110336631536484,0.120671853423119,-0.019026905298233,0.986358046531677
347.479156494141,-0.0228854566812515,0.0402286760509014,0.217623621225357,14.4095630645752,13.8018455505371,359.321655273438,0.123799592256546,0.119939096271992,-0.0208992883563042,0.984810411930084
347.988128662109,-0.0216790586709976,0.0436874255537987,0.218196153640747,12.6268882751465,13.9983882904053,358.838989257813,0.107915349304676,0.122215963900089,-0.0233944449573755,0.986341834068298
348.504486083984,-0.0234797112643719,0.0427508242428303,0.218509316444397,13.0468826293945,13.7266759872437,358.902618408203,0.111653439700603,0.119802564382553,-0.0230219345539808,0.986230611801147
349.032928466797,-0.0235555171966553,0.0432888008654118,0.216225296258926,13.0088491439819,14.154465675354,359.111572265625,0.111464403569698,0.123281978070736,-0.0216009225696325,0.985855281352997
349.562103271484,-0.0228109918534756,0.0440429002046585,0.217338725924492,12.5008087158203,13.6660633087158,359.197906494141,0.10727009922266,0.119022905826569,-0.0198615081608295,0.98688006401062
350.069427490234,-0.0221160966902971,0.0442066006362438,0.217472121119499,12.4510927200317,13.3869304656982,359.112121582031,0.106802456080914,0.11670109629631,-0.0202892273664474,0.987199306488037
350.588897705078,-0.0233069788664579,0.0448972098529339,0.217868730425835,12.2333984375,13.2461309432983,359.168579101563,0.1050079241395,0.115445338189602,-0.0194553229957819,0.987556159496307
351.107788085938,-0.0222044363617897,0.0443012826144695,0.220919534564018,12.566478729248,12.9049196243286,359.243957519531,0.108010903000832,0.112418785691261,-0.0188153777271509,0.98759388923645
351.614227294922,-0.0246182382106781,0.044568408280611,0.220117121934891,12.3969497680664,12.7545080184937,359.404266357422,0.106729231774807,0.110981412231922,-0.0171292871236801,0.987926423549652
352.116394042969,-0.0249546617269516,0.043659295886755,0.222606211900711,12.8120975494385,12.4306869506836,359.426208496094,0.110377870500088,0.108143649995327,-0.0170262958854437,0.98784202337265
352.641418457031,-0.0243668332695961,0.0428556278347969,0.223073646426201,13.0335903167725,12.5253667831421,359.172088623047,0.112031176686287,0.109194308519363,-0.019515635445714,0.987494170665741
353.164794921875,-0.0258410889655352,0.0423728078603745,0.224424332380295,13.21253490448,12.2354612350464,359.313385009766,0.113754272460938,0.106547653675079,-0.0181784443557262,0.987611830234528
353.726470947266,-0.0249745063483715,0.0434480495750904,0.224547773599625,12.8878707885742,12.3505554199219,359.35302734375,0.110974460840225,0.107519023120403,-0.0176500622183084,0.987832367420197
354.234344482422,-0.0249530337750912,0.0430824235081673,0.223830789327621,13.1264839172363,12.3568983078003,359.361480712891,0.113038390874863,0.107551597058773,-0.0178047548979521,0.987592041492462
354.798278808594,-0.0277072377502918,0.0464329496026039,0.221944451332092,11.4414043426514,12.2744293212891,359.740814208984,0.0988671183586121,0.106601342558861,-0.0128944041207433,0.989290297031403
355.367767333984,-0.0292101614177227,0.0480150245130062,0.221806883811951,10.7446222305298,12.1615037918091,0.180226057767868,0.0932661443948746,0.105318151414394,-0.00836086645722389,0.990020036697388
355.879119873047,-0.0260212533175945,0.0492836609482765,0.221303790807724,10.0077247619629,13.8505401611328,0.155171871185303,0.0867491066455841,0.119997799396515,-0.00917773507535458,0.988934278488159
356.382263183594,-0.0237935110926628,0.0494958832859993,0.218686908483505,9.66034317016602,15.5796003341675,0.276604264974594,0.0837513133883476,0.134856089949608,-0.00902965851128101,0.98727810382843
356.88525390625,-0.0210502929985523,0.0526480637490749,0.21284607052803,7.75442409515381,17.2167510986328,0.264658153057098,0.0672014504671097,0.149182498455048,-0.007842767983675,0.986492335796356
357.460784912109,-0.0240499321371317,0.0500920526683331,0.214732021093369,9.30024528503418,15.7701005935669,0.0159241985529661,0.0803233757615089,0.136723354458809,-0.0109845977276564,0.987286329269409
358.051116943359,-0.0258786845952272,0.0456633605062962,0.219833940267563,11.6326742172241,13.9277582168579,359.593200683594,0.100163526833057,0.120975755155087,-0.0157924294471741,0.987462818622589
358.555419921875,-0.0242295134812593,0.0442850403487682,0.220469832420349,12.3825025558472,14.1321706771851,359.370635986328,0.106355130672455,0.122882574796677,-0.018685344606638,0.986528933048248
359.071136474609,-0.0245686210691929,0.0439758114516735,0.220688685774803,12.470251083374,13.8735771179199,359.227722167969,0.107002206146717,0.120783694088459,-0.0197673738002777,0.98669707775116
359.576568603516,-0.0244477093219757,0.0445610880851746,0.220030292868614,12.1962671279907,13.7075490951538,359.183258056641,0.104624129831791,0.119409307837486,-0.0197132602334023,0.987120389938354
360.176574707031,-0.0323702096939087,0.0474973917007446,0.218528717756271,10.5830717086792,10.4811019897461,359.851959228516,0.0917204096913338,0.0910667255520821,-0.00970457028597593,0.991564452648163
360.704162597656,-0.0263772010803223,0.0454722680151463,0.220030426979065,11.6343460083008,12.5948572158813,358.895446777344,0.0996863543987274,0.110090829432011,-0.0206485334783792,0.988694250583649
361.207061767578,-0.0244548320770264,0.0433790907263756,0.222070053219795,12.8640232086182,12.7987804412842,358.525604248047,0.109891891479492,0.112179949879646,-0.0251904875040054,0.98727148771286
361.718109130859,-0.0228400249034166,0.0427133850753307,0.221622407436371,13.1304178237915,13.1442909240723,358.338714599609,0.111922279000282,0.115338332951069,-0.0273919850587845,0.986620664596558
362.291320800781,-0.0224184952676296,0.0421510599553585,0.222751647233963,13.3807916641235,13.1412401199341,358.296447753906,0.114036746323109,0.115356512367725,-0.0279973354190588,0.986359298229218
362.796051025391,-0.0227512717247009,0.042339351028204,0.222133070230484,13.2857179641724,13.1351194381714,358.395172119141,0.113318786025047,0.115205094218254,-0.0270487125962973,0.986486196517944
363.378112792969,-0.0220190696418285,0.0421958565711975,0.221288070082664,13.3136653900146,13.3121366500854,358.372741699219,0.113494649529457,0.116751164197922,-0.0274443887174129,0.986273348331451
363.963928222656,-0.0199402347207069,0.0414815321564674,0.220263972878456,13.9707632064819,14.0163831710815,358.155731201172,0.11874283105135,0.123032510280609,-0.0306912828236818,0.984795033931732
364.545379638672,-0.0189633369445801,0.0415674969553947,0.228234574198723,13.6012859344482,13.3359994888306,357.832885742188,0.115412726998329,0.117502570152283,-0.0323978029191494,0.985811054706573
365.048309326172,-0.0172394774854183,0.0377083346247673,0.250359803438187,15.1159906387329,11.5658102035522,358.018951416016,0.129114046692848,0.102131344377995,-0.0303004961460829,0.985890805721283
365.629333496094,-0.0172344669699669,0.0392717942595482,0.24916598200798,14.5727548599243,11.4710140228271,358.182464599609,0.124605774879456,0.101118348538876,-0.0283265747129917,0.986633718013763
366.136016845703,-0.0102407680824399,0.0378647707402706,0.24552458524704,14.7387104034424,10.8344240188599,356.908111572266,0.125119894742966,0.0970384404063225,-0.038740910589695,0.986624419689178
366.717102050781,-0.00384178105741739,0.0381315238773823,0.241762936115265,14.5652780532837,12.2025098800659,356.029876708984,0.122318439185619,0.109731256961823,-0.0476299785077572,0.985255658626556
367.282012939453,-0.00351378880441189,0.0370545275509357,0.245275139808655,15.0968103408813,11.7896566390991,356.0859375,0.127115964889526,0.106215737760067,-0.0471586883068085,0.985056281089783
367.800354003906,-0.00465092994272709,0.0379612408578396,0.242734119296074,14.7761650085449,12.5928926467896,356.319915771484,0.124255463480949,0.112810075283051,-0.0457460656762123,0.984754741191864
368.307159423828,-0.00497781578451395,0.0380910187959671,0.245130032300949,14.7035179138184,11.9421548843384,356.333770751953,0.123900927603245,0.107189498841763,-0.0448577851057053,0.985467791557312
368.834381103516,-0.00861348025500774,0.0395320765674114,0.244468659162521,13.9649324417114,11.7941741943359,356.684478759766,0.117921434342861,0.105435505509377,-0.0410475432872772,0.986556172370911
369.424530029297,-0.00833070650696754,0.0391504913568497,0.246113896369934,14.1809358596802,11.4868450164795,356.751434326172,0.119952455163002,0.102749884128571,-0.0403349734842777,0.98662406206131
369.994873046875,-0.0079155070707202,0.0398134179413319,0.247588008642197,13.933874130249,10.9547805786133,356.704681396484,0.117968499660492,0.0981806963682175,-0.0399837344884872,0.987342536449432
370.559326171875,-0.00533735938370228,0.039480522274971,0.247246026992798,13.9719886779785,11.4386672973633,356.435607910156,0.117886416614056,0.102631591260433,-0.0428304523229599,0.986780226230621
371.128601074219,-0.00716995075345039,0.0395652540028095,0.258536666631699,13.9803075790405,10.3251647949219,356.718475341797,0.118598103523254,0.0927471816539764,-0.0392509400844574,0.987821757793427
371.699157714844,-0.00855900719761848,0.0403351448476315,0.257117748260498,13.694167137146,10.4425640106201,357.011322021484,0.116328597068787,0.0934188589453697,-0.0366304330527782,0.988128960132599
372.226257324219,-0.00626426842063665,0.0408496856689453,0.25613734126091,13.3872079849243,10.485146522522,356.689880371094,0.113402791321278,0.09406428784132,-0.0392112769186497,0.988308787345886
372.826263427734,-0.00242905411869287,0.0393413975834846,0.254632323980331,13.8201236724854,10.8669462203979,356.120269775391,0.116519927978516,0.0980025455355644,-0.0448393784463406,0.987323701381683
373.382873535156,-0.00213931500911713,0.0390931144356728,0.255951792001724,13.7192964553833,10.7205715179443,356.022125244141,0.115624651312828,0.0968207791447639,-0.0454584024846554,0.987517178058624
373.948272705078,-0.00338837690651417,0.0392646044492722,0.256721585988998,13.6884574890137,10.4895839691162,356.189910888672,0.115588761866093,0.0946545526385307,-0.0437556616961956,0.987808287143707
374.506561279297,-0.00443021114915609,0.0402991101145744,0.254931151866913,13.3770580291748,10.62193775177,356.395385742188,0.113023176789284,0.0955331921577454,-0.0418782308697701,0.988101959228516
375.013641357422,-0.00353836733847857,0.039934478700161,0.255522519350052,13.5335187911987,10.6299734115601,356.227264404297,0.114229761064053,0.0957978293299675,-0.0434561334550381,0.987869381904602
375.576202392578,-0.00286171399056911,0.0396019481122494,0.256171017885208,13.5420484542847,10.8101768493652,356.311920166016,0.114306762814522,0.0972683727741241,-0.0429126285016537,0.987740516662598
376.154296875,-0.00478288158774376,0.0400729328393936,0.260684758424759,13.499267578125,10.4933423995972,356.878234863281,0.114521600306034,0.0939643234014511,-0.0376804545521736,0.988248825073242
376.714385986328,-0.000879320316016674,0.0402357652783394,0.256362080574036,13.8488445281982,10.3711595535278,356.607055664063,0.117357730865479,0.093237891793251,-0.0401600785553455,0.987887144088745
377.261566162109,-0.0012670885771513,0.0388046428561211,0.264883399009705,14.2903747558594,10.2596197128296,356.996307373047,0.121518068015575,0.0919346213340759,-0.0370192267000675,0.987628936767578
377.822021484375,-0.00574845261871815,0.0406610742211342,0.262131333351135,13.323844909668,10.5180597305298,357.454315185547,0.113471493124962,0.0935833677649498,-0.0326014123857021,0.988586604595184
378.408843994141,-0.00772148370742798,0.0477504730224609,0.222324907779694,9.85357284545898,9.04396152496338,357.7529296875,0.0840586796402931,0.0802138894796371,-0.0262447167187929,0.99288022518158
378.970336914063,-0.0113329812884331,0.045580830425024,0.216893434524536,10.8922843933105,8.71054077148438,357.837768554688,0.0931927561759949,0.0773699432611465,-0.025934673845768,0.992298543453217
379.529632568359,-0.0106451483443379,0.0465122871100903,0.220048740506172,10.4648752212524,8.86848545074463,357.77099609375,0.0894086509943008,0.0787466764450073,-0.0263609606772661,0.992527186870575
380.031219482422,-0.0133003927767277,0.048123475164175,0.220018401741982,9.69542694091797,8.95757484436035,358.258422851563,0.0830573216080666,0.0790820717811584,-0.0216954406350851,0.993165075778961
380.605499267578,-0.0139092849567533,0.0519696623086929,0.217637822031975,7.82385730743408,9.35153961181641,359.070465087891,0.0673340260982513,0.0818759724497795,-0.0136268259957433,0.994271993637085
381.184936523438,-0.00978273991495371,0.051841102540493,0.215436279773712,7.71024990081787,12.2158632278442,359.359191894531,0.0662574768066406,0.106533139944077,-0.0127014620229602,0.992017805576324
381.764312744141,-0.00815753452479839,0.052891593426466,0.214898467063904,7.01935434341431,13.3786630630493,359.633880615234,0.0604286082088947,0.116460986435413,-0.0102980518713593,0.991301774978638
382.316467285156,-0.00866328924894333,0.0521148331463337,0.215995654463768,7.45964002609253,12.9017162322998,359.47021484375,0.064120776951313,0.112410679459572,-0.0118928402662277,0.991519510746002
382.882019042969,-0.00666548311710358,0.0519152991473675,0.215654999017715,7.463951587677,12.568000793457,359.064483642578,0.0638042911887169,0.109749175608158,-0.0152216805145144,0.991792559623718
383.390686035156,-0.00584390759468079,0.0526943057775497,0.215027868747711,6.90282821655273,12.5240268707275,358.855712890625,0.0587527230381966,0.10946960747242,-0.01647431217134,0.992115497589111
383.960601806641,-0.00817517936229706,0.0574503839015961,0.215973094105721,4.56549263000488,11.8347787857056,358.58447265625,0.0383431687951088,0.10349415242672,-0.0163830723613501,0.993755698204041
384.517364501953,-0.0101866684854031,0.0589658692479134,0.213864102959633,3.45574975013733,11.3626651763916,359.16552734375,0.0292830504477024,0.0991664081811905,-0.0102279866114259,0.994587302207947
385.092498779297,-0.0100805405527353,0.0583851523697376,0.21441625058651,3.71592855453491,11.2389841079712,359.138244628906,0.0315291807055473,0.0981098785996437,-0.0106548676267266,0.994618952274323
385.606811523438,-0.0132676959037781,0.06034255027771,0.210543900728226,2.7687463760376,10.6954078674316,359.700836181641,0.0238110329955816,0.0932348668575287,-0.00485026091337204,0.995347559452057
386.206817626953,-0.020781060680747,0.0594985596835613,0.20513066649437,3.17590999603271,9.5452995300293,0.19489324092865,0.0277568195015192,0.0831231102347374,-0.000611437018960714,0.996152460575104
386.767028808594,-0.0221014861017466,0.0606007091701031,0.205195501446724,2.60576939582825,9.11748504638672,0.229915022850037,0.022825114428997,0.0794149562716484,0.000192309395060875,0.996580302715302
387.277099609375,-0.0240879785269499,0.0616052001714706,0.20318891108036,1.93604826927185,8.70763111114502,0.583652436733246,0.0172320380806923,0.0758176818490028,0.00379535625688732,0.99696558713913
387.836761474609,-0.024840384721756,0.0611409954726696,0.204359158873558,2.28741216659546,8.49276924133301,0.710447192192078,0.0203639082610607,0.0739059820771217,0.00470360182225704,0.997046232223511
388.402526855469,-0.0227496139705181,0.0596764534711838,0.207561641931534,3.27645206451416,8.81634998321533,0.544067919254303,0.0288684293627739,0.076693668961525,0.00253456318750978,0.996633470058441
388.927673339844,-0.0220817923545837,0.0584812164306641,0.209351927042007,3.77291584014893,8.70776176452637,0.3952876329422,0.0330854915082455,0.0757616236805916,0.000938634795602411,0.996576488018036
389.448883056641,-0.0229587703943253,0.0582686923444271,0.209682062268257,3.93560123443604,8.80972194671631,0.564224243164063,0.034613948315382,0.0765888243913651,0.00226908782497048,0.996459186077118
390.025512695313,-0.0217727795243263,0.0580536089837551,0.209876492619514,4.01937961578369,9.09266662597656,0.321714669466019,0.0351804308593273,0.0791180431842804,1.72282943822211E-05,0.996244311332703
390.600067138672,-0.0150327542796731,0.058799471706152,0.211042240262032,3.94248986244202,12.4690179824829,359.582489013672,0.033798810094595,0.108657702803612,-0.00735537242144346,0.99347722530365
391.109039306641,-0.012027314864099,0.0575063675642014,0.213264673948288,4.404372215271,13.2604646682739,359.040313720703,0.0372013486921787,0.115691632032394,-0.0127491699531674,0.992506384849548
391.674468994141,-0.00960947014391422,0.0584952905774117,0.209905549883842,3.82185459136963,13.7809915542603,358.817291259766,0.031865656375885,0.120240703225136,-0.0142408851534128,0.992130994796753
392.247009277344,-0.00719011947512627,0.058297049254179,0.209994032979012,3.7656831741333,13.9316997528076,358.658966064453,0.0311926379799843,0.121585607528687,-0.01559420209378,0.991968154907227
392.796508789063,-0.00776907056570053,0.0585433021187782,0.207829058170319,3.7339015007019,13.7941951751709,358.67041015625,0.0309481658041477,0.120389983057976,-0.0154244750738144,0.992124259471893
393.362487792969,-0.00964721478521824,0.0583562180399895,0.20672807097435,3.60620975494385,13.7108097076416,358.696136474609,0.0298804864287376,0.119652725756168,-0.0150466496124864,0.992251992225647
393.922454833984,-0.00784584879875183,0.0578792095184326,0.210405454039574,4.09487724304199,13.7335271835327,358.517974853516,0.0339224338531494,0.119933351874352,-0.0171029940247536,0.99205482006073
394.482391357422,-0.00779534224420786,0.0577267482876778,0.210103332996368,4.23710250854492,13.8847208023071,358.549865722656,0.0351647697389126,0.121242851018906,-0.0170211270451546,0.991853773593903
395.03662109375,-0.00544011406600475,0.0569601841270924,0.211093917489052,4.45338010787964,13.9571924209595,358.322631835938,0.0367842502892017,0.121958300471306,-0.0192380268126726,0.991666793823242
395.610076904297,-0.00769880227744579,0.0571520403027534,0.209619611501694,4.28646278381348,13.8631544113159,358.605682373047,0.0356542430818081,0.121042311191559,-0.0165830124169588,0.991868197917938
396.180145263672,-0.00733389239758253,0.0569751001894474,0.210466504096985,4.25808000564575,13.8342876434326,358.482635498047,0.0352830104529858,0.120828524231911,-0.0176092889159918,0.991889834403992
396.745147705078,-0.00134447496384382,0.0565264709293842,0.208820283412933,4.84519672393799,14.1246166229248,357.749877929688,0.0395290181040764,0.12363874912262,-0.0246644075959921,0.991232872009277
397.32080078125,-0.00199892092496157,0.0564076192677021,0.208555027842522,4.74164819717407,14.9269123077393,357.523406982422,0.0382021442055702,0.13063870370388,-0.0267813224345446,0.990331709384918
397.875518798828,-0.00525251030921936,0.0570540949702263,0.210402116179466,4.52500486373901,14.2824726104736,357.938781738281,0.036931000649929,0.124903202056885,-0.0227400492876768,0.991220593452454
398.403625488281,-0.00823581125587225,0.0565453767776489,0.21157905459404,4.81123352050781,12.7829265594482,358.072235107422,0.0398357883095741,0.111908718943596,-0.0213748291134834,0.992689609527588
399.003631591797,0.00670474022626877,0.0502132810652256,0.212283775210381,7.90716075897217,16.2317295074463,355.227905273438,0.0623350515961647,0.143559008836746,-0.0508426614105701,0.986367166042328
399.571197509766,0.0106126666069031,0.0486798323690891,0.211178466677666,8.59366798400879,17.961971282959,354.716613769531,0.066751703619957,0.158913359045982,-0.057080514729023,0.983378112316132
400.141632080078,0.0105425529181957,0.0482729002833366,0.21302218735218,8.81989574432373,17.5188140869141,354.86083984375,0.0691117644309998,0.155089199542999,-0.0558761805295944,0.9838947057724
400.708618164063,0.00960414297878742,0.0479555577039719,0.215045064687729,9.15547752380371,17.2610206604004,355.043182373047,0.0723656788468361,0.152855426073074,-0.0545823946595192,0.984082937240601
401.271789550781,0.0105606932193041,0.047380868345499,0.215276464819908,9.41800403594971,17.2875747680664,354.832672119141,0.0743281617760658,0.153290033340454,-0.0567413605749607,0.983746886253357
401.819702148438,0.00978922750800848,0.047910962253809,0.214549168944359,9.27278423309326,17.3818435668945,354.890228271484,0.073110818862915,0.154021874070168,-0.0561223775148392,0.983759343624115
402.397338867188,0.00812365487217903,0.0487085096538067,0.214714661240578,8.80925178527832,17.0195350646973,355.181518554688,0.0696847066283226,0.150603428483009,-0.052805881947279,0.984720408916473
402.948913574219,0.00991704408079386,0.0512321330606937,0.217371314764023,7.70037603378296,17.3351612091064,355.584991455078,0.0605400279164314,0.152806669473648,-0.0481046140193939,0.985226392745972
403.508941650391,0.0110938847064972,0.0499336756765842,0.216725632548332,8.29677677154541,16.6360816955566,355.443878173828,0.0657868757843971,0.147019922733307,-0.0496849194169044,0.985691964626312
404.049011230469,0.0105119347572327,0.0492949485778809,0.216935336589813,8.55643463134766,16.574878692627,355.51953125,0.0681455656886101,0.146513372659683,-0.0493179224431515,0.985625565052032
404.635986328125,0.00996012799441814,0.0488376505672932,0.211365550756454,8.76525211334229,18.6016864776611,356.410217285156,0.0703276917338371,0.163428738713264,-0.0431638322770596,0.983098149299622
405.186279296875,0.00834102556109428,0.0490234978497028,0.215715914964676,8.84247493743896,17.768424987793,356.603881835938,0.0715675354003906,0.1561678647995,-0.0410898476839066,0.984277069568634
405.745178222656,0.00856745894998312,0.0503274910151958,0.213021636009216,8.24237728118896,17.9408874511719,356.541381835938,0.0662617087364197,0.15759314596653,-0.0409319400787354,0.984427988529205
406.308074951172,0.00776175409555435,0.0497375279664993,0.213945060968399,8.46985054016113,17.9061527252197,356.822601318359,0.0686154738068581,0.157163351774216,-0.0387998819351196,0.984421730041504
406.817657470703,0.00688265636563301,0.0495359152555466,0.213606625795364,8.68587589263916,17.9948406219482,356.876342773438,0.0705161690711975,0.157921582460403,-0.0386813059449196,0.984170734882355
407.368927001953,0.0084220003336668,0.0482815802097321,0.215158179402351,9.65622234344482,18.4433441162109,357.530548095703,0.0796186998486519,0.161439046263695,-0.0346792414784431,0.983054280281067
407.941772460938,0.0135620962828398,0.0471207424998283,0.215984016656876,10.3038272857666,21.8367919921875,359.368347167969,0.0871300250291824,0.189128667116165,-0.0223988275974989,0.977822601795197
408.446380615234,0.00465725641697645,0.0474211946129799,0.216053321957588,10.473560333252,18.7481479644775,358.715057373047,0.0882285907864571,0.163199245929718,-0.0258824899792671,0.982299268245697
409.040832519531,0.00404412485659122,0.0477594882249832,0.216194063425064,10.034649848938,18.6904277801514,358.785339355469,0.0845767557621002,0.162665963172913,-0.0246196761727333,0.982741296291351
409.554077148438,0.00274309143424034,0.0484238378703594,0.21565942466259,9.69207954406738,18.8602600097656,358.694396972656,0.0814714357256889,0.16419792175293,-0.025039654225111,0.982738256454468
410.118530273438,0.00268928334116936,0.0487507842481136,0.215418666601181,9.53298091888428,18.7159233093262,358.591400146484,0.0799911990761757,0.163035303354263,-0.0255967881530523,0.983039021492004
410.681549072266,0.00175155326724052,0.0488646291196346,0.216387003660202,9.52408313751221,18.6957015991211,358.778961181641,0.080185778439045,0.162730917334557,-0.0239612944424152,0.983114838600159
411.236907958984,0.00105917081236839,0.048678170889616,0.216767460107803,9.55084037780762,18.4789505004883,358.943817138672,0.0806920081377029,0.160754457116127,-0.0224319528788328,0.983434617519379
411.815246582031,0.00103452429175377,0.0483378954231739,0.217155948281288,9.72622013092041,18.5797863006592,358.970947265625,0.0822157114744186,0.161593437194824,-0.0225150492042303,0.983168959617615
412.374450683594,0.0011709313839674,0.0484885647892952,0.217079356312752,9.69070625305176,18.520486831665,358.896362304688,0.0818176791071892,0.161139398813248,-0.0230630282312632,0.983264029026031
412.923614501953,0.000773152336478233,0.0486703887581825,0.21711528301239,9.68632221221924,18.5081615447998,358.980438232422,0.0819006785750389,0.160973742604256,-0.0223266147077084,0.983301222324371
413.499633789063,0.000751256942749023,0.0486758947372437,0.216731309890747,9.59861373901367,18.4537715911865,358.919219970703,0.081072598695755,0.160553947091103,-0.02269147336483,0.983430147171021
414.036346435547,-0.000691462308168411,0.0483042187988758,0.218823745846748,9.95183563232422,18.4187755584717,359.129089355469,0.084404781460762,0.16008585691452,-0.0213550087064505,0.983255982398987
414.602233886719,-0.00279659312218428,0.0486437119543552,0.219880670309067,9.82008361816406,18.4126300811768,359.422637939453,0.0836847946047783,0.159826546907425,-0.0186488553881645,0.983414769172668
415.171966552734,-0.00398538820445538,0.0487805493175983,0.219980970025063,9.77354621887207,18.1219387054443,359.652923583984,0.0836482346057892,0.157167017459869,-0.0163958612829447,0.983886539936066
415.733123779297,-0.00155198853462934,0.0481866449117661,0.216622188687325,10.0600938796997,18.0768356323242,358.970489501953,0.0851800218224525,0.157263308763504,-0.0226118378341198,0.983616471290588
416.303131103516,0.0016253599897027,0.0484458841383457,0.215338721871376,9.8097620010376,18.3418846130371,358.622955322266,0.0824945569038391,0.159799709916115,-0.0254458840936422,0.983367323875427
416.811950683594,-0.00237143039703369,0.0488719940185547,0.215362697839737,9.40368461608887,18.2260227203369,358.827392578125,0.0793164595961571,0.158669218420982,-0.0230514947324991,0.9838707447052
417.3271484375,-0.00036015547811985,0.0500474013388157,0.214789211750031,8.84161853790283,17.1770362854004,358.363067626953,0.074082151055336,0.149966418743134,-0.0255921483039856,0.985579490661621
417.891387939453,-0.0030344920232892,0.0513006635010242,0.212928056716919,8.12677669525146,16.545524597168,358.705963134766,0.0684975311160088,0.144306764006615,-0.0213418882340193,0.986928641796112
418.463531494141,-0.00300276651978493,0.0527328699827194,0.209943696856499,7.33436632156372,16.2723751068115,358.522491455078,0.0614906698465347,0.142041340470314,-0.0217886865139008,0.987708687782288
418.986907958984,-0.00367365684360266,0.0526322312653065,0.210295900702477,7.36899471282959,15.9513177871704,358.688140869141,0.0620513930916786,0.139185056090355,-0.0202296506613493,0.988113284111023
419.566802978516,-0.00535218976438046,0.0531232729554176,0.208151489496231,7.16356229782104,15.9546813964844,358.819671630859,0.06043865904212,0.139140293002129,-0.0188501477241516,0.988246858119965
420.137084960938,-0.00602481700479984,0.0520680174231529,0.210245043039322,7.73569583892822,15.4897918701172,358.933166503906,0.0655854493379593,0.135072156786919,-0.0182937793433666,0.98849356174469
420.637725830078,-0.00685441493988037,0.0513195991516113,0.210570245981216,8.05629730224609,14.9373168945313,358.827026367188,0.0683197230100632,0.130368873476982,-0.0192544162273407,0.988921463489532
421.237731933594,-0.00892870221287012,0.0532802641391754,0.206760197877884,7.06913423538208,14.7647638320923,359.044830322266,0.0600685589015484,0.128751412034035,-0.0161719042807817,0.989723861217499
421.807098388672,-0.00868209265172482,0.0525676161050797,0.207704871892929,7.37348651885986,14.4717388153076,358.972625732422,0.0626598596572876,0.126260489225388,-0.0169743429869413,0.989870667457581
422.319427490234,-0.00802375096827745,0.0532297939062119,0.205036655068398,7.07340812683105,14.7395315170288,358.797058105469,0.0598309934139252,0.128663152456284,-0.0183033309876919,0.989712595939636
422.846313476563,-0.00926805473864079,0.0533514805138111,0.206096455454826,7.26021814346313,14.696722984314,358.886474609375,0.0615516565740108,0.128249332308769,-0.0177156832069159,0.989671528339386
423.377807617188,-0.0104633290320635,0.0531470701098442,0.207902729511261,7.38489103317261,14.1581134796143,359.041809082031,0.0628792196512222,0.123513005673885,-0.016217190772295,0.990216016769409
423.9013671875,-0.00950803514569998,0.0516002662479877,0.211067661643028,8.10686302185059,14.0618715286255,359.139099121094,0.0692359209060669,0.122622646391392,-0.0160896331071854,0.989904642105103
424.475982666016,-0.0108187645673752,0.0518024452030659,0.210990309715271,8.0374002456665,13.7754249572754,359.305938720703,0.0688504353165627,0.120048269629478,-0.0144025506451726,0.990273058414459
424.984436035156,-0.0116494605317712,0.0522796325385571,0.210002645850182,7.78643798828125,13.6346168518066,359.318359375,0.0667114853858948,0.118828937411308,-0.0139523576945066,0.990572869777679
425.484924316406,-0.0111309383064508,0.0520539619028568,0.21073816716671,7.80397796630859,13.873631477356,359.228851318359,0.0667393952608109,0.120946608483791,-0.0148832583799958,0.990301132202148
425.988586425781,-0.0114997569471598,0.0521545335650444,0.211179450154305,7.80943250656128,13.7930173873901,359.213287353516,0.0667806640267372,0.120258904993534,-0.0149764195084572,0.990380644798279
426.5146484375,-0.0117198331281543,0.0517315901815891,0.212648004293442,7.96881437301636,13.9463024139404,359.351501464844,0.0682845264673233,0.121499165892601,-0.0140393795445561,0.990140438079834
427.018524169922,-0.0123278023675084,0.0518082976341248,0.213026821613312,7.95374917984009,13.8420257568359,359.477844238281,0.0683000087738037,0.120523236691952,-0.0128696160390973,0.990274548530579
427.528076171875,-0.0118233971297741,0.0521400161087513,0.211653843522072,7.80514907836914,13.8602209091187,359.410919189453,0.0669431686401367,0.120724484324455,-0.0133031159639359,0.990336954593658
428.034637451172,-0.0127164293080568,0.0522688254714012,0.212906554341316,7.84129285812378,13.7885160446167,359.503112792969,0.0673604756593704,0.120049655437469,-0.0125022623687983,0.990401148796082
428.626678466797,-0.0127382278442383,0.0527788400650024,0.212112635374069,7.56328201293945,13.7034273147583,359.501617431641,0.0649647861719131,0.119324065744877,-0.012177063152194,0.990652859210968
429.226654052734,-0.0155628323554993,0.0520740747451782,0.21311217546463,7.71624755859375,12.1431274414063,359.482604980469,0.0664314925670624,0.105831876397133,-0.0115963406860828,0.992094814777374
429.740966796875,-0.0177423842251301,0.0519211106002331,0.220475807785988,8.08047103881836,11.3373403549194,359.722442626953,0.0698735639452934,0.0986996963620186,-0.00936374440789223,0.992616951465607
430.254547119141,-0.0167763791978359,0.0497916229069233,0.224152535200119,9.08442687988281,11.3443155288696,359.629760742188,0.0784870833158493,0.0987798720598221,-0.0110320560634136,0.991947889328003
430.843383789063,-0.00913147628307343,0.0474907197058201,0.226678147912025,10.1237840652466,12.9979877471924,358.578552246094,0.0862595811486244,0.113823063671589,-0.0222620628774166,0.989498913288116
431.353759765625,-0.00286581274122,0.0498318634927273,0.224826619029045,8.45023632049561,15.1491117477417,357.642639160156,0.0703129321336746,0.132932439446449,-0.0300450045615435,0.988171219825745
431.928527832031,0.00879636593163013,0.0523011758923531,0.216281056404114,6.97989702224731,20.1039733886719,356.053894042969,0.0539052225649357,0.176178365945816,-0.0444568544626236,0.981875240802765
432.431640625,0.0141557641327381,0.0472451336681843,0.21894933283329,9.55144023895264,21.2769203186035,355.427398681641,0.0744202733039856,0.187087967991829,-0.0544288493692875,0.978006780147552
432.997406005859,0.0195297840982676,0.0435138270258904,0.224135309457779,11.3767127990723,22.4127292633057,354.860992431641,0.0884602144360542,0.197550728917122,-0.063003309071064,0.974258244037628
433.573150634766,0.0209389496594667,0.0431128963828087,0.221299946308136,11.6219635009766,22.6933441162109,354.542297363281,0.0898367390036583,0.20023800432682,-0.0663362145423889,0.973362028598785
434.145568847656,0.0132074002176523,0.0447311140596867,0.223289877176285,11.0174503326416,19.7221279144287,355.572326660156,0.0879234001040459,0.173994943499565,-0.0543109066784382,0.979308724403381
434.648895263672,0.00960811320692301,0.0447764582931995,0.227352917194366,10.8594541549683,18.7728252410889,356.190582275391,0.0879098922014236,0.165373459458351,-0.0480691827833652,0.981128334999084
435.204803466797,0.00806472823023796,0.0466685518622398,0.228827729821205,10.170036315918,17.4482135772705,356.405853271484,0.0828274488449097,0.153752818703651,-0.0443119816482067,0.983634173870087
435.757415771484,0.000506659969687462,0.0474506504833698,0.22581285238266,9.74846458435059,15.6661987304688,356.885955810547,0.0804551318287849,0.138032108545303,-0.0383967906236649,0.986407518386841
436.33740234375,-0.000197529792785645,0.0459465980529785,0.229690104722977,10.4496021270752,14.7981424331665,356.947631835938,0.0868577137589455,0.130604118108749,-0.0380251817405224,0.986890256404877
436.876922607422,-0.000543108209967613,0.0440595224499702,0.237400025129318,11.258243560791,14.0361261367798,357.111236572266,0.0942579433321953,0.124008364975452,-0.0368779376149178,0.98710560798645
437.379089355469,-0.00265022553503513,0.0457563772797585,0.234241023659706,10.5707960128784,13.6441488265991,357.336364746094,0.0886907428503036,0.120375387370586,-0.0339191295206547,0.988176763057709
437.953186035156,-0.00926072336733341,0.044256653636694,0.24025747179985,11.4643688201904,12.4461288452148,357.834716796875,0.0972344800829887,0.109714299440384,-0.0295142587274313,0.988755345344543
438.549621582031,-0.013435123488307,0.0450324527919292,0.241073623299599,11.237587928772,12.5063209533691,358.615386962891,0.0960099548101425,0.109566442668438,-0.0226168558001518,0.989073216915131
439.114898681641,-0.0104760471731424,0.043672688305378,0.234723851084709,11.79847240448,11.556619644165,357.878479003906,0.100385531783104,0.102022387087345,-0.0286671258509159,0.989288866519928
439.657867431641,-0.00696802046149969,0.0442632436752319,0.223574012517929,11.4115781784058,12.1485176086426,356.759185791016,0.0958451181650162,0.108046546578407,-0.0384957753121853,0.988765776157379
440.246032714844,-0.0119510851800442,0.0349091626703739,0.240124136209488,16.7430934906006,12.381175994873,357.904602050781,0.142767786979675,0.109315790235996,-0.0336819179356098,0.983124077320099
440.747680664063,-0.00963654462248087,0.0358215197920799,0.240932270884514,16.3211479187012,12.24449634552,357.783142089844,0.139069601893425,0.108280755579472,-0.0341754294931889,0.983751535415649
441.317810058594,-0.0067950701341033,0.037224967032671,0.240157589316368,15.4421730041504,13.0729484558105,357.791748046875,0.131279096007347,0.115354746580124,-0.034261804074049,0.984014868736267
441.889038085938,-0.00731956958770752,0.0376512333750725,0.234636902809143,15.4096908569336,13.1052446365356,357.598968505859,0.130795627832413,0.115851230919361,-0.0359228290617466,0.983961641788483
442.392486572266,-0.00676199421286583,0.0380351878702641,0.233127072453499,15.0317506790161,13.2548723220825,357.475006103516,0.127374261617661,0.11725614964962,-0.0367900207638741,0.984212040901184
442.965728759766,-0.00568559113889933,0.0402987226843834,0.227779775857925,13.9005546569824,13.9656620025635,356.998077392578,0.116908140480518,0.1237832903862,-0.0405145548284054,0.984565258026123
443.532806396484,-0.00508174393326044,0.0405726879835129,0.227549389004707,13.7177476882935,14.1490535736084,356.797607421875,0.115051969885826,0.125542715191841,-0.0422338359057903,0.984488904476166
444.109680175781,-0.00413620751351118,0.0385761968791485,0.230548307299614,14.6702728271484,13.3282585144043,356.417999267578,0.123150996863842,0.119006298482418,-0.0455976650118828,0.984170794487
444.611389160156,-0.0057188319042325,0.0410843454301357,0.223280221223831,13.3023767471313,13.0970773696899,356.320556640625,0.111372955143452,0.116913095116615,-0.0448820851743221,0.985856473445892
445.181182861328,-0.00779543910175562,0.0453647710382938,0.217517957091331,11.2948980331421,12.8844327926636,356.911346435547,0.0947409570217133,0.114251345396042,-0.0376876220107079,0.988205671310425
445.753570556641,-0.0174086876213551,0.0554184392094612,0.207532092928886,5.87904834747314,10.4803333282471,358.520416259766,0.0498856231570244,0.0918623059988022,-0.0175237543880939,0.994367063045502
446.270751953125,-0.0195937640964985,0.0547678656876087,0.205559059977531,6.21483278274536,10.8201751708984,358.772491455078,0.0529550202190876,0.0947176516056061,-0.0157591328024864,0.993969857692719
446.797637939453,-0.0214544907212257,0.0544405020773411,0.204713121056557,6.22054052352905,9.48789310455322,359.090759277344,0.053414985537529,0.0830075293779373,-0.0123827578499913,0.995039343833923
447.360198974609,-0.024490550160408,0.0541247203946114,0.205711781978607,6.37811231613159,8.64959049224854,359.373168945313,0.0550596974790096,0.0755957961082458,-0.00964111648499966,0.995570659637451
447.889739990234,-0.0210842750966549,0.0511188767850399,0.212032839655876,8.075364112854,9.54585456848145,358.839721679688,0.0693243816494942,0.0837066546082497,-0.0159234162420034,0.993948578834534
448.437042236328,-0.0207140352576971,0.0492390841245651,0.21612437069416,9.09186840057373,9.51694869995117,358.855773925781,0.0781554579734802,0.083479180932045,-0.0164939370006323,0.993303120136261
449.037048339844,-0.00178849790245295,0.0254056453704834,0.224978029727936,21.2775211334229,14.6365118026733,355.556457519531,0.178121358156204,0.132195770740509,-0.0612896904349327,0.973160147666931
449.609436035156,0.00264526903629303,0.0170005615800619,0.19660247862339,24.0125255584717,15.7509956359863,355.906677246094,0.201138719916344,0.141297072172165,-0.0630874186754227,0.967263340950012
450.134521484375,0.0272929519414902,-0.00662654172629118,0.15664604306221,33.3638916015625,15.339168548584,354.28466796875,0.277763307094574,0.141867473721504,-0.0855927467346191,0.946253180503845
450.664886474609,0.0507431365549564,-0.0207214336842299,0.12245936691761,37.4256935119629,15.0172367095947,351.897552490234,0.308535605669022,0.145929753780365,-0.108159132301807,0.933708667755127
451.185546875,0.0541852749884129,-0.0247775334864855,0.102271281182766,38.0225791931152,14.8795967102051,350.579559326172,0.311868369579315,0.148532673716545,-0.119021214544773,0.930865228176117
451.6943359375,0.0387989431619644,-0.00594414118677378,0.10598211735487,30.2117748260498,16.7228507995605,353.1220703125,0.248947888612747,0.155605614185333,-0.0951248481869698,0.95119035243988
452.264770507813,0.0203932132571936,0.00424502231180668,0.114022143185139,27.0092258453369,17.68678855896,354.530578613281,0.223352655768394,0.160322785377502,-0.0817007198929787,0.957984983921051
452.815704345703,0.0120524670928717,0.0103880139067769,0.125470817089081,25.0843677520752,17.8151168823242,355.894653320313,0.208987846970558,0.158733129501343,-0.0681453198194504,0.962540447711945
453.348327636719,0.0114299189299345,0.00908260140568018,0.134418606758118,25.9341812133789,17.5600872039795,355.839508056641,0.216216236352921,0.156700849533081,-0.0691878497600555,0.961201548576355
453.861480712891,0.0103498827666044,0.00841405149549246,0.135909169912338,26.3621292114258,16.8394145965576,356.207763671875,0.220730781555176,0.149951174855232,-0.065238930284977,0.961528182029724
454.432220458984,0.00584820099174976,0.0182582326233387,0.127612009644508,22.5208492279053,13.5139408111572,356.565612792969,0.190367445349693,0.121152266860008,-0.0521498806774616,0.972811818122864
454.951599121094,-0.0029951985925436,0.0327287577092648,0.117308124899864,16.1101932525635,10.946813583374,358.134765625,0.13793072104454,0.0967005118727684,-0.0294063966721296,0.985271215438843
455.537933349609,-0.00922378804534674,0.0489664897322655,0.118765510618687,8.56182861328125,10.1137943267822,359.118804931641,0.0736778676509857,0.0884682312607765,-0.0142180919647217,0.993248581886292
456.0439453125,-0.00171307660639286,0.0229289717972279,0.179715394973755,21.0490322113037,8.97711277008057,359.621154785156,0.181840643286705,0.0775449723005295,-0.0175349302589893,0.980108797550201
456.620819091797,0.0191002562642097,-0.0564140006899834,0.234519839286804,48.8325080871582,8.65940189361572,359.747741699219,0.412030696868896,0.0696510449051857,-0.0332058891654015,0.907896935939789
457.198089599609,0.0387250781059265,-0.0817764699459076,0.281651109457016,38.5589752197266,2.80825710296631,358.85888671875,0.329830646514893,0.0264156945049763,-0.0174868516623974,0.943508446216583
