Seconds,PositionX,PositionY,PositionZ,RotationX,RotationY,RotationZ,QuatX,QuatY,QuatZ,QuatW
3.64883303642273,-0.0820045545697212,-0.306621164083481,0.0548602715134621,348.631439208984,14.318244934082,0.105259090662003,-0.098160594701767,0.124102786183357,0.0132506461814046,0.987313270568848
4.15909290313721,-0.078292153775692,-0.307400196790695,0.0538201555609703,349.408386230469,13.8926830291748,359.695220947266,-0.0919400900602341,0.120179422199726,0.00853362213820219,0.988448858261108
4.72289133071899,-0.0778660401701927,-0.304092913866043,0.0462168008089066,347.051910400391,14.8775901794434,359.955352783203,-0.111854262650013,0.128597870469093,0.0142140537500381,0.985266089439392
5.23198318481445,-0.0733186528086662,-0.297616064548492,0.0339962393045425,347.109039306641,16.3069915771484,2.42709732055664,-0.108113281428814,0.143250912427902,0.0367496684193611,0.983076870441437
5.7357006072998,-0.0781475156545639,-0.301995635032654,0.0323324985802174,348.137084960938,13.602611541748,1.06106293201447,-0.101516231894493,0.118737645447254,0.0213825106620789,0.987491130828857
6.31781673431396,-0.0768275335431099,-0.303108543157578,0.0335460416972637,348.048461914063,15.3696813583374,1.3489043712616,-0.101600021123886,0.13420258462429,0.0255227647721767,0.985401272773743
6.8283486366272,-0.0718678012490273,-0.303482979536057,0.0327442139387131,348.499572753906,16.6447048187256,0.397691160440445,-0.0986363142728806,0.144357085227966,0.0179185718297958,0.984434247016907
7.34416007995605,-0.0740453600883484,-0.30314964056015,0.0397843159735203,349.240905761719,15.4168710708618,0.998411774635315,-0.091738648712635,0.134345680475235,0.0211707074195147,0.986451745033264
7.87164402008057,-0.0760730281472206,-0.305367916822433,0.0384019128978252,350.219818115234,15.0280246734619,0.762482702732086,-0.0836437344551086,0.130852118134499,0.0177197884768248,0.987708210945129
8.40223693847656,-0.0779600888490677,-0.306461185216904,0.0385541841387749,350.900268554688,14.8750982284546,0.741408586502075,-0.0778227522969246,0.129543766379356,0.0166635774075985,0.988374650478363
8.92823505401611,-0.0770763754844666,-0.306731134653091,0.0398536846041679,351.265350341797,14.9645862579346,0.735608637332916,-0.0746670514345169,0.13032366335392,0.01626231148839,0.988522171974182
9.51171016693115,-0.0762707591056824,-0.306028962135315,0.040640652179718,350.764556884766,14.6490602493286,0.675015807151794,-0.0791004002094269,0.127543583512306,0.0160871911793947,0.988542854785919
10.01744556427,-0.0758015811443329,-0.305442333221436,0.0368902087211609,350.674621582031,15.1280994415283,1.03180122375488,-0.0793975219130516,0.131919026374817,0.0195962097495794,0.987881302833557
10.5454387664795,-0.0771981254220009,-0.306626170873642,0.0367877520620823,351.000946044922,14.5914716720581,1.18457508087158,-0.0765029266476631,0.127397045493126,0.0201839040964842,0.988691031932831
11.0476932525635,-0.0777034014463425,-0.307403415441513,0.0388737320899963,351.618286132813,14.6153964996338,1.08406019210815,-0.0712822005152702,0.127537801861763,0.0186532307416201,0.989093005657196
11.5741024017334,-0.0787852331995964,-0.308424919843674,0.037246398627758,352.538848876953,13.8284025192261,0.996545612812042,-0.0635444819927216,0.120684988796711,0.0164472460746765,0.990518450737
12.0922498703003,-0.0752286985516548,-0.308521896600723,0.0364627540111542,352.778594970703,14.5640296936035,359.949523925781,-0.0625246316194534,0.126474112272263,0.00754656968638301,0.989968717098236
12.5979337692261,-0.0768003985285759,-0.307192027568817,0.0393851026892662,351.889099121094,13.3954153060913,0.875799775123596,-0.0693478956818581,0.116872385144234,0.015819663181901,0.990596532821655
13.1168622970581,-0.078655943274498,-0.304499357938766,0.0375237502157688,349.675689697266,13.277533531189,0.708988130092621,-0.0886573046445847,0.115691095590591,0.0165223460644484,0.989182770252228
13.6378526687622,-0.0829954072833061,-0.308960348367691,0.0375211872160435,353.005096435547,10.5886831283569,1.40016186237335,-0.059614010155201,0.0928357169032097,0.0177721958607435,0.993736326694489
14.1585884094238,-0.0819208323955536,-0.305605560541153,0.0288806334137917,351.26513671875,10.9699001312256,0.823894679546356,-0.0751164928078651,0.0958492755889893,0.0144148543477058,0.99245285987854
14.6745195388794,-0.0842545032501221,-0.306386262178421,0.0230550765991211,351.989685058594,10.1977462768555,359.962066650391,-0.0695991069078445,0.088634617626667,0.00587857514619827,0.993612289428711
15.1933870315552,-0.0818052738904953,-0.308277368545532,0.0274172909557819,353.222473144531,11.0539464950562,0.0464510060846806,-0.0587968602776527,0.0961697846651077,0.00609597424045205,0.993608236312866
15.7108631134033,-0.0806067734956741,-0.30598172545433,0.0264206472784281,350.917602539063,12.4113836288452,0.791457295417786,-0.0779658779501915,0.10829983651638,0.0154032548889518,0.990936577320099
16.2290077209473,-0.0824887827038765,-0.305694460868835,0.0239317044615746,350.772430419922,13.0425500869751,0.773346781730652,-0.0791524574160576,0.113740876317024,0.0158186685293913,0.990226089954376
16.7491817474365,-0.0849976986646652,-0.309445321559906,0.0256339460611343,354.018951416016,11.1553497314453,1.10310709476471,-0.0509869121015072,0.0975580736994743,0.0146381519734859,0.993815124034882
17.2738742828369,-0.0862585753202438,-0.314877152442932,0.0186381265521049,359.006011962891,11.1526947021484,1.29125285148621,-0.00753760663792491,0.0972594991326332,0.0120571479201317,0.995157480239868
17.7863311767578,-0.0786760449409485,-0.311293214559555,0.00165309850126505,356.165588378906,15.0726375579834,0.12878181040287,-0.0330190733075142,0.131118386983871,0.00550132850185037,0.990801393985748
18.3025341033936,-0.0794190242886543,-0.308582097291946,0.009211465716362,353.98291015625,14.3158044815063,0.141380563378334,-0.051922295242548,0.124496676027775,0.00776231195777655,0.990830183029175
18.824649810791,-0.0790000781416893,-0.310631155967712,0.0176770575344563,355.274108886719,13.9494676589966,0.218902125954628,-0.0406925715506077,0.121406346559525,0.00690109096467495,0.991744518280029
19.3444557189941,-0.0787714868783951,-0.311214685440063,0.0192720089107752,355.686126708984,13.940167427063,0.223443314433098,-0.0371220372617245,0.121337719261646,0.00650137476623058,0.991895616054535
19.8631744384766,-0.0798662528395653,-0.311320275068283,0.0189900863915682,355.731842041016,13.9752626419067,0.322476148605347,-0.0366191901266575,0.121674232184887,0.0073214708827436,0.991867363452911
20.3784313201904,-0.0796850249171257,-0.312328547239304,0.0215217489749193,356.320343017578,13.7236862182617,0.377136409282684,-0.0314823612570763,0.119518332183361,0.00710167782381177,0.992307305335999
20.8961963653564,-0.0794424563646317,-0.312352746725082,0.0219444166868925,356.258697509766,13.6672134399414,0.390739887952805,-0.0320057161152363,0.11903278529644,0.00726790120825171,0.992347776889801
21.4220314025879,-0.0816933065652847,-0.311669677495956,0.0214028097689152,355.908905029297,13.6049842834473,0.591394245624542,-0.0348313748836517,0.118553020060062,0.00934906862676144,0.992292582988739
21.9324893951416,-0.0709361582994461,-0.312344580888748,0.0168243665248156,355.965301513672,18.8478450775146,358.362762451172,-0.0370612628757954,0.163123548030853,-0.00832213088870049,0.985874176025391
22.4483127593994,-0.0721329301595688,-0.312737315893173,0.0180499516427517,356.345916748047,18.0023612976074,358.651214599609,-0.0333281904459,0.155993804335594,-0.00663145445287228,0.987173318862915
22.9732666015625,-0.0711517781019211,-0.312715262174606,0.0224394463002682,356.084686279297,16.9582347869873,359.1376953125,-0.0348953530192375,0.147104442119598,-0.0024014338850975,0.988502323627472
23.4848041534424,-0.0602092109620571,-0.309148490428925,0.0187494195997715,355.376007080078,19.7314529418945,359.807708740234,-0.0400317870080471,0.171133384108543,0.005260004196316,0.984420239925385
24.0052013397217,-0.0655326843261719,-0.305414229631424,0.0153686124831438,354.378112792969,20.273365020752,357.844146728516,-0.0515733435750008,0.174845948815346,-0.00986701622605324,0.983194708824158
24.5233058929443,-0.0633344650268555,-0.300215244293213,0.0216014459729195,353.477386474609,19.4652938842773,353.596984863281,-0.0654094144701958,0.165382370352745,-0.0453525483608246,0.983012437820435
25.04319190979,-0.0687754079699516,-0.292129158973694,0.0150863314047456,350.135681152344,20.930606842041,357.718566894531,-0.0881319865584373,0.179248452186584,-0.00389066385105252,0.979840576648712
25.5580368041992,-0.0708854123950005,-0.298201978206635,0.0247763358056545,354.789642333984,17.5911331176758,0.901095867156982,-0.043716236948967,0.153099820017815,0.014712980017066,0.987133681774139
26.071533203125,-0.0843785330653191,-0.298127502202988,0.0343268699944019,354.617706298828,14.2624378204346,2.104660987854,-0.0443034842610359,0.124839954078197,0.0240311678498983,0.990895926952362
26.6076335906982,-0.0805352479219437,-0.298930615186691,0.0369587652385235,354.922241210938,14.8906030654907,1.6716068983078,-0.0420309640467167,0.130079388618469,0.0201892573386431,0.990406572818756
27.127103805542,-0.0799200758337975,-0.297349989414215,0.0376433096826077,353.901794433594,15.4317541122437,1.46175980567932,-0.0509956888854504,0.13473217189312,0.0197635143995285,0.989371597766876
27.6540679931641,-0.0796305760741234,-0.300712496042252,0.0400990471243858,355.753723144531,14.8208904266357,1.27682852745056,-0.0352995619177818,0.129289180040359,0.0158194918185472,0.990852177143097
28.178689956665,-0.0788727477192879,-0.301643639802933,0.0414257049560547,356.165435791016,15.4157571792603,1.29212009906769,-0.0316408276557922,0.134412676095963,0.0156545098870993,0.990296423435211
28.6966743469238,-0.0794883742928505,-0.302133411169052,0.0412894189357758,356.333068847656,15.2889242172241,1.42579531669617,-0.0300535280257463,0.133341684937477,0.0165809690952301,0.990475594997406
29.2121620178223,-0.0818339139223099,-0.301696270704269,0.0399651080369949,355.955780029297,15.2076368331909,1.52971172332764,-0.0332064628601074,0.132695138454437,0.0178918316960335,0.990438878536224
29.7443923950195,-0.077965073287487,-0.301657676696777,0.0364671014249325,355.946563720703,16.933048248291,1.28912007808685,-0.0333225429058075,0.147523626685143,0.0163264740258455,0.98836225271225
30.2582664489746,-0.0754139497876167,-0.302755177021027,0.0397894978523254,355.902679443359,16.4245681762695,0.0218122508376837,-0.0353544317185879,0.142756566405296,0.00529458606615663,0.989112019538879
30.7766532897949,-0.0767761841416359,-0.304375439882278,0.0375217162072659,356.649749755859,16.9677219390869,1.77864098548889,-0.0266200378537178,0.147898748517036,0.0196566842496395,0.988448739051819
31.2932415008545,-0.0750487521290779,-0.299659073352814,0.0347647033631802,352.328186035156,17.6418380737305,359.88671875,-0.0662590712308884,0.152937665581703,0.00928407069295645,0.985968410968781
31.8162021636963,-0.0837481692433357,-0.297698348760605,0.0319879576563835,350.385711669922,14.8219909667969,1.29653799533844,-0.0816425457596779,0.12946417927742,0.0219888091087341,0.987972676753998
32.3302841186523,-0.080489806830883,-0.299728333950043,0.0316022858023643,352.036071777344,15.0867300033569,0.835406184196472,-0.0678848326206207,0.131458044052124,0.0163256041705608,0.988859951496124
32.8374824523926,-0.081208623945713,-0.301435112953186,0.0347861126065254,353.145324707031,14.9952907562256,1.07662653923035,-0.0580450594425201,0.130803197622299,0.0170986223965883,0.989560008049011
33.3687210083008,-0.0808736979961395,-0.301610141992569,0.0339379347860813,353.132843017578,15.0898294448853,1.07881808280945,-0.058136235922575,0.131620794534683,0.0171796437352896,0.98944479227066
33.8811569213867,-0.0800599381327629,-0.302720099687576,0.0356842912733555,353.836975097656,15.3036623001099,0.93143504858017,-0.0521953627467155,0.13338914513588,0.0152017958462238,0.989571571350098
34.4174728393555,-0.0808379277586937,-0.303224682807922,0.0359987542033195,354.434417724609,15.5258655548096,1.01670789718628,-0.0469059273600578,0.135336771607399,0.0153382373973727,0.989569842815399
34.9288520812988,-0.0814111903309822,-0.303232938051224,0.0358873382210732,354.571838378906,15.3829193115234,1.10358119010925,-0.0456362590193748,0.13413405418396,0.0158702805638313,0.989784598350525
35.4662208557129,-0.0805298611521721,-0.303972482681274,0.0366533473134041,354.975494384766,15.5252504348755,0.978231430053711,-0.0422779247164726,0.135305285453796,0.0143705094233155,0.989797234535217
36.0039329528809,-0.0825698003172874,-0.302152067422867,0.0375204309821129,354.139770507813,15.1233968734741,1.21465718746185,-0.0492773540318012,0.131951436400414,0.0172201711684465,0.989880859851837
36.561767578125,-0.0826760604977608,-0.303788006305695,0.0384468920528889,354.9970703125,15.1411018371582,1.33660984039307,-0.0417262017726898,0.132117047905922,0.01730084605515,0.990204393863678
37.099536895752,-0.0816911906003952,-0.304719805717468,0.03874521702528,355.403228759766,15.2737016677856,1.22242867946625,-0.038329254835844,0.133203417062759,0.0158936120569706,0.990219712257385
37.6418418884277,-0.0799372717738152,-0.304837822914124,0.0395841374993324,355.395599365234,15.619966506958,0.994624018669128,-0.0386176444590092,0.136118829250336,0.0140506308525801,0.989839851856232
38.1917686462402,-0.078614167869091,-0.305093467235565,0.0384723469614983,355.371337890625,16.4126758575439,0.809992134571075,-0.038959089666605,0.142900943756104,0.0127542475238442,0.988887667655945
38.7162971496582,-0.0802957192063332,-0.305245637893677,0.0398204810917377,355.606231689453,15.961199760437,1.10694599151611,-0.0366202592849731,0.139095976948738,0.0148810716345906,0.989489674568176
39.2581405639648,-0.0809978023171425,-0.305641025304794,0.0405628941953182,355.832397460938,15.8584632873535,1.17647123336792,-0.0345963053405285,0.138221114873886,0.0151773430407047,0.989680588245392
39.7968978881836,-0.0808892399072647,-0.306357711553574,0.0409152396023273,356.413116455078,16.0589828491211,1.26247763633728,-0.0294494852423668,0.139947295188904,0.0152749139815569,0.989603042602539
40.3094749450684,-0.081151656806469,-0.306932896375656,0.0416243709623814,356.776336669922,16.0678844451904,1.35305881500244,-0.0262006279081106,0.140023529529572,0.0156177924945951,0.989678263664246
40.8434104919434,-0.0808439552783966,-0.306974112987518,0.0408551245927811,356.774871826172,16.2250118255615,1.27419638633728,-0.0262890979647636,0.141362503170967,0.0149745270609856,0.989495515823364
41.3592300415039,-0.0813173949718475,-0.307356983423233,0.04146583750844,356.996520996094,16.0087795257568,1.34127998352051,-0.0243209842592478,0.139495372772217,0.0152356959879398,0.989806771278381
41.881290435791,-0.0812502354383469,-0.307937741279602,0.0419557839632034,357.329376220703,16.0955047607422,1.30437660217285,-0.0214793886989355,0.140213936567307,0.0145296677947044,0.989781618118286
42.3905754089355,-0.0825496837496758,-0.307621210813522,0.0407352447509766,357.173004150391,15.7972955703735,1.4952210187912,-0.0226390603929758,0.137686476111412,0.0163097456097603,0.990082800388336
42.9000930786133,-0.082394927740097,-0.307827234268188,0.0407797247171402,357.279693603516,15.8934316635132,1.45164704322815,-0.0217561312019825,0.138499870896339,0.0158238895237446,0.989997029304504
43.4318885803223,-0.0819253027439117,-0.308113068342209,0.0407129637897015,357.409027099609,16.0163478851318,1.46947002410889,-0.0206002742052078,0.139554396271706,0.015844339504838,0.989873290061951
43.9583930969238,-0.0818755552172661,-0.308530300855637,0.0423931367695332,357.683441162109,15.8657970428467,1.45019543170929,-0.0182730760425329,0.138227388262749,0.0153209613636136,0.990113437175751
44.4862823486328,-0.0839523896574974,-0.309341907501221,0.0414681248366833,358.362121582031,15.3191909790039,1.60674750804901,-0.0122951129451394,0.133459210395813,0.0157993789762259,0.990852117538452
45.0164947509766,-0.101793691515923,-0.311645686626434,0.0415058769285679,0.502350866794586,6.89261627197266,3.13466954231262,0.00601844256743789,0.0599704012274742,0.0270385853946209,0.997815728187561
45.5426597595215,-0.0896116495132446,-0.303409606218338,0.0295032113790512,354.019775390625,14.1308631896973,1.87204778194427,-0.0497540459036827,0.123664565384388,0.0226052720099688,0.990818202495575
46.0638999938965,-0.0848603248596191,-0.305666953325272,0.0313942059874535,355.752716064453,15.3629512786865,1.11666786670685,-0.0354201160371304,0.133925497531891,0.0146034201607108,0.990250527858734
46.5675582885742,-0.087892659008503,-0.305619806051254,0.032087579369545,355.831237792969,14.8957996368408,1.55915009975433,-0.0342985168099403,0.130017518997192,0.0181961786001921,0.990751206874847
47.1028251647949,-0.086796835064888,-0.306091725826263,0.032909344881773,356.311248779297,14.9970512390137,1.45882868766785,-0.0302465539425611,0.130828723311424,0.0168147329241037,0.990800797939301
47.6215476989746,-0.0867381915450096,-0.306554764509201,0.0328272953629494,356.551452636719,15.0796880722046,1.46930861473083,-0.0281455684453249,0.131527900695801,0.0166531018912792,0.990772902965546
48.1230697631836,-0.0933614000678062,-0.309172511100769,0.0370431616902351,358.796203613281,10.5374116897583,2.58931279182434,-0.0083831837400794,0.0920345634222031,0.0234617758542299,0.995444118976593
48.6424942016602,-0.0926662907004356,-0.305265516042709,0.0291700009256601,355.85205078125,12.4631586074829,2.2124183177948,-0.0338750071823597,0.109150506556034,0.0231067165732384,0.993179082870483
49.1804008483887,-0.0876133888959885,-0.304863601922989,0.028025608509779,355.309356689453,15.8694772720337,1.44125723838806,-0.0387924686074257,0.138428270816803,0.0180948246270418,0.989446997642517
49.7050704956055,-0.0837389156222343,-0.305681467056274,0.0279346890747547,355.839630126953,17.4394683837891,0.767318308353424,-0.0348634123802185,0.151738226413727,0.0121170431375504,0.987731397151947
50.2297630310059,-0.0838799178600311,-0.306663155555725,0.0300224758684635,356.462432861328,17.1726608276367,0.884233057498932,-0.029367808252573,0.14945937693119,0.0122343562543392,0.98825591802597
50.7557983398438,-0.0836388021707535,-0.307357668876648,0.0310411620885134,356.968353271484,17.0212860107422,0.96553635597229,-0.0249143708497286,0.148156523704529,0.0122448364272714,0.988574266433716
51.2875289916992,-0.0847921445965767,-0.307424545288086,0.0314227975904942,357.010925292969,16.9457664489746,1.08786678314209,-0.024397412315011,0.147529453039169,0.0132291903719306,0.988668262958527
51.816650390625,-0.0857213363051414,-0.308152049779892,0.0287013947963715,357.882293701172,16.849983215332,1.05067837238312,-0.0169361103326082,0.146650955080986,0.0117756677791476,0.988973200321198
52.3316230773926,-0.0939847305417061,-0.300962567329407,-0.00154209602624178,354.626281738281,17.8220291137695,1.88349580764771,-0.0437622107565403,0.155470296740532,0.0234799720346928,0.986591398715973
52.8672218322754,-0.0899378210306168,-0.301899254322052,0.00843710824847221,354.388824462891,17.5745334625244,1.67833530902863,-0.0461329035460949,0.153275176882744,0.0219331532716751,0.986862421035767
53.4530372619629,-0.0889567211270332,-0.303299129009247,0.0151383951306343,355.508483886719,17.3908367156982,1.7265293598175,-0.0364549532532692,0.151632115244865,0.0208051279187202,0.987545430660248
53.9554786682129,-0.0884893536567688,-0.304030299186707,0.0165594704449177,355.90087890625,17.3942279815674,1.47488284111023,-0.0334047712385654,0.151556789875031,0.0181217342615128,0.987717747688293
54.4706497192383,-0.0864241048693657,-0.305040299892426,0.0201716534793377,356.560363769531,17.3556442260742,1.50822234153748,-0.027681028470397,0.151187628507614,0.0175325833261013,0.987961888313293
54.9760055541992,-0.0873748958110809,-0.305926144123077,0.0214935038238764,357.075347900391,17.0558166503906,1.54337430000305,-0.0232387650758028,0.148569285869598,0.0170988403260708,0.988481044769287
55.4929504394531,-0.0856004729866982,-0.306600749492645,0.023333951830864,357.325347900391,17.249095916748,1.42846977710724,-0.0212042145431042,0.150194108486176,0.0158206894993782,0.988302528858185
56.0070648193359,-0.0864130184054375,-0.306899011135101,0.0231187138706446,357.598022460938,17.2268466949463,1.48985397815704,-0.0187747087329626,0.149990856647491,0.015990387648344,0.988379776477814
56.5117607116699,-0.0850862935185432,-0.307142972946167,0.0243843607604504,357.800842285156,17.2434673309326,1.39733123779297,-0.0171441957354546,0.150103002786636,0.0149302799254656,0.988408982753754
57.02783203125,-0.0854290872812271,-0.307625442743301,0.0250621605664492,358.007904052734,17.0322380065918,1.39880073070526,-0.0153832416981459,0.148264095187187,0.0146442241966724,0.988719701766968
57.5399131774902,-0.0858057886362076,-0.307826995849609,0.0252523273229599,358.089050292969,17.0124378204346,1.49874424934387,-0.0145563501864672,0.148099228739738,0.0153993433341384,0.988745450973511
58.1295013427734,-0.0867169946432114,-0.307528525590897,0.0255702063441277,358.103912353516,16.9671840667725,1.57829248905182,-0.0143314879387617,0.147717371582985,0.0160608850419521,0.988795340061188
58.6310920715332,-0.0858110040426254,-0.30805367231369,0.0258138664066792,358.328826904297,16.8198566436768,1.56366288661957,-0.0124295009300113,0.146422132849693,0.015629593282938,0.989020645618439
59.1351699829102,-0.0864288061857224,-0.308531016111374,0.026242746040225,358.588531494141,16.7909126281738,1.65959966182709,-0.0100694578140974,0.146154657006264,0.0161241088062525,0.989079117774963
59.6517448425293,-0.086001418530941,-0.30893936753273,0.02747174911201,358.798889160156,16.8730087280273,1.53714406490326,-0.00839917361736298,0.146831095218658,0.0148054519668221,0.989015102386475
60.1699256896973,-0.0868290066719055,-0.30917352437973,0.0271823909133673,358.883453369141,16.8263378143311,1.70987057685852,-0.00745474267750978,0.146430984139442,0.016185050830245,0.989060401916504
60.6699829101563,-0.0872079655528069,-0.309384018182755,0.0278111882507801,358.976715087891,16.6996173858643,1.76863920688629,-0.00659295730292797,0.145329654216766,0.0165660679340363,0.989222645759583
61.1884078979492,-0.0873880907893181,-0.309788703918457,0.0280253738164902,359.28662109375,16.7401714324951,1.75076162815094,-0.00393444998189807,0.145640805363655,0.0160207580775023,0.989199995994568
61.7749938964844,-0.0869088023900986,-0.30966717004776,0.0285123568028212,359.426910400391,16.6882743835449,1.8045459985733,-0.0026623394805938,0.1451765447855,0.0163057502359152,0.989267826080322
62.284049987793,-0.0870739072561264,-0.310086816549301,0.0296602975577116,359.669311523438,16.5299587249756,1.9027464389801,-0.000468578626168892,0.14377835392952,0.0168460886925459,0.989466428756714
62.79638671875,-0.0865185111761093,-0.31010565161705,0.029642429202795,359.676361083984,16.5580730438232,1.85604357719421,-0.000462394178612158,0.144019946455956,0.0164341107010841,0.98943817615509
63.2971611022949,-0.0864531770348549,-0.3106589615345,0.0306470971554518,0.0468650572001934,16.4737968444824,1.88956868648529,0.00276699755340815,0.14324015378952,0.0162601694464684,0.989550530910492
63.8129997253418,-0.0853575170040131,-0.311097502708435,0.0316046588122845,0.205318197607994,16.7109832763672,1.74815344810486,0.00398927181959152,0.145270317792892,0.014832641929388,0.989272773265839
64.3247222900391,-0.0857954472303391,-0.311643064022064,0.0313207022845745,0.430830210447311,16.610818862915,1.90406847000122,0.00611981656402349,0.144366860389709,0.0158979818224907,0.989377617835999
64.8302536010742,-0.0858146622776985,-0.311434656381607,0.0322465226054192,0.333421051502228,16.5675354003906,1.95890486240387,0.00534166442230344,0.144004985690117,0.0164962727576494,0.98942506313324
65.3324661254883,-0.085883155465126,-0.311175674200058,0.0323057621717453,0.120362088084221,16.6953639984131,1.8518373966217,0.00338514079339802,0.145143821835518,0.0158359408378601,0.989278078079224
65.8414764404297,-0.0860905051231384,-0.311745882034302,0.0324077270925045,0.449958890676498,16.574089050293,1.9462925195694,0.00633295765146613,0.144044563174248,0.0162404514849186,0.989417672157288
66.3595275878906,-0.0864923223853111,-0.311642795801163,0.0320458933711052,0.384761542081833,16.6287403106689,2.00575971603394,0.00585281895473599,0.144523248076439,0.0168331451714039,0.989340901374817
66.8642578125,-0.0870892629027367,-0.311788022518158,0.0334852375090122,0.630848228931427,16.2882652282715,2.07754802703857,0.00801693368703127,0.141539543867111,0.0171661749482155,0.98975133895874
67.3998794555664,-0.0867977514863014,-0.312229931354523,0.0336828753352165,0.607163667678833,16.4847087860107,2.08198666572571,0.00784738548099995,0.143239617347717,0.0172203797847033,0.989507138729095
67.9053649902344,-0.0878884419798851,-0.312163233757019,0.0327515229582787,0.608889102935791,16.2437210083008,2.24278593063354,0.00802412815392017,0.141146957874298,0.0186236314475536,0.989780962467194
68.4894866943359,-0.0858545303344727,-0.31181001663208,0.0344026871025562,0.467251688241959,16.4220218658447,2.01084351539612,0.0065411371178925,0.1427251547575,0.0167847368866205,0.989598453044891
68.9898834228516,-0.0860298648476601,-0.312066107988358,0.0354312211275101,0.51455157995224,16.3306331634521,2.04473781585693,0.00697824219241738,0.141926407814026,0.0170240420848131,0.989706218242645
69.5252151489258,-0.0847198367118835,-0.312582939863205,0.0369173474609852,0.912089049816132,16.2304096221924,2.0908317565918,0.0104538248851895,0.140992224216461,0.0169382728636265,0.989810645580292
70.1082611083984,-0.0831616669893265,-0.313039422035217,0.0387010499835014,1.13855612277985,16.4950904846191,1.91334640979767,0.0122264567762613,0.143258973956108,0.0150977578014135,0.989494562149048
70.609130859375,-0.0838271006941795,-0.313389003276825,0.0384201295673847,1.30530190467834,16.4404449462891,1.96495687961578,0.0137234115973115,0.142754673957825,0.0153409969061613,0.989544034004211
71.1128311157227,-0.084553100168705,-0.313549965620041,0.0380332060158253,1.22193610668182,16.2622509002686,2.23543906211853,0.0133128399029374,0.141198173165321,0.01780154556036,0.989731788635254
71.6260604858398,-0.0831481069326401,-0.313945919275284,0.0393310077488422,1.58540058135986,16.45339012146,1.93578553199768,0.0161073319613934,0.142824664711952,0.0147373480722308,0.98950719833374
72.130241394043,-0.0845671817660332,-0.314220428466797,0.0388525351881981,1.79227006435394,16.3799686431885,2.19919013977051,0.0182109568268061,0.142115190625191,0.0167647525668144,0.989540636539459
72.6605606079102,-0.0843601450324059,-0.314532309770584,0.0388134829699993,1.83508634567261,16.3315334320068,2.19605398178101,0.018569715321064,0.141689494252205,0.0166921988129616,0.989596247673035
73.1687850952148,-0.0850455462932587,-0.314419865608215,0.0381301864981651,1.76535713672638,16.4307594299316,2.28345942497253,0.0180908497422934,0.142545476555824,0.0175179447978735,0.989467859268188
73.7531280517578,-0.0846714451909065,-0.314772337675095,0.0384047888219357,1.96595752239227,16.3598022460938,2.27634191513062,0.0198032893240452,0.141895428299904,0.017218129709363,0.98953378200531
74.262092590332,-0.0848303586244583,-0.314910531044006,0.0395397618412971,2.09903144836426,16.3454666137695,2.34121227264404,0.0210304018110037,0.141733974218369,0.0176153481006622,0.989524602890015
74.7929153442383,-0.0854618549346924,-0.314931303262711,0.0393374897539616,2.06560039520264,16.3108997344971,2.34427857398987,0.0207402072846889,0.141441583633423,0.0176896471530199,0.989571213722229
75.3024063110352,-0.0861081257462502,-0.314787030220032,0.038011696189642,2.00507354736328,16.4055118560791,2.3695752620697,0.0202636383473873,0.142266139388084,0.0179664697498083,0.989457905292511
75.8264846801758,-0.0857618600130081,-0.315078467130661,0.0381341576576233,2.1025333404541,16.4052238464355,2.44732475280762,0.0212015323340893,0.142229706048965,0.0185162369161844,0.989433407783508
76.3547668457031,-0.0849860608577728,-0.31562066078186,0.038988221436739,2.30569911003113,16.464937210083,2.34998536109924,0.022843811661005,0.14272241294384,0.01741030998528,0.989345967769623
76.8590774536133,-0.0859610736370087,-0.315226942300797,0.0386665873229504,2.2226676940918,16.3405857086182,2.47719645500183,0.0222652554512024,0.141640812158585,0.0186367891728878,0.989492297172546
77.3747100830078,-0.0856038331985474,-0.315506905317307,0.0395802222192287,2.40794897079468,16.5776195526123,2.42932653427124,0.023842940106988,0.143657967448235,0.0179437752813101,0.989177405834198
77.9156875610352,-0.0861668363213539,-0.315405011177063,0.0381739437580109,2.30280423164368,16.3973045349121,2.47161102294922,0.02295939065516,0.142114743590355,0.0184775553643703,0.989411354064941
78.4346237182617,-0.0860123112797737,-0.315672188997269,0.0388852208852768,2.49574041366577,16.3713321685791,2.56008815765381,0.0247303862124681,0.141830459237099,0.0190063193440437,0.989399433135986
78.9362716674805,-0.0845238864421844,-0.314916342496872,0.0381507873535156,2.06223487854004,16.7612152099609,2.27541470527649,0.0206931754946709,0.145342364907265,0.0170179512351751,0.989018619060516
79.462028503418,-0.0847170427441597,-0.315049946308136,0.0373911447823048,2.13721013069153,16.6375713348389,2.33872151374817,0.0214016251266003,0.144248738884926,0.0174918714910746,0.989155352115631
79.9849243164063,-0.0851381123065948,-0.315723896026611,0.0383245497941971,2.48167395591736,16.4276752471924,2.37380361557007,0.0243869088590145,0.142359867691994,0.0174034256488085,0.989361464977264
80.502067565918,-0.0850354954600334,-0.315856903791428,0.0382065773010254,2.60640978813171,16.7462024688721,2.33465123176575,0.0254619736224413,0.14509229362011,0.0168387480080128,0.988947093486786
81.0543670654297,-0.0850979760289192,-0.316411226987839,0.0389148890972137,2.86088156700134,16.5334091186523,2.48228597640991,0.0278115086257458,0.143167525529861,0.0178401824086905,0.989146769046783
81.5821762084961,-0.0845966562628746,-0.316542506217957,0.0395902767777443,2.96933579444885,16.5201950073242,2.40616345405579,0.0286504570394754,0.143048778176308,0.0170498937368393,0.989153921604156
82.1039428710938,-0.0843133926391602,-0.316965401172638,0.0399566069245338,3.09855675697327,16.7763042449951,2.37611627578735,0.0297652818262577,0.145239189267159,0.0165615137666464,0.988810062408447
82.6303176879883,-0.0847786739468575,-0.316789895296097,0.0387269295752048,2.97163462638855,16.619649887085,2.40292835235596,0.0286810155957937,0.14390754699707,0.0169941931962967,0.989029467105865
83.1679916381836,-0.0838889330625534,-0.316860049962997,0.0391817018389702,3.08053994178772,16.7045555114746,2.40939354896545,0.0296414494514465,0.144615307450294,0.0168902333825827,0.988899648189545
83.6747283935547,-0.0831098780035973,-0.317046135663986,0.0394000485539436,3.14237332344055,16.920467376709,2.21859669685364,0.0299626756459475,0.146515026688576,0.0151086319237947,0.988639175891876
84.1838226318359,-0.083346389234066,-0.31702446937561,0.0387896299362183,3.10600829124451,16.8829517364502,2.31414890289307,0.0297659188508987,0.146173909306526,0.0159895848482847,0.988681674003601
84.7034378051758,-0.0840122401714325,-0.317327618598938,0.0387435890734196,3.14019703865051,16.6776313781738,2.45779466629028,0.0302132107317448,0.144357308745384,0.0172391477972269,0.988914012908936
85.2857208251953,-0.0795443505048752,-0.311507642269135,0.0358379781246185,358.947021484375,16.8318862915039,1.36384510993958,-0.00734741892665625,0.14644992351532,0.013117621652782,0.9891037940979
85.806640625,-0.0786485970020294,-0.31233936548233,0.043280553072691,359.617706298828,16.7957363128662,1.12964558601379,-0.00186044105794281,0.146070837974548,0.0102393021807075,0.989219427108765
86.3159713745117,-0.0790595784783363,-0.314177691936493,0.0490033552050591,0.882150292396545,16.7010936737061,1.4869157075882,0.009500234387815,0.145113751292229,0.0117195788770914,0.989299952983856
86.8304672241211,-0.0803724899888039,-0.314892411231995,0.0486271418631077,1.18030071258545,16.7394237518311,1.66063988208771,0.0122983595356345,0.145389392971992,0.0128371147438884,0.989214777946472
87.3515472412109,-0.0787118449807167,-0.315812170505524,0.0498454757034779,1.76522815227509,17.0232315063477,1.45404148101807,0.0171108357608318,0.147787138819695,0.0102675743401051,0.988817870616913
87.891975402832,-0.0752199217677116,-0.316620707511902,0.0508499927818775,2.30034613609314,17.3321018218994,1.14823591709137,0.0213522668927908,0.150438338518143,0.0068793473765254,0.988364934921265
88.4679107666016,-0.0753094479441643,-0.316520601511002,0.0501188524067402,2.38012290000916,17.1465625762939,1.44675862789154,0.0224169455468655,0.148770913481712,0.00938537530601025,0.988573014736176
89.0365905761719,-0.0762069895863533,-0.316895753145218,0.0502168834209442,2.53824591636658,17.2343235015869,1.50663352012634,0.0238660704344511,0.149493873119354,0.00967761129140854,0.988427221775055
89.5567932128906,-0.0770055055618286,-0.316733688116074,0.0493996925652027,2.55300283432007,17.1962108612061,1.60285484790802,0.0241153743118048,0.149142816662788,0.0104962717741728,0.988465845584869
90.1213150024414,-0.0773000493645668,-0.316386550664902,0.0502565652132034,2.02347993850708,17.2260570526123,1.6224228143692,0.0195763390511274,0.149474635720253,0.0113518945872784,0.988506555557251
90.7027282714844,-0.0769991278648376,-0.315961331129074,0.0513486675918102,1.44101798534393,17.1948928833008,1.51132225990295,0.0144039308652282,0.149302467703819,0.0111594870686531,0.988623678684235
91.269287109375,-0.0783091560006142,-0.316396653652191,0.0514028891921043,1.77666759490967,16.9558296203613,1.72240841388702,0.0175482053309679,0.147163331508636,0.0125788282603025,0.988876521587372
91.7721176147461,-0.0776652470231056,-0.316917687654495,0.051043663173914,2.0526282787323,17.2229690551758,1.74104368686676,0.0199821516871452,0.149423182010651,0.0123375421389937,0.988494455814362
92.2741546630859,-0.0765630453824997,-0.317134708166122,0.0507129728794098,2.35381937026978,17.2242450714111,1.69315600395203,0.0225177127867937,0.149396553635597,0.0115300184115767,0.988453686237335
92.8475494384766,-0.0766737163066864,-0.317365169525146,0.0504398010671139,2.51598119735718,17.4307861328125,1.70711648464203,0.023955125361681,0.151149779558182,0.0113950027152896,0.988154888153076
93.4328994750977,-0.079007051885128,-0.315916806459427,0.0501914247870445,1.82098352909088,17.1379108428955,2.06081342697144,0.0183896124362946,0.148674100637436,0.0154127543792129,0.988595128059387
93.9516220092773,-0.0794911831617355,-0.316953301429749,0.0516888201236725,2.25359416007996,16.9131774902344,2.21763467788696,0.0222928561270237,0.146627634763718,0.0162458084523678,0.988807082176208
94.4571304321289,-0.0800613313913345,-0.316862493753433,0.0514754056930542,2.38871622085571,17.0110683441162,2.26197171211243,0.0235294364392757,0.14743709564209,0.0164344925433397,0.988655030727386
94.9616546630859,-0.0799134448170662,-0.317071974277496,0.0519438572227955,2.69160580635071,16.7183227539063,2.28613710403442,0.0261317323893309,0.14484529197216,0.0163178648799658,0.988974571228027
95.4679489135742,-0.0792409479618073,-0.317671537399292,0.0527022145688534,3.0437068939209,16.8820514678955,2.2760226726532,0.0291797108948231,0.146188870072365,0.0157409198582172,0.988700985908508
95.9754943847656,-0.0793908834457397,-0.317384719848633,0.0518939606845379,2.72346639633179,16.8064479827881,2.219562292099,0.0263345800340176,0.145614698529243,0.0156825203448534,0.98886650800705
96.4843521118164,-0.0785477012395859,-0.31735497713089,0.0519345514476299,2.62026739120483,17.0175113677979,2.21584463119507,0.0254684370011091,0.147456988692284,0.0157355051487684,0.988615274429321
96.9898071289063,-0.0798211470246315,-0.317544221878052,0.0521962642669678,2.79748439788818,16.769172668457,2.36239242553711,0.0271492097526789,0.145244657993317,0.0168292224407196,0.988880038261414
97.4918441772461,-0.0789777114987373,-0.317955791950226,0.0526191256940365,3.01431202888489,16.7457981109619,2.27443671226501,0.0289053414016962,0.145019590854645,0.0157993827015162,0.988880276679993
98.0599899291992,-0.0785727202892303,-0.31833952665329,0.0530921630561352,3.24814367294312,16.9258995056152,2.24769902229309,0.0309129767119884,0.146532565355301,0.0152220278978348,0.988605499267578
98.6534729003906,-0.0780021399259567,-0.318754494190216,0.0533752329647541,3.51962852478027,16.7986259460449,2.25563907623291,0.0332481935620308,0.145376026630402,0.0149776581674814,0.988704264163971
99.1793365478516,-0.078641302883625,-0.31916806101799,0.0543301627039909,3.69948410987854,16.901668548584,2.31910014152527,0.0348939076066017,0.146207913756371,0.0152637353166938,0.988520443439484
99.7455596923828,-0.0774690732359886,-0.319521337747574,0.0554975569248199,3.99430370330811,17.1068897247314,2.26979732513428,0.0373994968831539,0.147929802536964,0.0143919689580798,0.98818564414978
100.294326782227,-0.0789443925023079,-0.3198202252388,0.0554302185773849,4.18424844741821,16.9330997467041,2.42343282699585,0.039211843162775,0.146337360143661,0.0155287636443973,0.988335311412811
100.875267028809,-0.0776863023638725,-0.320109307765961,0.0554899089038372,4.30140495300293,16.8901252746582,2.28933691978455,0.0400454699993134,0.145986750721931,0.0142360711470246,0.988373219966888
101.444007873535,-0.0767915546894073,-0.32029715180397,0.0553257763385773,4.33114528656006,17.067403793335,2.21656894683838,0.0402301587164402,0.147534608840942,0.0135079445317388,0.988146066665649
102.009574890137,-0.0783432349562645,-0.319024741649628,0.055975005030632,3.46883487701416,17.0188579559326,2.34910082817078,0.0329589881002903,0.147259727120399,0.0157857071608305,0.988422513008118
102.512138366699,-0.087758332490921,-0.3132104575634,0.0595397092401981,359.647491455078,9.52610206604004,1.31318759918213,-0.00211380468681455,0.0830644890666008,0.0116752572357655,0.996473550796509
103.013191223145,-0.0822462514042854,-0.314968049526215,0.05705301836133,0.548874795436859,14.5384244918823,1.70164978504181,0.00662966119125485,0.126445651054382,0.014123635366559,0.991850852966309
103.561820983887,-0.0838967263698578,-0.316589951515198,0.0592448264360428,1.50649583339691,14.1422643661499,1.88958191871643,0.0150741562247276,0.122859008610249,0.0147440303117037,0.992200136184692
104.128440856934,-0.0821335315704346,-0.316874027252197,0.0582362972199917,1.63370096683502,14.3281373977661,1.79998409748077,0.0161018650978804,0.124460801482201,0.0138052776455879,0.991997838020325
104.698532104492,-0.081749401986599,-0.317760765552521,0.0573348887264729,2.29028272628784,14.8430938720703,1.89471161365509,0.0219502355903387,0.12879741191864,0.0138108432292938,0.991331815719604
105.260437011719,-0.0835176184773445,-0.317792028188705,0.0574310272932053,2.19796562194824,14.818943977356,2.09177875518799,0.0213698614388704,0.128567174077034,0.0156244616955519,0.991347432136536
105.830963134766,-0.0828089937567711,-0.318352282047272,0.0569565184414387,2.54018306732178,15.1305685043335,1.9459685087204,0.0242044497281313,0.131231337785721,0.0139112267643213,0.990958631038666
106.335739135742,-0.0829443708062172,-0.318545311689377,0.0568995401263237,2.66711282730103,14.9974870681763,2.01115608215332,0.0253599602729082,0.13004407286644,0.0143582010641694,0.991079866886139
106.906372070313,-0.0830079913139343,-0.31903937458992,0.0548407807946205,3.27749347686768,15.1156377792358,1.9924533367157,0.030630761757493,0.130960062146187,0.0134676862508059,0.990822851657867
107.484085083008,-0.0830578953027725,-0.318640559911728,0.053934421390295,3.02491974830627,15.3183450698853,2.17992520332336,0.028688533231616,0.132711857557297,0.0153288096189499,0.990620791912079
108.02352142334,-0.0834641084074974,-0.318854182958603,0.0536385513842106,3.22729682922363,15.445032119751,2.28462171554565,0.0305766295641661,0.133739322423935,0.0159638915210962,0.99041610956192
108.525009155273,-0.0836039707064629,-0.318369448184967,0.0523951686918736,2.96052598953247,15.482497215271,2.17361855506897,0.0281465891748667,0.134144902229309,0.0153091186657548,0.990443646907806
109.03881072998,-0.0827285200357437,-0.318319916725159,0.0531565807759762,2.99648761749268,15.5285682678223,2.14697241783142,0.0284322220832109,0.13454270362854,0.0150249786674976,0.990385830402374
109.541786193848,-0.0831363946199417,-0.318604618310928,0.0520058646798134,3.14269924163818,15.3627433776855,2.151850938797,0.0296798404306173,0.133079871535301,0.0149371875450015,0.990548193454742
110.044250488281,-0.0818328335881233,-0.318341493606567,0.0515596754848957,2.9864444732666,15.6923475265503,2.02339625358582,0.0282202586531639,0.135990545153618,0.0139284860342741,0.990210175514221
110.547714233398,-0.0821911096572876,-0.318368822336197,0.0516637898981571,2.96238565444946,15.7997264862061,2.05098700523376,0.0280584190040827,0.136916026473045,0.0141693605110049,0.990083813667297
111.053527832031,-0.0820598974823952,-0.317171901464462,0.0498516596853733,2.07902383804321,15.8839702606201,1.97606253623962,0.0203473847359419,0.137817218899727,0.0145690394565463,0.990141451358795
111.582717895508,-0.0826189592480659,-0.317584544420242,0.0504585765302181,2.44589471817017,15.7462110519409,2.09285283088684,0.0236391574144363,0.136539444327354,0.0151632595807314,0.990236520767212
112.085304260254,-0.0815204307436943,-0.317847579717636,0.0503565110266209,2.51470851898193,15.8654880523682,1.94718253612518,0.0240745414048433,0.137588158249855,0.0137969488278031,0.990100800991058
112.598617553711,-0.0812489613890648,-0.317768603563309,0.0500958114862442,2.59905052185059,15.8932390213013,1.88610255718231,0.0247330516576767,0.137826487421989,0.0131614040583372,0.990060031414032
113.103996276855,-0.0823372602462769,-0.317875802516937,0.0504849255084991,2.66795945167542,15.7531690597534,2.02136063575745,0.0254735704511404,0.136574521660805,0.014277814887464,0.990199267864227
113.613571166992,-0.0820550844073296,-0.318061292171478,0.0500188618898392,2.82096123695374,15.7458009719849,2.02106308937073,0.0267942417412996,0.13648322224617,0.0140935136005282,0.990179657936096
114.115081787109,-0.0815170779824257,-0.318597078323364,0.0520472712814808,3.14269995689392,15.8174457550049,2.05985379219055,0.0296288821846247,0.137033179402351,0.0140244867652655,0.990023910999298
114.634689331055,-0.0807298198342323,-0.318503737449646,0.0517544597387314,3.13886547088623,15.716796875,1.85657072067261,0.0293418243527412,0.136216536164284,0.0122985765337944,0.99016809463501
115.143882751465,-0.0812854021787643,-0.318471997976303,0.0502351820468903,3.09613227844238,15.8566102981567,1.90875148773193,0.0290502402931452,0.137418702244759,0.0127651542425156,0.990004658699036
115.659126281738,-0.0799218267202377,-0.318960011005402,0.0508770756423473,3.44821763038635,15.9780015945435,1.80028247833252,0.0319735631346703,0.138434872031212,0.0113692302256823,0.989790022373199
116.159774780273,-0.0792578384280205,-0.318762749433517,0.0504232347011566,3.32836961746216,16.1338806152344,1.74257802963257,0.0308837201446295,0.13981731235981,0.0109745468944311,0.98963475227356
116.661911010742,-0.0810169503092766,-0.318851262331009,0.0498374775052071,3.45863461494446,15.7740077972412,1.94363617897034,0.0322142094373703,0.136630654335022,0.0126521391794086,0.990017294883728
117.168426513672,-0.0812544897198677,-0.318783462047577,0.0507100448012352,3.43882989883423,15.7510547637939,1.96289420127869,0.0320635177195072,0.136430576443672,0.0128487339243293,0.99004727602005
117.669586181641,-0.0814255252480507,-0.318670779466629,0.0498898401856422,3.46325874328613,15.7835578918457,2.00357699394226,0.0323267132043839,0.136695429682732,0.0131617486476898,0.98999810218811
118.185562133789,-0.0814370810985565,-0.31898820400238,0.0499805696308613,3.67149472236633,15.6892318725586,1.98025929927826,0.0340871401131153,0.135848224163055,0.0127380462363362,0.990061163902283
118.685569763184,-0.0807013660669327,-0.317860543727875,0.0480508469045162,2.96988296508789,16.0878372192383,1.86413729190826,0.0279313586652279,0.139449238777161,0.0124757401645184,0.989756643772125
119.195510864258,-0.0803532376885414,-0.318730533123016,0.0494412630796432,3.4082715511322,15.9715538024902,1.88350176811218,0.0317284166812897,0.138363033533096,0.0121384123340249,0.989798784255981
119.703155517578,-0.082074835896492,-0.31843575835228,0.0484314151108265,3.07477283477783,15.966628074646,2.13848924636841,0.0291553549468517,0.138314738869667,0.0147477332502604,0.989849269390106
120.289512634277,-0.0818992406129837,-0.311277598142624,0.0410081036388874,358.059753417969,16.8980026245117,1.67457342147827,-0.0145986806601286,0.147137016057968,0.0169396102428436,0.988863289356232
120.808540344238,-0.080659992992878,-0.312541663646698,0.0432777293026447,358.950103759766,17.0194492340088,1.62994909286499,-0.00695536658167839,0.148084953427315,0.0154219316318631,0.988829970359802
121.378143310547,-0.0830226689577103,-0.313379377126694,0.04385781660676,359.555572509766,16.5157737731934,1.97441029548645,-0.0013630244648084,0.143672585487366,0.0176073275506496,0.989467740058899
121.892486572266,-0.0825504213571548,-0.314936280250549,0.0451889336109161,0.667974889278412,16.7132740020752,1.92633318901062,0.0082094157114625,0.145214304327965,0.0157838221639395,0.989240229129791
122.476699829102,-0.0834893360733986,-0.317058682441711,0.0482440777122974,1.8646160364151,16.1575679779053,1.98623669147491,0.0185426957905293,0.140215694904327,0.0148717202246189,0.989835619926453
122.978088378906,-0.0831173062324524,-0.316692858934402,0.0472971275448799,1.85379767417908,16.4379577636719,1.91150832176208,0.0183925982564688,0.14265114068985,0.0141945471987128,0.989500343799591
123.51399230957,-0.0844532921910286,-0.317025452852249,0.0464761629700661,1.97972440719604,16.2400207519531,2.12421560287476,0.0197171531617641,0.140884652733803,0.0159079469740391,0.989701867103577
124.110389709473,-0.0831852629780769,-0.317416936159134,0.0462895557284355,2.31652474403381,16.4580726623535,1.94055283069611,0.0224263519048691,0.142741978168488,0.0138630904257298,0.989408731460571
124.616355895996,-0.0816663578152657,-0.318019509315491,0.0477538555860519,2.6269052028656,16.5287532806396,1.83478927612305,0.0249819308519363,0.143321558833122,0.012546026147902,0.989281296730042
125.116729736328,-0.0831405967473984,-0.318184405565262,0.0473391525447369,2.7730884552002,16.3482894897461,1.96399676799774,0.0263840910047293,0.141709297895432,0.0135192470625043,0.989464342594147
125.705307006836,-0.0836770012974739,-0.318417221307755,0.0469235703349113,2.86352586746216,16.4544544219971,2.02638530731201,0.0272549390792847,0.142594933509827,0.0139202056452632,0.989307880401611
126.290550231934,-0.08352180570364,-0.31878936290741,0.0474312826991081,3.13915371894836,16.3155651092529,2.15562391281128,0.0297770593315363,0.14131124317646,0.0147268669679761,0.98940771818161
126.792877197266,-0.0819373801350594,-0.318850308656693,0.047221951186657,3.19810342788696,16.6577911376953,1.93775868415833,0.0300552789121866,0.144311234354973,0.0126828467473388,0.988994479179382
127.378547668457,-0.0830186679959297,-0.319123595952988,0.0471053831279278,3.29059839248657,16.4327754974365,2.12197971343994,0.0310575198382139,0.142302423715591,0.0142165096476674,0.989233732223511
127.891571044922,-0.0830206349492073,-0.318741410970688,0.0469498932361603,3.08327054977417,16.5334663391113,2.19152736663818,0.0293675698339939,0.143194183707237,0.0150504624471068,0.989144325256348
128.39306640625,-0.0813094526529312,-0.316373705863953,0.0432327538728714,1.39001274108887,17.6071853637695,1.41876149177551,0.0138807287439704,0.152876392006874,0.0103776464238763,0.988093316555023
128.895401000977,-0.0793241411447525,-0.317308038473129,0.0450050570070744,1.8824827671051,17.8936882019043,1.2482305765152,0.0179199669510126,0.155311107635498,0.00820412114262581,0.987668991088867
129.399475097656,-0.0802909582853317,-0.318013519048691,0.0455914288759232,2.33783841133118,17.6101455688477,1.44862747192383,0.0220926888287067,0.152774393558502,0.00936728529632092,0.987969696521759
129.906478881836,-0.0800705030560493,-0.318270564079285,0.0460704602301121,2.58994579315186,17.7338542938232,1.38807034492493,0.0241944957524538,0.153818920254707,0.00848183315247297,0.98776638507843
130.417510986328,-0.0818676501512527,-0.318693518638611,0.0455321669578552,2.88243246078491,17.5309791564941,1.71448373794556,0.0271339863538742,0.151953414082527,0.0109493238851428,0.987954556941986
130.935699462891,-0.0817497596144676,-0.318778336048126,0.0456003099679947,2.97001171112061,17.4348983764648,1.68819522857666,0.0278451982885599,0.151117131114006,0.0106293251737952,0.988066494464874
131.437240600586,-0.0825798138976097,-0.319144755601883,0.0460913144052029,3.16345882415771,17.3538112640381,1.92471921443939,0.0298159588128328,0.150325298309326,0.0124333491548896,0.98810863494873
131.946563720703,-0.0809595212340355,-0.319143384695053,0.0459854155778885,3.21635437011719,17.6327667236328,1.71954047679901,0.0300285145640373,0.152774646878242,0.0105212386697531,0.987748742103577
132.455322265625,-0.0831005200743675,-0.318797707557678,0.0459905378520489,3.1474027633667,17.4781532287598,2.00883674621582,0.0298021584749222,0.151378497481346,0.0131475450471044,0.9879390001297
132.957427978516,-0.0841677710413933,-0.319531679153442,0.0469352267682552,3.55604720115662,17.0300769805908,2.24156808853149,0.033574353903532,0.147369176149368,0.0147418854758143,0.988401651382446
133.527130126953,-0.0837964564561844,-0.318669885396957,0.045856200158596,3.09137153625488,17.2283954620361,2.14924573898315,0.0294731073081493,0.149199336767197,0.0144968256354332,0.988261461257935
134.029968261719,-0.0821187570691109,-0.31555312871933,0.0445453375577927,1.00120174884796,16.5576839447021,2.05293202400208,0.0112239746376872,0.143807262182236,0.0164690427482128,0.98940497636795
134.53662109375,-0.0803637802600861,-0.316629320383072,0.0438389182090759,1.57001638412476,17.1658782958984,1.754265666008,0.0158299300819635,0.149002030491829,0.0130909569561481,0.988623559474945
135.041625976563,-0.080609992146492,-0.317461162805557,0.0438228249549866,2.16212201118469,17.3740234375,1.71434903144836,0.0209075286984444,0.150713935494423,0.0119364252313972,0.988284230232239
135.555877685547,-0.0803219750523567,-0.318048268556595,0.0440033935010433,2.54172897338867,17.4821548461914,1.77638161182404,0.0242738481611013,0.151574015617371,0.0119473030790687,0.988075613975525
136.063446044922,-0.0805215686559677,-0.318635761737823,0.0446089692413807,2.88314414024353,17.4785900115967,1.83048117160797,0.0272884611040354,0.151474073529243,0.0119609208777547,0.988012135028839
136.574295043945,-0.0808486342430115,-0.319077551364899,0.0444022715091705,3.0977098941803,17.5162544250488,1.90978193283081,0.0292470306158066,0.151741608977318,0.0123498756438494,0.987910211086273
137.080841064453,-0.080233983695507,-0.319515466690063,0.045442309230566,3.39983463287354,17.4628372192383,1.89520359039307,0.031826414167881,0.151230365037918,0.0118365744128823,0.98791515827179
137.596771240234,-0.0815230160951614,-0.318887650966644,0.0448007881641388,3.0904278755188,17.5121078491211,2.05501937866211,0.0293760672211647,0.151670068502426,0.0136127406731248,0.987900793552399
138.114929199219,-0.0817514732480049,-0.319285988807678,0.0455928668379784,3.38086175918579,17.2999820709229,2.26301598548889,0.0321267321705818,0.149727314710617,0.0150783751159906,0.988090217113495
138.622161865234,-0.0820401459932327,-0.31961464881897,0.0457861311733723,3.55619144439697,17.4634914398193,2.1454541683197,0.0335043631494045,0.151134639978409,0.0137860458344221,0.987849056720734
139.216674804688,-0.0824999436736107,-0.320125639438629,0.0467183440923691,3.80687737464905,17.0335559844971,2.25906300544739,0.0357603244483471,0.14734098315239,0.0145664503797889,0.988331735134125
139.737442016602,-0.0822942107915878,-0.319696962833405,0.0447691157460213,3.60149478912354,17.3027420043945,2.22762989997864,0.0339829139411449,0.149715229868889,0.0144819188863039,0.988038897514343
140.305938720703,-0.0813477486371994,-0.319826751947403,0.0437574945390224,3.74737596511841,17.3531379699707,2.11319494247437,0.0350968316197395,0.150154232978821,0.013287684880197,0.987950086593628
140.823684692383,-0.083010658621788,-0.320073992013931,0.0453216023743153,3.75852203369141,17.0429801940918,2.35353565216064,0.035466093569994,0.147403374314308,0.0154410693794489,0.98831981420517
141.333679199219,-0.0831744447350502,-0.320055514574051,0.0444159768521786,3.69216370582581,17.2271156311035,2.33402061462402,0.0348934046924114,0.149011820554733,0.0153028331696987,0.988101124763489
141.844009399414,-0.0842634215950966,-0.320271730422974,0.0445645749568939,3.88885998725891,17.2054042816162,2.40115308761597,0.0366733931005001,0.148760095238686,0.0156305935233831,0.988069474697113
142.357406616211,-0.0848092436790466,-0.320406347513199,0.0448824837803841,3.93812370300293,17.1760234832764,2.51365351676941,0.0372398495674133,0.148459151387215,0.0165455993264914,0.988078594207764
142.930465698242,-0.0855266079306602,-0.320450127124786,0.044960293918848,4.03888416290283,17.0470790863037,2.59532594680786,0.0381949618458748,0.147296488285065,0.0171609371900558,0.988205671310425
143.436981201172,-0.0861694142222404,-0.32079753279686,0.0448309034109116,4.16492557525635,17.0066471099854,2.66522741317749,0.0393652357161045,0.146893352270126,0.0176138542592525,0.988211810588837
143.956008911133,-0.085855558514595,-0.320873111486435,0.044202022254467,4.22825765609741,17.0784645080566,2.67518258094788,0.0399350449442863,0.147493496537209,0.0175925679504871,0.988099873065948
144.469604492188,-0.0848919600248337,-0.321265786886215,0.0453266054391861,4.55803966522217,17.1368675231934,2.54783749580383,0.042622122913599,0.147961750626564,0.0160434320569038,0.987944006919861
144.975860595703,-0.0848262682557106,-0.321103692054749,0.0448214896023273,4.31493949890137,17.2592372894287,2.51402497291565,0.0405001752078533,0.149087503552437,0.0160262212157249,0.987864255905151
145.500259399414,-0.0850438475608826,-0.321369171142578,0.0450880825519562,4.5119481086731,17.2460517883301,2.49350452423096,0.042169563472271,0.148934230208397,0.0155950365588069,0.987824499607086
146.017196655273,-0.0851346030831337,-0.321174442768097,0.0453839041292667,4.33444261550903,17.2444324493408,2.57674789428711,0.0407477207481861,0.148932948708534,0.0165465455502272,0.987868845462799
146.531997680664,-0.0846622884273529,-0.321221500635147,0.0451840683817863,4.54721546173096,17.2688655853271,2.47571015357971,0.0424534380435944,0.149129018187523,0.0153868347406387,0.987786173820496
147.045074462891,-0.0848480612039566,-0.321357071399689,0.0456586182117462,4.34893703460693,17.3836898803711,2.43512177467346,0.0407071150839329,0.150180235505104,0.0152571024373174,0.987702429294586
147.644653320313,-0.0851667746901512,-0.321748673915863,0.046083178371191,4.49945020675659,17.3898620605469,2.47857522964478,0.0420618504285812,0.150182247161865,0.0154299950227141,0.987642645835876
148.151702880859,-0.0845308154821396,-0.321881592273712,0.0447311513125896,4.60428237915039,17.576150894165,2.35667443275452,0.0428284555673599,0.151808232069016,0.0141708394512534,0.987379968166351
148.686721801758,-0.0843644663691521,-0.322291672229767,0.0457866005599499,4.88915967941284,17.5829601287842,2.36322426795959,0.0452918410301208,0.151798069477081,0.0138430818915367,0.987276256084442
149.198867797852,-0.0856946036219597,-0.322529137134552,0.0462718866765499,5.02202081680298,17.3754081726074,2.51732182502747,0.0466129928827286,0.149915918707848,0.0150770768523216,0.987484276294708
149.699081420898,-0.085583932697773,-0.317927598953247,0.0486973933875561,0.62749719619751,17.2213726043701,2.23727774620056,0.00833605416119099,0.149583280086517,0.0184826552867889,0.98854124546051
150.199203491211,-0.0841523036360741,-0.316515058279037,0.048624437302351,359.359649658203,17.4789333343506,1.23582196235657,-0.00388432992622256,0.151990041136742,0.011508010327816,0.988307416439056
150.722686767578,-0.0837024226784706,-0.316557228565216,0.0501695238053799,359.352905273438,17.6349143981934,1.14601910114288,-0.00404683640226722,0.153332635760307,0.0107479272410274,0.988107919692993
151.304580688477,-0.0845520496368408,-0.318612396717072,0.0470642074942589,1.1191668510437,17.3252983093262,1.38834238052368,0.0114789670333266,0.150481164455414,0.0105056222528219,0.988490402698517
151.823822021484,-0.0847614109516144,-0.318137168884277,0.0452355518937111,0.883578300476074,17.2296905517578,1.2921644449234,0.00931212306022644,0.149691581726074,0.00999356247484684,0.988638401031494
152.326080322266,-0.0802793949842453,-0.30563896894455,0.0313770808279514,351.466949462891,20.2628593444824,359.242401123047,-0.0743941739201546,0.174931257963181,0.00659627839922905,0.98174387216568
152.836227416992,-0.0824177861213684,-0.311553090810776,0.0338633209466934,356.035949707031,19.9293155670166,0.109027869999409,-0.0338996239006519,0.172969490289688,0.00692130252718925,0.98431932926178
153.344085693359,-0.0825471058487892,-0.311657130718231,0.0342727452516556,356.335479736328,19.5439167022705,0.304944068193436,-0.0310581158846617,0.169723689556122,0.00804794952273369,0.9849693775177
153.878524780273,-0.0836022347211838,-0.312537550926208,0.0344119146466255,357.010864257813,19.2093524932861,0.618211269378662,-0.0248164478689432,0.166928768157959,0.00966919306665659,0.985609233379364
154.383377075195,-0.0832285657525063,-0.314668416976929,0.035181351006031,358.591430664063,19.3487300872803,0.897715985774994,-0.0108001492917538,0.168125435709953,0.00978751573711634,0.985657870769501
154.884506225586,-0.0831035226583481,-0.31547823548317,0.0366332530975342,359.189483642578,19.128604888916,1.11480295658112,-0.00535810878500342,0.166210234165192,0.0107680466026068,0.986016988754272
155.429885864258,-0.0831426084041595,-0.315224021673203,0.0361592918634415,358.86865234375,19.1480140686035,1.11177694797516,-0.00812115892767906,0.166399940848351,0.011208294890821,0.985961198806763
155.944961547852,-0.082781970500946,-0.315631955862045,0.0359369516372681,359.050933837891,19.0550308227539,1.10352146625519,-0.00657355831936002,0.165586531162262,0.0108675295487046,0.986113488674164
156.447860717773,-0.0834582149982452,-0.315790235996246,0.0374746732413769,359.482604980469,18.778434753418,1.11418950557709,-0.00286816339939833,0.163174226880074,0.0103291803970933,0.98653906583786
156.951522827148,-0.084501750767231,-0.316079288721085,0.0367409884929657,359.948059082031,18.683536529541,1.26751387119293,0.00134811853058636,0.162318199872971,0.0109878117218614,0.986676394939423
157.465255737305,-0.0826559290289879,-0.307382643222809,0.0345122888684273,354.208038330078,19.0463199615479,1.2281219959259,-0.0480528846383095,0.165759474039078,0.0189143270254135,0.984813153743744
157.97331237793,-0.0833979845046997,-0.312268316745758,0.0338941253721714,357.410675048828,19.3765392303467,1.3173440694809,-0.0203365068882704,0.168489530682564,0.0151309883221984,0.985377490520477
158.483840942383,-0.0831197649240494,-0.314800620079041,0.0370697677135468,359.253326416016,19.0011882781982,1.60808920860291,-0.00410983338952065,0.165128275752068,0.0149154085665941,0.986150741577148
159.008682250977,-0.0833163186907768,-0.316590458154678,0.0384075492620468,0.473036080598831,18.9974994659424,1.69917690753937,0.00651787593960762,0.164946168661118,0.0139429960399866,0.986182510852814
159.515991210938,-0.0850227028131485,-0.323534965515137,0.0389420725405216,5.04591369628906,19.0312671661377,1.99897336959839,0.0462882742285728,0.16437403857708,0.00991068128496408,0.985261619091034
160.097045898438,-0.0850455984473228,-0.320050060749054,0.036611407995224,2.62717461585999,19.1533432006836,1.89140510559082,0.0253470074385405,0.165927812457085,0.0124572310596704,0.985733389854431
160.605270385742,-0.0847586095333099,-0.320434421300888,0.0370601862668991,2.92377257347107,19.0484085083008,1.87315225601196,0.0278606712818146,0.16497702896595,0.011894297786057,0.985832095146179
161.122650146484,-0.0837588384747505,-0.320945411920547,0.0380422659218311,3.32352805137634,19.1914176940918,1.76510977745056,0.0311565510928631,0.166164621710777,0.0103475423529744,0.985551476478577
161.628311157227,-0.0856375023722649,-0.321556717157364,0.0384272150695324,3.68583226203918,18.9751014709473,2.01758098602295,0.0346151180565357,0.164164051413536,0.0120558822527528,0.985751807689667
162.13249206543,-0.0853357911109924,-0.32207915186882,0.0383864417672157,3.97320437431335,18.7541522979736,2.04345059394836,0.0371007062494755,0.162197515368462,0.0119354333728552,0.98598837852478
162.636001586914,-0.0846260637044907,-0.32227897644043,0.0378620736300945,4.08711242675781,18.9851570129395,1.79750299453735,0.0377518199384212,0.164242997765541,0.00958071835339069,0.985650718212128
163.153839111328,-0.0839084833860397,-0.322647124528885,0.0386490523815155,4.34160757064819,18.9733219146729,1.79934334754944,0.0399420186877251,0.164092764258385,0.00923343002796173,0.985592663288116
163.662887573242,-0.082971565425396,-0.320173412561417,0.0363325886428356,2.60147261619568,20.5076103210449,1.28453826904297,0.0243311021476984,0.177701443433762,0.00698702502995729,0.983758807182312
164.182403564453,-0.0763155445456505,-0.315433293581009,0.0282706804573536,359.079162597656,24.0919952392578,359.208831787109,-0.00929948594421148,0.208630919456482,-0.0050749140791595,0.977937042713165
164.694946289063,-0.0779519751667976,-0.317662268877029,0.0322909988462925,0.825643122196198,22.7220935821533,359.890533447266,0.00687569240108132,0.196992382407188,-0.00235576857812703,0.980378091335297
165.205963134766,-0.0799387097358704,-0.316229701042175,0.0321901105344296,0.127454340457916,22.1259956359863,0.282114952802658,0.00156398839317262,0.191884815692902,0.00220273644663393,0.981413722038269
165.787673950195,-0.0820609256625175,-0.317606300115585,0.0317451469600201,0.749786555767059,21.6780204772949,0.613738417625427,0.00743339722976089,0.188008919358253,0.004029780626297,0.982130944728851
166.292816162109,-0.0795441642403603,-0.318677455186844,0.032850556075573,1.56124901771545,21.8745670318604,0.386209189891815,0.0140158990398049,0.189670607447624,0.000723842182196677,0.981747508049011
166.822235107422,-0.079604297876358,-0.319087892770767,0.0340801291167736,1.87048280239105,21.58424949646,0.401421397924423,0.016689371317625,0.187164038419724,0.000384363898774609,0.982186794281006
167.35319519043,-0.0814646258950233,-0.318274617195129,0.0333289839327335,1.32711720466614,21.3114719390869,0.635189712047577,0.0124060269445181,0.184829100966454,0.00330571294762194,0.982686817646027
167.879974365234,-0.0826718211174011,-0.318266123533249,0.0320731066167355,1.25952482223511,21.3355255126953,0.746825993061066,0.0120073733851314,0.185028225183487,0.00436963699758053,0.98265016078949
168.413772583008,-0.0812651813030243,-0.318419694900513,0.0327141024172306,1.53014266490936,21.3215675354004,0.668283402919769,0.0142006818205118,0.184897869825363,0.00326055730693042,0.982649743556976
168.919006347656,-0.0793719962239265,-0.319593042135239,0.0335296578705311,2.08136987686157,21.4967842102051,0.438167482614517,0.0185565948486328,0.18639612197876,0.000368823559256271,0.982299327850342
169.449493408203,-0.0811850726604462,-0.319586575031281,0.0337226837873459,2.12640714645386,20.9846687316895,0.677220582962036,0.0193207785487175,0.181961610913277,0.0024310708977282,0.983112812042236
169.9521484375,-0.0821063071489334,-0.31965559720993,0.0349652245640755,2.10113143920898,20.7303771972656,0.96480518579483,0.0195495374500751,0.17973305284977,0.00498191639780998,0.9835085272789
170.460784912109,-0.0822283253073692,-0.320282608270645,0.0355603508651257,2.45428943634033,20.4262313842773,1.03542351722717,0.0226776264607906,0.177071675658226,0.00509331235662103,0.983923494815826
170.979110717773,-0.0832630321383476,-0.318367719650269,0.0374252460896969,1.39923024177551,19.9713325500488,1.16149473190308,0.0137821240350604,0.173258051276207,0.00786431320011616,0.984748601913452
171.483520507813,-0.0857427790760994,-0.318276256322861,0.0378567166626453,1.31687843799591,18.789966583252,1.34094476699829,0.0132468109950423,0.163084954023361,0.00966819189488888,0.986475706100464
172.005126953125,-0.0859785079956055,-0.319659054279327,0.0363263636827469,2.30394673347473,19.1585731506348,1.49876630306244,0.0219983831048012,0.166105151176453,0.00954852625727654,0.985816419124603
172.551727294922,-0.0855889469385147,-0.320893228054047,0.0359510444104671,3.26441264152527,19.6947460174561,1.48619508743286,0.0302786454558372,0.170576468110085,0.00790191162377596,0.98484742641449
173.061264038086,-0.0852138102054596,-0.321421235799789,0.0369033440947533,3.49356865882874,19.5617294311523,1.61460816860199,0.0324288047850132,0.169361352920532,0.00870054867118597,0.984981954097748
173.579025268555,-0.0854812860488892,-0.320963501930237,0.0367281287908554,3.28111505508423,19.6851806640625,1.48101282119751,0.0304138045758009,0.170493051409721,0.00783494394272566,0.984858214855194
174.082244873047,-0.0868710801005363,-0.321188986301422,0.0367032736539841,3.32550549507141,19.4668769836426,1.72005140781403,0.0311320647597313,0.168545126914978,0.00988232158124447,0.98515260219574
174.58984375,-0.0862038433551788,-0.321471512317657,0.0358410030603409,3.44250512123108,19.7486419677734,1.61104762554169,0.0319989062845707,0.170977219939232,0.00869360566139221,0.984716832637787
175.102294921875,-0.0865240320563316,-0.322002857923508,0.0369572266936302,3.69000887870789,19.6294384002686,1.77498137950897,0.0343597456812859,0.169862449169159,0.00976687856018543,0.984820187091827
175.68000793457,-0.0863839685916901,-0.32177734375,0.0365237891674042,3.61864757537842,19.7735786437988,1.58357083797455,0.033473078161478,0.171170145273209,0.00818611215800047,0.984638690948486
176.197875976563,-0.0861979871988297,-0.321368217468262,0.0347515307366848,3.30148315429688,20.3391361236572,1.52232074737549,0.0306963566690683,0.176096439361572,0.00798448175191879,0.983861804008484
176.699523925781,-0.0864047482609749,-0.32154643535614,0.0342141278088093,3.51463389396667,20.2706279754639,1.59593260288239,0.0326342582702637,0.175453260540962,0.00830700621008873,0.983911633491516
177.217376708984,-0.0855746939778328,-0.322367817163467,0.0356345996260643,4.18368721008301,20.3188495635986,1.62908291816711,0.0384313501417637,0.175741598010063,0.00754597643390298,0.983657002449036
177.723266601563,-0.0858149826526642,-0.322604566812515,0.0356098413467407,4.04473114013672,20.2551193237305,1.65376496315002,0.0372721590101719,0.175211071968079,0.00799292605370283,0.983792662620544
178.228729248047,-0.0867950767278671,-0.323014467954636,0.0360756330192089,4.30942106246948,20.1102237701416,1.8455137014389,0.0398254133760929,0.173853099346161,0.00928230304270983,0.983922183513641
178.806121826172,-0.0860714390873909,-0.323031008243561,0.0357979536056519,4.36049270629883,20.2966728210449,1.65284287929535,0.0399837046861649,0.175511226058006,0.0074849184602499,0.983636677265167
179.318923950195,-0.0836071893572807,-0.32099112868309,0.0362238213419914,2.60441970825195,20.9012870788574,1.1206146478653,0.0241211839020252,0.181114375591278,0.00549233146011829,0.983150839805603
179.822692871094,-0.0840073898434639,-0.316114097833633,0.0342862717807293,359.044891357422,20.8939647674561,0.141262158751488,-0.00797322392463684,0.181329265236855,0.0027236002497375,0.983386337757111
180.356048583984,-0.0823759883642197,-0.31332340836525,0.0273993257433176,356.54345703125,21.8473834991455,355.481719970703,-0.0370565727353096,0.188100710511208,-0.032976470887661,0.980896294116974
180.856323242188,-0.0822891443967819,-0.315281510353088,0.0283259134739637,357.855621337891,21.7948093414307,356.283020019531,-0.0244951620697975,0.188322514295578,-0.0283050294965506,0.98139363527298
181.445693969727,-0.0822057127952576,-0.315879583358765,0.0321011580526829,358.439971923828,21.2953128814697,357.011962890625,-0.0181914046406746,0.184340104460716,-0.0231068339198828,0.982422471046448
181.959365844727,-0.0841921716928482,-0.317799299955368,0.033290721476078,359.871704101563,20.7172679901123,358.103393554688,-0.00407717609778047,0.17976601421833,-0.0160793103277683,0.98356956243515
182.545288085938,-0.0835363641381264,-0.318938821554184,0.0344104208052158,0.778474152088165,20.6048526763916,358.312164306641,0.00404911069199443,0.178918793797493,-0.0157056003808975,0.98373019695282
183.054000854492,-0.0843034386634827,-0.319564312696457,0.033997654914856,1.34107494354248,20.5026359558105,358.653228759766,0.00942378863692284,0.178077057003975,-0.0136467376723886,0.983876824378967
183.625503540039,-0.0846216604113579,-0.319398313760757,0.0339644625782967,1.42404294013977,20.2224502563477,358.851959228516,0.010474513284862,0.17565980553627,-0.0120434453710914,0.984321534633636
184.152893066406,-0.0851165279746056,-0.320238679647446,0.0340076237916946,2.09133744239807,20.2707500457764,359.222320556641,0.0167701039463282,0.176063105463982,-0.00989077612757683,0.984186351299286
184.68766784668,-0.0853990912437439,-0.321545541286469,0.0356851667165756,2.99655199050903,20.0342102050781,359.444030761719,0.0249043498188257,0.174005568027496,-0.00932411011308432,0.984385550022125
185.268508911133,-0.0848390758037567,-0.317893952131271,0.0344930067658424,0.54896342754364,20.825870513916,0.0881536900997162,0.0048507321625948,0.18073545396328,-0.000109249209344853,0.983519792556763
185.854415893555,-0.0854582265019417,-0.318730145692825,0.0325221717357635,1.0443776845932,21.2374687194824,359.519927978516,0.00818566419184208,0.184301003813744,-0.00579696521162987,0.98281866312027
186.381683349609,-0.0759256407618523,-0.32042321562767,0.0273313652724028,1.96052145957947,25.3651599884033,357.606201171875,0.0121015356853604,0.219818204641342,-0.0241309329867363,0.975167274475098
186.898681640625,-0.0952551364898682,-0.30708372592926,0.0326087288558483,352.65576171875,14.4575643539429,2.03261423110962,-0.0613004490733147,0.126680463552475,0.0256177112460136,0.989716172218323
187.406356811523,-0.0916670486330986,-0.301114678382874,0.0225290767848492,347.6376953125,18.5291309356689,0.681295216083527,-0.105314172804356,0.160686507821083,0.023167934268713,0.981097340583801
187.938186645508,-0.0927169844508171,-0.302777022123337,0.023626983165741,348.912689208984,18.4922561645508,0.786927282810211,-0.0942484214901924,0.160575374960899,0.0222678314894438,0.982261180877686
188.463668823242,-0.0913235917687416,-0.30473592877388,0.024283180013299,350.556091308594,18.7504005432129,0.575546741485596,-0.0804045349359512,0.162751898169518,0.0183484200388193,0.983214259147644
188.9951171875,-0.0907747000455856,-0.308189004659653,0.0283133052289486,352.949676513672,18.6241416931152,0.828798592090607,-0.0595070011913776,0.161940172314644,0.0170728042721748,0.984856724739075
189.496231079102,-0.0896420329809189,-0.308878093957901,0.0289825033396482,353.755432128906,18.5513553619385,0.776106238365173,-0.0526636242866516,0.161305993795395,0.0154533432796597,0.985377192497253
190.005447387695,-0.0891682356595993,-0.308513045310974,0.0287891160696745,353.507843017578,18.5253276824951,0.772648751735687,-0.0548014082014561,0.161075636744499,0.0157581102102995,0.985293447971344
190.532379150391,-0.0881176590919495,-0.308030337095261,0.0297022331506014,353.240447998047,18.3739566802979,0.52962601184845,-0.0574604384601116,0.159646436572075,0.0139669151976705,0.985401630401611
191.035659790039,-0.0884174406528473,-0.309464901685715,0.0297155622392893,354.050537109375,18.0797080993652,0.888792812824249,-0.0500324033200741,0.157302528619766,0.0158031024038792,0.98615562915802
191.567489624023,-0.0875170975923538,-0.309113323688507,0.029406875371933,354.057250976563,18.1210079193115,0.626517057418823,-0.0503296442329884,0.157543167471886,0.0135549250990152,0.986135542392731
192.086685180664,-0.0877626165747643,-0.309513658285141,0.0305297300219536,354.181304931641,17.8930110931396,0.604789912700653,-0.0493180267512798,0.15557424724102,0.0130998911336064,0.986505329608917
192.5986328125,-0.0878138169646263,-0.310472100973129,0.0308901220560074,355.139770507813,17.847261428833,0.699569582939148,-0.0409405715763569,0.155231177806854,0.0126025229692459,0.986949026584625
193.103073120117,-0.091700091958046,-0.310848385095596,0.028839398175478,355.347198486328,18.0469017028809,1.26910006999969,-0.0383517555892467,0.157143816351891,0.0172947086393833,0.986679196357727
193.647247314453,-0.0903908014297485,-0.311638832092285,0.0307142175734043,355.951721191406,18.0909023284912,1.14916706085205,-0.033303901553154,0.157461732625961,0.0154500566422939,0.986842453479767
194.212432861328,-0.0905589833855629,-0.312109380960464,0.0310174077749252,356.326171875,17.8777103424072,1.29692220687866,-0.0299056321382523,0.155648902058601,0.0161546729505062,0.987227499485016
194.811447143555,-0.0910268127918243,-0.312904536724091,0.0315556451678276,356.801666259766,17.9438285827637,1.41525912284851,-0.0256381910294294,0.156218111515045,0.016546068713069,0.987251162528992
195.32600402832,-0.0924777835607529,-0.313189476728439,0.030988335609436,356.927581787109,17.7422962188721,1.58270990848541,-0.0243562310934067,0.15450856089592,0.0177750214934349,0.987531244754791
195.8408203125,-0.0899587199091911,-0.313341945409775,0.0343392007052898,357.142181396484,17.3569622039795,1.34090292453766,-0.0228842440992594,0.151120752096176,0.0153261488303542,0.988131582736969
196.35823059082,-0.0890034213662148,-0.314001560211182,0.0354885198175907,357.438568115234,17.307107925415,1.24080574512482,-0.0204663667827845,0.150652319192886,0.0140646230429411,0.988274872303009
196.875915527344,-0.0851081609725952,-0.314174681901932,0.0358661599457264,357.564697265625,17.6908645629883,1.01459014415741,-0.0196356642991304,0.153914555907249,0.0120141049847007,0.987815976142883
197.393096923828,-0.08094472438097,-0.314692884683609,0.0340665690600872,358.007202148438,18.3654632568359,0.5482017993927,-0.0164032727479935,0.159639850258827,0.00749699492007494,0.987010598182678
197.908218383789,-0.081189289689064,-0.31565847992897,0.0330754034221172,358.616577148438,18.4314250946045,0.521258890628815,-0.0111880302429199,0.160192787647247,0.00642318790778518,0.987001478672028
198.422470092773,-0.0795645490288734,-0.31627893447876,0.0350848287343979,358.999176025391,18.6403026580811,0.345496892929077,-0.00813022069633007,0.16196995973587,0.00438955333083868,0.986752450466156
198.94157409668,-0.0799040123820305,-0.316645264625549,0.0341999232769012,359.378173828125,18.82470703125,0.303287863731384,-0.00492061814293265,0.163549855351448,0.00349845504388213,0.98651659488678
199.464965820313,-0.0816343501210213,-0.31671741604805,0.0340503454208374,359.442413330078,18.6500396728516,0.48454013466835,-0.00411646580323577,0.162051677703857,0.00496091693639755,0.986761271953583
199.98454284668,-0.0795667618513107,-0.316781371831894,0.0356687046587467,359.259185791016,18.5657634735107,0.149677455425262,-0.00616947980597615,0.161313787102699,0.0023318852763623,0.986881136894226
200.513519287109,-0.0930940732359886,-0.315160065889359,0.0244250688701868,0.581761717796326,13.2647171020508,1.23031198978424,0.00628254655748606,0.115435861051083,0.0100779747590423,0.993243932723999
201.043014526367,-0.0722504556179047,-0.310029745101929,-0.0727835819125175,353.933471679688,34.6387596130371,348.503479003906,-0.0800373554229736,0.290726214647293,-0.0798090025782585,0.950106739997864
201.564483642578,-0.0840990841388702,-0.311941772699356,-0.0860012769699097,355.408599853516,28.2454528808594,353.307800292969,-0.0530099160969257,0.241120889782906,-0.0468004643917084,0.9679154753685
202.120559692383,-0.106076002120972,-0.318407654762268,-0.118609368801117,355.420776367188,34.7055625915527,353.269958496094,-0.0555591620504856,0.295264095067978,-0.0440859235823154,0.952779531478882
202.6513671875,-0.0859590545296669,-0.322629153728485,-0.129090040922165,356.571929931641,36.7655296325684,349.793701171875,-0.05631098523736,0.311448186635971,-0.0749769508838654,0.94562554359436
203.163421630859,-0.0696796327829361,-0.323901534080505,-0.108813874423504,355.040283203125,36.126895904541,352.757904052734,-0.0606182888150215,0.306563168764114,-0.0465988554060459,0.948774516582489
203.683135986328,-0.085665374994278,-0.324176967144012,-0.0801985338330269,2.59425854682922,31.0769882202148,356.727752685547,0.0141542963683605,0.268330603837967,-0.0335629843175411,0.962638020515442
204.201278686523,-0.0923861637711525,-0.30658683180809,-0.00305578205734491,354.212707519531,17.5073471069336,0.209160849452019,-0.0496167689561844,0.152083531022072,0.00948443729430437,0.987075865268707
204.716644287109,-0.0754384696483612,-0.310790866613388,0.0161975100636482,356.244750976563,20.7975635528564,358.277130126953,-0.0349352657794952,0.179896429181099,-0.00886600650846958,0.983025074005127
205.245391845703,-0.085202656686306,-0.314887583255768,0.0125778960064054,0.167062044143677,20.4156665802002,1.11482310295105,0.00315882475115359,0.177196756005287,0.0093161603435874,0.984126329421997
205.767120361328,-0.0693263486027718,-0.308466136455536,0.00862515158951283,354.894622802734,27.211935043335,357.866363525391,-0.04765610024333,0.234163224697113,-0.00760238710790873,0.970998823642731
206.289276123047,-0.0697985887527466,-0.304159671068192,0.0127034354954958,349.298583984375,24.1097545623779,358.500732421875,-0.0939081013202667,0.206727504730225,0.00673496490344405,0.973858118057251
206.818206787109,-0.0753187462687492,-0.29975637793541,0.0107118953019381,343.460723876953,22.254581451416,359.621063232422,-0.141758665442467,0.190514922142029,0.0245468355715275,0.971084952354431
207.3388671875,-0.0740354806184769,-0.301374226808548,0.00801057927310467,344.979583740234,22.8936309814453,359.396911621094,-0.129136845469475,0.1960788667202,0.0208246782422066,0.971824645996094
207.864166259766,-0.0718111842870712,-0.307467341423035,0.012997655197978,350.363525390625,23.6337375640869,359.158630371094,-0.0837110504508018,0.203451409935951,0.0100391451269388,0.975448250770569
208.386459350586,-0.0716484636068344,-0.310054033994675,0.0183360408991575,353.595825195313,23.035982131958,359.704772949219,-0.0552465505897999,0.199222207069397,0.00863289460539818,0.97835773229599
208.897186279297,-0.0881521105766296,-0.291634917259216,-0.000813368707895279,334.568542480469,19.6455154418945,1.6027991771698,-0.214538410305977,0.169433981180191,0.0509915389120579,0.960554718971252
209.416137695313,-0.0933236256241798,-0.288856089115143,-0.01630874350667,330.340942382813,20.8095149993896,1.0089339017868,-0.250188529491425,0.176794931292534,0.0545931905508041,0.95035195350647
209.934585571289,-0.0920389369130135,-0.290243655443192,-0.0106929345056415,331.83203125,20.6415348052979,1.14338457584381,-0.237660840153694,0.176153421401978,0.0531162694096565,0.953764081001282
210.459457397461,-0.0905259922146797,-0.291432797908783,-0.00840283557772636,332.987762451172,20.6886768341064,1.14234387874603,-0.228001371026039,0.176879376173019,0.051470298320055,0.956075251102448
210.985168457031,-0.0903920903801918,-0.292758375406265,-0.00611621513962746,334.516235351563,20.6296997070313,1.14844417572021,-0.215233385562897,0.17681360244751,0.0491078346967697,0.959166288375854
211.502960205078,-0.0906066969037056,-0.29313325881958,0.00120161566883326,335.726745605469,20.1152820587158,1.83304071426392,-0.204255282878876,0.174024939537048,0.0521097965538502,0.961914598941803
212.028732299805,-0.0881920158863068,-0.29443284869194,0.00395260937511921,336.886444091797,20.568660736084,1.38596451282501,-0.194990217685699,0.177284941077232,0.0474234521389008,0.963483214378357
212.545303344727,-0.088885985314846,-0.295620083808899,0.00648145144805312,337.753143310547,20.0266895294189,1.64452266693115,-0.187516450881958,0.173319891095161,0.0474081337451935,0.965686440467834
213.058319091797,-0.088528648018837,-0.295993119478226,0.00874038413167,338.438659667969,20.4821529388428,1.81815731525421,-0.181275770068169,0.177550777792931,0.0485888943076134,0.966050684452057
213.584930419922,-0.0903404429554939,-0.297644644975662,0.0101970229297876,339.900268554688,19.9662551879883,2.16476678848267,-0.168607786297798,0.173914238810539,0.0485650524497032,0.969002962112427
214.104537963867,-0.0893382728099823,-0.297241300344467,0.0115201398730278,340.097564697266,20.0193004608154,2.14982533454895,-0.166937649250031,0.174361422657967,0.04822763428092,0.969228565692902
214.630340576172,-0.0870514065027237,-0.297484904527664,0.0144006907939911,341.165161132813,19.9701042175293,2.17746639251709,-0.157868176698685,0.174085408449173,0.046826995909214,0.970865190029144
215.184982299805,-0.0837864726781845,-0.300777465105057,0.0189471859484911,343.709381103516,20.5501861572266,2.02103924751282,-0.136276230216026,0.179006233811378,0.0424470081925392,0.973439157009125
215.706817626953,-0.0845076218247414,-0.301258862018585,0.0199075173586607,344.045593261719,20.2117691040039,2.13833808898926,-0.13335970044136,0.176289021968842,0.0425392054021358,0.974334537982941
216.22135925293,-0.0845927819609642,-0.300108343362808,0.0215604342520237,343.386627197266,19.9736423492432,2.33505630493164,-0.138756453990936,0.174465760588646,0.0449058338999748,0.973802745342255
216.735626220703,-0.0931471437215805,-0.290163367986679,-0.003579635405913,331.018981933594,19.8200244903564,2.05576753616333,-0.243457451462746,0.171021446585655,0.0601653791964054,0.952817022800446
217.261367797852,-0.091701328754425,-0.291207909584045,-0.00311823189258575,332.318725585938,20.3625030517578,1.89711713790894,-0.232581630349159,0.175504729151726,0.0581006780266762,0.95484459400177
217.777923583984,-0.0893522426486015,-0.292012512683868,-0.000777119770646095,333.528198242188,20.6453838348389,1.57853543758392,-0.222830668091774,0.17751806974411,0.0542159378528595,0.957023799419403
218.309509277344,-0.0879479795694351,-0.293380379676819,0.00229014828801155,334.829010009766,20.6299819946289,1.67233538627625,-0.21180148422718,0.177867010235786,0.0530247800052166,0.959526896476746
218.873123168945,-0.0874234065413475,-0.294820308685303,0.00546946935355663,336.502288818359,20.5708999633789,1.85627102851868,-0.19749216735363,0.178033992648125,0.0519565604627132,0.96260130405426
219.401550292969,-0.0861384272575378,-0.295607566833496,0.00838161818683147,337.385009765625,20.4410991668701,1.93434846401215,-0.189998671412468,0.177225828170776,0.05107531696558,0.964304327964783
219.921249389648,-0.0860651433467865,-0.29573979973793,0.00771286152303219,337.661590576172,20.9537467956543,1.65743827819824,-0.187877431511879,0.181130811572075,0.0491725951433182,0.964093267917633
220.442291259766,-0.0866406559944153,-0.296489477157593,0.00836108438670635,338.257019042969,20.8708877563477,1.81258749961853,-0.182650491595268,0.180788427591324,0.0494339689612389,0.965147972106934
220.955215454102,-0.0849574878811836,-0.296449691057205,0.00951281934976578,338.511108398438,20.995662689209,1.64710915088654,-0.180716618895531,0.181620329618454,0.0478484146296978,0.965435683727264
221.472351074219,-0.0847235843539238,-0.297082662582397,0.0109460474923253,339.006561279297,21.1168022155762,1.67383742332458,-0.17644390463829,0.182767942547798,0.0474973917007446,0.966026604175568
221.995040893555,-0.0855669379234314,-0.297564446926117,0.0117651969194412,339.697784423828,21.0186252593994,1.86769556999207,-0.17033925652504,0.18234059214592,0.0479157343506813,0.967181742191315
222.556564331055,-0.085710883140564,-0.298247396945953,0.0128674060106277,339.977264404297,20.9374866485596,1.96361577510834,-0.167858690023422,0.181835368275642,0.0481757298111916,0.967697501182556
223.098663330078,-0.0835566371679306,-0.299325287342072,0.0160324908792973,340.812469482422,20.849006652832,1.86639654636383,-0.160983040928841,0.181055068969727,0.0459454841911793,0.969119489192963
223.616790771484,-0.0843881666660309,-0.299676686525345,0.0161009877920151,341.202087402344,20.8915843963623,1.96534943580627,-0.157510280609131,0.181599199771881,0.0462436601519585,0.96957403421402
224.144012451172,-0.0843967646360397,-0.299872815608978,0.0166667979210615,341.627807617188,21.0064888000488,2.0008864402771,-0.153800949454308,0.182666569948196,0.0460442677140236,0.969978451728821
224.663543701172,-0.0859187841415405,-0.299989491701126,0.0162366051226854,341.703063964844,20.6927070617676,2.24593758583069,-0.152902945876122,0.180344864726067,0.0475837476551533,0.970480382442474
225.181793212891,-0.0847399830818176,-0.300519794225693,0.0177749451249838,342.124603271484,20.8061370849609,2.15888643264771,-0.149418994784355,0.181226328015327,0.0463527999818325,0.970918357372284
225.762893676758,-0.0833494961261749,-0.301275551319122,0.0197245329618454,342.800506591797,21.0319156646729,2.02051210403442,-0.143814787268639,0.183021530508995,0.0444268845021725,0.971517741680145
226.270889282227,-0.084593266248703,-0.301341354846954,0.0199235342442989,343.154083251953,20.965690612793,2.2337372303009,-0.140499100089073,0.182751968502998,0.0456052981317043,0.971998929977417
226.791793823242,-0.0841562375426292,-0.301973611116409,0.020583363249898,343.841003417969,21.0759754180908,2.2232871055603,-0.134637549519539,0.18371869623661,0.0445835143327713,0.97269344329834
227.320068359375,-0.0825179740786552,-0.302524775266647,0.0217526573687792,344.143768310547,21.2729454040527,2.04870057106018,-0.132270768284798,0.185207054018974,0.0428569689393044,0.972813487052917
227.849090576172,-0.0815002545714378,-0.302748888731003,0.0227468572556973,344.381713867188,21.308177947998,1.88173592090607,-0.130505859851837,0.185332611203194,0.0411046333611012,0.973103523254395
228.355865478516,-0.0826791822910309,-0.300870776176453,0.0198278464376926,342.688201904297,21.2637672424316,1.7773677110672,-0.145069643855095,0.184669092297554,0.0428336150944233,0.971090853214264
228.896011352539,-0.0856556445360184,-0.288883715867996,0.000936351716518402,330.325866699219,22.4026374816895,0.23251885175705,-0.250811696052551,0.188289314508438,0.0516675971448421,0.948140859603882
229.406143188477,-0.0855844244360924,-0.290019959211349,0.00221469718962908,331.347747802734,22.1177883148193,0.415160953998566,-0.242171064019203,0.186731562018394,0.0509083829820156,0.950732827186584
229.921966552734,-0.0844549909234047,-0.290230095386505,0.0116785569116473,332.446166992188,21.4522914886475,0.949420869350433,-0.232475742697716,0.182692885398865,0.0522265285253525,0.953860938549042
230.43473815918,-0.0845848470926285,-0.291072815656662,0.0130294421687722,333.318115234375,21.3821697235107,0.982410669326782,-0.225183919072151,0.18244469165802,0.0510017015039921,0.955722212791443
230.96076965332,-0.0845081955194473,-0.291630446910858,0.0134970182552934,333.831329345703,21.4582977294922,1.26161801815033,-0.220417633652687,0.183771029114723,0.0526789389550686,0.956487953662872
231.497360229492,-0.0860903710126877,-0.291586071252823,0.0127668920904398,334.021575927734,21.0023803710938,1.73259115219116,-0.218292653560638,0.180913537740707,0.0554460659623146,0.957363247871399
232.005401611328,-0.0852094143629074,-0.29234254360199,0.0142390094697475,334.630554199219,21.2337627410889,1.5407178401947,-0.213390961289406,0.182629734277725,0.0533453151583672,0.958261430263519
232.525253295898,-0.0847988724708557,-0.292508631944656,0.0132534997537732,334.827453613281,21.196044921875,1.63597738742828,-0.211607992649078,0.182537227869034,0.0537686347961426,0.958650708198547
233.035934448242,-0.0836537778377533,-0.29329514503479,0.0146996565163136,335.474884033203,21.1317157745361,1.59674596786499,-0.206273660063744,0.182073876261711,0.0523265786468983,0.959980309009552
233.576019287109,-0.0828510224819183,-0.288686901330948,0.0159575771540403,331.070281982422,21.2614288330078,0.708855092525482,-0.244389235973358,0.18014569580555,0.0519662201404572,0.951378464698792
234.089706420898,-0.095492959022522,-0.288790225982666,0.0350358374416828,328.908142089844,16.5267601013184,1.71035063266754,-0.263132065534592,0.142408862709999,0.0527449809014797,0.952732503414154
234.654739379883,-0.0898150578141212,-0.297707498073578,0.0665114894509315,334.847930908203,16.4512100219727,3.39872336387634,-0.21125927567482,0.145967796444893,0.0597837828099728,0.964618504047394
235.167236328125,-0.0864146575331688,-0.294583380222321,0.0572846382856369,334.754852294922,16.8803234100342,2.03201270103455,-0.213587254285812,0.147039324045181,0.0491854287683964,0.964541733264923
235.688674926758,-0.0826949700713158,-0.295323699712753,0.0501746609807014,334.951354980469,18.5498523712158,0.977916181087494,-0.212668359279633,0.159157380461693,0.0431713350117207,0.96310818195343
236.232986450195,-0.0842819511890411,-0.292110294103622,0.0404326021671295,332.866180419922,19.8036575317383,0.218510806560516,-0.230767115950584,0.167602628469467,0.0421645864844322,0.957537531852722
236.751266479492,-0.0837756022810936,-0.294027954339981,0.0374259054660797,334.057983398438,20.0315952301025,359.921478271484,-0.221153289079666,0.169330462813377,0.0383801683783531,0.959659039974213
237.287109375,-0.083328403532505,-0.295090526342392,0.0337557010352612,337.513946533203,21.3408946990967,0.234714522957802,-0.191227316856384,0.181998431682587,0.0380749404430389,0.963773310184479
237.807113647461,-0.0815198495984077,-0.294915407896042,0.0292929355055094,336.867340087891,21.4224262237549,0.466364353895187,-0.196266070008278,0.182884991168976,0.0411824807524681,0.962463915348053
238.325439453125,-0.0824621692299843,-0.292725205421448,0.0301241539418697,336.465759277344,20.5478172302246,0.37769827246666,-0.200087815523148,0.175266429781914,0.0395473465323448,0.963162839412689
238.871078491211,-0.0645069107413292,-0.293115943670273,0.0248417351394892,340.583953857422,25.1010189056396,0.0115076135843992,-0.164576560258865,0.214204952120781,0.0367393977940083,0.962123215198517
239.373474121094,-0.0714693665504456,-0.289315551519394,0.0195712223649025,337.375244140625,26.3591461181641,356.941558837891,-0.196889653801918,0.218397632241249,0.0192298609763384,0.955597817897797
239.888397216797,-0.0712470188736916,-0.287679463624954,0.0258757192641497,336.596405029297,24.3870868682861,357.915222167969,-0.201972171664238,0.203184217214584,0.0254190322011709,0.957745969295502
240.417037963867,-0.0688388869166374,-0.296889930963516,0.030387407168746,343.665191650391,23.6164054870605,359.043182373047,-0.14074581861496,0.20139242708683,0.0209806375205517,0.96911895275116
240.927810668945,-0.0719855427742004,-0.295229822397232,0.0367062203586102,343.883087158203,22.8944530487061,359.748443603516,-0.137825965881348,0.196203425526619,0.0256910528987646,0.970488607883453
241.451202392578,-0.0733963996171951,-0.293960392475128,0.0279833860695362,342.577362060547,23.356258392334,359.091430664063,-0.149902746081352,0.198896169662476,0.0229807663708925,0.968215584754944
242.024017333984,-0.0764063969254494,-0.293441444635391,0.0223203506320715,342.151763916016,23.4468383789063,358.937377929688,-0.153745070099831,0.199310764670372,0.022548770532012,0.967537701129913
242.531234741211,-0.0801478400826454,-0.293111324310303,0.0201568324118853,341.646240234375,23.2455425262451,359.074645996094,-0.157813727855682,0.197620674967766,0.024321312084794,0.967186331748962
243.052261352539,-0.0781179890036583,-0.293415665626526,0.0213000848889351,341.650695800781,23.4200992584229,359.306579589844,-0.157335609197617,0.199414163827896,0.0265106353908777,0.966838538646698
243.572708129883,-0.0788153409957886,-0.294129729270935,0.0214994810521603,341.949676513672,23.4623889923096,359.295776367188,-0.154822587966919,0.199855536222458,0.0259513426572084,0.967168152332306
244.086929321289,-0.0766375362873077,-0.294193953275681,0.0231434926390648,342.300872802734,23.551815032959,359.308654785156,-0.151816636323929,0.200742691755295,0.0255601778626442,0.967471361160278
244.618743896484,-0.0797800496220589,-0.29290771484375,0.0184151344001293,341.438873291016,23.5098190307617,359.199462890625,-0.159287616610527,0.199951067566872,0.0261038653552532,0.966418981552124
245.131896972656,-0.0783948823809624,-0.292634218931198,0.0164606366306543,341.306671142578,23.4106502532959,359.170928955078,-0.160474345088005,0.199029013514519,0.0259576849639416,0.966416895389557
245.638687133789,-0.0797316059470177,-0.292463064193726,0.0133986920118332,341.169738769531,23.7609176635742,359.361694335938,-0.161211237311363,0.202202335000038,0.0282996706664562,0.96556943655014
246.156204223633,-0.0809129104018211,-0.293049842119217,0.0165098682045937,341.446472167969,23.1960277557373,359.716094970703,-0.158403262495995,0.198022663593292,0.0300135966390371,0.966847777366638
246.670486450195,-0.077776163816452,-0.292302459478378,0.0149985980242491,340.942932128906,23.372257232666,358.975463867188,-0.163886964321136,0.198298364877701,0.0248940996825695,0.966022312641144
247.193817138672,-0.0779642909765244,-0.291217476129532,0.0157327931374311,340.645660400391,23.5749893188477,358.917083740234,-0.166447386145592,0.199811547994614,0.0252184253185987,0.965264081954956
247.709564208984,-0.0772807821631432,-0.289975106716156,0.0165462754666805,341.057739257813,23.6593837738037,358.917297363281,-0.162959158420563,0.200678125023842,0.0246104560792446,0.965695083141327
248.223342895508,-0.0767464637756348,-0.290748208761215,0.0199163425713778,343.661682128906,22.9849281311035,0.960453510284424,-0.137589395046234,0.198377519845963,0.0364401675760746,0.969735860824585
248.81999206543,-0.0771713107824326,-0.290162414312363,0.0198071524500847,344.146545410156,23.6964225769043,0.695574283599854,-0.133731707930565,0.204173386096954,0.0341983400285244,0.969154059886932
249.340408325195,-0.0797861814498901,-0.290544271469116,0.019991934299469,345.167205810547,23.2845420837402,0.746361911296844,-0.125117748975754,0.200931534171104,0.0323735699057579,0.97104275226593
249.940399169922,-0.0754095911979675,-0.292894423007965,0.0212677456438541,345.295623779297,24.082986831665,0.607121527194977,-0.124054349958897,0.207564949989319,0.0318352468311787,0.96980094909668
250.453140258789,-0.0771493092179298,-0.294006675481796,0.0204968899488449,346.226348876953,23.162576675415,2.31108450889587,-0.113424085080624,0.201637923717499,0.0436812490224838,0.971889495849609
250.961837768555,-0.0754218399524689,-0.291218847036362,0.0188936945050955,343.591430664063,24.4213600158691,0.466355711221695,-0.138621374964714,0.209908217191696,0.0341193489730358,0.96724271774292
251.483016967773,-0.0761703327298164,-0.297222316265106,0.0179632045328617,345.97119140625,24.4447917938232,359.065185546875,-0.121060892939568,0.209141701459885,0.0179393421858549,0.970197021961212
252.003494262695,-0.0730351805686951,-0.291404902935028,0.035278707742691,344.047332763672,14.4844207763672,359.630645751953,-0.138058587908745,0.124400123953819,0.0143263787031174,0.982476055622101
252.537124633789,-0.0711613819003105,-0.292330473661423,0.0368601381778717,345.090515136719,12.8495264053345,359.592254638672,-0.129322156310081,0.110493160784245,0.0110119078308344,0.985365808010101
253.077590942383,-0.0727333575487137,-0.291566759347916,0.0306263640522957,345.00634765625,16.9136257171631,1.29336190223694,-0.12739884853363,0.147254094481468,0.0302547290921211,0.98039299249649
253.579132080078,-0.0759835615754128,-0.287108659744263,0.00813976489007473,341.105377197266,23.3438968658447,0.427405267953873,-0.160001024603844,0.200162097811699,0.0368098355829716,0.965908825397491
254.107620239258,-0.0817099362611771,-0.288668274879456,0.00486778281629086,338.314971923828,23.1093978881836,359.628784179688,-0.184934228658676,0.196129471063614,0.0345618054270744,0.962360680103302
254.630676269531,-0.0842722356319427,-0.290463626384735,0.0144726131111383,339.303314208984,19.2153606414795,0.692634046077728,-0.176117077469826,0.165253594517708,0.0358428619801998,0.969736695289612
255.17073059082,-0.0797090977430344,-0.29310467839241,0.0220906734466553,340.817443847656,19.7488574981689,0.216679111123085,-0.163830384612083,0.169402346014977,0.0304101258516312,0.971358716487885
255.694107055664,-0.07960594445467,-0.295245796442032,0.0322232879698277,343.194061279297,18.8510913848877,1.15237319469452,-0.142524808645248,0.16344927251339,0.0337444953620434,0.975618958473206
256.21875,-0.0826922059059143,-0.291589945554733,0.0159022305160761,341.134521484375,18.3114318847656,1.46465516090393,-0.15978230535984,0.159021869301796,0.0385234318673611,0.973497629165649
256.755737304688,-0.0904546007514,-0.291103780269623,-0.0375526286661625,341.7646484375,25.2636604309082,0.188907533884048,-0.154271081089973,0.216176882386208,0.0362417437136173,0.963407754898071
257.286285400391,-0.090061791241169,-0.290499091148376,0.000646140426397324,341.216552734375,20.2379703521729,0.971862077713013,-0.159169152379036,0.174694091081619,0.0369062833487988,0.9709712266922
257.830657958984,-0.0800237283110619,-0.294980138540268,0.0216332115232944,343.873626708984,20.7522621154785,0.321694731712341,-0.137470200657845,0.178715437650681,0.0279970802366734,0.973847448825836
258.361236572266,-0.0838779434561729,-0.294380396604538,0.0172019843012094,343.59521484375,20.4747581481934,0.609500527381897,-0.139461278915405,0.176652953028679,0.0305366087704897,0.973864376544952
258.877777099609,-0.0838466733694077,-0.293509006500244,0.0182491354644299,342.876312255859,20.4166812896729,0.739567756652832,-0.145385965704918,0.176194906234741,0.0326655432581902,0.973011434078217
259.390350341797,-0.0832963362336159,-0.295811653137207,0.0218912661075592,344.597320556641,18.7546577453613,0.867623448371887,-0.13099217414856,0.162462383508682,0.0292370673269033,0.977544069290161
259.890991210938,-0.0826189294457436,-0.296602427959442,0.0224995370954275,345.144714355469,19.188383102417,0.908452332019806,-0.126151755452156,0.166275560855865,0.0292964670807123,0.97753769159317
260.411590576172,-0.0844711661338806,-0.297922253608704,0.0238682776689529,345.911987304688,18.9327697753906,1.53456270694733,-0.118765085935593,0.164832726120949,0.0332764275372028,0.978579461574554
260.951416015625,-0.0833992511034012,-0.298104494810104,0.0248515382409096,345.615753173828,18.6143474578857,1.62064695358276,-0.121267236769199,0.162186115980148,0.0340921059250832,0.97868674993515
261.480102539063,-0.0831500142812729,-0.298800498247147,0.0256623961031437,346.451477050781,19.1531772613525,1.21214175224304,-0.114560171961784,0.166425466537476,0.0299805924296379,0.978917598724365
262.017425537109,-0.0840176343917847,-0.299166202545166,0.0291540026664734,346.898193359375,18.922981262207,1.40050101280212,-0.110529594123363,0.164674505591393,0.0307289771735668,0.979653656482697
262.535705566406,-0.0824640989303589,-0.299721300601959,0.0309062153100967,347.188049316406,18.9932823181152,1.4354944229126,-0.107980988919735,0.165325254201889,0.0306847970932722,0.979829609394073
263.135711669922,-0.100431323051453,-0.294523119926453,-0.000852793455123901,347.273620605469,20.2227172851563,5.49841928482056,-0.100614704191685,0.179512858390808,0.066363699734211,0.976344048976898
263.666198730469,-0.0947055518627167,-0.293268650770187,0.00963412132114172,346.216735839844,18.6322612762451,4.25541400909424,-0.112360790371895,0.164997398853302,0.055783636868,0.978283762931824
264.200317382813,-0.0937250256538391,-0.292852103710175,0.0161418914794922,346.063659667969,17.6773109436035,4.34507989883423,-0.114009313285351,0.156952381134033,0.0558094419538975,0.979414701461792
264.741394042969,-0.0916172116994858,-0.294538199901581,0.0170742776244879,347.290740966797,18.2284679412842,4.29471635818481,-0.103308983147144,0.161414414644241,0.0542894005775452,0.979961931705475
265.251892089844,-0.0904298573732376,-0.295225530862808,0.0192835126072168,347.645294189453,18.1874885559082,4.23716402053833,-0.10037238150835,0.160953134298325,0.0532867945730686,0.980397880077362
265.769348144531,-0.0903228223323822,-0.296096473932266,0.0197338722646236,348.124114990234,18.0554542541504,4.19396686553955,-0.096390575170517,0.159704491496086,0.0521658472716808,0.98106175661087
266.278045654297,-0.0904790386557579,-0.296990513801575,0.019901767373085,348.762634277344,18.3133773803711,4.23508358001709,-0.0907421484589577,0.16183377802372,0.0518734157085419,0.981266975402832
266.795989990234,-0.0897958874702454,-0.297514289617538,0.0211563631892204,349.115447998047,18.2078399658203,4.15087699890137,-0.0878822356462479,0.160800561308861,0.0505946278572083,0.981763780117035
267.318115234375,-0.0901828110218048,-0.297711551189423,0.021636214107275,349.158142089844,17.9671535491943,4.39927053451538,-0.0872778594493866,0.158919915556908,0.0524821355938911,0.982024788856506
267.917999267578,-0.0860915184020996,-0.298928380012512,0.0264124125242233,349.674194335938,17.5638999938965,3.9588360786438,-0.0836277678608894,0.155036151409149,0.0477277226746082,0.983205139636993
268.426025390625,-0.0851374790072441,-0.297818064689636,0.0232640951871872,348.781768798828,18.2345485687256,3.59157681465149,-0.0915171280503273,0.160643845796585,0.0462732724845409,0.981670498847961
268.926696777344,-0.085066094994545,-0.298202514648438,0.0238095186650753,348.952209472656,18.5220317840576,3.58552098274231,-0.089948445558548,0.163078784942627,0.04621721804142,0.981416583061218
269.438781738281,-0.085479162633419,-0.299113541841507,0.0265679340809584,349.531005859375,18.4089698791504,3.9108784198761,-0.0845694839954376,0.162271559238434,0.0481272265315056,0.981936693191528
269.982177734375,-0.0851547941565514,-0.299341231584549,0.0282333232462406,349.567779541016,18.4290504455566,3.75550436973572,-0.0844659581780434,0.162323176860809,0.0467604622244835,0.982003152370453
270.496368408203,-0.0850093811750412,-0.299905300140381,0.0284188352525234,349.915161132813,18.4605579376221,3.82000827789307,-0.0813814476132393,0.162584826350212,0.0468612909317017,0.982215583324432
271.019592285156,-0.0849119201302528,-0.300502151250839,0.0316175892949104,350.463165283203,18.1645126342773,3.98057532310486,-0.0765736252069473,0.160061880946159,0.0472900904715061,0.982995569705963
271.541351318359,-0.0851829946041107,-0.300437718629837,0.0306662004441023,350.365386962891,18.278112411499,3.91007661819458,-0.0774651691317558,0.161006510257721,0.0468938872218132,0.982790410518646
272.053649902344,-0.0851238071918488,-0.300941288471222,0.0313294641673565,350.667358398438,18.3211860656738,3.9027726650238,-0.0748653784394264,0.161317363381386,0.0464498214423656,0.982962012290955
272.577697753906,-0.0855211764574051,-0.301305770874023,0.0319312885403633,350.841705322266,18.1745624542236,3.94204878807068,-0.0733726471662521,0.160052999854088,0.0464557558298111,0.983280897140503
273.089782714844,-0.0865583792328835,-0.301227629184723,0.0311997942626476,350.755859375,17.8879814147949,4.16824245452881,-0.0739148929715157,0.15775565803051,0.0483275800943375,0.983521342277527
273.592895507813,-0.0866613984107971,-0.302203714847565,0.0351408720016479,351.427917480469,17.658821105957,4.23582887649536,-0.0681430399417877,0.155688479542732,0.0478796847164631,0.984289169311523
274.120391845703,-0.0866436883807182,-0.302115708589554,0.0343772061169147,351.275970458984,17.6032028198242,4.27541780471802,-0.0694188550114632,0.155267715454102,0.0483851581811905,0.984241783618927
274.697174072266,-0.0887052416801453,-0.301414430141449,0.0347657389938831,350.640838623047,17.3014011383057,4.39978694915771,-0.0748413354158401,0.152894377708435,0.0500846728682518,0.984130918979645
275.279388427734,-0.0893768668174744,-0.302696645259857,0.0373601913452148,351.651947021484,16.8042697906494,4.55462598800659,-0.0661570876836777,0.148478418588638,0.0498324744403362,0.985441088676453
275.830871582031,-0.0907057300209999,-0.302835941314697,0.0370824672281742,351.720092773438,16.7314338684082,4.82706785202026,-0.0652505233883858,0.147990524768829,0.0520489700138569,0.985460340976715
276.349365234375,-0.0907101854681969,-0.302915424108505,0.0371039174497128,351.868743896484,17.0371398925781,4.72275733947754,-0.0639695525169373,0.1505206823349,0.0511384531855583,0.985208749771118
276.863189697266,-0.0890313535928726,-0.30358037352562,0.0388635955750942,352.284393310547,17.0514698028564,4.63954782485962,-0.0604951903223991,0.150489673018456,0.0499050281941891,0.985496163368225
277.364227294922,-0.0900585874915123,-0.303732991218567,0.0383645370602608,352.329193115234,16.9145660400391,4.72812700271606,-0.0600537322461605,0.149346888065338,0.0505383908748627,0.98566472530365
277.880432128906,-0.0898367017507553,-0.304042816162109,0.0383301600813866,352.296051025391,17.0767059326172,4.73157548904419,-0.0602628104388714,0.15075209736824,0.0506949760019779,0.985430002212524
278.397857666016,-0.08999864757061,-0.304204195737839,0.0388152152299881,352.576324462891,17.0230350494385,4.72038888931274,-0.0578888393938541,0.150209113955498,0.0502162277698517,0.985679686069489
278.920562744141,-0.0903168544173241,-0.304154247045517,0.0387739799916744,352.620544433594,17.1565361022949,4.7337064743042,-0.0574318580329418,0.151352047920227,0.050341758877039,0.985525190830231
279.43359375,-0.0897554606199265,-0.304447412490845,0.0393079593777657,352.742309570313,17.0177059173584,4.79116153717041,-0.0563694536685944,0.150152951478958,0.0506124272942543,0.985756039619446
279.953369140625,-0.0904683992266655,-0.304612457752228,0.0401562675833702,352.768981933594,16.9780464172363,4.85411500930786,-0.056074995547533,0.149835169315338,0.0511008352041245,0.98579603433609
280.530853271484,-0.0910341143608093,-0.304365575313568,0.0403683036565781,352.873016357422,16.8561153411865,4.8910231590271,-0.0551854148507118,0.148774296045303,0.0512283854186535,0.986000239849091
281.115386962891,-0.0918123871088028,-0.304550021886826,0.0417861193418503,353.092834472656,16.4358463287354,5.03294897079468,-0.0532993376255035,0.145159155130386,0.0519791878759861,0.986603379249573
281.625183105469,-0.0905563086271286,-0.304768145084381,0.0411613211035728,352.902740478516,16.6549472808838,4.90976095199585,-0.0549954175949097,0.147043511271477,0.0512559525668621,0.986268997192383
282.135894775391,-0.0912749543786049,-0.305211156606674,0.0417122505605221,353.175933837891,16.6499691009521,4.98383092880249,-0.0525491610169411,0.146954745054245,0.0515530444681644,0.986400127410889
282.647186279297,-0.0895635783672333,-0.306046217679977,0.0436396077275276,353.719818115234,16.6250553131104,4.93114423751831,-0.0479418411850929,0.146553575992584,0.050415214151144,0.986753225326538
283.168792724609,-0.089585192501545,-0.305957019329071,0.0439664572477341,353.504577636719,16.6967182159424,4.88300132751465,-0.0498264767229557,0.147214367985725,0.050298273563385,0.986567497253418
283.697509765625,-0.0904179215431213,-0.305636286735535,0.043616097420454,353.349212646484,16.6878890991211,4.94999074935913,-0.0510830208659172,0.147214010357857,0.0510641112923622,0.986463904380798
284.219940185547,-0.0903014466166496,-0.306089520454407,0.0448402650654316,353.663787841797,16.4675178527832,5.01083135604858,-0.0483929552137852,0.145247504115105,0.0511042475700378,0.986888885498047
284.724029541016,-0.0903755947947502,-0.306273818016052,0.0444845855236053,353.684631347656,16.4541149139404,5.08622360229492,-0.0481238104403019,0.145157337188721,0.0517223589122295,0.986883103847504
285.229217529297,-0.0883375629782677,-0.306406021118164,0.0453791804611683,353.731140136719,16.6683578491211,4.81600379943848,-0.0479729101061821,0.146874904632568,0.0494278185069561,0.986753880977631
285.748870849609,-0.0892597138881683,-0.306324273347855,0.0450100786983967,353.863708496094,16.8292293548584,4.90891265869141,-0.046640932559967,0.148259028792381,0.0501287057995796,0.986575365066528
286.258087158203,-0.0937667116522789,-0.313686162233353,0.0405813902616501,1.16452240943909,13.3571119308472,5.38209867477417,0.0155421132221818,0.115690879523754,0.0454488471150398,0.992123186588287
286.776489257813,-0.103426717221737,-0.309394627809525,0.0101987645030022,359.260406494141,13.0259494781494,6.20531606674194,-0.000263830879703164,0.113606654107571,0.0545057095587254,0.992029547691345
287.290893554688,-0.114259891211987,-0.305970400571823,-0.00810031965374947,355.866760253906,14.3968963623047,6.40330648422241,-0.0287276860326529,0.127027571201324,0.0598857663571835,0.989672899246216
287.808013916016,-0.10783426463604,-0.304489374160767,-0.0021554371342063,354.744506835938,15.6728868484497,5.51145172119141,-0.0388178639113903,0.138228476047516,0.0538226738572121,0.988174676895142
288.392883300781,-0.106078490614891,-0.304975599050522,0.0079242829233408,355.050628662109,15.4495859146118,6.1641206741333,-0.0355039611458778,0.136395826935768,0.0590239204466343,0.988256990909576
288.918029785156,-0.105559319257736,-0.305890053510666,0.0113738076761365,355.666076660156,15.6389064788818,6.10218477249146,-0.0301706586033106,0.137755811214447,0.0578308887779713,0.988316118717194
289.507598876953,-0.106223106384277,-0.306128084659576,0.0108862780034542,355.755126953125,15.4460802078247,6.25653457641602,-0.0293158777058125,0.136095091700554,0.0590088665485382,0.988502264022827
290.019500732422,-0.10602106153965,-0.306306451559067,0.0113579779863358,355.837860107422,15.3537530899048,6.29960489273071,-0.0285983923822641,0.135273873806,0.0592620000243187,0.988620817661285
290.541687011719,-0.103613123297691,-0.306702733039856,0.013607282191515,356.090942382813,15.5608510971069,5.99155569076538,-0.0266752690076828,0.136879503726959,0.0563620403409004,0.988623142242432
291.066650390625,-0.104130327701569,-0.307254314422607,0.0151850581169128,356.549011230469,15.414231300354,6.13515758514404,-0.0226228311657906,0.135453164577484,0.0570386983454227,0.988881826400757
291.6298828125,-0.103644080460072,-0.307834595441818,0.0167656112462282,356.8837890625,15.3422002792358,6.15330028533936,-0.0197466816753149,0.134690940380096,0.0567962303757668,0.98906147480011
292.165283203125,-0.104351714253426,-0.307984173297882,0.016382297500968,357.066284179688,15.3501262664795,6.29880142211914,-0.0179959610104561,0.134703248739243,0.0578433759510517,0.989032566547394
292.687835693359,-0.102858796715736,-0.306182086467743,0.0199237745255232,356.041564941406,15.2004089355469,6.40202283859253,-0.0267993025481701,0.133886381983757,0.0598763003945351,0.988823115825653
293.231903076172,-0.102475240826607,-0.307881444692612,0.0200857128947973,356.859832763672,15.1881999969482,6.2215838432312,-0.0199503600597382,0.133383899927139,0.0573863759636879,0.989200472831726
293.739715576172,-0.104286022484303,-0.293795526027679,0.0126771871000528,346.465026855469,14.4572992324829,4.53470134735107,-0.111868903040886,0.12947978079319,0.0537906773388386,0.983781933784485
294.251190185547,-0.0972449257969856,-0.295252561569214,0.0188763625919819,345.106018066406,14.8681211471558,3.32704424858093,-0.124741040170193,0.131970599293709,0.0453054495155811,0.982329308986664
294.786895751953,-0.0944556072354317,-0.29852369427681,0.0212067849934101,347.496643066406,15.2284297943115,3.05521726608276,-0.104386165738106,0.134544938802719,0.040690291672945,0.984553456306458
295.302398681641,-0.0923357158899307,-0.300327599048615,0.0228750593960285,349.110534667969,15.9330816268921,2.87669134140015,-0.0904770940542221,0.1402847468853,0.0378933325409889,0.985240161418915
295.824890136719,-0.0922947153449059,-0.300713747739792,0.0223243404179811,349.427215576172,15.725682258606,3.09317922592163,-0.0875580459833145,0.1386339366436,0.0392218790948391,0.985685467720032
296.347503662109,-0.0927183851599693,-0.301394313573837,0.023327024653554,349.84228515625,15.7730512619019,3.15658807754517,-0.0838917642831802,0.139036267995834,0.0393176041543484,0.985943853855133
296.933776855469,-0.0913242548704147,-0.301487267017365,0.0225914008915424,350.045379638672,15.8094940185547,3.08512592315674,-0.0822174400091171,0.139271751046181,0.0384908653795719,0.986084282398224
297.439361572266,-0.0920732617378235,-0.30201643705368,0.0234913807362318,350.582336425781,15.7782459259033,3.20220470428467,-0.0774611905217171,0.139011844992638,0.0388462729752064,0.986492037773132
298.015167236328,-0.0919698923826218,-0.303023874759674,0.0244811736047268,351.240417480469,15.6741542816162,3.38953733444214,-0.0716000273823738,0.138136476278305,0.0396218337118626,0.987026810646057
298.552917480469,-0.0906013995409012,-0.303500950336456,0.0261818505823612,351.624542236328,15.660816192627,3.3617160320282,-0.068326935172081,0.137941166758537,0.0389258973300457,0.987313747406006
299.067321777344,-0.0915849655866623,-0.30345019698143,0.0255657508969307,351.6748046875,15.6947383880615,3.46709847450256,-0.0677551031112671,0.138287454843521,0.0397953130304813,0.987270057201385
299.640502929688,-0.0916503742337227,-0.303924739360809,0.0267215222120285,352.017425537109,15.7014303207397,3.48120880126953,-0.0647818073630333,0.138292729854584,0.039520051330328,0.98747992515564
300.169342041016,-0.0912629514932632,-0.297186404466629,0.0275156944990158,347.143493652344,15.4142255783081,3.46874213218689,-0.106863468885422,0.136562928557396,0.0448117554187775,0.983830630779266
300.710632324219,-0.0941079035401344,-0.298736244440079,0.0224859677255154,347.992980957031,15.0871057510376,3.20830225944519,-0.0999886319041252,0.133411169052124,0.0413246676325798,0.985137581825256
301.229522705078,-0.0953477174043655,-0.29298061132431,0.0190601889044046,342.584014892578,14.1543035507202,2.53627705574036,-0.14751310646534,0.125080838799477,0.0403582192957401,0.980288684368134
301.757720947266,-0.0936420559883118,-0.296039909124374,0.0221495795994997,345.362518310547,14.3106660842896,2.72677779197693,-0.123421654105186,0.12651738524437,0.0392788015305996,0.983472228050232
302.295227050781,-0.0915971174836159,-0.297125905752182,0.0224270783364773,346.289520263672,15.5283365249634,2.48243761062622,-0.115333698689938,0.136660516262054,0.0374310649931431,0.983168840408325
302.890808105469,-0.0900714993476868,-0.301943182945251,0.027447909116745,349.934448242188,15.6620388031006,2.33362793922424,-0.0841256007552147,0.137468218803406,0.0320459604263306,0.986406862735748
303.425659179688,-0.0915121212601662,-0.302585631608963,0.0270080547779799,350.360046386719,15.8759727478027,2.48754119873047,-0.0802134945988655,0.139386788010597,0.0330234318971634,0.986431241035461
303.981323242188,-0.0913912951946259,-0.3028464615345,0.0280584413558245,350.460510253906,15.7368650436401,2.52374649047852,-0.0793443024158478,0.1382055580616,0.033119760453701,0.986664474010468
304.573516845703,-0.0903779417276382,-0.303188025951385,0.0280777849256992,350.771331787109,16.046802520752,2.61366128921509,-0.0764671042561531,0.140905752778053,0.0337359309196472,0.986488878726959
305.086669921875,-0.0878856778144836,-0.303992092609406,0.0287324823439121,351.436553955078,16.8840675354004,2.28933525085449,-0.0709123164415359,0.1478451192379,0.0306639298796654,0.985988318920135
305.622344970703,-0.0918636545538902,-0.303867727518082,0.0287538673728704,351.447601318359,16.2290821075439,2.82248020172119,-0.0703289806842804,0.142534866929054,0.0348356254398823,0.98667323589325
306.134765625,-0.0924048572778702,-0.304253369569778,0.0294265765696764,351.752777099609,16.1325759887695,2.88913512229919,-0.0676461979746819,0.141705811023712,0.034982655197382,0.986975014209747
306.665435791016,-0.0922246053814888,-0.304075568914413,0.0298328269273043,351.656097412109,16.1039161682129,3.12203526496887,-0.0682003572583199,0.141610339283943,0.0370878726243973,0.986873686313629
307.199615478516,-0.0916174203157425,-0.304471552371979,0.0308971777558327,351.907562255859,15.9395275115967,2.96546339988708,-0.066277451813221,0.140066787600517,0.0353419221937656,0.987289011478424
307.788665771484,-0.0927850008010864,-0.304849952459335,0.0320963598787785,352.190948486328,15.6777076721191,3.24560737609863,-0.0635771751403809,0.137926608324051,0.0372731685638428,0.987696766853333
308.312713623047,-0.0928902924060822,-0.304892599582672,0.0326986648142338,352.168243408203,15.4203147888184,3.3247754573822,-0.0637628883123398,0.135755553841591,0.0378389768302441,0.98796409368515
308.828369140625,-0.0935030654072762,-0.302911072969437,0.0336146093904972,350.637664794922,13.7785577774048,3.29678106307983,-0.0775491669774055,0.121832132339478,0.0382481813430786,0.988777101039886
309.337432861328,-0.0942680090665817,-0.303487032651901,0.0336676724255085,350.923522949219,14.3555326461792,3.39153456687927,-0.0747839137911797,0.126825079321861,0.0391505509614944,0.988326907157898
309.847534179688,-0.0946007668972015,-0.304484397172928,0.0342964120209217,351.715026855469,14.5334424972534,3.40806460380554,-0.0678737387061119,0.128233060240746,0.0385538078844547,0.98866730928421
310.357666015625,-0.094628319144249,-0.304260522127151,0.033827792853117,351.741241455078,14.6038990020752,3.57016086578369,-0.0674414187669754,0.128931805491447,0.0399654321372509,0.988549947738647
310.869171142578,-0.0938461348414421,-0.305173069238663,0.0354619473218918,352.567962646484,14.7288131713867,3.44687581062317,-0.0604005791246891,0.129785314202309,0.0380680412054062,0.988968372344971
311.373962402344,-0.0921439602971077,-0.30619889497757,0.0366679802536964,353.065093994141,14.8573198318481,3.27756834030151,-0.056258711963892,0.130717307329178,0.0361228995025158,0.989162862300873
311.953704833984,-0.0914584621787071,-0.306497871875763,0.0363878458738327,353.162933349609,15.1064682006836,3.2542552947998,-0.0553622879087925,0.13283896446228,0.0359334051609039,0.988937616348267
312.494232177734,-0.0905898809432983,-0.307031005620956,0.0382790639996529,353.557189941406,15.1543016433716,3.14183831214905,-0.0520736128091812,0.133130326867104,0.0345390290021896,0.989126741886139
313.030151367188,-0.0931096598505974,-0.306289881467819,0.0374107845127583,353.012542724609,14.6637897491455,3.60546660423279,-0.056403860449791,0.129217907786369,0.0389162451028824,0.989245653152466
313.541717529297,-0.0932200476527214,-0.306619971990585,0.0383120775222778,353.219512939453,14.8738622665405,3.54963397979736,-0.0546091012656689,0.130962416529655,0.0383078083395958,0.989140689373016
314.07080078125,-0.0920001715421677,-0.306663572788239,0.0376898981630802,353.347320556641,14.9151678085327,3.50816679000854,-0.0535388886928558,0.131273835897446,0.0378270782530308,0.989176392555237
314.579650878906,-0.0911552682518959,-0.306677579879761,0.0382773019373417,353.40478515625,14.958270072937,3.37945580482483,-0.0531761944293976,0.1315748244524,0.0366718955338001,0.989199459552765
315.10400390625,-0.0901025012135506,-0.306475281715393,0.0380489192903042,353.097015380859,15.2538585662842,3.03667187690735,-0.0561395846307278,0.134016081690788,0.0342023484408855,0.988796353340149
315.622406005859,-0.0898141413927078,-0.306803166866302,0.0379725433886051,353.367492675781,15.1869955062866,3.06514596939087,-0.0537910014390945,0.133409008383751,0.0341077297925949,0.989012241363525
316.134613037109,-0.0908682942390442,-0.30654576420784,0.0370339155197144,353.246704101563,15.3721208572388,3.14633893966675,-0.0546830631792545,0.135065034031868,0.0350342206656933,0.988706111907959
316.672454833984,-0.0894740447402,-0.307211995124817,0.0387440137565136,353.622314453125,15.3805274963379,3.01266169548035,-0.051595464348793,0.135013565421104,0.0334519632160664,0.988933920860291
317.207672119141,-0.0894176438450813,-0.307620644569397,0.0389982014894485,353.769226074219,15.2966337203979,3.00326228141785,-0.0503623969852924,0.134261414408684,0.0331645645201206,0.989109516143799
317.721496582031,-0.0909594520926476,-0.307435691356659,0.0383226796984673,353.715179443359,15.1844511032104,3.11972498893738,-0.050726056098938,0.133353501558304,0.0341821238398552,0.989179193973541
318.227966308594,-0.0913078412413597,-0.307536661624908,0.0385651476681232,353.829833984375,15.2395935058594,3.163165807724,-0.0496688224375248,0.133828535676003,0.0344505570828915,0.989159286022186
318.750854492188,-0.0908718183636665,-0.308057695627213,0.0382541790604591,354.067504882813,15.300573348999,3.16132211685181,-0.0476002804934978,0.134312063455582,0.0341884419322014,0.989204585552216
319.327392578125,-0.0788412094116211,-0.300232291221619,0.0181495100259781,347.150085449219,23.8139152526855,356.958099365234,-0.114897422492504,0.202048689126968,-0.00272841192781925,0.972608625888824
319.910339355469,-0.0866280198097229,-0.313137263059616,0.0239948332309723,0.601433455944061,20.0498313903809,2.25046110153198,0.00858575943857431,0.173938944935799,0.0184241645038128,0.984546661376953
320.432403564453,-0.0665174871683121,-0.316535145044327,-0.0416522696614265,3.1469419002533,46.0116424560547,351.645416259766,-0.00325037888251245,0.391480505466461,-0.0777272135019302,0.916891992092133
320.965484619141,-0.0672533065080643,-0.321218818426132,-0.0566184408962727,5.31062412261963,46.348274230957,352.075164794922,0.0153232235461473,0.39510777592659,-0.0816456601023674,0.914871096611023
321.475494384766,-0.101320967078209,-0.316490530967712,-0.0646069049835205,1.75468277931213,40.3177757263184,355.402740478516,0.000541757559403777,0.344883531332016,-0.0429191738367081,0.937663614749908
321.993682861328,-0.158637449145317,-0.29853293299675,-0.0573451668024063,347.402496337891,16.6511917114258,10.8263139724731,-0.094494916498661,0.153523176908493,0.108594611287117,0.977603495121002
322.511657714844,-0.131624117493629,-0.295613706111908,-0.0294809024780989,347.459930419922,18.1317882537842,7.26083421707153,-0.0977159887552261,0.163142517209053,0.079329714179039,0.978541195392609
323.051940917969,-0.120049104094505,-0.296570152044296,-0.00828783772885799,348.962799072266,18.0251216888428,6.19099092483521,-0.0864229872822762,0.160826444625854,0.0681293904781342,0.980828404426575
323.570465087891,-0.101713329553604,-0.298719763755798,0.0165194813162088,349.572906494141,17.2024688720703,4.66293668746948,-0.0837128683924675,0.152469620108604,0.0536353141069412,0.983294725418091
324.089080810547,-0.0878651216626167,-0.302637308835983,0.0266246646642685,352.633056640625,17.2496967315674,3.29449439048767,-0.0591896288096905,0.151418372988701,0.0379925034940243,0.985964298248291
324.613586425781,-0.0919765681028366,-0.302239269018173,0.0276112370193005,352.290466308594,17.1003398895264,3.78104257583618,-0.0615506246685982,0.150451436638832,0.0425390340387821,0.985782146453857
325.133178710938,-0.0908369049429893,-0.303089439868927,0.0291489344090223,352.755828857422,17.1982192993164,3.62410569190979,-0.05771529302001,0.151121884584427,0.0406443327665329,0.985991477966309
325.660705566406,-0.0922410115599632,-0.30313703417778,0.0280072465538979,352.876708984375,17.2636985778809,3.69701743125916,-0.056554801762104,0.151698291301727,0.0411487780511379,0.985949277877808
326.202056884766,-0.0921134054660797,-0.304326802492142,0.0303536802530289,353.655090332031,17.1319522857666,3.77370595932007,-0.0497976578772068,0.150441095232964,0.0407471917569637,0.986522853374481
326.712799072266,-0.0923503115773201,-0.304729521274567,0.0309497341513634,353.941131591797,17.174877166748,3.76983118057251,-0.0473237559199333,0.150748044252396,0.0403649248182774,0.986613512039185
327.241088867188,-0.0936306715011597,-0.305103808641434,0.0313746146857738,353.997741699219,17.0623970031738,3.96566891670227,-0.0466196164488792,0.149847239255905,0.0419325232505798,0.986718893051147
327.772796630859,-0.0932887867093086,-0.304391920566559,0.0346299074590206,354.248596191406,17.3331909179688,3.73696684837341,-0.044663343578577,0.15203183889389,0.0397482700645924,0.986565589904785
328.287780761719,-0.0929440557956696,-0.306362390518188,0.0361201390624046,355.266235351563,17.3601703643799,3.75389218330383,-0.0358644127845764,0.152044728398323,0.0385795198380947,0.986968994140625
328.803527832031,-0.0939210802316666,-0.305767506361008,0.0354809984564781,355.068878173828,17.1663379669189,3.85348725318909,-0.037499874830246,0.150452598929405,0.0396310798823833,0.987110555171967
329.312927246094,-0.0937527641654015,-0.306279063224792,0.0345087274909019,355.177459716797,17.4589557647705,3.8003625869751,-0.0365341082215309,0.152930483222008,0.0391269847750664,0.986786007881165
329.823608398438,-0.0935999676585197,-0.307187050580978,0.0367899164557457,355.846832275391,17.3237857818604,4.01911306381226,-0.0305223073810339,0.151668027043343,0.0400972552597523,0.987146079540253
330.383422851563,-0.0925904661417007,-0.307625859975815,0.0385949648916721,356.211303710938,17.3080348968506,3.86094427108765,-0.0275956057012081,0.151400744915009,0.0382560938596725,0.987346351146698
330.9443359375,-0.0924694165587425,-0.308042496442795,0.0370942912995815,356.2412109375,17.4070777893066,3.75629425048828,-0.0274438876658678,0.152221694588661,0.0373391881585121,0.987259447574615
331.481689453125,-0.0920206531882286,-0.308202266693115,0.0376126021146774,356.489715576172,17.4329929351807,3.79846453666687,-0.0252376385033131,0.152394473552704,0.037382647395134,0.98729008436203
332.001373291016,-0.090204581618309,-0.308625966310501,0.038672361522913,356.787750244141,17.8022422790527,3.44958996772766,-0.0230229590088129,0.155432313680649,0.034059502184391,0.986990749835968
332.525970458984,-0.0835470780730247,-0.308585405349731,0.0330814681947231,356.389221191406,23.3459892272949,1.64715349674225,-0.0279433820396662,0.202647879719734,0.0204429551959038,0.978639423847198
333.075805664063,-0.0795561000704765,-0.307457268238068,0.0301522873342037,355.24267578125,24.4517250061035,0.506675720214844,-0.0396263413131237,0.21176078915596,0.0131065165624022,0.976429879665375
333.585357666016,-0.0803732424974442,-0.308405846357346,0.0335472710430622,356.045196533203,23.9356002807617,0.987743735313416,-0.0319676734507084,0.207521721720695,0.0155820157378912,0.977583765983582
334.142944335938,-0.0813252404332161,-0.307914137840271,0.0338992662727833,355.923095703125,23.5282325744629,1.09799218177795,-0.0328690931200981,0.204078242182732,0.0166262574493885,0.978261351585388
334.661346435547,-0.0819024592638016,-0.309088468551636,0.0351035930216312,356.566375732422,22.9820728302002,1.30478978157043,-0.0270897801965475,0.199446558952332,0.017120935022831,0.979384541511536
335.196472167969,-0.0819000229239464,-0.30915829539299,0.0347927622497082,356.671691894531,23.1445789337158,1.17529857158661,-0.0263924095779657,0.200800776481628,0.0158689133822918,0.979147970676422
335.709350585938,-0.08116065710783,-0.309451520442963,0.035545352846384,356.858917236328,23.0596504211426,1.2552216053009,-0.0246643144637346,0.200085088610649,0.0162064265459776,0.979333996772766
336.2412109375,-0.0807343423366547,-0.309547334909439,0.0359718389809132,357.069763183594,22.8991241455078,1.33719170093536,-0.0227423626929522,0.198719248175621,0.0165081117302179,0.979653537273407
336.781280517578,-0.080160416662693,-0.309854030609131,0.0365538746118546,357.362640380859,22.9760856628418,1.22759473323822,-0.020417895168066,0.199340850114822,0.0150783155113459,0.979601442813873
337.314727783203,-0.0797144398093224,-0.310145080089569,0.0360072180628777,357.474884033203,22.908016204834,1.15788221359253,-0.0195880755782127,0.198741123080254,0.0142759410664439,0.9797523021698
337.815704345703,-0.0808963850140572,-0.310365080833435,0.035889808088541,357.515167236328,22.9178676605225,1.17117428779602,-0.0192192047834396,0.198825627565384,0.0143215013667941,0.979741752147675
338.365661621094,-0.0812592655420303,-0.310875624418259,0.0367399416863918,357.843902587891,22.5731449127197,1.32392907142639,-0.0161886140704155,0.195881798863411,0.0150098158046603,0.980378985404968
338.886016845703,-0.0813266932964325,-0.310557633638382,0.0366812460124493,357.691589355469,22.7570781707764,1.28833031654358,-0.0175284743309021,0.197459667921066,0.0149931693449616,0.980039656162262
339.427947998047,-0.0828060805797577,-0.310735881328583,0.0372053571045399,357.837890625,22.5499477386475,1.54077506065369,-0.0158727671951056,0.195714101195335,0.0168720372021198,0.980387389659882
340.008361816406,-0.0914959311485291,-0.305428624153137,0.0326395183801651,353.681365966797,17.5816268920898,2.39728832244873,-0.0512609891593456,0.153701066970825,0.0290624499320984,0.986358821392059
340.562469482422,-0.0858310610055923,-0.309587687253952,0.0393097102642059,356.765472412109,18.7627487182617,2.09197330474854,-0.0248662997037172,0.163421466946602,0.0226032789796591,0.985983848571777
341.085968017578,-0.0861258134245872,-0.309015512466431,0.0374823659658432,356.355224609375,18.8012981414795,2.08268094062805,-0.0284021142870188,0.163797721266747,0.0231141597032547,0.985814034938812
341.594543457031,-0.0865095481276512,-0.309351921081543,0.0386593677103519,356.676086425781,18.8305320739746,2.07392358779907,-0.0256479270756245,0.164011031389236,0.0225898269563913,0.98586630821228
342.121398925781,-0.0867641940712929,-0.309721112251282,0.038199607282877,356.719085693359,18.8871269226074,2.12279582023621,-0.0251965392380953,0.164503738284111,0.0229615643620491,0.985787212848663
342.651885986328,-0.0857931450009346,-0.310025423765182,0.0385996401309967,356.901031494141,19.1125507354736,2.01010799407959,-0.0237498972564936,0.166397735476494,0.0217792894691229,0.98553204536438
343.250030517578,-0.0855297148227692,-0.309907048940659,0.0384936928749084,357.007354736328,19.0407695770264,1.97704315185547,-0.0228969324380159,0.165761783719063,0.0213270746171474,0.985669255256653
343.77294921875,-0.0850598812103271,-0.31008705496788,0.0381717830896378,357.091857910156,19.2828216552734,1.78227519989014,-0.0224102102220058,0.167796239256859,0.019577469676733,0.985372483730316
344.280822753906,-0.0860551968216896,-0.310140699148178,0.0380561836063862,357.028381347656,18.9672508239746,1.94239211082458,-0.0227794051170349,0.165120154619217,0.0209841169416904,0.985787034034729
344.836212158203,-0.0856703147292137,-0.310231894254684,0.0378207489848137,357.091979980469,19.1880378723145,1.94111776351929,-0.0221938136965036,0.16701203584671,0.0209248010069132,0.985482931137085
345.373504638672,-0.0839043483138084,-0.310893267393112,0.0396016761660576,357.489624023438,19.3174591064453,1.85215783119202,-0.0188809968531132,0.168066188693047,0.0196042824536562,0.985399901866913
345.920745849609,-0.0839075222611427,-0.310933530330658,0.0388350933790207,357.573791503906,19.2925434112549,1.82375061511993,-0.0182029027491808,0.167838379740715,0.0192330926656723,0.985458791255951
346.472229003906,-0.0835639163851738,-0.310737937688828,0.0394713878631592,357.554473876953,19.2540721893311,1.78246665000916,-0.0184358060359955,0.16750293970108,0.0189000442624092,0.985517978668213
347.024261474609,-0.0824839100241661,-0.310991317033768,0.0398968048393726,357.5673828125,19.4511623382568,1.61157321929932,-0.0185446999967098,0.169168934226036,0.0174434389919043,0.985258221626282
347.580810546875,-0.0838352218270302,-0.310706615447998,0.0388984940946102,357.371673583984,19.2687683105469,1.74749457836151,-0.0200568120926619,0.167641758918762,0.0188679993152618,0.985463380813599
348.111755371094,-0.0832551643252373,-0.311046779155731,0.0382607504725456,357.530670166016,19.504186630249,1.52284038066864,-0.0189836900681257,0.169613435864449,0.0167433191090822,0.985185563564301
348.625030517578,-0.0834238231182098,-0.311347275972366,0.0403194837272167,357.849456787109,19.2709465026855,1.68964564800262,-0.0160317420959473,0.167604312300682,0.0176745317876339,0.985565543174744
349.142364501953,-0.0821476429700851,-0.311421692371368,0.0404427461326122,357.731781005859,19.4007835388184,1.50903558731079,-0.0172895882278681,0.16870541870594,0.0163123160600662,0.985379874706268
349.720581054688,-0.0827910006046295,-0.31029000878334,0.0396522879600525,357.429351806641,19.4109039306641,1.62942457199097,-0.0197116006165743,0.16883809864521,0.0177930630743504,0.985286056995392
350.246154785156,-0.0833370685577393,-0.310689985752106,0.0409807413816452,357.580291748047,19.2180633544922,1.8611695766449,-0.0181048791855574,0.167203053832054,0.0195336379110813,0.985562682151794
350.774841308594,-0.0818355977535248,-0.311388790607452,0.0428903810679913,358.096832275391,19.5703468322754,1.66185331344604,-0.0138997426256537,0.170150518417358,0.0171111579984426,0.985171496868134
351.330902099609,-0.083283044397831,-0.307920187711716,0.0390993990004063,355.848754882813,19.8446292877197,1.88008987903595,-0.0328468531370163,0.172761842608452,0.0223902184516191,0.984161138534546
351.849151611328,-0.0808087959885597,-0.309516787528992,0.0399010293185711,356.763977050781,20.1195831298828,1.4062614440918,-0.0256568528711796,0.174934163689613,0.017009885981679,0.984098792076111
352.389495849609,-0.0805458202958107,-0.310179978609085,0.0415005721151829,357.219818115234,20.0794639587402,1.4190639257431,-0.0217277575284243,0.174562200903893,0.0164189524948597,0.984269440174103
352.916809082031,-0.0809769630432129,-0.309974312782288,0.0407032780349255,357.157379150391,20.1256561279297,1.35793340206146,-0.0223508700728416,0.174951374530792,0.0159977003931999,0.984193384647369
353.453552246094,-0.0790723562240601,-0.310712665319443,0.0423263385891914,357.664093017578,20.371919631958,1.2325656414032,-0.0181591510772705,0.177012383937836,0.0141886798664927,0.983938813209534
353.997283935547,-0.0796560198068619,-0.310772091150284,0.0417057499289513,357.627075195313,20.1393985748291,1.38347959518433,-0.018275385722518,0.17504195868969,0.0155044691637158,0.984269261360168
354.525512695313,-0.0802721902728081,-0.311222851276398,0.0418787151575089,357.88916015625,20.2481288909912,1.34133517742157,-0.0160743054002523,0.175950586795807,0.0147584462538362,0.984157085418701
355.039276123047,-0.080457478761673,-0.311116635799408,0.0423363856971264,357.864807128906,20.1580085754395,1.44908261299133,-0.01613031886518,0.175193548202515,0.0157084222882986,0.984276533126831
355.611083984375,-0.0790233314037323,-0.311690419912338,0.0428168848156929,358.155059814453,20.3670501708984,1.21273636817932,-0.013974217697978,0.176936611533165,0.0132611272856593,0.984033703804016
356.140472412109,-0.0805316790938377,-0.311436235904694,0.0427227728068829,357.962005615234,20.1085605621338,1.41013777256012,-0.0153613947331905,0.174755707383156,0.015219047665596,0.984374344348907
356.694549560547,-0.0803794711828232,-0.311644613742828,0.0429507866501808,358.014190673828,20.2561683654785,1.33589446544647,-0.0150076011195779,0.176009774208069,0.0145212225615978,0.984166860580444
357.223022460938,-0.0786401629447937,-0.312441349029541,0.0445680320262909,358.600738525391,20.2318534851074,1.35684275627136,-0.00994042214006186,0.175757303833961,0.0137999951839447,0.984286606311798
357.790588378906,-0.0683547332882881,-0.324248254299164,-0.0516238324344158,8.6564245223999,44.9192504882813,353.347229003906,0.0475239902734756,0.384347856044769,-0.0822530388832092,0.918287873268127
358.336181640625,-0.0723244398832321,-0.319639205932617,-0.032530277967453,6.13227796554565,39.2739486694336,355.249481201172,0.036426730453968,0.33737787604332,-0.0569379515945911,0.938939452171326
358.890777587891,-0.0767856240272522,-0.311874061822891,-0.00698681874200702,0.904078304767609,30.1274528503418,356.747497558594,0.000239890767261386,0.259996652603149,-0.0294531118124723,0.965160191059113
359.418701171875,-0.0779707282781601,-0.312157422304153,0.00481757242232561,1.30016875267029,28.2667407989502,358.141754150391,0.00704175513237715,0.244310423731804,-0.0184936486184597,0.969495117664337
359.98486328125,-0.0798550024628639,-0.312696784734726,0.0104418881237507,1.32794654369354,27.2459621429443,358.729095458984,0.00864956434816122,0.235626548528671,-0.013506974093616,0.971711337566376
360.509124755859,-0.0785114169120789,-0.313681185245514,0.0115334037691355,1.9011344909668,27.0453643798828,358.747192382813,0.0135728446766734,0.233960464596748,-0.014507126994431,0.972043097019196
361.041656494141,-0.0785410851240158,-0.314232766628265,0.0134512279182673,2.33274793624878,26.778621673584,358.881378173828,0.0175414271652699,0.231700718402863,-0.0142078315839171,0.972525179386139
361.641662597656,-0.0792708992958069,-0.315653145313263,0.0162365436553955,3.15155959129333,26.5264301300049,358.942932128906,0.024648891761899,0.229575276374817,-0.0152838379144669,0.972858726978302
362.224700927734,-0.0808344632387161,-0.315708458423615,0.0169997606426477,3.1037392616272,26.229341506958,359.030120849609,0.0244549047201872,0.227032572031021,-0.0143846273422241,0.973473846912384
362.741088867188,-0.0807954072952271,-0.31660583615303,0.0189467538148165,3.70546293258667,25.9777565002441,359.187164306641,0.0299091674387455,0.224862232804298,-0.0141746131703258,0.973828256130219
363.269226074219,-0.078933373093605,-0.316552102565765,0.0210985317826271,3.59160470962524,25.9316730499268,358.972839355469,0.0285271722823381,0.224524542689323,-0.0157615821808577,0.97392326593399
363.820465087891,-0.0787229835987091,-0.316905915737152,0.0214557275176048,3.69443655014038,25.7599468231201,359.061614990234,0.0295979548245668,0.223043382167816,-0.0151636861264706,0.974241077899933
364.355590820313,-0.0794255211949348,-0.31717911362648,0.0223854929208755,3.87923622131348,25.75803565979,359.254028320313,0.0315439403057098,0.222975507378578,-0.0138862626627088,0.974214613437653
364.887725830078,-0.0796681493520737,-0.317627906799316,0.0234873369336128,4.10935020446777,25.7294044494629,359.302368164063,0.0335979200899601,0.222715094685555,-0.0139139238744974,0.974205136299133
365.432952880859,-0.0811606645584106,-0.317546546459198,0.0235394090414047,4.02355241775513,25.5272350311279,359.49853515625,0.0332709029316902,0.220940768718719,-0.012021005153656,0.974645435810089
365.988220214844,-0.0811006724834442,-0.31600484251976,0.0272001121193171,2.64074897766113,25.1484870910645,359.597778320313,0.0217260532081127,0.217724308371544,-0.00844149757176638,0.9757319688797
366.525299072266,-0.0793084725737572,-0.313965618610382,0.0279463566839695,0.810922026634216,25.0558929443359,359.679565429688,0.0063015278428793,0.216928824782372,-0.00426456844434142,0.976157784461975
367.059875488281,-0.0797409266233444,-0.314348816871643,0.0301661379635334,1.12978494167328,24.8624076843262,0.0653411522507668,0.00975066889077425,0.215251222252846,-0.00156552123371512,0.976508796215057
367.596801757813,-0.080924428999424,-0.315257221460342,0.0329347439110279,1.6507762670517,24.3371829986572,0.409621030092239,0.0148348994553089,0.210715413093567,0.000457485293736681,0.977434813976288
368.121520996094,-0.0813701823353767,-0.315739303827286,0.0342255160212517,1.83059823513031,24.1529998779297,0.409009695053101,0.0163673404604197,0.209133729338646,0.000147755621583201,0.977750062942505
368.644012451172,-0.0822650268673897,-0.316198647022247,0.0347314812242985,2.12487030029297,23.8517913818359,0.543221414089203,0.0191209446638823,0.206522554159164,0.000805786054115742,0.978254675865173
369.175170898438,-0.0814006850123405,-0.316681981086731,0.0360367484390736,2.50076460838318,23.9692478179932,0.556249678134918,0.0223533939570189,0.207493677735329,0.000216064901906066,0.97798091173172
369.720977783203,-0.0817916691303253,-0.317472368478775,0.0380885563790798,3.05003190040588,23.6275863647461,0.778318762779236,0.0274391397833824,0.204477518796921,0.00119735510088503,0.978485882282257
370.283630371094,-0.0805621147155762,-0.317290008068085,0.0355705618858337,3.1516375541687,23.2117233276367,0.542370796203613,0.0278890430927277,0.200972303748131,-0.000897749734576792,0.979199469089508
370.858001708984,-0.0795907825231552,-0.318075716495514,0.0343026928603649,3.65432715415955,23.4360771179199,0.399799376726151,0.0319281332194805,0.202882155776024,-0.00306113297119737,0.978677690029144
371.374572753906,-0.0808803662657738,-0.321753174066544,0.0330938994884491,6.25476312637329,22.5874137878418,0.751354038715363,0.0547805950045586,0.195191785693169,-0.00426371861249208,0.979224741458893
371.901458740234,-0.0905192792415619,-0.325455993413925,0.00860691070556641,9.8322696685791,21.5120677947998,2.33602619171143,0.0879646316170692,0.1841861307621,0.00396226486191154,0.978939235210419
372.434234619141,-0.132127091288567,-0.334718495607376,-0.00475845579057932,15.1501607894897,10.728835105896,11.5008058547974,0.139872923493385,0.0790573880076408,0.0866233184933662,0.983199834823608
372.992156982422,-0.10744147002697,-0.313897401094437,-0.00933662429451942,2.23740530014038,18.0024147033691,6.9211893081665,0.028690367937088,0.15497624874115,0.0565582998096943,0.985880494117737
373.522064208984,-0.0927032381296158,-0.30444198846817,0.00575382495298982,354.316680908203,19.5018367767334,2.16476082801819,-0.0456557758152485,0.17004981637001,0.0269891582429409,0.984007239341736
374.03662109375,-0.0903227776288986,-0.308849841356277,0.0122251622378826,357.719543457031,19.1498203277588,2.05254769325256,-0.0166405085474253,0.166628807783127,0.0209673810750246,0.985656261444092
374.563446044922,-0.0920550152659416,-0.310155481100082,0.0164983365684748,358.661285400391,18.7981224060059,2.66271281242371,-0.0077280355617404,0.163522347807884,0.0248282626271248,0.986196935176849
375.102386474609,-0.0909358784556389,-0.310886412858963,0.0168229378759861,359.202789306641,19.0086059570313,2.57521367073059,-0.00314926728606224,0.165230184793472,0.0233105346560478,0.985974550247192
375.620971679688,-0.0915150716900826,-0.311933159828186,0.0184604953974485,0.0233563128858805,18.8952445983887,2.79090285301208,0.00419841287657619,0.16409233212471,0.0239890478551388,0.986144304275513
376.146118164063,-0.0915526896715164,-0.312574774026871,0.0205242000520229,0.347972959280014,18.8473854064941,2.98420476913452,0.00725810928270221,0.163599640130997,0.0251905974000692,0.986178457736969
376.678955078125,-0.0908148363232613,-0.313023597002029,0.020894318819046,0.664540767669678,18.9693164825439,2.85113477706909,0.00981759373098612,0.164587453007698,0.023582462221384,0.986031770706177
377.196197509766,-0.0897515192627907,-0.314093798398972,0.0221403520554304,1.21596419811249,18.9172801971436,2.90292167663574,0.014625865034759,0.164008483290672,0.0232410598546267,0.986076653003693
377.728912353516,-0.0879811346530914,-0.314827412366867,0.0241845808923244,1.8398060798645,19.1937942504883,2.69567370414734,0.0197465606033802,0.166275382041931,0.020514028146863,0.985668182373047
378.284576416016,-0.0890565142035484,-0.315016865730286,0.0245158653706312,1.9717710018158,19.0771446228027,2.95988702774048,0.0212417542934418,0.165193498134613,0.0226158685982227,0.985773026943207
378.805694580078,-0.0898246690630913,-0.313045233488083,0.0262084491550922,0.907414019107819,18.8253364562988,3.11911487579346,0.0122599732130766,0.163265764713287,0.0255542136728764,0.986174941062927
379.357391357422,-0.0895810425281525,-0.314887166023254,0.0272289514541626,1.9519317150116,18.8973770141602,3.20188546180725,0.0213811155408621,0.163606956601143,0.0247599333524704,0.98598301410675
379.916931152344,-0.0909665077924728,-0.315111368894577,0.0279387161135674,2.0529203414917,18.9440116882324,3.28092551231384,0.0223730262368917,0.163966000080109,0.0252858828753233,0.985888063907623
380.427032470703,-0.0908934101462364,-0.315504550933838,0.0273535866290331,2.26811146736145,18.7295169830322,3.23746848106384,0.02411581389606,0.162070691585541,0.0246473364531994,0.986176490783691
380.976135253906,-0.0908372551202774,-0.315698474645615,0.0285531338304281,2.45493054389954,18.853551864624,3.33140015602112,0.0258833020925522,0.163065940141678,0.0251616276800632,0.985954582691193
381.554840087891,-0.0901022851467133,-0.316324800252914,0.0317051112651825,2.77510333061218,18.7708206176758,3.17295670509338,0.0283951889723539,0.16230297088623,0.0233597755432129,0.986055672168732
382.088043212891,-0.090630441904068,-0.316706538200378,0.0320094935595989,2.8667163848877,18.6052417755127,3.35682511329651,0.029407799243927,0.160806015133858,0.0248535983264446,0.986234724521637
382.624908447266,-0.0909559056162834,-0.316935688257217,0.0316418670117855,3.24423480033875,18.5863037109375,3.27259635925293,0.032533947378397,0.160557612776756,0.023599436506629,0.986207842826843
383.152954101563,-0.0913168117403984,-0.31697216629982,0.0321108475327492,3.46679925918579,18.5287342071533,3.48055076599121,0.0347274281084538,0.159935534000397,0.025091489776969,0.986197292804718
383.695220947266,-0.0907341316342354,-0.317153841257095,0.0329075939953327,3.5935423374176,18.6751174926758,3.28789329528809,0.0355786494910717,0.161216586828232,0.0232091099023819,0.98600447177887
384.21533203125,-0.0892594531178474,-0.317434400320053,0.0324612259864807,3.64233684539795,18.6142692565918,3.16698431968689,0.03581652790308,0.160716652870178,0.0221183653920889,0.98610258102417
384.758087158203,-0.0879237055778503,-0.313153624534607,0.0355053208768368,0.936805188655853,18.8145713806152,3.25430274009705,0.0127029828727245,0.163151025772095,0.0266768299043179,0.986158609390259
385.30712890625,-0.0825726389884949,-0.307390093803406,0.0382472798228264,355.670135498047,18.8776702880859,2.10298848152161,-0.0342512726783752,0.1645338088274,0.0242837052792311,0.985477447509766
385.831970214844,-0.0800633057951927,-0.309309244155884,0.0373872742056847,356.732879638672,18.9362602233887,0.816797971725464,-0.0269461590796709,0.164628371596336,0.0117171853780746,0.985917925834656
386.358032226563,-0.0793390646576881,-0.310628861188889,0.0391245447099209,357.646148681641,19.3129215240479,0.870301842689514,-0.0189744923263788,0.167853862047195,0.0109308045357466,0.985568702220917
386.890777587891,-0.0788261666893959,-0.311398983001709,0.0383552834391594,357.993713378906,19.6492938995361,0.749394118785858,-0.0161344073712826,0.170716390013695,0.00943001173436642,0.985143065452576
387.416290283203,-0.0796966180205345,-0.311753779649734,0.0383219942450523,358.210723876953,19.8801746368408,1.02211272716522,-0.0138392960652709,0.172727569937706,0.0114796506240964,0.984805524349213
387.953796386719,-0.0621111392974854,-0.309418141841888,0.0508541911840439,353.428436279297,18.9367847442627,1.57190823554993,-0.0542774125933647,0.164993122220039,0.0229357983916998,0.9845330119133
388.494903564453,-0.0651086568832397,-0.311570674180984,0.0529118552803993,355.290161132813,18.9030113220215,1.75140917301178,-0.0380193926393986,0.164674386382103,0.0218097642064095,0.985373675823212
389.007171630859,-0.0626361072063446,-0.310152560472488,0.0536713004112244,355.199188232422,20.9668292999268,2.07641530036926,-0.0378828495740891,0.182507619261742,0.0254203975200653,0.982145488262177
389.537536621094,-0.0619631856679916,-0.310623228549957,0.0545426458120346,355.664245605469,20.609769821167,1.40644240379333,-0.0350207053124905,0.179201379418373,0.0188329294323921,0.983008503913879
390.038269042969,-0.0626867711544037,-0.310691148042679,0.0534545183181763,355.994995117188,20.7747344970703,1.06215488910675,-0.0326988063752651,0.180503010749817,0.01541150175035,0.982909977436066
390.570892333984,-0.0760119333863258,-0.3159419298172,0.060055673122406,0.626272976398468,11.0901212692261,1.63425838947296,0.00681711733341217,0.096539705991745,0.0136661203578115,0.995211958885193
391.090118408203,-0.0708275884389877,-0.311809927225113,0.0515604875981808,356.897247314453,15.8978567123413,0.961037516593933,-0.0256529822945595,0.138459652662277,0.0120467701926827,0.989962458610535
391.680786132813,-0.086451381444931,-0.30614098906517,0.0400937013328075,354.209625244141,5.63580417633057,3.66447973251343,-0.0488524474203587,0.0506869778037071,0.0343756005167961,0.996926665306091
392.208312988281,-0.0706829726696014,-0.302541017532349,0.024163618683815,350.247985839844,18.451587677002,359.550384521484,-0.0845263451337814,0.159414917230606,0.00976866856217384,0.983537912368774
392.808319091797,-0.0677041411399841,-0.309138536453247,0.0426792353391647,356.156982421875,20.444616317749,0.719675421714783,-0.0318834967911243,0.17757186293602,0.0121275838464499,0.983516454696655
393.376007080078,-0.0676425397396088,-0.311670035123825,0.0408302769064903,358.225982666016,20.6223468780518,0.961177825927734,-0.0137288710102439,0.179094091057777,0.0110221477225423,0.98367440700531
393.974884033203,-0.069010503590107,-0.312578320503235,0.0418916381895542,358.887725830078,20.2356224060059,1.01523244380951,-0.00799871981143951,0.175742253661156,0.0104263424873352,0.98434853553772
394.485748291016,-0.0682608708739281,-0.312918305397034,0.0419331155717373,358.946258544922,20.3348064422607,1.06699419021606,-0.00740714743733406,0.176593944430351,0.0107877068221569,0.984196841716766
394.992950439453,-0.0681361556053162,-0.313147097826004,0.0438748933374882,359.195129394531,20.2418041229248,1.01294302940369,-0.0053609935566783,0.175775796175003,0.00993593875318766,0.984365522861481
395.519561767578,-0.0703604444861412,-0.313190996646881,0.0438954941928387,359.224853515625,19.8209571838379,1.50408315658569,-0.00440404377877712,0.172177955508232,0.0140932016074657,0.984955251216888
396.036956787109,-0.0708068609237671,-0.313029050827026,0.045193437486887,359.042572021484,19.6347408294678,1.66029620170593,-0.00576164992526174,0.170603662729263,0.0157001223415136,0.985197782516479
396.635314941406,-0.071035698056221,-0.312553852796555,0.0437692776322365,358.707702636719,19.5754737854004,1.69172430038452,-0.00860230438411236,0.17013330757618,0.0164636224508286,0.985245943069458
397.220336914063,-0.0713722407817841,-0.313481092453003,0.046583279967308,359.299041748047,19.2178535461426,1.9127584695816,-0.00324431760236621,0.166996657848358,0.0174776390194893,0.985797226428986
397.727996826172,-0.0713139027357101,-0.314474552869797,0.046741284430027,0.11571853607893,19.0716514587402,1.8514963388443,0.0036723290104419,0.165626481175423,0.0157661214470863,0.986055731773376
398.234741210938,-0.0699152573943138,-0.315351128578186,0.0480813346803188,0.581365883350372,19.2845859527588,1.93567419052124,0.00783013738691807,0.167385995388031,0.0158026516437531,0.985733687877655
398.744201660156,-0.069722518324852,-0.315720587968826,0.0481338389217854,0.868897318840027,18.9351425170898,1.84769856929779,0.0101303020492196,0.164342641830444,0.0146563593298197,0.986242413520813
399.248626708984,-0.0713453069329262,-0.315221190452576,0.046711128205061,0.664984047412872,18.971399307251,1.93538665771484,0.00850610807538033,0.164678484201431,0.0157012157142162,0.986185669898987
399.827178955078,-0.0716405287384987,-0.315780252218246,0.0485185086727142,1.12993609905243,18.7239646911621,2.07963109016418,0.0126793403178453,0.162460058927536,0.0163008850067854,0.986499011516571
400.338256835938,-0.0733935534954071,-0.316113829612732,0.0493397824466228,1.25092601776123,18.2869129180908,2.27540230751038,0.0139303021132946,0.158652156591415,0.0178675521165133,0.987074553966522
400.908966064453,-0.0729573518037796,-0.316228240728378,0.0491191856563091,1.30704128742218,18.3845615386963,2.14373683929443,0.0142455343157053,0.159499198198318,0.016643363982439,0.986954927444458
401.41015625,-0.0732014253735542,-0.316364884376526,0.050188884139061,1.49004292488098,17.9889049530029,2.14011120796204,0.0157599486410618,0.156058520078659,0.0164112392812967,0.987485766410828
401.912628173828,-0.0732815936207771,-0.319079995155334,0.0522747747600079,3.54885029792786,18.0600605010986,2.06531524658203,0.0334031507372856,0.156300231814384,0.0129312286153436,0.987059891223907
402.422943115234,-0.0699722990393639,-0.3202985227108,0.0485981777310371,4.69706630706787,20.7003688812256,2.57830429077148,0.0443398579955101,0.178560644388199,0.0147529393434525,0.982818603515625
402.944000244141,-0.0452404171228409,-0.33088356256485,0.0229265317320824,12.7862462997437,33.2812995910645,0.309353590011597,0.107454180717468,0.284298300743103,-0.0293164122849703,0.952243983745575
403.538208007813,-0.0789222046732903,-0.301487684249878,-0.000794632360339165,351.031890869141,18.5180549621582,0.223303332924843,-0.0768502205610275,0.160555645823479,0.0144966524094343,0.983923673629761
404.04638671875,-0.0774746686220169,-0.308411687612534,0.0154858250170946,356.393157958984,20.2499752044678,0.579806268215179,-0.0300908908247948,0.175863489508629,0.0105107855051756,0.983898401260376
404.583099365234,-0.0731309428811073,-0.307955324649811,0.0245230831205845,356.837463378906,20.5508232116699,1.27727222442627,-0.0251630116254091,0.178603604435921,0.0158851779997349,0.983471035957336
405.109069824219,-0.0744923502206802,-0.304909110069275,0.0243255589157343,353.82421875,19.2562389373779,0.521327495574951,-0.0523486100137234,0.167249664664268,0.0134882554411888,0.984431445598602
405.628784179688,-0.0658860206604004,-0.306622564792633,0.0218782015144825,355.097595214844,20.681957244873,358.946319580078,-0.0437210239470005,0.178947165608406,-0.00136043247766793,0.982885837554932
406.128967285156,-0.0685993134975433,-0.30831179022789,0.0251079760491848,356.526580810547,20.4140720367432,359.479705810547,-0.0306310169398785,0.176986932754517,0.000904070155229419,0.983736038208008
406.646179199219,-0.0689575746655464,-0.306905031204224,0.0265431087464094,355.472778320313,19.9933547973633,359.863891601563,-0.0391035862267017,0.173409298062325,0.00568764843046665,0.984056770801544
407.170135498047,-0.0696525573730469,-0.308197170495987,0.0270668715238571,356.341094970703,19.9124202728271,359.959716796875,-0.0315046161413193,0.17279626429081,0.00517363054677844,0.98444002866745
407.689880371094,-0.0698403120040894,-0.310291111469269,0.0286246091127396,357.784057617188,20.2447395324707,0.105952560901642,-0.0188729576766491,0.175735756754875,0.00430844258517027,0.984247028827667
408.272918701172,-0.0693962723016739,-0.311853498220444,0.0304975807666779,358.790008544922,20.0332908630371,0.401956886053085,-0.00978792086243629,0.173960000276566,0.0052906321361661,0.984689891338348
408.842681884766,-0.0675846338272095,-0.312821358442307,0.0323969721794128,359.281433105469,20.0079612731934,0.356503695249557,-0.00563470553606749,0.173731535673141,0.00415300065651536,0.984768152236938
409.355407714844,-0.0781324133276939,-0.306714802980423,0.0343635939061642,354.636779785156,19.1350212097168,1.21008312702179,-0.0443793013691902,0.166505500674248,0.0181773118674755,0.984873592853546
409.875396728516,-0.0812935829162598,-0.298509448766708,0.0205866564065218,346.916564941406,20.1150074005127,359.728179931641,-0.112587049603462,0.173232868313789,0.0175752285867929,0.978266656398773
410.386291503906,-0.0791167467832565,-0.299816161394119,0.0211802758276463,347.686706542969,20.04030418396,359.595825195313,-0.106220670044422,0.172617465257645,0.0152071574702859,0.979126751422882
410.973663330078,-0.0777450129389763,-0.302566587924957,0.025564830750227,349.974426269531,20.0292453765869,0.139030948281288,-0.0858365520834923,0.173338651657104,0.0163852218538523,0.980977773666382
411.480102539063,-0.0771502703428268,-0.305617809295654,0.029593400657177,352.559844970703,19.230827331543,0.599671840667725,-0.0630973502993584,0.16701452434063,0.0159860625863075,0.983803510665894
412.071624755859,-0.0759496688842773,-0.30784273147583,0.0334529653191566,354.186004638672,19.0447330474854,0.748795449733734,-0.0489354804158211,0.165543019771576,0.0148258246481419,0.984876155853271
412.590515136719,-0.0759017616510391,-0.309304118156433,0.0366678759455681,355.308776855469,18.739465713501,1.00372326374054,-0.0389548167586327,0.163015827536583,0.0152978170663118,0.985735416412354
413.170989990234,-0.0749279260635376,-0.310483604669571,0.039176668971777,356.180603027344,18.5723323822021,1.13809168338776,-0.0312842503190041,0.161594599485397,0.0151730924844742,0.98624461889267
413.687744140625,-0.0747955292463303,-0.311388731002808,0.0348676070570946,357.412994384766,18.7117385864258,1.11554908752441,-0.0206905193626881,0.162733733654022,0.0132724978029728,0.986363768577576
414.267669677734,-0.079602524638176,-0.313377946615219,0.0216734930872917,359.523254394531,18.252233505249,1.94579946994781,-0.00141415512189269,0.158653646707535,0.0174241997301579,0.987179517745972
414.844177246094,-0.0712163150310516,-0.318735331296921,-0.0568276159465313,4.18674612045288,30.3513965606689,354.132446289063,0.0218186918646097,0.263066679239273,-0.0589137226343155,0.962730050086975
415.415100097656,-0.0895373821258545,-0.302088797092438,-0.0694624185562134,349.588928222656,27.7892608642578,357.572875976563,-0.0931190624833107,0.237227693200111,0.00130784709472209,0.966979920864105
415.934692382813,-0.0906034409999847,-0.303284615278244,-0.00323371402919292,353.928253173828,20.8738975524902,1.86907696723938,-0.0491275079548359,0.181724593043327,0.0256105065345764,0.9817875623703
416.474060058594,-0.089616596698761,-0.305071532726288,-9.07778739929199E-05,354.906372070313,20.7320098876953,1.6269463300705,-0.0411539189517498,0.18036025762558,0.0219465382397175,0.982494235038757
417.008209228516,-0.0679175779223442,-0.306099444627762,0.0352613031864166,353.527648925781,17.3519058227539,1.79808664321899,-0.0534358583390713,0.151462480425835,0.0240008160471916,0.986725747585297
417.525756835938,-0.0580120421946049,-0.309678912162781,0.0489555224776268,355.780242919922,16.9298629760742,0.896909713745117,-0.0352624021470547,0.147384747862816,0.0131557118147612,0.988362908363342
418.040252685547,-0.0584232583642006,-0.307715207338333,0.0503728687763214,355.638000488281,17.4978008270264,0.954966723918915,-0.0363455824553967,0.152302414178848,0.0140189668163657,0.987565934658051
418.560394287109,-0.0605782046914101,-0.31096813082695,0.0505615845322609,357.385833740234,17.8359031677246,1.08708918094635,-0.021064069122076,0.155186399817467,0.012905390933156,0.987576305866241
419.141632080078,-0.0657197833061218,-0.311740845441818,0.0481500737369061,358.014129638672,18.0939273834229,1.33462989330292,-0.015281293541193,0.15740904211998,0.0142246810719371,0.987312793731689
419.723937988281,-0.064847469329834,-0.312092870473862,0.047547560185194,358.36669921875,18.5558376312256,0.860880792140961,-0.0128548201173544,0.161308228969574,0.009711311198771,0.98677259683609
420.247009277344,-0.0689741373062134,-0.314027011394501,0.0521456450223923,359.503936767578,18.0270042419434,1.8039243221283,-0.00180889689363539,0.156713634729385,0.0162251647561789,0.98750913143158
420.847015380859,-0.0701537579298019,-0.315067410469055,0.0589135885238647,359.855682373047,17.4395484924316,1.9471755027771,0.00133114715572447,0.151601120829582,0.016986008733511,0.988294899463654
421.351104736328,-0.0701254829764366,-0.314874708652496,0.0610556527972221,359.934539794922,17.6013927459717,2.15958285331726,0.00231877597980201,0.152981281280518,0.0187103133648634,0.988049268722534
421.867767333984,-0.0689044147729874,-0.314759016036987,0.0613955855369568,359.734680175781,17.7490901947021,1.74411749839783,6.07167894486338E-05,0.154287979006767,0.0153945973142982,0.987905979156494
422.404693603516,-0.0693291798233986,-0.315590173006058,0.0617094896733761,0.238020867109299,17.5552520751953,1.85876512527466,0.00452770199626684,0.152546241879463,0.0157131440937519,0.988161027431488
422.91552734375,-0.0704526081681252,-0.316521376371384,0.0617561861872673,0.843846917152405,17.3930244445801,2.0867702960968,0.0100312316790223,0.1510389149189,0.0168864205479622,0.988332688808441
423.444091796875,-0.0706460699439049,-0.315947860479355,0.0591173619031906,0.62353640794754,17.6801471710205,2.06727457046509,0.00814804155379534,0.153552696108818,0.0169887691736221,0.987960815429688
423.944732666016,-0.0695340633392334,-0.316275745630264,0.0602070316672325,0.773354768753052,17.6061878204346,1.97029364109039,0.00929943192750216,0.152898415923119,0.0159576181322336,0.988069295883179
424.451446533203,-0.0691192150115967,-0.316460102796555,0.0591807067394257,0.824392557144165,17.6895332336426,1.84454429149628,0.00958247203379869,0.153619602322578,0.0147981634363532,0.987972795963287
424.958038330078,-0.0700529888272285,-0.31530749797821,0.0589261613786221,0.337358742952347,17.6378002166748,1.97700083255768,0.00555365160107613,0.153238162398338,0.0165964215993881,0.988034307956696
425.459259033203,-0.0701820701360703,-0.315665006637573,0.0577595718204975,0.467923939228058,17.6492481231689,1.93685257434845,0.00662731658667326,0.153319135308266,0.0160748660564423,0.98802375793457
425.960144042969,-0.0703396871685982,-0.316304087638855,0.059107918292284,0.828818500041962,17.5759696960449,1.93112933635712,0.0097212977707386,0.152632459998131,0.0155483698472381,0.98811286687851
426.473968505859,-0.0683124884963036,-0.317095816135406,0.061619509011507,1.28406274318695,17.6531047821045,1.9300285577774,0.0136551754549146,0.153225898742676,0.0149222388863564,0.987984180450439
426.981750488281,-0.0711177513003349,-0.31667685508728,0.0610537976026535,1.05286741256714,17.5356979370117,2.23593807220459,0.0120527353137732,0.152218654751778,0.0178819317370653,0.988111615180969
427.576873779297,-0.072136364877224,-0.316517144441605,0.061297319829464,0.850944578647614,17.3652973175049,2.27653884887695,0.0103380754590034,0.15078167617321,0.0185162462294102,0.988339602947235
428.153411865234,-0.0796699002385139,-0.297588795423508,0.0518559291958809,344.270324707031,14.9466419219971,4.61920642852783,-0.130371809005737,0.134204000234604,0.0573642216622829,0.980663955211639
428.662109375,-0.0789676904678345,-0.305158585309982,0.0483752749860287,349.443572998047,16.8005218505859,4.18804311752319,-0.0856288895010948,0.148696213960648,0.0494240522384644,0.983928024768829
429.187622070313,-0.074500635266304,-0.308754861354828,0.062323197722435,353.487701416016,15.7678861618042,4.28042697906494,-0.0511095188558102,0.138951122760773,0.0447180084884167,0.987967967987061
429.768402099609,-0.0734467655420303,-0.310076713562012,0.058555256575346,354.695495605469,16.6230182647705,3.80148816108704,-0.0409732535481453,0.145839363336563,0.0394700765609741,0.987671077251434
430.326171875,-0.0749188363552094,-0.313038051128387,0.0552684292197227,358.065155029297,13.3963184356689,4.1823844909668,-0.0125018423423171,0.11715641617775,0.0382038503885269,0.992299616336823
430.898712158203,-0.0714921206235886,-0.310596168041229,0.0388600938022137,356.857330322266,17.303316116333,0.855471253395081,-0.0259862076491117,0.150568380951881,0.0115024233236909,0.988191068172455
431.419738769531,-0.0671351850032806,-0.311040252447128,0.0399237349629402,357.084350585938,18.1430568695068,0.811268985271454,-0.0240065176039934,0.157790258526802,0.0109999347478151,0.987119555473328
431.935668945313,-0.0617584735155106,-0.310709297657013,0.050517875701189,356.312347412109,20.0075588226318,0.588248729705811,-0.0307944919914007,0.173783585429192,0.0106419641524553,0.984244763851166
432.440704345703,-0.0624920353293419,-0.311677992343903,0.0509296394884586,356.861419677734,19.3349742889404,0.736562013626099,-0.0259172637015581,0.168037086725235,0.0109328050166368,0.985379278659821
432.968353271484,-0.0646869614720345,-0.312087625265121,0.0520997159183025,357.147705078125,18.8309879302979,1.28369867801666,-0.0227195546030998,0.16380687057972,0.0151191195473075,0.986114859580994
433.499084472656,-0.0654159337282181,-0.311706095933914,0.0507866479456425,357.121459960938,18.7377872467041,1.32692408561707,-0.0228961836546659,0.163015007972717,0.0155098531395197,0.986235976219177
434.041320800781,-0.0660557523369789,-0.312080293893814,0.0492138899862766,357.405609130859,18.8914852142334,1.44264221191406,-0.0202641487121582,0.164339631795883,0.0161301922053099,0.986063778400421
434.546325683594,-0.0652541294693947,-0.312345564365387,0.0477494411170483,357.595703125,19.1282501220703,1.33580303192139,-0.0187506396323442,0.16634464263916,0.0149778826162219,0.985775589942932
435.067687988281,-0.0651303976774216,-0.313182681798935,0.0498943366110325,358.15478515625,19.029317855835,1.35988473892212,-0.0139178233221173,0.16545532643795,0.0143636269494891,0.986014485359192
435.622283935547,-0.0669127106666565,-0.311671435832977,0.0497788488864899,356.957641601563,18.8876266479492,1.68679189682007,-0.023769449442625,0.164390191435814,0.0188701637089252,0.985928416252136
436.193939208984,-0.0689456686377525,-0.311524540185928,0.0513328425586224,356.748779296875,18.6084327697754,1.9315881729126,-0.0252672135829926,0.162060275673866,0.0212128981947899,0.986229181289673
436.705383300781,-0.069493904709816,-0.31196990609169,0.0520472452044487,357.128875732422,18.6508617401123,1.89146745204926,-0.0220444872975349,0.162376925349236,0.0203411970287561,0.986272811889648
437.212890625,-0.0695331618189812,-0.312680900096893,0.0532848313450813,357.631530761719,18.5872573852539,2.0105185508728,-0.0175601094961166,0.161792576313019,0.0206473153084517,0.986452519893646
437.792785644531,-0.0704593360424042,-0.312955111265182,0.0525137670338154,357.974822998047,18.4605712890625,2.17535614967346,-0.0143956709653139,0.160680115222931,0.0215678364038467,0.986665844917297
438.309753417969,-0.0704639926552773,-0.313564360141754,0.054497167468071,358.364990234375,18.2283096313477,2.27308249473572,-0.0109431715682149,0.158634155988693,0.0218422524631023,0.987035155296326
438.826507568359,-0.070878341794014,-0.313852936029434,0.0542873740196228,358.635803222656,18.1236362457275,2.37453889846802,-0.00849024020135403,0.157698631286621,0.0223347842693329,0.987198173999786
439.398040771484,-0.0712703466415405,-0.313195437192917,0.0531622134149075,358.383666992188,17.9689884185791,2.41248774528503,-0.0106413383036852,0.156410291790962,0.02299321629107,0.987367153167725
439.908905029297,-0.0712817832827568,-0.313413083553314,0.0523525401949883,358.446960449219,18.102222442627,2.47201776504517,-0.00998757500201464,0.157553136348724,0.0234317351132631,0.987181961536407
440.415008544922,-0.0714761316776276,-0.313504815101624,0.0519604422152042,358.486907958984,18.22776222229,2.55330109596252,-0.00950517505407333,0.158634632825851,0.0240876600146294,0.986997723579407
441.002136230469,-0.070870041847229,-0.314918458461761,0.0550932511687279,359.220092773438,18.1187438964844,2.50516939163208,-0.00327746523544192,0.157563507556915,0.0226581860333681,0.987243473529816
441.584320068359,-0.073039822280407,-0.314673721790314,0.0534341409802437,359.237640380859,17.8099594116211,2.67725777626038,-0.00295452983118594,0.154904127120972,0.0241087861359119,0.987630903720856
442.086517333984,-0.0723162218928337,-0.315041750669479,0.0541671998798847,359.589080810547,17.8392639160156,2.52851533889771,-0.000120721109851729,0.155088320374489,0.022352559491992,0.987647712230682
442.608123779297,-0.0721693262457848,-0.315157830715179,0.0536741241812706,359.618865966797,17.841739654541,2.57974934577942,0.000205776217626408,0.15510405600071,0.022753868252039,0.987636029720306
443.190612792969,-0.0710924714803696,-0.315362334251404,0.0539715513586998,359.812072753906,18.0593490600586,2.49191403388977,0.00179350154940039,0.156943887472153,0.021732147783041,0.987366735935211
443.781646728516,-0.0657171085476875,-0.309856027364731,0.0482937805354595,355.442230224609,22.7216129302979,0.447816133499146,-0.0382149443030357,0.196981802582741,0.0116611570119858,0.979592680931091
444.297668457031,-0.0579009465873241,-0.305436640977859,0.0370256863534451,351.760833740234,26.9879550933838,357.355529785156,-0.0752072036266327,0.231066361069679,-0.00562190636992455,0.970010638237
444.800811767578,-0.0583317875862122,-0.308361947536469,0.0436320304870605,354.216217041016,25.1692295074463,358.209442138672,-0.0526335462927818,0.216807767748833,-0.00423890491947532,0.974785149097443
445.329895019531,-0.0630280673503876,-0.309355556964874,0.0445680692791939,355.098663330078,23.608434677124,359.127471923828,-0.0434099324047565,0.204056397080421,0.00130053458269686,0.977995336055756
445.843658447266,-0.0628222450613976,-0.309674561023712,0.0447942353785038,355.510498046875,23.3509082794189,359.304382324219,-0.0395847633481026,0.201975911855698,0.00198608520440757,0.978588223457336
446.357818603516,-0.0626904368400574,-0.310316532850266,0.0476437732577324,356.307312011719,22.7807292938232,359.679565429688,-0.0321364104747772,0.197300866246223,0.00362317403778434,0.979809463024139
446.863128662109,-0.0628035515546799,-0.311232358217239,0.0477564297616482,356.742462158203,22.6358222961426,359.620483398438,-0.0285202991217375,0.196080014109612,0.00233199680224061,0.98017030954361
447.44921875,-0.0628502443432808,-0.311347454786301,0.0489173606038094,356.974243164063,22.3100528717041,359.733093261719,-0.0263531412929296,0.193336009979248,0.00282343220897019,0.980774581432343
447.965667724609,-0.0634893253445625,-0.311140447854996,0.0467219948768616,357.083679199219,21.7437152862549,359.804901123047,-0.0253112968057394,0.188509210944176,0.00312824361026287,0.981740176677704
448.477661132813,-0.0652580633759499,-0.310771971940994,0.0441404394805431,357.095489501953,21.8594264984131,359.80078125,-0.025213586166501,0.189500197768211,0.00309886666946113,0.981552004814148
448.993072509766,-0.0655635967850685,-0.311330318450928,0.0440492443740368,357.401672363281,21.6882953643799,359.961242675781,-0.022331478074193,0.188082247972488,0.00393356196582317,0.981891512870789
449.5263671875,-0.0641600415110588,-0.312724858522415,0.0428259894251823,357.942932128906,22.2012710571289,359.625823974609,-0.0182429030537605,0.192443281412125,0.000252438097959384,0.981138467788696
450.073120117188,-0.0639200210571289,-0.312646269798279,0.0438699126243591,358.298217773438,21.9449119567871,359.673645019531,-0.0151206590235233,0.19027379155159,3.09473871311639E-05,0.981614649295807
450.630249023438,-0.0656010881066322,-0.312804162502289,0.0432543531060219,358.384033203125,21.9527435302734,359.699310302734,-0.0143431220203638,0.190348252654076,0.000109365486423485,0.981611847877502
451.134887695313,-0.063739001750946,-0.313901662826538,0.0460375584661961,359.063415527344,21.7557849884033,359.685302734375,-0.00854446645826101,0.188687473535538,-0.00115445686969906,0.981999337673187
451.636688232422,-0.0642846673727036,-0.314218670129776,0.046143364161253,359.064605712891,21.7118816375732,359.835845947266,-0.00828648079186678,0.188322335481644,0.000130523563711904,0.982072353363037
452.164581298828,-0.0653365701436996,-0.314439177513123,0.0460458621382713,359.339050292969,21.7067375183105,359.840911865234,-0.0059260381385684,0.188285022974014,-0.000277398445177823,0.982096493244171
452.674896240234,-0.0656444057822227,-0.314684629440308,0.0463719330728054,359.530242919922,21.5923805236816,359.927490234375,-0.0041454304009676,0.187311843037605,0.000146361111546867,0.982291758060455
453.176635742188,-0.0651557072997093,-0.315314114093781,0.0480263195931911,359.896484375,21.6735515594482,0.0270241796970367,-0.000842820445541292,0.188011899590492,0.0004014496516902,0.982166290283203
453.707916259766,-0.0646800771355629,-0.315561234951019,0.0491292551159859,0.0570132248103619,21.667896270752,359.960083007813,0.000423187593696639,0.187963426113129,-0.000435667287092656,0.982175886631012
454.208099365234,-0.0652846843004227,-0.315876394510269,0.0499030724167824,0.305982530117035,21.5888252258301,-0.00425774976611137,0.00261599151417613,0.18728494644165,-0.000536587671376765,0.982302010059357
454.749603271484,-0.0654099062085152,-0.31636580824852,0.0501563623547554,0.49536406993866,21.5461540222168,0.0910723805427551,0.00439521670341492,0.186914548277855,-2.72846136795124E-05,0.982366383075714
455.261016845703,-0.0655201151967049,-0.316288262605667,0.0498057343065739,0.522433698177338,21.5957984924316,0.143337056040764,0.004712691064924,0.187337592244148,0.000374570139683783,0.982284188270569
455.833282470703,-0.0660574436187744,-0.316820412874222,0.0517924092710018,0.846785247325897,21.2961959838867,0.301731824874878,0.00774878123775125,0.184751614928246,0.00122228707186878,0.982753992080688
456.412658691406,-0.0660597011446953,-0.31718772649765,0.0513885319232941,1.08222246170044,21.4190292358398,0.255470752716064,0.00969378370791674,0.185800343751907,0.000435493100667372,0.982539594173431
456.927001953125,-0.0665677934885025,-0.317737102508545,0.0522156581282616,1.50195300579071,21.3022785186768,0.290636748075485,0.0133495144546032,0.184779465198517,6.98955773259513E-05,0.982689380645752
457.443969726563,-0.0676374733448029,-0.317312002182007,0.0507691577076912,1.3197066783905,21.2382621765137,0.442614018917084,0.0120307812467217,0.184222236275673,0.00167391123250127,0.982809603214264
457.974029541016,-0.0653521716594696,-0.317858040332794,0.0528003945946693,1.64327025413513,21.2576961517334,0.303833454847336,0.0145826619118452,0.184389248490334,-3.92187648685649E-05,0.982745110988617
458.501220703125,-0.0656898617744446,-0.31825464963913,0.0529772788286209,1.76123607158661,21.311731338501,0.239376172423363,0.0154902348294854,0.184855863451958,-0.000789200246799737,0.982643246650696
459.018615722656,-0.0669759288430214,-0.31824716925621,0.0538662672042847,1.85113906860352,20.9102172851563,0.602455615997314,0.0168390292674303,0.181355401873589,0.00223817070946097,0.983270943164825
459.535827636719,-0.0657428056001663,-0.317202478647232,0.0505316033959389,1.24176597595215,21.2183017730713,0.467313706874847,0.011401679366827,0.18405257165432,0.00201309891417623,0.982848227024078
460.047607421875,-0.0665800347924232,-0.317649483680725,0.0535399541258812,1.59972822666168,20.9949798583984,1.16447937488556,0.0155766783282161,0.182025790214539,0.00744753098115325,0.983142137527466
460.573547363281,-0.0676767081022263,-0.31784725189209,0.046464454382658,1.95695018768311,21.0141448974609,0.884836375713348,0.0181978195905685,0.182195216417313,0.00447702268138528,0.983083784580231
461.074249267578,-0.0657879561185837,-0.317814707756042,0.0469859912991524,2.0105345249176,21.30322265625,0.68718558549881,0.0183499678969383,0.184701517224312,0.00264977710321546,0.982619762420654
461.579193115234,-0.0658876672387123,-0.318364262580872,0.0478050783276558,2.50447940826416,21.5836772918701,0.835904777050018,0.0228324066847563,0.187035113573074,0.00307199824601412,0.982083082199097
462.164337158203,-0.0881334543228149,-0.30191832780838,-0.0393246561288834,351.254791259766,26.1892738342285,358.780914306641,-0.0766588151454926,0.225097924470901,0.00694093853235245,0.97129100561142
462.698822021484,-0.0784102231264114,-0.310985058546066,0.0259134862571955,358.626770019531,20.7463359832764,0.788502812385559,-0.0105483802035451,0.180122435092926,0.00892564374953508,0.983547151088715
463.206268310547,-0.0791447907686234,-0.31216025352478,0.0242487881332636,359.479919433594,21.1169242858887,0.83367931842804,-0.00312861730344594,0.183264434337616,0.00798354297876358,0.983026266098022
463.728607177734,-0.0774082690477371,-0.313921064138412,0.0278295483440161,0.645820200443268,21.3257923126221,0.867643594741821,0.00693928450345993,0.18498007953167,0.00639792252331972,0.982696950435638
464.265563964844,-0.0779140442609787,-0.314362436532974,0.0273130834102631,0.900956094264984,21.3255348205566,0.828462183475494,0.00906392931938171,0.18496161699295,0.00564988469704986,0.982687771320343
464.777587890625,-0.0777667015790939,-0.315353333950043,0.028596417978406,1.6539591550827,21.3876647949219,0.733880639076233,0.0153703214600682,0.185446888208389,0.00361424521543086,0.982527434825897
465.285369873047,-0.0783148035407066,-0.316161304712296,0.0298856366425753,2.23263835906982,21.3116893768311,0.941373705863953,0.0206643380224705,0.184710696339607,0.00446942821145058,0.982565522193909
465.796112060547,-0.0772117152810097,-0.316604256629944,0.0305465403944254,2.42188715934753,21.4949741363525,0.811519861221313,0.0220824703574181,0.186287596821785,0.0030151354148984,0.982242465019226
466.311676025391,-0.0784389302134514,-0.316940367221832,0.0298115834593773,2.68523454666138,21.4996089935303,0.992536008358002,0.0246339812874794,0.186263084411621,0.00413687527179718,0.982182323932648
466.825744628906,-0.0786417946219444,-0.317260384559631,0.0305723287165165,2.95844912528992,21.6019439697266,1.05445826053619,0.0270798821002245,0.187094271183014,0.00419835094362497,0.981959760189056
467.333770751953,-0.0789611637592316,-0.317376583814621,0.0306022595614195,3.08586716651917,21.4615306854248,1.11267459392548,0.0282611567527056,0.185861051082611,0.00452328007668257,0.98215913772583
467.843872070313,-0.0782144814729691,-0.318102717399597,0.031429585069418,3.47637534141541,21.3977508544922,1.10423374176025,0.0315918698906898,0.185266077518463,0.00383336492814124,0.982172966003418
468.3603515625,-0.0767737552523613,-0.318771421909332,0.0332640781998634,3.93648529052734,21.4604930877686,1.04435956478119,0.0354394353926182,0.18576018512249,0.00255462061613798,0.981952488422394
468.953826904297,-0.0785810425877571,-0.318702518939972,0.0324236191809177,3.81034827232361,21.442964553833,1.08959865570068,0.0344315096735954,0.185613185167313,0.00315271178260446,0.982014417648315
469.478332519531,-0.0788553953170776,-0.317947119474411,0.0341251157224178,3.54987239837646,21.4754409790039,1.74911320209503,0.033270038664341,0.185737907886505,0.00921873655170202,0.981992661952972
469.986053466797,-0.0796097591519356,-0.318121731281281,0.0326385162770748,3.41781949996948,21.2605152130127,1.25752377510071,0.0313315466046333,0.184055626392365,0.00527973147109151,0.982402145862579
470.508666992188,-0.0804676786065102,-0.319400519132614,0.0356922559440136,4.00954627990723,20.8394050598145,1.92439448833466,0.0374362394213676,0.180143415927887,0.0101796928793192,0.982874989509583
471.104309082031,-0.0785942897200584,-0.319157630205154,0.0354304276406765,4.03166580200195,21.2376651763916,1.5486444234848,0.0370588675141335,0.183676347136497,0.00679302867501974,0.982264518737793
471.636352539063,-0.0775531530380249,-0.318632811307907,0.0362778566777706,3.67299365997314,21.2722320556641,1.47533762454987,0.0338692329823971,0.184055283665657,0.00673217093572021,0.982309103012085
472.150054931641,-0.0781427621841431,-0.320020854473114,0.0385639518499374,4.56032466888428,21.1175556182861,1.66387605667114,0.0417665503919125,0.182511836290359,0.00697264121845365,0.982291400432587
472.700164794922,-0.0779008939862251,-0.320510476827621,0.0399525240063667,5.02604532241821,20.8668727874756,1.76473605632782,0.0459024645388126,0.18023344874382,0.00719108665362,0.982525944709778
473.213073730469,-0.0788662955164909,-0.319626063108444,0.0402093715965748,4.78614616394043,20.9908428192139,1.96643817424774,0.0441732406616211,0.181266784667969,0.00925294682383537,0.982397854328156
473.725646972656,-0.0797600671648979,-0.317771136760712,0.0399053283035755,3.83022451400757,20.7168350219727,2.13121938705444,0.0362104810774326,0.179062396287918,0.0122761782258749,0.98309451341629
474.251098632813,-0.0787256881594658,-0.319418162107468,0.0401124097406864,4.66770839691162,20.8949966430664,1.72948384284973,0.0427769348025322,0.180559039115906,0.00744601245969534,0.982605278491974
474.769927978516,-0.0786026641726494,-0.319591701030731,0.0405328050255775,4.51955842971802,20.9566440582275,1.72377347946167,0.0415019206702709,0.181118294596672,0.00760971382260323,0.982555866241455
475.278472900391,-0.0764809399843216,-0.316548198461533,0.0424820743501186,1.09913158416748,20.9845905303955,1.22203481197357,0.0113725429400802,0.181984007358551,0.00873871147632599,0.983196914196014
475.779510498047,-0.0762086063623428,-0.315940201282501,0.0415695533156395,0.677021861076355,21.1245574951172,0.97852885723114,0.00737301725894213,0.183244690299034,0.00731140049174428,0.983012497425079
476.301513671875,-0.0766140446066856,-0.314055740833282,0.0425302051007748,359.250305175781,21.0751495361328,0.767810821533203,-0.0052065527997911,0.182915404438972,0.00778366671875119,0.983084082603455
476.832458496094,-0.0755274295806885,-0.314443677663803,0.0428753197193146,359.298095703125,21.7703952789307,0.562965571880341,-0.00508727226406336,0.188865482807159,0.00598099175840616,0.981971621513367
477.337615966797,-0.0751923620700836,-0.313971608877182,0.0444202907383442,359.030364990234,21.5087547302246,0.690955579280853,-0.00718767009675503,0.18663914501667,0.00750245759263635,0.982373595237732
477.923126220703,-0.0750517845153809,-0.315360188484192,0.0447490215301514,0.164734855294228,21.3649215698242,0.627283036708832,0.00242734793573618,0.185355126857758,0.00511270202696323,0.982655346393585
478.461273193359,-0.0755383893847466,-0.316075295209885,0.04587696865201,0.521438479423523,21.3062629699707,0.735875010490417,0.00565898884087801,0.184828326106071,0.00546974828466773,0.982739329338074
478.976989746094,-0.0770088136196136,-0.316362679004669,0.0458867512643337,0.688072144985199,21.1188831329346,0.905386507511139,0.00735051557421684,0.183199837803841,0.0066666379570961,0.98302561044693
479.481018066406,-0.0763048827648163,-0.316539376974106,0.0459598302841187,0.826479196548462,21.2303142547607,0.870132505893707,0.00848742667585611,0.184147462248802,0.00613457057625055,0.982842862606049
480.003295898438,-0.0766282677650452,-0.316981285810471,0.046943373978138,1.19281184673309,21.313985824585,0.931917667388916,0.0117330243811011,0.18482968211174,0.00606685038655996,0.982681810855865
480.530883789063,-0.0748071298003197,-0.317916363477707,0.0490545593202114,1.72230553627014,21.3898296356201,0.90680593252182,0.0162362288683653,0.185435757040977,0.00498589780181646,0.982509613037109
481.035430908203,-0.0770071968436241,-0.318134129047394,0.0490471459925175,1.84881937503815,21.2575912475586,1.19735026359558,0.0177825801074505,0.184245571494102,0.00729250628501177,0.982692301273346
481.553680419922,-0.078427292406559,-0.31783190369606,0.0484039261937141,1.68501150608063,20.9874992370605,1.40082502365112,0.0166830942034721,0.181918233633041,0.00934064108878374,0.983127772808075
482.140655517578,-0.0778117626905441,-0.318337082862854,0.0486031100153923,2.00300145149231,21.1497707366943,1.29375016689301,0.0192522462457418,0.183286771178246,0.00788894109427929,0.982839286327362
482.646636962891,-0.0765071958303452,-0.318481922149658,0.0486901141703129,2.08636140823364,21.1481170654297,1.24384152889252,0.0198872238397598,0.183270826935768,0.0073275538161397,0.982833981513977
483.217132568359,-0.0760141760110855,-0.318658530712128,0.0495524555444717,2.26150369644165,21.1303749084473,1.26854264736176,0.0214276351034641,0.183092400431633,0.00726201012730598,0.982835352420807
483.738006591797,-0.0778251141309738,-0.318795800209045,0.0500780865550041,2.46131944656372,21.1142711639404,1.5344649553299,0.0235647205263376,0.182874545454979,0.00922598317265511,0.98281055688858
484.321105957031,-0.078152984380722,-0.319293171167374,0.0493382923305035,2.74350452423096,20.8343124389648,1.62554728984833,0.0261064786463976,0.180409669876099,0.00961917638778687,0.983198046684265
484.830047607422,-0.0779046565294266,-0.318787813186646,0.0480244308710098,2.45058131217957,21.0567855834961,1.66566336154938,0.0236767940223217,0.182356089353561,0.0103802876546979,0.982892632484436
485.334442138672,-0.0773482322692871,-0.319299399852753,0.0482070297002792,2.80819058418274,21.1532154083252,1.59008514881134,0.0266311205923557,0.18314303457737,0.009138616733253,0.982683002948761
485.861999511719,-0.0785522237420082,-0.319596022367477,0.0491809248924255,3.08811736106873,20.8317546844482,1.85413253307343,0.0294222347438335,0.180273607373238,0.0110363448038697,0.983114421367645
486.3671875,-0.0782325938344002,-0.319753348827362,0.048838559538126,3.08576583862305,20.9420986175537,1.79476773738861,0.0293187946081161,0.181235820055008,0.0105025256052613,0.982946455478668
486.907806396484,-0.0770553573966026,-0.319991648197174,0.0492961630225182,3.29094171524048,20.9333610534668,1.74508619308472,0.0309991296380758,0.181137725710869,0.00975274294614792,0.982920706272125
487.421417236328,-0.0770809352397919,-0.320019870996475,0.0495046153664589,3.45468187332153,21.0789566040039,1.69518268108368,0.0323359854519367,0.182371482253075,0.00902356300503016,0.982656419277191
487.928955078125,-0.0795666798949242,-0.319780856370926,0.0492227450013161,3.35088062286377,20.7334442138672,2.07367014884949,0.0320105999708176,0.17932103574276,0.0125317918136716,0.983189821243286
488.437103271484,-0.0787940546870232,-0.320329278707504,0.0488878451287746,3.62636947631836,20.7648105621338,1.89247465133667,0.0340931117534637,0.179588317871094,0.0105342548340559,0.983094453811646
488.962280273438,-0.0785496309399605,-0.32080864906311,0.0505191832780838,3.87710309028625,20.7575492858887,2.09327960014343,0.036557499319315,0.179413825273514,0.011863948777318,0.983022630214691
489.480285644531,-0.0787201002240181,-0.320694327354431,0.0499010197818279,3.86031365394592,20.7853240966797,2.04321336746216,0.0363378897309303,0.179671496152878,0.0114521086215973,0.982988595962524
489.985504150391,-0.0815643966197968,-0.315849155187607,0.0495531931519508,0.724567711353302,19.6963081359863,2.21831440925598,0.00953941326588392,0.170881569385529,0.0179903469979763,0.985081136226654
490.492523193359,-0.0832313224673271,-0.313252568244934,0.045994509011507,358.727722167969,18.9075965881348,2.05810761451721,-0.00800031889230013,0.164412319660187,0.0195377320051193,0.986165761947632
491.016540527344,-0.0830078795552254,-0.314014434814453,0.0456774644553661,359.224395751953,18.9852333068848,2.03160572052002,-0.00375098921358585,0.165009155869484,0.0186010915786028,0.986109495162964
491.541870117188,-0.081279993057251,-0.315672755241394,0.0479042902588844,0.330542862415314,19.3197212219238,2.04093074798584,0.00583158293738961,0.167720809578896,0.017073005437851,0.985669434070587
492.057586669922,-0.08148293197155,-0.316252589225769,0.0479924529790878,0.563894033432007,19.4114093780518,2.24034214019775,0.00814527180045843,0.168458431959152,0.0184399355202913,0.985502600669861
492.648468017578,-0.0825442671775818,-0.316547304391861,0.0477582104504108,0.896165013313293,19.2003784179688,2.39909601211548,0.0112004112452269,0.16656893491745,0.0193367805331945,0.985776543617249
493.153289794922,-0.0809126421809196,-0.316976755857468,0.0463963709771633,1.26116955280304,19.5991287231445,1.93021047115326,0.0137100582942367,0.169984877109528,0.0147238001227379,0.985241293907166
493.743591308594,-0.0823565721511841,-0.315255761146545,0.0453232079744339,0.185479611158371,19.3680477142334,2.56913590431213,0.00536618800833821,0.168136268854141,0.0218263808637857,0.985507488250732
494.297058105469,-0.0806273743510246,-0.316282838582993,0.0475919544696808,1.03998804092407,19.3296127319336,2.5272045135498,0.0126465577632189,0.167638853192329,0.0202150885015726,0.985560119152069
494.881072998047,-0.0816828459501266,-0.297754347324371,0.0364816337823868,344.308166503906,16.5757503509521,358.613037109375,-0.136802315711975,0.141151994466782,0.00781121291220188,0.980459213256836
495.387359619141,-0.0777261257171631,-0.302786558866501,0.0380392484366894,348.838287353516,18.4295921325684,359.095825195313,-0.097249872982502,0.15861465036869,0.00782119389623404,0.982508361339569
495.974517822266,-0.0772219598293304,-0.306416898965836,0.039856031537056,351.810485839844,18.8179225921631,359.324066162109,-0.0714060291647911,0.162644594907761,0.00586888054385781,0.984080016613007
496.556488037109,-0.0779485926032066,-0.307402282953262,0.0388632044196129,352.757263183594,18.9587020874023,359.538604736328,-0.0629614070057869,0.164111122488976,0.00643889605998993,0.98440945148468
497.059997558594,-0.0777979269623756,-0.308315694332123,0.0402442179620266,353.467315673828,18.5875759124756,359.793334960938,-0.0565203875303268,0.161132782697678,0.0074247820302844,0.985284984111786
497.642639160156,-0.076843373477459,-0.309965938329697,0.0417981706559658,354.866851806641,18.8473873138428,359.691619873047,-0.0446159690618515,0.163450196385384,0.00467988289892673,0.985531151294708
498.150482177734,-0.0766610354185104,-0.310192048549652,0.0420270413160324,355.2587890625,19.0978908538818,0.0664237812161446,-0.0406938977539539,0.16577173769474,0.00743286311626434,0.985296189785004
498.656066894531,-0.0773477330803871,-0.310805350542068,0.0426894202828407,355.575744628906,18.7595348358154,0.149318307638168,-0.0378709696233273,0.162905588746071,0.0075754807330668,0.985885500907898
499.168518066406,-0.0765816196799278,-0.311638504266739,0.0446506217122078,356.248931884766,18.7991580963135,359.987731933594,-0.0323063917458057,0.163227766752243,0.00523949041962624,0.98604542016983
499.731628417969,-0.07700564712286,-0.312327146530151,0.0436859838664532,356.706695556641,18.8740558624268,0.0402880273759365,-0.0282890293747187,0.163905769586563,0.00505825970321894,0.986057341098785
500.241058349609,-0.0784240365028381,-0.312580704689026,0.0443112030625343,356.836090087891,18.867696762085,0.413636326789856,-0.0266418531537056,0.163943529129028,0.00808444526046515,0.986076772212982
500.769592285156,-0.0753217115998268,-0.313632398843765,0.0425768606364727,357.551208496094,19.4589385986328,359.856475830078,-0.0212722439318895,0.168931216001511,0.00237704673781991,0.98539537191391
501.343902587891,-0.0761427506804466,-0.31392565369606,0.0425321385264397,357.71923828125,19.4517650604248,359.989837646484,-0.0196310337632895,0.168899416923523,0.00327465333975852,0.985432326793671
501.848449707031,-0.0753350034356117,-0.314366608858109,0.0431048013269901,357.995086669922,19.4172744750977,0.0663347542285919,-0.0171472057700157,0.168622106313705,0.00352088734507561,0.98552531003952
502.360748291016,-0.0748196020722389,-0.314706414937973,0.0433525815606117,358.322570800781,19.6940097808838,359.712066650391,-0.0148516511544585,0.170962765812874,2.79984524240717E-05,0.985165536403656
502.861206054688,-0.0756930857896805,-0.313815355300903,0.0428297817707062,357.824462890625,19.644115447998,359.992950439453,-0.0187163297086954,0.170556962490082,0.00317798554897308,0.985164940357208
503.453735351563,-0.0756761431694031,-0.315395444631577,0.0444282293319702,358.738586425781,19.4060478210449,0.011969325132668,-0.0108326394110918,0.168532326817513,0.00195820699445903,0.985634624958038
503.971435546875,-0.0760239362716675,-0.316373586654663,0.0450065582990646,359.666381835938,19.5959777832031,359.9833984375,-0.00289361923933029,0.170173779129982,0.000352792150806636,0.98540985584259
504.473663330078,-0.076416902244091,-0.316273897886276,0.0448493249714375,359.503051757813,19.5035820007324,0.19117745757103,-0.00399149535223842,0.169385597109795,0.00237877387553453,0.985538899898529
504.993774414063,-0.0769402012228966,-0.316817164421082,0.0447056479752064,359.779296875,19.3874664306641,0.255912691354752,-0.00152246106881648,0.168385073542595,0.00252566975541413,0.985716879367828
505.506958007813,-0.0755690932273865,-0.31759375333786,0.0461831800639629,0.309185743331909,19.6487216949463,0.263056457042694,0.00305027002468705,0.170621261000633,0.00180154643021524,0.98533034324646
506.024627685547,-0.075434647500515,-0.31856694817543,0.0472966395318508,0.910977363586426,19.5689220428467,0.390621930360794,0.00841329339891672,0.169909179210663,0.00200814148411155,0.985421776771545
506.537658691406,-0.0767163410782814,-0.318521469831467,0.0472360290586948,1.09409320354462,19.315071105957,0.619102358818054,0.0103184757754207,0.167697846889496,0.00372417899779975,0.98577743768692
507.054260253906,-0.0780235603451729,-0.319581210613251,0.04820192232728,1.87083256244659,18.7787303924561,0.674026072025299,0.0170658398419619,0.163023546338081,0.00313905533403158,0.986469626426697
507.578369140625,-0.0778960138559341,-0.31941020488739,0.0479260049760342,1.76130652427673,19.1001415252686,0.864485681056976,0.0164077263325453,0.165770784020424,0.0048886532895267,0.986015677452087
508.091339111328,-0.0770449563860893,-0.32026219367981,0.0483636222779751,2.30947875976563,19.3212623596191,0.70726203918457,0.0209020003676414,0.167652145028114,0.0027014350052923,0.98562091588974
508.611114501953,-0.0756189301609993,-0.321531653404236,0.0498880185186863,3.06623554229736,19.7202949523926,0.498026490211487,0.0271032806485891,0.171066388487816,-0.000301187712466344,0.984886646270752
509.168212890625,-0.0782622545957565,-0.321268171072006,0.049897164106369,2.93545603752136,19.205904006958,0.872978448867798,0.0265246648341417,0.166567578911781,0.00323611474595964,0.985667943954468
509.685852050781,-0.0758032724261284,-0.321279615163803,0.0502093136310577,3.12447953224182,19.2050361633301,0.864316046237946,0.0281378086656332,0.166542589664459,0.00288642104715109,0.985628485679626
510.204162597656,-0.0762850940227509,-0.32192787528038,0.0507111921906471,3.40286231040955,19.2135906219482,0.750345587730408,0.0303664803504944,0.166616842150688,0.00149834831245244,0.985552847385406
510.718505859375,-0.0762869492173195,-0.322081059217453,0.0497554801404476,3.52712059020996,19.3848705291748,0.692608594894409,0.0313523262739182,0.168093085289001,0.000773843436036259,0.985272169113159
511.221374511719,-0.0746799409389496,-0.323143988847733,0.0517761632800102,4.21090984344482,19.5097980499268,0.613671243190765,0.037113893777132,0.16912305355072,-0.000950437795836478,0.984895467758179
511.748779296875,-0.0736415833234787,-0.323041766881943,0.0507477261126041,4.04541921615601,19.937442779541,0.412661015987396,0.0353855118155479,0.172876343131065,-0.00256544072180986,0.984304368495941
512.296752929688,-0.0747836157679558,-0.322874844074249,0.0504868999123573,4.04992151260376,19.7103462219238,0.710020899772644,0.0358726345002651,0.170832455158234,5.30756842636038E-05,0.984646856784821
512.82275390625,-0.0763118416070938,-0.32379874587059,0.0513453036546707,4.47367095947266,19.4720306396484,0.898491203784943,0.0397918336093426,0.168673276901245,0.00112176197580993,0.984867870807648
513.338623046875,-0.0749141201376915,-0.323899537324905,0.0527345798909664,4.50864362716675,19.6237049102783,0.734477579593658,0.0398504361510277,0.170029520988464,-0.000392262358218431,0.984632790088654
513.867126464844,-0.0756377577781677,-0.323838174343109,0.0515678524971008,4.56619119644165,19.5403423309326,0.686645150184631,0.0402745269238949,0.169323459267616,-0.00085959438001737,0.984736979007721
514.467102050781,-0.0750528573989868,-0.324542462825775,0.050854817032814,5.06398010253906,19.9148921966553,0.720130026340485,0.0445964522659779,0.172471046447754,-0.00145524914842099,0.984003484249115
514.977111816406,-0.0759489089250565,-0.324642509222031,0.0505219288170338,5.2381443977356,19.8424453735352,0.86724841594696,0.0463134497404099,0.17176841199398,-0.000425702484790236,0.984048008918762
515.501037597656,-0.0680141896009445,-0.315769284963608,0.0461024232208729,359.139221191406,24.894552230835,359.632873535156,-0.00802566669881344,0.215510442852974,-0.0015092184767127,0.976467370986938
516.032287597656,-0.0653496384620667,-0.310260504484177,0.0328204669058323,354.447540283203,27.531681060791,357.079345703125,-0.0530860349535942,0.236399039626122,-0.0132019743323326,0.970115005970001
516.547241210938,-0.0668461844325066,-0.312504857778549,0.0356508642435074,356.015258789063,26.4653472900391,357.489562988281,-0.0388466119766235,0.227971389889717,-0.013355016708374,0.97280091047287
517.056579589844,-0.0655394271016121,-0.313555687665939,0.0368008948862553,356.616943359375,26.2255764007568,357.554595947266,-0.0335812792181969,0.226104736328125,-0.014077884145081,0.973422229290009
517.573059082031,-0.0657805949449539,-0.314928770065308,0.0380210019648075,357.675598144531,25.9662113189697,357.573455810547,-0.0245160758495331,0.22414867579937,-0.0160727519541979,0.974114000797272
518.095764160156,-0.0684787780046463,-0.315723747014999,0.0402119196951389,358.500061035156,24.9871692657471,358.450012207031,-0.0157037600874901,0.21611912548542,-0.0103730587288737,0.976185619831085
518.607604980469,-0.0683025494217873,-0.316345781087875,0.0417868718504906,359.047973632813,24.9177474975586,358.371612548828,-0.0111770266667008,0.215594291687012,-0.0120825571939349,0.976344347000122
519.122619628906,-0.0695671960711479,-0.317551970481873,0.0436078906059265,359.901641845703,24.3055858612061,358.934692382813,-0.0027962583117187,0.210502430796623,-0.00890745222568512,0.977548778057098
519.649291992188,-0.0694778263568878,-0.318154901266098,0.043910313397646,0.305397748947144,24.0591716766357,358.882537841797,0.000574088073335588,0.208431512117386,-0.0100926971063018,0.977984726428986
520.170654296875,-0.0716506466269493,-0.317277461290359,0.0456530041992664,359.566925048828,23.3939437866211,359.539337158203,-0.00451587047427893,0.202717572450638,-0.00317024206742644,0.979221701622009
520.766540527344,-0.0987070351839066,-0.303882628679276,0.0532653331756592,348.892639160156,12.3886022567749,14.935977935791,-0.081438921391964,0.118988081812859,0.138960748910904,0.979744553565979
521.290100097656,-0.101702272891998,-0.306275486946106,0.0536912344396114,351.365814208984,11.560977935791,13.7123441696167,-0.0623685792088509,0.108654133975506,0.125960797071457,0.984092652797699
521.804138183594,-0.0944740325212479,-0.313517093658447,0.0532171949744225,356.142700195313,13.2034101486206,10.897388458252,-0.0223702285438776,0.117556907236576,0.0981230437755585,0.987953364849091
522.315124511719,-0.0838762447237968,-0.312858670949936,0.047879297286272,355.703125,17.0794734954834,7.48988723754883,-0.0273016318678856,0.150495484471321,0.0701005160808563,0.98574423789978
522.829528808594,-0.0820305496454239,-0.313483208417892,0.0462532080709934,356.114105224609,18.0906028747559,6.51812362670898,-0.0244958195835352,0.158774346113205,0.0614330843091011,0.985097289085388
523.368957519531,-0.0814550817012787,-0.313772827386856,0.0460320636630058,356.418487548828,18.1061267852783,6.44628763198853,-0.0219686888158321,0.158758595585823,0.0604065842926502,0.98522287607193
523.957946777344,-0.0795179679989815,-0.314713716506958,0.0474720522761345,356.994506835938,18.251636505127,6.2384033203125,-0.0172273069620132,0.159722477197647,0.0578593984246254,0.985314309597015
524.473205566406,-0.0812671408057213,-0.31401738524437,0.0474326834082603,356.812042236328,18.255542755127,6.19686412811279,-0.0188530441373587,0.159827947616577,0.0577526763081551,0.985273718833923
524.973815917969,-0.080776073038578,-0.314559042453766,0.0486021526157856,357.381011962891,18.3627223968506,6.08348321914673,-0.0140638574957848,0.160490766167641,0.0560112446546555,0.985346496105194
525.497314453125,-0.0825588703155518,-0.316093266010284,0.04825659096241,358.271179199219,18.3099060058594,6.12586498260498,-0.00637238984927535,0.159655511379242,0.0551430284976959,0.985610842704773
526.034912109375,-0.0804701447486877,-0.316426366567612,0.0482311062514782,358.569488525391,18.407205581665,5.75675296783447,-0.0042758397758007,0.160347804427147,0.0515597686171532,0.985703766345978
526.540954589844,-0.0798614472150803,-0.3168625831604,0.0483749210834503,358.885375976563,18.7300796508789,5.69938802719116,-0.00149561115540564,0.162992164492607,0.0506318993866444,0.98532623052597
527.071899414063,-0.0811195224523544,-0.317065834999084,0.0489699989557266,359.083679199219,18.5222663879395,5.98930597305298,0.000526000978425145,0.161121740937233,0.0528452657163143,0.985518574714661
527.580261230469,-0.0813283696770668,-0.317089587450027,0.0488342680037022,359.166381835938,18.722282409668,5.8985743522644,0.00120062520727515,0.162806376814842,0.0519471876323223,0.985288858413696
528.113159179688,-0.0813232213258743,-0.317665457725525,0.049041248857975,359.391296386719,18.511604309082,5.98341417312622,0.00315883476287127,0.1608946621418,0.0523643791675568,0.985576450824738
528.678771972656,-0.0799892544746399,-0.318806171417236,0.0499902069568634,0.0954826772212982,18.9449157714844,5.8081111907959,0.00915871281176805,0.164320424199104,0.0498358532786369,0.985104739665985
529.271057128906,-0.0837523937225342,-0.319992899894714,0.0532211996614933,0.910968482494354,18.2147407531738,6.26631307601929,0.0164887234568596,0.157614469528198,0.0527094900608063,0.98595517873764
529.861694335938,-0.0830841287970543,-0.320261210203171,0.0533340126276016,1.1363308429718,18.5782623291016,6.09381294250488,0.0183517560362816,0.160660326480865,0.0508554950356483,0.985527873039246
530.388244628906,-0.083853080868721,-0.320597678422928,0.0525488816201687,1.39321863651276,18.6460800170898,5.91066217422485,0.0203329864889383,0.161154687404633,0.0489056333899498,0.985507011413574
530.911743164063,-0.0816814377903938,-0.321082174777985,0.0527614429593086,1.73785150051117,19.1291904449463,5.59107398986816,0.0230394154787064,0.165213257074356,0.0455716401338577,0.98493504524231
531.435302734375,-0.0806682780385017,-0.319333553314209,0.0533894822001457,0.773651719093323,18.8028259277344,5.16930198669434,0.0140200480818748,0.162880033254623,0.0433869324624538,0.985591769218445
531.946350097656,-0.0802289173007011,-0.321129202842712,0.0537386909127235,1.65766632556915,19.1461009979248,5.10673141479492,0.0216578505933285,0.165486991405487,0.0415216311812401,0.9850994348526
532.47216796875,-0.0786050483584404,-0.321081846952438,0.0538485571742058,1.64455628395081,19.473388671875,4.839271068573,0.0212708450853825,0.16835530102253,0.0391807556152344,0.984717726707458
532.989318847656,-0.0795058161020279,-0.320694237947464,0.0537218190729618,1.56107473373413,19.5254936218262,4.82689142227173,0.0205532368272543,0.168837293982506,0.0391885377466679,0.984650135040283
533.495788574219,-0.07902742177248,-0.320896625518799,0.0546136125922203,1.79139959812164,19.6034507751465,4.67724466323853,0.022337069734931,0.169448018074036,0.0375457555055618,0.984570324420929
534.007080078125,-0.0789564400911331,-0.321207314729691,0.0542080774903297,1.89184248447418,19.5338954925537,4.65860271453857,0.0231497120112181,0.16881650686264,0.0372500084340572,0.984671294689178
534.531494140625,-0.0824106335639954,-0.314971566200256,0.0557592995464802,357.614410400391,16.7777271270752,3.48760581016541,-0.0161458812654018,0.146418258547783,0.0331338532269001,0.98853588104248
535.1201171875,-0.0804694890975952,-0.316455900669098,0.0543981231749058,358.40869140625,19.2638092041016,3.62618708610535,-0.00839052256196737,0.167651027441025,0.0335124284029007,0.985240936279297
535.632751464844,-0.0821728631854057,-0.316287308931351,0.0520252734422684,358.380065917969,19.1809787750244,3.99446892738342,-0.00812420248985291,0.166973009705544,0.0367144420742989,0.98524421453476
536.140502929688,-0.0795897096395493,-0.312555372714996,0.0535422340035439,355.36572265625,19.0385265350342,0.126410827040672,-0.0396916568279266,0.165287852287292,0.00777345430105925,0.985415697097778
536.6533203125,-0.062006238847971,-0.312577784061432,0.0424195341765881,353.644226074219,26.1003360748291,352.752044677734,-0.068147212266922,0.221592530608177,-0.0489881820976734,0.971520900726318
537.176391601563,-0.0694571733474731,-0.313165813684464,0.0483147986233234,354.610870361328,23.7674961090088,354.899200439453,-0.0551118403673172,0.203448072075844,-0.0338250622153282,0.976948022842407
537.689453125,-0.0700922086834908,-0.313513875007629,0.047347467392683,354.870361328125,23.5838871002197,355.094390869141,-0.0525022186338902,0.202091932296753,-0.0327147766947746,0.977410912513733
538.201354980469,-0.0705421045422554,-0.314283281564713,0.0490999631583691,355.547668457031,23.0362148284912,355.422729492188,-0.0459994822740555,0.197847813367844,-0.031349815428257,0.978650867938995
538.718566894531,-0.0708539336919785,-0.313618540763855,0.0498302653431892,355.221740722656,22.6194400787354,355.817199707031,-0.0480000860989094,0.194319754838943,-0.0275843478739262,0.979374766349792
539.239685058594,-0.0710342973470688,-0.314488172531128,0.0507020354270935,355.865631103516,22.5554428100586,355.959259033203,-0.0422430001199245,0.19406895339489,-0.0275016333907843,0.979692041873932
539.754699707031,-0.0701590478420258,-0.313848078250885,0.051539346575737,355.632110595703,22.8711280822754,356.060638427734,-0.0441388115286827,0.196720913052559,-0.0261127427220345,0.979117393493652
540.265747070313,-0.069024421274662,-0.313969105482101,0.0526220425963402,355.471374511719,22.8082942962646,355.951904296875,-0.0456833578646183,0.196082755923271,-0.02678725682199,0.979156315326691
540.816223144531,-0.0694256126880646,-0.312800675630569,0.0581107512116432,354.037963867188,21.8948783874512,356.341827392578,-0.0570859313011169,0.187925085425377,-0.0214238315820694,0.980288922786713
541.406616210938,-0.0640686228871346,-0.320143014192581,0.0897418409585953,357.443664550781,20.0668869018555,357.785675048828,-0.0253266282379627,0.173722684383392,-0.0151365846395493,0.98435252904892
541.930419921875,-0.0632620006799698,-0.320117622613907,0.0841430425643921,357.998992919922,20.4808788299561,357.589447021484,-0.0209182389080524,0.177351489663124,-0.0175925996154547,0.983768045902252
542.433898925781,-0.0665961354970932,-0.320299386978149,0.0794365108013153,358.386383056641,20.2166786193848,357.862884521484,-0.017132731154561,0.175203576683998,-0.0158864893019199,0.984254956245422
542.992919921875,-0.0675435066223145,-0.320312678813934,0.0744418054819107,358.970520019531,20.4113788604736,357.936706542969,-0.0120302699506283,0.176987424492836,-0.0161276385188103,0.984007477760315
543.592956542969,-0.0717650651931763,-0.31900691986084,0.0721814408898354,358.025085449219,20.1556224822998,358.284057617188,-0.019585557281971,0.174685791134834,-0.011725234799087,0.984359622001648
544.108276367188,-0.0711776316165924,-0.319983452558517,0.0740979313850403,358.623992919922,19.9795074462891,358.473999023438,-0.0141343353316188,0.173286706209183,-0.0110309803858399,0.984708249568939
544.642028808594,-0.0730513036251068,-0.319228529930115,0.0715490505099297,358.535522460938,19.7262554168701,358.822326660156,-0.0143504468724132,0.171142682433128,-0.00793535634875298,0.985109806060791
545.143249511719,-0.0731422603130341,-0.319492638111115,0.0704826042056084,358.814788818359,19.6260623931885,358.869537353516,-0.0118722077459097,0.170315653085709,-0.00795738957822323,0.985285878181458
545.667053222656,-0.0744727775454521,-0.319063752889633,0.0676253959536552,358.545928955078,19.6126289367676,358.809387207031,-0.0142721170559525,0.170165285468102,-0.00807615276426077,0.985279083251953
546.193664550781,-0.0728664398193359,-0.31992095708847,0.0676061064004898,359.018524169922,19.9012603759766,358.763427734375,-0.0103002293035388,0.172692105174065,-0.00914837326854467,0.984879493713379
546.703186035156,-0.0705919116735458,-0.321414440870285,0.0710055232048035,359.77001953125,20.0530967712402,358.684539794922,-0.00397468963637948,0.174069970846176,-0.0109545104205608,0.98466432094574
547.204345703125,-0.0705515444278717,-0.321684002876282,0.0710112154483795,359.979766845703,19.8897819519043,358.681365966797,-0.00216113985516131,0.172687456011772,-0.0113035077229142,0.984909474849701
547.722961425781,-0.0706759840250015,-0.321792960166931,0.0704862922430038,0.0564632751047611,20.0465431213379,358.603698730469,-0.00163553562015295,0.174041122198105,-0.0120844207704067,0.984662890434265
548.231018066406,-0.0703351497650146,-0.321172326803207,0.072684183716774,359.541381835938,19.9410820007324,358.733673095703,-0.00585491443052888,0.173086285591125,-0.0101905660703778,0.984836518764496
548.763977050781,-0.0275012478232384,-0.321143925189972,0.091341070830822,338.068908691406,22.8643016815186,359.812286376953,-0.186763271689415,0.194282799959183,0.0361265242099762,0.962324559688568
549.334228515625,-0.0164913982152939,-0.334678620100021,0.0797688141465187,344.438415527344,24.0086822509766,357.812469482422,-0.136332303285599,0.203505605459213,0.00965339876711369,0.969487369060516
549.843017578125,-0.0590251684188843,-0.321425020694733,0.039158720523119,343.940338134766,22.5240135192871,0.550641059875488,-0.136067941784859,0.194037154316902,0.0319467782974243,0.970986366271973
550.343811035156,-0.107555352151394,-0.313111275434494,0.0183409303426743,343.985717773438,18.6595058441162,6.45862770080566,-0.128192290663719,0.168023928999901,0.0775915905833244,0.974327683448792
550.875793457031,-0.103134989738464,-0.317074149847031,0.0188260897994041,346.826446533203,18.4866123199463,4.28619050979614,-0.107172265648842,0.163689225912094,0.0550784803926945,0.979125261306763
551.379943847656,-0.0881704166531563,-0.317475706338882,0.0191939491778612,348.648742675781,20.2381763458252,1.45622897148132,-0.0951285362243652,0.176056489348412,0.0298228412866592,0.979318797588348
551.880126953125,-0.0809512659907341,-0.318907201290131,0.0240125618875027,350.258056640625,21.2969036102295,0.165652990341187,-0.083183541893959,0.184235587716103,0.0171058066189289,0.979206383228302
552.383972167969,-0.0827398076653481,-0.319230169057846,0.0273161344230175,350.875305175781,20.7208480834961,0.759972274303436,-0.0770562738180161,0.179784849286079,0.0208079796284437,0.980462551116943
552.972900390625,-0.0819264501333237,-0.319883078336716,0.0242624171078205,351.450439453125,20.7362594604492,0.599047124385834,-0.0723834782838821,0.179852187633514,0.0185428783297539,0.980851650238037
553.56689453125,-0.0786621421575546,-0.3208187520504,0.0245715212076902,352.227569580078,21.0954208374023,0.324296712875366,-0.0661130324006081,0.18282113969326,0.0151823190972209,0.980803251266479
554.069091796875,-0.0795450210571289,-0.31632137298584,0.0193271785974503,350.969085693359,20.1830139160156,0.324921637773514,-0.0770145431160927,0.174896001815796,0.0165776908397675,0.981430292129517
554.609069824219,-0.0811304897069931,-0.318211644887924,0.015123819001019,352.200805664063,21.3293037414551,0.0887296050786972,-0.0666906014084816,0.184683606028557,0.0133448094129562,0.980441868305206
555.143188476563,-0.0812380462884903,-0.319337159395218,0.0155765023082495,352.988067626953,21.0450916290283,0.217767596244812,-0.059777669608593,0.182394579052925,0.0130327362567186,0.981320083141327
555.648864746094,-0.0814982354640961,-0.320518106222153,0.0161907188594341,353.914093017578,20.8014450073242,0.4735327064991,-0.0514669492840767,0.180491223931313,0.0136420717462897,0.982134401798248
556.224853515625,-0.0795287564396858,-0.321956872940063,0.0191642232239246,354.819305419922,20.7647819519043,0.638536155223846,-0.0434509329497814,0.18027763068676,0.013620151206851,0.982561230659485
556.72509765625,-0.0805012807250023,-0.321926981210709,0.0182549487799406,355.159240722656,20.5670528411865,0.792381405830383,-0.0403182134032249,0.178643107414246,0.0143364826217294,0.982982993125916
557.244262695313,-0.0852716639637947,-0.318507552146912,0.0146054308861494,353.166290283203,17.7399082183838,1.42523062229156,-0.0569684319198132,0.154638662934303,0.0214557368308306,0.986093878746033
557.838012695313,-0.0847308039665222,-0.32090550661087,0.0156386494636536,354.794403076172,18.4832782745361,1.52537035942078,-0.042682945728302,0.161015272140503,0.0204170774668455,0.985817134380341
558.43798828125,-0.0827960148453712,-0.323560267686844,0.0197887402027845,356.609344482422,19.371654510498,1.70181000232697,-0.0266622267663479,0.16858646273613,0.0196093786507845,0.985131084918976
558.969055175781,-0.0830398723483086,-0.324137002229691,0.0193457212299109,356.939361572266,19.5254173278809,1.66780543327332,-0.0238493885844946,0.169872730970383,0.0188659485429525,0.984996736049652
559.475158691406,-0.0836977735161781,-0.324156939983368,0.020047876983881,357.092163085938,19.3415241241455,2.03318572044373,-0.0220291148871183,0.168349608778954,0.0217458661645651,0.985241234302521
559.984436035156,-0.083329364657402,-0.324306100606918,0.0191860124468803,357.141235351563,19.3718605041504,1.92771828174591,-0.0217564310878515,0.168584823608398,0.020773071795702,0.985228061676025
560.497924804688,-0.084345780313015,-0.324848473072052,0.0201048161834478,357.440673828125,19.3127841949463,2.09370017051697,-0.0189485047012568,0.168071508407593,0.0217520073056221,0.985352635383606
561.085083007813,-0.0825157016515732,-0.325535446405411,0.0216276235878468,357.930725097656,19.5876522064209,1.84161555767059,-0.015058184042573,0.170339569449425,0.0189047753810883,0.985089004039764
561.587707519531,-0.0841950923204422,-0.325551390647888,0.0204899422824383,357.849792480469,19.4925193786621,2.07945442199707,-0.0154177853837609,0.169563040137291,0.0210563801229,0.985173761844635
562.090576171875,-0.0840184912085533,-0.325860917568207,0.0211595296859741,358.126892089844,19.3994369506836,2.17818284034729,-0.0129065597429872,0.168737813830376,0.0214862637221813,0.98534220457077
562.682006835938,-0.0847338363528252,-0.319043934345245,0.023974658921361,351.836242675781,17.8475189208984,0.932301819324493,-0.0690591484308243,0.155293568968773,0.0190582890063524,0.985267221927643
563.202270507813,-0.078307069838047,-0.315393269062042,0.0143402898684144,349.376678466797,19.9887218475342,359.14208984375,-0.0924595817923546,0.172118619084358,0.0087245162576437,0.980688691139221
563.705444335938,-0.080478735268116,-0.316234022378922,0.0158132780343294,350.382476806641,20.0336074829102,359.700775146484,-0.0830047726631165,0.173108592629433,0.0120188174769282,0.981325209140778
564.207275390625,-0.0807929858565331,-0.316725671291351,0.0167041216045618,351.135528564453,19.8043804168701,0.291062504053116,-0.0756930261850357,0.171645313501358,0.015784228220582,0.982119798660278
564.769409179688,-0.078397698700428,-0.317735761404037,0.0215306710451841,352.338928222656,19.9978885650635,0.103682518005371,-0.0656342357397079,0.173301607370377,0.012488542124629,0.982600033283234
565.349426269531,-0.0797346606850624,-0.316595822572708,0.0276007503271103,348.651763916016,19.7681617736816,358.797637939453,-0.0991896465420723,0.16978295147419,0.00668471353128552,0.980454206466675
565.864013671875,-0.0756247490644455,-0.316805571317673,0.0644144937396049,345.45263671875,16.6948871612549,1.33045160770416,-0.123587168753147,0.145451903343201,0.0297739487141371,0.981164336204529
566.37255859375,-0.0689068660140038,-0.324180990457535,0.0674386397004128,350.237518310547,17.3840827941895,0.205709993839264,-0.0838430523872375,0.150726169347763,0.014627299271524,0.984905064105988
566.899353027344,-0.0851098895072937,-0.313066452741623,0.0381444282829762,346.145660400391,18.0154457092285,3.78271293640137,-0.113925643265247,0.159271508455276,0.0512323789298534,0.979300141334534
567.468505859375,-0.111944675445557,-0.31352162361145,0.0413904152810574,345.089660644531,7.17599391937256,20.3574600219727,-0.116492085158825,0.0839602425694466,0.18287418782711,0.972593069076538
567.997009277344,-0.107090175151825,-0.315160930156708,0.0425304286181927,347.617706298828,10.1760568618774,17.3387756347656,-0.0929035842418671,0.103353396058083,0.158718228340149,0.977494537830353
568.515319824219,-0.0983510613441467,-0.318368315696716,0.0396340042352676,350.445159912109,13.387433052063,14.6515588760376,-0.0672308355569839,0.125756040215492,0.1358303129673,0.980415999889374
569.060974121094,-0.0946722254157066,-0.321250230073929,0.0416369326412678,352.433746337891,14.3150339126587,13.4974040985107,-0.0504020005464554,0.131157845258713,0.124509051442146,0.982219338417053
569.572875976563,-0.0916653051972389,-0.32300078868866,0.0440164282917976,353.869689941406,14.7517690658569,13.080904006958,-0.0380819141864777,0.133400440216064,0.11962041258812,0.983079373836517
570.170837402344,-0.0940312296152115,-0.323543816804886,0.0433764755725861,354.315887451172,14.5660772323608,13.2628345489502,-0.0342321954667568,0.131447687745094,0.120652861893177,0.983357787132263
570.751037597656,-0.0917143896222115,-0.324467599391937,0.0446573197841644,355.031982421875,14.9018898010254,12.7684869766235,-0.0283021032810211,0.133530586957932,0.115738555788994,0.98385626077652
571.335693359375,-0.0926536992192268,-0.324250340461731,0.0435174964368343,354.613403320313,15.1828842163086,12.8175067901611,-0.0315570533275604,0.136336788535118,0.116689145565033,0.983259916305542
571.915283203125,-0.0897591188549995,-0.324440062046051,0.0441924668848515,354.93603515625,15.4956674575806,12.230429649353,-0.0291772577911615,0.138578593730927,0.111374326050282,0.983636319637299
572.47900390625,-0.0901321098208427,-0.322910010814667,0.0439660511910915,353.818634033203,15.4376449584961,11.8605079650879,-0.0392853282392025,0.138918668031693,0.109435528516769,0.983454167842865
573.063598632813,-0.0897031351923943,-0.323529422283173,0.0452383980154991,354.197235107422,15.6580419540405,11.5504121780396,-0.0362011939287186,0.140398159623146,0.106419943273067,0.983693361282349
573.643127441406,-0.0880264043807983,-0.324263155460358,0.0466025173664093,355.003601074219,15.6800470352173,11.1919755935669,-0.0296858660876751,0.139839172363281,0.102427318692207,0.984414756298065
574.160522460938,-0.0838041305541992,-0.323623031377792,0.0447136461734772,355.030059814453,16.3644866943359,9.67713832855225,-0.0307697486132383,0.145301535725594,0.0895602107048035,0.984845042228699
574.696899414063,-0.0838916376233101,-0.324390023946762,0.0450326502323151,355.666229248047,16.4209728240967,9.64174365997314,-0.0252971313893795,0.145348146557808,0.088500551879406,0.985089659690857
575.280456542969,-0.0843888372182846,-0.322840690612793,0.0424724631011486,354.660308837891,16.4630641937256,9.44844341278076,-0.0341653153300285,0.146329194307327,0.0880693346261978,0.984715342521667
575.791137695313,-0.0811522677540779,-0.322256863117218,0.0423178374767303,354.539489746094,16.9053287506104,8.84479522705078,-0.0356546267867088,0.150021374225616,0.0831655859947205,0.984533309936523
576.314636230469,-0.081706203520298,-0.323951601982117,0.0434914752840996,355.462615966797,16.583625793457,8.36236095428467,-0.0285612214356661,0.146574288606644,0.0777855515480042,0.985722899436951
576.856567382813,-0.0824412703514099,-0.324574708938599,0.0426470674574375,355.880615234375,16.5781688690186,8.30919742584229,-0.0250339787453413,0.146272569894791,0.0768126249313354,0.985939919948578
577.43310546875,-0.0824210494756699,-0.32470777630806,0.0421605780720711,356.119140625,16.7969570159912,8.24546051025391,-0.022916104644537,0.148003488779068,0.0760141238570213,0.985794961452484
577.938232421875,-0.0832408666610718,-0.325322568416595,0.0423854030668736,356.440216064453,16.6017169952393,8.38754653930664,-0.0200996473431587,0.146162614226341,0.0768009349703789,0.986070036888123
578.452514648438,-0.084086611866951,-0.325364142656326,0.0420650467276573,356.536499023438,16.556173324585,8.54112529754639,-0.0191057249903679,0.14573934674263,0.0779958143830299,0.98605865240097
578.9599609375,-0.0823569446802139,-0.325619250535965,0.0433870777487755,356.752960205078,16.7985363006592,8.36441898345947,-0.0173051282763481,0.14766700565815,0.0762448012828827,0.98594206571579
579.536193847656,-0.0840824246406555,-0.325868666172028,0.042471457272768,356.771240234375,16.6367931365967,8.60564994812012,-0.0169471893459558,0.146300345659256,0.0782734155654907,0.985993027687073
580.041320800781,-0.0847640708088875,-0.325985103845596,0.0426115915179253,356.810882568359,16.5130062103271,8.68682670593262,-0.0165875386446714,0.145222648978233,0.0789048448204994,0.986108124256134
580.58837890625,-0.0846842527389526,-0.326410889625549,0.0438329726457596,357.047912597656,16.2957000732422,8.71888828277588,-0.014655620791018,0.143209293484688,0.0788611993193626,0.986436605453491
581.097900390625,-0.082229383289814,-0.321409344673157,0.0488194823265076,353.761962890625,15.6887092590332,7.90700197219849,-0.0443767309188843,0.139672338962555,0.0756088942289352,0.986309111118317
581.610168457031,-0.0803817585110664,-0.322224974632263,0.0459203086793423,354.361053466797,15.6184415817261,7.379478931427,-0.0398986600339413,0.138565391302109,0.070349358022213,0.987045466899872
582.132019042969,-0.0800051391124725,-0.321200340986252,0.0502883084118366,354.497406005859,15.6214780807495,6.90498495101929,-0.039294458925724,0.13836207985878,0.0661049485206604,0.987391531467438
582.632751464844,-0.0801409110426903,-0.323641538619995,0.0480939671397209,355.884735107422,15.6757850646973,6.61487674713135,-0.0276473369449377,0.13810795545578,0.0620059929788113,0.988087594509125
583.134094238281,-0.0805378034710884,-0.325052529573441,0.047880481928587,356.960693359375,15.4853763580322,6.75556564331055,-0.0182974431663752,0.135991409420967,0.0619282759726048,0.988603293895721
583.635437011719,-0.0789655819535255,-0.326590418815613,0.0482602007687092,357.583801269531,16.1827907562256,6.36133241653442,-0.0130338193848729,0.141662672162056,0.0578830353915691,0.988135278224945
584.151428222656,-0.0803200826048851,-0.326734840869904,0.0460294671356678,357.785186767578,16.1121425628662,6.50675439834595,-0.0111532565206289,0.140976145863533,0.0588851943612099,0.988197326660156
584.656921386719,-0.0776047110557556,-0.327284634113312,0.0463991239666939,358.232116699219,16.6141605377197,6.20537137985229,-0.00742382556200027,0.145075753331184,0.0557769723236561,0.987819254398346
585.199645996094,-0.0770208835601807,-0.318981766700745,0.039732813835144,352.41455078125,18.1078929901123,4.94805908203125,-0.0584842227399349,0.159693107008934,0.0529348701238632,0.984009981155396
585.780334472656,-0.0742342844605446,-0.326120764017105,0.0356621779501438,357.633087158203,21.0468978881836,3.04866766929626,-0.0154417119920254,0.183074533939362,0.0299193132668734,0.982522368431091
586.292236328125,-0.0747318118810654,-0.326383799314499,0.0373274311423302,357.741333007813,20.5150566101074,3.29152464866638,-0.0142729701474309,0.178521811962128,0.0317637398838997,0.983319520950317
586.8076171875,-0.074215479195118,-0.327226668596268,0.0398442558944225,358.2314453125,20.191478729248,3.44303441047668,-0.00992164947092533,0.175649970769882,0.0322770103812218,0.98387336730957
587.326843261719,-0.0754076763987541,-0.3265281021595,0.0375220961868763,357.866424560547,19.9803047180176,3.44416618347168,-0.0131149683147669,0.173921525478363,0.0328190736472607,0.984125137329102
587.8291015625,-0.0768281072378159,-0.327402323484421,0.0380357541143894,358.417938232422,19.5489978790283,3.5930655002594,-0.00827660132199526,0.170097798109055,0.0332348644733429,0.984831809997559
588.344360351563,-0.0780355781316757,-0.327585250139236,0.037429079413414,358.489440917969,18.383373260498,3.81328535079956,-0.00769107416272163,0.160068586468697,0.03494543582201,0.986457169055939
588.852905273438,-0.0751012787222862,-0.328085839748383,0.0391613841056824,358.808197021484,18.2949333190918,3.42825150489807,-0.0055081732571125,0.159203439950943,0.0311833024024963,0.986737847328186
589.357543945313,-0.0761005431413651,-0.328120350837708,0.0377160869538784,358.954254150391,18.4311256408691,3.53687167167664,-0.00406163092702627,0.16034434735775,0.0319213233888149,0.986536502838135
589.868774414063,-0.0784770622849464,-0.327111393213272,0.0365148819983006,358.197204589844,17.9049854278564,3.86343765258789,-0.0102862762287259,0.156031623482704,0.0357404015958309,0.987051665782928
590.369812011719,-0.0838688537478447,-0.32304385304451,0.0357936881482601,355.237243652344,13.4016733169556,2.41671705245972,-0.0387992113828659,0.117428794503212,0.0257734153419733,0.991988360881805
590.955871582031,-0.0817595943808556,-0.321903437376022,0.0340807028114796,354.108520507813,13.7892150878906,1.87724590301514,-0.0490477718412876,0.12070444971323,0.0224095974117517,0.991222739219666
591.502136230469,-0.0750951617956161,-0.326152771711349,0.0322536714375019,357.254028320313,18.8743343353271,1.21131384372711,-0.0219025034457445,0.164159536361694,0.0143529931083322,0.986086189746857
592.005920410156,-0.0722938999533653,-0.326961755752563,0.0308333914726973,357.850402832031,20.1986637115479,0.0303685646504164,-0.0184204578399658,0.175329297780991,0.00355010130442679,0.984331130981445
592.509765625,-0.0738163366913795,-0.327106237411499,0.0324706584215164,358.052307128906,19.1056175231934,0.693167090415955,-0.0157562643289566,0.166030943393707,0.00878478679805994,0.985955536365509
593.012512207031,-0.0751258134841919,-0.3219875395298,0.0345445275306702,354.18359375,17.3115406036377,1.11715054512024,-0.0486903078854084,0.150785714387894,0.0172606389969587,0.987215757369995
593.518859863281,-0.0788975581526756,-0.316016405820847,0.0318777076900005,349.708374023438,17.2547817230225,1.99750316143036,-0.0860581621527672,0.150926396250725,0.0306162107735872,0.984315931797028
594.096435546875,-0.0791596323251724,-0.31681764125824,0.031357254832983,350.228912353516,17.2752151489258,1.99306166172028,-0.0815842375159264,0.151080414652824,0.0299207102507353,0.984694600105286
594.606262207031,-0.0795423164963722,-0.31660532951355,0.0317077226936817,350.135009765625,17.1438674926758,2.15479207038879,-0.082214318215847,0.150071412324905,0.0313375480473042,0.984752416610718
595.119079589844,-0.080605149269104,-0.318302094936371,0.0327170491218567,351.487640380859,17.2441444396973,2.27445459365845,-0.0703957602381706,0.150929674506187,0.0306926555931568,0.985557019710541
595.659606933594,-0.0802900344133377,-0.319514214992523,0.0330647602677345,352.31201171875,17.2592792510986,2.31479215621948,-0.063243493437767,0.151017516851425,0.0299824755638838,0.986050248146057
596.168579101563,-0.0787811949849129,-0.321194618940353,0.0356634184718132,353.542358398438,16.9844284057617,2.22273898124695,-0.0528360083699226,0.148493334650993,0.027468778192997,0.98711884021759
596.70263671875,-0.0803356766700745,-0.321783185005188,0.0341464877128601,354.012237548828,16.9419574737549,2.39778161048889,-0.0485703088343143,0.148156031966209,0.0283586997538805,0.987363398075104
597.208068847656,-0.0801073834300041,-0.322774261236191,0.0347303599119186,354.877349853516,17.0974082946777,2.39226412773132,-0.0410826802253723,0.149391710758209,0.0272639226168394,0.987547993659973
597.733642578125,-0.0811599940061569,-0.32299017906189,0.0342401936650276,355.069458007813,17.2011775970459,2.5067458152771,-0.0392519198358059,0.15030163526535,0.0280387401580811,0.9874626994133
598.331237792969,-0.0790924355387688,-0.324106246232986,0.0366942062973976,355.728515625,17.2691211700439,2.38483452796936,-0.0337145365774632,0.150761678814888,0.0261536985635757,0.987648844718933
598.858947753906,-0.0805543065071106,-0.324593067169189,0.036644458770752,356.036102294922,17.3587589263916,2.53016686439514,-0.0308504234999418,0.151532828807831,0.0270298924297094,0.987600862979889
599.446655273438,-0.0800032243132591,-0.325200885534286,0.0367349423468113,356.403686523438,17.2845096588135,2.55299282073975,-0.0276688858866692,0.150844320654869,0.0267273709177971,0.987808704376221
599.976684570313,-0.0789522975683212,-0.325750887393951,0.0377467982470989,356.959289550781,17.4625358581543,2.28753089904785,-0.0231904089450836,0.152240052819252,0.0237496607005596,0.987785995006561
600.551330566406,-0.0804374739527702,-0.325514137744904,0.0372961759567261,356.827758789063,17.291540145874,2.55651545524597,-0.024005975574255,0.150840610265732,0.0262058991938829,0.987919092178345
601.070251464844,-0.0800842046737671,-0.325687885284424,0.0374342277646065,357.294189453125,17.3906669616699,2.48053097724915,-0.0200621578842402,0.151607930660248,0.0249588657170534,0.987921833992004
601.574584960938,-0.0787889361381531,-0.325459390878677,0.0363474562764168,356.983612060547,17.585880279541,2.34473848342896,-0.0228784624487162,0.153311312198639,0.0242353137582541,0.987615764141083
602.102111816406,-0.0797682777047157,-0.326102584600449,0.0362826995551586,357.3330078125,17.4905757904053,2.39853525161743,-0.0198149494826794,0.152449041604996,0.0242182426154613,0.987815856933594
602.610168457031,-0.0784821137785912,-0.327062994241714,0.0374580807983875,357.758209228516,17.6704483032227,2.31606221199036,-0.016222583130002,0.153923273086548,0.0229704566299915,0.987682640552521
603.134094238281,-0.0759072005748749,-0.327912926673889,0.0391381420195103,358.364288330078,18.0243911743164,1.95653903484344,-0.0114212650805712,0.156846597790718,0.019096277654171,0.987372279167175
603.642395019531,-0.0774906277656555,-0.32730370759964,0.0375752784311771,358.194702148438,17.850212097168,2.1201753616333,-0.0126901743933558,0.155385375022888,0.0207183230668306,0.987555086612701
604.16015625,-0.0791507214307785,-0.32728436589241,0.0382924042642117,358.054565429688,17.6769962310791,2.44467854499817,-0.0134936524555087,0.153950542211533,0.0236836858093739,0.987702488899231
604.748840332031,-0.0791212096810341,-0.327411383390427,0.0373605899512768,358.154632568359,17.78537940979,2.28783535957336,-0.0128207765519619,0.154851093888283,0.0222100801765919,0.987604916095734
605.250366210938,-0.0779038444161415,-0.327933490276337,0.0383502803742886,358.370880126953,17.6269359588623,2.17959642410278,-0.0111320819705725,0.153442114591599,0.0209707487374544,0.987872362136841
605.752685546875,-0.0762022212147713,-0.328534513711929,0.0397687293589115,358.668304443359,17.8764324188232,1.96437859535217,-0.00881514698266983,0.155532792210579,0.0187375843524933,0.987613677978516
606.260925292969,-0.0784383192658424,-0.328232705593109,0.038563821464777,358.610473632813,17.79714012146,2.21040773391724,-0.00899411737918854,0.15487664937973,0.0209300126880407,0.987671136856079
606.798400878906,-0.0838375091552734,-0.313020586967468,0.0205947309732437,346.792633056641,17.9031257629395,2.13841509819031,-0.11069630086422,0.156659960746765,0.0362015105783939,0.980761706829071
607.388549804688,-0.0796419382095337,-0.319453001022339,0.0240710377693176,351.717407226563,20.0613059997559,1.06927108764648,-0.0694883316755295,0.174376249313354,0.02174212038517,0.981983482837677
607.906799316406,-0.079580545425415,-0.3207628428936,0.0255424566566944,352.673065185547,20.1153430938721,1.10031092166901,-0.0612376220524311,0.174878552556038,0.0205932222306728,0.982468008995056
608.419189453125,-0.0772240459918976,-0.322298437356949,0.0278327874839306,353.672912597656,20.0673446655273,1.09597492218018,-0.0526758618652821,0.174473196268082,0.0190178863704205,0.983067989349365
608.930969238281,-0.0762040540575981,-0.323103785514832,0.0294627994298935,354.219329833984,20.1096076965332,0.897635102272034,-0.0482825897634029,0.174751549959183,0.0165064800530672,0.983289480209351
609.452270507813,-0.07818453758955,-0.322587788105011,0.0290458649396896,353.99462890625,19.8550815582275,1.20654189586639,-0.0497829653322697,0.172699630260468,0.019387423992157,0.98352462053299
609.957336425781,-0.0783918797969818,-0.322678506374359,0.0289004370570183,354.024932861328,19.7062854766846,1.22609579563141,-0.0495186187326908,0.171430468559265,0.0194455813616514,0.983758807182312
610.464233398438,-0.0788529738783836,-0.323032200336456,0.0285296775400639,354.20361328125,19.7860279083252,1.19655847549438,-0.0480150952935219,0.172099992632866,0.0189597476273775,0.983725965023041
611.054382324219,-0.0771937966346741,-0.323705494403839,0.0302006136626005,354.670532226563,19.766881942749,1.0818510055542,-0.0441809222102165,0.171883553266525,0.0172702986747026,0.983974516391754
611.559265136719,-0.0770363360643387,-0.324188590049744,0.0314516946673393,355.080047607422,19.6692848205566,1.12302851676941,-0.040616400539875,0.171054124832153,0.0169780757278204,0.984277725219727
612.064331054688,-0.079491414129734,-0.324046105146408,0.0303448960185051,355.205993652344,19.5280742645264,1.60852408409119,-0.038835097104311,0.170004427433014,0.0209132973104715,0.984455645084381
612.575073242188,-0.0790126547217369,-0.322172552347183,0.0293899904936552,353.769866943359,19.5767116546631,1.38833403587341,-0.0514896586537361,0.170394346117973,0.0211590435355902,0.983802258968353
613.159606933594,-0.0805878564715385,-0.321975350379944,0.0272528938949108,354.145172119141,18.5948600769043,2.19423580169678,-0.0473012961447239,0.162284150719643,0.0271204225718975,0.985236465930939
613.669372558594,-0.0807421505451202,-0.322648644447327,0.0245884004980326,354.865600585938,18.9768924713135,1.85406637191772,-0.0415081046521664,0.165376484394073,0.0233245007693768,0.985080540180206
614.195678710938,-0.0796500667929649,-0.323306798934937,0.0258762054145336,355.398986816406,19.5607376098633,1.73654174804688,-0.0369805358350277,0.170314908027649,0.0217393022030592,0.984455525875092
614.706665039063,-0.0773581489920616,-0.324505358934402,0.029459286481142,355.974731445313,19.4826812744141,1.30492889881134,-0.0326855592429638,0.169479355216026,0.0171581879258156,0.984842121601105
615.208923339844,-0.0795520842075348,-0.324818164110184,0.0281468331813812,356.164337158203,19.422248840332,1.54170668125153,-0.03071572445333,0.169014796614647,0.01889793202281,0.98495352268219
615.720581054688,-0.0801604613661766,-0.325156629085541,0.0272930711507797,356.551055908203,19.4848442077637,1.59024155139923,-0.0273089986294508,0.169537827372551,0.0187625382095575,0.984966576099396
616.236633300781,-0.0763412788510323,-0.326458305120468,0.029516564682126,357.2802734375,19.907901763916,0.908936202526093,-0.0220032501965761,0.172987908124924,0.0119123719632626,0.984606087207794
616.807922363281,-0.0789414644241333,-0.326667308807373,0.0308502167463303,357.326416015625,19.7211990356445,1.23687946796417,-0.021135326474905,0.17144313454628,0.0146261909976602,0.984858751296997
617.357788085938,-0.0764158815145493,-0.318257629871368,0.0158691015094519,349.950408935547,22.6723709106445,359.056518554688,-0.0874873474240303,0.195096299052238,0.00917436368763447,0.976831257343292
617.865844726563,-0.0785861313343048,-0.321271300315857,0.0172246322035789,352.740020751953,21.6443710327148,359.359100341797,-0.0632339492440224,0.187034219503403,0.0064051472581923,0.980295181274414
618.438842773438,-0.0738210529088974,-0.323430001735687,0.0218788031488657,354.294250488281,21.7387657165527,359.037109375,-0.0504593215882778,0.187919646501541,0.00114347331691533,0.98088675737381
618.945495605469,-0.0749519765377045,-0.324936032295227,0.0242379065603018,355.438842773438,21.6499481201172,359.258880615234,-0.0402978025376797,0.187403991818428,0.00112601811997592,0.981455326080322
619.484924316406,-0.075685441493988,-0.32615339756012,0.0259861946105957,356.324523925781,21.4342136383057,359.539855957031,-0.032255832105875,0.185736313462257,0.00201996602118015,0.982068002223969
619.993835449219,-0.0743886977434158,-0.325607538223267,0.0264258105307817,356.172790527344,21.7101402282715,359.536926269531,-0.03355523198843,0.188086286187172,0.00232195877470076,0.981576383113861
620.528625488281,-0.073850691318512,-0.325894713401794,0.0283333361148834,356.799224853516,21.7944068908691,359.729888916016,-0.0278701763600111,0.188908591866493,0.00296591757796705,0.981594622135162
621.117248535156,-0.0739071369171143,-0.327313899993896,0.0300008077174425,357.610168457031,21.6931858062744,359.568115234375,-0.0211900305002928,0.188060611486435,0.00022339474526234,0.981928825378418
621.699645996094,-0.074299693107605,-0.327464669942856,0.0286265574395657,357.698974609375,21.566743850708,359.563415527344,-0.020436841994524,0.186981990933418,1.47387854667613E-05,0.982150733470917
622.281860351563,-0.0714041143655777,-0.328549236059189,0.0298650469630957,358.478088378906,21.9321174621582,359.166900634766,-0.0144209004938602,0.190110847353935,-0.00461026793345809,0.981645882129669
622.847351074219,-0.0733302384614944,-0.328962713479996,0.0301291234791279,358.703247070313,21.7443237304688,359.532318115234,-0.0118824979290366,0.188559323549271,-0.00187329575419426,0.981988131999969
623.357666015625,-0.073649175465107,-0.328638941049576,0.0306968372315168,358.275726318359,21.8290843963623,359.522338867188,-0.0155635001137853,0.189260005950928,-0.0012435051612556,0.981802880764008
623.9228515625,-0.0737947374582291,-0.327143043279648,0.0298778656870127,357.167663574219,21.6486911773682,359.402496337891,-0.0252530407160521,0.187612190842628,-0.000478529604151845,0.981918394565582
624.498352050781,-0.0732226520776749,-0.327714711427689,0.0309510622173548,357.546936035156,21.8833560943604,359.329681396484,-0.0221258699893951,0.189640015363693,-0.00167904200498015,0.981602966785431
625.0869140625,-0.0748722925782204,-0.328126281499863,0.0313468985259533,357.944122314453,21.4836273193359,359.792144775391,-0.0179634597152472,0.186321377754211,0.00156200770288706,0.982323348522186
625.600402832031,-0.0752061754465103,-0.328140467405319,0.030481792986393,357.863159179688,21.6198787689209,359.741729736328,-0.0187379475682974,0.187477350234985,0.00128372153267264,0.982089340686798
626.103210449219,-0.0750420168042183,-0.328140109777451,0.0302920788526535,358.020904541016,21.7596740722656,359.633209228516,-0.0175636447966099,0.188666462898254,0.000116983683255967,0.981884181499481
626.616271972656,-0.0745072513818741,-0.32854351401329,0.0295251403003931,358.354187011719,21.5508594512939,359.639678955078,-0.0146965691819787,0.186895474791527,-0.000403537473175675,0.982269763946533
627.199401855469,-0.0751471817493439,-0.329366326332092,0.0315323323011398,358.736663818359,21.2514915466309,359.957855224609,-0.0109033333137631,0.184377819299698,0.00167142774444073,0.982793569564819
627.751220703125,-0.0753784403204918,-0.330261200666428,0.0331736542284489,359.439422607422,21.1407489776611,0.270978182554245,-0.00437510246410966,0.183451741933823,0.00322195794433355,0.983013689517975
628.253479003906,-0.0750797465443611,-0.330438435077667,0.0336821153759956,359.586212158203,21.1265888214111,0.298450589179993,-0.00307241873815656,0.18332901597023,0.00322230183519423,0.983041524887085
628.826721191406,-0.0738135576248169,-0.330913603305817,0.0339467860758305,359.956665039063,21.3011360168457,0.0688848942518234,-0.000260595785221085,0.184818968176842,0.000660678779240698,0.982772350311279
629.331237792969,-0.0749000757932663,-0.330634295940399,0.0340533554553986,359.860870361328,21.1560897827148,0.34869921207428,-0.000634988595265895,0.183577343821526,0.00321415788494051,0.982999801635742
629.852844238281,-0.074965588748455,-0.330946207046509,0.034329392015934,0.087043359875679,20.9735279083252,0.381837755441666,0.00135338504333049,0.182004824280739,0.00313824648037553,0.983291685581207
630.418090820313,-0.075598269701004,-0.331053495407104,0.0338007882237434,0.225957706570625,21.0572357177734,0.317503094673157,0.00244493130594492,0.182720184326172,0.0023637714330107,0.983159124851227
630.921875,-0.0740290805697441,-0.331083834171295,0.0347562022507191,0.284581571817398,20.8704013824463,0.283294558525085,0.00289013073779643,0.181116223335266,0.00198150426149368,0.98345547914505
631.426635742188,-0.0743667930364609,-0.331837445497513,0.0354678481817245,0.568893849849701,21.0183773040771,0.260429561138153,0.00529574137181044,0.182379394769669,0.00132903305348009,0.983213067054749
632.005249023438,-0.0755145400762558,-0.332234293222427,0.035309586673975,0.877213835716248,20.8878135681152,0.519308090209961,0.00834962911903858,0.181231513619423,0.00306895258836448,0.983400225639343
632.518127441406,-0.0760233402252197,-0.332073450088501,0.0348645411431789,0.876100838184357,20.8998985290527,0.513237655162811,0.00833079498261213,0.181335732340813,0.00301773985847831,0.983381330966949
633.058837890625,-0.0754184797406197,-0.332250565290451,0.0343899801373482,0.954476714134216,21.0700969696045,0.413554251194,0.00884864758700132,0.182799860835075,0.00202508480288088,0.983108222484589
633.560363769531,-0.0753661096096039,-0.332311660051346,0.0352670736610889,1.17691385746002,20.9208488464355,0.444472074508667,0.0108037395402789,0.181506216526031,0.00194944778922945,0.983328521251678
634.078552246094,-0.0759307667613029,-0.332067102193832,0.0348426438868046,1.02882659435272,20.919246673584,0.519164383411407,0.00965126045048237,0.181493386626244,0.00282519706524909,0.983340740203857
634.600830078125,-0.0768445581197739,-0.332049071788788,0.0339395180344582,1.07959485054016,20.9725074768066,0.612035989761353,0.0102356392890215,0.181939452886581,0.00353694846853614,0.983250081539154
635.127014160156,-0.0743560865521431,-0.332915961742401,0.0352144986391068,1.61896395683289,21.2202548980713,0.289956837892532,0.0143519220873713,0.184071004390717,-0.000114409522211645,0.982808172702789
635.635009765625,-0.0764942839741707,-0.332888722419739,0.0347403362393379,1.62850570678711,20.8194808959961,0.526523947715759,0.0148069942370057,0.180601984262466,0.0019509979756549,0.983442902565002
636.2080078125,-0.0753196477890015,-0.332843244075775,0.0356611758470535,1.55412626266479,21.006217956543,0.609318375587463,0.0143036665394902,0.182198628783226,0.00275556114502251,0.983153820037842
636.732421875,-0.075719527900219,-0.332332998514175,0.0352591946721077,1.36082565784454,20.9352512359619,0.683964729309082,0.0127616403624415,0.181594163179398,0.00371149578131735,0.983283758163452
637.313293457031,-0.0756445154547691,-0.332177132368088,0.0343370996415615,1.15217328071594,21.3597049713135,0.486939787864685,0.0106676388531923,0.185268059372902,0.00231223786249757,0.98262745141983
637.822021484375,-0.0726699903607368,-0.331164509057999,0.0304744075983763,0.196332201361656,22.1306228637695,359.832702636719,0.00140125455800444,0.191929787397385,-0.00176167790777981,0.981406092643738
638.369079589844,-0.0743056535720825,-0.331948637962341,0.0329919159412384,0.778913855552673,21.9055233001709,0.161524727940559,0.00694124028086662,0.189985632896423,9.23860352486372E-05,0.98176234960556
638.958251953125,-0.07404525578022,-0.332389742136002,0.0333203934133053,1.00919413566589,21.9986515045166,0.0327780432999134,0.00869955401867628,0.190787553787231,-0.00139953149482608,0.981591820716858
639.460815429688,-0.0744222104549408,-0.332145005464554,0.0317672230303288,0.956368863582611,21.8279552459717,0.0729878842830658,0.0083154309540987,0.189323142170906,-0.000954753893893212,0.98187917470932
639.975891113281,-0.0718306228518486,-0.3328557908535,0.0336640477180481,1.31332147121429,21.7925701141357,359.859466552734,0.011022194288671,0.189033031463623,-0.00337063730694354,0.981903076171875
640.554809570313,-0.0726253315806389,-0.333183884620667,0.0334453172981739,1.53798544406891,22.0354957580566,359.892242431641,0.0129939913749695,0.191108122467995,-0.00348777160979807,0.981476783752441
641.067687988281,-0.0869766920804977,-0.304623425006866,0.00902950018644333,338.766418457031,18.8317184448242,1.95940494537354,-0.178981095552444,0.163882672786713,0.0467160493135452,0.968981862068176
641.644226074219,-0.0813998803496361,-0.320483654737473,0.022013558074832,354.697723388672,21.0525531768799,2.43148899078369,-0.0415940694510937,0.183414712548256,0.0292859636247158,0.98171854019165
642.197265625,-0.0741323903203011,-0.311557799577713,0.0235549416393042,345.171691894531,20.1839370727539,359.933929443359,-0.127144172787666,0.173690423369408,0.0220487136393785,0.976309359073639
642.75341796875,-0.0769320428371429,-0.311239331960678,0.0257794782519341,345.316375732422,18.5573177337646,0.197866752743721,-0.125839993357658,0.160131856799126,0.0222942214459181,0.978787541389465
643.265930175781,-0.0801193490624428,-0.313025116920471,0.0234270710498095,347.157348632813,18.1235408782959,0.476339429616928,-0.109791435301304,0.156968861818314,0.0216935742646456,0.981242120265961
643.790893554688,-0.0805935561656952,-0.313304841518402,0.0232500247657299,347.370697021484,18.133882522583,0.61869615316391,-0.107766948640347,0.157216340303421,0.0226319581270218,0.981405675411224
644.31640625,-0.0768304467201233,-0.315494656562805,0.0256372094154358,348.678161621094,18.5448760986328,0.247197359800339,-0.0970060229301453,0.160552889108658,0.0180125348269939,0.9820836186409
644.895751953125,-0.0790159478783607,-0.316573232412338,0.025936670601368,349.612640380859,18.6881618499756,0.559649884700775,-0.0885306969285011,0.162130728363991,0.0194966066628695,0.982596457004547
645.469177246094,-0.0756727084517479,-0.319824695587158,0.0283612459897995,351.857208251953,18.6222381591797,0.481832027435303,-0.0693848207592964,0.161680191755295,0.0156261790543795,0.984276950359344
646.0654296875,-0.0762587860226631,-0.320222109556198,0.0289658345282078,352.295166015625,19.0040283203125,0.424684226512909,-0.0656540542840958,0.16495369374752,0.0147382169961929,0.984003365039825
646.630798339844,-0.078594945371151,-0.320459008216858,0.0283269640058279,352.520690917969,18.9784965515137,1.04088222980499,-0.0628334134817123,0.165089040994644,0.0196922793984413,0.984078168869019
647.136108398438,-0.0783220008015633,-0.320992946624756,0.0287603549659252,352.925689697266,19.0729637145996,0.967769920825958,-0.0594444386661053,0.165867894887924,0.0185338202863932,0.984180212020874
647.697204589844,-0.0758435055613518,-0.321268141269684,0.0273102670907974,352.973266601563,19.4522876739502,0.582506597042084,-0.0595427379012108,0.168926477432251,0.0153535362333059,0.983708679676056
648.202270507813,-0.0745310857892036,-0.321795523166656,0.0278828386217356,353.421508789063,19.76584815979,0.366823971271515,-0.055976327508688,0.171532809734344,0.0129962461069226,0.983501017093658
648.720520019531,-0.0762687548995018,-0.321804940700531,0.0282318163663149,353.518981933594,19.6172828674316,0.635069191455841,-0.0547574944794178,0.170391827821732,0.0150819839909673,0.98373818397522
649.2646484375,-0.0765141397714615,-0.322074174880981,0.0281468275934458,353.682739257813,19.5655078887939,0.633116781711578,-0.053361214697361,0.169952169060707,0.0147985061630607,0.983895242214203
649.835327148438,-0.0761722773313522,-0.322216928005219,0.0272489059716463,353.766052246094,19.8669738769531,0.480308294296265,-0.0528370477259159,0.172472611069679,0.0135023314505816,0.983503520488739
650.345397949219,-0.0742351934313774,-0.322629868984222,0.0286823902279139,354.089477539063,19.9296836853027,0.261200129985809,-0.0503842607140541,0.172929003834724,0.0111634638160467,0.98358142375946
650.860900878906,-0.0749548301100731,-0.323114901781082,0.0295906215906143,354.320281982422,19.8530941009521,0.388512998819351,-0.0482188984751701,0.172338292002678,0.0118762776255608,0.983785271644592
651.37744140625,-0.0765326321125031,-0.323658764362335,0.0315071791410446,354.581695556641,19.5247249603271,0.654926717281342,-0.0456127636134624,0.169636085629463,0.013640615157783,0.984356164932251
651.900634765625,-0.0761243402957916,-0.324056446552277,0.0326150730252266,354.687316894531,19.6858749389648,0.531308650970459,-0.0448708944022655,0.170974120497704,0.0124859223142266,0.984174072742462
652.446960449219,-0.07515949010849,-0.323464751243591,0.0327193401753902,354.683624267578,19.7087879180908,0.453807711601257,-0.0450158379971981,0.171140387654305,0.0118347918614745,0.984146595001221
653.026245117188,-0.0755517408251762,-0.318814247846603,0.0304775796830654,350.849365234375,18.867805480957,359.467346191406,-0.079449288547039,0.163019821047783,0.008504050783813,0.983381927013397
653.534729003906,-0.0771314278244972,-0.319521546363831,0.0269186068326235,351.254699707031,19.7297267913818,359.831298828125,-0.0753672495484352,0.170715525746346,0.01161621324718,0.982365071773529
654.101135253906,-0.0733329504728317,-0.317363917827606,0.0393473356962204,352.088897705078,20.0516700744629,4.14384889602661,-0.0616056695580482,0.176019877195358,0.0475186035037041,0.981307148933411
654.690185546875,-0.081994891166687,-0.312529653310776,0.0246612280607224,346.9619140625,18.346492767334,2.13137912750244,-0.109116122126579,0.160446628928185,0.0363385230302811,0.980321407318115
655.194458007813,-0.0760098844766617,-0.311031699180603,0.0173140373080969,345.774719238281,23.2215633392334,357.2900390625,-0.12597544491291,0.196789607405663,0.00192893797066063,0.972317039966583
655.719787597656,-0.0543465837836266,-0.313665688037872,0.0116822253912687,345.653137207031,30.2479095458984,349.669830322266,-0.143363043665886,0.246962383389473,-0.053779199719429,0.956851303577423
656.234558105469,-0.0576502829790115,-0.315545827150345,0.0136277182027698,347.245788574219,29.2804641723633,350.061950683594,-0.128818511962891,0.240932524204254,-0.0553185008466244,0.960363030433655
656.738037109375,-0.0573201067745686,-0.316528290510178,0.0140963401645422,348.076110839844,28.8447322845459,350.256591796875,-0.121268846094608,0.23828287422657,-0.0560270175337791,0.961964726448059
657.253845214844,-0.0582368969917297,-0.318028688430786,0.0163077563047409,349.248565673828,28.4350776672363,350.561614990234,-0.110626474022865,0.236223235726357,-0.0564699284732342,0.963727951049805
657.853820800781,-0.072129487991333,-0.318362891674042,0.0274146795272827,350.060699462891,22.7305240631104,355.320556640625,-0.092873327434063,0.192691281437874,-0.0228166691958904,0.976587951183319
658.361877441406,-0.078396387398243,-0.31176432967186,0.0271516852080822,346.878448486328,21.0300827026367,359.185913085938,-0.113623395562172,0.180495887994766,0.0139114568009973,0.976891756057739
658.895935058594,-0.0822712033987045,-0.314619779586792,0.023623326793313,347.65380859375,20.6699142456055,359.20703125,-0.107019484043121,0.177625924348831,0.0125230439007282,0.978181481361389
659.462219238281,-0.0784638449549675,-0.314026653766632,0.0203357059508562,346.899169921875,21.7218322753906,358.061096191406,-0.115185238420963,0.185273170471191,0.00498435785993934,0.975900292396545
660.00244140625,-0.0757960751652718,-0.315117925405502,0.0228042080998421,347.675140380859,21.7865619659424,357.736022949219,-0.109104499220848,0.185769110918045,0.000994964851997793,0.976516842842102
660.524719238281,-0.0764904022216797,-0.315584778785706,0.0235550478100777,348.046905517578,21.9881496429443,357.742340087891,-0.105927228927612,0.187620490789413,0.000618956692051142,0.976512968540192
661.026489257813,-0.0781074687838554,-0.315786719322205,0.0232183374464512,348.200714111328,21.7118129730225,357.994567871094,-0.104209758341312,0.185546904802322,0.00226010335609317,0.977091372013092
661.547424316406,-0.0786987617611885,-0.316167891025543,0.0236936286091805,348.524688720703,21.6975841522217,358.033996582031,-0.101385332643986,0.185562744736671,0.00204922701232135,0.977385938167572
662.074035644531,-0.0771887004375458,-0.316933929920197,0.0238781850785017,349.035461425781,21.802806854248,357.872497558594,-0.0972923189401627,0.186480343341827,-8.1571502960287E-05,0.977629423141479
662.625854492188,-0.075990229845047,-0.317719280719757,0.0250753499567509,349.555999755859,21.9268379211426,357.820220947266,-0.0929400473833084,0.1876590102911,-0.0012899466091767,0.977826476097107
663.140563964844,-0.0775597468018532,-0.317535012960434,0.0245161764323711,349.523468017578,21.7761974334717,357.901702880859,-0.0930833071470261,0.186429485678673,-0.000662943406496197,0.97804868221283
663.651977539063,-0.0771420896053314,-0.31851652264595,0.025436170399189,350.154998779297,21.7563991546631,357.724884033203,-0.0879825130105019,0.186315760016441,-0.0032335058785975,0.978537261486053
664.160827636719,-0.0768859088420868,-0.319183081388474,0.0248325057327747,350.628021240234,21.9351673126221,357.759460449219,-0.0838946402072906,0.188013345003128,-0.00359024340286851,0.978570282459259
664.671691894531,-0.0746054723858833,-0.320102095603943,0.0263729505240917,351.268920898438,22.0898761749268,357.584533691406,-0.0787191316485405,0.189405888319016,-0.00604742811992764,0.978719651699066
665.247375488281,-0.0759195685386658,-0.322347104549408,0.0310933291912079,353.000823974609,21.6314830780029,358.235626220703,-0.0628335922956467,0.186355918645859,-0.00364162866026163,0.980464279651642
665.775329589844,-0.0757312029600143,-0.322989165782928,0.0303380154073238,353.423278808594,21.7850875854492,358.218200683594,-0.0592542253434658,0.187757894396782,-0.00440516788512468,0.980416536331177
666.278747558594,-0.073469877243042,-0.323486655950546,0.031070614233613,353.818420410156,22.0647888183594,357.926544189453,-0.0563705377280712,0.190096780657768,-0.00741670513525605,0.980117678642273
666.790161132813,-0.0729344636201859,-0.324362188577652,0.0324096716940403,354.259002685547,22.1982231140137,357.959442138672,-0.0525577142834663,0.191359683871269,-0.00781228486448526,0.980080664157867
667.321960449219,-0.0754903554916382,-0.323238492012024,0.0303923692554235,353.961212158203,21.9040641784668,358.291320800781,-0.0545377805829048,0.188931182026863,-0.00461230427026749,0.980463862419128
667.853576660156,-0.0764279887080193,-0.322462409734726,0.029787877574563,353.634948730469,21.4724807739258,358.812530517578,-0.0564698092639446,0.185425579547882,0.00017614992975723,0.981034398078918
668.442138671875,-0.0763216391205788,-0.322822242975235,0.0275000669062138,354.14306640625,22.6350040435791,359.213958740234,-0.0514389276504517,0.195641160011292,0.00330851436592638,0.979319989681244
668.953186035156,-0.0762728303670883,-0.322968661785126,0.0232619903981686,354.327911376953,22.7862300872803,358.955810546875,-0.0502988435328007,0.196847438812256,0.000851713819429278,0.979142665863037
669.541137695313,-0.0741814821958542,-0.323985666036606,0.0263037011027336,354.945007324219,22.8432140350342,358.873840332031,-0.0451677292585373,0.197400003671646,-0.000891058181878179,0.979281544685364
670.047424316406,-0.0753286257386208,-0.324363201856613,0.0266984757035971,355.159057617188,22.611946105957,359.117370605469,-0.0429205633699894,0.195548668503761,0.000733323686290532,0.979754030704498
670.556091308594,-0.0764131918549538,-0.324382185935974,0.0269899033010006,355.145812988281,22.4393291473389,359.284606933594,-0.0427516587078571,0.194133341312408,0.00212139054201543,0.980040848255157
671.073303222656,-0.0749338716268539,-0.324252784252167,0.0254562441259623,355.108795166016,22.5923480987549,358.961883544922,-0.0436152890324593,0.195315167307854,-0.000517567386850715,0.979770123958588
671.591430664063,-0.0727467313408852,-0.323831886053085,0.0265711266547441,354.932006835938,22.844669342041,358.623260498047,-0.0457104071974754,0.197310864925385,-0.00300951208919287,0.979270100593567
672.165405273438,-0.0739774107933044,-0.323102414608002,0.0243946351110935,354.605072021484,22.8474216461182,358.669708251953,-0.04842359572649,0.197294682264328,-0.00204553012736142,0.979145407676697
672.722595214844,-0.073458693921566,-0.323031008243561,0.0253060162067413,354.7041015625,23.0634307861328,358.404388427734,-0.0480424836277962,0.199047237634659,-0.00439338991418481,0.978801727294922
673.236633300781,-0.0729082077741623,-0.322077721357346,0.0260482393205166,353.810455322266,23.606595993042,358.806304931641,-0.0549709014594555,0.203692510724068,0.000861166976392269,0.977490067481995
673.755004882813,-0.0736396163702011,-0.323471397161484,0.025952747091651,354.711761474609,23.4186859130859,358.720275878906,-0.0474333241581917,0.202213808894157,-0.00156152294948697,0.978190839290619
674.27734375,-0.0733014941215515,-0.323749393224716,0.0269947685301304,355.010589599609,23.4301567077637,358.823272705078,-0.0447010956704617,0.202404201030731,-0.00120769569184631,0.978280603885651
674.789978027344,-0.0739672109484673,-0.323899894952774,0.025460047647357,355.052459716797,23.6377029418945,358.73681640625,-0.044500008225441,0.20414911210537,-0.00193959812168032,0.977925956249237
675.349487304688,-0.0740844085812569,-0.325642704963684,0.0265866313129663,356.1201171875,23.3746452331543,359.081939697266,-0.0347708724439144,0.202182471752167,-0.000983636942692101,0.978729963302612
675.872741699219,-0.073039673268795,-0.325071483850479,0.0260884091258049,355.729797363281,23.9069747924805,358.640045166016,-0.0389016531407833,0.206526651978493,-0.00388634926639497,0.977659642696381
676.391296386719,-0.0723038539290428,-0.323369681835175,0.0209105629473925,354.626708984375,23.8603363037109,358.088470458984,-0.049299094825983,0.205698445439339,-0.00661392556503415,0.977350533008575
676.911499023438,-0.0630524605512619,-0.324368357658386,0.0173112694174051,355.301391601563,25.2573337554932,356.529113769531,-0.0465970896184444,0.217136159539223,-0.0205692127346992,0.974811553955078
677.428405761719,-0.0650548413395882,-0.325023680925369,0.01910300552845,355.736419677734,24.8858852386475,356.820648193359,-0.0422838069498539,0.214227572083473,-0.0190591551363468,0.975682020187378
677.952087402344,-0.0658275112509727,-0.324977964162827,0.0192329995334148,355.69482421875,24.8390922546387,357.122283935547,-0.0420668311417103,0.213927879929543,-0.0164295919239521,0.97580498456955
678.547302246094,-0.0650992915034294,-0.325856059789658,0.0199906751513481,356.237091064453,25.0723915100098,357.070037841797,-0.0375847145915031,0.216049045324326,-0.0178190227597952,0.975496113300323
679.055725097656,-0.0670412257313728,-0.325464189052582,0.0194650497287512,355.983764648438,24.8349704742432,357.335174560547,-0.0392091013491154,0.214047476649284,-0.0151619203388691,0.975918233394623
679.576782226563,-0.065141387283802,-0.325570970773697,0.0205948557704687,356.180572509766,24.9914379119873,357.160461425781,-0.0378832556307316,0.215373948216438,-0.0169686190783978,0.975648999214172
680.13232421875,-0.065977931022644,-0.321991741657257,0.0215886235237122,353.4150390625,24.8954257965088,356.938629150391,-0.0618111453950405,0.213617891073227,-0.0136661380529404,0.97486412525177
680.727172851563,-0.0764450505375862,-0.321855455636978,0.0139743033796549,355.023315429688,17.0023250579834,358.067321777344,-0.0454237572848797,0.146944925189018,-0.0102466670796275,0.988048017024994
681.233276367188,-0.0746931806206703,-0.32261261343956,0.0158707983791828,355.495056152344,18.4831027984619,357.901397705078,-0.0417248867452145,0.159735634922981,-0.0117503013461828,0.986207604408264
681.829040527344,-0.071785107254982,-0.323183119297028,0.0148736042901874,355.951416015625,19.4837036132813,357.667388916016,-0.0382485948503017,0.168360099196434,-0.0140727395191789,0.984882712364197
682.340698242188,-0.0696139335632324,-0.322993010282516,0.0128580424934626,355.884460449219,20.0281238555908,357.323974609375,-0.0394083671271801,0.172904685139656,-0.0167377982288599,0.98400753736496
682.864379882813,-0.0692048743367195,-0.323015928268433,0.0133349634706974,355.816223144531,20.2556476593018,357.194763183594,-0.0402240604162216,0.174795374274254,-0.0176637005060911,0.983624219894409
683.382446289063,-0.070963479578495,-0.322894901037216,0.0124261640012264,355.779907226563,20.1862411499023,357.436767578125,-0.0401570983231068,0.174275115132332,-0.0155546069145203,0.983754873275757
683.893615722656,-0.0706440955400467,-0.323205560445786,0.0128182843327522,355.915100097656,20.4110088348389,357.410766601563,-0.0390675589442253,0.176229044795036,-0.0159087218344212,0.983444929122925
684.395751953125,-0.0730926990509033,-0.31341752409935,0.0171054620295763,348.542999267578,22.6073455810547,357.822418212891,-0.101566828787327,0.193135052919388,0.00102097413036972,0.975900590419769
684.927185058594,-0.0640913844108582,-0.312472760677338,0.0288129691034555,349.074676513672,22.7381706237793,358.032470703125,-0.0966845601797104,0.194601833820343,0.00200757151469588,0.976103603839874
685.437438964844,-0.0605713836848736,-0.311464935541153,0.0345835611224174,349.135833740234,22.356538772583,357.917053222656,-0.0963622555136681,0.191271781921387,0.000597880163695663,0.976795315742493
685.937622070313,-0.062053557485342,-0.312517136335373,0.037573229521513,349.918731689453,21.8862285614014,358.287933349609,-0.0890800431370735,0.187790244817734,0.00206571444869041,0.978159189224243
686.524475097656,-0.0605186708271503,-0.314140737056732,0.0407355092465878,351.189056396484,21.8600368499756,358.578765869141,-0.0777596533298492,0.18809974193573,0.00242218351922929,0.979063868522644
687.099792480469,-0.0608707517385483,-0.314692705869675,0.0416924171149731,351.724731445313,21.6774272918701,358.567749023438,-0.0732040628790855,0.186654523015022,0.00132353219669312,0.979693591594696
687.684326171875,-0.0592793226242065,-0.315656960010529,0.0427961647510529,352.47265625,21.6192073822021,358.511566162109,-0.0669017359614372,0.186288222670555,-0.000420929834945127,0.980214595794678
688.275024414063,-0.057733066380024,-0.316161572933197,0.0449274927377701,353.042541503906,21.2041168212891,358.333465576172,-0.0623065792024136,0.182760879397392,-0.0031054608989507,0.981176197528839
688.777526855469,-0.0572236925363541,-0.316991478204727,0.0450923815369606,353.486358642578,21.6604843139648,358.305999755859,-0.0585666932165623,0.186750948429108,-0.00382184516638517,0.980652570724487
689.288513183594,-0.0580819398164749,-0.31636106967926,0.0448850356042385,353.438629150391,21.3297538757324,358.409759521484,-0.0587973482906818,0.183962717652321,-0.00302513060159981,0.981168389320374
689.86181640625,-0.0564980804920197,-0.317081928253174,0.0448136851191521,353.884796142578,21.5144958496094,358.250579833984,-0.0552416257560253,0.185560941696167,-0.00502167409285903,0.98106586933136
690.429992675781,-0.0575093515217304,-0.316070467233658,0.0254648085683584,354.162780761719,23.9089241027832,358.134918212891,-0.0531733371317387,0.206027403473854,-0.00535620795562863,0.977085769176483
690.943969726563,-0.0684373751282692,-0.301819384098053,-0.00367475487291813,342.409362792969,25.870698928833,357.751770019531,-0.153336122632027,0.218252971768379,0.0153257856145501,0.963648676872253
691.456604003906,-0.0667768940329552,-0.303554356098175,0.00372041389346123,344.591644287109,24.2304954528809,358.121032714844,-0.134465232491493,0.205807223916054,0.0122459158301353,0.969232976436615
692.036682128906,-0.0664506331086159,-0.305360555648804,0.010844424366951,347.009765625,23.6206531524658,358.985382080078,-0.112520195543766,0.202370434999466,0.0145402792841196,0.972714781761169
692.550231933594,-0.0658504292368889,-0.306895226240158,0.012712393887341,348.190093994141,23.0715827941895,359.258880615234,-0.102084718644619,0.198262855410576,0.0142701147124171,0.974713802337646
693.134338378906,-0.0661148950457573,-0.30864229798317,0.0179397389292717,349.544342041016,22.9794387817383,359.570159912109,-0.0900338143110275,0.198027193546295,0.0144889783114195,0.975945293903351
693.6435546875,-0.0661441162228584,-0.309464812278748,0.0186390820890665,350.117218017578,23.1878223419189,359.563873291016,-0.0851406157016754,0.199904277920723,0.0135966530069709,0.976014614105225
694.212463378906,-0.0658089593052864,-0.300640642642975,0.0323275960981846,344.400512695313,20.9335498809814,359.767395019531,-0.133817955851555,0.179713368415833,0.0226763729006052,0.974310874938965
694.72900390625,-0.0714254826307297,-0.302824199199677,0.0133167672902346,341.113983154297,22.7600383758545,357.647094726563,-0.164803341031075,0.191298380494118,0.0125108947977424,0.967516541481018
695.232543945313,-0.0705731436610222,-0.299447536468506,0.00853925757110119,336.856414794922,23.6298847198486,357.344543457031,-0.20094096660614,0.19598613679409,0.0188418030738831,0.959613084793091
695.811889648438,-0.0646019652485847,-0.298509806394577,0.0152201112359762,339.481903076172,24.327507019043,355.837066650391,-0.181516349315643,0.20087756216526,0.00256452150642872,0.962649166584015
696.387878417969,-0.0508118867874146,-0.305937886238098,0.0156120806932449,344.253326416016,27.5353527069092,351.019622802734,-0.151095420122147,0.22460250556469,-0.0428221151232719,0.961712121963501
696.905151367188,-0.0516730844974518,-0.306429803371429,0.0153199937194586,344.783142089844,27.2356758117676,351.314270019531,-0.145982518792152,0.22295755147934,-0.0418640673160553,0.962925970554352
697.409362792969,-0.0518577694892883,-0.306588798761368,0.0147688742727041,345.056823730469,27.3661460876465,351.362487792969,-0.143647566437721,0.224362343549728,-0.0418741591274738,0.96295040845871
697.965393066406,-0.0519203916192055,-0.30742147564888,0.015979491174221,345.558044433594,27.0199089050293,351.572540283203,-0.13891726732254,0.222154706716537,-0.0415921360254288,0.964167714118958
698.506469726563,-0.0531754493713379,-0.307483643293381,0.0158762075006962,345.941040039063,27.0637607574463,351.641754150391,-0.135589957237244,0.222939237952232,-0.0417601726949215,0.964452981948853
699.105529785156,-0.0502821318805218,-0.306964874267578,0.0165459904819727,345.708892822266,26.6986675262451,351.704162597656,-0.137283205986023,0.21974004805088,-0.0411855727434158,0.964972198009491
699.654113769531,-0.0487751662731171,-0.308925211429596,0.0210275948047638,346.879241943359,26.0205936431885,351.691589355469,-0.127226546406746,0.215000465512276,-0.0444662347435951,0.967269837856293
700.232421875,-0.0519960522651672,-0.31041431427002,0.0236990749835968,348.077972412109,25.3204002380371,352.456787109375,-0.115446180105209,0.210846096277237,-0.0411212481558323,0.969806730747223
700.832397460938,-0.058755174279213,-0.305356204509735,0.0263232719153166,344.575500488281,24.7197952270508,353.081329345703,-0.14364792406559,0.203819155693054,-0.029735317453742,0.967956066131592
701.419860839844,-0.0883839353919029,-0.303277909755707,0.0492701530456543,331.138885498047,6.31914806365967,12.0263795852661,-0.241866752505302,0.0791509374976158,0.114958070218563,0.960218846797943
701.930480957031,-0.0758914276957512,-0.360263675451279,0.0273630451411009,343.671295166016,20.2364902496338,356.661651611328,-0.144810512661934,0.169753611087799,-0.00344639830291271,0.974782943725586
702.451049804688,-0.0907841473817825,-0.360115945339203,-0.0118519403040409,342.112823486328,20.2865009307861,358.001647949219,-0.156042501330376,0.171273663640022,0.0104174762964249,0.97273200750351
702.970275878906,-0.10525806248188,-0.356871902942657,-0.0285802315920591,339.532073974609,20.014591217041,359.320373535156,-0.175976127386093,0.169968217611313,0.0251257941126823,0.969284236431122
703.494689941406,-0.063283234834671,-0.340504169464111,-0.00835917703807354,330.904724121094,27.0382633209229,359.158416748047,-0.245880350470543,0.224475428462029,0.051806278526783,0.941525220870972
704.064392089844,0.0935126543045044,-0.382789969444275,0.0222163833677769,345.260986328125,31.1375694274902,344.210571289063,-0.158950850367546,0.246683582663536,-0.0971204489469528,0.951025485992432
704.582580566406,0.108397953212261,-0.395609140396118,0.008976049721241,348.664947509766,30.7271842956543,343.824951171875,-0.131371170282364,0.247629135847092,-0.109090499579906,0.953687965869904
705.092834472656,0.0857394710183144,-0.392988622188568,-0.0107449078932405,349.26220703125,28.9059448242188,347.247253417969,-0.117643430829048,0.236890390515327,-0.0838639587163925,0.960734009742737
705.604614257813,0.0407441481947899,-0.379585593938828,-0.0422254092991352,345.775054931641,21.4480590820313,353.978088378906,-0.131185844540596,0.178001806139946,-0.0282042901962996,0.974838554859161
706.122497558594,0.00999691337347031,-0.372245579957962,-0.0507262423634529,341.575500488281,11.9354152679443,4.31966161727905,-0.155243739485741,0.108554787933826,0.0536321699619293,0.980427920818329
706.628723144531,0.012597237713635,-0.376242786645889,-0.0457934252917767,343.786224365234,13.5199594497681,3.44286417961121,-0.136475965380669,0.120688281953335,0.046125240623951,0.98218184709549
707.2099609375,0.01307656429708,-0.378308027982712,-0.041996993124485,345.019866943359,13.5068311691284,2.95977139472961,-0.126395583152771,0.119897484779358,0.0407520979642868,0.983863830566406
707.776306152344,0.00946546345949173,-0.374465018510818,-0.0407753027975559,345.321594238281,12.0917129516602,3.22036862373352,-0.1240473985672,0.107989773154259,0.0411632768809795,0.985523223876953
708.289184570313,0.0113329906016588,-0.379163205623627,-0.0446348339319229,348.916259765625,12.4662942886353,2.66276693344116,-0.0934652760624886,0.110268421471119,0.033472154289484,0.988931119441986
708.863586425781,0.00391160510480404,-0.378343909978867,-0.0422874763607979,349.501525878906,11.5237417221069,3.6950204372406,-0.0877556949853897,0.102855831384659,0.0411222651600838,0.989963948726654
709.383361816406,0.00666574295610189,-0.378976821899414,-0.0430536158382893,349.702758789063,12.0739154815674,3.46277046203613,-0.0860363766551018,0.107394129037857,0.0393585860729218,0.989704668521881
709.955993652344,0.00606406666338444,-0.37758880853653,-0.0415873937308788,349.250946044922,12.0118246078491,3.451744556427,-0.0899718403816223,0.10692934691906,0.0396164953708649,0.989394664764404
710.470947265625,0.00589472055435181,-0.379944443702698,-0.0367066860198975,350.718627929688,11.7005624771118,3.66276144981384,-0.0771974548697472,0.104115448892117,0.0399300679564476,0.990760385990143
711.035217285156,0.00473408214747906,-0.381523668766022,-0.0344655513763428,351.900421142578,11.4927825927734,3.94615006446838,-0.06678806245327,0.10223551094532,0.0412382893264294,0.991658568382263
711.62890625,0.00370297767221928,-0.382229775190353,-0.0331786163151264,352.136077880859,11.3438653945923,4.30765199661255,-0.0644823387265205,0.101094484329224,0.044082798063755,0.991805732250214
712.205688476563,0.00384328048676252,-0.38267582654953,-0.0323064848780632,352.748901367188,11.4458770751953,4.37518167495728,-0.0590757876634598,0.101847782731056,0.0442062579095364,0.992059946060181
712.78857421875,0.00305045489221811,-0.382509768009186,-0.0309650972485542,352.683044433594,11.222505569458,4.62218904495239,-0.0595168732106686,0.100060522556305,0.046284344047308,0.992120683193207
713.289978027344,0.00348471850156784,-0.382696539163589,-0.0307151544839144,352.411590576172,11.4044895172119,4.49814558029175,-0.0619042180478573,0.101648606359959,0.0455336719751358,0.991847813129425
713.849975585938,0.00396239571273327,-0.381961017847061,-0.0287198033183813,352.114562988281,11.6789999008179,4.23901987075806,-0.0646016150712967,0.103961698710918,0.0436959154903889,0.991518676280975
714.377258300781,0.00233900547027588,-0.382351607084274,-0.0278412103652954,353.024108886719,11.4791221618652,4.20932102203369,-0.056826826184988,0.101977288722992,0.0425533652305603,0.992250263690948
714.882019042969,0.00144243240356445,-0.383492290973663,-0.0264013148844242,353.410827636719,11.4272661209106,4.34021282196045,-0.0533795282244682,0.101486042141914,0.043333426117897,0.992458283901215
715.406555175781,0.000898088328540325,-0.383367508649826,-0.0273961760103703,353.365386962891,11.542064666748,4.33878374099731,-0.053730983287096,0.102492198348045,0.0434134155511856,0.992332458496094
715.985656738281,0.000793174840509892,-0.383688032627106,-0.0268505029380322,353.608093261719,11.5468282699585,4.49115180969238,-0.0514901876449585,0.102534458041191,0.0445272177457809,0.992397487163544
716.555236816406,-0.000483222305774689,-0.383378624916077,-0.0272382758557796,353.394958496094,11.5290203094482,4.72977113723755,-0.0531301870942116,0.10255291312933,0.0467676892876625,0.99220609664917
717.058288574219,-0.00078248605132103,-0.3831787109375,-0.0281774252653122,353.472259521484,11.5297403335571,4.58968162536621,-0.0525854453444481,0.102471143007278,0.0454889386892319,0.99230295419693
717.575927734375,-0.000332759693264961,-0.383037686347961,-0.0281761232763529,353.525177001953,12.0299472808838,4.49782466888428,-0.0520138368010521,0.106744423508644,0.0448757335543633,0.991910457611084
718.095642089844,-0.000192251056432724,-0.382405757904053,-0.0276701636612415,353.816192626953,12.4825973510742,4.29112672805786,-0.0495161861181259,0.110488928854465,0.0430220887064934,0.991710364818573
718.676635742188,-0.0421176813542843,-0.356293201446533,-0.0509440042078495,346.714599609375,17.2594318389893,2.08563375473022,-0.111636385321617,0.151097595691681,0.0352270528674126,0.981562972068787
719.267333984375,-0.106071218848228,-0.355743229389191,-0.0760656148195267,344.668029785156,17.4221210479736,2.68005919456482,-0.128312736749649,0.153140619397163,0.0431072153151035,0.978889942169189
719.820983886719,-0.104046113789082,-0.352017790079117,-0.081581823527813,335.471374511719,15.0149087905884,2.88871812820435,-0.207315757870674,0.132941246032715,0.0521649420261383,0.967794179916382
720.383422851563,-0.097395196557045,-0.342797845602036,-0.0606716684997082,333.052856445313,13.6640110015869,3.08140802383423,-0.228148281574249,0.121862895786762,0.0536684095859528,0.964477837085724
720.958129882813,-0.0683149695396423,-0.355969876050949,-0.0761579573154449,335.916687011719,18.072395324707,0.901841104030609,-0.204818412661552,0.155219256877899,0.0403662249445915,0.96557080745697
721.522277832031,-0.0695355460047722,-0.359673231840134,-0.0678665637969971,340.103607177734,18.0278759002686,0.337002128362656,-0.170169696211815,0.154820159077644,0.0299275666475296,0.972716510295868
722.042053222656,-0.0696159824728966,-0.361398786306381,-0.0657564252614975,342.953186035156,18.415620803833,0.380916655063629,-0.145776748657227,0.158733904361725,0.0269613936543465,0.976127982139587
722.6064453125,-0.065700463950634,-0.359039425849915,-0.0565625131130219,340.230102539063,22.2497959136963,358.132080078125,-0.171520337462425,0.187313050031662,0.0173628199845552,0.967053830623627
723.110595703125,-0.0659553408622742,-0.359384924173355,-0.0374698638916016,342.074127197266,19.4126834869385,359.034088134766,-0.154963687062263,0.165239453315735,0.018059054389596,0.97383576631546
723.645874023438,-0.0927611365914345,-0.357212662696838,-0.033353079110384,339.042846679688,1.28368020057678,6.23053884506226,-0.180989146232605,0.0208818726241589,0.0554695315659046,0.981697559356689
