Seconds,PositionX,PositionY,PositionZ,RotationX,RotationY,RotationZ,QuatX,QuatY,QuatZ,QuatW
3.61330461502075,0.0420803017914295,0.0267150271683931,0.149414077401161,16.3973789215088,2.65519952774048,0.823682427406311,0.142729133367538,0.0219067577272654,0.00380860245786607,0.989512085914612
4.15524005889893,0.038841538131237,0.027846259996295,0.143920227885246,15.8786926269531,2.89425754547119,1.10548627376556,0.13831552863121,0.0236791744828224,0.00606341846287251,0.990086555480957
4.67228269577026,0.0417150855064392,0.0296359285712242,0.14342088997364,14.8871603012085,3.8141884803772,0.730799555778503,0.129685878753662,0.0321720838546753,0.0020089487079531,0.991031050682068
5.19502115249634,0.0377567112445831,0.0312906540930271,0.142782136797905,13.5906600952148,4.58166360855103,0.782760739326477,0.118496835231781,0.0388825833797455,0.00204792991280556,0.992190778255463
5.72175741195679,0.0366184636950493,0.0313823148608208,0.148271381855011,13.3077011108398,4.80264759063721,1.04998087882996,0.116145446896553,0.040554016828537,0.00423834100365639,0.992394924163818
6.23605728149414,0.0337642282247543,0.0301389079540968,0.145815506577492,13.6169013977051,5.06223440170288,1.124671459198,0.118859425187111,0.0426860526204109,0.00450056744739413,0.991982996463776
6.76879405975342,0.0247958563268185,0.0298281945288181,0.139530062675476,13.4144153594971,3.9976909160614,1.24667179584503,0.117094561457634,0.0333687365055084,0.00672450102865696,0.992537260055542
7.28135919570923,0.0281289741396904,0.0294778067618608,0.13750496506691,13.795994758606,4.60455799102783,1.25331175327301,0.120434179902077,0.0385658740997314,0.00602466054260731,0.991953670978546
7.80078077316284,0.0313853397965431,0.0294943898916245,0.13859935104847,13.7732591629028,4.6072564125061,1.04425859451294,0.120166935026646,0.038811631500721,0.0042202970944345,0.991985738277435
8.32203960418701,0.0865954086184502,0.0237347707152367,0.156785234808922,16.2233295440674,0.629632234573364,0.973097264766693,0.141141772270203,0.00424118572846055,0.00763141736388206,0.989950895309448
8.84112358093262,0.058972604572773,0.0267476215958595,0.174421042203903,16.9136276245117,1.81962108612061,1.63085949420929,0.147253975272179,0.0136116156354547,0.0117400186136365,0.988935351371765
9.35632419586182,0.032353051006794,0.0259020067751408,0.175726100802422,15.9511642456055,3.63523364067078,0.870137155056,0.13891576230526,0.0303573235869408,0.00311528495512903,0.989833891391754
9.94210147857666,0.0329920426011086,0.0256992597132921,0.179560333490372,16.2668132781982,5.6921820640564,1.08199036121368,0.141761749982834,0.0478174053132534,0.00231095403432846,0.988742530345917
10.5351657867432,0.0229584313929081,0.0250039007514715,0.176417618989944,16.3413581848145,6.03302621841431,1.66405975818634,0.142666891217232,0.0500231720507145,0.00687560578808188,0.988481938838959
11.1055498123169,0.0217176787555218,0.0253160055726767,0.182650342583656,15.8043050765991,5.52470684051514,1.83043098449707,0.138066977262497,0.0455363430082798,0.00917790643870831,0.989332973957062
11.6167659759521,0.0293483138084412,0.0213363468647003,0.214231386780739,15.1628942489624,3.78813743591309,0.902083158493042,0.13211715221405,0.0317237339913845,0.00343844434246421,0.990720391273499
12.1360216140747,0.00783015787601471,0.0196384154260159,0.238061144948006,15.2629642486572,3.73054003715515,1.59220623970032,0.133166074752808,0.0304137580096722,0.00944164302200079,0.99058198928833
12.6438894271851,-0.00489332620054483,0.0225087366998196,0.234101623296738,14.4351387023926,4.3225212097168,2.2651629447937,0.126263052225113,0.0349244549870491,0.0148582821711898,0.991270542144775
13.199559211731,-0.00843168050050735,0.0250760708004236,0.222471639513969,13.7975559234619,4.20836925506592,2.46645188331604,0.120791368186474,0.0338590107858181,0.0169427338987589,0.991955637931824
13.710373878479,-0.0110982349142432,0.0265709757804871,0.215783059597015,13.4778652191162,4.82652139663696,3.1051778793335,0.11833143979311,0.0386240296065807,0.0219441745430231,0.991980016231537
14.214599609375,-0.0103257773444057,0.0266266576945782,0.214427649974823,13.4076662063599,4.86756277084351,2.96800756454468,0.117684982717037,0.0391397289931774,0.0207420401275158,0.992062568664551
14.7828617095947,-0.00995426252484322,0.0266099404543638,0.214873254299164,13.4193305969238,5.25576591491699,3.03267002105713,0.1178794875741,0.0424306429922581,0.0208980143070221,0.991900861263275
15.3591709136963,-0.0110221216455102,0.0276351068168879,0.209729269146919,13.0823955535889,5.01973390579224,2.85001850128174,0.114855036139488,0.0406626537442207,0.0196958780288696,0.992354214191437
15.9212427139282,-0.0153290331363678,0.0286615584045649,0.208741337060928,12.7232007980347,5.09931659698486,3.35300970077515,0.111939266324043,0.0409539230167866,0.0241204388439655,0.992577791213989
16.4294605255127,-0.0133062191307545,0.0282950568944216,0.212183699011803,13.1056070327759,6.16463279724121,3.88375067710876,0.115698449313641,0.0495272800326347,0.0274828393012285,0.991668105125427
16.9369411468506,-0.00747327972203493,0.0278026852756739,0.212907209992409,13.2474174499512,5.74388933181763,3.37236285209656,0.116617903113365,0.0463580377399921,0.023415157571435,0.991818010807037
17.4393577575684,-0.0108279334381223,0.0270379483699799,0.212339729070663,13.4188652038574,4.38244771957397,3.29836440086365,0.117793299257755,0.034597173333168,0.0240964088588953,0.992142736911774
18.0184574127197,-0.0171729512512684,0.0270656533539295,0.208656162023544,13.3526058197021,4.35806465148926,3.74194478988647,0.117346912622452,0.0339511521160603,0.0279858876019716,0.99211585521698
18.5805702209473,-0.020368006080389,0.028421126306057,0.204580426216125,13.0464420318604,3.86512041091919,4.00968599319458,0.114643886685371,0.0295121800154448,0.0309089086949825,0.992487013339996
19.1591053009033,-0.0186532624065876,0.0289534628391266,0.204196587204933,12.8309164047241,3.48491191864014,4.23042774200439,0.112724535167217,0.0260737016797066,0.0332657024264336,0.992726922035217
19.7109603881836,-0.0212771408259869,0.0303257647901773,0.199966236948967,12.4089250564575,3.69494199752808,4.62349081039429,0.10922546684742,0.0276667568832636,0.0365980714559555,0.992957651615143
20.2119388580322,-0.0250328481197357,0.032909419387579,0.195726677775383,11.6602592468262,3.91554951667786,5.16024780273438,0.102947175502777,0.0293817240744829,0.0412907116115093,0.993395030498505
20.777624130249,-0.0121154179796576,0.0349742062389851,0.191851794719696,11.1879100799561,2.78934478759766,5.4286994934082,0.0984868183732033,0.019581276923418,0.0447472557425499,0.993938982486725
21.349292755127,-0.000116728246212006,0.0393537171185017,0.180797442793846,9.92957592010498,1.97693634033203,5.6845645904541,0.087276391685009,0.0128745203837752,0.0479023046791553,0.994948506355286
21.9067420959473,0.0049731619656086,0.038825761526823,0.177254900336266,10.3788118362427,1.72752118110657,5.4750280380249,0.0910519734025002,0.0106766065582633,0.0461973436176777,0.994716763496399
22.4090347290039,0.00372755900025368,0.0385300889611244,0.172339409589767,10.3556566238403,1.83922183513641,5.66681098937988,0.0909153819084167,0.0115039832890034,0.0477773882448673,0.994645357131958
22.9881992340088,0.00485002156347036,0.038556806743145,0.168083637952805,10.3666191101074,2.186518907547,5.49664211273193,0.0911332368850708,0.0146489124745131,0.0460223592817783,0.994666874408722
23.5731163024902,-0.00152985844761133,0.0372183881700039,0.17239074409008,10.6747102737427,1.3522824048996,5.93607902526855,0.0934968739748001,0.00691756699234247,0.0504545904695988,0.994316279888153
24.1465129852295,0.00277958530932665,0.0356277227401733,0.184368342161179,11.5629558563232,1.48448383808136,5.77772998809814,0.101247772574425,0.00779544468969107,0.0488349981606007,0.993631362915039
24.7078132629395,-0.0101207904517651,0.0483930595219135,0.178646579384804,7.80944204330444,0.802295207977295,7.52454900741577,0.0684074088931084,0.00250174733810127,0.0649872273206711,0.995535492897034
25.2828025817871,-0.0332635194063187,0.0593567490577698,0.168093904852867,4.10900974273682,359.540496826172,9.65921020507813,0.035385224968195,-0.0070114666596055,0.0842811763286591,0.995788812637329
25.840892791748,-0.0378746688365936,0.0565507933497429,0.173173040151596,5.24240446090698,358.255889892578,9.79686546325684,0.0442620925605297,-0.0190528947860003,0.0859839543700218,0.995130479335785
26.3411884307861,-0.0377150736749172,0.0559887550771236,0.174093142151833,5.10397005081177,358.647003173828,9.30945873260498,0.0434186719357967,-0.0153693621978164,0.0815888568758965,0.995601236820221
26.9166145324707,-0.032952681183815,0.0507045798003674,0.184627145528793,6.88897943496704,357.523406982422,9.22269725799561,0.0581387169659138,-0.0263310912996531,0.0815265774726868,0.994625568389893
27.4271545410156,-0.031704057008028,0.0463304743170738,0.183070495724678,7.87032270431519,357.703857421875,10.9480619430542,0.0663939937949181,-0.0264433789998293,0.0965193510055542,0.992762088775635
27.9903144836426,-0.0377852506935596,0.0455393865704536,0.183598473668098,8.9138069152832,356.739929199219,10.8649368286133,0.07464399933815,-0.0355861969292164,0.0965485423803329,0.991887271404266
28.5222396850586,-0.0353127680718899,0.0442909859120846,0.18843600153923,9.51161098480225,356.261596679688,10.0808906555176,0.0796887129545212,-0.0396603010594845,0.0902037248015404,0.991937518119812
29.0250949859619,-0.0434136055409908,0.0409592986106873,0.189504578709602,10.5497779846191,355.685607910156,11.3348541259766,0.0877184793353081,-0.0463710390031338,0.101709738373756,0.98985368013382
29.5260848999023,-0.0197049863636494,0.0420402251183987,0.176428154110909,10.0778779983521,357.073974609375,9.13802528381348,0.0854990929365158,-0.032346673309803,0.0815614834427834,0.992467284202576
30.0916919708252,0.00642023235559464,0.0344887226819992,0.178586766123772,12.753210067749,3.66621327400208,6.45781898498535,0.112620681524277,0.0254874583333731,0.0524010881781578,0.991927981376648
30.6784820556641,0.00233416724950075,0.0331697650253773,0.190179318189621,13.3622894287109,3.85460758209229,6.33356857299805,0.117945782840252,0.0269285421818495,0.0509296432137489,0.99134749174118
31.2466468811035,-0.0037946430966258,0.0334741659462452,0.179730594158173,12.8102016448975,3.83394742012024,6.55353260040283,0.113212794065475,0.0268151517957449,0.0530449822545052,0.991791427135468
31.8137073516846,-0.00335355196148157,0.0347889512777328,0.169122874736786,12.5818548202515,4.18522167205811,6.70553922653198,0.111439071595669,0.0298286583274603,0.0540982075035572,0.9918492436409
32.3861465454102,0.0013310955837369,0.0356924794614315,0.164448827505112,12.0549011230469,4.62639045715332,6.41826486587524,0.107001826167107,0.0342023745179176,0.0513942465186119,0.992340385913849
32.9471740722656,0.00587830692529678,0.0345910303294659,0.168098166584969,12.4421062469482,4.54440784454346,6.16900539398193,0.110243365168571,0.0335300900042057,0.049159687012434,0.992121696472168
33.5317039489746,0.0127600990235806,0.0328333117067814,0.179806008934975,13.0725450515747,4.7950177192688,5.82996034622192,0.115698911249638,0.035722766071558,0.0457235835492611,0.991588115692139
34.037109375,0.0111572779715061,0.0326718837022781,0.192182257771492,13.3850240707397,4.6428484916687,5.98960828781128,0.118388064205647,0.034090731292963,0.0471327118575573,0.991262137889862
34.6195106506348,0.00406797975301743,0.0311341341584921,0.189216300845146,13.7951898574829,4.62634658813477,6.54569005966187,0.122089184820652,0.0331532992422581,0.0517921634018421,0.990612268447876
35.1227912902832,-0.000855278223752975,0.0621341243386269,0.184110134840012,358.390472412109,2.9467089176178,6.57063722610474,-0.0125441318377852,0.0264719016849995,0.0576441511511803,0.997907340526581
35.6790161132813,0.00161031540483236,0.0541630536317825,0.190924093127251,2.24835562705994,3.96432209014893,6.36082029342651,0.0214960016310215,0.0334405824542046,0.0547587014734745,0.997707962989807
36.1814880371094,0.00417720805853605,0.0305411275476217,0.195499494671822,13.9343814849854,4.71588325500488,5.58640766143799,0.1230443790555,0.0348837599158287,0.0433458313345909,0.990840196609497
36.754222869873,-0.000390720553696156,0.0349852666258812,0.188650235533714,11.8779954910278,4.24864530563354,5.62340259552002,0.105082504451275,0.0317525044083595,0.044926144182682,0.992940604686737
37.3286476135254,-0.00338595081120729,0.0388754568994045,0.178177922964096,9.10212898254395,4.41277360916138,6.49479532241821,0.0813354179263115,0.0338246785104275,0.0533770583570004,0.994681537151337
37.9147148132324,-0.00515051558613777,0.0425178781151772,0.169500797986984,7.62562990188599,3.34609794616699,7.42584562301636,0.0682156831026077,0.024765957146883,0.0626491233706474,0.995393574237823
38.4969711303711,-0.0153558403253555,0.0378542169928551,0.16875422000885,9.74514102935791,358.079254150391,10.0873117446899,0.0831309333443642,-0.0241021439433098,0.0890028923749924,0.992263495922089
39.0553665161133,-0.0586600564420223,0.0279854256659746,0.162839621305466,14.1707859039307,333.1337890625,5.85351991653442,0.108046382665634,-0.236360937356949,0.0779009386897087,0.962492048740387
39.5620079040527,-0.0218465551733971,0.0336280055344105,0.173539087176323,11.5924415588379,354.845642089844,6.81683301925659,0.0980504229664803,-0.050654198974371,0.0636222511529922,0.991853058338165
40.1156845092773,0.0147333927452564,0.0375342145562172,0.183276697993279,10.2092447280884,8.43719577789307,1.101358294487,0.0894336774945259,0.0724139586091042,0.00300211785361171,0.993352293968201
40.618408203125,0.00697845593094826,0.0383550487458706,0.182979717850685,9.80581378936768,6.33369493484497,1.76604056358337,0.0861750543117523,0.0537199713289738,0.0106101781129837,0.994774043560028
41.195255279541,0.0506515577435493,0.0338956005871296,0.167566075921059,12.1389245986938,359.047149658203,4.03711271286011,0.105373576283455,-0.0119874533265829,0.0359031446278095,0.99371212720871
41.760986328125,0.0440988913178444,0.0308307409286499,0.162401512265205,11.7485961914063,1.04158508777618,5.38041877746582,0.102653674781322,0.00422822032123804,0.0457581244409084,0.993655145168304
42.3408622741699,0.0252643637359142,0.0286116469651461,0.197250172495842,13.0800065994263,359.561004638672,4.59069490432739,0.113652229309082,-0.00836463458836079,0.0402257293462753,0.992670714855194
42.9161949157715,0.0232366919517517,0.0378303080797195,0.198720142245293,9.41484832763672,6.58608245849609,2.54679131507874,0.0831841453909874,0.055414080619812,0.0173985511064529,0.994840145111084
43.4912261962891,0.017251692712307,0.0377025976777077,0.192063629627228,11.80442237854,6.62779188156128,2.64967226982117,0.103960961103439,0.0551107972860336,0.0170169956982136,0.992907524108887
44.0693397521973,0.0127139613032341,0.0369450859725475,0.187756463885307,11.9774208068848,6.20314455032349,3.18894219398499,0.10563662648201,0.0508912764489651,0.0219899341464043,0.992858231067657
44.623291015625,0.0123070003464818,0.0365314446389675,0.185151472687721,12.1597709655762,7.05327033996582,3.62996864318848,0.107598662376404,0.057787649333477,0.0249225329607725,0.992200553417206
45.188907623291,0.0114994272589684,0.0351863875985146,0.181337952613831,11.9813966751099,6.05964231491089,3.86972641944885,0.105936534702778,0.0490182414650917,0.0280187427997589,0.992768704891205
45.7828216552734,0.0164446532726288,0.0332397222518921,0.177012979984283,12.3934812545776,5.94324827194214,3.85287427902222,0.109469249844551,0.0478855855762959,0.0277822427451611,0.992447316646576
46.3798637390137,0.0153691098093987,0.0328100211918354,0.178468197584152,12.5489873886108,6.56515789031982,4.01925945281982,0.111041329801083,0.0530561618506908,0.0285459607839584,0.991987943649292
46.9539184570313,0.0150478295981884,0.0327003337442875,0.178021594882011,12.5129995346069,6.7435040473938,4.08508014678955,0.110805600881577,0.0545492954552174,0.0289624072611332,0.991921186447144
47.5357475280762,0.0152294039726257,0.0321561619639397,0.177715703845024,12.8058662414551,6.51808261871338,4.1077299118042,0.113292664289474,0.0524691231548786,0.029222009703517,0.991744935512543
48.0991897583008,0.0131320543587208,0.0323178954422474,0.175185143947601,12.6465282440186,6.7251672744751,4.27932977676392,0.112048178911209,0.0541520155966282,0.0305889155715704,0.991754531860352
48.6776351928711,0.011044267565012,0.0322444215416908,0.173513621091843,12.6086196899414,6.17539310455322,4.30478668212891,0.111583076417446,0.0493827164173126,0.0313655734062195,0.992031693458557
49.2404098510742,0.0093412958085537,0.0314918868243694,0.175168558955193,12.76025390625,6.22110843658447,4.37051820755005,0.112936079502106,0.0496564507484436,0.031813208013773,0.991850614547729
49.805248260498,0.0172526016831398,0.0307431370019913,0.17759907245636,13.2365026473999,5.93067836761475,3.59325456619263,0.116653747856617,0.0477532520890236,0.0251419488340616,0.991705358028412
50.3862533569336,0.0157611556351185,0.030035562813282,0.180328294634819,13.4079418182373,5.85459566116333,3.86521053314209,0.118231378495693,0.0467589572072029,0.0274912845343351,0.991503536701202
50.8987236022949,0.0174524746835232,0.0300297569483519,0.181133016943932,13.4139471054077,5.91568899154663,3.68598890304565,0.118223860859871,0.0474704466760159,0.0258746575564146,0.991514086723328
51.3990097045898,0.0123462937772274,0.0303465612232685,0.180855110287666,13.3456554412842,5.72291278839111,4.49137449264526,0.117908589541912,0.04499726369977,0.0330742709338665,0.991452932357788
51.9136161804199,0.0111508434638381,0.0306762531399727,0.182871386408806,13.1703262329102,5.95007753372192,4.4684009552002,0.116448245942593,0.0470545962452888,0.032727412879467,0.991541564464569
52.4782371520996,0.0106486417353153,0.0301512647420168,0.186075791716576,13.3345737457275,6.07197999954224,4.57667636871338,0.117948688566685,0.0479337684810162,0.0334584042429924,0.991297662258148
52.9785270690918,0.010569884441793,0.0301996432244778,0.185254007577896,13.3361597061157,6.01557540893555,4.62925148010254,0.117967672646046,0.0473910681903362,0.0339704900979996,0.991304039955139
53.484245300293,0.0103831039741635,0.0308030098676682,0.183838799595833,13.1293687820435,6.02569627761841,4.53099918365479,0.116141647100449,0.0476614385843277,0.0332124605774879,0.991532385349274
54.0550308227539,0.00839751213788986,0.030039120465517,0.183270797133446,13.3527431488037,5.86495208740234,4.76501512527466,0.118120834231377,0.0459414571523666,0.0352919846773148,0.99130791425705
54.6200637817383,0.00754767656326294,0.0305017232894897,0.177821129560471,13.2005844116211,5.8028564453125,4.86922454833984,0.116827204823494,0.0453605651855469,0.0363306999206543,0.991450428962708
55.2200622558594,0.00352371577173471,0.0286044254899025,0.188907414674759,13.9678249359131,5.92312383651733,4.93953275680542,0.123525336384773,0.0460024029016495,0.036439087241888,0.990604639053345
55.790111541748,-0.000514018349349499,0.0293502248823643,0.184275224804878,13.6615972518921,5.98014402389526,5.55160570144653,0.121144637465477,0.0459798127412796,0.0418218709528446,0.990687012672424
56.306079864502,0.00540353823453188,0.0301480144262314,0.184142634272575,13.4853544235229,6.37991142272949,4.9400429725647,0.119501233100891,0.0501580908894539,0.0362048484385014,0.990905046463013
56.8811492919922,0.00515120010823011,0.0301278326660395,0.184809371829033,13.2767906188965,6.35835838317871,5.09472417831421,0.117759168148041,0.0499023385345936,0.0376744419336319,0.991071820259094
57.4519691467285,0.00451017171144485,0.0300664398819208,0.185235649347305,13.1970996856689,6.20934867858887,5.27648735046387,0.117098197340965,0.0484628602862358,0.0394406691193581,0.991152763366699
57.9758529663086,0.00603826064616442,0.030130498111248,0.183926269412041,13.1155061721802,6.38811159133911,5.16894006729126,0.116407260298729,0.0501553304493427,0.0383708216249943,0.991191983222961
58.4827003479004,0.00373756885528564,0.0310009270906448,0.179609790444374,12.815131187439,6.22392463684082,5.36259603500366,0.113837286829948,0.0486760996282101,0.0403677746653557,0.991484820842743
58.9863395690918,0.00371765717864037,0.0311627890914679,0.180917873978615,12.8951091766357,6.37803554534912,5.36019086837769,0.114581950008869,0.0499751456081867,0.0401516519486904,0.991343200206757
59.5601692199707,0.00633333157747984,0.0314351320266724,0.183253616094589,12.7721338272095,6.57837343215942,5.17191886901855,0.113503575325012,0.051951427012682,0.0383891314268112,0.991435468196869
60.1476402282715,0.00763952359557152,0.0300812851637602,0.189249515533447,13.3798303604126,6.45135593414307,5.18392038345337,0.118719667196274,0.0505687370896339,0.0382953360676765,0.990899562835693
60.7076301574707,0.0105752795934677,0.0293327197432518,0.192254722118378,13.6391592025757,6.91142559051514,4.92422294616699,0.120989061892033,0.0547035075724125,0.0354263484477997,0.990512073040009
61.2839279174805,0.00925904884934425,0.02963737398386,0.191008999943733,13.5345878601074,6.87556123733521,4.94169473648071,0.120082832872868,0.0544205158948898,0.0356741733849049,0.990629017353058
61.8621444702148,0.00793857406824827,0.0298720505088568,0.185952082276344,13.4417505264282,7.01260089874268,5.01856851577759,0.119360685348511,0.0555655434727669,0.0362483710050583,0.990631937980652
62.3734283447266,0.0052599934861064,0.0299722068011761,0.183015182614326,13.2608289718628,6.95695924758911,5.25623559951782,0.1178939640522,0.0549197793006897,0.0384643524885178,0.990760028362274
62.8825035095215,0.00572577118873596,0.0297455620020628,0.184126958250999,13.3976230621338,6.96562480926514,5.15009784698486,0.119027808308601,0.0550422891974449,0.0374595895409584,0.990656137466431
63.454029083252,0.00710928440093994,0.0305618047714233,0.178299710154533,13.1917514801025,6.8413872718811,4.94791030883789,0.11711261421442,0.0542673580348492,0.0359558500349522,0.9909827709198
63.9561080932617,0.00764485076069832,0.0306967981159687,0.174048021435738,13.0834455490112,6.78549671173096,5.09360218048096,0.116227254271507,0.0536831393837929,0.0373332165181637,0.991067886352539
64.4852142333984,0.00909260287880898,0.0307216681540012,0.17463418841362,12.9400501251221,6.65198659896851,5.22878932952881,0.115006029605865,0.0524561405181885,0.0387163646519184,0.991223037242889
65.0511856079102,0.0108375586569309,0.0302311293780804,0.176428437232971,13.3011379241943,6.54461479187012,5.07926225662231,0.118023730814457,0.0515183135867119,0.0373361445963383,0.990970373153687
65.568733215332,0.0102894576266408,0.0304660722613335,0.176473572850227,13.1310014724731,6.66632604598999,5.03566789627075,0.116572812199593,0.0526903383433819,0.0369269549846649,0.991095840930939
66.1438903808594,0.00949286669492722,0.030310831964016,0.179277330636978,13.1994333267212,6.69205331802368,5.15955924987793,0.117229700088501,0.0527561344206333,0.0379346087574959,0.990976810455322
66.7166976928711,0.008714459836483,0.028962679207325,0.184225991368294,13.6243047714233,6.59608459472656,5.26712942123413,0.120917782187462,0.0516223423182964,0.038731575012207,0.990562438964844
67.290657043457,0.00966442376375198,0.0281886961311102,0.189402714371681,14.0230464935303,6.86860799789429,5.20917463302612,0.12442572414875,0.0538574084639549,0.0377172641456127,0.990047991275787
67.8073043823242,0.00808563455939293,0.0278941839933395,0.18764516711235,14.1336994171143,6.94021892547607,5.13574457168579,0.125369653105736,0.0545058213174343,0.0369418486952782,0.989922642707825
68.3628005981445,0.00642686244100332,0.0292411968111992,0.18182398378849,13.6868171691895,6.71877527236938,5.19110202789307,0.12146420031786,0.0527348443865776,0.037910271435976,0.990468740463257
68.8745422363281,0.00547087099403143,0.0301973037421703,0.180413246154785,13.3107891082764,6.68515253067017,5.40498542785645,0.118302240967751,0.0523932985961437,0.0400025099515915,0.990787267684937
69.4597244262695,0.00995587278157473,0.0318808183073997,0.176685467362404,12.5748767852783,8.33275127410889,6.12911367416382,0.112931504845619,0.0662732347846031,0.0450538024306297,0.990365862846375
70.0443496704102,0.022072546184063,0.0331211350858212,0.176913946866989,12.2152986526489,9.49142456054688,5.6886305809021,0.109983555972576,0.0769011154770851,0.0403797067701817,0.990130960941315
70.6230163574219,0.0243743900209665,0.0348201766610146,0.173259019851685,11.5584335327148,10.2180795669556,5.61898803710938,0.104517482221127,0.0835763141512871,0.0396161004900932,0.990212917327881
71.1257400512695,0.0282564796507359,0.0349230840802193,0.165916129946709,11.4789524078369,11.1258420944214,5.4082465171814,0.103973962366581,0.09164959192276,0.0370371490716934,0.989655554294586
71.6431350708008,0.0334729440510273,0.0350606068968773,0.160148411989212,11.3057422637939,11.6644659042358,5.05640316009521,0.10235658288002,0.0967008620500565,0.0336698293685913,0.989463686943054
72.2204437255859,0.0310682505369186,0.0351588129997253,0.158864811062813,11.1680431365967,11.2796211242676,5.27162408828735,0.101229809224606,0.0932514071464539,0.0359950885176659,0.989828824996948
72.7694854736328,0.0313299298286438,0.0338798575103283,0.171530470252037,11.7856149673462,11.1646289825439,5.36938858032227,0.106600895524025,0.0918693542480469,0.0363950245082378,0.989379465579987
73.2730178833008,0.0340693779289722,0.0323756225407124,0.183685600757599,12.6003847122192,11.0591278076172,5.1339955329895,0.113407015800476,0.0907892659306526,0.0337462909519672,0.988816142082214
73.7778091430664,0.0298562832176685,0.0308497734367847,0.190666884183884,13.1957330703735,11.1110458374023,5.50411319732666,0.118846029043198,0.0905673131346703,0.0363612584769726,0.98810476064682
74.3554840087891,0.0260231047868729,0.0310610104352236,0.18756727874279,13.0970258712769,11.2650051116943,5.64164924621582,0.118154905736446,0.0918036103248596,0.0374760441482067,0.988031923770905
74.8578338623047,0.0256147086620331,0.0318690501153469,0.186592161655426,12.6957607269287,10.6898822784424,5.71125602722168,0.114559762179852,0.0869811549782753,0.0390122346580029,0.98883181810379
75.4293518066406,0.0237291548401117,0.0317446887493134,0.195484042167664,12.7970895767212,10.0379610061646,6.04640817642212,0.115447163581848,0.0809647291898727,0.0424747206270695,0.989096820354462
75.9689483642578,0.0248254835605621,0.0304839313030243,0.200185120105743,13.9704942703247,9.87507438659668,5.90487480163574,0.125401929020882,0.0790766999125481,0.0404815636575222,0.988120675086975
76.5455780029297,0.0212708674371243,0.0316345021128654,0.195557042956352,13.4828538894653,10.1849870681763,6.04634046554565,0.121411733329296,0.081860788166523,0.041763037443161,0.988338947296143
77.1244659423828,0.0207855142652988,0.0306231863796711,0.197526380419731,13.6622819900513,10.4830169677734,6.3464937210083,0.123285688459873,0.0840098038315773,0.0438831858336926,0.987834632396698
77.6988830566406,0.0186348054558039,0.0301838926970959,0.194278553128242,13.5437164306641,9.93649768829346,6.34443235397339,0.122052177786827,0.0793670639395714,0.0445484854280949,0.988341867923737
78.2021255493164,0.0239822193980217,0.0284157879650593,0.19328336417675,14.3489227294922,10.4838819503784,5.89920520782471,0.128868341445923,0.0841264277696609,0.0394460111856461,0.987299203872681
78.7025680541992,0.0247569177299738,0.0293983034789562,0.18435887992382,13.8378601074219,10.1374959945679,5.77182817459106,0.124257408082485,0.0815549865365028,0.0391556099057198,0.988117277622223
79.2872314453125,0.0256158709526062,0.0306131020188332,0.177787780761719,13.320876121521,10.1370763778687,5.91218852996826,0.119903057813644,0.0816762819886208,0.0407890193164349,0.988579034805298
79.8792724609375,0.023705929517746,0.0292999744415283,0.186456099152565,13.8111982345581,9.91419982910156,6.08078861236572,0.124165453016758,0.0793088674545288,0.0420835092663765,0.988191306591034
80.4043121337891,0.0290583316236734,0.0280539840459824,0.189338803291321,14.348726272583,10.0235595703125,5.44671440124512,0.128389626741409,0.0806674286723137,0.0360633470118046,0.987779498100281
80.9404983520508,0.0268400013446808,0.0280663166195154,0.185775339603424,14.2236843109131,9.88112831115723,5.77792167663574,0.127497032284737,0.0791343599557877,0.039177980273962,0.987900495529175
81.5310974121094,0.0280359089374542,0.0280025657266378,0.183925092220306,14.3896703720093,10.026683807373,5.62029838562012,0.128865227103233,0.0804785713553429,0.0375229641795158,0.987678587436676
82.0390472412109,0.0249702483415604,0.0285909716039896,0.181476071476936,14.0643510818481,9.66307353973389,5.78488826751709,0.12605445086956,0.0773303881287575,0.0396052710711956,0.988211393356323
82.5504455566406,0.0252577997744083,0.0282213483005762,0.183656215667725,14.1676292419434,9.76837158203125,5.8835973739624,0.127047687768936,0.0780746340751648,0.0402588732540607,0.987999260425568
83.0694274902344,0.0256842933595181,0.0272461101412773,0.187479734420776,14.4355897903442,9.73513221740723,5.79440879821777,0.129283040761948,0.0777453705668449,0.0393154360353947,0.987773180007935
83.5753326416016,0.0219908114522696,0.0269921515136957,0.187849670648575,14.5237808227539,9.57465553283691,6.11734104156494,0.13020184636116,0.0759488269686699,0.0422114655375481,0.987672746181488
84.1046524047852,0.0214196443557739,0.0269783735275269,0.184841617941856,14.4239530563354,9.867600440979,6.24685621261597,0.129538714885712,0.0783824995160103,0.0430747009813786,0.987532556056976
84.6250610351563,0.0177784226834774,0.026994114741683,0.183621242642403,14.2559986114502,10.0558805465698,6.56534290313721,0.128385841846466,0.079743392765522,0.0457436218857765,0.987454116344452
85.1491317749023,0.0153924487531185,0.0273198913782835,0.182730451226234,14.1067266464233,9.63445568084717,6.73274230957031,0.127042695879936,0.0760131031274796,0.0477761141955853,0.987825691699982
85.6528472900391,0.0196040626615286,0.0266032963991165,0.185262367129326,14.4194869995117,9.82410335540771,6.34513521194458,0.129550755023956,0.0778990760445595,0.043974407017231,0.987529516220093
86.1587600708008,0.01938696205616,0.0265171099454165,0.187567442655563,14.3965520858765,9.75473785400391,6.44936323165894,0.129396960139275,0.0771967023611069,0.0449693277478218,0.987560093402863
86.6811447143555,0.018918028101325,0.0264811962842941,0.188225448131561,14.4154863357544,10.028862953186,6.53615236282349,0.129727333784103,0.0794496834278107,0.0453919731080532,0.987318694591522
87.212158203125,0.0160278175026178,0.0274854935705662,0.183984562754631,13.9799089431763,9.71445655822754,6.77349805831909,0.126011446118355,0.0767336189746857,0.0481395274400711,0.98788446187973
87.7204742431641,0.0170930009335279,0.0278163570910692,0.182938024401665,13.9412412643433,9.86849498748779,6.66752767562866,0.125670865178108,0.0782009810209274,0.0470877438783646,0.987863481044769
88.2364807128906,0.0165159739553928,0.027868265286088,0.183419391512871,13.9284372329712,9.59391975402832,6.74143028259277,0.1254962682724,0.0757603496313095,0.0480359867215157,0.988030135631561
88.7500915527344,0.0170552060008049,0.02748654037714,0.181763261556625,14.0546407699585,10.03307056427,6.64014291763306,0.126695528626442,0.0795825198292732,0.0465784557163715,0.987646400928497
89.2502899169922,0.0151642728596926,0.0275699347257614,0.176529139280319,13.9292049407959,9.78966999053955,6.76817798614502,0.125602856278419,0.0774182677268982,0.0480515137314796,0.987887322902679
89.8454742431641,0.0172688364982605,0.0276236534118652,0.165420547127724,13.9155321121216,9.47390937805176,6.57784748077393,0.125227957963943,0.0749120786786079,0.04676678404212,0.98818975687027
90.4454727172852,0.016896978020668,0.0278783328831196,0.15866219997406,13.9586868286133,9.84233283996582,6.17354583740234,0.125473067164421,0.0785067155957222,0.0428435057401657,0.988057494163513
90.9943237304688,0.014275074005127,0.0277081355452538,0.154054954648018,13.9919996261597,10.185754776001,6.18401765823364,0.125895157456398,0.0814373716711998,0.0425300784409046,0.987780153751373
91.5090866088867,0.0138247907161713,0.0281923450529575,0.15344811975956,13.8369598388672,10.2853231430054,6.36298656463623,0.124725706875324,0.0821877494454384,0.0440924726426601,0.987797796726227
92.0288009643555,0.0153374094516039,0.0273445453494787,0.160507932305336,14.1710233688354,9.970534324646,6.34847927093506,0.12747049331665,0.079299233853817,0.0440391898155212,0.987685918807983
92.5803146362305,0.0160805620253086,0.0267118960618973,0.165012344717979,14.2561597824097,10.2821950912476,6.4280424118042,0.128379344940186,0.0818471983075142,0.0443068481981754,0.987348318099976
93.0842590332031,0.0189631432294846,0.0255165863782167,0.171806290745735,14.8142194747925,10.2080278396606,6.36928939819336,0.133110225200653,0.080951914191246,0.0434204749763012,0.986834943294525
93.653564453125,0.0226297210901976,0.0245615821331739,0.177842974662781,15.3002347946167,10.3216638565063,5.9975528717041,0.137066066265106,0.0820930004119873,0.0396805293858051,0.986356496810913
94.1939163208008,0.0206556767225266,0.0248496197164059,0.177488774061203,15.2348756790161,10.2806873321533,6.13795232772827,0.136590033769608,0.081609234213829,0.0409926623106003,0.98640900850296
94.7067413330078,0.0152832604944706,0.0255574099719524,0.17462757229805,15.0006856918335,10.2324819564819,6.75447797775269,0.134994715452194,0.0806011036038399,0.0465528853237629,0.986464738845825
95.2341461181641,0.0150014813989401,0.025764599442482,0.17149555683136,14.7810688018799,10.2488803863525,6.89233636856079,0.133210390806198,0.080715723335743,0.047904584556818,0.986633241176605
95.7404861450195,0.0152791356667876,0.0256936028599739,0.173033580183983,15.0331411361694,10.3380966186523,6.59779405593872,0.135204970836639,0.0816754028201103,0.0450523160398006,0.986417293548584
96.2474975585938,0.00943634193390608,0.0253970846533775,0.173825412988663,14.8946018218994,10.4410972595215,7.28698205947876,0.134549126029015,0.0818372666835785,0.0509808994829655,0.986204922199249
96.7734909057617,0.00778137054294348,0.0259919036179781,0.170282334089279,14.6457958221436,9.93149280548096,7.51867389678955,0.13233844935894,0.0773437023162842,0.0537775754928589,0.986718058586121
97.2871627807617,0.0090783853083849,0.0261400956660509,0.166819721460342,14.5607461929321,9.94092655181885,7.36942052841187,0.13151054084301,0.0776525214314461,0.0525511465966702,0.986870527267456
97.8662338256836,0.00894343387335539,0.0259886141866446,0.164457082748413,14.4828987121582,10.2348985671997,7.31771516799927,0.13093937933445,0.0802938491106033,0.0518338419497013,0.986773073673248
98.4246139526367,0.0151333203539252,0.0251673460006714,0.16429191827774,14.4786338806152,9.7262716293335,7.33055782318115,0.130679845809937,0.0759012699127197,0.0525285676121712,0.987118303775787
98.9343719482422,0.0286288559436798,0.0226937867701054,0.177052557468414,15.6394262313843,10.104700088501,7.14725399017334,0.140702456235886,0.0786297395825386,0.0495529472827911,0.985679805278778
99.4573059082031,0.0283064395189285,0.023046812042594,0.175405979156494,15.2994804382324,10.098048210144,7.33538579940796,0.137908458709717,0.0785638019442558,0.0514629408717155,0.985982060432434
99.9638290405273,0.0300863571465015,0.0235186759382486,0.174232289195061,15.1704549789429,10.2489290237427,7.45514488220215,0.136951133608818,0.0798032954335213,0.0524207465350628,0.985965430736542
100.532051086426,0.0365208759903908,0.0232551898807287,0.172579631209373,15.1570816040039,10.0286455154419,7.58634567260742,0.13682433962822,0.0777600184082985,0.0538240410387516,0.98607075214386
101.032997131348,0.0413706824183464,0.0233271606266499,0.171415314078331,15.2314395904541,9.91363906860352,7.14289569854736,0.137111246585846,0.0772517174482346,0.0500839091837406,0.986267864704132
101.556838989258,0.0361937992274761,0.0239397902041674,0.171279817819595,15.0376996994019,9.64022922515869,7.38844633102417,0.135486155748367,0.0747308656573296,0.0526794157922268,0.986551403999329
102.117805480957,0.0296811312437057,0.0235504806041718,0.175329238176346,15.1563062667847,9.59314918518066,7.81210660934448,0.1367576867342,0.0737432166934013,0.0562874004244804,0.986250996589661
102.634391784668,0.0302343368530273,0.0226318929344416,0.183408737182617,15.4867134094238,9.90678691864014,7.56420755386353,0.139584079384804,0.0765174105763435,0.0535081587731838,0.985798299312592
103.194961547852,0.0324335098266602,0.0207058694213629,0.191048145294189,16.1980438232422,10.0293378829956,7.4919867515564,0.145699083805084,0.0771848484873772,0.0521456450223923,0.984934091567993
103.696014404297,0.0307745113968849,0.0212188363075256,0.191448718309402,15.9021148681641,9.86429119110107,7.59464645385742,0.143151596188545,0.075835332274437,0.0534810535609722,0.985340774059296
104.269729614258,0.0278432909399271,0.0197942871600389,0.190418362617493,16.3188667297363,9.99250602722168,7.74046468734741,0.146885246038437,0.0764690488576889,0.0542273931205273,0.9847012758255
104.77067565918,0.0277109555900097,0.0201307758688927,0.186996981501579,16.2334327697754,10.1238794326782,7.67055702209473,0.146167039871216,0.0777460187673569,0.0535302758216858,0.984746277332306
105.355323791504,0.0238057728856802,0.0208393950015306,0.185232445597649,15.9403076171875,9.47398471832275,7.99662780761719,0.143549859523773,0.0719500482082367,0.0573949962854385,0.985353946685791
105.868324279785,0.0303123109042645,0.0179889313876629,0.193501457571983,18.0005645751953,7.50321817398071,7.35043621063232,0.15992559492588,0.0544862523674965,0.052960816770792,0.984200298786163
106.373329162598,0.0454320125281811,0.0191697385162115,0.181387022137642,17.0149574279785,7.63995695114136,6.32612037658691,0.151020541787148,0.0576435886323452,0.0446084775030613,0.98583984375
106.957633972168,0.0472960732877254,0.0180337503552437,0.183500692248344,17.4830093383789,8.10517311096191,6.29519462585449,0.155203551054001,0.0614217892289162,0.0434104911983013,0.985015094280243
107.476753234863,0.0443409197032452,0.0181274395436049,0.183606222271919,17.4008865356445,8.76930141448975,6.61503505706787,0.154934659600258,0.0667443871498108,0.0453186854720116,0.984625160694122
108.024551391602,0.0374985709786415,0.0181580390781164,0.184301897883415,17.284236907959,8.52464389801025,6.96027040481567,0.154030576348305,0.0642475560307503,0.0486999563872814,0.98477166891098
108.610244750977,0.0353474244475365,0.0178870856761932,0.186952158808708,17.3353786468506,8.75791263580322,7.12319850921631,0.154662191867828,0.066000409424305,0.0497484467923641,0.984504282474518
109.116630554199,0.0364546552300453,0.0181098971515894,0.188778817653656,17.3047046661377,8.75072574615479,7.06392240524292,0.154361769556999,0.0660379901528358,0.0492714941501617,0.984572887420654
109.697196960449,0.0333177521824837,0.0188643131405115,0.185346096754074,16.8472881317139,8.65835952758789,7.32317876815796,0.150543913245201,0.0651910603046417,0.0519585460424423,0.98508220911026
110.199356079102,0.0302868522703648,0.0189442820847034,0.183896109461784,16.7565956115723,8.56101512908936,7.70256662368774,0.149933531880379,0.0639166384935379,0.0554137453436852,0.985070526599884
110.748779296875,0.0287871938198805,0.0189902540296316,0.183723866939545,16.6475296020508,8.6923303604126,7.92057323455811,0.149184390902519,0.0648352652788162,0.0571964383125305,0.985022366046906
111.254997253418,0.0287502631545067,0.0188748501241207,0.185766249895096,16.6805248260498,8.64196395874023,7.99439907073975,0.149483889341354,0.0642832517623901,0.057872299104929,0.984973669052124
111.769706726074,0.0275783278048038,0.0185522139072418,0.187351360917091,16.71803855896,8.64627838134766,8.15066432952881,0.149895548820496,0.0640899017453194,0.0591820627450943,0.984845817089081
112.345672607422,0.0222919285297394,0.0219018459320068,0.163484945893288,15.5011968612671,9.02657794952393,8.44450378417969,0.139818876981735,0.0678613856434822,0.0621432214975357,0.985892355442047
112.867080688477,0.0169134922325611,0.0224021542817354,0.160114482045174,15.4686813354492,8.81745624542236,8.52904415130615,0.139474600553513,0.065982773900032,0.0631500780582428,0.986004650592804
113.381225585938,0.0162912420928478,0.0218219514936209,0.163368225097656,15.5746622085571,9.1884593963623,8.57571792602539,0.14061664044857,0.069039560854435,0.0630171969532967,0.985641598701477
113.891975402832,0.0171135254204273,0.020843680948019,0.167114719748497,15.9378347396851,9.19240760803223,8.37018394470215,0.143613085150719,0.0690625384449959,0.0609618946909904,0.985337197780609
114.467254638672,0.0189150106161833,0.0205972604453564,0.170053943991661,16.1233711242676,9.52050876617432,8.17793560028076,0.145258575677872,0.0719919949769974,0.0587488636374474,0.985020697116852
114.986450195313,0.0186526961624622,0.0199628565460443,0.173425137996674,16.3179531097412,9.46143817901611,8.15909290313721,0.146886214613914,0.0713692083954811,0.0585064701735973,0.984839022159576
115.565773010254,0.0186944082379341,0.0195845514535904,0.174864619970322,16.1661834716797,9.5225944519043,8.38857746124268,0.145759120583534,0.0717114806175232,0.0605223216116428,0.984859764575958
116.076141357422,0.0204858928918839,0.0192111767828465,0.179355308413506,16.4561004638672,9.46874046325684,8.15930271148682,0.148075252771378,0.0713329389691353,0.0583885014057159,0.984670579433441
116.578033447266,0.0216396357864141,0.0178032256662846,0.186455979943275,16.9997119903564,9.73599910736084,8.05388832092285,0.1528040766716,0.0733787640929222,0.0566917173564434,0.983896613121033
117.083183288574,0.0222356487065554,0.0167291574180126,0.191918537020683,17.4298038482666,9.85125827789307,7.97022390365601,0.156491681933403,0.0741748660802841,0.0554629229009151,0.983327150344849
117.590316772461,0.0205436032265425,0.0173670500516891,0.192220434546471,17.1463432312012,9.95605564117432,8.04730606079102,0.154164716601372,0.0751719400286674,0.056218858808279,0.983576059341431
118.100967407227,0.0148930614814162,0.020707605406642,0.18508468568325,15.6559925079346,9.20062828063965,8.3484992980957,0.141184419393539,0.0693641975522041,0.0609845221042633,0.985665500164032
118.604804992676,0.0140691362321377,0.0203715059906244,0.182675793766975,15.8424348831177,10.1405563354492,8.46705436706543,0.143359467387199,0.0771618336439133,0.0606850944459438,0.984790086746216
119.188484191895,0.0138625502586365,0.0215144157409668,0.176592856645584,15.3118143081665,9.53250885009766,8.55666637420654,0.138536348938942,0.0722164511680603,0.0626421347260475,0.985732436180115
119.788482666016,0.0169208087027073,0.0215322840958834,0.174691498279572,15.3355951309204,9.04993724822998,8.4695405960083,0.138423830270767,0.0681524649262428,0.0624570623040199,0.986049294471741
120.34765625,0.0186151601374149,0.0211888290941715,0.176719069480896,15.4208326339722,9.06180572509766,8.25535583496094,0.139034852385521,0.0684524923563004,0.0605343729257584,0.986062467098236
120.927772521973,0.0186847001314163,0.0206843577325344,0.17972032725811,15.6601448059082,9.01149940490723,8.24287891387939,0.141056746244431,0.0678643509745598,0.0603056661784649,0.985829949378967
121.45198059082,0.018538685515523,0.0200802758336067,0.181808844208717,15.8211650848389,9.08557605743408,8.2603702545166,0.142489016056061,0.0683649405837059,0.0602411590516567,0.985593318939209
121.964721679688,0.018072348088026,0.0198402795940638,0.182806596159935,15.8355855941772,9.13216495513916,8.37707996368408,0.142707273364067,0.0686100125312805,0.0611758194863796,0.985487103462219
122.490699768066,0.0171669609844685,0.0203441940248013,0.1838588565588,15.6710500717163,9.06852626800537,8.4525203704834,0.141305193305016,0.0680887624621391,0.0620304569602013,0.985671937465668
123.017219543457,0.016713609918952,0.0196811687201262,0.188536405563354,15.840856552124,8.8143835067749,8.67760372161865,0.142754584550858,0.0654988586902618,0.0641521438956261,0.985502660274506
123.533584594727,-0.00233842432498932,0.0209175050258636,0.196980580687523,15.5958204269409,354.670684814453,5.5237283706665,0.133155882358551,-0.0525376014411449,0.0539882257580757,0.988228023052216
124.046768188477,-0.00723644532263279,0.0215087197721004,0.192325964570045,15.0036544799805,354.601806640625,6.41820240020752,0.127594888210297,-0.0539149753749371,0.0615777969360352,0.988443672657013
124.560012817383,-0.0053576473146677,0.022090245038271,0.190792351961136,14.901611328125,355.172729492188,6.35233354568481,0.127047181129456,-0.0488720759749413,0.0603422820568085,0.988852560520172
125.079635620117,0.0222304537892342,0.0485547706484795,0.169542372226715,5.5350513458252,4.7385687828064,7.42373275756836,0.050814364105463,0.0380820333957672,0.0626163333654404,0.996015548706055
125.611961364746,0.0459448024630547,0.0554439537227154,0.14865542948246,3.07959985733032,4.78821659088135,8.71277332305908,0.0299422461539507,0.0395978204905987,0.0747470930218697,0.995966076850891
126.137138366699,0.0738173723220825,0.0569669939577579,0.153821870684624,2.85067820549011,3.228670835495,8.64469337463379,0.0269162822514772,0.0262089502066374,0.0746156573295593,0.996504485607147
126.652214050293,0.033889964222908,0.0567700229585171,0.165424421429634,2.24725699424744,5.03316068649292,7.27727460861206,0.022337406873703,0.042568251490593,0.0625308230519295,0.99688458442688
127.177940368652,0.0224607530981302,0.0533124431967735,0.173347860574722,3.52985548973083,5.43374061584473,6.97817707061768,0.0335906408727169,0.0454179830849171,0.0593040287494659,0.99664032459259
127.691551208496,0.015928303822875,0.0531060211360455,0.159168645739555,3.19004082679749,5.58833456039429,7.39464807510376,0.030886135995388,0.0468349643051624,0.0630299970507622,0.99643349647522
128.209976196289,0.0224290583282709,0.0525384359061718,0.160978600382805,3.62044167518616,5.36518335342407,7.31302309036255,0.0344735644757748,0.0446719899773598,0.0621977262198925,0.996467530727386
128.721786499023,0.0283270962536335,0.0524573288857937,0.167365714907646,4.38549041748047,4.97523307800293,7.49962902069092,0.0409798920154572,0.0407789014279842,0.0636333078145981,0.996297419071198
129.244720458984,0.0195121988654137,0.0487675182521343,0.161952614784241,5.74547386169434,4.37820672988892,7.95992231369019,0.0526082441210747,0.0345817543566227,0.0673599913716316,0.995740532875061
129.795806884766,0.0148192634806037,0.0482368469238281,0.145205229520798,6.20028209686279,3.91979193687439,8.3401517868042,0.0563898272812366,0.0301291644573212,0.0707237422466278,0.99544495344162
130.318939208984,0.022817101329565,0.048084445297718,0.151442468166351,5.8764820098877,3.08063530921936,8.47907447814941,0.0530853271484375,0.0229835249483585,0.0724284127354622,0.995694637298584
130.845443725586,0.0289093311876059,0.0453053787350655,0.1669602394104,6.37163162231445,2.25620222091675,8.12005710601807,0.0568158887326717,0.0156740583479404,0.0695870593190193,0.995833277702332
131.363250732422,0.0394104570150375,0.0425717383623123,0.185876026749611,8.02221775054932,3.92370343208313,7.49859857559204,0.0719923749566078,0.0295057278126478,0.0628029704093933,0.994988620281219
131.904388427734,0.0415533669292927,0.0384176708757877,0.190463200211525,9.30879592895508,5.98121786117554,7.73099565505981,0.0843559503555298,0.0464190095663071,0.0628767684102058,0.993365943431854
132.409240722656,0.040181390941143,0.0405676178634167,0.181431666016579,8.75205421447754,5.76677656173706,8.13597679138184,0.0795713886618614,0.044624350965023,0.0668152272701263,0.993585824966431
132.930297851563,0.0365172922611237,0.0408573597669601,0.17397378385067,8.6876745223999,5.43651819229126,8.41417121887207,0.078921727836132,0.0416108518838882,0.069486141204834,0.993585228919983
133.459289550781,0.0342461913824081,0.0404664874076843,0.174387648701668,8.86416816711426,5.52935457229614,8.51448059082031,0.0805443376302719,0.0422271005809307,0.0702092722058296,0.993378162384033
133.972320556641,0.0354464910924435,0.0394580587744713,0.17567366361618,9.19478797912598,5.82608509063721,8.39582252502441,0.0835434198379517,0.0446610562503338,0.0688095241785049,0.993121922016144
134.493194580078,0.0372949726879597,0.0385185293853283,0.175737142562866,9.46351528167725,5.95720195770264,8.49639987945557,0.085989274084568,0.0455411672592163,0.069450244307518,0.992828547954559
135.071060180664,0.0305423848330975,0.0378987789154053,0.171475917100906,9.58163070678711,6.14232969284058,8.97621631622314,0.0873202309012413,0.0466992929577827,0.0734059289097786,0.992373883724213
135.605987548828,0.0266401115804911,0.0381275936961174,0.162414625287056,9.42037868499756,6.32233095169067,9.29557991027832,0.086174488067627,0.0481340624392033,0.0761204063892365,0.992201030254364
136.152160644531,0.0244261734187603,0.0384156033396721,0.151487708091736,8.98076438903809,6.60798120498657,9.28786373138428,0.0825568810105324,0.0509398132562637,0.0760830864310265,0.992371380329132
136.678192138672,0.0263933837413788,0.0382278151810169,0.144952535629272,8.86843109130859,6.24576330184937,9.44197750091553,0.0814079791307449,0.0477764420211315,0.0777377784252167,0.992495357990265
137.200531005859,0.0321729443967342,0.0380671508610249,0.149690046906471,8.83959007263184,6.28139305114746,9.26165199279785,0.0811067149043083,0.0482344068586826,0.0761658176779747,0.992619693279266
137.733200073242,0.0356739535927773,0.0371112823486328,0.158048167824745,9.08983993530273,6.86777973175049,9.29059886932373,0.0836741700768471,0.0531063936650753,0.0758566930890083,0.992181479930878
138.27018737793,0.0391022823750973,0.0367144979536533,0.164174631237984,9.07677745819092,6.33635997772217,9.27342128753662,0.0832011699676514,0.0485267490148544,0.0761021375656128,0.99243700504303
138.784576416016,0.0438426174223423,0.0347320027649403,0.16485308110714,10.1842203140259,6.44593238830566,8.99960422515869,0.0927370935678482,0.0488747246563435,0.0730477124452591,0.991804003715515
139.290634155273,0.0481877475976944,0.0338996835052967,0.164528802037239,10.2418909072876,7.52492046356201,9.40838718414307,0.0941261276602745,0.0578336045145988,0.0756706371903419,0.990994215011597
139.817916870117,0.0528938733041286,0.0326234139502048,0.16646708548069,10.9652671813965,7.3735556602478,9.06270503997803,0.100105196237564,0.0562749803066254,0.0723559409379959,0.990745544433594
140.387420654297,0.0527157187461853,0.0303562879562378,0.181380853056908,11.7203903198242,7.04283618927002,9.57531070709229,0.106652773916721,0.0523818545043468,0.07662083953619,0.989954829216003
140.958877563477,0.0443035177886486,0.0313040539622307,0.174392014741898,11.2653732299805,7.32912445068359,9.98926067352295,0.103115767240524,0.0548371896147728,0.0802153646945953,0.989911913871765
141.463150024414,0.0435074493288994,0.0313913822174072,0.172491699457169,11.233546257019,7.16647434234619,9.77644824981689,0.10262767970562,0.0536484643816948,0.0785424932837486,0.990161836147308
141.971633911133,0.0447360947728157,0.0319287814199924,0.171527951955795,11.0638818740845,7.01771783828735,9.61860370635986,0.100988492369652,0.0526362992823124,0.077413484454155,0.990473568439484
142.490463256836,0.0450632199645042,0.0309708938002586,0.172824829816818,11.583890914917,7.11607122421265,9.57323360443115,0.105522751808167,0.053122628480196,0.0766180753707886,0.990036725997925
143.014739990234,0.0401077829301357,0.0302654691040516,0.171639442443848,11.7079000473022,7.00277328491211,9.96591472625732,0.106694966554642,0.051682073622942,0.0800397172570229,0.989716529846191
143.521682739258,0.039503488689661,0.030288752168417,0.167688697576523,11.6459817886353,7.26453447341919,9.98856353759766,0.106354065239429,0.0539717897772789,0.0800300762057304,0.989631772041321
144.0224609375,0.036047849804163,0.0306620523333549,0.163069799542427,11.5864028930664,6.92236471176147,10.5937938690186,0.105868771672249,0.0505061782896519,0.0856097862124443,0.989399790763855
144.528137207031,0.0335860550403595,0.0304871052503586,0.162364989519119,11.5411968231201,6.92417287826538,10.7290019989014,0.105539821088314,0.0504358522593975,0.0868027582764626,0.989334523677826
145.116683959961,0.0310866869986057,0.0302361212670803,0.174505233764648,12.7275466918945,6.89345645904541,10.8555011749268,0.115795783698559,0.0490166246891022,0.0872036889195442,0.988222777843475
145.617889404297,0.0284665878862143,0.0304815992712975,0.180451765656471,13.2549428939819,6.79583358764648,10.675220489502,0.120187662541866,0.0479013547301292,0.0854291990399361,0.987908005714417
146.196578979492,0.0223426967859268,0.0293117705732584,0.180895924568176,13.1173534393311,7.34149789810181,10.783989906311,0.119458764791489,0.0526111833751202,0.0858823210000992,0.987717509269714
146.781784057617,0.0206819213926792,0.028979130089283,0.181658312678337,13.0480279922485,7.51742076873779,11.1344947814941,0.119158983230591,0.0538241267204285,0.0887652412056923,0.987433552742004
147.289779663086,0.020299606025219,0.0292081199586391,0.179349109530449,12.8968105316162,7.21185350418091,11.1529836654663,0.117628656327724,0.0513081662356853,0.0893385261297226,0.987699151039124
147.79280090332,0.0191424153745174,0.0293164066970348,0.178297683596611,12.7454977035522,7.17971563339233,11.3020362854004,0.116367526352406,0.0510162897408009,0.090752437710762,0.987734735012054
148.305145263672,0.0221701264381409,0.02912712469697,0.176868423819542,12.7806596755981,7.35039758682251,11.0657415390015,0.116696774959564,0.0526960529386997,0.0885194763541222,0.987810373306274
148.809631347656,0.0234247706830502,0.029500387609005,0.174738854169846,12.6035413742065,7.24025011062622,11.2091550827026,0.115151576697826,0.0517610050737858,0.0899810492992401,0.987909078598022
149.315612792969,0.0269508138298988,0.0288499556481838,0.175763517618179,12.8118181228638,7.18253374099731,10.9522123336792,0.116784431040287,0.0513367988169193,0.0876918137073517,0.987945377826691
149.822677612305,0.0252982769161463,0.0284911263734102,0.17942801117897,12.0459852218628,6.87393665313721,11.3403177261353,0.110116846859455,0.0489794537425041,0.0918196812272072,0.988455593585968
150.346939086914,0.0268607288599014,0.0287412963807583,0.185443893074989,11.430305480957,7.79004764556885,11.7364234924316,0.105742789804935,0.0570788830518723,0.0947683751583099,0.98822033405304
150.881851196289,0.0451395437121391,0.0351863317191601,0.188418492674828,10.5663232803345,11.7133779525757,6.28011608123779,0.097025528550148,0.0964371412992477,0.044877927750349,0.989581704139709
151.402847290039,0.0507603548467159,0.0384474880993366,0.187687709927559,9.86638736724854,12.8055629730225,5.1079273223877,0.090323694050312,0.107185699045658,0.0345380343496799,0.989525139331818
151.907974243164,0.0615877509117126,0.0417995117604733,0.179112583398819,9.29118251800537,14.7340002059937,0.909367144107819,0.08133514970541,0.127161726355553,-0.00254055322147906,0.988538324832916
152.498825073242,0.056704930961132,0.0411027707159519,0.176421940326691,9.39485740661621,14.4634447097778,1.58464074134827,0.0829694420099258,0.12432424724102,0.00336406985297799,0.988761007785797
153.008499145508,0.0554313510656357,0.0399590507149696,0.175608024001122,9.71326732635498,14.4127578735352,1.8233448266983,0.0859721451997757,0.123641058802605,0.00510958628728986,0.988582611083984
153.523956298828,0.0542075894773006,0.0391831286251545,0.174083292484283,9.90476322174072,14.355936050415,2.16649222373962,0.0879893004894257,0.122843757271767,0.00790202431380749,0.988486170768738
154.038803100586,0.0521922707557678,0.0391347706317902,0.172984570264816,9.79403018951416,14.3875942230225,2.45735573768616,0.087348960340023,0.122923970222473,0.0105089349672198,0.988508701324463
154.607635498047,0.0484179258346558,0.0382312536239624,0.180586248636246,10.0399465560913,14.0729141235352,3.01453948020935,0.0900237932801247,0.119704440236092,0.0152900582179427,0.988601446151733
155.138793945313,0.0507536344230175,0.0368376635015011,0.1875309497118,10.4226636886597,14.214786529541,3.16237759590149,0.0934972912073135,0.120684131979942,0.0160342194139957,0.988148033618927
155.650833129883,0.050572045147419,0.0367674678564072,0.185620605945587,10.3644523620605,13.9642744064331,3.45900750160217,0.0932667627930641,0.118302032351494,0.0188599526882172,0.988408029079437
156.158645629883,0.0466787591576576,0.0376528985798359,0.180226475000381,9.89739799499512,13.5988721847534,4.05026865005493,0.0897717103362083,0.114852257072926,0.0247518103569746,0.989008247852325
156.683822631836,0.0412869863212109,0.0388581231236458,0.177472427487373,9.40869235992432,13.350715637207,4.30644416809082,0.0857533812522888,0.112709626555443,0.0276646632701159,0.989534020423889
157.262649536133,0.0349661484360695,0.0373860374093056,0.174135327339172,9.87893867492676,13.2256689071655,4.53280925750732,0.090000681579113,0.111259862780571,0.0292290598154068,0.989275932312012
157.764984130859,0.0335240289568901,0.037107065320015,0.168423160910606,9.89694023132324,13.3856048583984,4.48002243041992,0.0901447460055351,0.112674310803413,0.0286290161311626,0.989120244979858
158.275985717773,0.0332989357411861,0.036295298486948,0.161143556237221,10.0511493682861,12.8289031982422,4.41794633865356,0.0912769064307213,0.107852034270763,0.0283763483166695,0.989561140537262
158.776733398438,0.0382286906242371,0.035850752145052,0.160530567169189,10.2564382553101,12.6280708312988,4.22555494308472,0.0928205251693726,0.106187783181667,0.0266725961118937,0.989644944667816
159.29377746582,0.0407040417194366,0.0348643437027931,0.165642604231834,11.054518699646,12.3550548553467,4.63216590881348,0.100010305643082,0.103151723742485,0.0296343993395567,0.989181220531464
159.793960571289,0.0406291261315346,0.0334148854017258,0.172334775328636,11.7456207275391,12.1249895095825,4.69337177276611,0.105964638292789,0.100804574787617,0.0297059156000614,0.988801062107086
160.293975830078,0.0335609689354897,0.0335372500121593,0.169267013669014,11.3737916946411,11.467752456665,5.11067581176758,0.10293073952198,0.0949216410517693,0.0342526137828827,0.989556431770325
160.829711914063,0.028742641210556,0.0313454866409302,0.167855143547058,12.0261697769165,10.6016464233398,5.30161237716675,0.108445145189762,0.0869541764259338,0.0361301526427269,0.989632904529572
161.421051025391,0.0441228412091732,0.0262047126889229,0.193113699555397,14.1813192367554,10.7275581359863,4.65069532394409,0.126561790704727,0.0877011269330978,0.0285577159374952,0.987661421298981
161.922866821289,0.0399299636483192,0.0249362923204899,0.202603504061699,14.6230745315552,10.7943811416626,4.94151496887207,0.130604207515717,0.0877459719777107,0.0306100994348526,0.987069487571716
162.50358581543,0.0408689305186272,0.0241483505815268,0.208990752696991,14.803258895874,10.8726587295532,4.72481298446655,0.132007986307144,0.0885840356349945,0.0284984335303307,0.986871123313904
163.009399414063,0.0419309437274933,0.0241075810045004,0.205929800868034,14.6521768569946,11.0025615692139,4.82299995422363,0.13081730902195,0.0896604955196381,0.0293265823274851,0.986908197402954
163.519149780273,0.0408208295702934,0.02542963065207,0.196817383170128,14.0586500167847,11.0511093139648,5.12401580810547,0.125958785414696,0.0900255143642426,0.0323865413665771,0.987411201000214
164.020294189453,0.0409238748252392,0.0257063377648592,0.19394625723362,14.0462398529053,11.1788749694824,5.07938528060913,0.1258524954319,0.0911814868450165,0.031872596591711,0.987335443496704
164.605285644531,0.0393215604126453,0.0253693163394928,0.193762645125389,14.0870571136475,11.1585893630981,5.20085144042969,0.126294538378716,0.0908530429005623,0.0329051315784454,0.987275362014771
165.130294799805,0.0368351265788078,0.0249966960400343,0.19151496887207,14.0128831863403,10.596248626709,5.52992677688599,0.1257394105196,0.0856826677918434,0.0364238433539867,0.987684905529022
165.70637512207,0.0365977361798286,0.0245199836790562,0.191423282027245,14.0112810134888,10.6916255950928,5.6185302734375,0.125822752714157,0.0864082649350166,0.0370841771364212,0.987586498260498
166.246170043945,0.0343566238880157,0.0246658995747566,0.190024733543396,13.8890790939331,10.5879068374634,5.82323551177979,0.12488965690136,0.0853549763560295,0.0390664227306843,0.98772007226944
166.748840332031,0.0334130972623825,0.0246973149478436,0.190073728561401,13.9441251754761,10.6081609725952,5.83230018615723,0.125377207994461,0.0854901447892189,0.0390755236148834,0.987646341323853
167.261306762695,0.0327610820531845,0.02475013025105,0.189829126000404,13.9890050888062,10.8218793869019,5.8851490020752,0.125876411795616,0.0872497856616974,0.0392579846084118,0.987421691417694
167.765991210938,0.0314256995916367,0.0244953501969576,0.189757794141769,13.9592628479004,10.7399520874023,6.14835691452026,0.125790804624557,0.0862712189555168,0.0416417978703976,0.987420856952667
168.269485473633,0.031359139829874,0.0238012224435806,0.190679609775543,14.1323089599609,11.0254974365234,6.15493440628052,0.127388015389442,0.088626429438591,0.0412312485277653,0.987024664878845
168.831390380859,0.0300154574215412,0.023600660264492,0.189844235777855,14.0942096710205,11.1657199859619,6.28767347335815,0.127214670181274,0.0897084474563599,0.0422527901828289,0.986906051635742
169.349456787109,0.0264525860548019,0.0251881312578917,0.187187984585762,13.5098552703857,10.8415231704712,6.53190040588379,0.122251197695732,0.0869898349046707,0.0452285669744015,0.987644612789154
169.933349609375,0.0257919747382402,0.0236522741615772,0.192001238465309,14.2622680664063,10.8526515960693,6.56255865097046,0.128752619028091,0.0866066962480545,0.0448203384876251,0.986870408058167
170.483016967773,0.019609397277236,0.0228995680809021,0.191700473427773,14.4105348587036,11.008131980896,7.07891464233398,0.130482733249664,0.0872699543833733,0.0489586815237999,0.986387968063354
170.999389648438,0.0181583873927593,0.0231481865048409,0.18763792514801,14.3085136413574,11.0647315979004,7.18475484848022,0.129711091518402,0.0877023562788963,0.0498971529304981,0.986404418945313
171.557479858398,0.0156360045075417,0.0232656467705965,0.184800282120705,14.1449518203735,10.5383195877075,7.38322877883911,0.128217950463295,0.0830527171492577,0.0523426905274391,0.986875176429749
172.12825012207,0.0187908969819546,0.0228135604411364,0.18310259282589,14.3680410385132,10.7709379196167,7.29610633850098,0.130177155137062,0.0850084200501442,0.0511358715593815,0.986515402793884
172.709899902344,0.0166761316359043,0.0226497985422611,0.181784152984619,14.475625038147,10.4337072372437,7.36883687973022,0.131003156304359,0.0819520056247711,0.0520529635250568,0.986616730690002
173.232727050781,0.0135767534375191,0.0224498081952333,0.180983707308769,14.3684215545654,9.95313549041748,7.20768117904663,0.129751980304718,0.0780657678842545,0.0513015650212765,0.987136423587799
173.743881225586,0.0160554349422455,0.0224007815122604,0.182087272405624,14.5168447494507,10.3434982299805,7.35147190093994,0.13130421936512,0.0811682716012001,0.0519715622067451,0.986645758152008
174.268615722656,0.0215561725199223,0.0212722290307283,0.190060168504715,15.0876264572144,10.2593555450439,7.31756687164307,0.136148259043694,0.0801114141941071,0.0512944981455803,0.986110985279083
174.783706665039,0.0228926874697208,0.021471593528986,0.191497772932053,15.0434284210205,10.1447896957397,7.18184900283813,0.135623246431351,0.0793149173259735,0.0502994433045387,0.986298859119415
175.372650146484,0.0156147396191955,0.0213101636618376,0.189504936337471,15.0178594589233,9.55605983734131,7.54296493530273,0.135376527905464,0.0738366320729256,0.0541249923408031,0.986555516719818
175.951797485352,0.016228724271059,0.0216343924403191,0.185735464096069,14.8129901885986,9.75999355316162,7.40439367294312,0.133619800209999,0.0758897587656975,0.052856519818306,0.986707985401154
176.47492980957,0.0167254060506821,0.0219666138291359,0.17906853556633,14.5891199111938,9.91854095458984,7.40399265289307,0.131767645478249,0.0774015560746193,0.0528513640165329,0.986839890480042
176.982559204102,0.0157226249575615,0.0220340397208929,0.174377232789993,14.5091247558594,9.96788883209229,7.56869173049927,0.131214261054993,0.0776902213692665,0.0542787089943886,0.986813545227051
177.487380981445,0.0152284074574709,0.0219614114612341,0.175880268216133,14.5385770797729,10.1844902038574,7.66560935974121,0.131637051701546,0.0794244110584259,0.0548403225839138,0.986588060855865
177.995635986328,0.0160076208412647,0.0212476085871458,0.184173494577408,15.0876407623291,10.1925373077393,7.62860250473022,0.136333808302879,0.0791666284203529,0.0540503934025764,0.986014366149902
178.502182006836,0.0179218351840973,0.0200520753860474,0.195791155099869,15.7673463821411,10.0052938461304,7.42326545715332,0.141944840550423,0.0773510336875916,0.0519431084394455,0.985479772090912
179.003845214844,0.01465236954391,0.018721891567111,0.200836479663849,16.1769065856934,10.2096862792969,7.74939632415771,0.14577616751194,0.0784218162298203,0.0541462972760201,0.984717011451721
179.521423339844,0.0163672566413879,0.0183807611465454,0.203072518110275,16.2179298400879,10.5307588577271,7.50882816314697,0.14610843360424,0.0814590007066727,0.0516349859535694,0.984556019306183
180.121368408203,0.0153589192777872,0.0192530024796724,0.186305612325668,15.4967498779297,10.1783409118652,7.87065267562866,0.14000703394413,0.0784724056720734,0.0558043196797371,0.985457301139832
180.647689819336,0.0105948904529214,0.020341832190752,0.177766770124435,14.8830337524414,9.91527080535889,8.0115213394165,0.134700492024422,0.0764683336019516,0.0578441135585308,0.98623651266098
181.163940429688,0.0110381301492453,0.0195798575878143,0.180681988596916,15.5223665237427,10.1458539962769,7.79973363876343,0.140162736177444,0.078261986374855,0.0552125163376331,0.985485196113586
181.685195922852,0.0107745314016938,0.0206985212862492,0.176697790622711,15.0530881881714,9.82941818237305,7.9271388053894,0.136062622070313,0.0757107138633728,0.0570796467363834,0.986152529716492
182.20246887207,0.0143059846013784,0.0212983433157206,0.174252793192863,14.920804977417,10.0924367904663,7.36825513839722,0.134674474596977,0.078723780810833,0.0520678646862507,0.986384451389313
182.739486694336,0.0180400162935257,0.0202222615480423,0.179263442754745,15.3057146072388,10.0944423675537,7.4175386428833,0.138016670942307,0.078429788351059,0.052168931812048,0.985940515995026
183.291259765625,0.0222913920879364,0.0198404286056757,0.181923776865005,15.4516744613647,10.1155767440796,7.36645364761353,0.13924503326416,0.0785773769021034,0.0515819899737835,0.985786914825439
183.799560546875,0.0182409398257732,0.0202192533761263,0.177547782659531,15.2504053115845,9.44890117645264,7.33247089385986,0.137191012501717,0.0730123370885849,0.0522567629814148,0.986466944217682
184.305801391602,0.0164334326982498,0.0207001343369484,0.17482154071331,14.9107675552368,9.60361385345459,7.55015420913696,0.134482964873314,0.0743085145950317,0.0542160905897617,0.986637353897095
184.895263671875,0.020456325262785,0.0196278300136328,0.18399977684021,15.5740213394165,9.46767234802246,7.3828010559082,0.140012934803963,0.0729029029607773,0.0524127595126629,0.986070215702057
185.48193359375,0.0196146406233311,0.0205235257744789,0.195477575063705,16.3705825805664,8.01703834533691,7.42723226547241,0.146209895610809,0.0598484016954899,0.0540210157632828,0.985962748527527
185.985397338867,0.0202414188534021,0.0198100600391626,0.195572599768639,16.675838470459,7.63283634185791,7.21903514862061,0.148548528552055,0.0566165298223495,0.052519965916872,0.985885143280029
186.565078735352,0.0208597481250763,0.011667013168335,0.199600964784622,19.9859046936035,6.41358613967896,6.24731731414795,0.175999879837036,0.0455684922635555,0.0438877604901791,0.982355058193207
187.11376953125,0.0505721978843212,0.0272677876055241,0.231499791145325,10.9810829162598,6.46405458450317,2.93744230270386,0.0969363003969193,0.0536539740860462,0.0200803279876709,0.99364048242569
187.629013061523,0.0535606071352959,0.0225440058857203,0.260746747255325,10.8129291534424,4.71575927734375,2.88184881210327,0.0951410382986069,0.038577888160944,0.0211380422115326,0.994491398334503
188.131942749023,0.0460050776600838,0.0216542426496744,0.264383286237717,11.5825805664063,4.74895429611206,3.69083118438721,0.102093510329723,0.0379510894417763,0.0278327483683825,0.993660926818848
188.721572875977,0.041261337697506,0.0218976326286793,0.266196131706238,11.6366443634033,5.10804271697998,4.28914213180542,0.102861747145653,0.0405109338462353,0.0326771140098572,0.993333041667938
189.233612060547,0.0420763082802296,0.0221300087869167,0.267254799604416,11.6392545700073,4.8964638710022,4.51106595993042,0.102898567914963,0.038476649671793,0.0347897373139858,0.993338346481323
189.81787109375,0.0417436026036739,0.0232149995863438,0.266396433115005,11.395131111145,4.75046968460083,4.79169368743896,0.100829385221004,0.0370564535260201,0.0374501347541809,0.99350780248642
190.321975708008,0.0407496280968189,0.0229299031198025,0.266885668039322,11.4399356842041,4.86122465133667,4.91479158401489,0.101294592022896,0.0378899909555912,0.0384017154574394,0.993392765522003
190.832946777344,0.0395940467715263,0.0233138687908649,0.263930439949036,11.3647727966309,4.90649890899658,5.0795259475708,0.10071337223053,0.0381684713065624,0.0398205034434795,0.993385314941406
191.381393432617,0.0368965864181519,0.0207146406173706,0.250431299209595,12.8783149719238,4.19345474243164,6.57692861557007,0.113973915576935,0.0298671126365662,0.0528666228055954,0.991626501083374
191.889938354492,0.0324235931038857,0.0243449453264475,0.237292900681496,12.3408699035645,5.52476596832275,7.89763021469116,0.11040623486042,0.0404075644910336,0.063218854367733,0.991050481796265
192.488647460938,0.0315019935369492,0.0256444402039051,0.223524287343025,12.0905771255493,5.67767763137817,8.01380729675293,0.108369700610638,0.0417810045182705,0.0641996711492538,0.991155326366425
193.000839233398,0.0315208770334721,0.0259156040847301,0.215618133544922,12.0518093109131,5.8394513130188,8.30340003967285,0.108234010636806,0.0429321154952049,0.0665707290172577,0.990964472293854
193.510803222656,0.0286079347133636,0.0255152471363544,0.215261325240135,12.2642736434937,5.86432027816772,8.585862159729,0.110189832746983,0.0427323766052723,0.0688809677958488,0.990599572658539
194.026489257813,0.0290856435894966,0.0239588562399149,0.222525998950005,12.7314329147339,6.07560348510742,8.83446407318115,0.114446029067039,0.0439842082560062,0.0705781579017639,0.98994255065918
194.59831237793,0.0311923995614052,0.0240747407078743,0.221457049250603,12.849588394165,6.04278755187988,8.77916240692139,0.115424513816833,0.0436715744435787,0.0700705498456955,0.989878833293915
195.180801391602,0.0331545062363148,0.0256422068923712,0.211805567145348,12.4728727340698,6.45428419113159,8.30028343200684,0.112224817276001,0.0479653626680374,0.0657286271452904,0.99034571647644
195.688491821289,0.0342013277113438,0.0260383598506451,0.205929011106491,12.2773065567017,7.30073213577271,8.53553009033203,0.111132830381393,0.0551855117082596,0.0670514404773712,0.990004122257233
196.25244140625,0.0347141064703465,0.0264078602194786,0.204911306500435,12.2822971343994,7.44368696212769,8.56817150115967,0.111275531351566,0.0563853085041046,0.0671915709972382,0.989910960197449
196.758605957031,0.0367618687450886,0.026872992515564,0.205840826034546,12.0400543212891,7.6259183883667,8.85176753997803,0.109435319900513,0.0578603297472,0.0696205794811249,0.989863157272339
197.285797119141,0.041289709508419,0.0262371189892292,0.20753538608551,12.4075126647949,7.74289894104004,8.69667720794678,0.112596832215786,0.0587547719478607,0.067928671836853,0.989573419094086
197.855804443359,0.0436972714960575,0.0260652564466,0.202380016446114,12.0096549987793,8.09048271179199,9.16728973388672,0.109624445438385,0.0615934990346432,0.0719217211008072,0.989452362060547
198.368240356445,0.0484115742146969,0.0257750898599625,0.199049949645996,11.8467130661011,8.60372447967529,9.09606075286865,0.108499474823475,0.0662157088518143,0.070932574570179,0.989349246025085
198.958419799805,0.0455727577209473,0.0241521596908569,0.202347427606583,12.6599655151367,7.94528675079346,9.37340259552002,0.115247927606106,0.0596406348049641,0.0734010115265846,0.988824248313904
199.531402587891,0.0441854670643806,0.0211586374789476,0.216997906565666,13.322699546814,7.72695398330688,9.96677303314209,0.121113151311874,0.056617733091116,0.0782978758215904,0.987924873828888
200.047515869141,0.0449145995080471,0.0216928161680698,0.212747603654861,13.2499389648438,7.54573106765747,10.0031814575195,0.120380148291588,0.0550765320658684,0.0788509547710419,0.988057553768158
200.643341064453,0.0403555110096931,0.0210388004779816,0.209960371255875,13.5814361572266,7.28294134140015,9.92880344390869,0.123019337654114,0.0526190027594566,0.0782744288444519,0.98791229724884
201.150360107422,0.0346679277718067,0.0233633033931255,0.206844657659531,13.0320100784302,8.04215240478516,10.293080329895,0.118994697928429,0.0592350251972675,0.0809789001941681,0.987812697887421
201.661087036133,0.0323793329298496,0.0232514273375273,0.207346901297569,12.9415340423584,8.1951150894165,10.1647891998291,0.118255987763405,0.0607625283300877,0.0797778367996216,0.987906336784363
202.237503051758,0.0288722924888134,0.0238102190196514,0.20532451570034,12.7193164825439,7.94410705566406,10.3629035949707,0.11626885831356,0.0585827454924583,0.0818972140550613,0.988100409507751
202.782028198242,0.0262091346085072,0.0235907789319754,0.199622258543968,12.7657384872437,8.22514724731445,10.2712001800537,0.116820156574249,0.0610599480569363,0.0807883962988853,0.987976729869843
203.37370300293,0.0229717046022415,0.0233025271445513,0.195026978850365,13.0728816986084,7.71296644210815,10.0373620986938,0.118987396359444,0.0566283389925957,0.0790881738066673,0.988119602203369
203.944595336914,0.032766304910183,0.0227001309394836,0.200908377766609,13.644416809082,9.77039051055908,8.94855499267578,0.124593012034893,0.0750655680894852,0.067092627286911,0.987086772918701
204.451065063477,0.0319352746009827,0.0218507423996925,0.202154248952866,13.7424964904785,10.0992412567139,9.00022220611572,0.125663325190544,0.0777663290500641,0.0670972093939781,0.986741662025452
204.957138061523,0.0289027094841003,0.0225232075899839,0.197582706809044,13.4723281860352,10.5998764038086,9.25486183166504,0.123815968632698,0.0820101946592331,0.0689772814512253,0.986501932144165
205.476028442383,0.0255888700485229,0.0221878904849291,0.196338787674904,13.5818243026733,10.2409954071045,9.28143692016602,0.124558836221695,0.078805111348629,0.0695000663399696,0.986632943153381
206.043991088867,0.0305281765758991,0.02067412994802,0.195421516895294,14.116024017334,11.0622129440308,8.649658203125,0.1291673630476,0.0861604660749435,0.0626813024282455,0.985881984233856
206.559005737305,0.0205413568764925,0.0163576770573854,0.19974984228611,15.2167158126831,11.8510646820068,10.4286499023438,0.140448182821274,0.0899349525570869,0.0759882032871246,0.983062505722046
207.130584716797,0.0254613868892193,0.0179247260093689,0.195500314235687,14.9408121109009,11.4967384338379,9.60494136810303,0.137220397591591,0.0881307944655418,0.0696163177490234,0.984152972698212
207.652984619141,0.0267831273376942,0.0190688129514456,0.192978516221046,14.9794826507568,11.0057134628296,9.3903341293335,0.137095049023628,0.0841377303004265,0.0683241784572601,0.984610378742218
208.158294677734,0.0264166295528412,0.0186341982334852,0.192655399441719,15.1898765563965,10.5729351043701,9.55179119110107,0.138753458857536,0.0800526514649391,0.0700420215725899,0.984597980976105
208.716995239258,0.0387152656912804,0.0200833603739738,0.216023966670036,13.1045589447021,5.49265432357788,8.29786968231201,0.117123901844025,0.0392301045358181,0.0663410425186157,0.990122139453888
209.228927612305,0.0449278950691223,0.0154007244855165,0.234003379940987,14.4142789840698,2.82826352119446,6.91361808776855,0.126666724681854,0.0168769620358944,0.0567110031843185,0.990179061889648
209.745803833008,0.0457339808344841,0.0183378364890814,0.222336292266846,13.7709550857544,3.05614042282104,7.17293691635132,0.121263958513737,0.0189257897436619,0.0588908828794956,0.990691065788269
210.258575439453,0.0458107441663742,0.0192916076630354,0.218167349696159,13.644458770752,3.0403413772583,7.23838186264038,0.120173342525959,0.0187925938516855,0.0595107264816761,0.990789473056793
210.793975830078,0.0451101958751678,0.0183017943054438,0.221023187041283,13.8263311386108,3.3294506072998,7.31016302108765,0.121907941997051,0.0211109612137079,0.0597701668739319,0.990515232086182
211.319183349609,0.0462784804403782,0.0191818065941334,0.220121338963509,13.535418510437,3.47538948059082,7.20981359481812,0.11945042014122,0.0226467978209257,0.0588427409529686,0.990836143493652
211.843078613281,0.0473871231079102,0.0185784101486206,0.218250870704651,13.6319198608398,3.45559310913086,7.23333358764648,0.120278865098953,0.0223953854292631,0.0590353049337864,0.990730166435242
212.443084716797,0.037027508020401,0.0174733400344849,0.222488969564438,13.9595699310303,3.49877905845642,7.67698907852173,0.123218551278114,0.0221024304628372,0.0627157837152481,0.990149199962616
212.964889526367,0.0365063138306141,0.0167134087532759,0.224555373191833,14.24875831604,3.51046442985535,7.77354097366333,0.125740587711334,0.0219204071909189,0.0634399354457855,0.989789962768555
213.495727539063,0.0395122095942497,0.0173482093960047,0.222490713000298,14.1525926589966,3.97848272323608,7.40506935119629,0.125084206461906,0.0264251008629799,0.0597786940634251,0.989991009235382
214.000244140625,0.0385992154479027,0.0176596790552139,0.218475908041,14.060619354248,3.64849448204041,7.57365131378174,0.124151885509491,0.0234460458159447,0.0616269260644913,0.990070044994354
214.582962036133,0.0420421585440636,0.0181122869253159,0.212452530860901,14.0196800231934,3.75845766067505,7.32109355926514,0.123803332448006,0.0246938671916723,0.0593399666249752,0.990223050117493
215.177352905273,0.0392193607985973,0.0185452345758677,0.208261623978615,13.8795671463013,3.93673753738403,7.53436470031738,0.122734114527702,0.0260885637253523,0.0610413998365402,0.990216970443726
215.69189453125,0.0399252809584141,0.0174069683998823,0.213740855455399,14.3932046890259,4.75749063491821,7.28542041778564,0.127529785037041,0.0331424623727798,0.0577906221151352,0.989594876766205
216.218322753906,0.0316975340247154,0.015349704772234,0.221252650022507,15.0043306350708,6.41372680664063,7.54404067993164,0.133725479245186,0.0467662028968334,0.0578332990407944,0.988223493099213
216.721740722656,0.0199945885688066,0.013377483934164,0.224305480718613,15.2690839767456,9.05542182922363,7.45502185821533,0.137245744466782,0.0694658830761909,0.0537686124444008,0.986634194850922
217.226043701172,0.0173198319971561,0.0155696664005518,0.219579488039017,14.6716461181641,9.68016242980957,7.12457513809204,0.132183209061623,0.0756173804402351,0.0506526976823807,0.98703795671463
217.759826660156,0.0350840501487255,0.0138602368533611,0.217854753136635,15.6889190673828,8.22347736358643,5.48241853713989,0.139374271035194,0.0644389912486076,0.037480428814888,0.987429797649384
218.337005615234,0.0585964992642403,0.0105408187955618,0.207989886403084,16.1487579345703,4.71825885772705,2.06708645820618,0.141051754355431,0.0382168367505074,0.012063056230545,0.989190757274628
218.92643737793,0.0452439486980438,0.00583263207226992,0.217419564723969,17.1083889007568,4.01673126220703,1.4492963552475,0.149079859256744,0.0327727384865284,0.00728637911379337,0.988255083560944
219.429153442383,-0.00503921136260033,-0.00252166879363358,0.238439738750458,19.1497192382813,7.1277928352356,5.57247114181519,0.168797731399536,0.0531532689929008,0.037512443959713,0.983501315116882
220.011245727539,0.0343460738658905,0.00795414764434099,0.252244621515274,19.0186042785645,7.71856784820557,5.25952768325806,0.167705208063126,0.0587486624717712,0.0340410284698009,0.983496189117432
220.607879638672,0.0780506730079651,0.0124149275943637,0.250210642814636,17.3281841278076,3.09794950485229,3.91545176506042,0.151411265134811,0.0215630065649748,0.0296902619302273,0.987789571285248
221.197113037109,0.0183759499341249,0.0184359159320593,0.239735841751099,17.1879425048828,8.64422512054443,2.86898374557495,0.150825098156929,0.0707638189196587,0.0134243676438928,0.985933065414429
221.772521972656,-0.000832943245768547,0.0215832497924566,0.20690144598484,16.1197566986084,9.47443389892578,1.98311281204224,0.141123086214066,0.079339824616909,0.00549813080579042,0.986792385578156
222.278182983398,0.00418405793607235,0.0230911038815975,0.200774326920509,15.6277379989624,8.66323661804199,2.02460670471191,0.136867851018906,0.0724209696054459,0.00718610035255551,0.98791241645813
222.862854003906,0.00542554818093777,0.0233389306813478,0.196683987975121,15.3951969146729,8.25069999694824,2.50783729553223,0.135125681757927,0.0683498680591583,0.0119963772594929,0.988395392894745
223.378219604492,0.00719991698861122,0.0234151296317577,0.194185346364975,15.3529968261719,8.09307193756104,2.22055411338806,0.134576767683029,0.0673392415046692,0.00973074603825808,0.988564550876617
223.88037109375,0.0143346879631281,0.0221761036664248,0.1999791264534,16.0551700592041,9.84829235076904,1.75465166568756,0.140419527888298,0.0828553512692451,0.00311993737705052,0.986614227294922
224.386215209961,0.0210152417421341,0.0214610230177641,0.200025618076324,16.2365570068359,10.9602966308594,0.928770959377289,0.141333252191544,0.0934013873338699,-0.00549883674830198,0.98553079366684
224.985198974609,0.0237387716770172,0.0216798782348633,0.192435041069984,16.0285873413086,10.7982110977173,0.348480373620987,0.139084294438362,0.092751257121563,-0.0101203666999936,0.985875427722931
225.508102416992,0.0251159090548754,0.0228254683315754,0.195283830165863,15.1195764541626,8.92156600952148,0.353720664978027,0.131399542093277,0.0766954645514488,-0.00718162069097161,0.988332152366638
226.022064208984,0.0278561599552631,0.0215702094137669,0.207601726055145,16.1220989227295,8.04231262207031,0.0833650231361389,0.139933422207832,0.0693301483988762,-0.00911493599414825,0.987688660621643
226.522247314453,0.0310991704463959,0.0216607451438904,0.21217392385006,16.0633487701416,6.42830848693848,359.768676757813,0.139388352632523,0.0557996854186058,-0.00982961617410183,0.988615572452545
227.031845092773,0.0332553051412106,0.023584334179759,0.215096473693848,15.6754007339478,6.15195035934448,0.728432774543762,0.136506140232086,0.0522921569645405,-0.00102906685788184,0.989257574081421
227.54167175293,0.0299094468355179,0.0242189690470695,0.217436030507088,15.4345645904541,5.48062133789063,2.06126356124878,0.134961992502213,0.044955912977457,0.0113846277818084,0.989764928817749
228.055816650391,0.018067229539156,0.0247819665819407,0.21574604511261,15.3710861206055,3.5383574962616,3.80320692062378,0.134614050388336,0.0261432323604822,0.0287428144365549,0.990136086940765
228.629287719727,0.0237627737224102,0.0253199022263288,0.21938069164753,14.9943294525146,3.81474995613098,3.53719043731689,0.131361171603203,0.0289588999003172,0.0262414086610079,0.990563988685608
229.135635375977,0.0260303877294064,0.0253089964389801,0.21928271651268,14.5016222000122,4.8453803062439,3.7495219707489,0.127404525876045,0.0377854816615582,0.0270919539034367,0.990760505199432
229.63639831543,0.0250411629676819,0.0272226333618164,0.214071244001389,13.7265396118164,5.19398641586304,4.01519441604614,0.120880335569382,0.0407762192189693,0.0293339490890503,0.991395354270935
230.179138183594,0.0288634337484837,0.0233498886227608,0.217113018035889,15.7018575668335,4.26036262512207,3.2281219959259,0.13748474419117,0.0329622589051723,0.0228083785623312,0.989692509174347
230.692367553711,0.0305674076080322,0.0243014991283417,0.218668699264526,15.0979337692261,4.17641448974609,3.15819215774536,0.132231742143631,0.0324906446039677,0.0225147847086191,0.990430295467377
231.210540771484,0.0229118466377258,0.0246334876865149,0.224415853619576,14.5945301055908,3.87310409545898,3.99072456359863,0.128034830093384,0.029078708961606,0.0302271991968155,0.990882337093353
231.712387084961,0.0212847664952278,0.0272023156285286,0.220949068665504,13.7393178939819,4.71133041381836,4.20114040374756,0.120925441384315,0.0363995470106602,0.0314467400312424,0.991495430469513
232.217132568359,0.0190251395106316,0.0245517753064632,0.221125647425652,14.6858291625977,5.03400421142578,4.2487325668335,0.129210963845253,0.0387926660478115,0.031120304018259,0.990369200706482
232.797286987305,0.0171295776963234,0.0242960602045059,0.218448832631111,14.4908514022827,5.26323938369751,4.42718696594238,0.127652004361153,0.0406474471092224,0.0324896797537804,0.990453064441681
233.331558227539,0.0219695717096329,0.023808604106307,0.217941805720329,14.4429798126221,7.35839176177979,4.37622022628784,0.127785384654999,0.0588249303400517,0.0297388918697834,0.989609122276306
233.874588012695,0.0203587859869003,0.0243198480457067,0.217638283967972,14.1815633773804,7.41614866256714,4.73666763305664,0.125730246305466,0.0590331219136715,0.032945029437542,0.989758372306824
234.45475769043,0.0202702730894089,0.0273053999990225,0.207058623433113,13.3349742889404,7.17717218399048,4.6683292388916,0.118315301835537,0.057397298514843,0.0331115052103996,0.990762650966644
235.026885986328,0.0211371257901192,0.029819019138813,0.208258762955666,12.9382238388062,7.2595043182373,5.1854395866394,0.115172043442726,0.0577548556029797,0.0377323143184185,0.990947067737579
235.554275512695,0.0225277096033096,0.0256937146186829,0.207029655575752,14.1669063568115,5.46515560150146,4.42505788803101,0.124909333884716,0.0425199419260025,0.0323935113847256,0.990727186203003
236.102584838867,0.0257471576333046,0.0266174115240574,0.212119966745377,14.2666473388672,7.50313520431519,3.59669709205627,0.125888898968697,0.0610033944249153,0.022951265797019,0.989900887012482
236.603637695313,0.0227349102497101,0.0279279071837664,0.210129827260971,13.6481428146362,7.4875922203064,3.7691502571106,0.120635509490967,0.0608982183039188,0.024829214438796,0.990516006946564
237.120788574219,0.0210053250193596,0.0281023122370243,0.206453144550323,13.2085657119751,6.69750642776489,4.20313739776611,0.116865664720535,0.0537764616310596,0.0296518243849277,0.991247355937958
237.626342773438,0.0244973413646221,0.0285654626786709,0.204014703631401,13.2120227813721,6.13796138763428,3.89493942260742,0.116617351770401,0.0492481701076031,0.0275536198168993,0.991572380065918
238.20751953125,0.022887971252203,0.0288432631641626,0.201989114284515,13.1920309066772,4.65535974502563,4.23019599914551,0.116184130311012,0.0360822342336178,0.0319703668355942,0.992057085037231
238.709075927734,0.0228492207825184,0.0284133367240429,0.206587225198746,13.335111618042,4.83280944824219,4.12776565551758,0.117437973618507,0.0376716144382954,0.0308462232351303,0.991885900497437
239.224716186523,0.0219506248831749,0.0289902854710817,0.204170361161232,13.1078290939331,6.16317844390869,4.1886568069458,0.115848660469055,0.0492058433592319,0.0301217306405306,0.991589903831482
239.727111816406,0.0168180763721466,0.0296675860881805,0.202296122908592,13.0158491134644,5.79129934310913,4.40182781219482,0.115039952099323,0.0458074137568474,0.0323861427605152,0.991775512695313
240.294998168945,0.0153450071811676,0.0299700498580933,0.20137058198452,12.739068031311,5.52491807937622,4.79650402069092,0.112718805670738,0.0432189404964447,0.036196406930685,0.992026448249817
240.84245300293,0.020095095038414,0.0296547207981348,0.208547174930573,13.0895709991455,6.16434860229492,4.57187223434448,0.115855000913143,0.0488355569541454,0.0334456600248814,0.991500973701477
241.358352661133,0.0165162198245525,0.0292949415743351,0.209639862179756,13.0077018737793,6.1658878326416,4.90405988693237,0.115288607776165,0.0485475026071072,0.0363598056137562,0.991478502750397
241.865020751953,0.0139327421784401,0.030262615531683,0.213431388139725,12.5333614349365,5.20545196533203,4.76146554946899,0.110824607312679,0.0405705720186234,0.036296296864748,0.992348074913025
242.383224487305,0.0164147838950157,0.0297946538776159,0.216352060437202,12.8371658325195,5.38667154312134,4.61419486999512,0.11345698684454,0.0421626195311546,0.0347102023661137,0.992040872573853
242.887802124023,0.0182540193200111,0.0292634163051844,0.217651590704918,12.9497013092041,5.49777936935425,4.54637622833252,0.114438809454441,0.0431476943194866,0.0339619442820549,0.991911590099335
243.395858764648,0.0185498744249344,0.0293866209685802,0.217453688383102,13.0193634033203,6.1401515007019,4.48368263244629,0.115203253924847,0.0487428344786167,0.0327423401176929,0.991604924201965
243.974838256836,0.0145902633666992,0.0293526649475098,0.210330486297607,12.8681926727295,7.35244083404541,4.27220058441162,0.114126838743687,0.0595017410814762,0.0297822635620832,0.991235435009003
244.559906005859,0.0149335106834769,0.0289284586906433,0.210631400346756,13.0624666213989,6.84503746032715,4.0024676322937,0.115543887019157,0.0553100816905499,0.0278462246060371,0.991370320320129
245.071640014648,0.0122440010309219,0.0291609242558479,0.210182845592499,12.6938695907593,7.21262073516846,4.80328035354614,0.112852312624454,0.0578367151319981,0.0346174985170364,0.991322815418243
245.573272705078,0.00750844180583954,0.0297700185328722,0.208800241351128,12.6601066589355,6.41998767852783,5.08713626861572,0.112444095313549,0.0507140718400478,0.037871528416872,0.991640150547028
246.08349609375,0.00989938899874687,0.0287647433578968,0.213359236717224,13.0780572891235,5.50936889648438,4.53172636032104,0.115547202527523,0.043212603777647,0.0337651036679745,0.991787016391754
246.668197631836,0.0107554830610752,0.0268369782716036,0.213074073195457,13.9010629653931,5.63578224182129,4.57701206207275,0.122718282043934,0.0439350977540016,0.0336455404758453,0.990897536277771
247.1865234375,0.0125874802470207,0.0262484773993492,0.213550612330437,14.0769243240356,6.16572332382202,4.5386962890625,0.12437579780817,0.0484879389405251,0.0326571576297283,0.99051159620285
247.762634277344,0.0113582760095596,0.0260454956442118,0.213037237524986,14.0339975357056,6.27333688735962,4.53774690628052,0.124035157263279,0.0494363456964493,0.0325542725622654,0.990510761737823
248.346160888672,0.010958137921989,0.0256745088845491,0.211776107549667,14.1563930511475,6.06841421127319,4.39455652236938,0.124974593520164,0.0477723143994808,0.0314770936965942,0.990509152412415
248.859588623047,0.00969705358147621,0.0259918067604303,0.208808988332748,14.0062255859375,6.11480855941772,4.65930080413818,0.123800978064537,0.0479457937180996,0.0337905958294868,0.990571916103363
249.360702514648,0.0112914927303791,0.0273271799087524,0.20417046546936,13.6613359451294,6.49547910690308,4.60423707962036,0.120908118784428,0.0514360591769218,0.0330869071185589,0.990777909755707
249.863006591797,0.00916748866438866,0.0272987298667431,0.203252524137497,13.7338714599609,6.0766134262085,4.78877592086792,0.121490098536015,0.0475893430411816,0.0350880026817322,0.990830063819885
250.366928100586,0.00935574900358915,0.0271550081670284,0.205544024705887,13.8108720779419,6.08712339401245,4.72895336151123,0.122133828699589,0.0477118864655495,0.0345208905637264,0.990764975547791
250.867538452148,0.0171473026275635,0.0255470275878906,0.214891314506531,14.4062147140503,6.6100172996521,4.20421552658081,0.127192229032516,0.0525662153959274,0.0291065983474255,0.990056455135345
251.403686523438,0.0233831629157066,0.0207439064979553,0.222387507557869,15.4830846786499,3.15124750137329,2.82884979248047,0.135285228490829,0.0239136721938848,0.0207468848675489,0.99030077457428
251.912216186523,0.0255816467106342,0.0199476983398199,0.219759613275528,15.2274541854858,0.792496144771576,2.19784808158875,0.132597789168358,0.00431255251169205,0.0180929973721504,0.990995407104492
252.425964355469,0.0302076898515224,0.021756948903203,0.212349936366081,14.8900156021118,0.401836961507797,1.9942489862442,0.129614636301994,0.00122172094415873,0.0168011076748371,0.991421341896057
252.928558349609,0.0495201870799065,0.0248333495110273,0.20425109565258,13.4952583312988,8.52155208587646,3.21213126182556,0.119193442165852,0.0704684183001518,0.0190303213894367,0.990184366703033
253.443923950195,0.0441461801528931,0.0253324508666992,0.202251404523849,13.5685768127441,7.22284936904907,3.64366984367371,0.119826011359692,0.0587687008082867,0.0240690670907497,0.990761637687683
254.000122070313,0.0416033491492271,0.0243259556591511,0.216803461313248,13.9944934844971,6.66766929626465,3.60889601707458,0.123372696340084,0.0538623370230198,0.0241200905293226,0.990603983402252
254.508438110352,0.0374633818864822,0.0239309929311275,0.21799923479557,14.165997505188,6.63478994369507,3.85437989234924,0.124961949884892,0.0532532334327698,0.0261855181306601,0.990385293960571
255.009918212891,0.0347778461873531,0.0241554621607065,0.21498741209507,14.1927785873413,6.6851372718811,4.00128698348999,0.125273495912552,0.0535183399915695,0.0273857228457928,0.990299165248871
255.526931762695,0.0344812944531441,0.0244664009660482,0.21174681186676,14.1244344711304,6.76879739761353,4.09183025360107,0.124745972454548,0.0541677288711071,0.0281142257153988,0.99031001329422
256.039398193359,0.0312875509262085,0.0244613643735647,0.212347418069839,14.3451442718506,6.61581134796143,4.53692054748535,0.126818642020226,0.0522715002298355,0.0320076793432236,0.990030407905579
256.550048828125,0.0275805182754993,0.0238226726651192,0.21464167535305,14.4730701446533,6.41206741333008,4.82987976074219,0.127994760870934,0.050132479518652,0.0346965342760086,0.989899098873138
257.054168701172,0.026103351265192,0.023458743467927,0.215860232710838,14.5762929916382,6.60835123062134,5.04735469818115,0.12904304265976,0.0515390485525131,0.0362992063164711,0.98963326215744
257.558410644531,0.0230571590363979,0.0251887403428555,0.214513927698135,13.941707611084,6.66228914260864,5.42302083969116,0.123752243816853,0.0518808886408806,0.0398338958621025,0.990155041217804
258.066314697266,0.0155885359272361,0.0273547880351543,0.217288985848427,13.6672811508179,6.67591857910156,6.08889722824097,0.121687866747379,0.0514214374125004,0.0457255877554417,0.990180313587189
258.586944580078,0.0127180814743042,0.0258175134658813,0.225463807582855,14.3220252990723,6.70680284500122,6.28587579727173,0.127439543604851,0.051127977669239,0.0470254570245743,0.989410877227783
259.186920166016,0.00577571336179972,0.0235952511429787,0.227772399783134,14.9086112976074,8.15251064300537,6.48283100128174,0.13318558037281,0.0630534589290619,0.0467161387205124,0.987979531288147
259.703338623047,0.00850228406488895,0.0241069179028273,0.228869765996933,14.8293485641479,8.11262512207031,6.21277666091919,0.132338345050812,0.0630666241049767,0.0444872565567493,0.988195359706879
260.228088378906,0.00903801992535591,0.0233070813119411,0.231915459036827,15.1538314819336,7.78158187866211,6.24098253250122,0.135019540786743,0.0600015260279179,0.0449023842811584,0.988004744052887
260.731292724609,0.0112739186733961,0.0227008443325758,0.233973145484924,15.3241167068481,7.83573579788208,6.09481525421143,0.13643017411232,0.0605490729212761,0.0434673763811588,0.987841725349426
261.235260009766,0.0123327113687992,0.0222803447395563,0.234555795788765,15.5313091278076,7.70394706726074,5.97175025939941,0.13810059428215,0.0594499781727791,0.0424304492771626,0.987721502780914
261.809722900391,0.00988961849361658,0.0229112952947617,0.233126878738403,15.3129806518555,7.93814563751221,6.3269476890564,0.136497244238853,0.0611614994704723,0.0453537069261074,0.987709879875183
262.338592529297,0.00866744481027126,0.023272143676877,0.233273312449455,15.2514142990112,7.61566352844238,6.46259737014771,0.135907873511314,0.0582548715174198,0.0469463616609573,0.98789244890213
262.842468261719,0.013509688898921,0.0230571031570435,0.232429966330528,15.3341865539551,8.13285350799561,6.4778733253479,0.136839300394058,0.0626476556062698,0.046408049762249,0.987520456314087
263.358367919922,0.0137432850897312,0.0242661312222481,0.227805376052856,14.9112606048584,7.85581111907959,6.55930233001709,0.133127361536026,0.0604048557579517,0.0477184951305389,0.988104939460754
263.874816894531,0.0131094567477703,0.0249085314571857,0.221284285187721,14.715765953064,7.75782012939453,6.53872203826904,0.131391480565071,0.0596948824822903,0.0477816201746464,0.988377332687378
264.3779296875,0.0116577129811049,0.0252107288688421,0.216026231646538,14.5163106918335,7.61814785003662,6.75261545181274,0.129723325371742,0.0583610273897648,0.0499141663312912,0.98857194185257
264.882751464844,0.0116946427151561,0.0254361145198345,0.21528884768486,14.2851047515869,7.47270536422729,6.7327709197998,0.127656906843185,0.0572624579071999,0.0500526018440723,0.988898098468781
265.390747070313,0.00858841277658939,0.024920592084527,0.219010785222054,14.4639863967896,7.53069591522217,7.02432775497437,0.129370495676994,0.0573303699493408,0.0523903630673885,0.988550305366516
265.919189453125,0.00489955022931099,0.0242170430719852,0.224519655108452,14.6968069076538,7.35417985916138,7.07721757888794,0.131321728229523,0.055607233196497,0.0529009997844696,0.988364279270172
266.444732666016,0.00276674889028072,0.0249453354626894,0.221054285764694,14.4627256393433,7.45995759963989,7.44287443161011,0.129533603787422,0.0562481395900249,0.0560814701020718,0.988388657569885
266.980987548828,0.00217925664037466,0.0259640272706747,0.218757152557373,13.8063955307007,7.2168345451355,7.48695230484009,0.123777367174625,0.0545158348977566,0.0571392923593521,0.989162445068359
267.505523681641,0.0013849725946784,0.0256506502628326,0.218229606747627,13.8418369293213,7.23249673843384,7.54785585403442,0.124119810760021,0.0545627251267433,0.0576263144612312,0.989088714122772
268.014221191406,0.00213232636451721,0.0246059894561768,0.214764282107353,14.1449604034424,7.30004072189331,7.50436067581177,0.126746088266373,0.0550008974969387,0.0569898895919323,0.98876816034317
268.546508789063,0.00416072178632021,0.0233753956854343,0.21835096180439,14.6468524932861,7.38261985778809,7.39454460144043,0.131058663129807,0.0555200278759003,0.0556364990770817,0.988253891468048
269.059295654297,0.00261310581117868,0.0244610793888569,0.223859190940857,14.177059173584,7.4153356552124,7.52161169052124,0.12708842754364,0.0559561885893345,0.05699098482728,0.988670527935028
269.586547851563,-0.00310338009148836,0.0240923631936312,0.226345419883728,14.291672706604,7.55884647369385,8.01012325286865,0.128389701247215,0.0565744116902351,0.0609718225896358,0.988229751586914
270.098937988281,-0.00634123012423515,0.0249801427125931,0.222201004624367,13.9729595184326,7.34926748275757,8.20695304870605,0.125626012682915,0.0547654703259468,0.0631049424409866,0.988552808761597
270.61474609375,-0.00574852433055639,0.0256927646696568,0.217022448778152,13.673303604126,7.12678956985474,8.19938087463379,0.1229168176651,0.0530591495335102,0.0634667873382568,0.988963186740875
271.128753662109,0.00053628534078598,0.0249668955802917,0.217849627137184,13.9026260375977,7.60086345672607,7.67895746231079,0.124894373118877,0.0575602911412716,0.0583192631602287,0.988780617713928
271.649383544922,0.00142140872776508,0.0246929526329041,0.218042701482773,13.9726295471191,7.49346971511841,7.75888395309448,0.125482499599457,0.0565007403492928,0.0590814426541328,0.988722026348114
272.240203857422,-0.000472067855298519,0.0249375104904175,0.21282522380352,13.9581966400146,7.62652254104614,7.98210668563843,0.125538721680641,0.0574137307703495,0.0608708336949348,0.988553762435913
272.760559082031,0.00323101319372654,0.0247508976608515,0.213587552309036,14.0913143157959,8.21571826934814,7.43105030059814,0.126694977283478,0.0630156025290489,0.0553799383342266,0.988387882709503
273.279449462891,-0.000170344486832619,0.0237063281238079,0.217558175325394,14.2894868850708,8.12579822540283,7.60537719726563,0.128453090786934,0.0619186237454414,0.0568475164473057,0.988146901130676
273.79248046875,0.00115000270307064,0.0240469388663769,0.220270857214928,14.0941324234009,8.64374446868896,7.31344223022461,0.126856699585915,0.0668354481458664,0.0538901016116142,0.988198518753052
274.311401367188,-0.00146419461816549,0.0242430903017521,0.222403436899185,14.0244970321655,8.81190967559814,7.62004327774048,0.126518279314041,0.0679913461208344,0.0563986040651798,0.988023042678833
274.837921142578,-0.0038377046585083,0.0245544407516718,0.222738996148109,13.8910999298096,8.81412601470947,7.72811079025269,0.125434741377831,0.067979596555233,0.0574259869754314,0.988102793693542
275.345977783203,-0.00549925491213799,0.0241911746561527,0.222550213336945,13.943696975708,8.94420433044434,7.80407428741455,0.125998511910439,0.0689827501773834,0.0578993111848831,0.987933933734894
275.850280761719,-0.00875029526650906,0.024875333532691,0.219935759902,13.574592590332,8.75554752349854,8.17327976226807,0.122941061854362,0.0672067925333977,0.0615606494247913,0.988220155239105
276.361663818359,-0.00751511193811893,0.0252160243690014,0.223487704992294,14.8653907775879,8.83758068084717,8.16179943084717,0.134086832404137,0.0670262947678566,0.0604156963527203,0.986852645874023
276.885192871094,-0.00645482167601585,0.0243482701480389,0.221929669380188,15.0495281219482,9.00369930267334,8.01533508300781,0.135669961571693,0.0685008689761162,0.0588206760585308,0.986631393432617
277.403533935547,-0.0147069031372666,0.0219488777220249,0.21959824860096,16.2777519226074,5.37529993057251,6.74252414703369,0.143902152776718,0.0380223765969276,0.0515223145484924,0.987518072128296
277.915130615234,-0.0101650729775429,0.0259395521134138,0.220811665058136,13.8260040283203,7.6499810218811,6.8473858833313,0.123834505677223,0.0589340291917324,0.0511380322277546,0.989230394363403
278.511810302734,-0.0141968633979559,0.0256197843700647,0.219948768615723,13.8682851791382,5.7241678237915,7.18610429763794,0.123447120189667,0.0419128090143204,0.0561171360313892,0.989876270294189
279.015747070313,-0.0159548185765743,0.0248799994587898,0.216769084334373,14.3832178115845,5.47278070449829,7.14314317703247,0.127752959728241,0.0394835658371449,0.0557697974145412,0.989449322223663
279.520843505859,-0.0157196410000324,0.0244098417460918,0.212884142994881,14.0260171890259,6.02613019943237,7.20437002182007,0.124962814152241,0.0444069132208824,0.0558672547340393,0.989591419696808
280.060363769531,-0.0188464503735304,0.0221939738839865,0.213256999850273,15.2851800918579,6.28105020523071,7.69087696075439,0.13613598048687,0.0452703386545181,0.059099979698658,0.987889051437378
280.570556640625,-0.0179461482912302,0.018810298293829,0.215565398335457,16.5164775848389,5.605055809021,7.38799619674683,0.146282523870468,0.0390432998538017,0.0566751770675182,0.986845970153809
281.082946777344,-0.0183806158602238,0.018600270152092,0.214582368731499,16.5800914764404,5.8449330329895,7.29666805267334,0.146915316581726,0.041186697781086,0.0555493570864201,0.986728847026825
281.595825195313,-0.0175106637179852,0.0186791364103556,0.214281857013702,16.5377178192139,6.16530609130859,7.33191537857056,0.146719068288803,0.043926190584898,0.0554649010300636,0.986644685268402
282.166198730469,-0.0150815099477768,0.0196906421333551,0.214179337024689,15.9965162277222,5.59208726882935,7.07296276092529,0.14169242978096,0.0396416038274765,0.0542367175221443,0.987628579139709
282.747589111328,-0.00877949222922325,0.0199822429567575,0.208148121833801,15.6457538604736,3.69636869430542,6.3095064163208,0.137592539191246,0.024416035041213,0.0501093864440918,0.988919258117676
283.252716064453,0.0177679881453514,0.0215417947620153,0.210749298334122,15.543267250061,0.643286168575287,4.10976839065552,0.135335385799408,0.000709900399670005,0.0347682759165764,0.990189373493195
283.758483886719,0.0531679168343544,0.0245884358882904,0.210273295640945,15.0558633804321,359.089050292969,5.29713916778564,0.130501240491867,-0.0139262871816754,0.0468504168093204,0.990242660045624
284.269836425781,0.0431731790304184,0.0305645987391472,0.215731233358383,13.5007104873657,1.65323317050934,1.71411466598511,0.117732465267181,0.0125670442357659,0.0131571022793651,0.992878675460815
284.849853515625,0.015204812400043,0.0242202114313841,0.233034625649452,15.9200048446655,5.08162307739258,1.73102331161499,0.13899302482605,0.0418090857565403,0.0088068712502718,0.989371299743652
285.417785644531,0.0207234025001526,0.0256692171096802,0.205033674836159,14.8095321655273,4.99347639083862,1.38972949981689,0.129270166158676,0.0416345745325089,0.00640098750591278,0.990714311599731
285.989776611328,0.0159869939088821,0.0281973388046026,0.204825580120087,13.4897346496582,5.05405282974243,1.65446281433105,0.117954142391682,0.0420869141817093,0.00914570968598127,0.992084622383118
286.504852294922,0.0178585350513458,0.0275651719421148,0.212103843688965,13.6760740280151,5.08896446228027,1.55251467227936,0.119532011449337,0.0424637012183666,0.00815287791192532,0.991888344287872
287.008453369141,0.025385532528162,0.0269573926925659,0.216396346688271,13.9957933425903,6.40649795532227,0.914831936359406,0.122081436216831,0.0544889867305756,0.00110390142071992,0.991022646427155
287.522430419922,0.0263581238687038,0.0264839436858892,0.209456637501717,13.6889085769653,6.48195505142212,1.12047636508942,0.119526907801628,0.0549665652215481,0.00295536778867245,0.99130380153656
288.059387207031,0.0246641933917999,0.0255385506898165,0.206488385796547,14.262749671936,5.52436876296997,1.2570024728775,0.124517679214478,0.0464546792209148,0.00488944677636027,0.991117238998413
288.560394287109,0.0307620987296104,0.0275749415159225,0.211740151047707,13.5110034942627,5.47104549407959,1.29533171653748,0.118026927113533,0.0460631959140301,0.0055986400693655,0.991925656795502
289.077484130859,0.0450545027852058,0.0284078419208527,0.221599727869034,13.2731876373291,6.76149225234985,0.714961647987366,0.115733668208122,0.0578548051416874,-0.000628645822871476,0.991593718528748
289.585418701172,0.0525097697973251,0.0293512567877769,0.22434213757515,12.602614402771,7.0700044631958,0.430780649185181,0.109777763485909,0.0608735308051109,-0.00303794001229107,0.992085695266724
290.103759765625,0.0604559779167175,0.0274533163756132,0.22921484708786,13.1045722961426,8.31676578521729,0.190876871347427,0.11392930150032,0.0718504562973976,-0.00662404811009765,0.990865170955658
290.609161376953,0.0630341544747353,0.0274033155292273,0.23067432641983,13.2208118438721,8.82705116271973,359.991241455078,0.114770345389843,0.0764515697956085,-0.00893447175621986,0.99040561914444
291.122039794922,0.0645903646945953,0.0263690929859877,0.235049590468407,13.500599861145,9.22884654998779,0.0489913411438465,0.11719573289156,0.0798420608043671,-0.00903309136629105,0.989852964878082
291.631317138672,0.0614691711962223,0.0259917993098497,0.236602023243904,13.5920429229736,8.58050537109375,0.348238378763199,0.118228621780872,0.0739245042204857,-0.00584335206076503,0.990213632583618
292.153594970703,0.0586970560252666,0.0258658211678267,0.236366271972656,13.7017650604248,8.13837718963623,0.571596741676331,0.119334980845451,0.0698599964380264,-0.00352453393861651,0.990386962890625
292.719329833984,0.0521807000041008,0.0275259949266911,0.233283147215843,13.1514930725098,7.80221462249756,1.01269364356995,0.114844121038914,0.0665746852755547,0.000968036474660039,0.991149663925171
293.302368164063,0.0232991576194763,0.0365579128265381,0.220218077301979,10.4953079223633,357.492034912109,4.71417236328125,0.0904652923345566,-0.02553491294384,0.042944997549057,0.994645535945892
293.810607910156,-0.0168571192771196,0.0321443676948547,0.212520197033882,12.5365581512451,336.947784423828,3.89466953277588,0.100171111524105,-0.202140510082245,0.0549004822969437,0.972672045230865
294.335571289063,-0.0149816516786814,0.0398971363902092,0.208844929933548,9.31598663330078,341.440216064453,7.17202806472778,0.0699352025985718,-0.165422990918159,0.0745941549539566,0.980907738208771
294.855041503906,0.0113534107804298,0.0432838946580887,0.213442549109459,7.55077314376831,354.288665771484,6.98900318145752,0.0626111254096031,-0.0536281950771809,0.0640192776918411,0.994537770748138
295.381378173828,0.0119992569088936,0.0430070906877518,0.215740397572517,8.18854522705078,356.632934570313,7.51168775558472,0.0692940875887871,-0.0339158587157726,0.067402608692646,0.994738638401031
295.912994384766,0.0265617221593857,0.037304200232029,0.221065163612366,10.204475402832,359.294128417969,5.77896356582642,0.0885091498494148,-0.0106106270104647,0.0507560186088085,0.994724750518799
296.419586181641,0.0322786718606949,0.0359161980450153,0.207305178046227,10.6060972213745,359.093902587891,4.26458072662354,0.0920637473464012,-0.0113064749166369,0.0377767831087112,0.994972050189972
297.004333496094,0.036298505961895,0.0349340997636318,0.194230392575264,10.5483303070068,358.840698242188,3.35467958450317,0.0915826335549355,-0.0127601083368063,0.030075054615736,0.995261430740356
297.508392333984,0.0360925197601318,0.0331738702952862,0.193424433469772,11.068489074707,358.945922851563,3.23202538490295,0.0961400270462036,-0.0118714477866888,0.0289551056921482,0.99487578868866
298.038360595703,0.0290089249610901,0.0347338356077671,0.1938147097826,10.5640773773193,358.572021484375,3.69763612747192,0.091603048145771,-0.0153715237975121,0.0332694202661514,0.995120942592621
298.547698974609,0.0278307348489761,0.0338750220835209,0.199194848537445,11.0278654098511,357.964416503906,4.00522136688232,0.0953961163759232,-0.0210271123796701,0.0364836007356644,0.994548320770264
299.058715820313,0.0333500131964684,0.0338291600346565,0.200678303837776,10.8804216384888,358.382537841797,3.83185911178589,0.0942747741937637,-0.017212450504303,0.0346165411174297,0.994795322418213
299.571166992188,0.0329892784357071,0.0346161685883999,0.199447214603424,10.6014547348022,357.992279052734,3.94775581359863,0.0917133614420891,-0.0206159632652998,0.0359088592231274,0.994924306869507
300.123687744141,0.0281042158603668,0.0345642566680908,0.194937378168106,10.3893699645996,358.550476074219,4.49276781082153,0.0899696126580238,-0.0161361824721098,0.0401770211756229,0.99500298500061
300.694610595703,0.0231265425682068,0.0363045297563076,0.188050091266632,9.79467105865479,358.448516845703,5.16720390319824,0.0846679285168648,-0.0173236131668091,0.0460630469024181,0.995193183422089
301.209503173828,0.022856567054987,0.0362956076860428,0.190790116786957,9.63537311553955,358.529541015625,5.26367330551147,0.0833028256893158,-0.0166291519999504,0.0468286201357841,0.995284497737885
301.720092773438,0.0243065617978573,0.0360302440822124,0.197699353098869,9.98801136016846,358.490203857422,5.17145729064941,0.0863632187247276,-0.0170385520905256,0.0460847355425358,0.995051383972168
302.254730224609,0.0242205001413822,0.0356519892811775,0.202334523200989,10.251690864563,359.035461425781,5.27589225769043,0.0888599082827568,-0.0124864289537072,0.046590119600296,0.994875550270081
302.775665283203,0.0215616598725319,0.0351089537143707,0.204020962119102,10.2697525024414,358.820098876953,5.35671472549438,0.0889188572764397,-0.0144258253276348,0.0474596470594406,0.994802951812744
303.300323486328,0.0199996009469032,0.035027377307415,0.208992511034012,10.4231462478638,358.91357421875,5.68472194671631,0.0902497172355652,-0.0139340981841087,0.050241120159626,0.994553506374359
303.815124511719,0.0192952454090118,0.0357114598155022,0.210536658763885,10.1814365386963,359.379089355469,5.83832120895386,0.0883416384458542,-0.00990879442542791,0.0512054525315762,0.994723856449127
304.334228515625,0.0174415409564972,0.0350819416344166,0.212467268109322,10.4606742858887,359.386901855469,6.16051530838013,0.0907405763864517,-0.0102186175063252,0.0539972595870495,0.994357109069824
304.845672607422,0.0202889926731586,0.0347537659108639,0.216031596064568,10.6595115661621,359.244689941406,6.36453104019165,0.0923781245946884,-0.0117089143022895,0.0558825545012951,0.994085669517517
305.360015869141,0.0245498195290565,0.0334037952125072,0.224400699138641,11.4868927001953,359.218048095703,6.3903546333313,0.0995379164814949,-0.0123567823320627,0.0561381988227367,0.993372082710266
305.874053955078,0.0248621702194214,0.0334985144436359,0.226080656051636,11.5178604125977,359.341552734375,6.39343595504761,0.099866546690464,-0.0113035878166556,0.056057620793581,0.993356168270111
306.399536132813,0.0203161090612411,0.0334942862391472,0.224005907773972,11.4667329788208,359.262237548828,6.65350866317749,0.0993570536375046,-0.0121921133249998,0.0583807826042175,0.993263006210327
306.917083740234,0.0192743763327599,0.0335766337811947,0.218139737844467,11.17711353302,358.950775146484,6.57103061676025,0.0966977328062057,-0.0146785583347082,0.0579270273447037,0.9935182929039
307.444366455078,0.0206654667854309,0.0337893292307854,0.217582181096077,11.2554264068604,358.273193359375,6.26582670211792,0.0970870181918144,-0.0203323941677809,0.0558582954108715,0.993499159812927
307.953308105469,0.0214537046849728,0.0334111824631691,0.2229133695364,11.4926824569702,358.543853759766,6.27516508102417,0.0992743596434593,-0.0181038118898869,0.0557247027754784,0.993333578109741
308.460723876953,0.0187306366860867,0.0331455543637276,0.226148322224617,11.6350860595703,358.337005615234,6.39372682571411,0.100387416779995,-0.0200665071606636,0.0569424256682396,0.993114948272705
308.972442626953,0.0195287279784679,0.0324929021298885,0.227984145283699,11.8335819244385,358.221710205078,6.26444339752197,0.10207425057888,-0.0210440400987864,0.0559399835765362,0.992979764938354
309.486358642578,0.0175288580358028,0.0327529385685921,0.225905641913414,11.7690868377686,357.959014892578,6.42823076248169,0.101353369653225,-0.02343575283885,0.0575862862169743,0.992905974388123
310.016754150391,0.0145326256752014,0.0327645540237427,0.225542694330215,11.7411708831787,357.766937255859,6.82778692245483,0.100926704704762,-0.0254387706518173,0.0612143836915493,0.992682993412018
310.583679199219,0.0154010355472565,0.0328899621963501,0.224812656641006,11.6435222625732,357.635650634766,6.55928993225098,0.100072234869003,-0.0262931734323502,0.0589914694428444,0.992881774902344
311.096435546875,0.0142048522830009,0.0327317379415035,0.225901633501053,11.7796068191528,357.701629638672,6.52825689315796,0.101292498409748,-0.0257591214030981,0.0586816929280758,0.992790400981903
311.604766845703,0.0126303099095821,0.0325571224093437,0.226766303181648,11.8324403762817,357.209228515625,6.65679311752319,0.101463444530964,-0.0301637873053551,0.0602382495999336,0.992555618286133
312.110198974609,0.0130236279219389,0.0321298278868198,0.226737797260284,12.0177211761475,356.993194580078,6.75838041305542,0.102926306426525,-0.0322150588035583,0.0613414831459522,0.992272973060608
312.631774902344,0.0125214196741581,0.032620444893837,0.223470970988274,11.7558336257935,356.757537841797,6.79763650894165,0.100519590079784,-0.0341628305613995,0.0618427470326424,0.992423415184021
313.161041259766,0.0118109257891774,0.0328899882733822,0.222389385104179,11.6525726318359,356.670104980469,6.71986484527588,0.0996013954281807,-0.0348018072545528,0.0612252503633499,0.992532074451447
313.672729492188,0.00872163102030754,0.0337454304099083,0.226434946060181,11.5748281478882,357.152923583984,7.02008104324341,0.0991043150424957,-0.030841588973999,0.0633929818868637,0.992576658725739
314.180786132813,0.0328520685434341,0.0386720038950443,0.235307052731514,9.65309619903564,8.06045722961426,3.90414381027222,0.0862683653831482,0.067133903503418,0.0279486365616322,0.993614494800568
314.69873046875,0.0281707569956779,0.0377069376409054,0.244320258498192,10.5011787414551,5.14402866363525,3.54584789276123,0.0927584394812584,0.0418369732797146,0.026672936975956,0.994451701641083
315.234313964844,0.0300131440162659,0.0213991403579712,0.234586268663406,18.7575931549072,2.66850471496582,358.497802734375,0.162601500749588,0.0251073837280273,-0.0167241804301739,0.986230552196503
315.758697509766,0.021283108741045,0.0237250570207834,0.232826367020607,17.5279064178467,3.99076724052429,0.0821792408823967,0.152296334505081,0.0343032367527485,-0.00459681404754519,0.987728714942932
316.275207519531,0.0134824328124523,0.0241408087313175,0.235936746001244,17.2963008880615,4.41831207275391,1.63455557823181,0.150782763957977,0.0359621569514275,0.0082953991368413,0.987877786159515
316.797088623047,0.0122208893299103,0.0242577251046896,0.234764084219933,17.0798282623291,3.33069562911987,1.72260594367981,0.14885088801384,0.026504959911108,0.0105439340695739,0.988448143005371
317.30126953125,0.0147723229601979,0.035076379776001,0.22383126616478,11.3673810958862,6.99100828170776,3.3633279800415,0.100590124726295,0.057743389159441,0.0231120828539133,0.992981970310211
317.815856933594,0.0120840333402157,0.0394931882619858,0.210598915815353,9.57964992523193,6.08227777481079,2.31018209457397,0.0844320803880692,0.0511760413646698,0.0156310182064772,0.994991421699524
318.347076416016,0.0079682469367981,0.0418006181716919,0.218924343585968,8.93437767028809,4.30063486099243,1.73776483535767,0.0783916413784027,0.0362227372825146,0.0121854338794947,0.996189832687378
318.887634277344,0.0132526271045208,0.04322200268507,0.217730030417442,8.23776054382324,4.98394727706909,2.00980663299561,0.0725077241659164,0.042101975530386,0.014353652484715,0.996375501155853
319.396392822266,0.0117685198783875,0.0434370078146458,0.21768806874752,8.21614360809326,4.34001016616821,1.93081164360046,0.0722127631306648,0.036555889993906,0.0140812089666724,0.996619641780853
319.92431640625,0.00763009488582611,0.043222825974226,0.215653121471405,8.30070018768311,4.38091659545898,2.1394145488739,0.0730201303958893,0.0367643721401691,0.0158405154943466,0.996526777744293
320.424621582031,0.00276718661189079,0.0437561944127083,0.211200624704361,8.14625263214111,3.67255401611328,2.4433422088623,0.0716584473848343,0.0304417833685875,0.0189802702516317,0.996783912181854
320.949462890625,-0.000241192989051342,0.0440847538411617,0.210106998682022,8.12738132476807,2.82265830039978,2.66728401184082,0.0713964477181435,0.0229124296456575,0.0214638561010361,0.996953785419464
321.519958496094,0.00189360696822405,0.0437934584915638,0.210923030972481,8.21922588348389,2.66466045379639,2.61988925933838,0.0721568763256073,0.0215477310121059,0.021130034700036,0.996936619281769
322.030792236328,-0.00201436877250671,0.0442243814468384,0.208441078662872,8.13703346252441,1.93948757648468,2.98979210853577,0.0713554546236992,0.0150253614410758,0.0248180609196424,0.997028946876526
322.580352783203,-0.013979434967041,0.0470684804022312,0.208545669913292,7.09826755523682,1.2446745634079,4.19444894790649,0.0622560642659664,0.00856824964284897,0.035851027816534,0.99737936258316
323.132629394531,-0.0113955410197377,0.0460921190679073,0.214445993304253,7.2759051322937,1.22463595867157,3.96679759025574,0.0637790784239769,0.00846290867775679,0.0338605269789696,0.997353553771973
323.645843505859,-0.00359485950320959,0.0461923815310001,0.219052016735077,6.87990522384644,2.95777750015259,1.79993164539337,0.0603796876966953,0.024816807359457,0.0141248106956482,0.997766971588135
324.157470703125,-0.00589528307318687,0.0451675355434418,0.217460379004478,7.01996755599976,3.47554469108582,2.56786370277405,0.0618571639060974,0.0288895331323147,0.0204985272139311,0.997456192970276
324.68310546875,-0.00857338681817055,0.0446802228689194,0.216087386012077,7.37299299240112,3.27043771743774,2.73967504501343,0.0649333298206329,0.0269324406981468,0.0220124535262585,0.997283220291138
325.190002441406,-0.0114289410412312,0.0436892844736576,0.218693792819977,7.85650873184204,3.56849479675293,3.51668524742126,0.0693949460983276,0.0289471223950386,0.0284650847315788,0.996762871742249
325.710021972656,-0.00543864909559488,0.0424626432359219,0.220231533050537,8.3828125,4.1800365447998,3.11375379562378,0.0740012228488922,0.0343741998076439,0.0244140625,0.996366500854492
326.226959228516,-0.00564607512205839,0.0418554320931435,0.219350665807724,8.56525802612305,3.41047167778015,3.04987788200378,0.0754065737128258,0.0276775751262903,0.0243046022951603,0.996472299098969
326.741729736328,-0.00300658121705055,0.0413004197180271,0.222188889980316,8.83659934997559,3.34982752799988,2.58841466903687,0.0776431113481522,0.0273950584232807,0.0202583912760019,0.996398866176605
327.241760253906,-0.0030280901119113,0.0417517460882664,0.220675572752953,8.71881103515625,3.00570869445801,2.69207119941711,0.0765797644853592,0.0243586897850037,0.0214215610176325,0.99653571844101
327.805267333984,-0.00751425698399544,0.0412204004824162,0.221479937434196,8.97522163391113,2.525146484375,3.18020629882813,0.0788039490580559,0.0197876133024693,0.0259338114410639,0.996356248855591
328.314453125,-0.00704394280910492,0.0400645807385445,0.231673657894135,9.58099746704102,3.390625,3.45901799201965,0.0843277797102928,0.0269482955336571,0.027592895552516,0.995691359043121
328.834655761719,0.00626218318939209,0.0373548269271851,0.23904487490654,11.8118543624878,5.45846080780029,3.24049043655396,0.104076825082302,0.0444383136928082,0.0231953524053097,0.993305206298828
329.377471923828,0.0182527489960194,0.0474370270967484,0.214529693126678,6.92633199691772,7.42963838577271,1.11218178272247,0.0609047561883926,0.0640840083360672,0.00575378630310297,0.996067702770233
329.904449462891,0.0195775479078293,0.0464954003691673,0.216207072138786,7.54292297363281,7.29594850540161,1.27322721481323,0.0663449689745903,0.0627550855278969,0.00687937764450908,0.995797574520111
330.441009521484,0.0181266106665134,0.0454028770327568,0.219107881188393,7.63446378707886,7.05392265319824,1.76025104522705,0.0673829019069672,0.0603538304567337,0.0112023493275046,0.995837092399597
330.945922851563,0.0135926753282547,0.0442753620445728,0.218672052025795,8.04707527160645,6.98787975311279,2.41172003746033,0.071299709379673,0.0593054108321667,0.0166785903275013,0.995550632476807
331.476348876953,0.00905276834964752,0.0442543812096119,0.215512350201607,7.95205736160278,6.31656360626221,2.80474019050598,0.0705581605434418,0.0532510466873646,0.0205584857612848,0.995873093605042
331.996276855469,0.00642803777009249,0.0445932187139988,0.211202815175056,7.61518955230713,6.8104100227356,3.40193915367126,0.068018913269043,0.0572721697390079,0.0256227534264326,0.995709180831909
332.512847900391,0.00521815195679665,0.0437468737363815,0.212919220328331,7.99470663070679,6.55911207199097,3.44174885749817,0.0712786242365837,0.0549528859555721,0.0259221140295267,0.995604157447815
333.066436767578,0.00754556432366371,0.0420511700212955,0.220809862017632,8.75809478759766,6.98769283294678,3.32393646240234,0.0779427364468575,0.0585274994373322,0.0242131538689137,0.994943797588348
333.605834960938,0.00839903578162193,0.0415461920201778,0.226821184158325,9.10460186004639,6.79737710952759,3.29044580459595,0.0808935239911079,0.0567974112927914,0.0238663610070944,0.994816899299622
334.139373779297,0.00761383771896362,0.0408132262527943,0.229149386286736,9.23084259033203,6.96306133270264,3.49698042869568,0.0821282044053078,0.0580509789288044,0.0254728626459837,0.994603514671326
334.664794921875,0.0054801432415843,0.040632788091898,0.22756265103817,9.29883575439453,7.03653335571289,3.70087862014771,0.0828387066721916,0.0585204213857651,0.0271520186215639,0.994472682476044
335.182067871094,0.00398566201329231,0.0405712239444256,0.226123943924904,9.36539649963379,6.89659118652344,3.8813157081604,0.0834730714559555,0.0571530312299728,0.0287827476859093,0.994453310966492
335.696075439453,0.00195966195315123,0.0402453728020191,0.225474238395691,9.40765380859375,6.79091691970825,4.09544706344604,0.0839180201292038,0.0560650154948235,0.0306952148675919,0.99442058801651
336.221221923828,0.00278543308377266,0.0395889915525913,0.226834908127785,9.6555118560791,6.96538114547729,4.01467370986938,0.0860738456249237,0.0575518496334553,0.029729375615716,0.994180738925934
336.756805419922,0.00326040014624596,0.0394941791892052,0.227985635399818,9.68587017059326,6.76876163482666,4.00179004669189,0.0862797498703003,0.0558450669050217,0.0297488775104284,0.994259595870972
337.280975341797,0.00364684592932463,0.04250817745924,0.230551704764366,8.3195104598999,6.96522998809814,4.06767320632935,0.0745082497596741,0.0579778961837292,0.0309272594749928,0.995053052902222
337.784790039063,0.0282539986073971,0.0403836742043495,0.23151333630085,9.32687568664551,16.6987762451172,3.17860460281372,0.0844238623976707,0.142441675066948,0.0155488736927509,0.986073613166809
338.296844482422,0.0348069854080677,0.0393832363188267,0.230335369706154,9.82345199584961,17.7217197418213,2.40443086624146,0.0878003090620041,0.151661023497581,0.00746881030499935,0.98449695110321
338.808898925781,0.017620537430048,0.0397059544920921,0.230054020881653,9.51229381561279,13.9734382629395,3.13145327568054,0.0855808854103088,0.11892644315958,0.0169454328715801,0.98906284570694
339.397979736328,0.0233850479125977,0.0392982959747314,0.22764553129673,9.71865558624268,10.2804040908813,2.84326815605164,0.0865577831864357,0.0871504843235016,0.0170339960604906,0.992281436920166
339.938720703125,0.0150961168110371,0.039186853915453,0.224938064813614,9.70752334594727,10.2600259780884,3.38049459457397,0.0868652015924454,0.0865708589553833,0.0217101462185383,0.99221396446228
340.465911865234,0.0118656624108553,0.0385833270847797,0.226091936230659,9.86129856109619,10.1921434402466,3.75091075897217,0.0884605273604393,0.0856481269001961,0.024846538901329,0.992079555988312
340.998382568359,0.0113766463473439,0.0383989252150059,0.227008864283562,9.89702320098877,9.54675769805908,3.95314073562622,0.0887695997953415,0.0798904672265053,0.0270691979676485,0.992474138736725
341.518585205078,0.0095976023003459,0.0394837334752083,0.230184331536293,10.4159574508667,9.34172630310059,4.38308620452881,0.0935047492384911,0.0775765925645828,0.030569726601243,0.99212110042572
342.103729248047,0.0209577605128288,0.0397539734840393,0.222949132323265,10.9604635238647,8.87154388427734,4.2517409324646,0.098006583750248,0.0734029710292816,0.029433561488986,0.992038547992706
342.619445800781,0.00829006545245647,0.0403351448476315,0.218382924795151,11.3008165359497,8.65073680877686,5.22242021560669,0.101495414972305,0.0705030187964439,0.0377899035811424,0.991614818572998
343.147857666016,0.00415295641869307,0.0413188599050045,0.214563071727753,10.9064159393311,8.92906093597412,5.44333410263062,0.0983171090483665,0.0729033574461937,0.0397366620600224,0.991685390472412
343.664031982422,0.00413530878722668,0.0406907200813293,0.21226079761982,11.0166425704956,8.53855895996094,5.6164288520813,0.099239394068718,0.0693214982748032,0.041494082659483,0.991778373718262
344.188232421875,0.00439364276826382,0.0413033626973629,0.207821369171143,10.5545539855957,8.08457660675049,5.48947477340698,0.0950029566884041,0.0657199695706367,0.0410886034369469,0.992455065250397
344.720031738281,-0.00292686093598604,0.0440258346498013,0.215071305632591,10.666187286377,9.17172336578369,4.39097499847412,0.0956297889351845,0.0759991407394409,0.0305953379720449,0.992039799690247
345.243530273438,-0.0173417739570141,0.0384181514382362,0.226658180356026,12.3317422866821,11.3062839508057,5.56526327133179,0.111513257026672,0.0926316827535629,0.0374636463820934,0.988726794719696
345.775390625,0.010325163602829,0.0412092208862305,0.217130661010742,11.5320100784302,9.94240474700928,3.81102800369263,0.102899551391602,0.0828408598899841,0.0242576114833355,0.990939319133759
346.297180175781,0.00639866478741169,0.0414899475872517,0.242449641227722,11.4957618713379,9.56824111938477,3.26775908470154,0.102127812802792,0.0801029652357101,0.0199211351573467,0.991340816020966
346.802429199219,0.0113528706133366,0.0395660623908043,0.24406935274601,12.3315877914429,10.0998220443726,3.30856728553772,0.10947073996067,0.0843892022967339,0.0191399808973074,0.990216255187988
347.322204589844,0.0105736665427685,0.0413937158882618,0.234597221016884,11.8695888519287,9.65392398834229,3.50612807273865,0.105542063713074,0.0805046856403351,0.0216236673295498,0.990914881229401
347.857116699219,-0.00192575622349977,0.0396082736551762,0.229533597826958,12.1415233612061,10.0129737854004,4.16680479049683,0.108438298106194,0.0828917324542999,0.0267893001437187,0.990279018878937
348.369720458984,0.00216986984014511,0.0401783846318722,0.227331444621086,12.154052734375,10.5610628128052,3.95916366577148,0.10851439088583,0.0878190398216248,0.0244662389159203,0.989906072616577
348.938842773438,-0.0012985160574317,0.0399222485721111,0.229481801390648,12.2088031768799,9.68212127685547,4.24699592590332,0.108997628092766,0.0799295753240585,0.0277438964694738,0.99043482542038
349.471710205078,-0.00604016333818436,0.0393233150243759,0.232810899615288,12.4032039642334,9.1448974609375,4.77524423599243,0.110891506075859,0.0746982172131538,0.0326797924935818,0.99048238992691
349.985412597656,0.000955164432525635,0.039179801940918,0.23452416062355,12.4947776794434,9.15487861633301,4.360915184021,0.111414290964603,0.0751479119062424,0.0290220249444246,0.99050360918045
350.523162841797,0.00664384849369526,0.0389469228684902,0.241648480296135,12.3736352920532,8.59477424621582,4.19157552719116,0.110120110213757,0.0705168768763542,0.0281848348677158,0.991012930870056
351.044708251953,0.000319999642670155,0.0401686877012253,0.244839534163475,11.5633316040039,8.08553504943848,4.57996654510498,0.103209711611271,0.0660712346434593,0.0325584672391415,0.991928577423096
351.552825927734,0.00148370489478111,0.0396144539117813,0.243885725736618,11.7815427780151,8.59370899200439,4.31872415542603,0.10507932305336,0.0706191956996918,0.0296905767172575,0.991508841514587
352.070007324219,-0.000172474421560764,0.0377984009683132,0.238589942455292,12.6243858337402,8.27777576446533,4.27945280075073,0.112261041998863,0.0675925314426422,0.0290837176144123,0.990950465202332
352.665924072266,0.00417421385645866,0.0374015010893345,0.23486253619194,12.7411708831787,8.26398754119873,4.16928577423096,0.113201923668385,0.0675363540649414,0.0280674956738949,0.990876615047455
353.264251708984,0.0057622417807579,0.0381116196513176,0.228946775197983,12.6148443222046,8.16465663909912,4.47636699676514,0.112264111638069,0.0664252191781998,0.0309036839753389,0.990974009037018
353.8623046875,0.00243933033198118,0.0386584438383579,0.228787288069725,12.5906133651733,8.21578311920166,4.53470182418823,0.112102515995502,0.0668201223015785,0.0313740037381649,0.99095094203949
354.459564208984,-0.00168193131685257,0.0384562350809574,0.234360858798027,12.4395227432251,7.71594429016113,4.61366510391235,0.110701397061348,0.0624821968376637,0.0326396077871323,0.991350531578064
354.968841552734,-0.00211476720869541,0.0379767417907715,0.237447634339333,12.5259170532227,7.84993124008179,4.73221015930176,0.111552096903324,0.0634902194142342,0.0334809683263302,0.991163015365601
355.4853515625,-0.00324287451803684,0.0364900678396225,0.243045508861542,13.1758718490601,7.74784755706787,4.8852596282959,0.117222219705582,0.062175702303648,0.0344967469573021,0.990556955337524
355.987396240234,-0.00288407597690821,0.0352586060762405,0.248287677764893,13.7093944549561,7.87488889694214,4.55147695541382,0.121683411300182,0.0633945688605309,0.0311426892876625,0.990052759647369
356.496917724609,-0.0033256933093071,0.0342153459787369,0.251065731048584,14.126220703125,8.13165950775146,4.63348865509033,0.125397220253944,0.0653489008545876,0.0313048325479031,0.989456951618195
357.020355224609,0.00711226463317871,0.034374475479126,0.250484019517899,14.0640516281128,8.24034309387207,4.24226665496826,0.124663330614567,0.0667397975921631,0.027848981320858,0.989560127258301
357.547943115234,0.00672507658600807,0.0335451513528824,0.257433474063873,14.308144569397,7.72326564788818,4.33227825164795,0.126692101359367,0.0620786249637604,0.0290365684777498,0.989571750164032
358.059295654297,0.00434892624616623,0.0354612842202187,0.253356456756592,13.6214981079102,8.2014217376709,4.34607934951782,0.120893932878971,0.0664689838886261,0.0290793739259243,0.990010559558868
358.582550048828,0.00172367691993713,0.0355000682175159,0.247022330760956,13.3858270645142,7.92905378341675,4.60689163208008,0.118934944272041,0.0639391168951988,0.0317709855735302,0.990331709384918
359.106536865234,-0.000834808684885502,0.0364024192094803,0.236557945609093,12.9951286315918,8.35762691497803,4.88788557052612,0.115844808518887,0.0675229281187057,0.0340169034898281,0.99038553237915
359.655090332031,0.00459345243871212,0.0370020717382431,0.225405365228653,12.714617729187,8.73850727081299,4.80555629730225,0.113483875989914,0.0710202232003212,0.0331168919801712,0.990444779396057
360.167144775391,0.00304598361253738,0.0371278636157513,0.223621040582657,12.5991840362549,8.42078590393066,4.57862710952759,0.112258799374104,0.0685462579131126,0.0315474309027195,0.990809857845306
360.680511474609,0.00376702472567558,0.0374639593064785,0.223979339003563,12.5650205612183,8.79590797424316,4.69305038452148,0.112137980759144,0.0716917291283607,0.0321929231286049,0.990580141544342
361.212158203125,0.00662592425942421,0.0368361584842205,0.224866181612015,12.7153539657593,8.82126331329346,4.57097673416138,0.113367035984993,0.0719673857092857,0.0310069136321545,0.990458071231842
361.739776611328,0.0138912731781602,0.0367980189621449,0.228805363178253,12.9324398040771,8.82293701171875,4.20398283004761,0.115011513233185,0.0722594559192657,0.0276805944740772,0.990345776081085
362.255523681641,0.0202688239514828,0.0360137559473515,0.236379459500313,13.3860340118408,8.57502460479736,3.9438362121582,0.118709675967693,0.0702086985111237,0.025371266528964,0.990118741989136
362.761352539063,0.0187377110123634,0.0351353883743286,0.240101501345634,13.7207431793213,8.45113277435303,3.88881134986877,0.121539026498795,0.0690716430544853,0.0247988644987345,0.989869892597198
363.337524414063,0.0101658524945378,0.0357609391212463,0.236847430467606,13.4422807693481,8.78347301483154,4.38647937774658,0.119518436491489,0.0715274140238762,0.0289397183805704,0.989829123020172
363.87548828125,0.0112337432801723,0.0356645584106445,0.231770873069763,13.4263334274292,8.79546070098877,4.30538129806519,0.119333080947399,0.0717219486832619,0.0282378979027271,0.98985767364502
364.391387939453,0.00865482725203037,0.0364049188792706,0.227407097816467,13.1616516113281,8.88755416870117,4.68792963027954,0.117312550544739,0.0722328275442123,0.0316346473991871,0.989959359169006
364.908325195313,0.00340916775166988,0.0366546362638474,0.225140273571014,12.9495468139648,8.89174175262451,4.74936437606812,0.115521259605885,0.0722983703017235,0.0323122180998325,0.990143299102783
365.415435791016,0.0033350232988596,0.0364817641675472,0.225476816296577,13.0791759490967,9.23389530181885,4.75591993331909,0.116740420460701,0.0751910507678986,0.0319280810654163,0.989797294139862
365.958709716797,0.00218689441680908,0.0362057685852051,0.230069011449814,13.1490478515625,9.02913951873779,4.67228412628174,0.117232725024223,0.0734773874282837,0.031363632529974,0.989885807037354
366.491668701172,0.00361118000000715,0.0349546931684017,0.234923914074898,13.5227870941162,9.17567920684814,4.65857934951782,0.120488949120045,0.074595719575882,0.0308210700750351,0.989428102970123
367.018615722656,0.00502676703035831,0.0346204303205013,0.236810803413391,13.7090997695923,9.45063781738281,4.76741933822632,0.122242495417595,0.0767722651362419,0.031330581754446,0.989030420780182
367.527984619141,0.00198915973305702,0.0344409234821796,0.236317411065102,13.7192268371582,9.24952602386475,4.98152589797974,0.122414633631706,0.0748032927513123,0.0333856828510761,0.989092826843262
368.054718017578,0.000847612507641315,0.0346813201904297,0.236044526100159,13.6150789260864,9.26432704925537,5.11849212646484,0.121610254049301,0.074833557009697,0.0346296690404415,0.989146947860718
368.585906982422,0.00602533202618361,0.033958725631237,0.238437563180923,13.9190788269043,9.42930793762207,4.87490749359131,0.124118976294994,0.076378270983696,0.0321223363280296,0.988801777362823
369.100921630859,0.00988681428134441,0.034777395427227,0.238585725426674,13.7219409942627,9.31113338470459,4.52158689498901,0.122152619063854,0.0758246853947639,0.0293478034436703,0.98917543888092
369.684906005859,0.00430972874164581,0.033898588269949,0.239734187722206,13.9993944168091,9.4008617401123,4.76685523986816,0.124731630086899,0.0762140080332756,0.0311602503061295,0.98876816034317
370.193298339844,-0.00344292633235455,0.0343739055097103,0.238046810030937,13.832612991333,9.39190292358398,5.05716419219971,0.123483844101429,0.0758984088897705,0.0338007993996143,0.988862335681915
370.786163330078,-0.00203231815248728,0.0351563915610313,0.229868054389954,13.5041599273682,9.95252895355225,5.10587406158447,0.120850972831249,0.0808386579155922,0.0338781960308552,0.988793432712555
371.289398193359,0.00232693459838629,0.0352241583168507,0.227146670222282,13.5221366882324,9.77553081512451,4.86052942276001,0.120783425867558,0.0795615687966347,0.0319333933293819,0.98896998167038
371.825134277344,-0.00072324275970459,0.0350382328033447,0.226561352610588,13.5865983963013,9.75480556488037,5.00514888763428,0.121433548629284,0.0792002603411674,0.0331530161201954,0.988879203796387
372.385925292969,-0.0102506503462791,0.0332049466669559,0.228350713849068,13.7932739257813,10.6634387969971,5.15233469009399,0.123584575951099,0.0867823734879494,0.033282533288002,0.987971723079681
372.913208007813,0.00488278176635504,0.034547533839941,0.232677310705185,13.2512493133545,8.42271900177002,4.61640596389771,0.117914371192455,0.0682518556714058,0.0314315780997276,0.990176737308502
373.425689697266,0.0148261375725269,0.0342783518135548,0.240356341004372,14.1373538970947,8.38981246948242,4.57686519622803,0.125530064105988,0.0676350668072701,0.0305258799344301,0.989310801029205
373.937255859375,0.0125540588051081,0.0362191312015057,0.226737827062607,13.4218721389771,8.82873821258545,4.60302639007568,0.119489401578903,0.0717010721564293,0.0307773482054472,0.989764630794525
374.482208251953,0.000237404368817806,0.0378369092941284,0.206946849822998,12.2596092224121,9.83722114562988,4.70541429519653,0.10979800671339,0.0808111354708672,0.0315181650221348,0.990161895751953
374.998596191406,-0.00578417349606752,0.0365589931607246,0.218022719025612,12.6325922012329,9.94086360931396,5.21429872512817,0.113407030701637,0.0810409635305405,0.0355193167924881,0.989600777626038
375.516357421875,0.00321670528501272,0.0354822762310505,0.22766025364399,13.1894149780273,10.1193323135376,4.86662149429321,0.118014328181744,0.0826736316084862,0.0318918153643608,0.989050328731537
376.0419921875,0.00414127670228481,0.0343156754970551,0.234418645501137,13.6020431518555,9.96759033203125,4.75848007202148,0.121453322470188,0.0812908113002777,0.0307867862284184,0.988783657550812
376.57373046875,-0.00390771869570017,0.0336165279150009,0.230877697467804,13.4740190505981,10.7791023254395,4.80456924438477,0.120600774884224,0.0883007645606995,0.0304329749196768,0.988297641277313
377.092041015625,-0.00454274658113718,0.0332267582416534,0.230105519294739,13.2365379333496,11.2403945922852,4.92571353912354,0.118774235248566,0.0922623947262764,0.0312033593654633,0.988132953643799
377.606353759766,0.00807426683604717,0.0329546891152859,0.237914726138115,13.3093376159668,10.4336624145508,4.73260927200317,0.119035318493843,0.0854706764221191,0.0303121544420719,0.988739907741547
378.116760253906,0.0110285375267267,0.03448586165905,0.240745902061462,12.7712154388428,9.56218147277832,4.68424463272095,0.114124745130539,0.0782333537936211,0.0312092378735542,0.989889442920685
378.66015625,0.0232288464903831,0.0334407836198807,0.240278631448746,13.1372766494751,9.11428451538086,4.51251459121704,0.117050804197788,0.0743812322616577,0.0299049746245146,0.989884972572327
379.165374755859,0.0245488844811916,0.0334273241460323,0.244120746850967,13.4761018753052,8.79716777801514,4.27712106704712,0.119745403528214,0.0717461779713631,0.0279570501297712,0.989814102649689
379.686553955078,0.0191639065742493,0.0333088785409927,0.243617922067642,13.6150636672974,9.12266731262207,4.66465759277344,0.121274724602699,0.0740915909409523,0.0308618955314159,0.989368736743927
380.27685546875,0.00919687189161777,0.0339887514710426,0.233783632516861,13.4669437408447,9.43309783935547,5.23933124542236,0.12046404927969,0.0762329548597336,0.0356058515608311,0.989145696163177
380.790557861328,0.00945363007485867,0.0362062826752663,0.228215605020523,12.8528413772583,9.60184574127197,5.11024236679077,0.115131258964539,0.0781130492687225,0.0347866378724575,0.989663124084473
381.29638671875,0.00944997370243073,0.0346588604152203,0.235409438610077,13.2069664001465,9.10782814025879,5.1165566444397,0.118040665984154,0.0736750289797783,0.0350780710577965,0.989650428295135
381.828674316406,0.00927606038749218,0.0340380109846592,0.237212255597115,13.3912019729614,9.22304821014404,5.39909362792969,0.119848914444447,0.0742887780070305,0.0372621677815914,0.989307343959808
382.339569091797,0.00923192128539085,0.0335357300937176,0.235874339938164,13.5836200714111,9.23765563964844,5.40030145645142,0.12151400744915,0.0743194743990898,0.0371139235794544,0.989107429981232
382.844970703125,0.00285179540514946,0.0338991023600101,0.235927924513817,13.5370454788208,9.00665473937988,5.82687330245972,0.121305696666241,0.0718970596790314,0.0410751588642597,0.989155471324921
383.349792480469,-0.000331447459757328,0.033565241843462,0.235428839921951,13.5287971496582,9.14071941375732,5.98125839233398,0.121380865573883,0.0728950947523117,0.0422718413174152,0.989022791385651
383.860412597656,0.000715157017111778,0.0332047380506992,0.23352637887001,13.5878925323486,9.17621326446533,5.90629863739014,0.121855556964874,0.0732496678829193,0.0415432490408421,0.988969147205353
384.378387451172,-0.00339619629085064,0.0330820083618164,0.232396021485329,13.5568685531616,8.8975944519043,6.2396559715271,0.121692270040512,0.0705074369907379,0.0447392910718918,0.989049077033997
384.899444580078,-0.0044420063495636,0.0326451845467091,0.233303546905518,13.6771860122681,8.96035480499268,6.21145629882813,0.12273658066988,0.0710130482912064,0.0443412102758884,0.988901853561401
385.418853759766,-0.00948165822774172,0.0325701199471951,0.2343380600214,13.7043828964233,8.94046878814697,6.53885078430176,0.123165212571621,0.0704749003052711,0.0471677631139755,0.988756239414215
385.992767333984,-0.00835618935525417,0.0319752544164658,0.237928241491318,13.9464235305786,9.02752304077148,6.50085163116455,0.125263243913651,0.0711283832788467,0.046567190438509,0.988474249839783
386.561401367188,-0.00934422761201859,0.0311130899935961,0.240466922521591,14.2191019058228,8.79547595977783,6.62605476379395,0.127593576908112,0.0688313841819763,0.0477032959461212,0.988284647464752
387.071472167969,-0.00268128886818886,0.0320496074855328,0.234357938170433,13.879753112793,8.65543270111084,6.16323852539063,0.124335952103138,0.0683229193091393,0.0441078506410122,0.988902032375336
387.580291748047,0.000588242895901203,0.0322517640888691,0.230286613106728,13.7476797103882,8.50299453735352,6.12825012207031,0.123117841780186,0.0671165511012077,0.0440633296966553,0.989138960838318
388.1025390625,0.00211485661566257,0.032165914773941,0.229828953742981,13.7443771362305,8.49866485595703,6.08219623565674,0.12306073307991,0.067130409181118,0.0436727441847324,0.989162385463715
388.624176025391,0.000821131281554699,0.0315406806766987,0.234315499663353,14.0865125656128,8.6025505065918,6.18436765670776,0.126110464334488,0.0677308514714241,0.0442016310989857,0.988713800907135
389.197296142578,-0.00354522187262774,0.0314044617116451,0.233686029911041,14.0339384078979,8.38163185119629,6.66770601272583,0.125848427414894,0.0653229504823685,0.0486515983939171,0.988700211048126
389.712463378906,-0.00383564736694098,0.0309083610773087,0.23332966864109,14.2633771896362,8.54249668121338,6.5403904914856,0.1278195977211,0.0667193233966827,0.0472147054970264,0.988423764705658
390.257965087891,-0.0122265759855509,0.0317184589803219,0.230770885944366,13.7932043075562,7.66979217529297,6.43854188919067,0.123348742723465,0.0595647357404232,0.0476078242063522,0.989429473876953
390.772979736328,-0.0131451236084104,0.0321639478206635,0.231946438550949,13.7263011932373,8.79647064208984,6.58985328674316,0.123325578868389,0.0691649317741394,0.0477467551827431,0.988800942897797
391.293151855469,-0.0077404472976923,0.0333303362131119,0.227999120950699,13.1776752471924,8.41852951049805,6.60403060913086,0.118443951010704,0.0662023052573204,0.0486562289297581,0.989555895328522
391.811584472656,-0.00358662009239197,0.0328036546707153,0.229577124118805,13.5056867599487,8.22777938842773,6.49743795394897,0.121132522821426,0.0644805580377579,0.0477102920413017,0.989390194416046
392.411560058594,-0.012696597725153,0.0326768197119236,0.232067137956619,13.5383195877075,8.468017578125,7.14633083343506,0.121888525784016,0.0658470243215561,0.0530343353748322,0.988936185836792
392.915832519531,-0.0102055799216032,0.0316640585660934,0.236128479242325,13.95046043396,8.26248550415039,7.13308954238892,0.125338464975357,0.0638347417116165,0.0528551265597343,0.988646388053894
393.440734863281,-0.0101311951875687,0.0317150242626667,0.23478139936924,13.9376640319824,8.14057159423828,7.28379392623901,0.125254333019257,0.0626260489225388,0.0542974174022675,0.988656222820282
393.952758789063,-0.0115019865334034,0.0312365256249905,0.235145732760429,14.0584850311279,8.08907413482666,7.38947582244873,0.126328349113464,0.0619899109005928,0.0551835745573044,0.988510608673096
394.454162597656,-0.0129350470378995,0.0308966692537069,0.236545711755753,14.1429538726807,8.23479461669922,7.41842555999756,0.127142131328583,0.06316127628088,0.0552143305540085,0.988330364227295
394.981475830078,-0.0152198672294617,0.0309692844748497,0.236058756709099,14.1504364013672,8.21127319335938,7.54974889755249,0.127267315983772,0.0628078430891037,0.0563678815960884,0.988271653652191
395.530242919922,-0.0169899091124535,0.0304770730435848,0.237432807683945,14.3227729797363,8.21960163116455,7.59889268875122,0.128782689571381,0.062713123857975,0.0566634312272072,0.988064467906952
396.053161621094,-0.0159494858235121,0.029760304838419,0.241107255220413,14.6522960662842,8.28688430786133,7.66403150558472,0.131689012050629,0.0630037263035774,0.0569196157157421,0.987648069858551
396.585327148438,-0.0107976123690605,0.0296557545661926,0.240236237645149,14.7471294403076,8.29732227325439,7.44187116622925,0.132388040423393,0.0632881224155426,0.0549266450107098,0.987649321556091
397.092437744141,-0.00694269221276045,0.0303417462855577,0.238665863871574,14.0017747879028,8.28380012512207,7.18405199050903,0.125818952918053,0.0639311745762825,0.0532360412180424,0.988558709621429
397.600708007813,-0.00179270189255476,0.0286892428994179,0.251781135797501,14.8559913635254,7.94253778457642,7.06106376647949,0.132953986525536,0.0606026947498322,0.0519805587828159,0.987901091575623
398.181365966797,0.00937147065997124,0.0272229090332985,0.246902525424957,15.2435312271118,6.72158575057983,6.27353811264038,0.135385930538177,0.0507731586694717,0.046379167586565,0.988403677940369
398.779113769531,0.0114476531744003,0.0273783057928085,0.233044266700745,15.2326536178589,5.10190057754517,6.38496017456055,0.134658798575401,0.0366728194057941,0.0492545962333679,0.988987445831299
399.315856933594,0.013061816804111,0.0294436197727919,0.245158433914185,15.4857292175293,4.10005664825439,4.80295610427856,0.136008277535439,0.029773173853755,0.036677572876215,0.989580810070038
399.824981689453,0.00762761011719704,0.025740209966898,0.262555658817291,16.0850830078125,2.63267493247986,3.59056186676025,0.140515342354774,0.0183533374220133,0.0277996622025967,0.9895179271698
400.413543701172,-0.0025026798248291,0.0235405396670103,0.271658539772034,16.7764282226563,3.15607976913452,4.06101274490356,0.14669793844223,0.0220600217580795,0.0310244932770729,0.988448560237885
400.994934082031,-0.0123499259352684,0.0232490599155426,0.272773265838623,16.7746849060059,3.25458836555481,4.49081087112427,0.146794408559799,0.0223599039018154,0.0346059612929821,0.988308608531952
401.569976806641,-0.0116494474932551,0.0244386196136475,0.269120067358017,16.4796047210693,3.21737456321716,4.62882137298584,0.144265085458755,0.0219754539430141,0.0359304063022137,0.988642394542694
402.080657958984,-0.0183128453791142,0.0259068515151739,0.267909169197083,16.5306434631348,4.02946090698242,5.39603137969971,0.145146816968918,0.0279899593442678,0.0415057390928268,0.988142848014832
402.599700927734,-0.0143001852557063,0.0278807673603296,0.257428079843521,15.7141313552856,5.75991725921631,6.0495867729187,0.138965770602226,0.0424981713294983,0.0453478395938873,0.988345086574554
403.109466552734,-0.00898709148168564,0.028431598097086,0.249968722462654,15.4233903884888,5.74262237548828,6.08517265319824,0.136465847492218,0.0424562990665436,0.045819703489542,0.988673448562622
403.63671875,-0.0071498230099678,0.0283476952463388,0.254500597715378,15.2538003921509,5.55251884460449,6.16948127746582,0.134957298636436,0.040804099291563,0.0468550249934196,0.988901495933533
404.2275390625,-0.0108908154070377,0.0272862687706947,0.260524928569794,15.7925453186035,5.55511474609375,6.62004423141479,0.139761209487915,0.0399961657822132,0.0504778772592545,0.988088607788086
404.803955078125,-0.018884913995862,0.0301827788352966,0.242692574858665,14.6406402587891,5.618896484375,7.20749473571777,0.130067333579063,0.0405196100473404,0.0560356453061104,0.989090800285339
405.317474365234,-0.0217865072190762,0.0297835506498814,0.246589571237564,14.7269124984741,6.28307199478149,7.29615592956543,0.131169378757477,0.0460980869829655,0.0559989474713802,0.988703012466431
405.827819824219,-0.0234684217721224,0.0279604755342007,0.2532739341259,15.3669080734253,6.68326187133789,7.10281562805176,0.136794611811638,0.0493872985243797,0.0535052344202995,0.987919747829437
406.330688476563,-0.0222769491374493,0.0246531218290329,0.256328821182251,16.1173076629639,5.68912696838379,6.80733394622803,0.142684310674667,0.0407372005283833,0.0517668351531029,0.987573742866516
406.835601806641,-0.0189173668622971,0.023270096629858,0.254095613956451,16.7205867767334,3.81795358657837,5.95902395248413,0.146833389997482,0.0253598298877478,0.0465610586106777,0.987739324569702
407.420379638672,-0.0221652425825596,0.0230394918471575,0.251546412706375,16.7596015930176,3.56303882598877,6.50820541381836,0.147174835205078,0.0224383696913719,0.0516077689826488,0.987508356571198
408.004150390625,-0.0198875404894352,0.0212437398731709,0.260627716779709,17.2699337005615,3.02054786682129,5.8791389465332,0.151225388050079,0.018326323479414,0.0467318780720234,0.987223982810974
408.506713867188,-0.022214699536562,0.0201211664825678,0.265395045280457,17.6259365081787,2.85169267654419,6.32092332839966,0.154284790158272,0.0161077603697777,0.0506581813097,0.986595392227173
409.016296386719,-0.0208876915276051,0.0200425758957863,0.266247987747192,17.7147274017334,2.60626840591431,6.31976366043091,0.15493993461132,0.0139513676986098,0.0509545691311359,0.986510336399078
409.530578613281,-0.0194853134453297,0.0200602449476719,0.267040103673935,17.7022666931152,2.40365099906921,6.27060222625732,0.15473710000515,0.0122796893119812,0.0508083738386631,0.986571967601776
410.052947998047,-0.0268284045159817,0.0210875067859888,0.268489897251129,17.4750518798828,2.96201300621033,7.15659332275391,0.153155758976936,0.0160180125385523,0.0577490441501141,0.986383199691772
410.574951171875,-0.0248629674315453,0.0217876359820366,0.265712827444077,17.3530235290527,3.60281944274902,6.93235683441162,0.152383998036385,0.021902633830905,0.0550043657422066,0.986546456813812
411.157409667969,-0.0225234478712082,0.0219566114246845,0.265771299600601,17.1625213623047,3.76939010620117,7.18294286727905,0.150875464081764,0.0231142845004797,0.0570095218718052,0.986636877059937
411.666748046875,-0.0218425579369068,0.0224819928407669,0.260203927755356,16.9186210632324,3.57957577705383,7.34269762039185,0.148711666464806,0.0214142706245184,0.0587206296622753,0.986903309822083
412.202117919922,-0.0148898363113403,0.024616003036499,0.250260472297668,16.1028327941895,3.65627026557922,7.30846452713013,0.141718983650208,0.0226005744189024,0.058615680783987,0.987911522388458
412.721374511719,-0.015305183827877,0.0250479411333799,0.254717707633972,15.8829593658447,3.97897362709045,7.30819416046143,0.139988929033279,0.0255131665617228,0.0582968518137932,0.988106191158295
413.235717773438,-0.0204553864896297,0.0254336949437857,0.260899245738983,15.9643583297729,4.23771142959595,7.40620374679565,0.140845194458961,0.0275752674788237,0.0587933696806431,0.987899601459503
413.742828369141,-0.0239960886538029,0.0251029320061207,0.263875484466553,16.0862331390381,4.91759729385376,7.42849159240723,0.14224761724472,0.0333341024816036,0.05809411033988,0.987562417984009
414.263122558594,-0.0283819269388914,0.0245639961212873,0.264262706041336,16.0279865264893,5.01723718643188,7.82738256454468,0.141914799809456,0.0337346792221069,0.06143444404006,0.987394571304321
414.767547607422,-0.0341767743229866,0.0248907282948494,0.258342564105988,15.7098045349121,4.90893459320068,8.6544246673584,0.139351204037666,0.032000470906496,0.0688397586345673,0.987328886985779
415.269317626953,-0.0325573608279228,0.0244254097342491,0.260955393314362,16.0661525726318,4.89494132995605,8.29230213165283,0.142309069633484,0.0320792943239212,0.0655741393566132,0.987126708030701
415.838592529297,-0.0325082167983055,0.0224447418004274,0.265792965888977,16.9197788238525,4.87404441833496,8.0273323059082,0.149567306041718,0.0316673628985882,0.0629299357533455,0.986238658428192
416.363830566406,-0.0314975753426552,0.0223790407180786,0.265377968549728,16.8538990020752,4.87117767333984,7.97233009338379,0.148983985185623,0.0317575484514236,0.0624902583658695,0.98635196685791
416.876892089844,-0.0229622237384319,0.0241995602846146,0.260357111692429,16.1908645629883,8.04995632171631,5.36305236816406,0.14357228577137,0.0628437623381615,0.0363302379846573,0.986974060535431
417.380218505859,-0.00370482262223959,0.0284227952361107,0.249877944588661,14.5453863143921,14.2350616455078,1.3124805688858,0.127015799283981,0.121461495757103,-0.00441073253750801,0.984426140785217
417.909271240234,-0.00919485092163086,0.029632568359375,0.240958482027054,13.9178380966187,12.7196187973022,1.3576945066452,0.121706329286098,0.108521454036236,-0.00173172529321164,0.986614286899567
418.494140625,-0.0150124933570623,0.0253536030650139,0.25423663854599,16.0809879302979,11.7235689163208,1.96052658557892,0.140851229429245,0.0987298488616943,0.00256823282688856,0.985092282295227
419.065887451172,-0.017953235656023,0.0261482130736113,0.249946564435959,15.8188619613647,11.4555034637451,2.1072108745575,0.138715073466301,0.0963178873062134,0.00439084367826581,0.985627591609955
419.569000244141,-0.0224083159118891,0.0262746326625347,0.248238727450371,15.7446308135986,11.2218399047852,2.30921483039856,0.138233602046967,0.0940847918391228,0.00647600879892707,0.985899388790131
420.094787597656,-0.0236046984791756,0.026759497821331,0.248478442430496,15.6547508239746,11.4673252105713,2.43883848190308,0.137583181262016,0.0960673391819,0.00737473275512457,0.985792875289917
420.666595458984,-0.0183610189706087,0.0251284781843424,0.252073287963867,16.3289356231689,12.0661067962646,2.24044466018677,0.143235489726067,0.101255960762501,0.00432174606248736,0.984485745429993
421.18212890625,-0.0126079460605979,0.0246343724429607,0.25455042719841,16.4113903045654,12.2539319992065,2.14384937286377,0.143863454461098,0.102966010570526,0.00317931873723865,0.98422110080719
421.685913085938,-0.00873498804867268,0.0242820587009192,0.261430442333221,16.573802947998,12.4042148590088,2.31172490119934,0.145413786172867,0.103995725512505,0.00427673617377877,0.983880817890167
422.191986083984,0.00148822739720345,0.0264143645763397,0.259861052036285,15.873592376709,13.6683549880981,2.41209840774536,0.139549791812897,0.114944621920586,0.0042707952670753,0.983511745929718
422.695983886719,0.0101396813988686,0.0259886924177408,0.261913239955902,16.2101097106934,14.8373222351074,1.85444700717926,0.141858652234077,0.125549674034119,-0.00231521390378475,0.981890082359314
423.27490234375,0.00552670937031507,0.0267589055001736,0.264209419488907,15.9645261764526,14.1797132492065,2.41228628158569,0.140347093343735,0.119302116334438,0.00355036254040897,0.982882022857666
423.850677490234,0.00367647502571344,0.0256966352462769,0.262496292591095,16.3179187774658,13.9608125686646,2.36178660392761,0.143317312002182,0.11737110465765,0.00300534977577627,0.982687711715698
424.417724609375,-0.00061684288084507,0.0267335548996925,0.256848365068436,16.0457191467285,13.3996362686157,2.80770015716553,0.141403779387474,0.112095035612583,0.00781570468097925,0.983554065227509
424.923889160156,-0.00221404898911715,0.0260386038571596,0.257920116186142,16.2588310241699,13.289008140564,3.13673949241638,0.143542140722275,0.110658712685108,0.0105565926060081,0.983381330966949
425.443298339844,-0.00318838749080896,0.0268123466521502,0.254895389080048,15.9408798217773,12.9472131729126,3.38536715507507,0.141016095876694,0.107537873089314,0.0134400157257915,0.984057664871216
426.023712158203,-0.00968559738248587,0.031409315764904,0.25113981962204,14.6898622512817,11.9136991500854,4.66222858428955,0.131233409047127,0.0976708680391312,0.0268663819879293,0.986162483692169
426.601776123047,-0.00265350751578808,0.0289966110140085,0.257569670677185,15.5742893218994,11.8176879882813,4.19165182113647,0.138413354754448,0.0969997197389603,0.0221019759774208,0.985365152359009
427.173431396484,-0.00106449611485004,0.0294848158955574,0.25652602314949,15.2763137817383,11.4017705917358,4.15227222442627,0.135738983750343,0.0935977026820183,0.0225338488817215,0.98605614900589
427.754211425781,-0.00273448787629604,0.025820592418313,0.248700737953186,16.70654296875,11.4840717315674,4.57307529449463,0.148381471633911,0.093142531812191,0.0247524231672287,0.984222948551178
428.291778564453,0.000769660808146,0.0281762927770615,0.247664093971252,15.582576751709,11.2515249252319,3.96643400192261,0.138192340731621,0.0923983752727509,0.0208406113088131,0.985865652561188
428.832977294922,-0.0136051466688514,0.0321924686431885,0.243117988109589,13.6467361450195,10.1486558914185,4.73300075531006,0.121868655085564,0.082860067486763,0.0303388833999634,0.988616108894348
429.415588378906,0.0205224119126797,0.0424714386463165,0.235631063580513,11.1026754379272,11.9673643112183,355.285675048828,0.0918617621064186,0.107625514268875,-0.0507886335253716,0.988634765148163
429.98681640625,0.0133424671366811,0.0402010306715965,0.251140981912613,11.9847612380981,11.0918188095093,357.259399414063,0.101579323410988,0.0985725820064545,-0.0337582416832447,0.989356100559235
430.494293212891,0.0125828869640827,0.0386965870857239,0.255113184452057,12.3955907821655,11.3506832122803,358.105285644531,0.105791710317135,0.100076302886009,-0.0270315054804087,0.988970279693604
431.071441650391,0.0108574200421572,0.0395497344434261,0.245385825634003,11.9405899047852,11.196982383728,358.734558105469,0.102438926696777,0.0981647297739983,-0.0210769586265087,0.989659368991852
431.658081054688,0.0094313807785511,0.0394676178693771,0.241596251726151,11.8511791229248,11.2095632553101,359.201538085938,0.102063864469528,0.0978576317429543,-0.0169798545539379,0.989807307720184
432.159057617188,0.00571194663643837,0.0384036600589752,0.245542123913765,12.2321348190308,10.5028343200684,359.682769775391,0.105843365192413,0.0912986546754837,-0.0124925086274743,0.990103900432587
432.734008789063,0.00527304969727993,0.0374765656888485,0.249633505940437,12.5131340026855,11.1114854812622,359.987548828125,0.108458414673805,0.0962492674589157,-0.0106583787128329,0.98937314748764
433.331848144531,2.33948230743408E-06,0.0377470776438713,0.249025136232376,12.3116035461426,10.8845233917236,0.498723566532135,0.107158429920673,0.0938302725553513,-0.00586253730580211,0.98978716135025
433.909790039063,-0.001250428147614,0.0381316654384136,0.246204435825348,12.2191228866577,10.765962600708,0.782363653182983,0.106595017015934,0.0925541520118713,-0.00322560057975352,0.989980220794678
434.477264404297,0.000864035449922085,0.0381587967276573,0.246178328990936,12.2106256484985,10.6794052124023,0.664914846420288,0.106429867446423,0.0919167101383209,-0.00415291031822562,0.99005389213562
434.986145019531,0.00282266363501549,0.0383306555449963,0.246390670537949,12.09827709198,10.6947660446167,0.717191517353058,0.105500690639019,0.0920166000723839,-0.00362401665188372,0.990146160125732
435.529418945313,-0.00216567423194647,0.0383180379867554,0.244062751531601,12.0358428955078,10.1882991790771,0.912589907646179,0.105125337839127,0.0874688550829887,-0.00142008240800351,0.990603804588318
436.078399658203,-0.000282915309071541,0.037712886929512,0.241067096590996,12.3793773651123,10.3178339004517,1.12576460838318,0.108256690204144,0.0883350446820259,3.2577332603978E-05,0.99019068479538
436.665344238281,0.00461648032069206,0.0381316430866718,0.241113349795341,12.4304113388062,10.381329536438,0.97651618719101,0.108581729233265,0.0890164971351624,-0.00135746994055808,0.990093052387238
437.178833007813,0.0036249328404665,0.0374329909682274,0.238123506307602,12.4347734451294,10.5282640457153,1.35465753078461,0.108914911746979,0.0899263545870781,0.00176662101875991,0.989973604679108
437.747497558594,0.00278120674192905,0.0384670943021774,0.2342529296875,11.8820848464966,10.5218982696533,1.45881140232086,0.104221649467945,0.0898799449205399,0.00311866868287325,0.990479528903961
438.325805664063,0.00289218872785568,0.0424621812999249,0.24243937432766,10.3913812637329,9.57071208953857,2.07840585708618,0.0917339622974396,0.081430047750473,0.0104456748813391,0.992393553256989
438.827789306641,0.00499194301664829,0.0354505777359009,0.246848836541176,13.4266567230225,9.40245819091797,1.21341109275818,0.117363832890987,0.0801596716046333,0.000900111743248999,0.989848136901855
439.334259033203,-0.00401456281542778,0.0354569740593433,0.250247210264206,13.2675848007202,9.92342567443848,1.60240733623505,0.116280168294907,0.0842932388186455,0.0038469061255455,0.989625573158264
439.906280517578,-0.00650643557310104,0.0344862900674343,0.254072636365891,13.506950378418,9.55602645874023,1.54134857654572,0.118290945887566,0.0811337530612946,0.00351619278080761,0.989652574062347
440.418579101563,-0.00407862570136786,0.0335534103214741,0.251053363084793,13.7050609588623,10.2181444168091,1.97879636287689,0.120349250733852,0.0863506123423576,0.00645234109833837,0.988947927951813
440.922485351563,-0.00211335532367229,0.0336465388536453,0.247884467244148,13.5631732940674,10.1700553894043,2.07473921775818,0.119194269180298,0.0858699977397919,0.00744248228147626,0.989122688770294
441.520141601563,-0.00194742064923048,0.0312743820250034,0.250387489795685,13.8635053634644,9.68705081939697,2.50256848335266,0.122057691216469,0.0811716020107269,0.0114125143736601,0.989132463932037
442.066833496094,-0.0235381722450256,0.0328875705599785,0.22905570268631,13.3339252471924,7.44716644287109,3.55518269538879,0.11779810488224,0.060879111289978,0.0232089068740606,0.990897953510284
442.582672119141,-0.0186425112187862,0.0359075777232647,0.224797427654266,11.9734449386597,7.41122150421143,3.76766133308411,0.106136679649353,0.0608213767409325,0.025888342410326,0.992152035236359
443.091735839844,-0.0120301162824035,0.0343668013811111,0.225278422236443,12.9484453201294,7.76953983306885,3.64172196388245,0.114579327404499,0.0637094751000404,0.0238641053438187,0.991081833839417
443.670257568359,-0.0100760562345386,0.0347467698156834,0.227905556559563,12.8907318115234,7.61497020721436,3.88290238380432,0.114179119467735,0.062152024358511,0.0261398125439882,0.991169512271881
444.175109863281,-0.0138403475284576,0.0343897342681885,0.229820787906647,13.0342092514038,7.5566611289978,3.87563586235046,0.115402236580849,0.0616036206483841,0.0260483585298061,0.991064488887787
444.761413574219,-0.0248574502766132,0.0334616228938103,0.229620441794395,13.2246742248535,7.827880859375,4.1449499130249,0.117259360849857,0.0636050626635551,0.0279844403266907,0.990667223930359
445.347045898438,-0.0265583228319883,0.0332176424562931,0.227681189775467,13.118857383728,7.68436002731323,4.15614366531372,0.116315901279449,0.0623930767178535,0.0282933227717876,0.990846753120422
445.919708251953,-0.0214609280228615,0.033441286534071,0.230506286025047,13.2138690948486,8.01284122467041,4.00505971908569,0.11713133752346,0.0653511732816696,0.0265927854925394,0.990607082843781
446.442321777344,-0.0187376141548157,0.0331422574818134,0.231176868081093,13.2732601165771,7.85088014602661,3.87108182907104,0.117531970143318,0.0640664249658585,0.0255627520382404,0.990670680999756
447.017944335938,-0.0161709766834974,0.033380676060915,0.228902578353882,13.0795955657959,7.79760599136353,3.79454231262207,0.115803919732571,0.0637529715895653,0.0250761564821005,0.990906774997711
447.519470214844,-0.0131235085427761,0.0329262502491474,0.229829490184784,13.2749710083008,7.7647819519043,3.66983199119568,0.117416135966778,0.0635277628898621,0.0239100158214569,0.990760326385498
448.028991699219,-0.00770321395248175,0.0329009741544724,0.232208326458931,13.2941102981567,8.30178833007813,3.31218814849854,0.117478914558887,0.0685303062200546,0.0202556140720844,0.990500926971436
448.612518310547,-0.00176195427775383,0.0319025218486786,0.239736840128899,13.7925987243652,8.34499073028564,3.14671969413757,0.12169261276722,0.0689177140593529,0.0184528343379498,0.990000367164612
449.112884521484,-0.000905840657651424,0.0314945206046104,0.24647131562233,14.2647619247437,6.79769611358643,2.80637621879578,0.125347256660461,0.0557747855782509,0.0168966613709927,0.990399837493896
449.631286621094,-0.00240378454327583,0.0304672997444868,0.24963653087616,14.5310621261597,6.5819206237793,3.21874761581421,0.127808824181557,0.0533771067857742,0.0205565132200718,0.99014812707901
450.147766113281,-0.00237441062927246,0.0306530073285103,0.249012291431427,14.4199361801147,6.76932668685913,3.32857608795166,0.126935198903084,0.0549088940024376,0.021356675773859,0.990159749984741
450.722808837891,-0.00426866207271814,0.030435474589467,0.248181730508804,14.5539350509644,6.7416787147522,3.40125918388367,0.128121942281723,0.0545464418828487,0.0219428017735481,0.990014135837555
451.304748535156,-0.00795523170381784,0.0300614535808563,0.24750816822052,14.612886428833,6.66765213012695,3.73141431808472,0.128771543502808,0.0535171739757061,0.0248461663722992,0.989917397499084
451.830230712891,-0.0116743743419647,0.030552864074707,0.247580736875534,14.5686588287354,6.64465188980103,4.0263237953186,0.128521487116814,0.0530031844973564,0.0274434722959995,0.989909052848816
452.401885986328,-0.00747305527329445,0.0298329591751099,0.251738041639328,14.7344732284546,6.5892219543457,3.83720588684082,0.129853010177612,0.0526777841150761,0.0257832407951355,0.989797234535217
452.903472900391,-0.00481342524290085,0.0298730209469795,0.249605894088745,14.6841926574707,6.79974174499512,3.80937886238098,0.129452854394913,0.0545453913509846,0.025331960991025,0.989760100841522
453.488128662109,-0.00406262278556824,0.029941201210022,0.246604010462761,14.6509971618652,6.63035821914673,3.76656198501587,0.129108816385269,0.0531422384083271,0.0251712501049042,0.98988550901413
454.066284179688,-0.00436946656554937,0.0303298570215702,0.244074761867523,14.5161685943604,6.6166672706604,3.72671556472778,0.127923116087914,0.0531153604388237,0.024914626032114,0.990047335624695
454.655029296875,-0.00599394645541906,0.0311350710690022,0.242866486310959,14.4157066345215,6.46084213256836,4.10075235366821,0.127189874649048,0.0513885766267776,0.0283731762319803,0.990139901638031
455.253967285156,-0.0060075493529439,0.031133059412241,0.243896335363388,14.4403533935547,6.75646877288818,4.05296277999878,0.127452939748764,0.0539867393672466,0.0276185553520918,0.989989101886749
455.772186279297,-0.0104693919420242,0.0309389848262072,0.246156021952629,14.5137119293213,6.76645374298096,4.15873908996582,0.128138601779938,0.0539275705814362,0.0284808874130249,0.989879369735718
456.287902832031,-0.0119197638705373,0.031341128051281,0.246990039944649,14.3072690963745,6.77727603912354,4.24503469467163,0.12639944255352,0.054003968834877,0.0293281506747007,0.990074038505554
456.793579101563,0.0146489487960935,0.0347170457243919,0.242011368274689,12.7442264556885,18.7877597808838,1.46919810771942,0.111567571759224,0.160795047879219,-0.00554284127429128,0.980646193027496
457.366760253906,0.0266136899590492,0.0449582673609257,0.241185665130615,7.14749002456665,21.7723865509033,0.258323699235916,0.061636209487915,0.188353091478348,-0.00956271588802338,0.980118691921234
457.961853027344,0.0261964742094278,0.0473817400634289,0.243014514446259,5.67541265487671,20.9918975830078,0.275113761425018,0.0491153746843338,0.181825250387192,-0.00666072638705373,0.982080936431885
458.537048339844,0.0256395116448402,0.0469147562980652,0.242567539215088,5.89713287353516,20.8446712493896,0.294937312602997,0.0510556027293205,0.18053226172924,-0.00677750771865249,0.982219696044922
459.131286621094,0.0248098969459534,0.0474207364022732,0.234338462352753,5.74682521820068,20.6617279052734,0.449928164482117,0.0500196702778339,0.178911700844765,-0.00513191521167755,0.982579469680786
459.715606689453,0.0270673297345638,0.0474292822182178,0.229784935712814,5.83158540725708,20.839900970459,0.374594867229462,0.0506195202469826,0.180462956428528,-0.00598917948082089,0.98226010799408
460.267303466797,0.0401403941214085,0.0615490227937698,0.215623423457146,358.677612304688,28.4371147155762,0.389266490936279,-0.0103518730029464,0.245641618967056,0.00612709810957313,0.96928608417511
460.856872558594,0.0329410098493099,0.0606493055820465,0.224149063229561,359.267211914063,27.5692844390869,0.800789773464203,-0.00454547023400664,0.238305851817131,0.00831042788922787,0.971143960952759
461.432952880859,0.0270110759884119,0.0585388094186783,0.234957426786423,0.011422504670918,26.1736888885498,1.44175052642822,0.00294584129005671,0.226408526301384,0.0122319832444191,0.973951160907745
462.017486572266,0.0202041454613209,0.0590326599776745,0.234727740287781,359.758666992188,26.2191200256348,1.83074152469635,0.00157256389502436,0.22681713104248,0.0160367880016565,0.97380405664444
462.527557373047,0.0193822328001261,0.0588560774922371,0.236300244927406,359.884246826172,26.2486248016357,1.96654057502747,0.00291288224980235,0.227047890424728,0.0169415604323149,0.973731875419617
463.104553222656,0.0195519905537367,0.0581703670322895,0.23487713932991,0.142170533537865,25.7854919433594,2.15199542045593,0.00539918383583426,0.223064467310905,0.018028387799859,0.974622011184692
463.656982421875,0.0212675333023071,0.0585380792617798,0.227896884083748,0.0958987325429916,25.3625831604004,2.01808261871338,0.00468225358054042,0.219479143619537,0.0169969107955694,0.975457906723022
464.165893554688,0.0153464181348681,0.0517576523125172,0.23563215136528,3.64622473716736,19.8545970916748,2.203129529953,0.0346444547176361,0.171676874160767,0.0134436544030905,0.984452188014984
464.679473876953,0.0167831107974052,0.050572719424963,0.236609548330307,4.32903671264648,19.5584201812744,2.06638121604919,0.0402746498584747,0.169032022356987,0.0113428244367242,0.984722077846527
465.200653076172,0.0132326819002628,0.0493168085813522,0.238154858350754,4.96167421340942,18.9557247161865,2.35832357406616,0.0460707917809486,0.163598760962486,0.0131527408957481,0.985362887382507
465.707122802734,0.0118464920669794,0.0472354590892792,0.236411109566689,6.14409828186035,18.5484256744385,2.27679800987244,0.0560779497027397,0.159845471382141,0.0109445154666901,0.985487163066864
466.232299804688,0.0143639538437128,0.0488513112068176,0.242081582546234,7.10906600952148,17.7668914794922,2.57978391647339,0.0647088512778282,0.152709886431694,0.0126264542341232,0.98606950044632
466.807678222656,0.0398390665650368,0.0398065745830536,0.248081684112549,11.4629001617432,12.3467721939087,3.6074686050415,0.102605529129505,0.103821821510792,0.0204029176384211,0.98907881975174
467.388732910156,-0.0167797058820724,0.0370751805603504,0.250205755233765,13.2079601287842,13.2549543380737,2.35936594009399,0.11657377332449,0.112271517515182,0.00704417191445827,0.986790776252747
467.896911621094,-0.0101188123226166,0.0343196392059326,0.215141505002975,10.7526340484619,12.1050386428833,2.47868776321411,0.0954232215881348,0.10293634980917,0.0115366755053401,0.990033030509949
468.442504882813,0.00706484448164701,0.035517081618309,0.21559901535511,10.005989074707,11.0946741104126,2.16292452812195,0.0886014848947525,0.0946444123983383,0.0102852825075388,0.991507172584534
468.965118408203,0.00610974803566933,0.0356376953423023,0.226039975881577,10.0843706130981,11.2043437957764,2.34416508674622,0.0894402340054512,0.0954333022236824,0.0117007922381163,0.991340517997742
469.475036621094,0.00402418151497841,0.0354978740215302,0.229648947715759,9.99465751647949,10.9016227722168,2.5495548248291,0.0887992009520531,0.0926774889230728,0.0137898772954941,0.991632699966431
469.980010986328,0.00256669335067272,0.035870373249054,0.224671706557274,9.57110023498535,10.8000869750977,2.70373940467834,0.0852456763386726,0.0917954072356224,0.0155567964538932,0.99200040102005
470.521148681641,0.00333977304399014,0.0361209623515606,0.220936745405197,9.43384265899658,10.597861289978,2.64267897605896,0.0839820429682732,0.090126596391201,0.015291016548872,0.992265284061432
471.037200927734,0.00241136737167835,0.0358387306332588,0.218803614377975,9.35602474212646,10.5965328216553,2.80868577957153,0.0834387317299843,0.0900149792432785,0.0167932920157909,0.992296993732452
471.62451171875,-0.00230907648801804,0.0353389419615269,0.218738690018654,9.35304355621338,10.7708053588867,3.29685378074646,0.083827517926693,0.0911685153841972,0.0208953712135553,0.992080986499786
472.201873779297,-0.00384312868118286,0.0365869998931885,0.218258619308472,8.72288990020752,11.9496040344238,3.34686779975891,0.0786336436867714,0.101536616683006,0.0210474859923124,0.991495847702026
472.781585693359,0.0028303237631917,0.042083378881216,0.208618998527527,5.43241691589355,17.5102500915527,4.50910377502441,0.0527817495167255,0.15008057653904,0.0316295549273491,0.986757099628448
473.346710205078,0.00396075192838907,0.0443145707249641,0.210498675704002,4.06099987030029,18.5257778167725,4.92700862884521,0.0418515540659428,0.15921176970005,0.0366979464888573,0.98567408323288
473.860443115234,0.0134121989831328,0.0476202666759491,0.212312310934067,2.12777733802795,23.2866344451904,4.91547822952271,0.0268214885145426,0.200818210840225,0.0382490754127502,0.978514015674591
474.360656738281,0.011778068728745,0.049525398761034,0.215414047241211,1.09842777252197,23.6067447662354,4.96906042098999,0.0182408634573221,0.203945249319077,0.040472187101841,0.977975308895111
474.861724853516,0.00808043032884598,0.0498485043644905,0.213649317622185,1.08689713478088,22.7967700958252,4.90390729904175,0.0177437756210566,0.197042122483253,0.0400631576776505,0.979415416717529
475.43798828125,0.00441895332187414,0.0481844395399094,0.213522329926491,1.36022675037384,21.1310443878174,5.60638761520386,0.0206213928759098,0.182556867599487,0.0458990447223186,0.981906890869141
475.948364257813,0.00724283326417208,0.0466010868549347,0.210174083709717,1.94655466079712,19.8648662567139,4.8328709602356,0.0239879880100489,0.17160302400589,0.0385970622301102,0.98411750793457
476.489685058594,0.0156771373003721,0.0446535758674145,0.206294268369675,3.05251121520996,14.6741046905518,4.31076622009277,0.0311995353549719,0.126576855778694,0.0338894352316856,0.990886688232422
476.991912841797,0.0227451100945473,0.0477217398583889,0.199001669883728,0.462425112724304,19.0281848907471,4.16195631027222,0.00997923407703638,0.165035292506218,0.0351455993950367,0.985610723495483
477.570129394531,0.0169168747961521,0.0482582785189152,0.201924398541451,0.0974725037813187,18.849401473999,4.8259973526001,0.00773268844932318,0.163570687174797,0.0413948334753513,0.985632479190826
478.089263916016,0.0163259170949459,0.0472716018557549,0.20555268228054,0.416322112083435,19.0817756652832,5.11911153793335,0.0109813064336777,0.165424957871437,0.0434382110834122,0.985204100608826
478.622711181641,0.00526821613311768,0.0386027097702026,0.220379188656807,6.40552759170532,10.7393131256104,6.155601978302,0.0605609454214573,0.0903135240077972,0.0481520146131516,0.992903411388397
479.129913330078,0.0047882366925478,0.0358434654772282,0.229912847280502,9.6009349822998,8.62452030181885,6.16704130172729,0.0873587653040886,0.0703309997916222,0.0471677631139755,0.992570996284485
479.668029785156,0.0116413068026304,0.032418504357338,0.224165558815002,11.0386114120483,7.94771766662598,4.72163820266724,0.098709911108017,0.064969077706337,0.034243032336235,0.99240255355835
480.184295654297,0.00728091411292553,0.0335286930203438,0.230827286839485,10.2810821533203,8.72224617004395,5.51111555099487,0.0928773581981659,0.0713540613651276,0.0409375578165054,0.992273390293121
480.685913085938,0.00275148823857307,0.03082574903965,0.236003845930099,11.2380456924438,8.16421222686768,5.26566028594971,0.100816071033478,0.0662828236818314,0.0386359915137291,0.991942524909973
481.186492919922,0.0214503183960915,0.0363766625523567,0.230631619691849,8.64796257019043,19.2840309143066,2.12283229827881,0.077412061393261,0.165609419345856,0.00558442808687687,0.983132600784302
481.690643310547,0.020211149007082,0.034808985888958,0.227355271577835,8.51607227325439,15.1403217315674,2.22036814689636,0.0761328488588333,0.129925817251205,0.00937362108379602,0.988552093505859
482.213989257813,0.0189642105251551,0.034901324659586,0.212231069803238,7.82344198226929,14.5966882705688,1.99558305740356,0.0698634535074234,0.125542432069778,0.00856754370033741,0.98958820104599
482.753784179688,0.0179725289344788,0.0355747938156128,0.201700821518898,7.58050870895386,13.9309167861938,2.15718412399292,0.0678824633359909,0.119749113917351,0.0106289740651846,0.990423738956451
483.284454345703,0.0142382998019457,0.0350778847932816,0.200814917683601,7.76661396026611,13.9086475372314,2.36700057983398,0.0697070881724358,0.119385756552219,0.0122572667896748,0.990322053432465
483.809539794922,0.013272819109261,0.0366775617003441,0.198667719960213,6.89077425003052,13.4937496185303,2.75473999977112,0.0624825656414032,0.115802437067032,0.0167693570256233,0.99116325378418
484.320068359375,0.018954198807478,0.0341032333672047,0.204306587576866,8.09237861633301,13.3321256637573,2.0642786026001,0.0721580535173416,0.114511892199516,0.00965736154466867,0.990750730037689
484.824401855469,0.0163919981569052,0.0331512354314327,0.207525700330734,8.37909984588623,13.3058700561523,2.29595494270325,0.0748646929860115,0.114068292081356,0.0113843297585845,0.990582704544067
485.345520019531,0.0141904698684812,0.0335028246045113,0.205322131514549,8.29420566558838,13.216236114502,2.40744423866272,0.0742322579026222,0.113242149353027,0.0124928709119558,0.990711748600006
485.85498046875,0.00917274318635464,0.0333809144794941,0.19913549721241,8.22457027435303,12.5006742477417,3.25411486625671,0.0743396356701851,0.106524601578712,0.0203479863703251,0.991318345069885
486.367248535156,0.00824631750583649,0.0332424268126488,0.196284413337708,8.31146717071533,12.5670146942139,3.59487891197205,0.0754207968711853,0.10684734582901,0.023168133571744,0.991140067577362
486.881896972656,0.00825265608727932,0.0331689156591892,0.196169137954712,8.29299640655518,12.6339168548584,3.4679708480835,0.0751556158065796,0.107515580952168,0.0220445152372122,0.991113543510437
487.389190673828,0.00642324425280094,0.032194197177887,0.200718089938164,8.63509082794189,12.6139993667603,3.71381211280823,0.0783387422561646,0.107061766088009,0.0238498840481043,0.990874409675598
487.944396972656,0.00718505494296551,0.0293666012585163,0.216966241598129,10.434497833252,12.4048681259155,3.84700751304626,0.0939605757594109,0.104499064385891,0.023411501199007,0.989799618721008
488.531005859375,0.00744148902595043,0.0294700041413307,0.212948650121689,10.096287727356,12.4202795028687,3.72310876846313,0.0909306555986404,0.104857191443443,0.0226550307124853,0.990062296390533
489.049407958984,0.0075088981539011,0.0293238945305347,0.211040243506432,10.1529026031494,12.4133462905884,3.94273996353149,0.0916187614202499,0.104601286351681,0.0245034266263247,0.989981889724731
489.562072753906,0.00795105844736099,0.0295600276440382,0.208107873797417,10.0339050292969,12.5150413513184,3.90645456314087,0.0905797407031059,0.105553813278675,0.0242244433611631,0.989983320236206
490.086822509766,0.00544598232954741,0.0295337848365307,0.207503691315651,9.99931812286377,12.2963886260986,4.192458152771,0.0904931649565697,0.103452101349831,0.0269016437232494,0.990143895149231
490.598052978516,0.00626880023628473,0.0302950143814087,0.211444526910782,9.65446090698242,11.5026359558105,4.35781908035278,0.0874637886881828,0.0965999737381935,0.0292676221579313,0.991040825843811
491.151153564453,-0.00841334089636803,0.0200333073735237,0.227829575538635,15.7021169662476,3.31648731231689,8.25037097930908,0.13824962079525,0.0187700465321541,0.0672891288995743,0.987930655479431
491.678497314453,-0.0200271122157574,0.0198248494416475,0.223831087350845,15.7836608886719,358.054382324219,10.6871175765991,0.135120764374733,-0.0295289847999811,0.094553254544735,0.98586517572403
492.1982421875,-0.0182147510349751,0.020662996917963,0.222268775105476,15.4011754989624,358.872772216797,10.3452987670898,0.132565319538116,-0.0217885952442884,0.0906525403261185,0.986779570579529
492.716400146484,-0.0198130942881107,0.0208364073187113,0.224150806665421,15.1594800949097,359.017333984375,10.5041913986206,0.130569145083427,-0.0205387212336063,0.0918612629175186,0.986960649490356
493.248229980469,-0.018031382933259,0.0206994879990816,0.228378683328629,15.0930604934692,359.284393310547,10.267674446106,0.130247935652733,-0.01791762560606,0.0895225927233696,0.987269043922424
493.826110839844,-0.0157505292445421,0.0194683037698269,0.232027664780617,15.3711996078491,359.610015869141,9.83528709411621,0.132954925298691,-0.0148246930912137,0.0854066461324692,0.987324118614197
494.408294677734,-0.00954705383628607,0.0179587602615356,0.22749887406826,15.5866794586182,0.164281114935875,9.05782032012939,0.135289013385773,-0.00929133594036102,0.0780389159917831,0.987684428691864
494.985595703125,-0.0127234254032373,0.0185255818068981,0.222477123141289,15.2618227005005,0.772409856319427,9.4262580871582,0.132888048887253,-0.00425257347524166,0.0805453136563301,0.987843692302704
495.574035644531,-0.0130097158253193,0.0181079991161823,0.222999408841133,15.2495708465576,0.624818801879883,9.4831075668335,0.132675841450691,-0.00558192422613502,0.0812082067131996,0.987811326980591
496.105804443359,-0.011509608477354,0.0174340587109327,0.22496409714222,15.5501260757446,0.92285293340683,9.3273286819458,0.135480836033821,-0.00304626184515655,0.0794704854488373,0.987582981586456
496.617614746094,-0.00877256877720356,0.0177657380700111,0.227411791682243,15.4868583679199,0.800598859786987,8.78114891052246,0.134868577122688,-0.0034120986238122,0.0749164968729019,0.988021433353424
497.129302978516,-0.0090723829343915,0.0174454860389233,0.229037433862686,15.7717485427856,0.263783782720566,8.60302734375,0.136984527111053,-0.00801693834364414,0.0739806294441223,0.987774193286896
497.713806152344,-0.00974702835083008,0.0146092884242535,0.232417747378349,16.2656764984131,357.622680664063,7.42763423919678,0.139811009168625,-0.029654148966074,0.0670362636446953,0.98746120929718
498.234832763672,-0.0083372313529253,0.0133036579936743,0.238095089793205,16.6864032745361,356.520477294922,6.53470277786255,0.143087565898895,-0.0382559932768345,0.0607640631496906,0.987101912498474
498.758728027344,-0.00288495514541864,0.0139622688293457,0.242550909519196,16.0780143737793,0.649486541748047,7.20004224777222,0.139921426773071,-0.0031799532007426,0.0613817870616913,0.988253116607666
499.262390136719,0.0106901675462723,0.0135339628905058,0.240322127938271,15.7057228088379,5.95962476730347,7.81924057006836,0.139638498425484,0.0420735701918602,0.0603660494089127,0.987464904785156
499.779479980469,0.0136617086827755,0.013391237705946,0.240715846419334,15.7771072387695,5.57972383499146,7.47635173797607,0.13993564248085,0.0391723737120628,0.0578376986086369,0.98769348859787
500.283355712891,0.0120517294853926,0.0136453760787845,0.241657614707947,15.8050575256348,5.62924098968506,7.46421003341675,0.140197113156319,0.039596650749445,0.0576585456728935,0.987649917602539
500.800079345703,0.010225891135633,0.0132996290922165,0.243773967027664,16.0260906219482,5.67776536941528,7.70116710662842,0.142206713557243,0.0395835041999817,0.0595290139317513,0.987252116203308
501.305053710938,0.00126517470926046,0.0145510490983725,0.24390834569931,15.4804859161377,5.51689672470093,8.66953182220459,0.137745678424835,0.0373825244605541,0.0683452486991882,0.987399399280548
501.815093994141,0.00212959758937359,0.0138934962451458,0.251411736011505,15.8739929199219,4.88448333740234,8.28487777709961,0.140646919608116,0.0321281775832176,0.0656105503439903,0.987360894680023
502.320495605469,0.00588196329772472,0.0127839092165232,0.249394983053207,16.5619640350342,5.15049171447754,7.8565526008606,0.146590307354927,0.0345014184713364,0.0612687468528748,0.986695051193237
502.829376220703,0.00505028665065765,0.0137081928551197,0.235990762710571,15.9871950149536,4.97253751754761,7.62557697296143,0.14148060977459,0.0336249060928822,0.0597693435847759,0.987562835216522
503.404449462891,0.00785730872303247,0.0133519815281034,0.229288503527641,15.7759599685669,4.83355474472046,7.66815090179443,0.139600783586502,0.0325072593986988,0.0604016371071339,0.987829208374023
503.914855957031,0.00371671747416258,0.0129084251821041,0.232556119561195,15.9903354644775,5.11759424209595,8.1043529510498,0.141727671027184,0.0342811681330204,0.0637141540646553,0.98725813627243
504.436706542969,0.00171949155628681,0.0135046858340502,0.231208473443985,15.7844686508179,5.11728286743164,8.37992763519287,0.140037551522255,0.0340784825384617,0.066185899078846,0.987343788146973
504.944976806641,-0.00200474262237549,0.0140664577484131,0.228973567485809,15.6260080337524,5.15365886688232,8.6860990524292,0.138786062598228,0.034129660576582,0.0688549056649208,0.987336099147797
505.507995605469,-0.00224788207560778,0.0138699440285563,0.22893762588501,15.5099802017212,5.50332593917847,8.81884765625,0.138039872050285,0.0370648391544819,0.0696332380175591,0.987280309200287
506.012542724609,-0.00273183453828096,0.0128929438069463,0.23580165207386,15.9165420532227,5.40680170059204,8.94559288024902,0.141519397497177,0.0357839800417423,0.0706384405493736,0.98676335811615
506.517486572266,-0.00346998497843742,0.0115425698459148,0.242157429456711,16.4247379302979,5.51276874542236,9.09535026550293,0.146001979708672,0.0361337549984455,0.0715371295809746,0.986032545566559
507.030212402344,-0.00439513474702835,0.0114740040153265,0.242485523223877,16.3928661346436,5.64616107940674,9.19530582427979,0.145843714475632,0.0371780879795551,0.0722438544034958,0.985965609550476
507.620452880859,-0.00496131181716919,0.0126045942306519,0.232023507356644,15.8632373809814,5.70230627059937,8.94216346740723,0.141241446137428,0.0383717864751816,0.0702715814113617,0.986732184886932
508.168273925781,-0.00462610460817814,0.0128190750256181,0.226976677775383,15.7467060089111,5.78337287902832,8.70671653747559,0.14020799100399,0.039443451911211,0.0682054162025452,0.98698228597641
508.674987792969,-0.00517955329269171,0.012506615370512,0.224895626306534,15.7669830322266,5.83570528030396,8.87208080291748,0.140470996499062,0.0396769940853119,0.0695548132061958,0.986841320991516
509.189971923828,-0.00383476261049509,0.0119630713015795,0.220467790961266,15.7151880264282,5.84156131744385,8.69177055358887,0.139966234564781,0.0399854481220245,0.068022184073925,0.987007439136505
509.699401855469,-0.000636283308267593,0.0175324138253927,0.224462792277336,15.7067031860352,5.68831348419189,8.6082239151001,0.139773890376091,0.0387734174728394,0.0674940273165703,0.987119257450104
510.214782714844,0.00880414247512817,0.0284581929445267,0.204734176397324,14.6387825012207,6.77631378173828,4.2571120262146,0.129267051815987,0.0538544096052647,0.0292505547404289,0.989714205265045
510.723358154297,-0.00455890689045191,0.0281436014920473,0.207330957055092,14.5787944793701,8.08785057067871,5.06499910354614,0.129532411694527,0.0642905458807945,0.0347807556390762,0.988877356052399
511.309417724609,-0.00681589730083942,0.0264621470123529,0.203974813222885,14.6041316986084,7.64896011352539,4.82155895233154,0.129487976431847,0.0607663132250309,0.0331594534218311,0.989161670207977
511.892547607422,-0.0125933215022087,0.026864243671298,0.193455591797829,14.0270853042603,8.14859771728516,5.35572004318237,0.124957002699375,0.0647510290145874,0.0375876612961292,0.989333212375641
512.40673828125,-0.0128255151212215,0.0270520411431789,0.188388630747795,13.8836631774902,7.87296962738037,5.3885064125061,0.123646549880505,0.0624041482806206,0.0382635369896889,0.989622712135315
512.965881347656,-0.0117335552349687,0.0273991599678993,0.188298538327217,13.6269130706787,7.65433263778687,5.13892412185669,0.121224761009216,0.0609022602438927,0.0365039557218552,0.990082323551178
513.469604492188,-0.0117451325058937,0.0270408168435097,0.188470125198364,13.6063098907471,6.74521017074585,5.01883983612061,0.120697684586048,0.053181279450655,0.0364379324018955,0.99059385061264
514.006103515625,-0.014194586314261,0.0265829376876354,0.19047386944294,13.7170944213867,6.04498958587646,5.34591770172119,0.12156405299902,0.0467323996126652,0.0399470254778862,0.990677773952484
514.533874511719,-0.0175037086009979,0.0250483192503452,0.190905690193176,14.0851697921753,6.42231845855713,5.73310565948486,0.12504155933857,0.0494018420577049,0.0426953174173832,0.990000605583191
515.077514648438,-0.0122334957122803,0.0264060497283936,0.185536623001099,13.9582300186157,6.52887487411499,5.00296354293823,0.123661704361439,0.0511739552021027,0.0363389626145363,0.990337610244751
515.653503417969,-0.00396109744906425,0.0197457652539015,0.238250926136971,17.0229263305664,5.6068263053894,5.62898540496826,0.150026947259903,0.0410534366965294,0.041273295879364,0.986966609954834
516.238464355469,-0.00900992378592491,0.0207785125821829,0.228419661521912,15.9767618179321,5.87504768371582,6.13483095169067,0.141306459903717,0.043250247836113,0.0458103381097317,0.987959265708923
516.761474609375,-0.00652712117880583,0.0228535588830709,0.22943252325058,14.6666889190674,5.79122161865234,5.94160175323486,0.129904255270958,0.0434290431439877,0.0448981262743473,0.989556968212128
517.264770507813,-0.00624055415391922,0.0221090335398912,0.237005338072777,15.1896562576294,5.61684989929199,5.96149921417236,0.134355053305626,0.0416366271674633,0.0450153797864914,0.989034295082092
517.778442382813,-0.00622544810175896,0.0193875096738338,0.238152384757996,15.9972152709961,5.10891532897949,5.84155416488647,0.141079097986221,0.0369946956634521,0.0442155748605728,0.98831832408905
518.29296875,-0.00641912594437599,0.0172395408153534,0.229490876197815,16.1550559997559,4.11682367324829,5.38792943954468,0.141938507556915,0.0289226621389389,0.0414634868502617,0.98858368396759
518.81884765625,-0.00608573760837317,0.016507176682353,0.230299159884453,16.390380859375,4.24862575531006,5.30014848709106,0.143991902470589,0.0300637669861317,0.0404542200267315,0.98829448223114
519.32861328125,-0.00583541020750999,0.0136866290122271,0.2415931224823,17.628267288208,1.48889577388763,3.96354079246521,0.153569027781487,0.00753312185406685,0.0321805737912655,0.987585067749023
519.828796386719,-0.00979031715542078,0.0136923817917705,0.245462819933891,17.6723957061768,1.26875007152557,4.20693349838257,0.153898775577545,0.00529514346271753,0.0345667488873005,0.987467646598816
520.337585449219,-0.0123186567798257,0.0142285618931055,0.242426365613937,17.4350109100342,0.980343163013458,4.50716924667358,0.151772558689117,0.00249004829674959,0.0375710278749466,0.987698018550873
520.83837890625,-0.0119593441486359,0.0145289953798056,0.240462422370911,17.2803344726563,0.957866907119751,4.40224456787109,0.150429785251617,0.00248822756111622,0.0367153659462929,0.987935543060303
521.342346191406,-0.011802464723587,0.0144007205963135,0.239005625247955,17.2475967407227,0.932429254055023,4.28457927703857,0.150136977434158,0.0024342832621187,0.0357382036745548,0.988016068935394
521.942321777344,-0.0177863389253616,0.0155529603362083,0.238913178443909,16.9092655181885,3.20319962501526,5.39347505569458,0.148106783628464,0.0207003727555275,0.0424153171479702,0.987844526767731
522.451171875,-0.015135869383812,0.0141633357852697,0.241844087839127,17.2510719299316,2.94625759124756,5.14556646347046,0.150916263461113,0.0186617616564035,0.0405143648386002,0.987539708614349
523.050231933594,-0.015725240111351,0.0156485363841057,0.237862423062325,16.4228458404541,3.23227262496948,5.49343538284302,0.143943071365356,0.0210403054952621,0.0433872267603874,0.988410532474518
523.559448242188,-0.0129979737102985,0.0156421680003405,0.233475774526596,16.5776443481445,3.41928601264954,5.33197069168091,0.145316228270531,0.0227883290499449,0.0417106859385967,0.988242983818054
524.073303222656,-0.0112760523334146,0.0154186757281423,0.228701218962669,16.3389759063721,3.72634291648865,5.33867740631104,0.143371403217316,0.0255334340035915,0.0414598099887371,0.988470435142517
524.654602050781,-0.0110303312540054,0.015368489548564,0.230662971735001,16.378438949585,3.74004817008972,5.45252466201782,0.143741995096207,0.0254913959652185,0.042411245405674,0.988377332687378
525.158874511719,-0.00956083089113235,0.0151687227189541,0.232931315898895,16.4991989135742,3.91865277290344,5.28172302246094,0.144808530807495,0.0271930154412985,0.0406714119017124,0.98824942111969
525.737915039063,-0.0118027441203594,0.0155051257461309,0.234212830662727,16.2900161743164,4.2406907081604,5.41295862197876,0.143153354525566,0.029899075627327,0.0414750203490257,0.988378942012787
526.247497558594,-0.0119375661015511,0.0149527210742235,0.230075895786285,16.4282817840576,4.14379024505615,5.47639608383179,0.144326210021973,0.0289208292961121,0.0420919060707092,0.988211452960968
526.826232910156,-0.00938122719526291,0.0152142401784658,0.222421064972878,16.0844097137451,4.12937164306641,5.28930711746216,0.141308784484863,0.0291843209415674,0.0406230688095093,0.988701105117798
527.348327636719,-0.00893231853842735,0.015761524438858,0.221567943692207,15.9305801391602,4.14091444015503,5.31605815887451,0.139992982149124,0.0293192807585001,0.0408962778747082,0.988873064517975
527.922485351563,-0.0108259730041027,0.0152204362675548,0.2252386957407,16.101978302002,4.16730451583862,5.42113304138184,0.141507595777512,0.0293410606682301,0.0417071245610714,0.988622903823853
528.505737304688,-0.0108846202492714,0.0147079713642597,0.22651806473732,16.2583389282227,4.14560222625732,5.4672794342041,0.142859593033791,0.0290255174040794,0.0420740842819214,0.988422214984894
529.017211914063,-0.0105413952842355,0.0147091243416071,0.227786764502525,16.3627777099609,4.26934671401978,5.47283363342285,0.143806681036949,0.030038096010685,0.0419279560446739,0.988260805606842
529.604919433594,-0.0139364823698997,0.0157062690705061,0.229903370141983,16.0511627197266,4.24131917953491,5.90519762039185,0.141221761703491,0.0294063556939363,0.0458108671009541,0.988480150699615
530.128051757813,-0.0149693489074707,0.0159600973129272,0.219723239541054,15.7505731582642,4.29339122772217,5.83039617538452,0.138631016016006,0.03009332716465,0.0452170744538307,0.988853514194489
530.676208496094,-0.0136294439435005,0.0163847878575325,0.221420332789421,15.3932542800903,4.46348285675049,5.82284450531006,0.135613620281219,0.0317434519529343,0.045087669044733,0.989226162433624
531.204040527344,-0.0137243121862411,0.0153494421392679,0.222236484289169,15.7998924255371,4.68207502365112,5.87223815917969,0.13922107219696,0.0333723425865173,0.0450871996581554,0.98867130279541
531.774353027344,-0.0134662948548794,0.0152263687923551,0.221578061580658,15.8217716217041,4.59501314163208,5.84313154220581,0.139367148280144,0.0326458550989628,0.0449329242110252,0.98868203163147
532.285095214844,-0.0138946920633316,0.0147639214992523,0.222320467233658,15.8658771514893,4.57178735733032,5.88532876968384,0.13975028693676,0.0323724709451199,0.0453073307871819,0.988619804382324
532.786071777344,-0.0159486494958401,0.0141860330477357,0.227193802595139,16.1613368988037,4.65370798110962,5.9360818862915,0.14234422147274,0.0328706502914429,0.0455231629312038,0.988223314285278
533.295532226563,-0.0160856023430824,0.0139132998883724,0.23093281686306,16.3687362670898,4.99123859405518,6.01006698608398,0.14428773522377,0.0355843603610992,0.0456503368914127,0.987841546535492
533.806518554688,-0.0148635394871235,0.0154162021353841,0.231568157672882,15.9047479629517,4.73051929473877,5.8665714263916,0.140142530202866,0.0337456502020359,0.0449356399476528,0.988535344600677
534.309326171875,-0.0132781192660332,0.0150960525497794,0.23236046731472,15.9631567001343,4.95404148101807,5.79115724563599,0.140709936618805,0.0357375778257847,0.0439863093197346,0.988427400588989
534.885620117188,-0.0129215158522129,0.0149375591427088,0.230613067746162,15.9523000717163,5.02752542495728,5.70703506469727,0.140617772936821,0.0364799648523331,0.0431752316653728,0.988449215888977
535.396789550781,-0.000443588010966778,0.0301703475415707,0.222235500812531,8.91959381103516,8.22089385986328,2.00341320037842,0.0787970051169395,0.070095457136631,0.0118115209043026,0.994353175163269
535.975463867188,-0.00146734341979027,0.0323984250426292,0.215765401721001,7.81710720062256,9.05008888244629,1.35729050636292,0.0688792765140533,0.0779009833931923,0.00640250695869327,0.994558274745941
536.562622070313,0.000320529565215111,0.0320443287491798,0.222666874527931,8.16937637329102,9.04495906829834,1.19950997829437,0.0718284845352173,0.0779023468494415,0.00479214731603861,0.994358599185944
537.16259765625,0.0026509752497077,0.0307117700576782,0.227966785430908,8.6416130065918,8.75368118286133,0.922349631786346,0.0757312029600143,0.0754919871687889,0.00225312332622707,0.994263887405396
537.672729492188,0.00220795534551144,0.0299003180116415,0.231995388865471,8.82752513885498,9.17523670196533,1.11113381385803,0.0774815902113914,0.0789987370371819,0.00348146772012115,0.993852972984314
538.203308105469,0.00166664365679026,0.0305115189403296,0.233085438609123,8.57248592376709,9.10573101043701,1.23147749900818,0.0753498077392578,0.0783516690135002,0.00475020986050367,0.994062900543213
538.717956542969,-0.000204368494451046,0.0306866839528084,0.233086928725243,8.42844295501709,9.03504467010498,1.33042025566101,0.0741644725203514,0.0776952058076859,0.00575484614819288,0.994198143482208
539.2216796875,0.00045968871563673,0.0301541332155466,0.233121380209923,8.57461738586426,9.30273723602295,1.1498498916626,0.0753192976117134,0.0801139026880264,0.00391113245859742,0.99392831325531
539.80517578125,0.0050757834687829,0.027601195499301,0.238559395074844,10.0001564025879,8.90325546264648,0.972934186458588,0.0875475183129311,0.0765815079212189,0.0016678610118106,0.993210971355438
540.305419921875,0.00642735511064529,0.0261545181274414,0.239447668194771,10.5581359863281,8.3881254196167,1.19654202461243,0.0925158262252808,0.0718625485897064,0.00364093901589513,0.993107914924622
540.889221191406,0.000678529031574726,0.0271270778030157,0.236743152141571,10.0925064086914,8.58319854736328,1.94246232509613,0.0889641940593719,0.07304497808218,0.0102560147643089,0.993299901485443
541.397399902344,-0.00415649823844433,0.0274187419563532,0.234198272228241,9.9648265838623,8.28461456298828,2.38644623756409,0.0881028175354004,0.0701415315270424,0.0144191300496459,0.99353414773941
541.978149414063,-0.00414211675524712,0.0274098925292492,0.233281522989273,9.80355453491211,8.24210166931152,2.44974780082703,0.0867379978299141,0.0697628632187843,0.0151039948686957,0.993670761585236
542.562805175781,-0.00222858041524887,0.0276420749723911,0.227502912282944,9.57080936431885,8.60557270050049,2.30677509307861,0.0846769735217094,0.0730760172009468,0.0137445451691747,0.993630111217499
543.068664550781,-0.00245162844657898,0.0286884028464556,0.220388814806938,8.9872522354126,8.83380222320557,2.19739627838135,0.0795733109116554,0.0752644389867783,0.0130262803286314,0.993898212909698
543.57373046875,-0.00496354699134827,0.0296083185821772,0.212097719311714,8.49039268493652,8.45391845703125,2.43155789375305,0.0753665268421173,0.0719223096966743,0.0156470276415348,0.994435667991638
544.131164550781,-0.000129878520965576,0.0281690359115601,0.205394774675369,9.13987922668457,8.59735679626465,2.10084223747253,0.080808199942112,0.0732483342289925,0.0122514264658093,0.993959069252014
544.703918457031,0.00388165190815926,0.0225209295749664,0.228509783744812,12.3169031143188,7.50158071517944,1.704674243927,0.10800426453352,0.0634397715330124,0.00774097163230181,0.992094039916992
545.20947265625,-0.00333178695291281,0.0216883961111307,0.235163897275925,12.8044786453247,6.08289909362793,1.74746108055115,0.112141788005829,0.0510233826935291,0.00921670626848936,0.992338597774506
545.720031738281,-0.00442354660481215,0.0214890465140343,0.236141487956047,12.7303857803345,5.76814413070679,1.97003662586212,0.111568048596382,0.0480942726135254,0.0114859603345394,0.99252587556839
546.225952148438,-0.0051948269829154,0.0220767352730036,0.235784217715263,12.6348867416382,5.94884252548218,2.11186456680298,0.110820449888706,0.0495411902666092,0.0125830117613077,0.992525160312653
546.733947753906,-0.00950390007346869,0.0210006702691317,0.238180100917816,13.1777534484863,6.14597368240356,2.77351260185242,0.115834534168243,0.0504654124379158,0.0178572684526443,0.991824984550476
547.236755371094,-0.00983981043100357,0.0221174173057079,0.231201753020287,12.7872314453125,6.16622352600098,2.97303581237793,0.112546168267727,0.0505473390221596,0.0197557304054499,0.992163360118866
547.750244140625,-0.0125325610861182,0.0222013965249062,0.226573511958122,12.6053848266602,6.07459592819214,3.31084156036377,0.111102484166622,0.0494768284261227,0.0228591486811638,0.992313325405121
548.322204589844,-0.0135614164173603,0.0222909282892942,0.226758673787117,12.4366998672485,5.98807525634766,3.57895708084106,0.10973859578371,0.0485215485095978,0.0253462120890617,0.992451846599579
548.82568359375,-0.0132797062397003,0.0224232748150826,0.22735284268856,12.3380470275879,6.21366739273071,3.83613777160645,0.109047301113605,0.0502623692154884,0.0274066906422377,0.992386698722839
549.340026855469,-0.0122731141746044,0.0221619736403227,0.227831080555916,12.4671220779419,6.10743570327759,3.72583246231079,0.110091716051102,0.0494044460356236,0.0264888722449541,0.992339313030243
549.86962890625,-0.0144654205068946,0.0220829993486404,0.225515186786652,12.3512964248657,6.35774278640747,4.05716848373413,0.109295517206192,0.0512947961688042,0.0291767530143261,0.992256045341492
550.443359375,-0.0153625113889575,0.022534953430295,0.217504814267159,12.1938619613647,6.04926729202271,3.99277544021606,0.107826232910156,0.0487401373684406,0.0289903413504362,0.992551028728485
551.014404296875,-0.0172858834266663,0.0230598449707031,0.212353467941284,11.9043474197388,5.9466700553894,4.63035249710083,0.105558253824711,0.0473660342395306,0.0347500182688236,0.992676377296448
551.5537109375,-0.0178699009120464,0.0215458851307631,0.218736708164215,12.3164014816284,5.76095533370972,4.75406312942505,0.109118536114693,0.0454760827124119,0.0357975289225578,0.992342472076416
552.084777832031,-0.0154997007921338,0.0214189663529396,0.222240835428238,12.628059387207,5.7872633934021,4.79898166656494,0.111841857433319,0.0455331765115261,0.0360127352178097,0.992028832435608
552.67138671875,-0.0158300325274467,0.0213382169604301,0.223415404558182,12.7045392990112,5.7570858001709,4.83382940292358,0.11250788718462,0.0452062897384167,0.0363074876368046,0.991957783699036
553.175109863281,-0.0166607573628426,0.0209644734859467,0.222741648554802,12.6093378067017,6.53283596038818,5.06450796127319,0.112032040953636,0.0517350099980831,0.0375921837985516,0.991644680500031
553.691223144531,-0.0188192501664162,0.0208605919033289,0.224204272031784,12.6910333633423,6.15312194824219,5.23445653915405,0.112685218453407,0.0482462495565414,0.0393925346434116,0.991676688194275
554.26806640625,-0.0189464539289474,0.0200873836874962,0.228594690561295,12.9915943145752,6.21260786056519,5.16171026229858,0.115273930132389,0.0486994981765747,0.0385502129793167,0.99139004945755
554.784118652344,-0.0168833062052727,0.0201261378824711,0.227678894996643,12.9487686157227,6.40392637252808,5.0517315864563,0.11491946130991,0.0504839941859245,0.0374288521707058,0.991384863853455
555.365844726563,-0.0197276510298252,0.0201192423701286,0.227772757411003,12.959620475769,6.12724542617798,5.38617277145386,0.115062460303307,0.0477498285472393,0.0405942834913731,0.991379201412201
555.960266113281,-0.0204871036112309,0.0195930618792772,0.232778236269951,13.2917366027832,6.17167568206787,5.39621591567993,0.117953479290009,0.0479709655046463,0.0404661521315575,0.991033911705017
556.527038574219,-0.0110470335930586,0.0238598808646202,0.233461126685143,10.9044218063354,10.5669393539429,6.63119459152222,0.0997550338506699,0.0860413163900375,0.0485948286950588,0.990093111991882
557.100280761719,-0.00310606695711613,0.0287006739526987,0.232741102576256,8.10450744628906,15.5403966903687,7.8829288482666,0.0791218504309654,0.129730448126793,0.0584044009447098,0.986660361289978
557.611755371094,-0.0050436295568943,0.0278755165636539,0.23332753777504,8.34492588043213,14.8179502487183,7.94959831237793,0.0808927342295647,0.123298443853855,0.0591970272362232,0.98729407787323
558.131286621094,-0.0100328028202057,0.0319598913192749,0.222599625587463,6.48514413833618,14.6382427215576,8.50836849212646,0.065383143723011,0.122679464519024,0.0662730261683464,0.98807018995285
558.69091796875,-0.00413880497217178,0.0328805074095726,0.222457125782967,10.2668123245239,11.5175838470459,7.67814350128174,0.0955149903893471,0.0937535241246223,0.0573913715779781,0.989339888095856
559.192932128906,-0.0128397736698389,0.0386717617511749,0.210235401988029,10.2939739227295,10.2918853759766,6.86084270477295,0.0945346653461456,0.0838248655200005,0.051322877407074,0.99065762758255
559.771484375,-0.0178603157401085,0.0364355482161045,0.207482442259789,12.4323539733887,7.51384353637695,6.48210620880127,0.111557237803936,0.0589255765080452,0.0490001291036606,0.990798532962799
560.296875,-0.0167205780744553,0.0356648713350296,0.209615364670753,12.4582719802856,7.7242488861084,6.44460868835449,0.111851036548615,0.0607669875025749,0.0484545417129993,0.990681052207947
560.828796386719,-0.0177135542035103,0.0343669168651104,0.20862352848053,12.4515628814697,7.34857940673828,6.88374280929565,0.11185322701931,0.05709433183074,0.0526218935847282,0.990686655044556
561.345642089844,-0.0185151807963848,0.0337202586233616,0.208022475242615,12.5302600860596,7.40292644500732,7.22619676589966,0.11272931843996,0.0571818351745605,0.0554804839193821,0.990426301956177
561.912475585938,-0.0212208330631256,0.0327458865940571,0.210079327225685,12.8324184417725,7.19698667526245,7.73606538772583,0.115483157336712,0.0547054223716259,0.0599059909582138,0.989991009235382
562.441772460938,-0.022949930280447,0.0325575359165668,0.20916910469532,12.7199974060059,7.37127351760864,7.94338274002075,0.114705502986908,0.0560762695968151,0.0615911819040775,0.989901304244995
562.968505859375,-0.0189023539423943,0.0328577011823654,0.210434943437576,12.520601272583,7.71840572357178,7.59145975112915,0.112988635897636,0.0595543645322323,0.0583323650062084,0.990093052387238
563.478332519531,-0.0170034505426884,0.0316483415663242,0.213775873184204,12.6982145309448,7.76514053344727,7.61979818344116,0.114560142159462,0.0598165765404701,0.0584157444536686,0.989891707897186
564.002014160156,-0.0117343682795763,0.0299261193722486,0.216165885329247,12.8642854690552,8.5775318145752,7.48060274124146,0.116322480142117,0.0668666884303093,0.0562822185456753,0.98935854434967
564.507507324219,-0.0155876390635967,0.0290055945515633,0.218426451086998,13.0843992233276,8.21372318267822,7.85944604873657,0.118251353502274,0.0631950199604034,0.0597712621092796,0.989166557788849
565.020080566406,-0.0122092105448246,0.033532053232193,0.217500224709511,10.5674905776978,9.64147853851318,8.10850048065186,0.0974490642547607,0.0769843459129333,0.0624319426715374,0.990292549133301
565.523498535156,0.013428395614028,0.0487293377518654,0.216114431619644,1.15309572219849,25.1410903930664,12.7109527587891,0.0338518843054771,0.215205788612366,0.105861090123653,0.970223665237427
566.078063964844,0.00529227592051029,0.0428036861121655,0.22296230494976,4.01909208297729,18.7582664489746,11.0163841247559,0.0500707067549229,0.158793464303017,0.0889584198594093,0.982020318508148
566.598083496094,-0.00786146707832813,0.0270098298788071,0.222606614232063,11.787034034729,9.74997901916504,8.1016092300415,0.108024433255196,0.0770944580435753,0.0613092705607414,0.989256501197815
567.159729003906,-0.00663634110242128,0.0224789213389158,0.228652119636536,13.5411682128906,8.03951740264893,7.90790796279907,0.122124262154102,0.0613365657627583,0.060060653835535,0.988795340061188
567.66845703125,-0.00636865943670273,0.0183463394641876,0.226802855730057,14.9783983230591,7.21503210067749,8.09516716003418,0.134159982204437,0.0530473291873932,0.0616634301841259,0.987615704536438
568.249877929688,-0.00676525942981243,0.0151632400229573,0.219445869326591,16.015645980835,6.97657823562622,8.22812747955322,0.143014475703239,0.0501202009618282,0.0624567866325378,0.98647552728653
568.766052246094,-0.01387919485569,0.014490962959826,0.216443404555321,16.3908176422119,3.79059624671936,7.34789276123047,0.144276484847069,0.0235387552529573,0.0586845651268959,0.987515270709991
569.354431152344,-0.0275856778025627,0.0122009115293622,0.229206368327141,17.9822807312012,1.76927709579468,7.80082082748413,0.156938463449478,0.00458481628447771,0.0647713243961334,0.985471487045288
569.951293945313,-0.00877434015274048,0.019681453704834,0.232954680919647,15.3981733322144,6.85515213012695,3.99785995483398,0.13571597635746,0.0545471608638763,0.0264997743070126,0.988890051841736
570.479675292969,2.19009816646576E-05,0.0167084485292435,0.240095019340515,16.3357429504395,8.56945896148682,3.24382710456848,0.143713265657425,0.0699154287576675,0.0173280257731676,0.986994504928589
570.985107421875,-0.00237331818789244,0.0169620644301176,0.240647807717323,16.1745433807373,8.27525901794434,3.71413445472717,0.142555862665176,0.0668503493070602,0.0218551810830832,0.987284779548645
571.500122070313,-0.00940811075270176,0.0181164853274822,0.237924605607986,15.5734872817993,7.85449647903442,4.58112525939941,0.137772276997566,0.0624017082154751,0.0302336905151606,0.988033771514893
572.005432128906,-0.0109248086810112,0.0183709263801575,0.237268790602684,15.3871183395386,7.25011205673218,4.6987042427063,0.136063113808632,0.057128269225359,0.0320847742259502,0.988531112670898
572.520874023438,-0.00807089731097221,0.0188503954559565,0.231736809015274,15.206714630127,7.26335906982422,4.51419258117676,0.134419038891792,0.0575361400842667,0.030584305524826,0.988779902458191
573.031799316406,-0.00658146291971207,0.0198553912341595,0.225848197937012,14.7512054443359,7.28885269165039,4.29227542877197,0.130384519696236,0.0581965446472168,0.0289092119783163,0.989331722259521
573.549499511719,-0.016849473118782,0.020019568502903,0.220446854829788,15.0041570663452,5.03102207183838,4.24642419815063,0.131958916783333,0.0386518016457558,0.0309696141630411,0.990017056465149
574.145202636719,-0.0295279920101166,0.0075908899307251,0.239389702677727,20.5327072143555,1.18413114547729,4.20588111877441,0.178467959165573,0.0036214292049408,0.0342651717364788,0.983342289924622
574.666076660156,-0.0242467485368252,0.0107233747839928,0.238426700234413,19.5381889343262,359.116668701172,2.84018301963806,0.169432520866394,-0.0117993820458651,0.0257302150130272,0.985135197639465
575.18798828125,-0.0240082815289497,0.00891195796430111,0.243933543562889,19.8801097869873,359.729095458984,3.21502089500427,0.172483995556831,-0.00716998660936952,0.0280394032597542,0.984587073326111
575.719543457031,-0.0158455409109592,0.00930201821029186,0.240105286240578,20.6142864227295,2.38217616081238,2.84862685203552,0.179339304566383,0.0159986801445484,0.0207318551838398,0.983438670635223
576.261535644531,-0.00117570161819458,0.0096558965742588,0.241317704319954,20.2353439331055,8.98227024078369,1.5868011713028,0.176181599497795,0.0746547058224678,-0.000164702738402411,0.981522679328918
