Seconds,PositionX,PositionY,PositionZ,RotationX,RotationY,RotationZ,QuatX,QuatY,QuatZ,QuatW
3.76823663711548,-0.0233984626829624,0.0300633106380701,0.0142345409840345,3.88673973083496,1.92564511299133,1.66011250019073,0.0341466441750526,0.0163010042160749,0.0139065505936742,0.999187111854553
4.31316709518433,-0.0216044373810291,0.0226793643087149,0.0089084692299366,7.67444944381714,2.32986927032471,1.29182851314545,0.0671327486634254,0.0195294171571732,0.00988501682877541,0.997503936290741
4.85502099990845,-0.00284869503229856,0.0303377918899059,0.00443780422210693,3.90988898277283,18.1156387329102,2.16604328155518,0.0366560816764832,0.156674638390541,0.0132850240916014,0.986880421638489
5.39189958572388,-0.0101092867553234,0.0337750092148781,0.0101655535399914,3.36331343650818,25.0845966339111,6.24609899520874,0.040429275482893,0.215183734893799,0.0467941090464592,0.974613666534424
5.8968710899353,-0.06657924503088,0.0267642829567194,0.0339605323970318,4.85680913925171,10.1620359420776,13.3600397109985,0.0522108934819698,0.0829746574163437,0.112036161124706,0.988856494426727
6.450026512146,-0.0721197724342346,0.0259922854602337,0.0462999194860458,4.51134395599365,16.1046943664551,16.8030471801758,0.0590032748878002,0.132773190736771,0.139102563261986,0.979561328887939
6.95263481140137,-0.0778181850910187,0.0278408639132977,0.0519026853144169,1.74299204349518,20.5851917266846,18.4748229980469,0.0434496812522411,0.173935249447823,0.155241891741753,0.971472382545471
7.4570255279541,-0.0722597986459732,0.0287494584918022,0.0476802736520767,2.21785569190979,19.7640419006348,15.7160711288452,0.0423463843762875,0.167369902133942,0.131375133991241,0.976183772087097
8.00258827209473,-0.0572492256760597,0.0281801708042622,0.0408368222415447,3.15206527709961,17.422176361084,14.0526742935181,0.0455015189945698,0.146932303905487,0.116734586656094,0.981179714202881
8.50601291656494,-0.0315503515303135,0.0235783699899912,0.0389652736485004,6.87136840820313,19.9944362640381,12.1427345275879,0.0770153105258942,0.166074186563492,0.093628816306591,0.978632569313049
9.05526733398438,0.00556476041674614,0.00884423963725567,0.0324618145823479,17.6003704071045,27.9515838623047,7.72265529632568,0.164195612072945,0.228129431605339,0.0277143344283104,0.959285497665405
9.55938053131104,0.00569002237170935,0.0211414080113173,0.0223595723509789,10.7258777618408,26.6775989532471,6.57722616195679,0.103969983756542,0.224103540182114,0.0340461954474449,0.968405246734619
10.1039838790894,0.0113534377887845,0.0214182026684284,0.024775180965662,10.7592840194702,26.5947284698486,7.01641273498535,0.105082333087921,0.222979590296745,0.0377650149166584,0.968406736850739
10.6470241546631,0.0221915896981955,0.0254730246961117,0.0313507542014122,9.25877094268799,25.1359443664551,5.65588140487671,0.0893808230757713,0.212737113237381,0.0304566062986851,0.972536087036133
11.2017803192139,0.0261966660618782,0.0196946524083614,0.0315739773213863,11.8603258132935,25.9438457489014,5.09266328811646,0.110499523580074,0.218578919768333,0.019892942160368,0.969338655471802
11.7086696624756,0.0270861610770226,0.0231531597673893,0.0311922244727612,10.1367540359497,22.6067523956299,3.45261168479919,0.0924731642007828,0.192539140582085,0.0121173048391938,0.976847231388092
12.242015838623,0.0281435623764992,0.0215092152357101,0.0248113498091698,11.701021194458,23.3692474365234,2.85428285598755,0.104807756841183,0.198920965194702,0.00362499617040157,0.974388360977173
12.7769136428833,0.0232381410896778,0.0220891833305359,0.00119482818990946,11.4279260635376,21.7834014892578,2.73904538154602,0.102234423160553,0.185623928904533,0.00454602297395468,0.977277457714081
13.3101434707642,0.0163870267570019,0.0318934917449951,-0.016212860122323,6.11492776870728,16.8104076385498,2.47817659378052,0.0559086725115776,0.144789665937424,0.0135670965537429,0.987788498401642
13.8143033981323,0.02210390008986,0.0367082878947258,-0.0353157818317413,3.40016579627991,15.6558713912964,2.68419766426086,0.0325717926025391,0.1354129165411,0.0191538445651531,0.99006849527359
14.3481559753418,0.0465833730995655,0.0409445390105247,-0.0634646117687225,0.28591313958168,12.5904054641724,2.54728412628174,0.00491665536537766,0.109568528831005,0.0218198020011187,0.993727564811707
14.8826847076416,0.0748318508267403,0.0501085855066776,-0.0710353851318359,354.504241943359,22.6972827911377,1.72241508960724,-0.0440441742539406,0.197236597537994,0.0241522341966629,0.979068219661713
15.4179401397705,0.0182453133165836,0.0568198151886463,-0.0470025390386581,351.962951660156,26.4962139129639,2.3930389881134,-0.0634254217147827,0.229979366064072,0.0363323576748371,0.970446646213531
15.9186687469482,0.0290097910910845,0.0510646514594555,-0.0427541919052601,354.249847412109,19.9083137512207,3.88535308837891,-0.0435225293040276,0.174218088388443,0.0420126877725124,0.982847273349762
16.4544906616211,0.0395591706037521,0.0528823249042034,-0.0479934066534042,352.946716308594,18.9609203338623,3.20701003074646,-0.0560484975576401,0.166032731533051,0.0376762039959431,0.983805000782013
16.9548091888428,0.0342689715325832,0.055419348180294,-0.0479438304901123,351.386474609375,20.336275100708,2.87741255760193,-0.0694738551974297,0.177839294075966,0.037896566092968,0.980872273445129
17.4707012176514,0.0382114164531231,0.0618900172412395,-0.0532101131975651,347.468658447266,25.193998336792,1.93973553180695,-0.102826781570911,0.218561187386513,0.0402193330228329,0.96955668926239
18.0044384002686,0.0444359108805656,0.0612697191536427,-0.0571277178823948,347.905700683594,25.9178905487061,0.979357898235321,-0.100754000246525,0.223874241113663,0.0319058261811733,0.968870997428894
18.5419101715088,0.0464313887059689,0.0596734955906868,-0.0528250597417355,349.165222167969,24.6279525756836,0.710327684879303,-0.0909206047654152,0.212883815169334,0.026163499802351,0.972486197948456
19.0782413482666,0.0447003692388535,0.0573318116366863,-0.048781506717205,350.393737792969,22.7893447875977,0.76510101556778,-0.0807656273245811,0.197416052222252,0.023064436390996,0.976714849472046
19.6079254150391,0.0441239476203918,0.0553784109652042,-0.0520799122750759,351.690277099609,21.3480033874512,0.721319139003754,-0.0700345560908318,0.185178458690643,0.0195889119058847,0.980010390281677
20.1104278564453,0.0211510173976421,0.0549100115895271,-0.0545927472412586,351.798828125,5.38374090194702,0.266416400671005,-0.0713196843862534,0.0470104329288006,0.00567473890259862,0.996328949928284
20.6458053588867,0.00955330114811659,0.0520036220550537,-0.0525681041181087,353.094451904297,358.602447509766,0.91195148229599,-0.0603161789476871,-0.011693756096065,0.00720869703218341,0.998084783554077
21.1488704681396,0.0290263891220093,0.0469702407717705,-0.041765570640564,356.345153808594,10.9136209487915,0.267927765846252,-0.0315223298966885,0.0951209962368011,0.00535883335396647,0.994952082633972
21.6510753631592,0.0354734659194946,0.0471160970628262,-0.0449675135314465,356.552734375,15.3856925964355,0.133546710014343,-0.029651926830411,0.133836537599564,0.00518079474568367,0.990546226501465
22.2026424407959,0.0281451735645533,0.0466370135545731,-0.0561163648962975,356.67822265625,16.6801013946533,0.333026140928268,-0.0282559264451265,0.145069643855095,0.00707829324528575,0.98899257183075
22.7095546722412,0.0480019003152847,0.0225951727479696,-0.0604947656393051,10.5593299865723,29.5724754333496,1.14692306518555,0.0915090516209602,0.253227591514587,-0.0138467261567712,0.962969481945038
23.2582817077637,0.0424457192420959,0.0430705212056637,-0.0630588829517365,358.306091308594,21.0709075927734,359.394470214844,-0.0154982786625624,0.182744577527046,-0.00249175587669015,0.983035087585449
23.7608184814453,0.036170095205307,0.0459995940327644,-0.0524372048676014,356.566436767578,16.8361911773682,0.699939429759979,-0.0287419836968184,0.146508038043976,0.0104253608733416,0.988736867904663
24.3084621429443,0.0424767583608627,0.0463088639080524,-0.046338826417923,356.476501464844,16.9630260467529,0.72627854347229,-0.0294722486287355,0.14761033654213,0.010799921117723,0.988547384738922
24.8135738372803,0.0489808991551399,0.0462394617497921,-0.0465011149644852,356.636444091797,18.8624401092529,0.0885784402489662,-0.0288249291479588,0.16381524503231,0.00557132111862302,0.986054062843323
25.3144016265869,0.0490604676306248,0.045777652412653,-0.0509989969432354,357.070770263672,21.3544273376465,0.132645532488823,-0.0249025225639343,0.185244247317314,0.00587268359959126,0.982359409332275
25.8148460388184,0.0441055335104465,0.045720137655735,-0.0514125302433968,357.083374023438,19.5391826629639,0.282911688089371,-0.0246616955846548,0.169692933559418,0.00675072334706783,0.985165238380432
26.3159408569336,0.0436275489628315,0.0431271344423294,-0.0590199343860149,358.565216064453,21.4597187042236,0.217462569475174,-0.0119482632726431,0.186187103390694,0.00419543450698256,0.982432723045349
26.8201732635498,0.0379675328731537,0.0443867184221745,-0.0654657632112503,357.857574462891,20.7945709228516,0.233487248420715,-0.0180203747004271,0.180478096008301,0.00537768751382828,0.983399212360382
27.3654518127441,0.0363345555961132,0.0415407381951809,-0.0654106885194778,359.639312744141,22.0680179595947,0.24899460375309,-0.0026736375875771,0.191396936774254,0.0027351500466466,0.981505274772644
27.8862819671631,0.0447934567928314,0.0302244294434786,-0.0552179291844368,6.31765079498291,25.5607681274414,0.563970625400543,0.0548252016305923,0.220611363649368,-0.00739732896909118,0.973791599273682
28.4127998352051,0.0552204176783562,0.0188977848738432,-0.0475076586008072,12.864577293396,27.8387680053711,0.180792018771172,0.109116226434708,0.23887026309967,-0.0254275090992451,0.964566290378571
28.9309005737305,0.0664405524730682,0.0115997232496738,-0.0415637753903866,16.8183174133301,31.9750938415527,0.840693295001984,0.142579913139343,0.27142858505249,-0.0333011001348495,0.951256334781647
29.4630298614502,0.0662617087364197,0.00726755429059267,-0.0380135104060173,18.7140254974365,32.0575523376465,0.840390622615814,0.158258721232414,0.271292835474014,-0.0379371456801891,0.948638617992401
29.9861335754395,0.035646066069603,0.033780001103878,-0.0381201803684235,4.26944303512573,17.6646595001221,1.30351102352142,0.0385505594313145,0.153008252382278,0.00551333231851459,0.98745733499527
30.5031967163086,0.0238702427595854,0.0358783043920994,-0.0382512435317039,3.17653656005859,14.5748729705811,2.06500887870789,0.0297734644263983,0.12628236413002,0.0143519574776292,0.991443574428558
31.0367088317871,0.0262627936899662,0.0371449887752533,-0.0433068238198757,2.53866291046143,16.7150859832764,1.28424298763275,0.0235440973192453,0.145059511065483,0.0078655481338501,0.989111542701721
31.5767288208008,0.0265618450939655,0.0398105606436729,-0.0473001301288605,0.924294054508209,16.5968570709229,0.9374178647995,0.0091618150472641,0.144254252314568,0.00693040434271097,0.9894739985466
32.1047058105469,0.0316682830452919,0.0388516448438168,-0.0447363741695881,1.44391882419586,16.7195205688477,0.69553530216217,0.0133485104888678,0.145298331975937,0.0041727926582098,0.989289045333862
32.6423568725586,0.0357598774135113,0.0379133000969887,-0.0386487394571304,1.8694281578064,16.7444915771484,0.924555778503418,0.0173133388161659,0.145449489355087,0.00560596585273743,0.989198386669159
33.1559104919434,0.0377196967601776,0.0381281785666943,-0.0388843305408955,1.89033663272858,16.3793621063232,0.903049230575562,0.0174492504447699,0.142298221588135,0.00544935278594494,0.989655077457428
33.6940879821777,0.0329846478998661,0.0387967936694622,-0.0410023368895054,1.56162631511688,16.1396293640137,1.33096957206726,0.0151217943057418,0.140200421214104,0.00958568975329399,0.989961266517639
34.2084922790527,0.0300530139356852,0.0386345684528351,-0.0404854342341423,1.58533596992493,16.0652198791504,1.58895576000214,0.0156345535069704,0.139519944787025,0.0117954928427935,0.990025579929352
34.7404441833496,0.027669794857502,0.0388384461402893,-0.0413672663271427,1.49405908584595,16.2789897918701,1.63777852058411,0.0149284172803164,0.141372680664063,0.0123009094968438,0.98976743221283
35.2650489807129,0.0268427468836308,0.0389313511550426,-0.0436106808483601,1.40102863311768,16.7469310760498,1.54822552204132,0.0140618458390236,0.14543728530407,0.0115851415321231,0.989199757575989
35.7963676452637,0.027307040989399,0.0389132350683212,-0.0416531413793564,1.36206710338593,16.8126010894775,1.65308547019958,0.0138657977804542,0.145996645092964,0.0125319454818964,0.989108502864838
36.3179626464844,0.0295620430260897,0.0383984446525574,-0.0387196987867355,1.59053957462311,16.7463207244873,1.5960373878479,0.0157582871615887,0.145400196313858,0.0117568671703339,0.989177584648132
36.8453826904297,0.0292827077209949,0.0384669229388237,-0.0398244820535183,1.52487468719482,16.7665863037109,1.6495875120163,0.0152616100385785,0.145577058196068,0.0122999604791403,0.989152729511261
37.3869285583496,0.0304232463240623,0.039304219186306,-0.0445543266832829,1.08328521251678,17.8403606414795,1.40101003646851,0.0112339025363326,0.154925659298897,0.0106117026880383,0.987805306911469
37.9336891174316,0.028497040271759,0.0403328537940979,-0.0496582798659801,0.404402107000351,17.9490947723389,1.31902945041656,0.00528120156377554,0.155944272875786,0.0108189824968576,0.987692534923553
38.468822479248,0.0296516641974449,0.040315292775631,-0.0492121316492558,0.473705321550369,18.0035839080811,1.28389549255371,0.0058356779627502,0.156408444046974,0.0104190176352859,0.987620294094086
38.9698257446289,0.0309726931154728,0.0404231213033199,-0.048000380396843,0.298122018575668,17.7663707733154,1.31295335292816,0.00433948310092092,0.154380336403847,0.0109182456508279,0.987941682338715
39.5084342956543,0.0312393270432949,0.0409124195575714,-0.0491736717522144,0.0728308483958244,17.6980094909668,1.27416169643402,0.00233840080909431,0.153814479708672,0.01088881585747,0.98803699016571
40.0531311035156,0.0310189388692379,0.0416925512254238,-0.0486541651189327,359.580780029297,17.746898651123,1.33940136432648,-0.00181147514376789,0.154283225536346,0.0121125318109989,0.98795074224472
40.5821113586426,0.031267587095499,0.0413002856075764,-0.0450844839215279,359.782592773438,17.7135486602783,1.42563164234161,4.09904605476186E-05,0.153976112604141,0.0125843808054924,0.987994432449341
41.1292839050293,0.0331550352275372,0.0406212396919727,-0.0412922725081444,0.152370795607567,17.6653633117676,1.39550352096558,0.00318370712921023,0.153521969914436,0.0118291787803173,0.988069295883179
41.6651916503906,0.0346095226705074,0.0406201221048832,-0.040764681994915,0.373797088861465,17.5521831512451,1.37964034080505,0.00506043853238225,0.152522757649422,0.0114006670191884,0.988221228122711
42.1806869506836,0.0424972027540207,0.0305279213935137,-0.0396093726158142,5.3084888458252,20.1157360076904,1.05592238903046,0.0472026467323303,0.174027800559998,0.000976046547293663,0.983608305454254
42.7199172973633,0.0489659979939461,0.031943503767252,-0.0417418517172337,5.45018243789673,23.0578727722168,1.42847394943237,0.0490695796906948,0.199040576815605,0.00269863125868142,0.978758275508881
43.2482299804688,0.0441237948834896,0.0382314138114452,-0.0403802134096622,0.653030514717102,17.3617191314697,1.2580224275589,0.00729001639410853,0.150857195258141,0.00999209750443697,0.988478183746338
43.776496887207,0.0472394861280918,0.0397450551390648,-0.0335944145917892,359.77197265625,16.541841506958,1.78037929534912,0.00026604876620695,0.143866911530495,0.0156607013195753,0.989473104476929
44.310848236084,0.0509160459041595,0.0373435243964195,-0.0274465791881084,1.5233598947525,17.3968181610107,1.65409827232361,0.0153219057247043,0.15101458132267,0.0122567461803555,0.988336801528931
44.8258018493652,0.0449384748935699,0.0376189202070236,-0.034296490252018,1.26863253116608,17.3282375335693,1.78763866424561,0.0132928006350994,0.150443449616432,0.0137529941275716,0.988433599472046
45.3361167907715,0.0396786257624626,0.0394416674971581,-0.0401132665574551,0.0663165897130966,16.6003456115723,2.02027297019958,0.00311752059496939,0.144326627254486,0.0173611007630825,0.989372909069061
45.8492050170898,0.0436439849436283,0.039881456643343,-0.0346905700862408,359.862365722656,16.3010921478271,1.78837430477142,0.00102359638549387,0.141775757074356,0.0156185077503324,0.989775061607361
46.3540306091309,0.0478089973330498,0.0394669286906719,-0.0282603073865175,0.151685819029808,16.496036529541,1.63673770427704,0.00335886050015688,0.143424928188324,0.0139451194554567,0.989557266235352
46.9083251953125,0.049029964953661,0.0395036265254021,-0.027164276689291,0.123492158949375,16.8115692138672,1.65873754024506,0.00318193715065718,0.146152049303055,0.0141616873443127,0.989155650138855
47.4220199584961,0.0465071499347687,0.0397227145731449,-0.0304466467350721,359.963775634766,16.817892074585,1.75441896915436,0.00192613573744893,0.146225124597549,0.0151912346482277,0.989132821559906
47.9252471923828,0.0417865291237831,0.0403158068656921,-0.0370376966893673,359.624694824219,16.6658992767334,1.94871699810028,-0.000775578489992768,0.144958600401878,0.0172998961061239,0.989286184310913
48.4271545410156,0.0404168404638767,0.0389929413795471,-0.0361795723438263,359.874938964844,16.290599822998,1.83351624011993,0.00118668808136135,0.141682997345924,0.01599295809865,0.989782154560089
48.9286460876465,0.0581030361354351,0.0370181128382683,-0.0152585916221142,359.547760009766,14.9415121078491,1.62028980255127,-0.00207431591115892,0.130061462521553,0.0145321758463979,0.991397261619568
49.4337539672852,0.0716951265931129,0.0353516489267349,0.00534571427851915,0.110943846404552,14.6624574661255,1.19098508358002,0.00228641647845507,0.127588286995888,0.0101846130564809,0.991772294044495
49.9418792724609,0.0719411373138428,0.0348216742277145,0.00960329174995422,0.213198497891426,14.8484544754028,1.14664721488953,0.00313776731491089,0.129189744591713,0.00968192238360643,0.991567671298981
50.447265625,0.0689566284418106,0.0356124900281429,0.00642659049481153,359.915313720703,14.6605386734009,1.12405216693878,0.00051855796482414,0.127589613199234,0.00982316583395004,0.991778254508972
50.9507331848145,0.0672525241971016,0.0359501764178276,0.00285541545599699,359.714569091797,14.5100698471069,1.16628575325012,-0.00118543638382107,0.126304343342781,0.0104106096550822,0.991936206817627
51.4678421020508,0.0671895071864128,0.0358264409005642,0.00203755870461464,359.666412353516,14.4610424041748,1.01033842563629,-0.00177821016404778,0.125881746411324,0.00911299139261246,0.992001831531525
51.9770050048828,0.068422943353653,0.0354540906846523,0.00315028894692659,359.819732666016,14.7355785369873,0.683897793292999,-0.00079489010386169,0.128244936466217,0.00612056162208319,0.991723358631134
52.4800567626953,0.062501348555088,0.0355000682175159,0.00591457169502974,0.130122542381287,14.442102432251,1.1454416513443,0.0023829061537981,0.12568011879921,0.00977368373423815,0.992019832134247
53.032543182373,0.0633328184485435,0.03561045601964,0.00387534499168396,0.0714607387781143,14.890495300293,1.04490029811859,0.0017998730763793,0.129567667841911,0.00896066892892122,0.991528511047363
53.532901763916,0.0647619217634201,0.0354783050715923,-0.00200138241052628,359.985534667969,14.9932336807251,0.86302262544632,0.000857312232255936,0.130464881658554,0.00748333428055048,0.991424322128296
54.040843963623,0.0653451681137085,0.0347333624958992,0.00293560326099396,0.452448546886444,14.86301612854,0.82423985004425,0.00484539614990354,0.1293084025383,0.00662164436653256,0.991570472717285
54.5603942871094,0.0726761370897293,0.0357884727418423,0.00179484696127474,359.195587158203,14.7321739196777,0.368886500597,-0.00654914509505033,0.128227204084396,0.00409248843789101,0.991714775562286
55.1019897460938,0.0777920633554459,0.0399835705757141,0.00515491049736738,356.494537353516,16.9991302490234,0.977301239967346,-0.0289891622960567,0.147985368967056,0.0129513675346971,0.988479733467102
55.630500793457,0.0752911120653152,0.038165308535099,0.0117045370861888,357.552673339844,16.5314807891846,0.984835624694824,-0.0198974553495646,0.14390803873539,0.011573014780879,0.989323377609253
56.168270111084,0.0742270946502686,0.037867859005928,0.00852905306965113,357.824798583984,16.2595977783203,0.775720596313477,-0.0178327821195126,0.141514614224434,0.00938432104885578,0.989731073379517
56.6993751525879,0.0726316720247269,0.0384504720568657,0.00298551842570305,357.355804443359,15.7553634643555,0.652012348175049,-0.0220750980079174,0.137150034308434,0.00879693683236837,0.990265190601349
57.2396278381348,0.0703693628311157,0.0389264822006226,-0.00336112058721483,357.052215576172,15.5760450363159,0.60948520898819,-0.0247633755207062,0.135597243905067,0.00875336304306984,0.990415871143341
57.7646255493164,0.0712166875600815,0.0371799431741238,0.0014052577316761,357.689544677734,15.5702257156372,0.819041013717651,-0.0190069247037172,0.135569915175438,0.0098110381513834,0.990536868572235
58.2917900085449,0.0712351053953171,0.037437729537487,0.00591755006462336,357.693572998047,15.3747043609619,0.600397408008575,-0.0192442294210196,0.133842989802361,0.00788347236812115,0.990784347057343
58.7927017211914,0.0725026056170464,0.0377012453973293,0.0018004821613431,357.6005859375,15.2129182815552,0.435492485761642,-0.0202500503510237,0.132417023181915,0.00653753383085132,0.990965664386749
59.3285140991211,0.0684749409556389,0.0382684245705605,-0.00625468511134386,357.246551513672,15.0040626525879,0.601474285125732,-0.0231351051479578,0.130646884441376,0.00833924580365419,0.991123914718628
59.8680572509766,0.0689255818724632,0.0384236574172974,-0.00941105745732784,356.990997314453,14.8033666610718,0.510481119155884,-0.0254627000540495,0.128895029425621,0.00779844494536519,0.991300642490387
60.420970916748,0.0622638650238514,0.0374972373247147,-0.00967055838555098,357.665740966797,14.8470849990845,1.2204315662384,-0.018821207806468,0.12938404083252,0.0131901791319251,0.991328179836273
60.9652633666992,0.0590484850108624,0.0387293435633183,-0.0170207507908344,356.773193359375,13.977388381958,1.22312867641449,-0.0266465246677399,0.121916607022285,0.0140156876295805,0.992083668708801
61.4996490478516,0.0628976449370384,0.0381597578525543,-0.0134757794439793,356.855743408203,14.510139465332,0.847770750522614,-0.0262811407446861,0.126437097787857,0.0108007760718465,0.991567611694336
62.0413208007813,0.0669468566775322,0.0375698730349541,-0.0109079452231526,357.341735839844,14.881908416748,0.702725887298584,-0.0222057998180389,0.129608169198036,0.00908298976719379,0.991275012493134
62.5867385864258,0.0647401213645935,0.0380564332008362,-0.015604306012392,356.970642089844,14.8995571136475,0.99080890417099,-0.0250882562249899,0.129833579063416,0.011997452005744,0.99114578962326
63.1193656921387,0.0675503835082054,0.037798922508955,-0.0183269418776035,356.984527587891,14.7452974319458,0.431033939123154,-0.0256118085235357,0.128375023603439,0.0071054776199162,0.991369485855103
63.6795349121094,0.0669673681259155,0.0379592105746269,-0.0209614560008049,356.951416015625,14.510796546936,0.443353772163391,-0.025899225845933,0.126348882913589,0.00719610787928104,0.991621613502502
64.2036514282227,0.0652300417423248,0.0372675284743309,-0.0146435927599669,357.302062988281,14.3254699707031,0.930316388607025,-0.0223452486097813,0.124838910996914,0.0109881367534399,0.991864562034607
64.7418594360352,0.0752148106694221,0.035584457218647,-0.0107125863432884,358.22802734375,15.3816766738892,0.75598818063736,-0.014440487138927,0.133909896016121,0.00860636029392481,0.990850925445557
65.2724227905273,0.0703040212392807,0.0372371412813663,-0.0189277250319719,357.516937255859,14.5757293701172,0.635145246982574,-0.0207888670265675,0.126941919326782,0.00824513006955385,0.991657972335815
65.8141021728516,0.0646838396787643,0.0386258363723755,-0.0276541821658611,356.727233886719,15.0227041244507,0.511257946491241,-0.0277281794697046,0.130794331431389,0.00815440621227026,0.99098813533783
66.368034362793,0.0578072890639305,0.0397045388817787,-0.0332252532243729,356.177276611328,14.3115634918213,0.83822238445282,-0.0321818962693214,0.124736964702606,0.0114084137603641,0.991602182388306
66.885612487793,0.0641370937228203,0.0449019744992256,-0.036305733025074,352.917175292969,18.3539581298828,0.980903565883636,-0.0596144534647465,0.159696146845818,0.0182851739227772,0.98519492149353
67.4202499389648,0.0647844523191452,0.0453738979995251,-0.0365981571376324,352.759002685547,17.339225769043,1.16784417629242,-0.0608896277844906,0.151064082980156,0.0195727776736021,0.986452758312225
67.9647979736328,0.0609999522566795,0.0445830896496773,-0.0384806208312511,353.383697509766,16.2355804443359,1.09347069263458,-0.0557800494134426,0.141512021422386,0.0175790544599295,0.988207459449768
68.5006103515625,0.0576529949903488,0.0442976281046867,-0.0377554260194302,353.542388916016,15.9634141921997,1.05763554573059,-0.0544958002865314,0.139145404100418,0.0169461145997047,0.98862612247467
69.0269622802734,0.0600109249353409,0.0439696088433266,-0.0349450632929802,353.657440185547,15.8668642044067,0.883632063865662,-0.0537273697555065,0.138229504227638,0.015260904096067,0.988824069499969
69.5623168945313,0.0631380081176758,0.0434343814849854,-0.0313225165009499,353.842620849609,15.8155374526978,0.733021914958954,-0.0523168072104454,0.137717768549919,0.0137156583368778,0.988993763923645
70.0942611694336,0.0638530105352402,0.0435283146798611,-0.0314861014485359,353.815612792969,15.9484100341797,0.670357406139374,-0.0526097975671291,0.138835415244102,0.0132681280374527,0.988828063011169
70.6218566894531,0.0598334111273289,0.0444387160241604,-0.0342042781412601,353.436187744141,15.6090898513794,0.761702179908752,-0.0558160506188869,0.135945454239845,0.0143485581502318,0.989038705825806
71.1578063964844,0.0556417778134346,0.0447393245995045,-0.0387887097895145,353.260314941406,15.8891439437866,0.73797595500946,-0.0573270171880722,0.138348132371902,0.0144914174452424,0.988616943359375
71.68212890625,0.0526046678423882,0.0450302585959435,-0.0390326157212257,353.098602294922,15.1495542526245,0.760446667671204,-0.0587898939847946,0.131974071264267,0.0145002882927656,0.989402055740356
72.2158889770508,0.0545931495726109,0.0479724742472172,-0.0389260053634644,351.253234863281,16.8511753082275,0.822924673557281,-0.0743815824389458,0.146636113524437,0.0182561874389648,0.986221134662628
72.7424621582031,0.0506135076284409,0.0460589006543159,-0.0343798957765102,352.405944824219,15.9265689849854,1.33994328975677,-0.0639627724885941,0.138991802930832,0.0207284670323133,0.988008260726929
73.2681503295898,0.0506510585546494,0.0458407364785671,-0.0373038128018379,352.504547119141,16.2073287963867,0.930100500583649,-0.0635671243071556,0.141183704137802,0.0172319915145636,0.98779022693634
73.7906188964844,0.0491863004863262,0.0463673882186413,-0.0453347340226173,352.031799316406,16.1669445037842,0.819921135902405,-0.0677838400006294,0.140764430165291,0.0168365612626076,0.987576484680176
74.3242568969727,0.048804298043251,0.0461533665657043,-0.0478858649730682,352.116638183594,16.054500579834,0.514204382896423,-0.0674416273832321,0.139617785811424,0.0140319615602493,0.987806558609009
74.8538436889648,0.0502755679190159,0.0463084876537323,-0.0497632324695587,352.127593994141,17.2724094390869,0.425507873296738,-0.0673105642199516,0.15005686879158,0.0139702493324876,0.986284494400024
75.3819808959961,0.0548672080039978,0.0450823083519936,-0.0475505627691746,352.932312011719,18.6798629760742,0.0546423234045506,-0.0607437416911125,0.162011936306953,0.0104729747399688,0.984861731529236
75.913459777832,0.0565369389951229,0.0433014817535877,-0.0431680269539356,354.097198486328,19.2823600769043,0.196987181901932,-0.0504740849137306,0.167342245578766,0.0103157237172127,0.984551966190338
76.4570846557617,0.0517457351088524,0.0442235060036182,-0.0490259788930416,353.647125244141,19.2162551879883,0.314923524856567,-0.0541754253208637,0.166801691055298,0.0119540318846703,0.984428405761719
76.9896545410156,0.0460581928491592,0.0436126664280891,-0.0479109436273575,354.167633056641,17.8105201721191,1.05095410346985,-0.0488418154418468,0.155055075883865,0.0169240739196539,0.986552596092224
77.5196151733398,0.0440250746905804,0.0431106872856617,-0.0444652810692787,354.408782958984,17.1369152069092,1.59876155853271,-0.0461478903889656,0.149472057819366,0.0210452862083912,0.987464308738708
78.0576782226563,0.0452024824917316,0.0423300229012966,-0.0399597883224487,354.843780517578,16.7449817657471,1.78113603591919,-0.0422357171773911,0.146134778857231,0.0219103582203388,0.988119781017303
78.595947265625,0.0484160706400871,0.0417167730629444,-0.038838479667902,355.355621337891,16.7758617401123,1.68999230861664,-0.0379313342273235,0.146330147981644,0.0204876940697432,0.98829597234726
79.1343231201172,0.0501368492841721,0.0413044430315495,-0.0378761142492294,355.687347412109,17.0943851470947,1.5336058139801,-0.0352174192667007,0.149003386497498,0.0188164915889502,0.988030195236206
79.6665573120117,0.0499447584152222,0.0422744601964951,-0.0404684878885746,355.058776855469,17.4620513916016,1.14310586452484,-0.0410923957824707,0.152072444558144,0.0163936801254749,0.987378656864166
80.2073974609375,0.0477169714868069,0.042527761310339,-0.0402367301285267,355.034240722656,17.2501239776611,1.30505979061127,-0.0411218106746674,0.150305107235909,0.0177454929798841,0.987624704837799
80.752067565918,0.0453128442168236,0.0427407585084438,-0.0405525416135788,354.797943115234,16.7634658813477,1.41279661655426,-0.0430976301431656,0.146159872412682,0.0187989957630634,0.988142967224121
81.2955169677734,0.0473626330494881,0.0419207960367203,-0.0401886738836765,355.160064697266,17.120979309082,1.26123523712158,-0.0401139706373215,0.149171248078346,0.0171585772186518,0.987848341464996
81.8387680053711,0.0494174882769585,0.0426716729998589,-0.0423784665763378,354.798370361328,17.2394943237305,0.988640785217285,-0.0435712486505508,0.150103211402893,0.015321877785027,0.987590909004211
82.3811111450195,0.0505236983299255,0.042159415781498,-0.039342887699604,355.005187988281,17.0509185791016,1.13399946689606,-0.0416248366236687,0.148527249693871,0.016236700117588,0.987898468971252
82.9218292236328,0.0520482435822487,0.0410009808838367,-0.0344566591084003,355.435119628906,16.9925994873047,1.16330862045288,-0.0378878936171532,0.148020565509796,0.0159159936010838,0.98813009262085
83.4633483886719,0.0542101711034775,0.0399270765483379,-0.0304450858384371,355.802795410156,16.9252109527588,1.25864446163177,-0.0346030704677105,0.147454142570496,0.0162453576922417,0.988329887390137
84.0300369262695,0.0684534832835197,0.038072481751442,-0.0273204147815704,356.193023681641,16.8501873016357,359.990753173828,-0.0328694619238377,0.146432787179947,0.00478687649592757,0.988662838935852
84.5705947875977,0.0723431557416916,0.036079790443182,-0.0245406646281481,356.671661376953,16.0854148864746,0.0200524125248194,-0.0287310555577278,0.139857217669487,0.0042363815009594,0.989745736122131
85.1190567016602,0.0785709023475647,0.0292140897363424,-0.0249884277582169,0.797476828098297,18.2074527740479,359.373352050781,0.006006243173033,0.15825366973877,-0.0065006734803319,0.987358868122101
85.6745834350586,0.0770438387989998,0.032658863812685,-0.0223562903702259,358.54443359375,17.079517364502,359.731506347656,-0.0129089625552297,0.14845384657383,-0.00043078328599222,0.988834977149963
86.2261276245117,0.0778836831450462,0.032225139439106,-0.0201314929872751,358.624420166016,17.4135837554932,359.709381103516,-0.0122495424002409,0.151336491107941,-0.00068961875513196,0.988406181335449
86.7841110229492,0.0772825926542282,0.0329100973904133,-0.0224845204502344,358.457489013672,17.1728916168213,359.575622558594,-0.013862551189959,0.149237588047981,-0.00165193702559918,0.988702833652496
87.3342819213867,0.0758921355009079,0.033335518091917,-0.0256487093865871,358.177185058594,17.4122428894043,359.418273925781,-0.0164911635220051,0.151265516877174,-0.00260963989421725,0.988352179527283
87.8850479125977,0.0729606822133064,0.0331205613911152,-0.0211720354855061,358.680328369141,17.6662788391113,0.290974318981171,-0.0109896631911397,0.153575614094734,0.0042773331515491,0.988066554069519
88.442756652832,0.0787006095051765,0.0325261279940605,-0.0231239832937717,358.22412109375,16.7600135803223,359.873291015625,-0.0154924290254712,0.14570327103138,0.00116461410652846,0.989206314086914
88.9953079223633,0.0796605870127678,0.0335014946758747,-0.0193243939429522,357.690856933594,16.7692394256592,0.0578917823731899,-0.0198607202619314,0.145797923207283,0.00343788461759686,0.989109039306641
89.5605010986328,0.0780727863311768,0.0335960239171982,-0.0189834535121918,357.757202148438,17.045862197876,359.921295166016,-0.0194563809782267,0.14816352725029,0.00222142250277102,0.988768994808197
90.1093902587891,0.0714933127164841,0.0344180725514889,-0.0263533852994442,357.361633300781,16.898904800415,359.920288085938,-0.0228744614869356,0.146881982684135,0.00269500981085002,0.988885819911957
90.609619140625,0.0692286640405655,0.0352563038468361,-0.0290299169719219,357.242706298828,16.8304557800293,0.444232106208801,-0.0232332572340965,0.146394744515419,0.00735480291768909,0.98892605304718
91.1641311645508,0.0705684423446655,0.0366854555904865,-0.034329004585743,356.428955078125,16.3872776031494,0.480874627828598,-0.030242033302784,0.142578020691872,0.0085921473801136,0.989284157752991
91.6651611328125,0.0719419792294502,0.0367856547236443,-0.0301815085113049,356.456787109375,16.2541522979736,0.557807683944702,-0.0299168042838573,0.141448810696602,0.00918702129274607,0.989450752735138
92.1655807495117,0.0693915411829948,0.0375984162092209,-0.0335064604878426,356.030120849609,16.3105506896973,0.555006265640259,-0.0335994102060795,0.141935557126999,0.00970484782010317,0.98925793170929
92.6748886108398,0.067122258245945,0.0382040701806545,-0.0369725897908211,355.740783691406,16.3239612579346,0.596915900707245,-0.0360441170632839,0.142063736915588,0.0104283438995481,0.989146053791046
93.2080612182617,0.0679941400885582,0.0381488800048828,-0.0359276086091995,355.800445556641,16.1153621673584,0.280329793691635,-0.0359353087842464,0.140164166688919,0.00755634484812617,0.989447116851807
93.7204437255859,0.0677514225244522,0.0375452190637589,-0.0361109487712383,356.03857421875,16.0484867095947,0.508352160453796,-0.0336054675281048,0.139659151434898,0.00921482406556606,0.989586412906647
94.2264175415039,0.0649837106466293,0.0371068865060806,-0.0388718098402023,356.057312011719,15.9852523803711,0.550166487693787,-0.0333978161215782,0.139125302433968,0.00953468959778547,0.989665508270264
94.74658203125,0.0623020380735397,0.0376398414373398,-0.0454362742602825,355.858337402344,16.2095394134521,0.642338275909424,-0.0349838361144066,0.141089886426926,0.0106401918455958,0.989321291446686
95.2620468139648,0.0616334676742554,0.0387768857181072,-0.0510754138231277,355.380554199219,16.2149963378906,0.518466770648956,-0.0392604768276215,0.141095295548439,0.0101592605933547,0.989165067672729
95.7687759399414,0.0613508597016335,0.0387349650263786,-0.051991980522871,355.347534179688,16.3238143920898,0.461156934499741,-0.0396070219576359,0.142014399170876,0.00974275451153517,0.989023923873901
96.3042755126953,0.0611082911491394,0.0390130318701267,-0.050091240555048,355.341644287109,16.1913394927979,0.510552167892456,-0.0396083109080791,0.140887930989265,0.0101305665448308,0.989181041717529
96.8303833007813,0.0613536909222603,0.0382195822894573,-0.046888180077076,355.563293457031,16.130500793457,0.469769954681396,-0.0377498939633369,0.140351563692093,0.0094866044819355,0.989336371421814
97.3340377807617,0.0624253787100315,0.0377035290002823,-0.0422346517443657,355.870452880859,16.2816047668457,0.606716632843018,-0.0349164791405201,0.141701132059097,0.0103397229686379,0.989239454269409
97.8449020385742,0.062672346830368,0.0377375781536102,-0.0398405939340591,355.902038574219,16.2770385742188,0.465464115142822,-0.0348188020288944,0.141618862748146,0.00907996483147144,0.98926705121994
98.3657302856445,0.0625139996409416,0.0378485359251499,-0.0367960892617702,355.874603271484,16.403190612793,0.50883674621582,-0.0349916443228722,0.142720833420753,0.00952676869928837,0.989098370075226
98.8772354125977,0.0632357746362686,0.0371600165963173,-0.0336713828146458,356.115173339844,16.4492149353027,0.321045935153961,-0.033145759254694,0.143065243959427,0.00762004824355245,0.989128708839417
99.3987808227539,0.0649479106068611,0.0342992842197418,-0.0349164046347141,356.688751220703,15.9550657272339,0.213019981980324,-0.0283545348793268,0.138779789209366,0.00584996305406094,0.98989999294281
99.908332824707,0.0637926161289215,0.0333930850028992,-0.038447480648756,356.83935546875,15.869553565979,0.158705353736877,-0.0271231476217508,0.138030916452408,0.00517824990674853,0.990042984485626
100.41690826416,0.058379840105772,0.0366878658533096,-0.0462205782532692,355.615966796875,16.7595367431641,0.385082840919495,-0.0373505540192127,0.145753398537636,0.00889622792601585,0.988575637340546
100.93669128418,0.0609538853168488,0.0474572330713272,-0.0576077736914158,349.268463134766,24.3780174255371,0.445157319307327,-0.0905879810452461,0.210565596818924,0.0235245265066624,0.973089158535004
101.460456848145,0.0547138676047325,0.0468454584479332,-0.0522634983062744,349.669372558594,22.7561531066895,1.55846917629242,-0.0855801403522491,0.197663232684135,0.0310380011796951,0.976033747196198
101.977127075195,0.0528851337730885,0.0461943112313747,-0.044731643050909,350.495971679688,20.790225982666,2.25331854820251,-0.0779321417212486,0.181382447481155,0.0342183969914913,0.979722499847412
102.490333557129,0.0523577556014061,0.0430423654615879,-0.0413876995444298,352.635894775391,18.945728302002,2.55416417121887,-0.0596678517758846,0.165611699223518,0.0325048416852951,0.983847558498383
103.01197052002,0.0508086420595646,0.0418790802359581,-0.0435558818280697,353.524444580078,17.9772109985352,2.6064784526825,-0.052224088460207,0.15721707046032,0.0312507152557373,0.985687017440796
103.520896911621,0.0491936467587948,0.0399885252118111,-0.0419326908886433,354.530944824219,17.4920768737793,2.8702220916748,-0.0433349311351776,0.153015211224556,0.0319774001836777,0.98675525188446
104.051071166992,0.0459144674241543,0.0402467362582684,-0.044343788176775,354.253204345703,17.3162803649902,2.75779819488525,-0.0459257178008556,0.151498347520828,0.0313040837645531,0.986893713474274
104.569374084473,0.0411339476704597,0.0411890484392643,-0.0502848327159882,353.827239990234,17.05126953125,3.04037070274353,-0.049300529062748,0.149397328495979,0.0341772139072418,0.98695582151413
105.078170776367,0.0411926060914993,0.045044906437397,-0.0638320595026016,351.323303222656,19.6340847015381,2.34837007522583,-0.0710389018058777,0.1715057939291,0.033029206097126,0.982063293457031
105.58570098877,0.0375783853232861,0.0455634407699108,-0.06934604793787,350.926635742188,19.5512027740479,2.36059546470642,-0.0744457915425301,0.170827627182007,0.0336630046367645,0.981907606124878
106.106201171875,0.0384770780801773,0.0432983674108982,-0.058247409760952,352.496673583984,18.4400081634521,2.67651462554932,-0.0608349964022636,0.161347270011902,0.0334847718477249,0.984451591968536
106.624671936035,0.0460379645228386,0.0417825505137444,-0.0404677912592888,353.589111328125,17.9857730865479,2.40882086753845,-0.0519365034997463,0.157193690538406,0.0294670015573502,0.985760867595673
107.140953063965,0.0568412244319916,0.0385818891227245,-0.0285880025476217,355.150512695313,17.59938621521,1.91054844856262,-0.0392550304532051,0.153519377112389,0.0229321680963039,0.987099289894104
107.65486907959,0.0815763100981712,0.0366489067673683,-0.0320471785962582,354.783599853516,18.5272388458252,359.447326660156,-0.0456875562667847,0.160591915249825,0.00257029314525425,0.985959589481354
108.191535949707,0.0846553966403008,0.0373202413320541,-0.0282763205468655,354.421875,17.8838405609131,359.185882568359,-0.0491693951189518,0.154903665184975,0.000553298683371395,0.986705183982849
108.711608886719,0.0795612782239914,0.0375538431107998,-0.0307237580418587,354.140258789063,17.8978824615479,359.193420410156,-0.0515837073326111,0.154991671442986,0.00100695749279112,0.986567676067352
109.222259521484,0.0788269862532616,0.0376190133392811,-0.0337765663862228,353.948699951172,17.661449432373,359.122253417969,-0.0533301569521427,0.152897730469704,0.000544506765436381,0.986801862716675
109.744499206543,0.0818988382816315,0.0374138616025448,-0.0335675962269306,353.830718994141,17.6131763458252,358.916687011719,-0.0546197257936001,0.152368113398552,-0.00109056325163692,0.986812770366669
110.255256652832,0.0846735462546349,0.0367092527449131,-0.0315002985298634,354.216033935547,17.5434055328369,358.818389892578,-0.0514309033751488,0.151781275868416,-0.00248420005664229,0.987071990966797
110.765647888184,0.0825600028038025,0.0372134558856487,-0.0316549502313137,354.033416748047,17.1691951751709,358.941925048828,-0.052835751324892,0.148585721850395,-0.00134911853820086,0.987486124038696
111.325904846191,0.0791218727827072,0.0372385308146477,-0.0328466594219208,353.931823730469,17.1102046966553,358.92919921875,-0.0537269227206707,0.148056387901306,-0.00135383335873485,0.987517535686493
111.83283996582,0.0754512771964073,0.0381222181022167,-0.0317067950963974,353.776885986328,16.8483943939209,359.65283203125,-0.0541374534368515,0.146121487021446,0.00495958980172873,0.98777174949646
112.333290100098,0.0764395445585251,0.0376116149127483,-0.0359124429523945,353.960754394531,17.3084926605225,359.927612304688,-0.0521729961037636,0.150229573249817,0.00730293896049261,0.987246513366699
112.837959289551,0.0764468461275101,0.0379163883626461,-0.0340331085026264,353.639434814453,16.165283203125,359.822113037109,-0.0551446750760078,0.140299305319786,0.00626571057364345,0.988552451133728
113.350151062012,0.0779424905776978,0.0373188965022564,-0.0356524176895618,353.873840332031,16.6235980987549,359.385070800781,-0.0536480732262135,0.144067615270615,0.00242210202850401,0.988109588623047
113.905471801758,0.0739202424883842,0.037625465542078,-0.0367567166686058,353.733276367188,16.3637561798096,359.880401611328,-0.0542520619928837,0.142046555876732,0.00674734450876713,0.988349139690399
114.41805267334,0.0683125779032707,0.0375446155667305,-0.0306858606636524,354.220306396484,14.1536417007446,0.769016742706299,-0.0492050684988499,0.123376339673996,0.0128624057397246,0.991055846214294
114.925262451172,0.0624434389173985,0.037871427834034,-0.0383538417518139,354.430908203125,13.5650291442871,1.71965110301971,-0.0464648753404617,0.118672110140324,0.020620359107852,0.991631388664246
115.438079833984,0.0614253133535385,0.0388808697462082,-0.0417994372546673,353.917114257813,13.7064542770386,1.74289810657501,-0.050860732793808,0.119945704936981,0.0214096438139677,0.991245627403259
115.944923400879,0.0655834376811981,0.0388253405690193,-0.0393317937850952,353.937072753906,14.1916313171387,1.56589663028717,-0.0507887601852417,0.124061740934849,0.0200731046497822,0.990770578384399
116.457260131836,0.0669487342238426,0.0387021936476231,-0.039187353104353,353.908081054688,14.2315120697021,1.39673948287964,-0.0512160286307335,0.124332837760448,0.0186593998223543,0.990742206573486
116.958656311035,0.0654637590050697,0.0425652898848057,-0.0458826348185539,351.607421875,16.5845642089844,1.49938714504242,-0.0705202743411064,0.144771367311478,0.023465134203434,0.986669957637787
117.463256835938,0.0633435174822807,0.0430927835404873,-0.0493531823158264,351.347686767578,16.9940204620361,1.46430194377899,-0.0727172419428825,0.148278117179871,0.0237468872219324,0.985982716083527
118.016677856445,0.0629459321498871,0.0429332032799721,-0.0512599945068359,351.335357666016,16.9425048828125,1.18880236148834,-0.0731890648603439,0.147659465670586,0.021359171718359,0.986095249652863
118.538566589355,0.0635307505726814,0.0423490405082703,-0.0468836687505245,351.6845703125,16.5712623596191,1.38670337200165,-0.0700007304549217,0.144586443901062,0.0223905071616173,0.986759006977081
119.044059753418,0.0638169497251511,0.0417021550238132,-0.0407474115490913,352.043853759766,16.4406833648682,1.42579138278961,-0.0668819174170494,0.143479079008102,0.0222030021250248,0.987141132354736
119.604110717773,0.0650851428508759,0.0416855849325657,-0.0384806245565414,352.150421142578,16.6473369598389,1.33979606628418,-0.0660327300429344,0.145207405090332,0.0214494131505489,0.986962199211121
120.156127929688,0.0684798434376717,0.0416197739541531,-0.03550760820508,352.331787109375,16.6942806243896,1.21926057338715,-0.0646147206425667,0.145541086792946,0.0202102717012167,0.987033069133759
120.704574584961,0.0694852471351624,0.0410043336451054,-0.0340666510164738,352.488250732422,16.7747097015381,1.08315396308899,-0.0634262412786484,0.146157443523407,0.0188854970037937,0.987045288085938
121.257850646973,0.0647643432021141,0.0410652048885822,-0.0361393392086029,352.472595214844,16.4344520568848,1.29615473747253,-0.0633505880832672,0.143343955278397,0.0205519255250692,0.987429440021515
121.805191040039,0.0620722398161888,0.0412880443036556,-0.0367755331099033,352.366271972656,16.4530181884766,1.4144024848938,-0.0641153827309608,0.143571779131889,0.0217127911746502,0.987322092056274
122.363388061523,0.0629535764455795,0.0412795878946781,-0.0356955826282501,352.339752197266,16.5186100006104,1.28974151611328,-0.064488373696804,0.144067421555519,0.0207084994763136,0.987247169017792
122.910369873047,0.0632713362574577,0.0414117611944675,-0.0388403199613094,352.371337890625,16.6731071472168,1.26222884654999,-0.0642230734229088,0.145382538437843,0.0205187555402517,0.987075686454773
123.465705871582,0.0605055242776871,0.0419138260185719,-0.0456887558102608,351.978210449219,16.6291370391846,1.10881817340851,-0.0678118243813515,0.144916564226151,0.0196652337908745,0.986921489238739
124.025337219238,0.0575673952698708,0.0422636643052101,-0.0474821291863918,351.818023681641,16.6291942596436,1.27112329006195,-0.0689864531159401,0.145013988018036,0.0212636683136225,0.986792623996735
124.588966369629,0.0588285513222218,0.042057279497385,-0.0461258143186569,351.748748779297,16.6743316650391,1.21525657176971,-0.0696454346179962,0.145369067788124,0.0208967234939337,0.986701905727386
125.143424987793,0.0612752884626389,0.0420165061950684,-0.0457402318716049,351.798461914063,16.6801528930664,0.993537485599518,-0.0694975107908249,0.145284980535507,0.0189286191016436,0.986764490604401
125.69938659668,0.0608900189399719,0.0427444130182266,-0.047685768455267,351.479034423828,17.0509452819824,0.927960515022278,-0.072270542383194,0.148429527878761,0.0189995020627975,0.986095666885376
126.263412475586,0.0593661144375801,0.041608989238739,-0.044824380427599,352.360229492188,17.4592475891113,0.778661251068115,-0.0648179650306702,0.151878654956818,0.0168122574687004,0.986128270626068
126.825653076172,0.0545847080647945,0.0393631309270859,-0.0439193807542324,353.419342041016,18.0488204956055,1.32926285266876,-0.0548647791147232,0.157243669033051,0.0204394590109587,0.985822796821594
127.386116027832,0.050160251557827,0.0377711951732635,-0.045712660998106,354.394500732422,17.4042549133301,2.13842964172363,-0.0455064848065376,0.151992157101631,0.0258201658725739,0.986995875835419
127.920692443848,0.0437241792678833,0.0385924726724625,-0.0629985854029655,354.017608642578,17.6942272186279,1.83100831508636,-0.0491011440753937,0.154393091797829,0.0237908456474543,0.986501812934875
128.470352172852,0.0373883992433548,0.0391649790108204,-0.0718449652194977,354.962799072266,17.9606819152832,1.71864783763885,-0.0410614684224129,0.156578198075294,0.0216579791158438,0.986573994159698
129.029098510742,0.0442416630685329,0.0397092625498772,-0.0493076592683792,357.181823730469,17.9520721435547,1.82256722450256,-0.0218058601021767,0.156340762972832,0.0195409040898085,0.987269103527069
129.573593139648,0.0513489469885826,0.0348670706152916,-0.0300810039043427,358.220916748047,19.847505569458,1.10427641868591,-0.0136312451213598,0.172456085681915,0.0121665298938751,0.984847784042358
130.110946655273,0.0406917408108711,0.028457298874855,-0.0256280656903982,1.48662197589874,20.714282989502,1.34694528579712,0.0148736052215099,0.179605826735497,0.00922941043972969,0.98358291387558
130.664916992188,0.0362570658326149,0.0148451440036297,-0.0361953228712082,9.24228000640869,23.4860401153564,0.631678760051727,0.0799975022673607,0.202422961592674,-0.0110173914581537,0.975963115692139
131.212585449219,0.0381804890930653,0.0138928471133113,-0.0415475144982338,9.82352352142334,24.300853729248,0.260689914226532,0.0841802433133125,0.209515139460564,-0.0158056560903788,0.97404682636261
131.77099609375,0.0412285998463631,0.0232364255934954,-0.0366889461874962,4.24654293060303,21.2214641571045,0.317295491695404,0.0369254425168037,0.183907493948936,-0.00410240981727839,0.982241153717041
132.318099975586,0.041380513459444,0.0290484614670277,-0.0293065123260021,1.11146593093872,19.0099468231201,1.01493322849274,0.0110281761735678,0.165034249424934,0.00713324407115579,0.986200392246246
132.87922668457,0.029576487839222,0.0297229345887899,-0.0296539664268494,0.648407638072968,11.6824884414673,1.1228187084198,0.00662592193111777,0.101710766553879,0.00917141232639551,0.994749665260315
133.413696289063,0.0270416364073753,0.0303222499787807,-0.0379794985055923,0.316288620233536,11.4120683670044,1.07606136798859,0.00367995747365057,0.0993939936161041,0.00906929187476635,0.995000064373016
133.973587036133,0.0258353408426046,0.0299575440585613,-0.039168942719698,0.395828485488892,11.2914552688599,1.21931838989258,0.00448405975475907,0.0983344316482544,0.0102488817647099,0.99509060382843
134.525604248047,0.0295868590474129,0.0264192596077919,-0.0404640287160873,2.58370518684387,12.5145845413208,0.752442955970764,0.0231258720159531,0.108816184103489,0.00406825635582209,0.993784546852112
135.074188232422,0.0271177627146244,0.0276419576257467,-0.0360741764307022,1.96453642845154,11.3784894943237,0.901241540908813,0.017837543040514,0.0989811792969704,0.00612546363845468,0.994910597801208
135.627517700195,0.026375986635685,0.0282786823809147,-0.0370738245546818,1.90002286434174,10.9618434906006,0.958641171455383,0.0173026137053967,0.0953597575426102,0.00674265529960394,0.995269656181335
136.166885375977,0.0205976963043213,0.0290951263159513,-0.0442557483911514,1.37045729160309,11.079948425293,1.42287182807922,0.0131010450422764,0.0963780432939529,0.0112032433971763,0.995195508003235
136.709259033203,0.0182889439165592,0.0289965644478798,-0.0496030673384666,1.3503246307373,11.8655700683594,1.48075473308563,0.0130549510940909,0.103194437921047,0.0116336960345507,0.994507491588593
137.261337280273,0.0230307765305042,0.0292710140347481,-0.0462701246142387,1.15649044513702,11.9878749847412,1.21138799190521,0.0111401937901974,0.104305975139141,0.00945903640240431,0.994437873363495
137.825057983398,0.0334260389208794,0.0284607391804457,-0.0310164391994476,1.78008592128754,11.5248165130615,0.911821722984314,0.0162533931434155,0.100265264511108,0.00635632360354066,0.994807720184326
138.364028930664,0.038586750626564,0.0284811835736036,-0.0217393320053816,1.86065435409546,11.3793859481812,0.794026076793671,0.0168430469930172,0.0990133509039879,0.00528441835194826,0.994929611682892
138.914688110352,0.033490601927042,0.0300121549516916,-0.0260137859731913,1.36217713356018,11.1175241470337,1.15884637832642,0.0128099638968706,0.0967351347208023,0.00891301315277815,0.995187819004059
139.468475341797,0.0316562540829182,0.0301378183066845,-0.0310208685696125,0.99249404668808,11.4679279327393,1.06782519817352,0.00954828877002001,0.0998211875557899,0.0084061436355114,0.994924068450928
140.008972167969,0.0352823883295059,0.0297814402729273,-0.0276931561529636,1.0374516248703,11.6573877334595,0.869210660457611,0.00977656524628401,0.10147912055254,0.00662631308659911,0.994767546653748
140.568572998047,0.0369452834129333,0.0300765261054039,-0.0279303267598152,1.03994798660278,12.1918210983276,0.663123905658722,0.0096381613984704,0.106134727597237,0.00479015661403537,0.994293510913849
141.124114990234,0.0346163846552372,0.0304578170180321,-0.0335055328905582,0.83265084028244,12.5135765075684,0.663496851921082,0.00785379484295845,0.108938120305538,0.00496354000642896,0.994005143642426
141.665740966797,0.0238333232700825,0.031804371625185,-0.0347482822835445,359.665985107422,5.17334175109863,359.082580566406,-0.00327303796075284,0.0451056398451328,-0.00786618608981371,0.998945891857147
142.229919433594,0.0184562131762505,0.0322088450193405,-0.0291579347103834,359.461181640625,359.624420166016,359.797576904297,-0.00469613773748279,-0.00328585086390376,-0.00178175233304501,0.999981999397278
142.769546508789,0.0239749103784561,0.0310592278838158,-0.0169006548821926,0.163693502545357,359.390594482422,359.460784912109,0.00145348382648081,-0.00531133310869336,-0.00469796033576131,0.999973833560944
143.340789794922,0.0222298093140125,0.0304827746003866,-0.010701741091907,0.583649754524231,359.277191162109,359.484710693359,0.00512149464339018,-0.00628472771495581,-0.0044645587913692,0.999957203865051
143.909408569336,0.0255854800343513,0.0311541799455881,-0.0192922465503216,0.452788680791855,8.2191104888916,0.14514434337616,0.00403192406520247,0.0716581866145134,0.000980190234258771,0.997420608997345
144.449066162109,0.0392567217350006,0.0355899892747402,-0.0299362801015377,357.689331054688,17.936393737793,0.166435688734055,-0.0196901261806488,0.155883282423019,0.00457750866189599,0.987568616867065
145.010131835938,0.0447815582156181,0.0376413501799107,-0.0320399776101112,356.584991455078,20.9979877471924,0.253348290920258,-0.0288956686854362,0.182201683521271,0.00760249607264996,0.982807099819183
145.540924072266,0.044809628278017,0.0389320850372314,-0.0298901572823524,355.891662597656,22.1569766998291,0.531138598918915,-0.0342859476804733,0.192191034555435,0.0114332903176546,0.98069179058075
146.101226806641,0.0477547273039818,0.0402233377099037,-0.0346095599234104,355.050537109375,22.390453338623,0.0256044194102287,-0.0423137210309505,0.193981006741524,0.00860224105417728,0.980054557323456
146.672744750977,0.0478694662451744,0.0412629507482052,-0.0373997986316681,354.503784179688,21.6224040985107,0.0415894128382206,-0.0470261387526989,0.187374711036682,0.00934931356459856,0.98111766576767
147.219573974609,0.0481315217912197,0.0411289036273956,-0.0354209020733833,354.520874023438,20.6310272216797,0.162564441561699,-0.0467698760330677,0.17893049120903,0.00995291117578745,0.982699036598206
147.774932861328,0.0489357262849808,0.0406704507768154,-0.0314202718436718,354.746856689453,20.1602878570557,0.23842853307724,-0.0447549819946289,0.174935147166252,0.010067155584693,0.983510732650757
148.321563720703,0.0501206144690514,0.0403365157544613,-0.0298809558153152,354.893463134766,19.9797477722168,0.269266784191132,-0.0434654615819454,0.173404529690742,0.0100398128852248,0.983839929103851
148.851470947266,0.049384992569685,0.0405168198049068,-0.0318069905042648,354.799224853516,19.9486293792725,0.246667295694351,-0.0443115383386612,0.173124104738235,0.00997619982808828,0.98385214805603
149.420700073242,0.0469557121396065,0.0411759093403816,-0.0356463640928268,354.520782470703,19.9844627380371,0.299709439277649,-0.0466184131801128,0.173438847064972,0.0108662704005837,0.983680665493011
150.000259399414,0.0483769103884697,0.0455464497208595,-0.0407075472176075,351.797088623047,21.992208480835,0.172109320759773,-0.0699237212538719,0.190358996391296,0.0151129700243473,0.979104578495026
150.554321289063,0.0465261973440647,0.0449944138526917,-0.0406120605766773,351.983428955078,20.7246055603027,0.330928236246109,-0.0682421177625656,0.179629817605019,0.0154069568961859,0.981243491172791
151.112594604492,0.0464065596461296,0.0439389385282993,-0.0333431139588356,352.590637207031,19.4384021759033,0.654927611351013,-0.0627225637435913,0.168828159570694,0.0165293999016285,0.983508884906769
151.642913818359,0.0481761023402214,0.0435369312763214,-0.0246365107595921,352.963806152344,18.734073638916,0.962824463844299,-0.0591784119606018,0.162954598665237,0.0182615760713816,0.984687924385071
152.191253662109,0.0492001473903656,0.0431569069623947,-0.0209564361721277,353.427581787109,18.5806922912598,0.889471888542175,-0.0553190410137177,0.161606326699257,0.0169015321880579,0.985158681869507
152.752334594727,0.0460461899638176,0.0433601289987564,-0.0278790127485991,353.237121582031,18.7123241424561,0.746855318546295,-0.0571393482387066,0.162663906812668,0.0160083156079054,0.984895586967468
153.283432006836,0.0436847545206547,0.0435102097690105,-0.0322984680533409,353.028869628906,18.4171333312988,1.01588952541351,-0.0585952475667,0.160258516669273,0.0184636730700731,0.985161364078522
153.814300537109,0.0431265980005264,0.0435601621866226,-0.0335751287639141,352.957916259766,18.5466403961182,1.01851010322571,-0.0591804757714272,0.161372467875481,0.0186516400426626,0.984941005706787
154.352828979492,0.0429895594716072,0.0430241748690605,-0.0324613787233829,353.246734619141,18.4230842590332,1.06915557384491,-0.0566462464630604,0.16033761203289,0.0186218898743391,0.985259473323822
154.880218505859,0.0413657203316689,0.0428068339824677,-0.0366471335291862,353.326141357422,18.4252815246582,1.09604954719543,-0.0559252128005028,0.160369768738747,0.0187438204884529,0.98529314994812
155.422317504883,0.0461445823311806,0.0193322356790304,-0.0368196964263916,6.94623947143555,19.549840927124,0.757677674293518,0.0608199648559093,0.169067874550819,-0.0037809987552464,0.983718812465668
155.958923339844,0.0569256544113159,0.0208864770829678,-0.0315788872539997,5.92295598983765,18.2950229644775,359.706878662109,0.0506011918187141,0.158894464373589,-0.0107355266809464,0.985939562320709
156.467864990234,0.0543254613876343,0.0277031548321247,-0.034447580575943,1.28752386569977,17.0837230682373,0.140083387494087,0.0112924538552761,0.148508906364441,-0.000460012175608426,0.98884654045105
157.014282226563,0.0527661927044392,0.0289898477494717,-0.0423558689653873,0.387003123760223,16.590295791626,0.0905677080154419,0.00345592433586717,0.144268900156021,0.000294837867841125,0.989532470703125
157.562118530273,0.0521765872836113,0.0287970844656229,-0.0415909960865974,0.284098893404007,15.6683034896851,0.395738810300827,0.00292680086567998,0.13629637658596,0.00308329123072326,0.99065899848938
158.122360229492,0.0537932589650154,0.0289054103195667,-0.0372719168663025,0.241806924343109,15.7593383789063,0.475008219480515,0.00265849940478802,0.137082919478416,0.00381678342819214,0.990548670291901
158.655700683594,0.0545287728309631,0.029185900464654,-0.0347231142222881,0.295182645320892,15.9654989242554,0.552274346351624,0.00322026433423162,0.138860583305359,0.0044150366447866,0.990296840667725
159.165863037109,0.0552311837673187,0.0293164066970348,-0.0379185751080513,0.0414624288678169,15.8314533233643,0.435561209917068,0.000881834945175797,0.137714043259621,0.00371493329294026,0.990464687347412
159.6875,0.0555880218744278,0.0295843407511711,-0.0364694744348526,359.875122070313,15.7920837402344,0.483926862478256,-0.000499214744195342,0.137379378080368,0.00433270214125514,0.990508913993835
160.191207885742,0.0525038167834282,0.0298954080790281,-0.0369579568505287,359.763214111328,15.6385307312012,0.749425530433655,-0.00115739519242197,0.136058896780014,0.00676022935658693,0.990677058696747
160.737030029297,0.0493825897574425,0.0302167218178511,-0.0303334295749664,359.637390136719,13.7417793273926,1.72185623645782,-0.00134372967295349,0.119665533304214,0.0152959963306785,0.992695569992065
161.278076171875,0.0444366559386253,0.0320287793874741,-0.0339390859007835,358.858642578125,12.757924079895,2.01493978500366,-0.00794333219528198,0.111255377531052,0.0185794532299042,0.993586421012878
161.818420410156,0.041098490357399,0.0324876792728901,-0.0336640141904354,358.735595703125,12.2266025543213,2.42047715187073,-0.0087193688377738,0.106696382164955,0.022174458950758,0.994006097316742
162.354293823242,0.043159794062376,0.033044844865799,-0.0323476307094097,358.536529541016,12.7771272659302,2.15979099273682,-0.0105923442170024,0.111480928957462,0.0201488174498081,0.993505835533142
162.85905456543,0.0406221449375153,0.0337459295988083,-0.0401102639734745,358.022644042969,12.8340845108032,1.89840245246887,-0.0152930859476328,0.112016595900059,0.0183878932148218,0.993418514728546
163.427932739258,0.0325996689498425,0.0343818180263042,-0.0467827841639519,358.014221191406,12.247314453125,2.33821892738342,-0.0150496046990156,0.106987945735455,0.0221320278942585,0.993900120258331
163.935546875,0.0278028473258018,0.0336530432105064,-0.0550483949482441,358.568481445313,12.1767091751099,2.79287719726563,-0.00983330793678761,0.106324903666973,0.0255552195012569,0.993954360485077
164.437194824219,0.0257177576422691,0.0340370796620846,-0.0566541627049446,358.432159423828,12.1608619689941,2.70348143577576,-0.011102294549346,0.106205992400646,0.0249040406197309,0.993970215320587
164.998718261719,0.0316269733011723,0.0330376587808132,-0.0474851317703724,358.868530273438,12.5177602767944,2.39129018783569,-0.00753811188042164,0.109196700155735,0.0218172669410706,0.993752121925354
165.561798095703,0.0545873045921326,0.00584219768643379,-0.0224415753036737,15.5352821350098,19.5680198669434,1.34617459774017,0.135158970952034,0.166798964142799,-0.0114958416670561,0.976615607738495
166.078552246094,0.0815540924668312,0.00469305505976081,-0.0207800064235926,16.228816986084,31.7420196533203,359.865325927734,0.135451257228851,0.2708939909935,-0.0397197678685188,0.952203631401062
166.611251831055,0.0943814739584923,-0.00527155445888638,-0.0228206440806389,20.9920291900635,35.6012725830078,356.196746826172,0.16337588429451,0.306180685758591,-0.086725078523159,0.933831095695496
167.190933227539,0.0878746658563614,-0.0139047689735889,-0.0276672691106796,24.7334041595459,30.3488464355469,354.138793945313,0.193357840180397,0.26591819524765,-0.104185707867146,0.938640296459198
167.764663696289,0.080188624560833,-0.015076108276844,-0.0324715487658978,25.2176456451416,29.345365524292,354.672454833984,0.199458479881287,0.256735235452652,-0.0991082265973091,0.940468430519104
168.287338256836,0.0577406324446201,0.0229041241109371,-0.0208582077175379,4.3618860244751,17.8254432678223,359.877807617188,0.0374308489263058,0.154857516288757,-0.0069485018029809,0.987203121185303
168.801849365234,0.0457503460347652,0.0336216762661934,-0.0188097879290581,358.361755371094,12.3132877349854,1.58873188495636,-0.0127252759411931,0.107422821223736,0.0153155224397779,0.994014024734497
169.379211425781,0.0511426515877247,0.0358489230275154,-0.0202191025018692,357.235229492188,12.8411016464233,1.13139724731445,-0.0228685420006514,0.112024061381817,0.0125059923157096,0.993363618850708
169.94352722168,0.0538327693939209,0.0366549119353294,-0.0221397485584021,356.69140625,13.4094495773315,0.659152507781982,-0.0279997643083334,0.11686697602272,0.00908091198652983,0.992711365222931
170.518478393555,0.0501518994569778,0.0370350517332554,-0.028987143188715,356.354461669922,13.519305229187,0.726626992225647,-0.0308402739465237,0.117843069136143,0.0100375851616263,0.992502510547638
171.06086730957,0.0459598898887634,0.0371939726173878,-0.0315324105322361,356.291290283203,13.4864454269409,0.792034327983856,-0.0313231125473976,0.117577753961086,0.010659827850759,0.992512345314026
171.608993530273,0.0472971200942993,0.0374991782009602,-0.0347998067736626,356.106140136719,13.6429471969604,0.532817363739014,-0.0331808887422085,0.118863105773926,0.00864933244884014,0.992318391799927
172.170104980469,0.0495520532131195,0.0384962521493435,-0.0387888923287392,355.710723876953,13.6303863525391,0.169535890221596,-0.0369823202490807,0.11863899230957,0.00590878492221236,0.992230892181396
172.729431152344,0.049804575741291,0.0382140763103962,-0.0374054796993732,355.825714111328,13.486891746521,0.214643374085426,-0.0359475128352642,0.117413438856602,0.00613541249185801,0.992413341999054
173.27995300293,0.0487491264939308,0.0382670238614082,-0.0367147214710712,355.665863037109,13.5896158218384,0.373947232961655,-0.0371619015932083,0.118351273238659,0.00771190505474806,0.992246210575104
173.854125976563,0.0474184229969978,0.0383240729570389,-0.0398522689938545,355.506683349609,13.4766101837158,0.412111729383469,-0.0385089181363583,0.117383755743504,0.00816843658685684,0.992306113243103
174.418960571289,0.0461603403091431,0.0388033054769039,-0.044057834893465,355.267974853516,13.6307621002197,0.43805268406868,-0.0405376255512238,0.118725180625916,0.00869150087237358,0.992061257362366
174.974685668945,0.0453366599977016,0.0393013320863247,-0.0438020303845406,355.158599853516,13.5664720535278,0.301178991794586,-0.0416307337582111,0.118117853999138,0.00759625574573874,0.992097437381744
175.522003173828,0.0464321821928024,0.0376766175031662,-0.0378524772822857,356.138854980469,13.4030475616455,0.446700602769852,-0.0330035164952278,0.116760447621346,0.00780068943277001,0.992580950260162
176.075729370117,0.0446803718805313,0.0360614620149136,-0.0350449867546558,357.119659423828,12.5096855163574,0.622817516326904,-0.0243911072611809,0.109050661325455,0.00813924986869097,0.993703603744507
176.630081176758,0.0404842868447304,0.03668562322855,-0.0417348742485046,356.687957763672,12.9897193908691,0.870543479919434,-0.0278536640107632,0.113281704485416,0.0108137233182788,0.99311351776123
177.201080322266,0.0390053391456604,0.0372226759791374,-0.0424256063997746,356.437744140625,13.0989217758179,0.975065946578979,-0.0299075115472078,0.114264383912086,0.0119943972676992,0.992927670478821
177.746536254883,0.0432919003069401,0.0369706898927689,-0.0378451570868492,356.585296630859,13.0307207107544,0.731155216693878,-0.0288777928799391,0.113605760037899,0.00971716549247503,0.993058621883392
178.309158325195,0.0468098931014538,0.0368730612099171,-0.0395899899303913,356.580535888672,13.2278213500977,0.471562713384628,-0.0291634015738964,0.115248031914234,0.00752237113192677,0.99288010597229
178.862777709961,0.0448804050683975,0.0370059385895729,-0.0472038611769676,356.327453613281,13.3322086334229,0.347199767827988,-0.0314751043915749,0.11611945182085,0.00672753993421793,0.992713630199432
179.421279907227,0.0420704148709774,0.0379169918596745,-0.0521185025572777,355.837524414063,13.1995973587036,0.487572729587555,-0.0355868861079216,0.115010298788548,0.0083978371694684,0.992691159248352
179.982452392578,0.0444944798946381,0.0379566922783852,-0.0463195480406284,355.956268310547,12.9961290359497,0.54645186662674,-0.0345144085586071,0.113265074789524,0.00872775819152594,0.992926776409149
180.542877197266,0.0488212294876575,0.0376504026353359,-0.0361294597387314,356.406860351563,13.1097230911255,0.760858118534088,-0.0303876977413893,0.114302687346935,0.0101718129590154,0.992929041385651
181.102325439453,0.0456553064286709,0.0383161008358002,-0.0379373282194138,355.834106445313,13.1481895446777,1.03187668323517,-0.0350756123661995,0.114732854068279,0.0131006306037307,0.992690563201904
181.656433105469,0.032842468470335,0.0390381775796413,-0.0478697344660759,355.665313720703,12.0798692703247,1.78927159309387,-0.0359620191156864,0.105720728635788,0.0194947365671396,0.993554174900055
182.214401245117,0.0293020382523537,0.0401254668831825,-0.0496607981622219,354.789337158203,12.8026762008667,2.02824211120605,-0.0431941188871861,0.112158961594105,0.022637477144599,0.992492914199829
182.786239624023,0.0385274738073349,0.0395699813961983,-0.0449572652578354,355.041351318359,13.2730484008789,1.38320851325989,-0.0415722541511059,0.115972444415092,0.0169774610549212,0.992236852645874
183.362121582031,0.0442220605909824,0.038990430533886,-0.0393599085509777,355.435638427734,13.1437549591064,1.21118879318237,-0.0383484214544296,0.114770509302616,0.0150488810613751,0.992537498474121
183.924377441406,0.0420537702739239,0.0391387343406677,-0.0418435968458652,355.397583007813,12.9603147506714,1.32179367542267,-0.0385930687189102,0.113220781087875,0.0159829631447792,0.992691397666931
184.516464233398,0.0392355136573315,0.0391152687370777,-0.0434251166880131,355.45458984375,12.7878074645996,1.48662567138672,-0.0379622355103493,0.111777484416962,0.0172978807240725,0.992857217788696
185.079986572266,0.0377484895288944,0.0386065021157265,-0.0440792329609394,355.603240966797,12.5807437896729,1.60416531562805,-0.0365921072661877,0.110009670257568,0.018106535077095,0.993091702461243
185.637542724609,0.0370408408343792,0.0360263995826244,-0.0454435311257839,357.22265625,12.3261518478394,1.46572005748749,-0.0227196384221315,0.107626527547836,0.0153143778443336,0.993813812732697
186.213729858398,0.0378168672323227,0.0296146254986525,-0.0469381250441074,1.01694095134735,13.0869302749634,1.23811554908752,0.0100472280755639,0.113850519061089,0.00972234457731247,0.993399500846863
186.758697509766,0.032449584454298,0.0303587391972542,-0.0450893044471741,1.04556620121002,12.2736148834229,1.84209048748016,0.0107890479266644,0.106738731265068,0.0150065254420042,0.99411529302597
187.320358276367,0.0330698564648628,0.0304709002375603,-0.0477283149957657,1.04621875286102,12.5261287689209,1.5312637090683,0.0105322422459722,0.10895798355341,0.0122861722484231,0.993914663791656
187.878860473633,0.0323073789477348,0.0305898319929838,-0.0452655740082264,1.1165668964386,12.635290145874,1.78059756755829,0.011393116787076,0.109871424734592,0.0143708512187004,0.993776619434357
188.456680297852,0.0367892049252987,0.0313594378530979,-0.0348393842577934,0.581034123897552,12.8410758972168,1.68032610416412,0.00667779380455613,0.111737810075283,0.0140039874240756,0.99361664056778
189.027725219727,0.0381983742117882,0.031498521566391,-0.0314488410949707,0.562164425849915,12.5281934738159,1.77154171466827,0.00656265066936612,0.109021693468094,0.0148313036188483,0.993907034397125
189.568008422852,0.0361157283186913,0.0320366807281971,-0.0410716682672501,0.0442367233335972,12.5680255889893,1.73640298843384,0.00204220949672163,0.109438568353653,0.0150191020220518,0.99387800693512
190.12434387207,0.0384391099214554,0.0324927344918251,-0.0474655367434025,359.742828369141,12.7146911621094,1.43877303600311,-0.000839973159600049,0.110748074948788,0.012726572342217,0.993766665458679
190.688461303711,0.0398577675223351,0.0323905013501644,-0.048556424677372,-0.00521562341600657,12.6710109710693,1.48626518249512,0.00138598144985735,0.110341541469097,0.0128955589607358,0.993809103965759
191.257125854492,0.0427801832556725,0.0320536494255066,-0.0405959226191044,0.195033699274063,12.4286956787109,1.51752829551697,0.00312532065436244,0.108216255903244,0.0129804909229279,0.994037806987762
191.80793762207,0.0443470738828182,0.0315744914114475,-0.0337946601212025,0.441649585962296,12.3039588928223,1.5427405834198,0.00527428556233644,0.107104010879993,0.012971923686564,0.994149208068848
192.365875244141,0.0429546162486076,0.0320395715534687,-0.0372768491506577,0.152251377701759,12.3037776947021,1.47357153892517,0.00269890855997801,0.107138581573963,0.0126425484195352,0.994160056114197
192.929611206055,0.0415656752884388,0.0328197702765465,-0.0443112961947918,359.718933105469,12.620454788208,1.4364070892334,-0.00106000143568963,0.109933324158192,0.0127282729372382,0.993856906890869
193.437561035156,0.0392029620707035,0.0329994894564152,-0.0472497828304768,359.646545410156,12.5539560317993,1.63204431533813,-0.00150846783071756,0.109366975724697,0.0144935408607125,0.993894636631012
193.991836547852,0.0377689525485039,0.0327366143465042,-0.0460962802171707,359.764923095703,12.3467226028442,1.69432818889618,-0.000449235725682229,0.10755529999733,0.0149200633168221,0.994087040424347
194.541961669922,0.0385778769850731,0.0324732922017574,-0.0468494296073914,359.788024902344,12.5132350921631,1.62677156925201,-0.000291626784019172,0.108996622264385,0.0143127897754312,0.99393904209137
195.112319946289,0.0375442281365395,0.0324452891945839,-0.0504966601729393,359.696563720703,12.5036382675171,1.63943994045258,-0.00107393611688167,0.108924567699432,0.0145095149055123,0.993943631649017
195.612640380859,0.038006454706192,0.0326327569782734,-0.0535814687609673,359.59765625,12.6795082092285,1.61999773979187,-0.00192836229689419,0.110461555421352,0.0144378198310733,0.993773698806763
196.160049438477,0.0395290590822697,0.034317035228014,-0.0509664006531239,358.760406494141,13.0514688491821,1.43057513237,-0.00932763982564211,0.113768115639687,0.0136314677074552,0.993369996547699
196.717727661133,0.040416594594717,0.0359056293964386,-0.0479282476007938,357.726043701172,13.9239530563354,1.57946026325226,-0.0180241707712412,0.12144672870636,0.016083549708128,0.992303967475891
197.278610229492,0.0394066125154495,0.0370161458849907,-0.0504547283053398,357.070587158203,13.850567817688,1.93981409072876,-0.0233307015150785,0.120947778224945,0.0198798701167107,0.992185533046722
197.854064941406,0.0401457138359547,0.0370409563183784,-0.0520638674497604,356.970275878906,13.7759084701538,1.89508104324341,-0.0242592021822929,0.120303824543953,0.0195818580687046,0.992247462272644
198.397506713867,0.0418677516281605,0.0362512581050396,-0.0450354479253292,357.44775390625,13.7903890609741,1.9150447845459,-0.0201008431613445,0.120376519858837,0.0192594714462757,0.992337942123413
198.950439453125,0.0435298904776573,0.037206843495369,-0.0449505895376205,357.042449951172,14.0291433334351,1.76532137393951,-0.0237298849970102,0.122461177408695,0.0184355191886425,0.992018282413483
199.516586303711,0.0447852835059166,0.0368957296013832,-0.0432311370968819,357.080230712891,13.9435777664185,1.71444833278656,-0.0234703458845615,0.12170597165823,0.0179374441504478,0.992126524448395
200.078018188477,0.0457171536982059,0.0374182276427746,-0.042185053229332,356.970642089844,13.6368751525879,1.65560674667358,-0.0245287586003542,0.119048818945885,0.0174781009554863,0.99243152141571
200.63525390625,0.0462145172059536,0.0370569303631783,-0.0392312258481979,357.101470947266,13.705756187439,1.70160806179047,-0.0233370549976826,0.1196418851614,0.0177554711699486,0.992384016513824
201.182510375977,0.0446992181241512,0.0374177917838097,-0.0392193719744682,357.016937255859,13.6997261047363,1.80663776397705,-0.0239604599773884,0.119620271027088,0.0187514573335648,0.99235337972641
201.702423095703,0.0417049527168274,0.0375373922288418,-0.0451098084449768,356.852783203125,13.7482423782349,1.85665202140808,-0.0253218170255423,0.120069302618504,0.0193654634058475,0.992253601551056
202.262054443359,0.0389939919114113,0.0376604348421097,-0.0502761900424957,356.702423095703,14.0672006607056,1.81261229515076,-0.02661675773561,0.12283705919981,0.0192146748304367,0.991883754730225
202.839279174805,0.0384977832436562,0.0376461483538151,-0.0490348227322102,356.701995849609,13.9801034927368,1.89684474468231,-0.0265452861785889,0.122102715075016,0.0199240557849407,0.991962373256683
203.403213500977,0.0401941612362862,0.038012620061636,-0.0489591993391514,356.491027832031,14.0772142410278,1.73173987865448,-0.0285316836088896,0.122925855219364,0.0187420826405287,0.991828560829163
203.986877441406,0.0398050732910633,0.0385055132210255,-0.0535278767347336,356.336547851563,14.215841293335,1.72661352157593,-0.0298515576869249,0.124139294028282,0.0188983045518398,0.991635620594025
204.542297363281,0.0405216217041016,0.0378421433269978,-0.0511077903211117,356.560943603516,14.2662839889526,1.8466831445694,-0.0277706440538168,0.124583229422569,0.0197083670645952,0.991624653339386
205.10627746582,0.0423177890479565,0.0374914966523647,-0.0442955680191517,356.722259521484,13.7510213851929,1.89874672889709,-0.0264076385647058,0.12011756002903,0.0198663435876369,0.992209494113922
205.660446166992,0.0423582196235657,0.03746597468853,-0.0432758368551731,356.772796630859,13.7356004714966,2.05345487594604,-0.0258105993270874,0.120013244450092,0.0211498681455851,0.99221134185791
206.228256225586,0.0433983728289604,0.0379638075828552,-0.0485525205731392,356.504211425781,14.0868377685547,1.7807285785675,-0.0283633302897215,0.123020000755787,0.0191544331610203,0.991813898086548
206.789794921875,0.0430219918489456,0.0379252880811691,-0.0492505766451359,356.527557373047,14.0533390045166,1.76180243492126,-0.0281870756298304,0.122723020613194,0.018957506865263,0.991859436035156
207.341705322266,0.0424975156784058,0.0373001918196678,-0.0462179742753506,356.729461669922,13.9737615585327,1.91671073436737,-0.0262874774634838,0.122049272060394,0.0200655329972506,0.991972923278809
207.886566162109,0.0425044596195221,0.0371737368404865,-0.0455537922680378,356.730194091797,13.8932332992554,1.90468561649323,-0.0263078864663839,0.121349297463894,0.019942170009017,0.992060780525208
208.451873779297,0.0415777824819088,0.0370737686753273,-0.0455430634319782,356.87060546875,13.9601182937622,1.95333874225616,-0.025028832256794,0.12192291021347,0.0202304534614086,0.992017686367035
209.00553894043,0.040352139621973,0.0372600108385086,-0.0468437932431698,356.839874267578,13.9793272018433,2.07030415534973,-0.0251666978001595,0.122118599712849,0.021279651671648,0.991968214511871
209.56120300293,0.0405003540217876,0.0373252183198929,-0.0487324893474579,356.679290771484,14.0150279998779,1.94097542762756,-0.0266884788870811,0.122417889535427,0.0203381888568401,0.991911292076111
210.117172241211,0.0395638793706894,0.0378340668976307,-0.0527235940098763,356.390808105469,14.1614713668823,1.88275527954102,-0.0292223449796438,0.123703479766846,0.0201773103326559,0.991683602333069
210.683242797852,0.0384475439786911,0.0375105738639832,-0.0523421950638294,356.502746582031,14.0487394332886,1.9951947927475,-0.028152821585536,0.122743308544159,0.0210028644651175,0.991816699504852
211.239898681641,0.0410605780780315,0.0370136275887489,-0.0466169565916061,356.901794433594,14.0940256118774,1.97026717662811,-0.0247169509530067,0.123082026839256,0.0203729625791311,0.991879463195801
211.791091918945,0.0397402197122574,0.0371892713010311,-0.0443514361977577,356.973358154297,13.8380222320557,2.13642454147339,-0.0239673741161823,0.12089204788208,0.0216813944280148,0.992139399051666
212.344635009766,0.0393608398735523,0.0370658449828625,-0.0438905172049999,357.238159179688,13.8180246353149,2.15462684631348,-0.0216591004282236,0.120686613023281,0.0215580798685551,0.992220222949982
212.903656005859,0.0384999737143517,0.0367994606494904,-0.0442398078739643,357.191497802734,13.6962299346924,2.28881025314331,-0.021945845335722,0.119664162397385,0.0227453578263521,0.992311239242554
213.413131713867,0.0386856198310852,0.0372709296643734,-0.0484169572591782,356.926910400391,13.9423170089722,2.12695121765137,-0.0243599787354469,0.121799163520336,0.0216701719909906,0.99201911687851
213.955154418945,0.0359061807394028,0.0370761156082153,-0.0507403276860714,357.031372070313,13.7897720336914,2.3651442527771,-0.0232336539775133,0.120513118803501,0.0235911551862955,0.992159426212311
214.518157958984,0.0354947075247765,0.0370931252837181,-0.051249161362648,357.012298583984,13.7600317001343,2.39214277267456,-0.0233765821903944,0.120264016091824,0.0238387249410152,0.992180347442627
215.075881958008,0.0360132418572903,0.0371212586760521,-0.0471157990396023,357.115112304688,13.5747900009155,2.43382358551025,-0.0224814116954803,0.118652276694775,0.0240563657134771,0.992389798164368
215.655410766602,0.0352148339152336,0.0360619612038136,-0.0441679544746876,357.62939453125,13.4576959609985,2.61175036430359,-0.0178685300052166,0.117583468556404,0.0250511988997459,0.992586195468903
216.205276489258,0.0328325964510441,0.0362955704331398,-0.0476474091410637,357.488952636719,13.233925819397,2.65907406806946,-0.0190863478928804,0.115677565336227,0.0255667958408594,0.992774248123169
216.777587890625,0.0334340445697308,0.0370656177401543,-0.0485820174217224,357.024688720703,13.3297433853149,2.64494872093201,-0.0231015216559172,0.116586908698082,0.0259281285107136,0.992573201656342
217.344131469727,0.038538433611393,0.0369361117482185,-0.0436101965606213,357.117858886719,13.5874128341675,2.34971141815186,-0.0225421600043774,0.118744656443596,0.0233275983482599,0.992394864559174
217.899154663086,0.0396211519837379,0.0367392897605896,-0.0417362675070763,357.205963134766,13.6879472732544,2.23445057868958,-0.021879006177187,0.119579933583736,0.0222580656409264,0.992333889007568
218.406005859375,0.0386016815900803,0.0361314229667187,-0.0399627685546875,357.450775146484,13.5290269851685,2.37253570556641,-0.0196467079222202,0.118191868066788,0.0231731589883566,0.992525935173035
218.990859985352,0.038282573223114,0.0362205542623997,-0.0368674211204052,357.430938720703,13.5851535797119,2.44816541671753,-0.0197290070354939,0.118694148957729,0.0238581988960505,0.992448151111603
219.55924987793,0.0402284078299999,0.0363494120538235,-0.0333385914564133,357.421813964844,13.9028472900391,2.38822245597839,-0.0198053475469351,0.121436290442944,0.0234034229069948,0.992125630378723
220.064056396484,0.0412234365940094,0.035999670624733,-0.0301363300532103,357.557495117188,13.7377214431763,2.45542454719543,-0.0185934007167816,0.119996041059494,0.0238157734274864,0.992314517498016
220.617279052734,0.0408453717827797,0.0361461341381073,-0.0318488702178001,357.531982421875,13.9707317352295,2.33746981620789,-0.0188915375620127,0.121998332440853,0.0228593163192272,0.992087185382843
221.187118530273,0.0364217460155487,0.0365430451929569,-0.0391952209174633,357.252410888672,13.8104257583618,2.43705058097839,-0.0212396699935198,0.120671562850475,0.023987140506506,0.992175340652466
221.738098144531,0.0328272022306919,0.0370124690234661,-0.0470191165804863,356.874481201172,13.5954551696777,2.59981203079224,-0.0243890546262264,0.118904449045658,0.0257450398057699,0.992272198200226
222.241928100586,0.0330067574977875,0.0373808704316616,-0.0505706034600735,356.582244873047,13.5849628448486,2.54828500747681,-0.026975616812706,0.118850290775299,0.0255964249372482,0.992215573787689
222.791397094727,0.035175409168005,0.0370401442050934,-0.0491597726941109,356.648376464844,13.6438140869141,2.30565810203552,-0.0266423895955086,0.119292989373207,0.0234413389116526,0.992224752902985
223.337173461914,0.0364055261015892,0.0370780900120735,-0.048701386898756,356.774963378906,14.0279388427734,2.13182830810547,-0.0256538521498442,0.122561424970627,0.0218917299062014,0.991887807846069
223.887832641602,0.0347887277603149,0.0371543131768703,-0.0469987541437149,356.896942138672,13.5639390945435,2.37838101387024,-0.0244307089596987,0.118580758571625,0.023797769099474,0.992358505725861
224.447555541992,0.0356758497655392,0.0371401607990265,-0.0480553060770035,356.749603271484,13.691873550415,2.26606321334839,-0.0257973708212376,0.119685597717762,0.0230049546808004,0.99220997095108
225.030258178711,0.0357736572623253,0.0368950255215168,-0.048068929463625,356.747436523438,13.703742980957,2.30805444717407,-0.0257699955254793,0.119798138737679,0.0233734734356403,0.992188513278961
225.587356567383,0.0376329571008682,0.0369867980480194,-0.0474588014185429,356.709838867188,13.8510255813599,2.0601110458374,-0.0263273771852255,0.121022030711174,0.0212994143366814,0.992071986198425
226.150161743164,0.039158396422863,0.0370365492999554,-0.0446492396295071,356.843383789063,13.956371307373,1.9872237443924,-0.025229025632143,0.121901169419289,0.0205516964197159,0.992008686065674
226.720153808594,0.0388102792203426,0.0372077412903309,-0.0434415675699711,356.775695800781,13.7924995422363,2.0287024974823,-0.0258009508252144,0.120499975979328,0.0209453403949738,0.99215692281723
227.31135559082,0.037522092461586,0.0369586758315563,-0.0452007986605167,356.773864746094,13.7773952484131,2.1407425403595,-0.025701742619276,0.120394602417946,0.0219139028340578,0.992151379585266
227.852783203125,0.0360876768827438,0.0372433662414551,-0.0452190116047859,356.615905761719,13.7331924438477,2.21655082702637,-0.0269987545907497,0.120050579309464,0.0227243285626173,0.992140471935272
228.445358276367,0.0353983342647552,0.037162508815527,-0.0452334322035313,356.839019775391,13.8350887298584,2.20514798164368,-0.0250586979091167,0.120899580419064,0.0224163085222244,0.992095232009888
228.98698425293,0.0372470244765282,0.0365189164876938,-0.0423708967864513,357.116516113281,13.7288665771484,2.19656276702881,-0.0226853676140308,0.119939580559731,0.0220306757837534,0.992277443408966
229.500686645508,0.0392174310982227,0.0370629914104939,-0.03905388712883,356.899841308594,13.4759378433228,2.18462014198303,-0.0246231034398079,0.117776729166508,0.0220979060977697,0.99248880147934
230.010757446289,0.0402763150632381,0.0363614857196808,-0.0331743694841862,357.367889404297,13.4712352752686,2.20801281929016,-0.0205456130206585,0.117674879729748,0.0218226499855518,0.992599785327911
230.574493408203,0.0361477732658386,0.0349929891526699,-0.0349409766495228,358.114562988281,13.6328058242798,2.22107815742493,-0.0140334377065301,0.118966497480869,0.0211941376328468,0.992572844028473
231.131713867188,0.0278334617614746,0.0359532870352268,-0.0466773360967636,357.495330810547,13.4166965484619,2.40783929824829,-0.0192475039511919,0.117217823863029,0.0234145075082779,0.992643594741821
231.677200317383,0.0293115377426147,0.0362675674259663,-0.0485564209520817,357.492584228516,13.5314617156982,2.6144015789032,-0.0190344993025064,0.118246845901012,0.0252256393432617,0.992481231689453
232.262985229492,0.0393479056656361,0.035311296582222,-0.0296644642949104,357.925048828125,13.2041816711426,2.33754634857178,-0.0156377796083689,0.115297503769398,0.0223402567207813,0.992956638336182
232.821792602539,0.0434065982699394,0.03495267406106,-0.0227526500821114,358.154418945313,13.7497587203979,2.007159948349,-0.0138904815539718,0.119947724044323,0.0193141922354698,0.992495119571686
233.39567565918,0.0354790315032005,0.0357662923634052,-0.0339776612818241,357.746246337891,13.7506923675537,2.17449498176575,-0.0172504298388958,0.120035439729691,0.0211886521428823,0.992393553256989
233.954071044922,0.0331149622797966,0.035767138004303,-0.0400281250476837,357.50341796875,13.861310005188,2.25428628921509,-0.0192485228180885,0.121041402220726,0.0221509579569101,0.992213606834412
234.527389526367,0.0380339063704014,0.0350576750934124,-0.0322751067578793,357.930877685547,13.700984954834,2.11804127693176,-0.0157192274928093,0.11957048624754,0.0205006636679173,0.992489576339722
235.102630615234,0.0435587093234062,0.0344518274068832,-0.0273119620978832,358.239593505859,13.6814947128296,1.82411897182465,-0.0133548052981496,0.119323760271072,0.0176321063190699,0.992609083652496
235.608993530273,0.040224015712738,0.0345984026789665,-0.0321690253913403,358.014007568359,13.7294731140137,1.93691205978394,-0.0151836192235351,0.119781605899334,0.0188493672758341,0.992505192756653
236.184326171875,0.0361599400639534,0.0360089093446732,-0.0425877571105957,357.363647460938,13.7941455841064,1.98301649093628,-0.0207570903003216,0.120431549847126,0.0199365504086018,0.99230432510376
236.747009277344,0.0383282974362373,0.0356985107064247,-0.0401194058358669,357.502838134766,13.8352193832397,1.90256559848785,-0.0196292866021395,0.120755895972252,0.0191015545278788,0.99230432510376
237.302505493164,0.0390312075614929,0.0352795720100403,-0.0318526178598404,358.033813476563,13.7954902648926,2.19136476516724,-0.01473378110677,0.120383836328983,0.0210410729050636,0.992395043373108
237.88801574707,0.0364260897040367,0.0344371050596237,-0.0395811721682549,358.136322021484,14.3636903762817,1.99701738357544,-0.0139546860009432,0.125264525413513,0.0193202570080757,0.991837084293365
238.456314086914,0.0256662182509899,0.033758856356144,-0.0556928850710392,358.621551513672,14.4438524246216,2.84648060798645,-0.00880768522620201,0.125961422920227,0.0261505786329508,0.991651356220245
238.966171264648,0.0227930694818497,0.0337320156395435,-0.0576275512576103,358.329864501953,14.3719816207886,2.80375695228577,-0.01139544416219,0.12539367377758,0.0260927695780993,0.991698384284973
239.528854370117,0.0300506856292486,0.0330850817263126,-0.0473374538123608,358.708526611328,14.4656047821045,2.76730847358704,-0.00813700910657644,0.126126483082771,0.0253717880696058,0.991656303405762
240.103652954102,0.0332168936729431,0.0328961275517941,-0.0476087182760239,358.847045898438,14.2457990646362,2.68616271018982,-0.00707455072551966,0.124191731214523,0.0245042014867067,0.991930365562439
240.686447143555,0.031597550958395,0.0334961824119091,-0.0530401729047298,358.560821533203,14.4347372055054,2.70092225074768,-0.00949510559439659,0.12588281929493,0.0249566007405519,0.991685688495636
241.275604248047,0.0307999048382044,0.0347396656870842,-0.0560872592031956,357.94580078125,14.5410852432251,2.60755515098572,-0.0148974480107427,0.126906126737595,0.0248346123844385,0.991491973400116
241.782501220703,0.0296660847961903,0.0349131152033806,-0.0520248711109161,357.841247558594,14.4560985565186,2.84513568878174,-0.0155590074136853,0.126221761107445,0.0269936677068472,0.991512656211853
242.378631591797,0.033729013055563,0.0342400968074799,-0.0451476648449898,358.122222900391,14.6551685333252,2.65690016746521,-0.0132912592962384,0.127867519855499,0.0250806622207165,0.991384983062744
242.885894775391,0.036669060587883,0.0344461426138878,-0.042282834649086,358.403930664063,14.805027961731,2.56497597694397,-0.0109249176457524,0.129103466868401,0.0239870753139257,0.991280794143677
243.416091918945,0.0364809185266495,0.0349622368812561,-0.0475909300148487,357.932739257813,14.8448476791382,2.28944826126099,-0.0153042515739799,0.129494249820709,0.0221371799707413,0.991214871406555
243.938491821289,0.0343955829739571,0.0348193384706974,-0.0528710298240185,358.000701904297,14.7534408569336,2.22506904602051,-0.0148060955107212,0.128684863448143,0.0214920900762081,0.991342067718506
244.444030761719,0.0309928134083748,0.0349619463086128,-0.0511632300913334,357.984222412109,14.3915967941284,2.52500081062317,-0.014687791466713,0.125595197081566,0.024058885872364,0.991681039333344
245.031524658203,0.0399255231022835,0.0342602431774139,-0.0460219457745552,358.263946533203,15.1890668869019,1.78955519199371,-0.0129508832469583,0.13236503303051,0.0174793265759945,0.990962326526642
245.566101074219,0.0448393858969212,0.0345075353980064,-0.0450003929436207,358.316986083984,15.3445377349854,1.62638342380524,-0.012658940628171,0.133685261011124,0.0160243678838015,0.990813434123993
246.097671508789,0.0424070060253143,0.0338641628623009,-0.0491972267627716,358.520385742188,15.8719148635864,1.68310701847076,-0.0107591301202774,0.138227567076683,0.0163279715925455,0.990207433700562
246.688003540039,0.0355062372982502,0.0364989191293716,-0.0591880083084106,358.269866943359,16.2635459899902,1.49992430210114,-0.0130934622138739,0.141617611050606,0.0150912534445524,0.989719808101654
247.228576660156,0.0302206054329872,0.0324819050729275,-0.0552613027393818,358.500518798828,16.2817497253418,2.210045337677,-0.0102200694382191,0.141818821430206,0.0209417100995779,0.989618360996246
247.739135742188,0.0452030710875988,0.0300605837255716,-0.0555303283035755,358.248596191406,16.6272106170654,1.4364697933197,-0.0133090950548649,0.144752487540245,0.0146116958931088,0.989270508289337
248.254913330078,0.0565656758844852,0.0309120081365108,-0.0486796386539936,358.483459472656,15.6122694015503,1.1822122335434,-0.0117094470188022,0.135937795042992,0.0120174204930663,0.99057537317276
248.837142944336,0.051344521343708,0.0306931529194117,-0.0298378430306911,0.0476977936923504,15.6855344772339,1.60301041603088,0.0023211024235934,0.136435925960541,0.0138008110225201,0.990550100803375
249.389450073242,0.0317127145826817,0.0299688503146172,-0.020623866468668,0.63460385799408,16.3223762512207,2.68543791770935,0.00880676694214344,0.141788825392723,0.0224091149866581,0.989604115486145
249.969299316406,0.0347580350935459,0.029354153200984,-0.0282323658466339,0.822358846664429,16.3952083587646,2.5925874710083,0.0103268548846245,0.142386704683304,0.0213679317384958,0.989526569843292
250.488037109375,0.0348250865936279,0.0300207082182169,-0.0419423766434193,0.237245365977287,15.1883296966553,2.63285684585571,0.00508778495714068,0.132073134183884,0.0224988963454962,0.990971565246582
251.007293701172,0.0321958400309086,0.0288735870271921,-0.0504062883555889,0.588612616062164,15.5802593231201,2.59206581115723,0.00815361458808184,0.13539332151413,0.0217130165547132,0.990520417690277
251.559646606445,0.0323717147111893,0.0288588795810938,-0.0448831543326378,0.647630751132965,15.6457967758179,2.48474287986755,0.00854879338294268,0.135955959558487,0.0207105819135904,0.990461587905884
252.065612792969,0.0331792905926704,0.0288433041423559,-0.0450807362794876,0.70815521478653,15.560378074646,2.35462975502014,0.00890299957245588,0.135216042399406,0.0195206515491009,0.990583837032318
252.618698120117,0.0332526080310345,0.0298307836055756,-0.0468953289091587,0.278707385063171,15.4374780654907,2.35729050636292,0.00517235742881894,0.134231895208359,0.0200567543506622,0.990733444690704
253.188232421875,0.0317237265408039,0.0292079728096724,-0.0499725788831711,0.585330188274384,15.4324111938477,2.19262957572937,0.00762967439368367,0.1341432929039,0.0182739403098822,0.990764081478119
253.702178955078,0.0305161532014608,0.0297782588750124,-0.0543516054749489,0.45144647359848,15.6811723709106,2.0888135433197,0.00638862978667021,0.136322498321533,0.0175194479525089,0.99048900604248
254.272491455078,0.0307110473513603,0.0302418097853661,-0.0546613894402981,0.237691149115562,15.687141418457,2.08574533462524,0.00453830417245626,0.136408656835556,0.0177472177892923,0.990483283996582
254.786148071289,0.0322478301823139,0.0299163181334734,-0.0480787046253681,0.412555664777756,15.5690975189209,2.10905599594116,0.00605920562520623,0.135358929634094,0.017746664583683,0.990619242191315
255.286178588867,0.0353479757905006,0.0297668613493443,-0.0448006838560104,0.454629838466644,15.8216505050659,1.73521614074707,0.00601318525150418,0.137555330991745,0.014451845549047,0.990370392799377
255.849090576172,0.0352246388792992,0.0298461839556694,-0.0459676943719387,0.568229198455811,15.6866426467896,1.91326189041138,0.00718996999785304,0.136361926794052,0.0158625971525908,0.990505993366241
256.419219970703,0.0304243564605713,0.0308852083981037,-0.0478774234652519,0.0562081411480904,14.5054321289063,2.02409338951111,0.00271634384989738,0.126217678189278,0.0174593925476074,0.991845190525055
256.935394287109,0.0312623754143715,0.0301965083926916,-0.0478887148201466,0.260642379522324,15.0239963531494,1.87462782859802,0.00439331028610468,0.130679085850716,0.0159207284450531,0.991287171840668
257.517150878906,0.0413647331297398,0.0266813561320305,-0.0392651557922363,2.38219308853149,15.9460296630859,1.4851039648056,0.0223815888166428,0.138398289680481,0.00994850508868694,0.99007374048233
258.089111328125,0.0398720875382423,0.027660982683301,-0.037750780582428,1.92827486991882,15.369441986084,1.50048923492432,0.0184247177094221,0.133473187685013,0.0107245417311788,0.990823149681091
258.592803955078,0.0351558402180672,0.0296562723815441,-0.0441095195710659,0.830798268318176,15.103401184082,1.6410790681839,0.00906837917864323,0.131300926208496,0.0132433418184519,0.991212606430054
259.145660400391,0.0355516746640205,0.0302608236670494,-0.0442055724561214,0.422728359699249,15.5777130126953,1.52703726291656,0.00546053471043706,0.13546122610569,0.0127025917172432,0.990686178207397
259.721008300781,0.041009146720171,0.0297635197639465,-0.040697954595089,0.523282527923584,15.5511522293091,1.16542339324951,0.00590019160881639,0.135238811373711,0.00945866573601961,0.990750312805176
260.311065673828,0.0425499454140663,0.0297904126346111,-0.0420812368392944,0.413816124200821,15.5171298980713,1.04580950737,0.00481004314497113,0.134959876537323,0.00855518877506256,0.990802466869354
260.890319824219,0.0381238535046577,0.0298460889607668,-0.0480016581714153,0.219698220491409,15.7184438705444,1.23501694202423,0.00337279587984085,0.136710897088051,0.0104139512404799,0.990550518035889
261.447113037109,0.0394513756036758,0.0224696975201368,-0.0467449836432934,4.72675371170044,16.6507816314697,1.0763748884201,0.0421595498919487,0.144281893968582,0.00331547483801842,0.988632559776306
261.972961425781,0.0402595698833466,0.0211221687495708,-0.0443574823439121,5.54760885238647,17.0119552612305,0.881438136100769,0.0489957928657532,0.147366791963577,0.00044066269765608,0.987867534160614
262.538604736328,0.0344981253147125,0.0213745795190334,-0.0514608286321163,5.36386394500732,17.4210834503174,1.12599074840546,0.0477359630167484,0.150815039873123,0.00261611398309469,0.987405359745026
263.072875976563,0.0280647706240416,0.0245386213064194,-0.0617464371025562,3.26840114593506,16.8450984954834,1.63303852081299,0.0302943233400583,0.145995900034904,0.00991431716829538,0.988771557807922
263.595733642578,0.0326717682182789,0.028981463983655,-0.0579372681677341,0.674465954303741,16.2272338867188,2.00622582435608,0.0082967784255743,0.141010448336601,0.0165006145834923,0.989835858345032
264.169677734375,0.048122338950634,0.0291053485125303,-0.046079758554697,0.877554535865784,16.3451995849609,1.32959258556366,0.0092290798202157,0.142053887248039,0.0103958956897259,0.989761292934418
264.757537841797,0.0511830300092697,0.0293105132877827,-0.0391201823949814,1.1199334859848,16.3569736480713,1.21951484680176,0.0111870039254427,0.142139494419098,0.00914312060922384,0.989741206169128
265.341003417969,0.0429513938724995,0.0297731701284647,-0.0512460879981518,0.682939946651459,16.3117160797119,1.36068642139435,0.00758353061974049,0.14178378880024,0.0109082190319896,0.98980849981308
265.891021728516,0.0370072200894356,0.031172726303339,-0.0651669800281525,359.457763671875,16.4756679534912,1.48378419876099,-0.00282739545218647,0.143329501152039,0.0134922852739692,0.989579021930695
266.465026855469,0.0468707345426083,0.0306900609284639,-0.0565357133746147,359.68310546875,16.9654731750488,0.857950270175934,-0.00163076317403466,0.147527188062668,0.00781295727938414,0.989025771617889
266.970611572266,0.0567808896303177,0.0292573235929012,-0.0397227704524994,0.754858911037445,16.8276271820068,0.620418131351471,0.00730853248387575,0.146280944347382,0.00439189933240414,0.989206373691559
267.529876708984,0.0547041818499565,0.0288034956902266,-0.0341123342514038,1.11641848087311,16.7517585754395,0.733722805976868,0.0105709647759795,0.145594924688339,0.00491518154740334,0.989275574684143
268.090118408203,0.0461129769682884,0.0300519932061434,-0.0433815941214561,0.486749649047852,16.8328437805176,0.936775088310242,0.00539830140769482,0.146326005458832,0.00746500352397561,0.989193499088287
268.664764404297,0.040675263851881,0.0308731067925692,-0.0536393597722054,359.633392333984,16.7284183502197,1.25448036193848,-0.00157262990251184,0.14549021422863,0.011296046897769,0.989293992519379
269.234924316406,0.048076793551445,0.0308792125433683,-0.0442772321403027,359.657653808594,16.6368427276611,0.970678508281708,-0.00173038232605904,0.144693538546562,0.00881369691342115,0.989435791969299
269.803588867188,0.0515673011541367,0.0309748686850071,-0.0324051715433598,359.971343994141,16.8219451904297,0.972443163394928,0.000994012923911214,0.146269306540489,0.00843135360628366,0.989208400249481
270.387908935547,0.0480779930949211,0.0316276960074902,-0.0362142212688923,359.704650878906,16.8161525726318,0.893165707588196,-0.00140982563607395,0.146237432956696,0.00808731000870466,0.989215552806854
270.89794921875,0.0430590882897377,0.0321570634841919,-0.0451504588127136,359.181549072266,16.7925415039063,1.10712313652039,-0.00565468613058329,0.146076366305351,0.0106003805994987,0.989200353622437
271.398986816406,0.0422788113355637,0.0321124196052551,-0.0500784069299698,359.0693359375,16.8507480621338,0.951350688934326,-0.00681710476055741,0.146577924489975,0.00940205343067646,0.989130973815918
271.907012939453,0.0424486398696899,0.0330434069037437,-0.0498713776469231,358.594757080078,17.3769454956055,0.894901216030121,-0.0109420213848352,0.15114064514637,0.00957158301025629,0.988405406475067
272.428161621094,0.0441915765404701,0.0316506288945675,-0.0467165410518646,358.976806640625,17.6166934967041,0.813635408878326,-0.00773623725399375,0.153182491660118,0.0083834882825613,0.988132119178772
272.992858886719,0.0436586514115334,0.0315282493829727,-0.0450665540993214,358.9990234375,17.6224269866943,0.89321756362915,-0.00743776373565197,0.153236031532288,0.0090404199436307,0.988120257854462
273.565277099609,0.0394743680953979,0.0315587297081947,-0.0487558580935001,359.146453857422,17.6963024139404,1.07674288749695,-0.00591428391635418,0.153874382376671,0.0104297893121839,0.988017678260803
274.146209716797,0.042258258908987,0.0318371579051018,-0.052447784692049,358.847747802734,17.5368804931641,0.848571538925171,-0.00880861189216375,0.152503177523613,0.00885098520666361,0.98822408914566
274.647796630859,0.0473249480128288,0.0313442870974541,-0.0469560511410236,359.262634277344,17.352912902832,0.616339266300201,-0.00554949697107077,0.15088352560997,0.00628755986690521,0.988515973091125
275.192810058594,0.0482402145862579,0.0313119068741798,-0.0465103164315224,359.103881835938,17.4740524291992,0.571868240833282,-0.00697125354781747,0.151931613683701,0.00612026872113347,0.988347470760345
275.753936767578,0.0474656224250793,0.0317759625613689,-0.0476657934486866,358.990386962891,17.4127445220947,0.71855628490448,-0.00775951193645597,0.151416525244713,0.00753165222704411,0.988410949707031
276.280853271484,0.0422581061720848,0.0321937836706638,-0.0547618344426155,358.683868408203,17.373233795166,0.957117319107056,-0.0100916605442762,0.151109516620636,0.00999051798135042,0.988415002822876
276.8681640625,0.0391491577029228,0.0322073213756084,-0.0570712275803089,358.5166015625,17.3421096801758,1.13443303108215,-0.0113037107512355,0.150868102908134,0.0117371212691069,0.988419592380524
277.436126708984,0.0401813313364983,0.0326418168842793,-0.0545988082885742,358.285919189453,17.0634307861328,1.15994036197662,-0.0132897756993771,0.148482397198677,0.0122280307114124,0.988750159740448
278.005554199219,0.0433134362101555,0.0322745628654957,-0.0498045086860657,358.679443359375,17.0681648254395,1.088014960289,-0.00998687651008368,0.148489370942116,0.0110988672822714,0.988801300525665
278.585174560547,0.0423071458935738,0.0324607230722904,-0.0552106201648712,358.456115722656,17.0030632019043,0.929780244827271,-0.0121247116476297,0.147925660014153,0.010015556588769,0.988873481750488
279.145477294922,0.0406888425350189,0.033091377466917,-0.0625767931342125,357.901397705078,17.040885925293,0.913083493709564,-0.0169297847896814,0.148277029395103,0.0105919940397143,0.98874419927597
279.7060546875,0.0444664806127548,0.0329366885125637,-0.0571760162711143,358.191619873047,17.2149906158447,0.543666064739227,-0.0148925175890326,0.149718388915062,0.00705208536237478,0.988591372966766
280.247131347656,0.0451082699000835,0.0324249342083931,-0.0505671761929989,358.558044433594,16.9873466491699,0.733182430267334,-0.0114997923374176,0.14776511490345,0.00818597804754972,0.988921761512756
280.822235107422,0.0425638109445572,0.0324105024337769,-0.0510914027690887,358.512145996094,16.9654140472412,0.812146186828613,-0.0117960097268224,0.147585779428482,0.00892432406544685,0.988938689231873
281.422241210938,0.044748492538929,0.0317656025290489,-0.0479553192853928,358.732086181641,16.9497547149658,0.798147916793823,-0.00991695933043957,0.147439375519753,0.00851921644061804,0.988984704017639
281.999786376953,0.0480648875236511,0.0319105125963688,-0.0463366135954857,358.829162597656,17.0409278869629,0.61046290397644,-0.0093150595203042,0.148206621408463,0.0067819869145751,0.988889276981354
282.521362304688,0.0472833514213562,0.0323761180043221,-0.0479684583842754,358.669403076172,17.0940132141113,0.517871081829071,-0.0108107719570398,0.148661136627197,0.00619445694610476,0.988809704780579
283.072357177734,0.0449113808572292,0.0322596430778503,-0.0474125146865845,358.718902587891,17.0888214111328,0.675232589244843,-0.0101798195391893,0.148629233241081,0.00748769519850612,0.988812267780304
283.633026123047,0.0435202792286873,0.0316462516784668,-0.0396334230899811,359.284484863281,16.555477142334,1.42093503475189,-0.00439322926104069,0.14403447508812,0.0131691386923194,0.989475309848785
284.214538574219,0.0427259802818298,0.0311231389641762,-0.0337217822670937,0.0534096173942089,15.8299245834351,1.64766430854797,0.00244150729849935,0.137682318687439,0.0141769396141171,0.990372061729431
284.733673095703,0.0374970063567162,0.0321442522108555,-0.0420760549604893,359.421478271484,16.1381645202637,1.81505346298218,-0.00277484534308314,0.140426754951477,0.0163902323693037,0.989951550960541
285.303558349609,0.0360559672117233,0.0314755812287331,-0.0394415482878685,359.678680419922,15.7326002120972,2.00421714782715,-0.000383734732167795,0.136889040470123,0.0177082847803831,0.990428030490875
285.815216064453,0.0397561639547348,0.0314911976456642,-0.0364104956388474,359.636474609375,15.8957901000977,1.60231685638428,-0.00120816414710134,0.138302206993103,0.0142866158857942,0.990286290645599
286.384063720703,0.0405305698513985,0.0318749658763409,-0.0367181934416294,359.606994628906,16.2388095855713,1.54461002349854,-0.00149115768726915,0.141268625855446,0.0138279981911182,0.989873647689819
286.939971923828,0.0371117070317268,0.0317930839955807,-0.0400095693767071,359.403045654297,16.2276344299316,1.73739778995514,-0.00301680504344404,0.141200020909309,0.0157442670315504,0.989851295948029
287.440063476563,0.0366710536181927,0.0320000723004341,-0.0477346479892731,359.143188476563,16.3168354034424,1.71484339237213,-0.00527695706114173,0.142001464962959,0.0158733576536179,0.989725112915039
288.000885009766,0.0367093682289124,0.032128132879734,-0.049884706735611,359.049011230469,16.2713413238525,1.68303203582764,-0.00613612635061145,0.141618072986603,0.0157126970589161,0.989777624607086
288.567901611328,0.0372322089970112,0.0314530394971371,-0.0503373630344868,359.329650878906,16.5627708435059,1.42780745029449,-0.00399394007399678,0.144093185663223,0.0131720500066876,0.989468395709991
289.144836425781,0.0330885164439678,0.0317004881799221,-0.0555906444787979,359.223846435547,16.5134868621826,1.62435710430145,-0.00466659851372242,0.143686398863792,0.015000038780272,0.989498615264893
289.713592529297,0.0346091538667679,0.0314739421010017,-0.0525806955993176,359.269744873047,16.3800029754639,1.49728882312775,-0.00444570928812027,0.142523556947708,0.013840145431459,0.989684641361237
290.276275634766,0.0382106974720955,0.0310825128108263,-0.0483706071972847,359.542846679688,16.4019012451172,1.391317486763,-0.00221651280298829,0.142681628465652,0.0125860217958689,0.989686131477356
290.840393066406,0.0391809120774269,0.032050259411335,-0.0542272515594959,359.025909423828,16.6410636901855,1.14315259456635,-0.00696711568161845,0.144782274961472,0.0111004216596484,0.989376783370972
291.417175292969,0.0393344946205616,0.0313658453524113,-0.0472153425216675,359.534484863281,16.3825645446777,1.44338464736938,-0.00222597178071737,0.142516508698463,0.0130457160994411,0.989703953266144
291.982879638672,0.0341257154941559,0.0322620943188667,-0.0503974817693233,358.881011962891,15.9772796630859,1.96351039409637,-0.00728757819160819,0.139115408062935,0.0183238312602043,0.990079820156097
292.544219970703,0.0371978878974915,0.0319872014224529,-0.0508545637130737,359.101379394531,16.1021480560303,1.7527688741684,-0.00562163721770048,0.140153869986534,0.0162421595305204,0.989980638027191
293.109588623047,0.041845764964819,0.0320432260632515,-0.0446001067757607,359.096374511719,16.33935546875,1.58309423923492,-0.00584178930148482,0.1421949416399,0.014794522896409,0.989710867404938
293.679351806641,0.0442061945796013,0.0318577289581299,-0.0393412820994854,359.395294189453,16.5174655914307,1.56784057617188,-0.00325661967508495,0.143699467182159,0.0142974369227886,0.989512741565704
294.262298583984,0.0417349934577942,0.0327131487429142,-0.0490993447601795,358.776550292969,16.7479381561279,1.35016107559204,-0.00884597282856703,0.14573960006237,0.0132105480879545,0.989195227622986
294.837799072266,0.0399566739797592,0.0339185073971748,-0.0509169884026051,357.970672607422,16.5167484283447,1.76590061187744,-0.0153094697743654,0.14386773109436,0.0177908577024937,0.989318549633026
295.409301757813,0.0443659126758575,0.0330629870295525,-0.0449348539113998,358.510040283203,16.4037075042725,1.54301750659943,-0.0109471287578344,0.142809242010117,0.0151808271184564,0.989573240280151
295.923431396484,0.0445148013532162,0.0327326394617558,-0.0442429333925247,358.663482666016,16.3474216461182,1.52998948097229,-0.00964539311826229,0.142306551337242,0.0148727875202894,0.989663898944855
296.434600830078,0.0405361913144588,0.0326644964516163,-0.046819195151329,358.535430908203,16.2679252624512,1.77748608589172,-0.0104559892788529,0.141655713319778,0.0171616468578577,0.989711999893188
296.955810546875,0.0399963781237602,0.0334854051470757,-0.0533754415810108,358.093444824219,16.5043048858643,1.59204840660095,-0.0144694335758686,0.143724828958511,0.0161347277462482,0.989380359649658
297.549774169922,0.0377638526260853,0.0341393053531647,-0.0581507906317711,357.847198486328,15.8481531143188,2.01331949234009,-0.0161818750202656,0.138142049312592,0.0199872143566608,0.990078508853912
298.063201904297,0.0372762680053711,0.0340583510696888,-0.0627547800540924,357.730438232422,15.8747091293335,1.70066928863525,-0.0175634250044823,0.138339087367058,0.0174300074577332,0.990075826644897
298.624694824219,0.0411467477679253,0.0330900885164738,-0.0481103509664536,358.603485107422,15.5520715713501,2.01646089553833,-0.00969199184328318,0.135482639074326,0.0190815292298794,0.990548551082611
299.205596923828,0.0464973151683807,0.0319503843784332,-0.0366452001035213,359.398590087891,15.4251317977905,1.67959892749786,-0.00323325884528458,0.13426348567009,0.0152282118797302,0.99082338809967
299.731750488281,0.0454628467559814,0.03213120251894,-0.0403108187019825,359.160247802734,15.341139793396,1.70541942119598,-0.00527542317286134,0.133566871285439,0.0157265141606331,0.990900993347168
300.274353027344,0.0433975495398045,0.0330737307667732,-0.0516070425510406,358.680572509766,15.7867021560669,1.57355678081512,-0.00951827690005302,0.137464135885239,0.0151815107092261,0.990344643592834
300.774383544922,0.039682574570179,0.0335764661431313,-0.0605977512896061,358.205474853516,15.7152900695801,1.70160186290741,-0.0134809380397201,0.136910796165466,0.016848111525178,0.990348339080811
301.295745849609,0.0395886115729809,0.0332504734396935,-0.0554336830973625,358.450805664063,15.763053894043,1.69319331645966,-0.0113637838512659,0.137295559048653,0.0164880231022835,0.990327715873718
301.877746582031,0.043759424239397,0.0319939367473125,-0.044666513800621,359.183929443359,15.8992681503296,1.3878231048584,-0.00537775177508593,0.138374328613281,0.0129789225757122,0.990280389785767
302.457794189453,0.0469847954809666,0.0305104237049818,-0.0384318344295025,359.943420410156,15.9743785858154,1.10651409626007,0.000852868892252445,0.138949915766716,0.00963092781603336,0.990252256393433
303.027526855469,0.0470480099320412,0.0306124128401279,-0.0377619117498398,359.869415283203,15.7052431106567,1.23711943626404,0.000346272310707718,0.136629581451416,0.0108501203358173,0.990562736988068
303.612609863281,0.0442379266023636,0.0318878218531609,-0.0475401990115643,359.186248779297,16.3251991271973,1.15922403335571,-0.00559257017448545,0.142043069005013,0.0110214147716761,0.989783346652985
304.115753173828,0.0386264026165009,0.0328545533120632,-0.0551258400082588,358.506591796875,16.3420181274414,1.254429936409,-0.0113432630896568,0.14224873483181,0.012686806730926,0.989684641361237
304.691223144531,0.0368920564651489,0.0328861847519875,-0.0540249384939671,358.423522949219,16.0291805267334,1.55135822296143,-0.0117338672280312,0.139583706855774,0.0153221134096384,0.9900221824646
305.256256103516,0.0437541157007217,0.0313878394663334,-0.0496207065880299,359.325927734375,16.1522998809814,1.11336517333984,-0.00445885444059968,0.14053663611412,0.0104456404224038,0.990010321140289
305.756958007813,0.0414475873112679,0.0322977267205715,-0.0543534234166145,358.873779296875,16.1959419250488,1.28240156173706,-0.008153161033988,0.140959426760674,0.0124630695208907,0.989903390407562
306.268402099609,0.0378282107412815,0.0323834978044033,-0.063604861497879,358.664367675781,16.4611873626709,1.22907710075378,-0.00999916065484285,0.143263190984726,0.0122827552258968,0.989557981491089
306.791381835938,0.0356077700853348,0.0319476649165154,-0.0693559199571609,358.6435546875,16.5954303741455,1.12484848499298,-0.0102958614006639,0.144414648413658,0.0114207332953811,0.989397823810577
307.371673583984,0.0380768626928329,0.0327604934573174,-0.0670454949140549,358.329345703125,16.5206909179688,1.14496517181396,-0.0129912532866001,0.143793016672134,0.0119812479242682,0.989449977874756
307.9619140625,0.0448507443070412,0.0319754704833031,-0.0577500201761723,358.845642089844,16.3911209106445,0.893316864967346,-0.00885899551212788,0.142618402838707,0.00915151741355658,0.98969578742981
308.467224121094,0.0485017448663712,0.0314057692885399,-0.0508233942091465,359.366973876953,16.4072322845459,0.834278523921967,-0.00442877784371376,0.142725273966789,0.0079940278083086,0.989720165729523
308.979339599609,0.0460696183145046,0.0317435935139656,-0.0521475784480572,359.334411621094,16.6405639648438,0.997236311435699,-0.00448780413717031,0.144748568534851,0.00945116300135851,0.989413201808929
309.552398681641,0.0434259474277496,0.0320871472358704,-0.0568323582410812,358.885223388672,16.5812320709229,0.988842248916626,-0.00838174857199192,0.14426501095295,0.00994125194847584,0.989453673362732
310.131744384766,0.0451458171010017,0.0321613065898418,-0.056856419891119,358.863739013672,16.5298328399658,0.988627970218658,-0.00857213325798512,0.143822506070137,0.00996259227395058,0.989516258239746
310.633209228516,0.0488055385649204,0.0324920155107975,-0.0545250065624714,358.814727783203,16.6470756530762,0.637028753757477,-0.00942944921553135,0.144809618592262,0.00699754012748599,0.989389836788177
311.213043212891,0.0480239279568195,0.0319168865680695,-0.0500273145735264,359.123199462891,16.5668048858643,0.848828494548798,-0.00650434195995331,0.144117474555969,0.00843218713998795,0.989503264427185
311.718658447266,0.0450669415295124,0.0323101878166199,-0.0523518435657024,358.800079345703,16.5110206604004,0.950137078762054,-0.00917187426239252,0.143660932779312,0.00970853306353092,0.989536881446838
312.285461425781,0.0445523299276829,0.0321271009743214,-0.0539617314934731,358.852630615234,16.5241203308105,0.880922436714172,-0.00880374014377594,0.143765658140182,0.00904603116214275,0.989531278610229
312.786712646484,0.0453245937824249,0.0320128910243511,-0.0529279001057148,358.805786132813,16.4177341461182,0.995972752571106,-0.00907325744628906,0.142858624458313,0.0100897988304496,0.989650130271912
313.308624267578,0.0461750105023384,0.0309774987399578,-0.0496987998485565,359.399200439453,16.5317878723145,0.90999048948288,-0.00404660310596228,0.143801838159561,0.00861220806837082,0.989560782909393
313.887237548828,0.0469141155481339,0.0310520585626364,-0.0496021695435047,359.336059570313,16.5434112548828,0.833188116550446,-0.00468738004565239,0.143903002142906,0.00802863575518131,0.989548146724701
314.454956054688,0.0454061180353165,0.0308616310358047,-0.0522456504404545,359.471252441406,16.3044185638428,0.574802875518799,-0.00385626079514623,0.141822919249535,0.00561964511871338,0.989868640899658
314.987670898438,0.0573424324393272,0.0264765881001949,-0.0428859703242779,0.612720429897308,15.8800992965698,359.973480224609,0.00526374578475952,0.138136133551598,-0.000967780826613307,0.990398764610291
315.576416015625,0.0806801989674568,0.0244777984917164,-0.0299393013119698,0.0984388589859009,16.0650844573975,359.245819091797,-6.90680171828717E-05,0.139738038182259,-0.00663691526278853,0.990166306495667
316.115631103516,0.0750339403748512,0.0263761263340712,-0.0330234095454216,359.031158447266,15.649806022644,359.951629638672,-0.0084332562983036,0.136137768626213,0.000732941785827279,0.99065375328064
316.646942138672,0.0726915076375008,0.0271507538855076,-0.03565788641572,358.448913574219,15.8083467483521,359.715606689453,-0.0137479538097978,0.137470409274101,-0.000596643425524235,0.990410268306732
317.230010986328,0.0747402980923653,0.0280530396848917,-0.0364084541797638,358.096405029297,15.7811899185181,359.559875488281,-0.0169811639934778,0.137198805809021,-0.00152361823711544,0.990396797657013
317.797760009766,0.0755223333835602,0.0285505913197994,-0.037427868694067,357.826629638672,15.8420944213867,359.408447265625,-0.0194951668381691,0.137684807181358,-0.00249850866384804,0.990281105041504
318.312774658203,0.0736713036894798,0.0291800834238529,-0.0414659269154072,357.462646484375,15.554328918457,359.448211669922,-0.0225882139056921,0.135180309414864,-0.00177360349334776,0.990561962127686
318.868957519531,0.0604546740651131,0.0320842713117599,-0.0402735881507397,356.8544921875,14.2536516189575,1.41124475002289,-0.0257047805935144,0.124345317482948,0.0156202567741275,0.991783022880554
319.435455322266,0.0555337816476822,0.0317555330693722,-0.0482847169041634,358.078796386719,16.9699954986572,2.2045886516571,-0.0137402415275574,0.147821396589279,0.0214974526315928,0.988684952259064
320.030731201172,0.06159583106637,0.0287873782217503,-0.0478452146053314,0.54205459356308,18.7280368804932,1.57718908786774,0.00690614990890026,0.162624910473824,0.0128100076690316,0.986580669879913
320.540313720703,0.0640400573611259,0.0286753159016371,-0.0442864932119846,1.18399691581726,18.7932472229004,1.32144844532013,0.0120754521340132,0.163130715489388,0.00968942418694496,0.986483037471771
321.120849609375,0.0576939731836319,0.0270159263163805,-0.0506179071962833,2.26745200157166,19.7513771057129,1.24167859554291,0.0213496722280979,0.171256229281425,0.00727951712906361,0.984968304634094
321.692657470703,0.0527021959424019,0.0262288153171539,-0.0526833981275558,2.46393013000488,18.7695941925049,1.45112681388855,0.0232751425355673,0.162744790315628,0.00898512452840805,0.986352682113647
322.194000244141,0.0561321452260017,0.0273882150650024,-0.0494680106639862,1.73546469211578,18.8675518035889,1.07664370536804,0.0164785254746675,0.163741141557693,0.00678508123382926,0.986342370510101
322.699768066406,0.0572235397994518,0.0355506911873817,-0.0485064163804054,356.86669921875,18.6988830566406,1.23702251911163,-0.0252220705151558,0.162676349282265,0.0150887118652463,0.986241638660431
323.200378417969,0.055234968662262,0.0399353094398975,-0.0494517795741558,354.169067382813,18.1371364593506,1.58117187023163,-0.0480501502752304,0.158090382814407,0.021623807027936,0.986017763614655
323.701934814453,0.0559700354933739,0.0386554710566998,-0.0459003672003746,354.941589355469,17.9009399414063,1.87422657012939,-0.0410435050725937,0.15612119436264,0.023004749789834,0.986616671085358
324.266174316406,0.0568281970918179,0.0378990657627583,-0.046430915594101,355.628204345703,17.9804382324219,1.70502686500549,-0.0353456661105156,0.156695365905762,0.0206447318196297,0.986798405647278
324.847595214844,0.0557632297277451,0.0376657247543335,-0.050026286393404,355.765747070313,17.9969921112061,1.52868294715881,-0.034399539232254,0.156774610280991,0.018944313749671,0.986853361129761
325.423614501953,0.0488753095269203,0.0382436737418175,-0.04831737652421,356.182922363281,18.2797222137451,1.89804625511169,-0.0302472077310085,0.159279704093933,0.0216329116374254,0.986532866954803
326.012359619141,0.0373151004314423,0.0316198468208313,-0.0385934934020042,357.756561279297,18.3871307373047,1.82642757892609,-0.0167765337973833,0.160027429461479,0.0188574884086847,0.98678982257843
326.565490722656,0.0653161033987999,0.0232596043497324,-0.0429713986814022,358.1865234375,15.7393922805786,2.23850178718567,-0.0129986926913261,0.137183591723442,0.0215133279561996,0.990226686000824
327.0830078125,0.0614256635308266,0.0250018760561943,-0.0416181087493896,357.860137939453,16.1520767211914,2.34508538246155,-0.0156093807891011,0.140811607241631,0.0228795632719994,0.989648938179016
327.634857177734,0.0640153214335442,0.0254370998591185,-0.0260230861604214,357.656616210938,16.8537750244141,2.40786814689636,-0.0171446464955807,0.146909281611443,0.0237758681178093,0.988715589046478
328.221710205078,0.0751643925905228,0.0254121366888285,-0.00614511035382748,358.136444091797,16.73166847229,2.32394289970398,-0.0131354965269566,0.145770207047462,0.0224259085953236,0.988977015018463
328.730651855469,0.0683411881327629,0.0257013328373432,-0.00475922226905823,357.987670898438,16.8685932159424,2.45162630081177,-0.0142287546768785,0.146990582346916,0.0237332303076982,0.988750755786896
329.235687255859,0.0571508482098579,0.0268373806029558,-0.0114213954657316,357.614501953125,17.1339931488037,2.56780529022217,-0.0172415152192116,0.149357303977013,0.0252517443150282,0.988310396671295
329.817016601563,0.0582263432443142,0.0265935193747282,-0.0116854216903448,357.588623046875,17.0466842651367,2.67387533187866,-0.0173462200909853,0.148624688386917,0.0261868257075548,0.988394677639008
330.392761230469,0.0587928928434849,0.0260512139648199,-0.00856511574238539,357.788330078125,16.894458770752,2.80506777763367,-0.015489331446588,0.147294357419014,0.0270405393093824,0.988601684570313
330.893157958984,0.0542365126311779,0.0268487222492695,-0.00692619010806084,357.732757568359,16.8512001037598,2.86901760101318,-0.0158969592303038,0.146940365433693,0.0276571922004223,0.988630831241608
331.395172119141,0.0536492392420769,0.0268673095852137,-0.00775044877082109,357.572723388672,17.0205421447754,2.70100831985474,-0.0174542888998985,0.148406103253365,0.0264373701065779,0.988418996334076
331.965301513672,0.0555832907557487,0.0267409700900316,-0.00686935987323523,357.623809814453,17.1376876831055,2.75491976737976,-0.016916386783123,0.149415463209152,0.0268539860844612,0.988265097141266
332.532684326172,0.0574481189250946,0.0268960483372211,-0.00744822528213263,357.380981445313,16.8443775177002,2.65676617622375,-0.0192061420530081,0.146912604570389,0.0262729115784168,0.988613963127136
333.108459472656,0.0589362010359764,0.0264715738594532,-0.00124560762196779,357.742156982422,17.1611156463623,2.66886138916016,-0.016002468764782,0.149584099650383,0.0259617380797863,0.988278567790985
333.612701416016,0.0526510328054428,0.0290074534714222,0.0101479031145573,358.057220458984,17.0971450805664,2.8620171546936,-0.0130477976053953,0.148998752236366,0.0272114668041468,0.988376796245575
334.11376953125,0.0390356928110123,0.0328548513352871,0.0216754786670208,358.670013427734,17.8417682647705,3.6824209690094,-0.00647775735706091,0.155348345637321,0.0335376895964146,0.987269043922424
334.675933837891,0.0340681448578835,0.0342405289411545,0.0190072655677795,357.976440429688,17.308557510376,3.76805663108826,-0.0125013357028365,0.150941088795662,0.0351527854800224,0.987838447093964
335.197723388672,0.0450424328446388,0.0342857018113136,-0.00608851574361324,357.727478027344,17.0695972442627,2.76066446304321,-0.0160306338220835,0.148810222744942,0.0267597213387489,0.988373637199402
335.7666015625,0.0492984130978584,0.0349688827991486,-0.0229484289884567,356.778564453125,16.0262355804443,2.3932056427002,-0.0249182712286711,0.139895632863045,0.0245885718613863,0.989547252655029
336.333312988281,0.0482665821909904,0.0323080010712147,-0.0114580895751715,356.983459472656,16.3979454040527,2.41572451591492,-0.0230413191020489,0.143079280853271,0.0246098022907972,0.989136874675751
336.912658691406,0.042705737054348,0.0309717021882534,-0.00671476172283292,356.885498046875,17.0810050964355,2.39835095405579,-0.0237617436796427,0.14898356795311,0.0247232764959335,0.988244950771332
337.476745605469,0.0396593473851681,0.0317777432501316,-0.0134220775216818,357.328674316406,17.2755661010742,2.55202865600586,-0.0196959730237722,0.150622472167015,0.0255101919174194,0.988065898418427
337.986145019531,0.0446218363940716,0.0323242172598839,-0.0314232856035233,356.688903808594,17.0304527282715,2.18743824958801,-0.0257419645786285,0.148528859019279,0.0231467001140118,0.988301992416382
338.543487548828,0.0537656024098396,0.0330146104097366,-0.0327868387103081,356.348052978516,16.5346603393555,1.46314263343811,-0.0296952463686466,0.144109845161438,0.0172102861106396,0.988966286182404
339.121673583984,0.0426492989063263,0.0316684767603874,-0.0073805577121675,357.618438720703,16.9425525665283,2.30340886116028,-0.0175903048366308,0.147665143013,0.022936875000596,0.988614916801453
339.710052490234,0.0355853997170925,0.0326147563755512,0.00335020874626935,357.818237304688,16.6866931915283,2.93216514587402,-0.0151187721639872,0.145512923598289,0.0280714482069016,0.988842487335205
340.278045654297,0.036312997341156,0.0332840457558632,-0.0195197705179453,356.502471923828,16.0606384277344,2.8576226234436,-0.0267266668379307,0.140342101454735,0.028940686956048,0.989319086074829
340.842681884766,0.0339082889258862,0.0345896035432816,-0.0474457256495953,355.245849609375,16.3157901763916,2.59477853775024,-0.0378355719149113,0.142672687768936,0.0282773692160845,0.988642275333405
341.358764648438,0.0465642996132374,0.0371823683381081,-0.0346639864146709,355.173767089844,15.8906402587891,2.14183807373047,-0.0391117371618748,0.138860657811165,0.0243131313472986,0.989240527153015
341.890808105469,0.0495474264025688,0.0357009768486023,-0.0105506684631109,356.658050537109,16.0391139984131,2.31286573410034,-0.0260543525218964,0.140006139874458,0.0240436140447855,0.989515721797943
342.418609619141,0.0393292158842087,0.0343531928956509,-0.0133475521579385,357.321350097656,15.983736038208,2.7607569694519,-0.0197914354503155,0.139511823654175,0.0270980726927519,0.989651679992676
342.961364746094,0.0380175560712814,0.0345762632787228,-0.0303846634924412,356.968780517578,16.3950042724609,2.38654327392578,-0.0232051499187946,0.143050163984299,0.0243755094707012,0.989143073558807
343.552154541016,0.0442752130329609,0.0323808155953884,-0.0259781051427126,358.215301513672,16.6768932342529,2.09571886062622,-0.0127549329772592,0.145260110497475,0.0203502103686333,0.989101946353912
344.078369140625,0.0409394502639771,0.032342541962862,-0.0137924682348967,358.565948486328,16.5092945098877,2.42068696022034,-0.00934927258640528,0.14379121363163,0.0226987209171057,0.989303529262543
344.579406738281,0.0286322422325611,0.0333937220275402,-0.0148451924324036,357.818450927734,16.5799694061279,2.82218289375305,-0.0152819287031889,0.144577279686928,0.0271078888326883,0.989004075527191
345.088562011719,0.0263713113963604,0.0336666293442249,-0.0154612846672535,357.790008544922,16.7186374664307,2.86189651489258,-0.0154438996687531,0.145784690976143,0.0275049787014723,0.98881334066391
345.671295166016,0.0363615788519382,0.0370387174189091,-0.0132848769426346,355.644287109375,18.432638168335,2.34036135673523,-0.0342346839606762,0.160779342055321,0.026229040697217,0.986047685146332
346.174621582031,0.0376085378229618,0.036942683160305,-0.0126318736001849,355.65673828125,18.1923999786377,2.30494213104248,-0.0342315211892128,0.15869964659214,0.0258352570235729,0.986395061016083
346.747283935547,0.0354634076356888,0.0366888791322708,-0.0151190813630819,355.792175292969,18.0435752868652,2.316650390625,-0.0330826640129089,0.157405272126198,0.0257073100656271,0.986645042896271
347.310974121094,0.0327363759279251,0.0376883260905743,-0.0232369937002659,355.179107666016,18.4109401702881,2.13581490516663,-0.0385301187634468,0.16057987511158,0.0251081716269255,0.985950887203217
347.894287109375,0.0363828204572201,0.0375242494046688,-0.0196022167801857,355.449035644531,18.353443145752,2.06805419921875,-0.0363138243556023,0.160035759210587,0.0241321660578251,0.986147820949554
348.476318359375,0.0439406186342239,0.0371047332882881,-0.0185629371553659,355.398406982422,18.7399978637695,1.59748601913452,-0.0373384766280651,0.163214474916458,0.020278625190258,0.98567521572113
349.043701171875,0.0440691635012627,0.0366653501987457,-0.00903409160673618,355.804809570313,18.207389831543,1.73887872695923,-0.0337374359369278,0.158645913004875,0.0207633674144745,0.986540496349335
349.618072509766,0.0411529466509819,0.0380974411964417,-0.0128016583621502,354.846466064453,19.0967674255371,1.84978640079498,-0.0416542738676071,0.166406750679016,0.0233586505055428,0.984900057315826
350.206451416016,0.0466222502291203,0.0422800332307816,-0.0252043753862381,352.248016357422,23.7098827362061,0.751928329467773,-0.0648091733455658,0.205394417047501,0.0202936511486769,0.976320207118988
350.726623535156,0.0401549935340881,0.0423925369977951,-0.0262760035693645,352.428344726563,20.6426448822021,1.55306959152222,-0.0625298023223877,0.17964132130146,0.0251331552863121,0.981421113014221
351.231109619141,0.0355619452893734,0.0393937975168228,-0.0215003117918968,353.956481933594,16.1605014801025,2.15826201438904,-0.0495391823351383,0.141322582960129,0.0260287225246429,0.988380670547485
351.791442871094,0.0380083955824375,0.0370191745460033,-0.0245086513459682,355.461547851563,15.2517356872559,1.57885944843292,-0.0374143458902836,0.133127942681313,0.0188990850001574,0.990212082862854
352.323608398438,0.0405192337930202,0.0369778983294964,-0.023784639313817,355.280212402344,15.4665584564209,1.3079754114151,-0.0392646044492722,0.134904593229294,0.0168409887701273,0.98993706703186
352.842590332031,0.039177481085062,0.0375992394983768,-0.0207236781716347,354.930633544922,15.7010650634766,1.11726653575897,-0.0424771420657635,0.136876344680786,0.0156892649829388,0.989552676677704
353.348663330078,0.0392982438206673,0.0377971306443214,-0.0241319481283426,355.097351074219,15.7837734222412,0.926521122455597,-0.0412551127374172,0.137516692280769,0.0138738388195634,0.989542663097382
353.909271240234,0.0398974344134331,0.0339732430875301,-0.0314949192106724,357.095031738281,15.8966474533081,1.26311051845551,-0.0235792268067598,0.138503789901733,0.0144179975613952,0.989976167678833
354.411529541016,0.0420699380338192,0.0332437232136726,-0.0389187932014465,357.529632568359,16.6886329650879,0.594600558280945,-0.0205749683082104,0.145196512341499,0.00826096255332232,0.989154398441315
354.984344482422,0.031995601952076,0.0326342098414898,-0.035898320376873,358.2998046875,17.1948528289795,1.14467799663544,-0.0131758591160178,0.149613544344902,0.0120934993028641,0.988582789897919
355.563934326172,0.0212499126791954,0.03315394744277,-0.0241814106702805,359.055908203125,16.9103126525879,1.55479061603546,-0.00615343870595098,0.147127330303192,0.0146310236304998,0.988990187644958
356.143768310547,0.0236292965710163,0.0177184622734785,-0.0161015130579472,8.93042945861816,21.1982307434082,1.24281692504883,0.0785098150372505,0.182537153363228,-0.00369128049351275,0.980052471160889
356.715209960938,0.0170031748712063,0.0252074003219604,-0.0131226275116205,5.13786458969116,20.6721286773682,0.625807225704193,0.0450721681118011,0.178997665643692,-0.00267463503405452,0.982812881469727
357.297637939453,0.0183047614991665,0.0327774584293365,-0.0074848048388958,359.786926269531,16.1808452606201,1.7540647983551,0.000313516822643578,0.14074718952179,0.0154157867655158,0.989925503730774
357.803771972656,0.035163015127182,0.0322501324117184,-0.00168104190379381,0.454190135002136,15.8112516403198,1.32146227359772,0.00551169086247683,0.137486308813095,0.0108768744394183,0.990428626537323
358.372802734375,0.0237655080854893,0.0333769880235195,-0.00528144370764494,0.0030468781478703,14.5041303634644,2.89308190345764,0.00321306521072984,0.126193836331367,0.0250389203429222,0.991684377193451
358.955322265625,0.0092177651822567,0.0313948355615139,-0.0208851229399443,0.543881297111511,14.0000047683716,3.99198269844055,0.0089526167139411,0.121629990637302,0.0339915007352829,0.991952955722809
359.534545898438,0.00852876249700785,0.0306797251105309,-0.0192096810787916,0.881022572517395,14.336030960083,4.47507953643799,0.0124939484521747,0.124382734298706,0.0377776175737381,0.991436183452606
360.055419921875,0.0133762080222368,0.029983738437295,-0.017940241843462,1.21216142177582,14.3955221176147,3.95915293693542,0.0148161221295595,0.124850161373615,0.0329445600509644,0.991517841815948
360.585784912109,0.012485072016716,0.0276603829115629,-0.0207482874393463,2.64982295036316,14.8128347396851,3.8406069278717,0.0272346399724483,0.128031492233276,0.0302419774234295,0.990934729576111
361.165740966797,0.00902189500629902,0.0273989327251911,-0.0245373677462339,2.67543601989746,13.8591279983521,4.08892393112183,0.0274631604552269,0.119712650775909,0.0325899571180344,0.991893410682678
361.665802001953,0.0117002706974745,0.0280189421027899,-0.0225110277533531,2.42323684692383,14.4076251983643,4.12220478057861,0.0254736822098494,0.124535612761974,0.0330235213041306,0.991338193416595
362.179412841797,0.00931963324546814,0.0285700038075447,-0.0248455628752708,2.1502161026001,14.430079460144,3.99797534942627,0.0229833424091339,0.124845810234547,0.0322444550693035,0.991385698318481
362.719207763672,0.0040819151327014,0.0285639297217131,-0.026393998414278,2.13482618331909,14.4835748672485,4.29374170303345,0.023188641294837,0.125254154205322,0.0348092839121819,0.991242647171021
363.22216796875,0.00625362154096365,0.0296550672501326,-0.0305503271520138,1.46610474586487,14.8916654586792,3.89883136749268,0.0170864872634411,0.129071682691574,0.0320705771446228,0.990969240665436
363.794311523438,0.0135777164250612,0.0292682014405727,-0.0337339006364346,1.54828751087189,14.5611572265625,3.2678370475769,0.0170096885412931,0.126283168792725,0.0265693981200457,0.991492509841919
364.302642822266,0.0193104073405266,0.0282463431358337,-0.0313322655856609,2.06514716148376,15.0995798110962,2.98418593406677,0.0212792027741671,0.130856648087502,0.0234421547502279,0.990895628929138
364.896728515625,0.0170631036162376,0.0279455222189426,-0.029633579775691,2.23636054992676,15.1536836624146,2.86287617683411,0.0226314906030893,0.131306260824203,0.0221855640411377,0.990835189819336
365.465484619141,0.0152487847954035,0.0278794541954994,-0.0246392916887999,2.33119201660156,16.2018947601318,2.73137378692627,0.0234912373125553,0.140368431806564,0.0207250248640776,0.989603638648987
366.042388916016,0.0234563946723938,0.0138611570000648,-0.0135143250226974,10.6442794799805,18.8545932769775,2.15232396125793,0.0945495367050171,0.161342531442642,0.00325766019523144,0.982353508472443
366.551239013672,0.0273126512765884,0.014267417602241,-0.0131778325885534,10.9405374526978,20.0460319519043,1.12233710289001,0.0955666303634644,0.172323405742645,-0.00698997778818011,0.980368733406067
367.055755615234,0.0239225905388594,0.0300528984516859,-0.0312408953905106,1.59706568717957,21.4735488891602,0.71834009885788,0.0148600451648235,0.18618968129158,0.0035620229318738,0.982394993305206
367.647674560547,0.0207605622708797,0.0319557674229145,-0.0417966060340405,0.6251500248909,21.2131080627441,0.828890264034271,0.00669346749782562,0.184017449617386,0.00610555429011583,0.982881247997284
368.220977783203,0.026915617287159,0.0326983444392681,-0.024213369935751,0.20797435939312,19.6957550048828,1.05305147171021,0.00335979997180402,0.171008944511414,0.00874366238713264,0.985225021839142
368.735137939453,0.0276695936918259,0.032418392598629,-0.00948892347514629,0.880943536758423,17.3463191986084,2.21458864212036,0.0105123156681657,0.150618255138397,0.0179441217333078,0.988373219966888
369.242431640625,0.0210248865187168,0.0315745063126087,-0.0122122839093208,1.2143223285675,17.1820220947266,2.60722780227661,0.0138734206557274,0.149094790220261,0.0209113284945488,0.988504469394684
369.787933349609,0.0136868096888065,0.0315426364541054,-0.0201800633221865,1.25938928127289,17.466287612915,2.79706645011902,0.0145648634061217,0.151513084769249,0.0224540196359158,0.988092839717865
370.303344726563,0.0100721549242735,0.0320085734128952,-0.0278235971927643,0.889154732227325,17.6548442840576,3.02453589439392,0.0117144891992211,0.153198376297951,0.0248872935771942,0.987812578678131
370.837524414063,0.0129211507737637,0.0329332053661346,-0.0254333969205618,0.191299557685852,17.7986068725586,2.94129228591919,0.00561906024813652,0.154604882001877,0.0250976365059614,0.987641572952271
371.397003173828,0.018093403428793,0.0313899181783199,-0.0217391401529312,1.15233016014099,17.4975891113281,2.88111090660095,0.0137592973187566,0.151796981692314,0.0233169905841351,0.988040864467621
371.930572509766,0.0196904242038727,0.0281808357685804,-0.0288480576127768,2.64308953285217,17.7222633361816,2.67112636566162,0.0263711921870708,0.153426185250282,0.0194718465209007,0.987616240978241
372.498748779297,0.0185735449194908,0.0284444335848093,-0.0355901457369328,2.44232654571533,17.8230113983154,2.98043060302734,0.0250750035047531,0.154273673892021,0.0223862156271935,0.987456202507019
373.060211181641,0.0248981881886721,0.0300423409789801,-0.0379812642931938,1.67343556880951,18.2247180938721,2.38609290122986,0.0177126452326775,0.158019617199898,0.0182439386844635,0.987108528614044
373.567504882813,0.0270180962979794,0.0293054413050413,-0.0318721644580364,2.18220663070679,18.1170597076416,2.45272850990295,0.0221694558858871,0.156976267695427,0.0181343164294958,0.987186968326569
374.068695068359,0.0237908791750669,0.0298317335546017,-0.0310767702758312,1.82025742530823,18.1824893951416,2.52452969551086,0.0191610176116228,0.15760338306427,0.0192402340471745,0.987129092216492
374.657318115234,0.0164976939558983,0.0349960774183273,-0.0352242849767208,358.727569580078,18.6996402740479,2.4599940776825,-0.00746663846075535,0.162649601697922,0.0229829028248787,0.986387968063354
375.226531982422,0.010623094625771,0.0351343862712383,-0.0400422923266888,358.493713378906,18.7751770019531,2.95807695388794,-0.00875438004732132,0.163378566503525,0.0276066642254591,0.98613828420639
375.815856933594,0.0153579600155354,0.0339004434645176,-0.0364128686487675,359.44482421875,18.8998985290527,2.66282320022583,-0.000962884165346622,0.164250761270523,0.0237150713801384,0.98613303899765
376.326995849609,0.0164937190711498,0.0331548042595387,-0.0303485486656427,359.909942626953,18.7004013061523,2.77817797660828,0.00316327204927802,0.162439405918121,0.0240473616868258,0.986420392990112
376.843200683594,0.0142731517553329,0.0332787781953812,-0.0346305221319199,359.624114990234,18.4594097137451,2.80485725402832,0.000688730564434081,0.160423263907433,0.0246835257858038,0.98673939704895
377.344543457031,0.0149019584059715,0.0318915732204914,-0.0347828269004822,0.456760942935944,18.1818656921387,2.7822277545929,0.00777055183425546,0.157858431339264,0.0233423858880997,0.987155258655548
377.852203369141,0.0189228970557451,0.029062682762742,-0.0296709109097719,2.22560954093933,17.8767623901367,2.69721341133118,0.0228357873857021,0.154848292469978,0.0202286262065172,0.987467169761658
378.352905273438,0.0222443081438541,0.0289260558784008,-0.0303729753941298,2.15386319160461,18.3749027252197,2.33618140220642,0.0218042191118002,0.159225389361382,0.0171202793717384,0.986852943897247
378.862579345703,0.0154535574838519,0.0295164939016104,-0.0365154109895229,1.83363854885101,18.2700290679932,2.69378852844238,0.0195248275995255,0.158325925469398,0.0206648670136929,0.986977517604828
379.382843017578,0.0113461632281542,0.0297668278217316,-0.0348214991390705,1.68290328979492,17.7804927825928,2.94754886627197,0.0184786450117826,0.154101237654686,0.0231388602405787,0.98761123418808
379.885345458984,0.019657026976347,0.0271985083818436,-0.0239977389574051,3.31789231300354,18.8105792999268,2.33485984802246,0.0318830013275146,0.162732750177383,0.0153618287295103,0.986035287380219
380.407409667969,0.022343598306179,0.0253515746444464,-0.0222041457891464,4.37417650222778,18.6821994781494,2.04480218887329,0.0405446402728558,0.161495715379715,0.0114006288349628,0.985974311828613
380.984802246094,0.0180197656154633,0.0267867092043161,-0.0295806620270014,3.37428712844849,18.5884799957275,2.38381505012512,0.0324071869254112,0.160795271396637,0.0157652478665113,0.986329615116119
381.494171142578,0.016973502933979,0.0281724222004414,-0.0365325547754765,2.35197567939758,18.7316226959229,2.39078760147095,0.0236397385597229,0.162245094776154,0.0172404088079929,0.986316621303558
382.060272216797,0.0218485072255135,0.0289175920188427,-0.0356162711977959,1.93208849430084,18.9903030395508,2.02521014213562,0.0195411629974842,0.164621070027351,0.0146469399333,0.986054539680481
382.568054199219,0.0230293832719326,0.0288352221250534,-0.0266461260616779,2.25898575782776,18.7865600585938,2.05566811561584,0.0223717670887709,0.162803426384926,0.0144774634391069,0.986298620700836
383.156097412109,0.0176526978611946,0.0283477399498224,-0.0213893614709377,2.44822764396667,18.7593555450439,2.56026029586792,0.0247124638408422,0.16242727637291,0.0185560844838619,0.986236453056335
383.741882324219,0.0165180899202824,0.0286842864006758,-0.0224775616079569,2.26612186431885,18.8053512573242,2.57466602325439,0.023173401132226,0.162860572338104,0.0189303699880838,0.986195266246796
384.259338378906,0.0158345401287079,0.029002845287323,-0.02764100022614,1.87394869327545,18.5504550933838,2.65853929519653,0.0198729075491428,0.160737812519073,0.0202567372471094,0.986589133739471
384.780212402344,0.0208128727972507,0.0298785269260406,-0.0303728878498077,1.45990824699402,18.7259731292725,2.18147420883179,0.0156644117087126,0.162406653165817,0.0167084373533726,0.98645806312561
385.324127197266,0.0245703365653753,0.0307770594954491,-0.0252281446009874,1.04594969749451,18.873161315918,2.10930037498474,0.0120201222598553,0.163755491375923,0.0166599899530411,0.98628705739975
385.828399658203,0.0173983834683895,0.0295200515538454,-0.0236220061779022,1.81423568725586,17.9388580322266,2.86320734024048,0.0195276979357004,0.15544855594635,0.0222075134515762,0.987401247024536
386.340759277344,0.013495210558176,0.0296775382012129,-0.0277278330177069,1.68014478683472,18.1890697479248,3.07057213783264,0.0187064819037914,0.157602295279503,0.0241363141685724,0.987030446529388
386.895172119141,0.017146835103631,0.0298577398061752,-0.024867158383131,1.44752359390259,18.2373809814453,3.12224745750427,0.0167846139520407,0.158068910241127,0.0248958077281713,0.986971497535706
387.405426025391,0.0190530233085155,0.030167430639267,-0.0242916420102119,1.36182367801666,18.3248100280762,2.7073814868927,0.0154904630035162,0.158900573849678,0.0214293114840984,0.986940443515778
387.907623291016,0.0142097314819694,0.0304619520902634,-0.0280131343752146,1.18209874629974,18.4307994842529,3.07069325447083,0.0144694587215781,0.159807652235031,0.0247950106859207,0.986730635166168
388.475463867188,0.0146901253610849,0.0311823859810829,-0.0392694622278214,0.457031965255737,18.768985748291,2.60116219520569,0.00763494940474629,0.162926316261292,0.0217433497309685,0.986369073390961
388.994934082031,0.0192641858011484,0.0307697281241417,-0.0412852875888348,0.641028761863708,18.9666881561279,2.29630398750305,0.00881782080978155,0.164614677429199,0.0188420526683331,0.986138582229614
389.509857177734,0.0232605300843716,0.0304976999759674,-0.038958452641964,0.751079916954041,19.030740737915,2.16308808326721,0.00958329346030951,0.165157169103622,0.0175319593399763,0.986064851284027
390.025207519531,0.0244786571711302,0.0301020238548517,-0.0370448976755142,0.962483286857605,19.2243938446045,1.9844788312912,0.0111714545637369,0.166804298758507,0.0156709868460894,0.985802173614502
390.590606689453,0.0214047394692898,0.030383039265871,-0.0329390056431293,0.949533045291901,18.9975681304932,2.23752689361572,0.0113929891958833,0.164829984307289,0.0178893245756626,0.986093938350677
391.174774169922,0.0165084190666676,0.0306447371840477,-0.0327254086732864,0.90504914522171,18.7295475006104,2.58289074897766,0.0114579861983657,0.162497326731682,0.0209521669894457,0.986419975757599
391.762664794922,0.0207655671983957,0.0297970194369555,-0.0318549796938896,1.17060935497284,18.9252033233643,2.2421886920929,0.0132908700034022,0.1641665995121,0.0176191907376051,0.986185729503632
392.341918945313,0.0636594295501709,-0.0108977258205414,-0.00849810987710953,21.9739894866943,24.769811630249,0.0376299656927586,0.186220124363899,0.210485592484474,-0.0405616723001003,0.958839237689972
392.847839355469,0.0777664929628372,0.0258221067488194,-0.0143647883087397,1.02639281749725,20.3400440216064,359.793579101563,0.00849803071469069,0.176578283309937,-0.00335461017675698,0.984244227409363
393.417449951172,0.069216676056385,0.0294226389378309,-0.0238505378365517,358.888031005859,16.8796253204346,0.71576064825058,-0.00868174899369478,0.146820589900017,0.00760240852832794,0.9890958070755
393.975891113281,0.0692410320043564,0.028835866600275,-0.0126696592196822,359.607482910156,17.8787078857422,0.710978865623474,-0.00241951225325465,0.155406042933464,0.00666126236319542,0.987825274467468
394.553466796875,0.0619661211967468,0.0289783403277397,-0.00868694018572569,359.766998291016,18.1591415405273,0.914248466491699,-0.00074882322223857,0.157816663384438,0.008199124597013,0.987434148788452
395.061492919922,0.0581070706248283,0.0286477357149124,-0.0107660461217165,0.0423197224736214,18.0110244750977,0.931869506835938,0.00163764355238527,0.156521335244179,0.00797395873814821,0.987641036510468
395.629852294922,0.0522797182202339,0.0283115077763796,-0.0208679344505072,0.149611175060272,17.9784908294678,0.968807578086853,0.00261050299741328,0.156232446432114,0.0081465020775795,0.987683296203613
396.132385253906,0.0437119528651237,0.0253388676792383,-0.0283594503998756,2.2397620677948,17.2273006439209,1.91112768650055,0.0218184813857079,0.149399220943451,0.0135589363053441,0.988443195819855
396.632751464844,0.0419161543250084,0.026248749345541,-0.0325670428574085,1.87937676906586,17.6631908416748,1.90238082408905,0.0187516119331121,0.153219938278198,0.0138840712606907,0.987916648387909
397.143707275391,0.0394754000008106,0.0248708426952362,-0.0347282998263836,2.54596614837646,18.3452453613281,1.74960780143738,0.024362476542592,0.159016728401184,0.0115276481956244,0.986907958984375
397.65625,0.0382181257009506,0.0222347062081099,-0.0358856879174709,4.37833738327026,18.2772769927979,1.26990032196045,0.0394704900681973,0.158280313014984,0.00486657116562128,0.986593008041382
398.195739746094,0.0319798812270164,0.0230967830866575,-0.0357113741338253,4.10120296478271,18.9232006072998,2.13162875175476,0.0383449979126453,0.163596346974373,0.012455022893846,0.985703229904175
398.753234863281,0.0311971269547939,0.0226140581071377,-0.0273215938359499,4.23201179504395,18.3054237365723,1.99884939193726,0.0392198264598846,0.158297926187515,0.0113362520933151,0.98654705286026
399.260192871094,0.0345888882875443,0.0223971866071224,-0.0237158313393593,4.50195503234863,18.739917755127,1.75227963924408,0.0412358641624451,0.1620714366436,0.0086814034730196,0.985878825187683
399.763000488281,0.0377213768661022,0.0230109468102455,-0.0278203561902046,4.18826055526733,18.6336250305176,1.44139850139618,0.0380914062261581,0.16131891310215,0.00648869248107076,0.986145615577698
400.273864746094,0.0374834313988686,0.024361053481698,-0.0330588407814503,3.41977190971375,18.2701148986816,1.52005922794342,0.031562652438879,0.158286765217781,0.00835371948778629,0.986853241920471
400.852905273438,0.0363596677780151,0.0269635077565908,-0.0343279466032982,1.90211319923401,17.4731273651123,1.49150192737579,0.0183809921145439,0.151644289493561,0.0103417243808508,0.988210141658783
401.363342285156,0.0376917794346809,0.0265849903225899,-0.0335670113563538,2.14885401725769,17.3153285980225,1.54930567741394,0.0205706190317869,0.150239542126656,0.0105410618707538,0.988379418849945
401.925811767578,0.0474214553833008,0.0243908446282148,-0.0443865470588207,1.5088974237442,16.7486743927002,1.74488401412964,0.0152427088469267,0.145412057638168,0.0131452903151512,0.989166438579559
402.521881103516,0.0310793779790401,0.0259744040668011,-0.0598502680659294,0.92902684211731,17.0599460601807,2.1071343421936,0.0107433870434761,0.148149415850639,0.01698087900877,0.988760888576508
403.0966796875,-0.0075254226103425,0.0219465214759111,-0.0859630331397057,2.05225586891174,17.6266555786133,1.78413283824921,0.0200797691941261,0.152897030115128,0.0126390662044287,0.987957239151001
403.670532226563,-0.0160796381533146,0.0237625315785408,-0.0923180729150772,1.01178753376007,17.9566593170166,2.81839060783386,0.0125563722103834,0.155793145298958,0.0229128412902355,0.98744410276413
404.240966796875,0.0186586268246174,0.0246867723762989,-0.064944364130497,1.49167573451996,17.5233592987061,1.54602313041687,0.0149187557399273,0.152124539017677,0.0113499974831939,0.988183557987213
404.820281982422,0.0381626076996326,0.0245834067463875,-0.0533710643649101,2.02773284912109,16.4772434234619,1.00150191783905,0.0187632646411657,0.143115118145943,0.00611265376210213,0.989509284496307
405.3203125,0.0307582654058933,0.0235979110002518,-0.0629645213484764,2.67097067832947,16.8091869354248,1.37479043006897,0.024807583540678,0.145835518836975,0.00845866929739714,0.988961637020111
405.83447265625,0.0252078920602798,0.0250485427677631,-0.0629370883107185,1.9039009809494,16.8835315704346,1.99494075775146,0.0189866665750742,0.146475523710251,0.0147786568850279,0.988921642303467
406.373901367188,0.0208837520331144,0.0257423799484968,-0.0577368140220642,1.57501780986786,16.0720844268799,2.23932600021362,0.0163380615413189,0.139490187168121,0.017425836995244,0.989935338497162
406.932861328125,0.0281650833785534,0.0262378547340631,-0.0655524954199791,0.939009189605713,16.2735195159912,1.77716326713562,0.0103057213127613,0.141388818621635,0.014191766269505,0.989798784255981
407.434722900391,0.0333878360688686,0.0287254732102156,-0.0748841986060143,359.383239746094,15.5199251174927,1.67323100566864,-0.00336086703464389,0.135084733366966,0.0151938991621137,0.990711867809296
407.970306396484,0.0326573997735977,0.0279677920043468,-0.071690633893013,0.129067957401276,15.9557504653931,1.34658658504486,0.00274626864120364,0.138767927885056,0.0114808632060885,0.990254580974579
408.549072265625,0.0196044985204935,0.028410866856575,-0.0593867674469948,0.376119792461395,16.4329700469971,1.62800073623657,0.00527853239327669,0.142852365970612,0.0135915735736489,0.989636659622192
409.065002441406,0.0135046038776636,0.0275062657892704,-0.0585278272628784,0.893589377403259,17.7750606536865,1.5084422826767,0.00973726622760296,0.154375866055489,0.0118001783266664,0.987893760204315
409.644622802734,0.0233445502817631,0.0280726253986359,-0.0685941278934479,0.0101672299206257,17.3069591522217,1.23071825504303,0.00170360680203885,0.15044854581356,0.0106042288243771,0.988559484481812
410.213439941406,0.0368960164487362,0.0280738398432732,-0.0764352455735207,359.778198242188,17.0982856750488,0.69697630405426,-0.00100996065884829,0.148666247725487,0.00630238279700279,0.988866806030273
410.782012939453,0.0378125868737698,0.0283464789390564,-0.0728385299444199,359.64892578125,17.3400001525879,0.471677720546722,-0.0024082085583359,0.150753691792488,0.00453092949464917,0.988558053970337
411.284240722656,0.0335290171205997,0.0283933989703655,-0.0636019557714462,359.986541748047,17.1792697906494,0.683622181415558,0.000774819927755743,0.149354487657547,0.00591632956638932,0.988765716552734
411.846466064453,0.0334402322769165,0.0288466233760118,-0.0631659254431725,0.0341746136546135,17.5385112762451,0.607681691646576,0.00110321084503084,0.152451828122139,0.00519554177299142,0.988296687602997
412.421691894531,0.0405235588550568,0.0290834065526724,-0.0745395123958588,359.465545654297,17.6913948059082,0.192373380064964,-0.00435023149475455,0.153779819607735,0.00237596733495593,0.988092720508575
412.929321289063,0.0460243001580238,0.0287484023720026,-0.0723970383405685,359.664764404297,17.9818592071533,359.752655029297,-0.00322692445479333,0.156270831823349,-0.00167469040025026,0.987707555294037
413.522796630859,0.0374061167240143,0.0286352317780256,-0.0614233575761318,0.0332814045250416,17.5726985931396,0.276402741670609,0.000655469950288534,0.152749240398407,0.00233939662575722,0.988261997699738
414.02978515625,0.029402494430542,0.0284300986677408,-0.0580678954720497,0.285969704389572,17.6767253875732,0.761197686195374,0.00348648987710476,0.153627216815948,0.00618033017963171,0.988103449344635
414.611907958984,0.033208716660738,0.0286646522581577,-0.0665483772754669,0.0601611323654652,18.1574478149414,0.20688658952713,0.000803307513706386,0.157790169119835,0.00169996614567935,0.987470865249634
415.120483398438,0.0377963036298752,0.0291239563375711,-0.0741599351167679,359.886810302734,18.06276512146,0.0764647722244263,-0.000870805350132287,0.156975969672203,0.000814068131148815,0.987601697444916
415.713348388672,0.0394656509160995,0.0284723211079836,-0.07871925085783,359.828338623047,18.1555633544922,359.848419189453,-0.00168785860296339,0.157772898674011,-0.00106977147515863,0.987473428249359
416.290466308594,0.0313826054334641,0.0278103072196245,-0.0678982585668564,0.377243965864182,18.1978893280029,0.34184068441391,0.00372237642295659,0.158128634095192,0.00242496002465487,0.987408578395844
416.813323974609,0.0255511049181223,0.0276074390858412,-0.0601466223597527,0.581618010997772,18.0897846221924,0.78234201669693,0.00608559744432569,0.157168373465538,0.00594428880140185,0.987535178661346
417.392791748047,0.0265066958963871,0.0278291199356318,-0.0680431127548218,0.223958790302277,18.2013492584229,0.686808407306671,0.00287775904871523,0.158154994249344,0.00560891814529896,0.987394213676453
417.900085449219,0.0331062003970146,0.0275096911936998,-0.0757487788796425,0.581420063972473,18.1492671966553,0.310097485780716,0.00543710589408875,0.157704740762711,0.0018719577929005,0.987469613552094
418.40185546875,0.0401808023452759,0.0256536155939102,-0.0768205299973488,1.39988279342651,17.5656032562256,359.874755859375,0.0119058499112725,0.152690902352333,-0.00294536724686623,0.988197922706604
418.902282714844,0.0421985238790512,0.0252333115786314,-0.070349857211113,1.75479900836945,18.0944805145264,359.779266357422,0.0148195046931505,0.157259151339531,-0.00431003654375672,0.987436771392822
419.484710693359,0.0369838997721672,0.0253475829958916,-0.0569586679339409,1.94230556488037,18.039234161377,0.215206354856491,0.0170337744057178,0.156718388199806,-0.000802594877313823,0.987496137619019
420.062835693359,0.030339052900672,0.0258593931794167,-0.0540855303406715,2.00844311714172,17.9877433776855,0.544581949710846,0.018053213134408,0.156220778822899,0.00195340625941753,0.987555325031281
420.640838623047,0.0357731245458126,0.027174724265933,-0.0665999948978424,1.12782609462738,17.9343605041504,0.248298585414886,0.0100593874230981,0.15583972632885,0.000606172485277057,0.987731039524078
421.147979736328,0.044692799448967,0.0265742409974337,-0.0722403898835182,0.902599036693573,18.419282913208,359.410461425781,0.0069515653885901,0.160080224275589,-0.00633888272568583,0.98705917596817
421.704772949219,0.0417087078094482,0.0265009105205536,-0.0604723989963531,1.23432111740112,18.0074672698975,359.875335693359,0.0104683013632894,0.156501233577728,-0.00276012835092843,0.987618446350098
422.281768798828,0.0328299403190613,0.02594955265522,-0.0469865016639233,2.08003330230713,18.0772571563721,0.371930569410324,0.0184350591152906,0.157015427947044,0.000353400595486164,0.98742401599884
422.863800048828,0.027276074513793,0.0255899969488382,-0.0425011329352856,2.30571866035461,18.089038848877,0.705258846282959,0.0208365991711617,0.157044768333435,0.00291393836960196,0.987367391586304
423.436309814453,0.0322086401283741,0.0274007618427277,-0.0432348400354385,2.08478569984436,18.3336753845215,0.811123609542847,0.019086854532361,0.159152343869209,0.00408865278586745,0.987061083316803
424.007232666016,0.0397250801324844,0.0276718866080046,-0.0540006719529629,1.8981226682663,18.1185550689697,0.308121085166931,0.0167801324278116,0.157390087842941,4.69407241325825E-05,0.987393975257874
424.568206787109,0.037379264831543,0.0275608189404011,-0.0584856308996677,1.17012012004852,18.0744762420654,0.58946019411087,0.0108921146020293,0.157014220952988,0.00347597571089864,0.987530171871185
425.073638916016,0.0330535620450974,0.0273552592843771,-0.0469365417957306,1.68170833587646,17.5732173919678,1.04340386390686,0.0158930476754904,0.152600020170212,0.00675585586577654,0.988137125968933
425.645111083984,0.031356543302536,0.027017505839467,-0.0416738279163837,1.80932796001434,17.6626892089844,0.998904049396515,0.016939053311944,0.153365463018417,0.00618866225704551,0.988004982471466
426.157867431641,0.0321567207574844,0.0272757858037949,-0.0477756857872009,1.5309956073761,17.6407833099365,0.840116024017334,0.0143257733434439,0.153222948312759,0.00519543839618564,0.98807418346405
426.735809326172,0.0342424288392067,0.0274668708443642,-0.0553399845957756,1.14885628223419,17.8006629943848,0.398894637823105,0.0104432580992579,0.154672920703888,0.00188782147597522,0.987908720970154
427.237396240234,0.0344558134675026,0.0273419246077538,-0.0535323396325111,1.10565519332886,17.8039684295654,0.298389226198196,0.00993518438190222,0.154712066054344,0.0010793989058584,0.987909078598022
427.8046875,0.0312682539224625,0.0272893682122231,-0.0459147393703461,1.39151525497437,17.538875579834,0.63351970911026,0.0128436274826527,0.152378767728806,0.00361217116005719,0.988232135772705
428.309387207031,0.0303400717675686,0.027586679905653,-0.0501147843897343,1.16234159469604,17.3709678649902,0.775626301765442,0.0110486913472414,0.150931283831596,0.00515891145914793,0.988469064235687
428.840393066406,0.033173393458128,0.0276170503348112,-0.0576648563146591,0.572997629642487,17.5599269866943,0.452248185873032,0.00554409623146057,0.152617633342743,0.00313705834560096,0.988264799118042
429.393127441406,0.0304894782602787,0.0271434932947159,-0.0480455011129379,1.18634462356567,17.4077949523926,0.608196437358856,0.0110363848507404,0.151263505220413,0.00367946550250053,0.988425016403198
429.89501953125,0.029100650921464,0.0269863232970238,-0.0419866591691971,1.75610673427582,17.3829383850098,0.851552486419678,0.0162707380950451,0.15097913146019,0.00502928020432591,0.988390266895294
430.414825439453,0.0316386371850967,0.0271711461246014,-0.0442824102938175,1.58548927307129,17.1920146942139,0.783953309059143,0.0147022604942322,0.149355053901672,0.00469582993537188,0.988663196563721
431.001556396484,0.0338467061519623,0.0273905117064714,-0.0473910197615623,1.17990410327911,17.6171646118164,0.279435992240906,0.010548354126513,0.153100475668907,0.000832921010442078,0.988153994083405
431.545104980469,0.026311494410038,0.0267741959542036,-0.0405971184372902,1.75705254077911,17.2740383148193,0.948148965835571,0.016400583088398,0.150025933980942,0.00587679585441947,0.988528549671173
432.134460449219,0.0245375484228134,0.02753871306777,-0.0375887975096703,1.47181725502014,17.2592144012451,1.12348389625549,0.0141686061397195,0.149902179837227,0.00776524562388659,0.988568902015686
432.689697265625,0.0306555293500423,0.0270226113498211,-0.0399332493543625,1.6415638923645,17.5805492401123,0.575730562210083,0.0149241285398602,0.152729347348213,0.00277558504603803,0.988151490688324
433.197692871094,0.0275720655918121,0.0274261347949505,-0.0368910096585751,1.59635388851166,17.5119400024414,0.6877201795578,0.014681258238852,0.152126222848892,0.00381040526553988,0.988244712352753
433.736633300781,0.023435827344656,0.0271165482699871,-0.0332131534814835,1.89063048362732,17.5004119873047,1.00607168674469,0.0176408849656582,0.151957213878632,0.00616644136607647,0.988210380077362
434.253173828125,0.0221571382135153,0.0271928925067186,-0.0324574746191502,1.84971368312836,17.438943862915,1.18056631088257,0.0175152737647295,0.151404589414597,0.00773499999195337,0.988286435604095
434.781799316406,0.0267341136932373,0.0267628710716963,-0.0339287295937538,1.90997338294983,17.4580669403076,0.872907042503357,0.0176292434334755,0.151610717177391,0.00499887717887759,0.988270461559296
435.355163574219,0.0269920080900192,0.0269220154732466,-0.0338508933782578,1.90973031520844,17.2664108276367,0.920840680599213,0.017681485041976,0.149950265884399,0.00544217135757208,0.988520443439484
435.867034912109,0.0261407494544983,0.0284794364124537,-0.0356241725385189,0.953557908535004,17.1385841369629,0.837889492511749,0.00931762624531984,0.148936077952385,0.00599014200270176,0.988784790039063
436.368621826172,0.0282125882804394,0.0282657947391272,-0.0399619787931442,1.16864502429962,17.324686050415,0.644113957881927,0.0109282145276666,0.150544211268425,0.00402058474719524,0.988534688949585
436.868865966797,0.0316523276269436,0.0287065487354994,-0.0416630320250988,0.912681877613068,17.5871353149414,0.215064287185669,0.00815783813595772,0.1528549939394,0.000637089135125279,0.988214731216431
437.441711425781,0.0333548150956631,0.0281941685825586,-0.0375672988593578,1.21972322463989,17.5514507293701,0.310122340917587,0.0109321195632219,0.152529463171959,0.00105058832559735,0.988237917423248
438.009002685547,0.0321846529841423,0.0276704952120781,-0.0331328772008419,1.40297269821167,17.3951206207275,0.51998096704483,0.0127881560474634,0.151150926947594,0.00263381376862526,0.988424479961395
438.510498046875,0.030217170715332,0.0279952306300402,-0.0372712910175323,1.05866038799286,17.4789333343506,0.551842510700226,0.00986273121088743,0.151889458298683,0.00335591426119208,0.988342583179474
439.104431152344,0.0318472646176815,0.0285133514553308,-0.0422071851789951,0.77754157781601,17.4711132049561,0.434670150279999,0.00728259654715657,0.151844203472137,0.00271861394867301,0.988373875617981
439.669708251953,0.0346552617847919,0.0288363602012396,-0.0434687323868275,0.735295176506042,17.5853824615479,0.182078436017036,0.00658407853916287,0.152846366167068,0.000589386560022831,0.988227903842926
440.226531982422,0.0367126315832138,0.0290603917092085,-0.0427731238305569,0.59632933139801,17.4805088043213,0.157868340611458,0.00535283517092466,0.151945978403091,0.000570880016312003,0.98837411403656
440.742523193359,0.0378667712211609,0.0285615622997284,-0.0446021184325218,0.733794093132019,17.3986549377441,0.202406227588654,0.00659698946401477,0.151234716176987,0.000777444685809314,0.988475561141968
441.306518554688,0.039918951690197,0.0288134478032589,-0.0497600845992565,0.456559777259827,17.6212291717529,359.989898681641,0.0039236918091774,0.153168052434921,-0.000697482493706048,0.988192141056061
441.85498046875,0.0390566289424896,0.0289585962891579,-0.0526887401938438,0.183821618556976,17.6374263763428,359.878295898438,0.00142234028317034,0.153310000896454,-0.00129554804880172,0.988176286220551
442.420318603516,0.0333070158958435,0.0292082093656063,-0.0542165786027908,0.0848417356610298,17.5224533081055,0.15253221988678,0.000934492330998182,0.152315899729729,0.00120278925169259,0.988330662250519
443.010681152344,0.0316826365888119,0.0291459988802671,-0.050453532487154,0.328930735588074,17.6726818084717,0.188721209764481,0.0030893690418452,0.153607115149498,0.00118641101289541,0.988126516342163
443.522491455078,0.0328341498970985,0.0288064144551754,-0.0477407090365887,0.505321264266968,17.6162700653076,0.244089215993881,0.00468389736488461,0.153115049004555,0.00142969167791307,0.98819625377655
444.049133300781,0.0346869006752968,0.0282420981675386,-0.0488187149167061,0.624246835708618,17.5468368530273,0.29340124130249,0.00577432243153453,0.152510792016983,0.00169951166026294,0.988283514976501
444.561645507813,0.0354935675859451,0.0284724794328213,-0.0528300069272518,0.492768257856369,17.5096263885498,0.246207132935524,0.00457710959017277,0.152195528149605,0.00146899127867073,0.988338768482208
445.12890625,0.0364882461726665,0.0303075443953276,-0.0536519326269627,359.619323730469,17.7482280731201,0.331286877393723,-0.0028363901656121,0.154272019863129,0.00336888316087425,0.988018691539764
445.697448730469,0.0327965430915356,0.0274480301886797,-0.0399789549410343,1.35660564899445,17.7113990783691,0.829147756099701,0.0128107313066721,0.153847008943558,0.00532643776386976,0.98799729347229
446.209289550781,0.0265145786106586,0.0278228260576725,-0.033414825797081,1.47608017921448,17.7773170471191,1.34450936317444,0.014538043178618,0.15434205532074,0.00960077252238989,0.987863898277283
446.779968261719,0.0229809880256653,0.0291621200740337,-0.0412574261426926,0.75259655714035,17.8285140991211,1.40476071834564,0.00838727690279484,0.154861688613892,0.0110926022753119,0.987838327884674
447.293975830078,0.0250707529485226,0.0297488104552031,-0.0500037036836147,0.0147510478273034,18.005350112915,1.09202992916107,0.00161833537276834,0.156472265720367,0.00939207803457975,0.987636387348175
447.887786865234,0.0245509333908558,0.0294923856854439,-0.0437945537269115,0.140639156103134,17.7571640014648,1.42303907871246,0.00312912021763623,0.154313981533051,0.0120798237621784,0.987943053245544
448.464660644531,0.0236305724829435,0.0282692965120077,-0.0383845083415508,1.12475264072418,17.5807399749756,1.73621821403503,0.0120139857754111,0.152647867798805,0.0134723242372274,0.988115787506104
448.984710693359,0.0232723075896502,0.0287620779126883,-0.0426613539457321,0.857110857963562,17.7841663360596,1.62640452384949,0.00958273373544216,0.154449105262756,0.0128655713051558,0.987870514392853
449.546936035156,0.022313192486763,0.0280842036008835,-0.0497142821550369,1.16962766647339,17.4787254333496,1.59293043613434,0.0121992006897926,0.151777073740959,0.0121877267956734,0.988264322280884
450.127593994141,0.0255537535995245,0.0301909316331148,-0.0531848669052124,359.932006835938,17.5079288482666,1.31038391590118,0.00115389784332365,0.152188494801521,0.0113920979201794,0.988285183906555
450.63330078125,0.0252431090921164,0.0289784669876099,-0.045661486685276,0.631605982780457,17.122127532959,1.5350250005722,0.00744389882311225,0.148774743080139,0.0124253369867802,0.988765001296997
451.136871337891,0.0205375030636787,0.0287773180752993,-0.0431005097925663,0.815895617008209,17.0477752685547,1.71823918819427,0.00926289986819029,0.148095726966858,0.0137726916000247,0.988833725452423
451.684326171875,0.0189200900495052,0.0291991233825684,-0.0575840957462788,0.319597512483597,16.9917850494385,1.24736046791077,0.00436637783423066,0.147699147462845,0.0103535493835807,0.98896849155426
452.203063964844,0.0165772493928671,0.0297586880624294,-0.0789940059185028,359.425628662109,17.3002986907959,1.87082171440125,-0.00249925185926259,0.150459676980972,0.0168931148946285,0.988468647003174
452.774688720703,0.0176739599555731,0.0298651419579983,-0.0733744949102402,359.394378662109,17.4544486999512,1.69059753417969,-0.00298494845628738,0.151788949966431,0.015383523888886,0.988288700580597
453.276733398438,0.0159176923334599,0.0302945245057344,-0.0568068102002144,359.781219482422,17.6875495910645,1.59013426303864,0.000247066898737103,0.15375192463398,0.0140045825392008,0.988010227680206
453.817565917969,0.00784023106098175,0.0325761325657368,-0.0443078316748142,358.797058105469,18.0558891296387,2.19570422172546,-0.00735919736325741,0.157077342271805,0.020568486303091,0.987344682216644
454.353790283203,0.0124300457537174,0.0338232405483723,-0.0495414882898331,358.277923583984,19.5893745422363,1.22135353088379,-0.0129944561049342,0.170247077941895,0.0130578419193625,0.985229194164276
454.932495117188,0.0132616255432367,0.0354960262775421,-0.0579299256205559,357.284973144531,20.6716842651367,1.08768427371979,-0.0216029342263937,0.179580420255661,0.0135854268446565,0.983412206172943
455.454223632813,0.0171019155532122,0.0355108603835106,-0.062685452401638,357.007141113281,20.6366004943848,0.636148869991302,-0.0246977899223566,0.179195255041122,0.0101372469216585,0.983451247215271
455.964324951172,0.0153334382921457,0.0352820046246052,-0.0649343281984329,357.06201171875,19.5565052032471,1.17679047584534,-0.0235187318176031,0.170030131936073,0.0144704123958945,0.985051929950714
456.468627929688,0.0173541009426117,0.0363281071186066,-0.0657437816262245,356.603729248047,19.2434539794922,0.96487683057785,-0.0278090685606003,0.167309314012527,0.0132508249953389,0.98542308807373
456.985382080078,0.0173336826264858,0.0362023897469044,-0.0586237348616123,356.855163574219,19.195140838623,1.21624100208282,-0.0252859927713871,0.166941925883293,0.0150358192622662,0.985527753829956
457.557220458984,0.0162238515913486,0.0360049158334732,-0.0578581318259239,356.891052246094,18.8236885070801,1.42440962791443,-0.0247283093631268,0.163789749145508,0.0166939701884985,0.986043989658356
458.127685546875,0.0178833939135075,0.036083672195673,-0.0581986829638481,356.625396728516,19.1650867462158,1.16569292545319,-0.0273397248238325,0.166682884097099,0.0149274887517095,0.985518455505371
458.714111328125,0.0121480952948332,0.036181528121233,-0.0562593787908554,356.614685058594,19.1380405426025,1.33435249328613,-0.0271903183311224,0.166490957140923,0.0163870863616467,0.985531806945801
459.277008056641,0.0123382583260536,0.036839671432972,-0.0599601566791534,356.190795898438,19.5856552124023,0.949905872344971,-0.0313409715890884,0.170257821679115,0.0138168055564165,0.984804093837738
459.857849121094,0.0163952894508839,0.0368357598781586,-0.0605170242488384,356.09375,19.5637035369873,0.716104567050934,-0.032524611800909,0.17000524699688,0.0119450259953737,0.984833836555481
460.435363769531,0.0172198936343193,0.0367127768695354,-0.0611478462815285,356.152862548828,19.1319026947021,0.890076398849487,-0.0318085439503193,0.166341230273247,0.0132329640910029,0.985466241836548
461.005065917969,0.0216814540326595,0.0354761630296707,-0.058350782841444,356.909545898438,19.1209487915039,0.837714910507202,-0.0253770537674427,0.166218087077141,0.0116848479956388,0.985693216323853
461.566497802734,0.0276981368660927,0.0337862819433212,-0.0555884800851345,357.845703125,18.9564609527588,0.762111246585846,-0.0174467582255602,0.164763450622559,0.00965425651520491,0.986131548881531
462.134857177734,0.0293598547577858,0.0335486382246017,-0.0608585923910141,357.528686523438,19.0308589935303,0.592447757720947,-0.0204132664948702,0.165382504463196,0.00866262707859278,0.985980153083801
462.64453125,0.0286333672702312,0.0325405560433865,-0.0637211576104164,358.136322021484,18.224458694458,0.896034717559814,-0.0148189878091216,0.158468589186668,0.0102950530126691,0.987199127674103
463.150390625,0.0233382117003202,0.0300269350409508,-0.0681653842329979,359.411651611328,17.2685165405273,1.58217024803162,-0.00300303427502513,0.15018031001091,0.0144206872209907,0.988548934459686
463.708221435547,0.0252684541046619,0.0302691515535116,-0.0626327842473984,359.393829345703,18.3164386749268,0.819155395030975,-0.0040845824405551,0.159192353487015,0.00789911951869726,0.987207531929016
464.210144042969,0.0178449377417564,0.0301965288817883,-0.0522011555731297,359.740173339844,18.0937461853027,1.4493054151535,-0.000250271667027846,0.157257780432701,0.0128463674336672,0.987474024295807
464.761322021484,0.0121642360463738,0.029914915561676,-0.047601118683815,0.0689899697899818,18.279634475708,1.78180062770844,0.00306412694044411,0.158815741539001,0.0152554837986827,0.987185597419739
465.339019775391,0.0313673876225948,0.0242684446275234,-0.042890477925539,4.66388750076294,20.0595054626465,1.21227324008942,0.0419056750833988,0.173581719398499,0.00332262576557696,0.983921885490417
465.919250488281,0.0107363369315863,0.0256072673946619,-0.0469486750662327,5.23040771484375,23.7152538299561,2.65763258934021,0.0494025722146034,0.204175710678101,0.0132985003292561,0.977596461772919
466.428161621094,-0.0151753146201372,0.0116386581212282,-0.0240317285060883,10.9380187988281,29.9882335662842,5.06820964813232,0.103359296917915,0.253219842910767,0.0178804751485586,0.961705207824707
466.98974609375,0.0132259158417583,-0.0106028225272894,-0.0190794542431831,21.2078952789307,38.1135292053223,5.06444597244263,0.187943205237389,0.312930911779404,-0.0189776606857777,0.930801510810852
467.507934570313,0.0365797504782677,0.000399377284338698,-0.0284607149660587,16.3386611938477,21.3043155670166,0.162165626883507,0.13990917801857,0.182772532105446,-0.024889774620533,0.972831010818481
468.089263916016,0.0237379297614098,0.016403753310442,-0.056629553437233,8.21319770812988,5.80804538726807,0.326640665531158,0.0716641023755074,0.0503289103507996,-0.000788579985965043,0.996157944202423
468.595092773438,-0.00436532590538263,0.0232526678591967,-0.053766556084156,4.54211854934692,349.962707519531,0.943962454795837,0.0387537702918053,-0.0877335146069527,0.0116659672930837,0.99532151222229
469.108001708984,-0.0124845569953322,0.0211675111204386,-0.0452600531280041,5.44173669815063,352.612884521484,0.717948377132416,0.0469675771892071,-0.064642958343029,0.00930315442383289,0.996759116649628
469.612426757813,0.0403694659471512,0.0180908665060997,-0.0638434961438179,7.18054914474487,27.2439575195313,0.900146186351776,0.0627041235566139,0.234567418694496,-0.00712851947173476,0.970049262046814
470.18115234375,0.0337567701935768,0.0170809999108315,-0.0792034640908241,7.23364067077637,27.3709487915039,1.04351234436035,0.0634401366114616,0.235552653670311,-0.00609434023499489,0.969769656658173
470.743103027344,0.0551394112408161,-0.00144696235656738,-0.0799113586544991,14.4755125045776,28.9508361816406,355.850494384766,0.112930089235306,0.252226680517197,-0.066246435046196,0.958770036697388
