Seconds,PositionX,PositionY,PositionZ,RotationX,RotationY,RotationZ,QuatX,QuatY,QuatZ,QuatW
3.68584966659546,-0.104006186127663,0.0255774315446615,0.377032428979874,5.8554048538208,355.7724609375,2.24695682525635,0.0503089986741543,-0.037829328328371,0.0214517321437597,0.997786462306976
4.23162460327148,-0.103354766964912,0.025586074218154,0.371622860431671,5.7470965385437,355.662261962891,2.03688049316406,0.0494162105023861,-0.0386818088591099,0.0196360722184181,0.997835755348206
4.73981761932373,-0.103330582380295,0.0252606607973576,0.37177836894989,5.80318260192871,355.864471435547,2.09500885009766,0.049920491874218,-0.0369538851082325,0.0200722143054008,0.997867465019226
5.31375551223755,-0.106175594031811,0.024800106883049,0.378940612077713,6.03823471069336,354.822296142578,2.20019125938416,0.0517397075891495,-0.0461077131330967,0.0215314459055662,0.997363269329071
5.89345121383667,-0.107873819768429,0.0237036179751158,0.390562772750854,6.87443542480469,354.692932128906,2.20129060745239,0.0589917562901974,-0.0473550856113434,0.0219287723302841,0.996893465518951
6.46666669845581,-0.11028341203928,0.020753787830472,0.393722802400589,7.89255094528198,355.218688964844,2.0733437538147,0.0679970011115074,-0.042851097881794,0.0209039896726608,0.996545732021332
7.04773807525635,-0.10980798304081,0.0221435390412807,0.390780299901962,7.45286273956299,356.369750976563,2.18010354042053,0.0643469840288162,-0.0328378230333328,0.0210323501378298,0.997165381908417
7.62614488601685,-0.111747197806835,0.0217953436076641,0.390125215053558,7.61652660369873,355.970916748047,2.38568592071533,0.0656321793794632,-0.0364498198032379,0.0230930224061012,0.996910512447357
8.1308650970459,-0.107940956950188,0.0223216284066439,0.387519627809525,7.36782312393188,356.612854003906,2.29495358467102,0.0636205226182938,-0.030773151665926,0.0218743253499269,0.997259736061096
8.68410682678223,-0.106016546487808,0.0227591264992952,0.386531054973602,7.19630718231201,357.048217773438,2.24663257598877,0.0622215382754803,-0.0269304234534502,0.0211752839386463,0.997474253177643
9.25998878479004,-0.0992748141288757,0.0237899720668793,0.386795341968536,6.99008560180664,357.49609375,1.94072353839874,0.0605695582926273,-0.0228373128920794,0.0182314291596413,0.997736155986786
9.84182834625244,-0.0908782705664635,0.0250351428985596,0.387507289648056,6.52191400527954,357.196868896484,1.57788038253784,0.0565250627696514,-0.0252005029469728,0.0151339704170823,0.997968316078186
10.3453779220581,-0.0823992267251015,0.0275524687021971,0.378523200750351,5.44395923614502,356.545013427734,0.832271873950958,0.0472481027245522,-0.0304559078067541,0.00868296902626753,0.998381018638611
10.9270963668823,-0.0867654457688332,0.0281764343380928,0.381109178066254,5.23144340515137,356.032836914063,1.4226371049881,0.0451769791543484,-0.035140510648489,0.013973681256175,0.998262941837311
11.4930305480957,-0.0932696089148521,0.0277193877846003,0.391113013029099,5.7967324256897,354.648406982422,1.19722068309784,0.0500194542109966,-0.047150019556284,0.0127832423895597,0.997552812099457
11.9932279586792,-0.093724898993969,0.0278760008513927,0.397770762443542,5.80923366546631,354.004669189453,1.13406932353973,0.050084725022316,-0.0527263097465038,0.0125200720503926,0.997273623943329
12.4969663619995,-0.0820604264736176,0.0275593493133783,0.396210163831711,5.69154071807861,353.598999023438,0.541431367397308,0.0493061877787113,-0.0559948608279228,0.00748347863554955,0.997184813022614
13.0696058273315,-0.0767757445573807,0.0279523693025112,0.39455309510231,5.31411170959473,353.277221679688,0.641655802726746,0.0459493063390255,-0.0588287487626076,0.00830190908163786,0.997175514698029
13.6519727706909,-0.0769651532173157,0.0272385738790035,0.396434009075165,5.83990287780762,354.433319091797,0.533976376056671,0.0506540760397911,-0.0487329922616482,0.00712189311161637,0.997501134872437
14.233941078186,-0.0817848891019821,0.0276033878326416,0.389523953199387,5.35395574569702,355.068267822266,1.02526450157166,0.0462754443287849,-0.043392900377512,0.0109383249655366,0.997925937175751
14.8096141815186,-0.0830556154251099,0.0269690342247486,0.391733050346375,5.64986276626587,355.066436767578,0.68894225358963,0.0489793717861176,-0.0432831048965454,0.00812041759490967,0.997828483581543
15.3802680969238,-0.0862238630652428,0.0289568845182657,0.38888418674469,4.95426845550537,354.998809814453,1.4542909860611,0.0426228679716587,-0.0441333465278149,0.0145523622632027,0.998009920120239
15.9583120346069,-0.0865975990891457,0.0285853389650583,0.388159304857254,5.07664680480957,354.995635986328,1.31104481220245,0.0437435060739517,-0.0441180020570755,0.0133520113304257,0.997978866100311
16.5423126220703,-0.0894446521997452,0.0280532315373421,0.391361624002457,5.24078607559204,354.713104248047,1.49173331260681,0.0450662784278393,-0.0466629900038242,0.01509840041399,0.997779369354248
17.1364517211914,-0.0867378935217857,0.028523862361908,0.389763176441193,5.18737316131592,355.060791015625,1.42690980434418,0.0446713827550411,-0.0436049588024616,0.0143772792071104,0.997946083545685
17.7065887451172,-0.0860697999596596,0.0270437877625227,0.397970736026764,5.93614673614502,355.244567871094,1.08206105232239,0.0513413697481155,-0.041918158531189,0.0115699246525764,0.997733950614929
18.2799987792969,-0.0860025733709335,0.0261781122535467,0.399400979280472,6.2825026512146,355.212890625,0.933282196521759,0.0544084683060646,-0.0421449616551399,0.0104134529829025,0.997574627399445
18.782886505127,-0.0858647525310516,0.0266445931047201,0.398331612348557,6.09893846511841,355.214996337891,1.02770733833313,0.0527757965028286,-0.0421606935560703,0.0111684696748853,0.997653484344482
19.2858200073242,-0.0859775170683861,0.0265606511384249,0.400119334459305,6.14717435836792,355.065277099609,1.06801080703735,0.0531657971441746,-0.043485663831234,0.0116061689332128,0.997570872306824
19.84889793396,-0.0879972949624062,0.0269519966095686,0.396658957004547,5.85337018966675,355.300231933594,1.43819212913513,0.0504972152411938,-0.0415851660072803,0.0146166542544961,0.997750997543335
20.4372062683105,-0.0891445055603981,0.0274104159325361,0.394055336713791,5.69655179977417,355.891510009766,1.70575821399689,0.0491209775209427,-0.0365366153419018,0.0166380777955055,0.997985661029816
21.0170478820801,-0.0914633050560951,0.0278185475617647,0.394917786121368,5.62629175186157,355.698577880859,1.96317565441132,0.0483950413763523,-0.0383175164461136,0.018939970061183,0.997913300991058
21.6004161834717,-0.0936730951070786,0.0275938995182514,0.394520431756973,5.74992036819458,355.547546386719,2.02243852615356,0.0494261160492897,-0.0396747663617134,0.0195607077330351,0.997797727584839
22.1744556427002,-0.0910768061876297,0.0272609982639551,0.391728669404984,5.83790493011475,356.092132568359,1.82286012172699,0.0503455959260464,-0.0348568521440029,0.0176129639148712,0.997968077659607
22.7527179718018,-0.092874638736248,0.0275004860013723,0.391859948635101,5.7276668548584,355.984558105469,1.97927212715149,0.0493200533092022,-0.0358477123081684,0.0189895275980234,0.997958838939667
23.3380184173584,-0.0941442847251892,0.0274179056286812,0.392803102731705,5.83589649200439,356.012725830078,2.12295961380005,0.0502226129174232,-0.0356798879802227,0.0202606711536646,0.997894883155823
23.9136981964111,-0.0940107405185699,0.0271033812314272,0.393384486436844,5.9582691192627,355.849609375,1.9266722202301,0.051322877407074,-0.0370302684605122,0.0186605677008629,0.997820854187012
24.4914150238037,-0.0921957716345787,0.0267877764999866,0.387720942497253,6.14118671417236,356.238372802734,1.66103100776672,0.0530567914247513,-0.0335458815097809,0.0162239987403154,0.997896015644073
25.0631542205811,-0.0940172448754311,0.0269710030406713,0.38342547416687,6.08759927749634,356.437774658203,1.87308275699615,0.0525592863559723,-0.0319006405770779,0.0179642233997583,0.997946441173553
25.649242401123,-0.0965575277805328,0.026493713259697,0.385412693023682,6.31369352340698,356.610717773438,1.94088387489319,0.0545374192297459,-0.0304558128118515,0.0185318179428577,0.997875094413757
26.2247753143311,-0.096780925989151,0.0269227623939514,0.382532775402069,6.05699872970581,356.654388427734,2.02553224563599,0.0522866547107697,-0.0300799738615751,0.0191850215196609,0.997994661331177
26.7999973297119,-0.0958881825208664,0.0265555195510387,0.381464004516602,6.23219442367554,357.424835205078,1.90797960758209,0.0539645180106163,-0.0233391206711531,0.017841998487711,0.998110592365265
27.3036937713623,-0.0984716489911079,0.0263166185468435,0.379386395215988,6.2522177696228,357.906555175781,2.04026889801025,0.0541913285851479,-0.0192083679139614,0.0187703538686037,0.998169302940369
27.8688697814941,-0.101684868335724,0.0264922268688679,0.377873301506042,6.18962430953979,358.092742919922,2.24019026756287,0.053645733743906,-0.0176710765808821,0.0204152632504702,0.998194932937622
28.4453945159912,-0.101030223071575,0.0271138418465853,0.373990386724472,5.95254182815552,358.068420410156,2.17335748672485,0.0515864230692387,-0.0178141426295042,0.019811725243926,0.998313069343567
28.9463596343994,-0.102277420461178,0.0277454908937216,0.370593518018723,5.65877819061279,358.569122314453,2.31378436088562,0.0490963757038116,-0.0134652256965637,0.0207802504301071,0.998487055301666
29.458963394165,-0.104558050632477,0.0275277085602283,0.366399347782135,5.65455484390259,358.665100097656,2.40875697135925,0.0490664839744568,-0.0126688443124294,0.0215662717819214,0.998482286930084
30.0268669128418,-0.100467935204506,0.0237285513430834,0.360204994678497,7.09045553207397,0.185050323605537,1.80538630485535,0.0618540570139885,0.000637388438917696,0.015624301508069,0.997962713241577
30.541109085083,-0.0967787951231003,0.023097300902009,0.352623373270035,6.69872951507568,359.028839111328,1.94552302360535,0.0582700036466122,-0.00945098325610161,0.0174425318837166,0.998103737831116
31.1210842132568,-0.0942652896046638,0.0276871509850025,0.352183133363724,4.63953495025635,359.49169921875,1.55195546150208,0.0404123850166798,-0.00497983582317829,0.0137112466618419,0.99907660484314
31.6250610351563,-0.0942178964614868,0.0267722606658936,0.354339122772217,4.7632212638855,0.938493490219116,1.6120343208313,0.0416645780205727,0.00759738404303789,0.0137142725288868,0.999008655548096
32.1942024230957,-0.0943359136581421,0.0229575540870428,0.359596818685532,7.15839672088623,0.732774794101715,1.28402328491211,0.0624944902956486,0.00568225653842092,0.0107837179675698,0.997970879077911
32.6946792602539,-0.0966759622097015,0.0235138162970543,0.358851671218872,6.87051916122437,0.471066743135452,1.60166871547699,0.0599716678261757,0.00326554500497878,0.0137052107602358,0.998100638389587
33.2588272094727,-0.0981555283069611,0.0231412816792727,0.359910845756531,7.03570556640625,0.50815486907959,1.78184151649475,0.0614203475415707,0.00347151979804039,0.0152473589405417,0.997989475727081
33.7622756958008,-0.0973489806056023,0.0232037156820297,0.36070191860199,7.09929037094116,0.348104655742645,1.60209429264069,0.0619494207203388,0.00216608424670994,0.0137655083090067,0.997982025146484
34.3310928344727,-0.0964816436171532,0.0230000112205744,0.362385660409927,7.25914144515991,0.367658734321594,1.42475736141205,0.0633401945233345,0.00241466239094734,0.0122049348428845,0.997914433479309
34.9154319763184,-0.0970572754740715,0.0225561074912548,0.36056661605835,7.41032266616821,1.06100988388062,1.42246651649475,0.0647291392087936,0.00843673758208752,0.0117882816120982,0.997797667980194
35.4172706604004,-0.10090471804142,0.0226095598191023,0.358213305473328,7.31210613250732,1.07670867443085,1.83503234386444,0.0639060288667679,0.00835453998297453,0.0153806284070015,0.997802436351776
35.9874038696289,-0.098727285861969,0.0223773997277021,0.355402320623398,7.6200008392334,0.999226272106171,1.26825201511383,0.0665377452969551,0.00796460267156363,0.0104631036520004,0.997697293758392
36.5478324890137,-0.0988937169313431,0.0219173859804869,0.352596342563629,7.76992702484131,1.144406914711,1.37821292877197,0.0678650140762329,0.00914817675948143,0.0113220708444715,0.997588336467743
37.1221160888672,-0.101501971483231,0.0226908475160599,0.350373148918152,7.56391477584839,0.456584125757217,1.70287072658539,0.0660109519958496,0.0029951820615679,0.0145645420998335,0.997708141803741
37.6291465759277,-0.0939274206757545,0.0246130973100662,0.352405220270157,6.98449850082397,1.33199548721313,1.08117830753326,0.0610161535441875,0.0110268145799637,0.0087087620049715,0.998037874698639
38.1940689086914,-0.0920703485608101,0.0221604220569134,0.355980306863785,8.477858543396,2.61590838432312,1.18367433547974,0.0741277262568474,0.0219991654157639,0.00861126277595758,0.996968924999237
38.6984519958496,-0.0949108600616455,0.0219229925423861,0.354736387729645,8.42134857177734,2.1190333366394,1.345743060112,0.0736229345202446,0.0175777077674866,0.0103522660210729,0.997077584266663
39.2751770019531,-0.0966774970293045,0.0212389230728149,0.350737482309341,8.67711544036865,2.70762586593628,1.51731765270233,0.0759339556097984,0.0225551519542933,0.0114119118079543,0.996792376041412
39.8510360717773,-0.100001730024815,0.021481754258275,0.348326921463013,8.47102355957031,2.84333252906799,1.90115773677826,0.0742338970303535,0.023514149710536,0.0147074302658439,0.996855139732361
40.4277763366699,-0.098676823079586,0.0181707106530666,0.350309371948242,9.90328025817871,2.73961591720581,1.54080474376678,0.0866026356816292,0.0226537864655256,0.0113284410908818,0.995920956134796
41.0007095336914,-0.0972051694989204,0.0184601992368698,0.35328209400177,9.8533182144165,1.82903039455414,1.37877893447876,0.0860546678304672,0.0148673383519053,0.0106152407824993,0.99612295627594
41.585277557373,-0.0979665815830231,0.0182063803076744,0.356364756822586,9.9140043258667,1.79435920715332,1.50934815406799,0.0865954831242561,0.0144602237269282,0.0117674246430397,0.996069073677063
42.1680030822754,-0.100615188479424,0.0178362410515547,0.356934040784836,9.89344692230225,1.61201882362366,1.73809325695038,0.0864235088229179,0.012705322355032,0.0138963023200631,0.996080577373505
42.7481231689453,-0.102597869932652,0.0181069057434797,0.355751991271973,9.64872550964355,1.57126677036285,2.00890517234802,0.0843202322721481,0.0121866138651967,0.0163133796304464,0.996230721473694
43.2513694763184,-0.101495698094368,0.0266792271286249,0.354872286319733,4.71447086334229,1.69443500041962,2.34723973274231,0.0414193794131279,0.0139282504096627,0.0198545027524233,0.998847544193268
43.7565536499023,-0.0990817323327065,0.0188042186200619,0.356409937143326,9.15134906768799,0.979702711105347,1.44631338119507,0.0798740088939667,0.00751466443762183,0.0118984635919333,0.996705651283264
44.340217590332,-0.0986552163958549,0.0208022631704807,0.357917219400406,8.11201667785645,0.840587198734283,1.67916762828827,0.0708293095231056,0.00627988250926137,0.0140970926731825,0.997369050979614
44.9137344360352,-0.0990590155124664,0.0207420531660318,0.354490369558334,8.13670825958252,0.967643260955811,1.64342546463013,0.071057491004467,0.00740462029352784,0.0137054296210408,0.997350573539734
45.4824752807617,-0.100833311676979,0.0207597352564335,0.355617374181747,8.06727409362793,0.907644987106323,1.79349195957184,0.0704549327492714,0.00679916981607676,0.0150541896000504,0.99737823009491
46.0598411560059,-0.100149065256119,0.0202215146273375,0.361994057893753,8.40489482879639,0.728884160518646,1.73317968845367,0.0733668729662895,0.00523454789072275,0.014617239125073,0.997184157371521
46.5624122619629,-0.100666880607605,0.021689360961318,0.360349029302597,7.59633588790894,0.657930791378021,1.62490367889404,0.0663154795765877,0.00478904880583286,0.0137678170576692,0.997692227363586
47.135669708252,-0.0989932864904404,0.0213674418628216,0.356879353523254,7.80741834640503,0.873332679271698,1.59331512451172,0.0681770369410515,0.00665622996166348,0.0133523885160685,0.997561693191528
47.7210083007813,-0.100553318858147,0.0203079283237457,0.359412848949432,8.62443256378174,359.861694335938,1.67257177829742,0.0751656964421272,-0.00230088736861944,0.0146448416635394,0.997060894966125
48.2974700927734,-0.0998435690999031,0.0198386032134295,0.358443111181259,8.80940437316895,0.60544365644455,1.63821768760681,0.0768672302365303,0.00416942173615098,0.013847503811121,0.996936500072479
48.8829383850098,-0.100615046918392,0.01973881945014,0.354741781949997,8.84201908111572,0.754090964794159,1.89169216156006,0.0771807506680489,0.00528772547841072,0.0159507058560848,0.996875464916229
49.4582023620605,-0.0978484749794006,0.0194914676249027,0.353439629077911,8.94480514526367,0.949047207832336,1.80345165729523,0.0780965089797974,0.00702851824462414,0.015043243765831,0.99680757522583
49.9587173461914,-0.0962859690189362,0.0191094577312469,0.357127368450165,9.17337322235107,0.879806697368622,1.49685907363892,0.0800580978393555,0.0066079287789762,0.0124060604721308,0.996691107749939
50.5438995361328,-0.0988176316022873,0.0185571629554033,0.362431287765503,9.37129878997803,0.831210970878601,1.93344581127167,0.0817970782518387,0.00585015630349517,0.0162224117666483,0.996499836444855
51.111759185791,-0.0963642224669456,0.0182282160967588,0.362685471773148,9.4904899597168,0.98271644115448,1.68271386623383,0.0828390344977379,0.00733070867136121,0.013923698104918,0.99643874168396
51.6942749023438,-0.0964019596576691,0.0187761038541794,0.358570128679276,9.05355834960938,0.80533891916275,1.76996839046478,0.0790218785405159,0.00578610319644213,0.0148421050980687,0.996745586395264
52.1976699829102,-0.0977554991841316,0.0181543864309788,0.360693216323853,9.47198104858398,0.770010828971863,1.56245386600494,0.0826462954282761,0.00557029154151678,0.0130329551175237,0.996478199958801
52.7011985778809,-0.0991157665848732,0.0185228604823351,0.360219031572342,9.38910865783691,1.08593785762787,1.73459327220917,0.0819736868143082,0.00820479821413755,0.0143096456304193,0.996497988700867
53.2629203796387,-0.0977543741464615,0.0183747801929712,0.361268043518066,9.49736499786377,0.997751176357269,1.64194083213806,0.0828979834914207,0.00749001884832978,0.013557692989707,0.996437668800354
53.8379745483398,-0.0972126722335815,0.0179561246186495,0.362770020961761,9.57621955871582,0.877508521080017,1.6636461019516,0.083570584654808,0.00641834503039718,0.0138273304328322,0.996385276317596
54.4162254333496,-0.0989374816417694,0.017996322363615,0.362066060304642,9.46653461456299,0.846570134162903,1.7815192937851,0.0826193988323212,0.00607878481969237,0.0148830870166421,0.996451497077942
55.0002365112305,-0.100549750030041,0.0187229346483946,0.360178917646408,9.32079219818115,0.944296836853027,1.88515746593475,0.0813709422945976,0.00687555503100157,0.0157259739935398,0.996536135673523
55.5757713317871,-0.100591704249382,0.0184309277683496,0.36059096455574,9.4348316192627,0.940829515457153,1.89736640453339,0.0823628753423691,0.0068196440115571,0.0158251188695431,0.996453404426575
56.1523704528809,-0.0990534499287605,0.0180391930043697,0.36168298125267,9.5203971862793,0.847023904323578,1.86049151420593,0.0830919817090034,0.00601789820939302,0.0155653804540634,0.996402144432068
56.658374786377,-0.0983534678816795,0.0181036256253719,0.361256420612335,9.35294914245605,0.650132536888123,1.9421192407608,0.0816120877861977,0.00427206186577678,0.0164282005280256,0.99651962518692
57.2224349975586,-0.0977676212787628,0.0179161671549082,0.36221382021904,9.45307922363281,0.647537887096405,1.93555200099945,0.0824821889400482,0.00423906184732914,0.0163668096065521,0.996449112892151
57.8058204650879,-0.0984170436859131,0.0177218001335859,0.363670021295547,9.61255741119385,0.547176599502563,1.84333848953247,0.0838517919182777,0.00340985413640738,0.0156286936253309,0.996349811553955
58.3112525939941,-0.099850982427597,0.0161169022321701,0.363347440958023,10.5205841064453,0.667975902557373,1.9146625995636,0.0917631238698959,0.004272042773664,0.0161028113216162,0.995641469955444
58.8840827941895,-0.101442456245422,0.0141481338068843,0.362376630306244,11.9082765579224,0.488233298063278,1.74402153491974,0.103783905506134,0.00265847542323172,0.0146947177127004,0.994487762451172
59.4569625854492,-0.104327388107777,0.0141614889726043,0.362958401441574,11.8587522506714,0.111575976014137,2.11859440803528,0.103302717208862,-0.000941461184993386,0.0182876884937286,0.994481384754181
60.029670715332,-0.102265223860741,0.0144453812390566,0.362603664398193,11.5373401641846,0.298266530036926,1.95149922370911,0.100541450083256,0.000877667160239071,0.0166813414543867,0.994792640209198
60.5326232910156,-0.100454390048981,0.0150456698611379,0.360339343547821,11.0637426376343,359.983703613281,1.99161744117737,0.0963824167847633,-0.00181679264642298,0.0173120256513357,0.995192170143127
61.1041679382324,-0.100106626749039,0.0151133351027966,0.36205205321312,11.2199811935425,359.989227294922,2.04910469055176,0.0977391228079796,-0.00184154196176678,0.0178044084459543,0.995051085948944
61.6961135864258,-0.0994573906064034,0.0153024643659592,0.361202865839005,11.1839218139648,0.0328415706753731,1.98751032352448,0.0974335446953773,-0.00140481058042496,0.0172329731285572,0.99509185552597
62.2711067199707,-0.10030822455883,0.0154112055897713,0.362626910209656,11.0710763931274,0.0303008314222097,2.19700384140015,0.0964504480361938,-0.00158618052955717,0.0190563928335905,0.995154082775116
62.7722702026367,-0.100503273308277,0.0152946226298809,0.364838063716888,11.290002822876,359.922210693359,2.09958243370056,0.0983356311917305,-0.00247771944850683,0.0182992089539766,0.994982004165649
63.273006439209,-0.0995474606752396,0.0160770211368799,0.359819948673248,10.7532663345337,0.56805431842804,2.2823498249054,0.0937808454036713,0.00306825316511095,0.0193636659532785,0.995399832725525
63.8610153198242,-0.09855055809021,0.0163798034191132,0.360102981328964,10.5920066833496,0.577879726886749,2.28787803649902,0.0923817977309227,0.00317771057598293,0.019413324072957,0.995529413223267
64.4278411865234,-0.0978180095553398,0.0158185046166182,0.360637158155441,10.7316074371338,0.735641121864319,1.9156219959259,0.0936059504747391,0.0048274458386004,0.0160423405468464,0.995468378067017
64.9380874633789,-0.101910501718521,0.0158837307244539,0.360700190067291,10.8358564376831,0.378418296575546,2.41824626922607,0.0944676622748375,0.00129443150945008,0.0206954926252365,0.995311975479126
65.5054321289063,-0.0986740216612816,0.0162368528544903,0.356901258230209,10.5755701065063,0.451613336801529,2.19961762428284,0.0922159403562546,0.00215468229725957,0.0187491402029991,0.995560169219971
66.007682800293,-0.0977393165230751,0.0161915048956871,0.356815695762634,10.6630983352661,0.253974854946136,2.17942428588867,0.0929437950253487,0.000439240131527185,0.0187296904623508,0.995495080947876
66.5086822509766,-0.100550450384617,0.0164017360657454,0.356504946947098,10.5186204910278,0.432639300823212,2.5224814414978,0.0917233228683472,0.00174108380451798,0.0215722154825926,0.995549321174622
67.0786361694336,-0.101137824356556,0.0163324270397425,0.35423868894577,10.3420734405518,0.772844195365906,2.5472207069397,0.0902541279792786,0.00471193622797728,0.0215281918644905,0.995674908161163
67.5843505859375,-0.100363820791245,0.0164189878851175,0.351985067129135,10.3020067214966,0.664450109004974,2.43929219245911,0.0898819863796234,0.00386268808506429,0.0206784512847662,0.99573028087616
68.1693572998047,-0.0984325408935547,0.0165371876209974,0.351277530193329,10.2022953033447,0.621683418750763,2.23434519767761,0.0890013948082924,0.00366912456229329,0.0189373139292002,0.995844721794128
68.7537155151367,-0.100022152066231,0.0160882007330656,0.353483915328979,10.4229555130005,0.845670759677887,2.39920544624329,0.0909635648131371,0.00544612295925617,0.0201782006770372,0.995634853839874
69.3322448730469,-0.0986907780170441,0.01553057692945,0.356741070747375,10.6463413238525,0.676661670207977,2.17104125022888,0.092866376042366,0.0041208928450942,0.0183150190860033,0.995501577854156
69.8332443237305,-0.0974002927541733,0.0152600686997175,0.357164055109024,10.5895023345947,0.805485606193542,2.14235234260559,0.0923918038606644,0.00527284434065223,0.017965704202652,0.995546698570251
70.3475875854492,-0.0972729176282883,0.0158761963248253,0.355599462985992,10.3188934326172,1.00901579856873,1.99874091148376,0.0900634676218033,0.00719979451969266,0.0165783669799566,0.995772004127502
70.8517074584961,-0.0974967256188393,0.0167071092873812,0.355106890201569,10.2681217193604,1.07943773269653,1.95233619213104,0.089629277586937,0.00785611011087894,0.0161246042698622,0.9958136677742
71.4362411499023,-0.0962534993886948,0.0158883817493916,0.360244899988174,10.7621307373047,0.956322312355042,1.86099135875702,0.0938986018300056,0.00678463978692889,0.0153848472982645,0.995439767837524
72.0101470947266,-0.0956448465585709,0.0147504415363073,0.36423397064209,11.0816068649292,0.920072674751282,1.7165755033493,0.0966603681445122,0.00654436973854899,0.0141337625682354,0.99519556760788
72.5858764648438,-0.0958718731999397,0.0146860536187887,0.363412529230118,11.0890502929688,0.749559044837952,1.83927690982819,0.0967092290520668,0.00495893973857164,0.0153426853939891,0.995182156562805
73.090446472168,-0.0967520549893379,0.0162995308637619,0.362577259540558,10.3285684585571,0.906283378601074,2.17792224884033,0.0901423916220665,0.00616460246965289,0.0182153228670359,0.995743215084076
73.6745223999023,-0.0967042297124863,0.015821311622858,0.362116307020187,10.4064722061157,0.944204270839691,2.08166027069092,0.0908198356628418,0.0065570380538702,0.0173423252999783,0.995694756507874
74.2568588256836,-0.0965952351689339,0.0155086405575275,0.36334353685379,10.5358896255493,0.725553274154663,2.09128904342651,0.0919114202260971,0.00462834723293781,0.0175902526825666,0.995601058006287
74.8121643066406,-0.0959627479314804,0.0161192268133163,0.362269163131714,10.3995380401611,0.745375752449036,2.02653646469116,0.0907270237803459,0.00487416703253984,0.0170213915407658,0.995718419551849
75.3936996459961,-0.0987173840403557,0.0156271122395992,0.365462213754654,10.6821594238281,0.730600774288177,2.25872707366943,0.093189612030983,0.00451209442690015,0.0190305020660162,0.995456278324127
75.8970413208008,-0.0977747663855553,0.015512065961957,0.367144644260406,10.7412090301514,0.698613166809082,2.09780287742615,0.0936912149190903,0.00435539009049535,0.0176545418798923,0.995435237884521
76.4802780151367,-0.0972533896565437,0.0164194107055664,0.363685220479965,10.2878189086914,0.680495798587799,1.94035685062408,0.0897433087229729,0.00439559202641249,0.0163311623036861,0.995821356773376
77.0526504516602,-0.0996433719992638,0.0168971680104733,0.362815082073212,9.97862720489502,1.04779994487762,2.48914313316345,0.0871436297893524,0.00721793528646231,0.0208419244736433,0.995951592922211
77.5694808959961,-0.0973985865712166,0.0169049445539713,0.361902356147766,9.8123254776001,1.21928906440735,2.22663044929504,0.0857090726494789,0.00893749669194221,0.018447695299983,0.996109306812286
78.1387176513672,-0.0986019149422646,0.0171726960688829,0.360740780830383,9.73481369018555,1.05108034610748,2.3173234462738,0.0850140154361725,0.0074216416105628,0.0193692035973072,0.996163845062256
78.643424987793,-0.101374410092831,0.0163588039577007,0.361581981182098,9.99727821350098,1.01572453975677,2.45023918151855,0.0872975289821625,0.006965147331357,0.0205264482647181,0.995946407318115
79.2274932861328,-0.100429967045784,0.0165103059262037,0.361522823572159,10.1354684829712,1.16470408439636,2.29773998260498,0.0885140374302864,0.00835100747644901,0.0190731920301914,0.995857298374176
79.7285690307617,-0.102595828473568,0.0167055111378431,0.364034622907639,10.0322818756104,0.910339772701263,2.73052287101746,0.0875973477959633,0.00582825997844338,0.0230396445840597,0.995872437953949
80.2305679321289,-0.10333875566721,0.0168695226311684,0.365868479013443,9.79109382629395,0.997899532318115,2.73618626594543,0.0855190828442574,0.00663652271032333,0.0230445172637701,0.996047914028168
80.7591857910156,-0.103192016482353,0.0165927987545729,0.363414496183395,9.77645778656006,1.00622665882111,2.71273732185364,0.0853921622037888,0.00672951200976968,0.0228358544409275,0.996062994003296
81.2958526611328,-0.102745160460472,0.0162545815110207,0.363071590662003,10.0144948959351,0.915232002735138,2.59238147735596,0.0874366164207458,0.00597997941076756,0.021836893633008,0.995912790298462
81.814811706543,-0.103356525301933,0.0159637872129679,0.365092098712921,10.1173915863037,0.874517917633057,2.57747864723206,0.088322326540947,0.00561678549274802,0.0217298418283463,0.99583911895752
82.364501953125,-0.102132901549339,0.0161482952535152,0.36221644282341,10.0093030929565,0.765411078929901,2.48623824119568,0.0873584970831871,0.00475985137745738,0.0210290737450123,0.995943605899811
82.8850250244141,-0.10290689766407,0.016273707151413,0.361021429300308,10.0388650894165,0.758372366428375,2.56082677841187,0.0876171588897705,0.00463592167943716,0.0216805003583431,0.995907485485077
83.412109375,-0.102276250720024,0.0169978886842728,0.359250903129578,9.78767967224121,0.675709307193756,2.47208476066589,0.0854151993989944,0.00403356412425637,0.0209893994033337,0.99611622095108
83.9391174316406,-0.102405890822411,0.0166203957051039,0.362135648727417,9.91269683837891,0.567039608955383,2.61814546585083,0.0864857733249664,0.00295477895997465,0.0223325323313475,0.995998382568359
84.4657592773438,-0.100245341658592,0.0171022098511457,0.365937232971191,9.53414821624756,0.557899653911591,2.5993595123291,0.0831928625702858,0.0029655359685421,0.0221985187381506,0.996281802654266
84.9849319458008,-0.0984027236700058,0.0160934086889029,0.365028858184814,10.0154809951782,0.544508159160614,2.10268115997314,0.0873614996671677,0.00313116470351815,0.0178633760660887,0.9960116147995
85.5183181762695,-0.0974331200122833,0.016417047008872,0.363474279642105,9.89052772521973,0.592646181583405,2.00439691543579,0.0862798020243645,0.00364399561658502,0.016979668289423,0.996119558811188
86.0388870239258,-0.0983018204569817,0.0160168074071407,0.363408595323563,9.99378395080566,0.486943930387497,2.08480095863342,0.087163507938385,0.00264795660041273,0.0177529435604811,0.996032297611237
86.5553894042969,-0.0976196900010109,0.0162672679871321,0.362111002206802,9.97045993804932,0.499304383993149,2.03667211532593,0.086961530148983,0.0027956843841821,0.0173264052718878,0.996057093143463
87.0891571044922,-0.0962989926338196,0.015966884791851,0.364347547292709,10.1340160369873,0.474379062652588,2.04283261299133,0.0883794575929642,0.00254848971962929,0.0173907522112131,0.995931804180145
87.6060791015625,-0.0959651097655296,0.0157274268567562,0.364238142967224,10.1702346801758,0.457036197185516,1.9332891702652,0.0886892750859261,0.0024768200237304,0.0164503343403339,0.995920419692993
88.1262054443359,-0.0978388637304306,0.0157079938799143,0.362804561853409,10.0794553756714,0.410624563694,2.1211211681366,0.0878969058394432,0.00194294413086027,0.018122810870409,0.995962798595428
88.6565551757813,-0.0978250056505203,0.0154377557337284,0.362939327955246,10.29758644104,0.483020573854446,2.0685703754425,0.0898028612136841,0.0025775448884815,0.0175994914025068,0.995800733566284
89.1790466308594,-0.0972081422805786,0.0156077267602086,0.363204896450043,10.3366718292236,0.357891857624054,2.08810091018677,0.0901234820485115,0.00146858673542738,0.0178656429052353,0.995769262313843
89.7238464355469,-0.0987199991941452,0.0150982365012169,0.364817410707474,10.521674156189,0.25476935505867,2.2102746963501,0.0917153805494308,0.000445074460003525,0.0190019831061363,0.995603859424591
90.2380523681641,-0.0912679210305214,0.0198733489960432,0.369140803813934,6.50272083282471,5.28757905960083,4.56781530380249,0.0584463514387608,0.0437578149139881,0.0371306017041206,0.996639668941498
90.7657928466797,-0.0851206853985786,0.0147523060441017,0.367944717407227,9.95478248596191,5.03470659255981,2.20961713790894,0.0875064805150032,0.0420769192278385,0.0153800267726183,0.995156049728394
91.2763214111328,-0.0852081254124641,0.0136406058445573,0.370943039655685,10.371787071228,4.93556880950928,2.47083806991577,0.0912071168422699,0.0409244447946548,0.0175613276660442,0.994835734367371
91.8285598754883,-0.086603157222271,0.0132524063810706,0.371859163045883,10.4186573028564,4.64775037765503,2.32880592346191,0.0915219113230705,0.0385287888348103,0.016539890319109,0.994919955730438
92.3530349731445,-0.085996188223362,0.0135637847706676,0.369463413953781,10.3148574829102,4.47877788543701,2.10676026344299,0.0905242040753365,0.0372586734592915,0.0147835668176413,0.995087265968323
92.8779373168945,-0.0852186679840088,0.0135930087417364,0.367101013660431,10.3816680908203,3.90735840797424,2.10027241706848,0.0910277217626572,0.0322888419032097,0.0151576828211546,0.995209336280823
93.3945617675781,-0.0847144424915314,0.0139435231685638,0.367178171873093,10.4077367782593,3.37316083908081,2.13298392295837,0.091190367937088,0.0276183020323515,0.0158589500933886,0.995324075222015
93.9409332275391,-0.0842525362968445,0.0127836996689439,0.372497707605362,11.0845413208008,3.34997177124023,2.0151526927948,0.0970354899764061,0.0273911152034998,0.0146723510697484,0.994795799255371
94.4574813842773,-0.0835791230201721,0.0118544092401862,0.376925498247147,11.4997110366821,3.19250464439392,1.80346369743347,0.100570447742939,0.0261366125196218,0.0128618348389864,0.994503438472748
94.9911193847656,-0.0823154449462891,0.011322071775794,0.380692273378372,11.8373575210571,2.97889018058777,1.75868654251099,0.103466600179672,0.0242692045867443,0.0125798862427473,0.994257211685181
95.514892578125,-0.0816294103860855,0.0113378614187241,0.377935916185379,11.6601247787476,2.97615003585815,1.73686027526855,0.101923927664757,0.0242925584316254,0.0124353319406509,0.994417786598206
96.0215911865234,-0.0817308872938156,0.0119157331064343,0.373386591672897,11.4053258895874,3.18760585784912,1.70249891281128,0.0997277423739433,0.026197150349617,0.0120139019563794,0.994597256183624
96.5425872802734,-0.0827504992485046,0.012000267393887,0.36837700009346,11.3162488937378,3.29944062232971,1.7878942489624,0.0989865809679031,0.0271077509969473,0.0126811983063817,0.994638681411743
97.0648422241211,-0.0851671025156975,0.0116477841511369,0.363926231861115,11.4003953933716,3.76341986656189,1.96371972560883,0.0998149365186691,0.0309678949415684,0.0137810120359063,0.994428515434265
97.5974349975586,-0.0864958912134171,0.0114618483930826,0.365003496408463,11.6264343261719,4.15667009353638,2.3157012462616,0.101927556097507,0.034026637673378,0.0164173245429993,0.994074165821075
98.1243591308594,-0.0830323919653893,0.0106568774208426,0.367908209562302,12.1039295196533,4.01766586303711,2.15832495689392,0.106003440916538,0.0328675806522369,0.015022293664515,0.993708908557892
98.6515579223633,-0.0866646990180016,0.0102344518527389,0.368313103914261,12.0964593887329,3.75585150718689,2.41867136955261,0.105973310768604,0.0303578693419695,0.0175244957208633,0.993750989437103
99.1657791137695,-0.0881370082497597,0.0100089879706502,0.368491023778915,12.2093658447266,3.84888172149658,2.4131293296814,0.106964893639088,0.0311456304043531,0.0173553060740232,0.993623316287994
99.6849899291992,-0.0884020105004311,0.0090244933962822,0.368247926235199,12.619574546814,3.68194675445557,2.45343446731567,0.110505782067776,0.0295719075948,0.0177380293607712,0.993277132511139
100.21223449707,-0.0744584649801254,-0.00992660690099001,0.373373627662659,21.1211414337158,8.86397457122803,1.6566276550293,0.183805912733078,0.0733172371983528,7.73609008319909E-06,0.980224430561066
100.752784729004,-0.0718162134289742,-0.0137259801849723,0.37754237651825,22.4588584899902,10.6442346572876,2.35566568374634,0.195727825164795,0.086974248290062,0.00201604841277003,0.976791679859161
101.289649963379,-0.0776409357786179,-0.012241467833519,0.382953405380249,21.7276649475098,9.24603176116943,2.69025921821594,0.189668729901314,0.0747229754924774,0.00779224652796984,0.978969633579254
101.872459411621,-0.0799936726689339,-0.00939743407070637,0.380897372961044,20.496057510376,8.73725032806396,2.78781223297119,0.179163709282875,0.0706204250454903,0.0103203188627958,0.981227099895477
102.392158508301,-0.0800900310277939,-0.00861794222146273,0.378448367118835,20.0923175811768,8.85764217376709,2.82693409919739,0.175743326544762,0.0717233121395111,0.0107500441372395,0.981760919094086
102.917388916016,-0.0767281875014305,-0.00493029551580548,0.377807676792145,18.2798385620117,10.1741619110107,2.93033719062805,0.16040700674057,0.0834697112441063,0.0110649280250072,0.983453094959259
103.430305480957,-0.0772727355360985,-0.00537987006828189,0.381638020277023,18.5271739959717,9.69805717468262,2.92510962486267,0.1624775826931,0.079306922852993,0.0114975869655609,0.98345273733139
103.959548950195,-0.0766297951340675,-0.00611395109444857,0.383101254701614,18.7225933074951,9.45519351959229,2.75948452949524,0.164017200469971,0.0773940160870552,0.0102749466896057,0.983363091945648
104.481536865234,-0.0776563212275505,-0.00325155863538384,0.38102850317955,17.3753910064697,9.18960380554199,3.09527897834778,0.15264692902565,0.075094036757946,0.0145165780559182,0.985316753387451
105.01197052002,-0.0759975165128708,-0.00281790015287697,0.380297362804413,17.3436241149902,8.89221668243408,2.88832640647888,0.152204394340515,0.072822317481041,0.0131551139056683,0.985574781894684
105.530387878418,-0.0757354348897934,-0.00644717458635569,0.377980679273605,19.3940505981445,8.69426441192627,2.05742144584656,0.16926796734333,0.0716886147856712,0.00488060805946589,0.98294723033905
106.050659179688,-0.075458437204361,-0.00473013147711754,0.37864077091217,18.6111278533936,9.03361988067627,2.31780743598938,0.162736296653748,0.0744390413165092,0.00716565642505884,0.983831465244293
106.568588256836,-0.0759115219116211,-0.00536365620791912,0.380723983049393,18.7017669677734,8.66330718994141,2.28864169120789,0.163472086191177,0.0712755024433136,0.00737955793738365,0.983942210674286
107.085243225098,-0.075555220246315,-0.00554349133744836,0.380476921796799,18.7965755462646,8.62475299835205,2.24604868888855,0.16425684094429,0.0709791332483292,0.00700481981039047,0.983835697174072
107.606018066406,-0.0777003765106201,-0.00554479053243995,0.38045260310173,18.7423515319824,8.47115135192871,2.31645035743713,0.16382472217083,0.0695744976401329,0.00786550808697939,0.984001517295837
108.121467590332,-0.0780677199363708,-0.00514731695875525,0.379843384027481,18.642541885376,8.38190460205078,2.29075860977173,0.162946328520775,0.0688723027706146,0.00783808901906013,0.984196960926056
108.647933959961,-0.0801052376627922,-0.00494188722223043,0.379403293132782,18.5779857635498,8.08130264282227,2.56035208702087,0.162526443600655,0.0659255981445313,0.0106225637719035,0.984442055225372
109.173797607422,-0.0766984149813652,-0.00432374468073249,0.378002673387527,18.5787029266357,7.82324409484863,2.31156206130981,0.162369579076767,0.0640609413385391,0.00885043852031231,0.984608590602875
109.698211669922,-0.0756787359714508,-0.00492333667352796,0.379312247037888,18.938627243042,7.83364152908325,2.14331984519958,0.165366515517235,0.0642958208918571,0.00716891419142485,0.984108030796051
110.213150024414,-0.0774400904774666,-0.00492397928610444,0.37968772649765,18.9660873413086,7.9283127784729,2.33275485038757,0.165715500712395,0.0648278370499611,0.00864191446453333,0.984002590179443
110.730239868164,-0.08001758903265,-0.00482262764126062,0.37879940867424,18.9038391113281,7.91570711135864,2.39049696922302,0.165212839841843,0.0646533891558647,0.00919481553137302,0.984093546867371
111.246421813965,-0.0816518291831017,-0.00450316956266761,0.377829432487488,18.7012214660645,7.66996002197266,2.54267311096191,0.163535997271538,0.0623813085258007,0.0109791746363044,0.984501898288727
111.786201477051,-0.0803327336907387,-0.00443913228809834,0.378579586744308,18.6759948730469,7.60888624191284,2.47649312019348,0.163277715444565,0.0619580820202827,0.010512912645936,0.98457658290863
112.313491821289,-0.0789796262979507,-0.00462625315412879,0.380554407835007,18.9254970550537,7.64867877960205,2.24689960479736,0.165298610925674,0.0625612661242485,0.0083333570510149,0.984222054481506
112.831558227539,-0.0814347341656685,-0.00383013370446861,0.376287162303925,18.5342655181885,7.68733263015747,2.57382321357727,0.162120804190636,0.0625341236591339,0.0113236391916871,0.984722375869751
113.356575012207,-0.0836538225412369,-0.00344427768141031,0.375664681196213,18.440975189209,7.77426481246948,2.83666348457336,0.161472842097282,0.0629378035664558,0.0135168628767133,0.984775424003601
113.874496459961,-0.0823638290166855,-0.00477061653509736,0.379647225141525,18.8261814117432,7.83673477172852,2.60751986503601,0.164660677313805,0.0636849477887154,0.0112206907942891,0.984228312969208
114.389282226563,-0.0751101523637772,-0.00981875881552696,0.386838763952255,20.6509876251221,9.82575702667236,1.86445295810699,0.179928600788116,0.0813373252749443,0.000599183200392872,0.98031097650528
114.920867919922,-0.0772417858242989,-0.00613551633432508,0.392200469970703,19.0766468048096,9.13910865783691,2.26851058006287,0.166703432798386,0.0752826407551765,0.00626028934493661,0.983108997344971
115.43465423584,-0.0748794749379158,-0.00732098892331123,0.394992142915726,19.4701099395752,8.73021030426025,1.81743848323822,0.169770434498787,0.0723324045538902,0.00271745771169662,0.982821762561798
115.964614868164,-0.0758674368262291,-0.00813297275453806,0.401416301727295,19.560245513916,7.14423274993896,1.49121606349945,0.170322239398956,0.0591879449784756,0.00221624132245779,0.98360675573349
116.489028930664,-0.0784582793712616,-0.00829111691564322,0.405749440193176,19.7540245056152,6.25005578994751,1.46411955356598,0.171950966119766,0.0515142530202866,0.00321801612153649,0.983752429485321
117.022766113281,-0.0781639739871025,-0.00843361392617226,0.40591561794281,19.8580741882324,6.04613304138184,1.17623591423035,0.172712504863739,0.0501779317855835,0.00100356142502278,0.983692824840546
117.558547973633,-0.0797695219516754,-0.00803353078663349,0.405737280845642,19.7651634216309,6.04321813583374,1.47625339031219,0.172045767307281,0.0497181788086891,0.00362729583866894,0.983826875686646
118.120536804199,-0.0773626267910004,-0.00901838205754757,0.407382428646088,20.1092700958252,5.90719604492188,1.09532284736633,0.174832239747047,0.0490669459104538,0.000403473241021857,0.983374774456024
118.644912719727,-0.0784780234098434,-0.00899690575897694,0.405689984560013,20.080961227417,6.0297999382019,1.18495464324951,0.174628838896751,0.0499870628118515,0.000998794450424612,0.983364164829254
119.15217590332,-0.0812488570809364,-0.00933443196117878,0.406332910060883,20.1513824462891,6.12931394577026,1.39745962619781,0.175327733159065,0.0505039840936661,0.00263701053336263,0.983210384845734
119.678535461426,-0.0820435881614685,-0.00903514865785837,0.406759440898895,20.1753101348877,6.06133127212524,1.52885138988495,0.175588503479958,0.0497149452567101,0.00385705940425396,0.983200013637543
120.20873260498,-0.0795673653483391,-0.00942561309784651,0.407567292451859,20.3687133789063,5.83890914916992,1.26498663425446,0.177129134535789,0.0481771901249886,0.00184578145854175,0.983006000518799
120.723213195801,-0.08150814473629,-0.00949784833937883,0.407102644443512,20.3594512939453,5.92411231994629,1.37301409244537,0.1770970672369,0.048742763698101,0.00264502456411719,0.982982099056244
121.260887145996,-0.082623727619648,-0.00959584582597017,0.406267493963242,20.3413314819336,5.88295364379883,1.44788181781769,0.176972270011902,0.0482773780822754,0.00335920811630785,0.983025372028351
121.793159484863,-0.0800372660160065,-0.0092894583940506,0.407013803720474,20.2968406677246,5.55999898910522,1.29554569721222,0.176519796252251,0.0457495637238026,0.00257026893086731,0.983229994773865
122.328674316406,-0.0782414674758911,-0.00901869498193264,0.405329376459122,20.2309856414795,5.66019296646118,1.04932761192322,0.175856456160545,0.0469985865056515,0.000332239869749174,0.983293235301971
122.846054077148,-0.0801833868026733,-0.00878096371889114,0.405177354812622,20.0778675079346,5.72955417633057,1.27412521839142,0.174635916948318,0.047274973243475,0.00222303671762347,0.983495056629181
123.393615722656,-0.0793822556734085,-0.00896177999675274,0.405357837677002,20.1802806854248,5.66443777084351,1.17201197147369,0.175471693277359,0.0468549877405167,0.00140077737160027,0.98336786031723
123.909698486328,-0.0820454880595207,-0.00471386965364218,0.402584373950958,18.4277973175049,5.56966686248779,1.99570167064667,0.160742476582527,0.0451660379767418,0.00939156208187342,0.985917687416077
124.44499206543,-0.0826792567968369,-0.00716801732778549,0.400550812482834,19.2606754302979,6.08373308181763,1.69274318218231,0.167809680104256,0.0498444736003876,0.00566632300615311,0.984542191028595
124.970802307129,-0.0843686908483505,-0.00580700626596808,0.398616969585419,18.4870452880859,6.4437518119812,2.24184393882751,0.161431550979614,0.0523248910903931,0.01025181543082,0.985442459583282
125.483879089355,-0.0844981148838997,-0.00814612209796906,0.401625365018845,19.6379928588867,6.4135479927063,1.85505509376526,0.171139121055603,0.0523566268384457,0.00638713035732508,0.983834028244019
126.009605407715,-0.0775852352380753,-0.00850601028650999,0.400356233119965,19.5155506134033,7.66043281555176,1.61127638816833,0.170013621449471,0.063449501991272,0.00250583072192967,0.983393728733063
126.547073364258,-0.0805703848600388,-0.00835401937365532,0.398436695337296,19.2784004211426,8.02667331695557,1.78422331809998,0.168086737394333,0.0663915574550629,0.00359448557719588,0.983527421951294
127.061378479004,-0.0831872224807739,-0.00807959586381912,0.396168947219849,19.1322402954102,8.7902717590332,2.23755121231079,0.167140871286392,0.0723190903663635,0.006463841535151,0.983255863189697
127.58869934082,-0.0853716433048248,-0.00739400740712881,0.394383102655411,18.510627746582,8.87654113769531,2.56874084472656,0.162023484706879,0.0727641433477402,0.00961345247924328,0.984053552150726
128.122344970703,-0.0845273211598396,-0.0080556171014905,0.391980946063995,19.0781631469727,8.83675956726074,2.42841625213623,0.166800603270531,0.0724553391337395,0.00807119905948639,0.983291745185852
128.652374267578,-0.0857210755348206,-0.00707011111080647,0.390592724084854,18.8178024291992,8.5645170211792,2.23936462402344,0.164431214332581,0.0704657211899757,0.00701953517273068,0.983843326568604
129.185897827148,-0.0878720879554749,-0.00697404006496072,0.390632122755051,18.7244663238525,8.40923976898193,2.23790740966797,0.163619562983513,0.0691599771380424,0.00729132536798716,0.984069287776947
129.741088867188,-0.0884710773825645,-0.00603642081841826,0.389893740415573,18.1860675811768,7.11445999145508,1.97081673145294,0.158763810992241,0.0585440471768379,0.00714483438059688,0.985553443431854
130.247573852539,-0.0881936922669411,-0.006385647226125,0.394007623195648,18.5961456298828,8.22439956665039,2.25651478767395,0.162516862154007,0.0675806999206543,0.00779784237965941,0.984357833862305
130.785583496094,-0.0899520590901375,-0.00596227450296283,0.390509933233261,18.4443283081055,7.72413206100464,2.26512551307678,0.161181956529617,0.0633106306195259,0.00867350772023201,0.984853744506836
131.317230224609,-0.0906374454498291,-0.00556855415925384,0.389831125736237,18.3227100372314,7.822594165802,2.47550487518311,0.160262107849121,0.0638949498534203,0.0104180909693241,0.984949231147766
131.860855102539,-0.0911829993128777,-0.00551768485456705,0.391091734170914,18.3034992218018,7.58037185668945,2.53453230857849,0.160106480121613,0.0617356896400452,0.0112757841125131,0.985102772712708
132.409164428711,-0.0914536565542221,-0.00572351552546024,0.391207188367844,18.4165821075439,7.82302618026733,2.52915930747986,0.161098450422287,0.0637968927621841,0.010820634663105,0.984814822673798
132.946823120117,-0.0927182659506798,-0.00584213808178902,0.391543626785278,18.4350814819336,7.72555351257324,2.70300483703613,0.161343440413475,0.0627092197537422,0.0124404402449727,0.984825432300568
133.506607055664,-0.0912838876247406,-0.00584400910884142,0.391195267438889,18.434663772583,7.76747226715088,2.58695411682129,0.161280438303947,0.0632329657673836,0.0113843251019716,0.984815001487732
134.060012817383,-0.0922668278217316,-0.00548155838623643,0.39050880074501,18.2225379943848,7.82092428207397,2.77168583869934,0.159565955400467,0.0634964406490326,0.0130283497273922,0.985056936740875
134.589019775391,-0.0934294536709785,-0.00521192420274019,0.389625281095505,18.22265625,7.88153982162476,2.82149744033813,0.159601628780365,0.0639480799436569,0.0133720487356186,0.985017359256744
135.112747192383,-0.093295693397522,-0.00532440561801195,0.389579683542252,18.2163066864014,7.83607721328735,2.79594159126282,0.159527584910393,0.0635948181152344,0.013219635002315,0.98505425453186
135.647155761719,-0.093465156853199,-0.00539417658001184,0.387974977493286,18.0728607177734,7.83009719848633,2.82077980041504,0.158308103680611,0.063552662730217,0.0135306976735592,0.985249519348145
136.171432495117,-0.0943801030516624,-0.00504634901881218,0.386418700218201,18.0328559875488,7.95085763931274,2.91131901741028,0.158029526472092,0.06447833776474,0.0141675332561135,0.985225141048431
136.704574584961,-0.0938718765974045,-0.00565519649535418,0.388584583997726,18.3688735961914,7.9968318939209,2.73563933372498,0.160822317004204,0.0650145262479782,0.012380831874907,0.984761893749237
137.222595214844,-0.093879833817482,-0.00588816870003939,0.389469623565674,18.431266784668,7.75608205795288,2.70400094985962,0.161314517259598,0.0629713162779808,0.0124083664268255,0.984813868999481
137.755523681641,-0.0915622636675835,-0.00572817400097847,0.387147277593613,18.3855648040771,7.7561469078064,2.43991780281067,0.160776361823082,0.0633561462163925,0.0101666580885649,0.984902858734131
138.286148071289,-0.0912692472338676,-0.00514195207506418,0.38412007689476,18.0851211547852,7.83581066131592,2.60154604911804,0.158292174339294,0.063900999724865,0.0116302315145731,0.985253810882568
138.81640625,-0.0918288603425026,-0.00477600051090121,0.382164239883423,17.9392280578613,7.96022462844849,2.67298316955566,0.157091408967972,0.0649150535464287,0.0121644306927919,0.985373258590698
139.338241577148,-0.0924159809947014,-0.00516464607790112,0.383616775274277,18.1249141693115,8.00087642669678,2.6226761341095,0.158662751317024,0.0652793198823929,0.0115586975589395,0.98510468006134
139.859878540039,-0.0917733684182167,-0.00558310095220804,0.385009676218033,18.2424488067627,8.04483890533447,2.5908522605896,0.159658700227737,0.0656671077013016,0.0111495750024915,0.984922647476196
140.397766113281,-0.0912277698516846,-0.00492328172549605,0.383418500423431,18.0335483551025,7.89882040023804,2.64208722114563,0.157878160476685,0.064401812851429,0.0119239808991551,0.985284090042114
140.908340454102,-0.0907905399799347,-0.0046258014626801,0.380278825759888,17.8725719451904,7.9932689666748,2.57649278640747,0.15646705031395,0.0653506442904472,0.0113314865157008,0.9854536652565
141.429092407227,-0.0913048014044762,-0.00395514722913504,0.377590239048004,17.5704612731934,7.98817348480225,2.70137906074524,0.153940409421921,0.0652258023619652,0.0126033676788211,0.985844373703003
141.961090087891,-0.0920449867844582,-0.0038190777413547,0.375294387340546,17.5008373260498,8.10471153259277,2.7438588142395,0.153379023075104,0.0661921724677086,0.0128568708896637,0.985864222049713
142.486068725586,-0.092324435710907,-0.00398057699203491,0.377173721790314,17.6419734954834,8.19825744628906,2.77619123458862,0.154621765017509,0.0669108107686043,0.0129182813689113,0.985620737075806
142.995071411133,-0.0922049880027771,-0.00418669497594237,0.381619304418564,17.8413963317871,8.04769039154053,2.79420757293701,0.156329229474068,0.0655307397246361,0.0131492596119642,0.985441029071808
143.526275634766,-0.0925673246383667,-0.00469300337135792,0.38276880979538,17.9084568023682,8.05838489532471,2.76507782936096,0.156890138983727,0.0656421482563019,0.0128413690254092,0.985348522663116
144.037933349609,-0.0945116207003593,-0.00431621260941029,0.380472898483276,17.6868114471436,8.13769149780273,2.96777987480164,0.155111134052277,0.066117025911808,0.0146189508959651,0.985573649406433
144.55712890625,-0.0967394858598709,-0.00404473068192601,0.380791962146759,17.6429004669189,8.13688468933105,3.16527080535889,0.15484730899334,0.0658572614192963,0.0163470637053251,0.985605359077454
145.088806152344,-0.0967492088675499,-0.00430396804586053,0.383296430110931,17.8434314727783,8.08042621612549,3.14303016662598,0.156550109386444,0.0653353929519653,0.0161028988659382,0.985375106334686
145.60676574707,-0.0962584912776947,-0.00484256539493799,0.38429668545723,17.8642272949219,7.97998237609863,3.16446971893311,0.156726688146591,0.0644354671239853,0.0164112411439419,0.985401213169098
146.14533996582,-0.0964403301477432,-0.00493880454450846,0.383327424526215,17.7862529754639,8.03970623016357,3.1901707649231,0.156079679727554,0.0649399384856224,0.0166005864739418,0.985467612743378
146.659408569336,-0.0960122644901276,-0.00468412367627025,0.38261753320694,17.861536026001,7.9756932258606,3.08158135414124,0.156656339764595,0.0645128041505814,0.0157060287892818,0.985418796539307
147.174423217773,-0.0962356328964233,-0.00460690958425403,0.383976101875305,17.8690910339355,7.71331310272217,3.07920718193054,0.156683623790741,0.0622571334242821,0.0160396136343479,0.985554158687592
147.703399658203,-0.0961306989192963,-0.00489816907793283,0.384261697530746,17.9109764099121,7.56920909881592,3.01708483695984,0.156990274786949,0.0610893964767456,0.015676986426115,0.985584318637848
148.222808837891,-0.0976164191961288,-0.00478849420323968,0.383700788021088,17.8400230407715,7.48639011383057,3.05927062034607,0.156391143798828,0.0603418424725533,0.0161957740783691,0.985717177391052
148.738876342773,-0.0987735092639923,-0.00407684314996004,0.383615463972092,17.7559432983398,7.38504457473755,3.22889542579651,0.155741706490517,0.0592661909759045,0.0178431123495102,0.985856831073761
149.278945922852,-0.0970520675182343,-0.00520363543182611,0.385136246681213,18.2485504150391,7.35759925842285,3.02483677864075,0.15986655652523,0.0591523349285126,0.0158347487449646,0.9852374792099
149.787979125977,-0.0952497273683548,-0.00602814601734281,0.380185395479202,19.041955947876,7.86615467071533,2.05160999298096,0.166203752160072,0.064681276679039,0.00627075554803014,0.983947813510895
150.314651489258,-0.0987211987376213,-0.00264205830171704,0.370360851287842,17.2240562438965,6.63700151443481,3.01783514022827,0.150947079062462,0.0532773733139038,0.0173269081860781,0.986953020095825
150.832138061523,-0.0998734384775162,-0.00215722620487213,0.368475794792175,16.9183177947998,6.80119514465332,3.30109405517578,0.148474365472794,0.054417472332716,0.0197178404778242,0.987221002578735
151.350616455078,-0.103234343230724,0.000565830443520099,0.362452000379562,15.9801511764526,6.70763349533081,4.26723003387451,0.140824183821678,0.052727472037077,0.0286792367696762,0.98821347951889
151.863021850586,-0.10406307131052,0.000213670311495662,0.362495929002762,16.0208339691162,7.12708806991577,4.3677864074707,0.141328126192093,0.0562042631208897,0.0290068462491035,0.987940311431885
152.391723632813,-0.10102441161871,-0.000127010745927691,0.365553379058838,15.6881732940674,7.59984397888184,4.46795654296875,0.138633489608765,0.0602942742407322,0.0294929072260857,0.988066613674164
152.899795532227,-0.1015600040555,-0.0014533621724695,0.371244758367538,16.4452610015869,7.0101842880249,4.17181491851807,0.144860148429871,0.0552727654576302,0.027218297123909,0.987532079219818
153.422897338867,-0.101047277450562,-0.00290900655090809,0.383231788873672,17.2511596679688,6.39624214172363,3.72425961494446,0.15145643055439,0.0502627976238728,0.0237144157290459,0.986900329589844
153.945571899414,-0.0981737226247787,-0.00618188921362162,0.390540361404419,18.5604496002197,6.53513669967651,3.23078465461731,0.162522837519646,0.0516918785870075,0.0185878053307533,0.985174477100372
154.454025268555,-0.101780705153942,-0.00447969092056155,0.384231448173523,17.5740699768066,6.05305051803589,2.82140469551086,0.153787463903427,0.0484071709215641,0.0162328891456127,0.986784040927887
154.999710083008,-0.10683735460043,-0.00848855171352625,0.377295732498169,20.1212959289551,6.8096752166748,3.54412531852722,0.176107063889503,0.0530569739639759,0.0200241338461637,0.982736170291901
155.523010253906,-0.10952964425087,-0.00541442958638072,0.383119434118271,18.2873344421387,6.99383974075317,3.46024394035339,0.160360500216484,0.0554035156965256,0.0200642794370651,0.985298216342926
156.067687988281,-0.110871985554695,-0.00597668951377273,0.39042717218399,18.3484287261963,7.12942838668823,3.88543772697449,0.161117777228355,0.0559507310390472,0.0234945118427277,0.985067784786224
156.583938598633,-0.109647199511528,-0.00608972460031509,0.392843037843704,18.442512512207,6.62591409683228,3.85415840148926,0.161807343363762,0.0516309887170792,0.0238820612430573,0.985181331634521
157.124633789063,-0.107407040894032,-0.00542865414172411,0.389898717403412,18.3030700683594,6.61302852630615,3.82986259460449,0.160595461726189,0.0516057796776295,0.0237671043723822,0.985383689403534
157.6416015625,-0.111395299434662,-0.00512173492461443,0.389376699924469,18.0458087921143,6.66933012008667,4.09069013595581,0.158514350652695,0.0518238209187984,0.0260724555701017,0.985650956630707
158.156845092773,-0.113796219229698,-0.0049155461601913,0.388051718473434,17.9075736999512,6.81214570999146,4.32221126556396,0.157465443015099,0.0527878031134605,0.0279439464211464,0.985716640949249
158.70280456543,-0.111511513590813,-0.00746251456439495,0.39033630490303,19.1747665405273,6.76698064804077,4.13495063781738,0.168252497911453,0.0521584078669548,0.0256872605532408,0.984027862548828
159.248687744141,-0.11005862057209,-0.00497895246371627,0.388594180345535,18.0893459320068,6.91406393051147,3.99616241455078,0.158899307250977,0.0540428906679153,0.0248961821198463,0.985500156879425
159.784027099609,-0.110350795090199,-0.00522811897099018,0.390433669090271,18.0882301330566,7.11736106872559,3.9107871055603,0.158892035484314,0.0559100098907948,0.0238807145506144,0.985422313213348
160.320526123047,-0.109909936785698,-0.00466633727774024,0.390341103076935,17.8396396636963,7.2070517539978,3.89963603019714,0.156768605113029,0.0567907802760601,0.0238065551966429,0.9857137799263
160.849182128906,-0.111494041979313,-0.0045075137168169,0.388400465250015,17.6475048065186,7.15820217132568,3.85222721099854,0.155083164572716,0.0565071329474449,0.0235775988548994,0.986002206802368
161.364944458008,-0.113404303789139,-0.00531431380659342,0.390629827976227,17.9946002960205,6.82566833496094,4.09213256835938,0.158110290765762,0.0531863979995251,0.0258973315358162,0.985647857189178
161.882415771484,-0.114331386983395,-0.00615758541971445,0.39225971698761,18.415111541748,6.8453483581543,3.76653122901917,0.161576375365257,0.053651224821806,0.0228342227637768,0.985136151313782
162.415374755859,-0.115968339145184,-0.00579885579645634,0.389019459486008,18.3485717773438,6.57284688949585,3.80920219421387,0.160968944430351,0.0512725785374641,0.0236211903393269,0.98534369468689
162.935043334961,-0.114385537803173,-0.00555532798171043,0.388723969459534,18.3074073791504,6.70110177993774,3.84503531455994,0.160657912492752,0.0523402467370033,0.0237717516720295,0.985334694385529
163.47509765625,-0.114464059472084,-0.00583732314407825,0.389263063669205,18.2882614135742,6.59133577346802,3.85991024971008,0.160477206110954,0.0513826049864292,0.0240639131516218,0.985407471656799
164.003372192383,-0.118444710969925,-0.0060492567718029,0.389069378376007,18.2846240997314,6.71861267089844,4.08946180343628,0.160577371716499,0.0521568432450294,0.0258614905178547,0.985304892063141
164.517517089844,-0.116134911775589,-0.00579288881272078,0.386572748422623,18.1469478607178,6.69367933273315,3.9278826713562,0.159315139055252,0.0522205047309399,0.0245827864855528,0.985539138317108
165.046951293945,-0.113664075732231,-0.00538914743810892,0.384866774082184,18.0494213104248,6.64299917221069,3.8654887676239,0.158437713980675,0.0519074089825153,0.0241697859019041,0.985707342624664
165.576324462891,-0.114938467741013,-0.00544115994125605,0.38638362288475,18.2012729644775,6.60059452056885,3.88101005554199,0.159741014242172,0.0514649376273155,0.0242795795202255,0.985517501831055
166.08821105957,-0.11531837284565,-0.00602131290361285,0.390145897865295,18.536319732666,6.44527196884155,3.9546480178833,0.162619292736053,0.0499007776379585,0.0249511878937483,0.985110282897949
166.620193481445,-0.115175761282444,-0.00606554187834263,0.390861064195633,18.5489387512207,6.13444375991821,3.93215441703796,0.162650167942047,0.047255739569664,0.0251923799514771,0.9852294921875
167.141845703125,-0.116183221340179,-0.00571187166497111,0.388646453619003,18.3773345947266,6.27826309204102,3.94174194335938,0.161211118102074,0.0485425181686878,0.0251597948372364,0.985404312610626
167.651321411133,-0.117192685604095,-0.0053778444416821,0.387436062097549,18.1243076324463,6.15279006958008,4.08499383926392,0.159067749977112,0.0473583526909351,0.0266976039856672,0.985769748687744
168.161544799805,-0.117019638419151,-0.00525047071278095,0.388281226158142,18.1300792694092,5.72321557998657,3.93682622909546,0.158959612250328,0.0438660308718681,0.0260161105543375,0.985966920852661
168.674835205078,-0.117634363472462,-0.00511980289593339,0.388583302497864,18.1769046783447,5.63351726531982,4.03055095672607,0.159377053380013,0.0429468899965286,0.0269248951226473,0.98591560125351
169.201034545898,-0.118151269853115,-0.0054092351347208,0.389583706855774,18.2690353393555,5.78491926193237,4.10355997085571,0.160232752561569,0.0441130921244621,0.02729781717062,0.98571515083313
169.714401245117,-0.117832697927952,-0.00596231408417225,0.391643673181534,18.5192604064941,5.68173408508301,4.03634023666382,0.162333682179451,0.0432263426482677,0.0267447978258133,0.985425770282745
170.225341796875,-0.117560215294361,-0.00629636039957404,0.39298152923584,18.6392364501953,5.66252756118774,3.96238446235657,0.163332462310791,0.0431219078600407,0.0260791685432196,0.985283136367798
170.755294799805,-0.118912927806377,-0.00600062496960163,0.39010962843895,18.4618015289307,5.5842342376709,4.05362844467163,0.161823377013206,0.0423847958445549,0.0270585212856531,0.985537707805634
171.262725830078,-0.120524071156979,-0.00514096021652222,0.387743353843689,17.9881019592285,5.77800321578979,4.31938648223877,0.15789832174778,0.0438623055815697,0.0293004494160414,0.986045479774475
171.763610839844,-0.120449148118496,-0.00489229010418057,0.388095676898956,17.9094676971436,5.84903526306152,4.38052654266357,0.157263949513435,0.0444205813109875,0.029767295345664,0.986107885837555
172.278305053711,-0.120285831391811,-0.00523755606263876,0.389669209718704,18.0271091461182,5.69413995742798,4.31375503540039,0.158210188150406,0.0431331396102905,0.029348848387599,0.986026227474213
172.815307617188,-0.121262103319168,-0.00513299973681569,0.388867765665054,17.9430561065674,5.85758972167969,4.39381647109985,0.157560154795647,0.0444625467061996,0.0298533905297518,0.98605614900589
173.335525512695,-0.123306319117546,-0.0046911365352571,0.387440264225006,17.7836570739746,5.8252968788147,4.5843186378479,0.15625411272049,0.0439885407686234,0.0316154286265373,0.986230313777924
173.855072021484,-0.123935475945473,-0.005269605666399,0.391069799661636,18.1155948638916,5.76226234436035,4.63440036773682,0.159110069274902,0.0432395040988922,0.0319704636931419,0.985795259475708
174.372741699219,-0.124550476670265,-0.00592121388763189,0.394055098295212,18.3505001068115,5.79344463348389,4.8027229309082,0.161201491951942,0.0431728810071945,0.0332593508064747,0.985415637493134
174.883560180664,-0.126110181212425,-0.00576124712824821,0.393109440803528,18.116247177124,5.76044178009033,4.84119129180908,0.15919291973114,0.0429363586008549,0.0337515734136105,0.985735714435577
175.391891479492,-0.127994641661644,-0.00567339779809117,0.392436534166336,18.035099029541,5.721923828125,5.05631303787231,0.158563703298569,0.0423424728214741,0.0356953404843807,0.985794365406036
175.913772583008,-0.128907755017281,-0.00585822574794292,0.394162505865097,18.079704284668,5.69005537033081,5.13966846466064,0.158967718482018,0.0419327281415462,0.0364347137510777,0.985719740390778
176.492111206055,-0.129172056913376,-0.00487519195303321,0.392535328865051,17.7126846313477,5.65175008773804,5.18243265151978,0.155815422534943,0.0417112968862057,0.0370340272784233,0.9862100481987
177.016387939453,-0.12976610660553,-0.00472754612565041,0.395035862922668,17.2792339324951,5.72068452835083,5.3309531211853,0.152163788676262,0.0423048660159111,0.0384315177798271,0.986701309680939
177.527618408203,-0.130728185176849,-0.00561980251222849,0.396403193473816,17.8555583953857,5.6344313621521,5.25931453704834,0.157066255807877,0.0413917936384678,0.0376499332487583,0.98600172996521
178.050811767578,-0.130443200469017,-0.0051691341213882,0.394296735525131,17.6867389678955,5.68404388427734,5.27202463150024,0.155635491013527,0.0418793894350529,0.0377738326787949,0.986203253269196
178.570098876953,-0.129392862319946,-0.00493208039551973,0.394493699073792,17.5270080566406,5.82137584686279,5.14878702163696,0.154260411858559,0.0433012843132019,0.0366061516106129,0.986401915550232
179.088714599609,-0.128617867827415,-0.00499812699854374,0.39449018239975,17.5484275817871,5.81446218490601,5.04996824264526,0.154405117034912,0.0433652102947235,0.0357542000710964,0.986407697200775
179.606369018555,-0.130379810929298,-0.00484485551714897,0.392022967338562,17.4097270965576,5.98272562026978,5.22803020477295,0.153333872556686,0.0446375906467438,0.0371307991445065,0.986467182636261
180.126907348633,-0.132183328270912,-0.00538378907367587,0.39439994096756,17.6797046661377,5.84916877746582,5.3071117401123,0.155642509460449,0.0432560630142689,0.0378550067543983,0.98613965511322
180.663497924805,-0.130372568964958,-0.00529386848211288,0.395865648984909,17.8171062469482,5.67439699172974,5.17692899703979,0.156718716025352,0.0418661199510098,0.0369050018489361,0.986065149307251
181.19367980957,-0.131328046321869,-0.00528587773442268,0.39496710896492,17.7124633789063,5.85527801513672,5.25467205047607,0.155906409025192,0.0433646850287914,0.0373789966106415,0.986111342906952
181.710571289063,-0.132820039987564,-0.00560279004275799,0.394347459077835,17.6980953216553,5.96493768692017,5.36581945419312,0.155861437320709,0.0441638492047787,0.0381935387849808,0.986051738262177
182.238616943359,-0.132095247507095,-0.00537796458229423,0.393603473901749,17.664514541626,6.01292181015015,5.33842468261719,0.155578017234802,0.0446298383176327,0.037909809499979,0.986086487770081
182.756011962891,-0.131111398339272,-0.00523714581504464,0.394128352403641,17.7013473510742,6.00886201858521,5.24632406234741,0.155857518315315,0.0447028242051601,0.0371038727462292,0.986069679260254
183.301971435547,-0.131634339690208,-0.00526829343289137,0.39422932267189,17.6574192047119,5.98582696914673,5.32308959960938,0.15550209581852,0.0444208234548569,0.0378182679414749,0.986111402511597
183.816635131836,-0.131125032901764,-0.00552279595285654,0.396245419979095,17.8329010009766,6.08377170562744,5.26661682128906,0.157020822167397,0.0452583767473698,0.0371083281934261,0.985859572887421
184.340515136719,-0.130164638161659,-0.00569228455424309,0.397505760192871,17.9300193786621,6.01891326904297,5.13578176498413,0.157783553004265,0.0448352321982384,0.0360217392444611,0.985797464847565
184.861343383789,-0.130873069167137,-0.00565614691004157,0.396321207284927,17.8811149597168,6.07351779937744,5.17945909500122,0.157397538423538,0.04526736587286,0.0363475866615772,0.985827445983887
185.371322631836,-0.13183356821537,-0.005707873031497,0.395885527133942,17.8281421661377,6.14282894134521,5.24236392974854,0.156989306211472,0.0458019077777863,0.0368212498724461,0.985850274562836
185.887817382813,-0.131575018167496,-0.00570733565837145,0.395632386207581,17.7854862213135,6.04402208328247,5.24277544021606,0.156590938568115,0.0449711084365845,0.036982137709856,0.985945880413055
186.421432495117,-0.131600886583328,-0.00571158528327942,0.396390914916992,17.8202133178711,6.11752367019653,5.24470710754395,0.156913936138153,0.0455846861004829,0.0368802063167095,0.985870122909546
186.943389892578,-0.131231009960175,-0.00571638252586126,0.396941512823105,17.8366050720215,6.08570957183838,5.23463678359985,0.157040625810623,0.0453171469271183,0.0368286222219467,0.985864222049713
187.479232788086,-0.129546344280243,-0.00608682353049517,0.399695634841919,18.1516532897949,6.10272264480591,5.01855182647705,0.159668117761612,0.0456179901957512,0.0347830094397068,0.985502541065216
187.982650756836,-0.129730641841888,-0.00659548724070191,0.401119619607925,18.2367973327637,5.89694881439209,5.01515674591064,0.160335823893547,0.0438148751854897,0.0349976383149624,0.98546838760376
188.510467529297,-0.130498930811882,-0.00617557298392057,0.399074524641037,18.0477828979492,6.03125953674316,5.06313562393188,0.158771172165871,0.0449882559478283,0.0353193506598473,0.985657393932343
189.031600952148,-0.13084964454174,-0.00603602547198534,0.398325055837631,17.9829254150391,6.05250597000122,5.05180597305298,0.158215776085854,0.0452159717679024,0.0352258384227753,0.985739529132843
189.547454833984,-0.129726618528366,-0.00592248002067208,0.397730261087418,17.9293975830078,5.95508050918579,4.97808694839478,0.157697007060051,0.0445034317672253,0.0347532704472542,0.985871851444244
190.061157226563,-0.13036835193634,-0.00585295213386416,0.397851586341858,17.9032649993896,5.98504829406738,5.02074766159058,0.157498076558113,0.0447142459452152,0.0350923500955105,0.985882103443146
190.585052490234,-0.131091937422752,-0.006077382247895,0.399542212486267,18.0688152313232,5.98524236679077,5.11886930465698,0.158959418535233,0.0445056296885014,0.0358517616987228,0.985629677772522
191.0908203125,-0.129151597619057,-0.00560153322294354,0.397766828536987,17.9286251068115,5.91086053848267,4.84606409072876,0.157626017928123,0.044304970651865,0.0336786285042763,0.985929429531097
191.639617919922,-0.126322895288467,-0.00449009984731674,0.392896085977554,17.2994289398193,6.22462272644043,4.69720792770386,0.152244836091995,0.0474768318235874,0.0322950519621372,0.986673474311829
192.173156738281,-0.126533985137939,-0.00288559449836612,0.391270101070404,16.1869087219238,5.9369478225708,4.72009801864624,0.142591223120689,0.0454374440014362,0.0334293842315674,0.988172888755798
192.710556030273,-0.128683924674988,-0.00270771887153387,0.389766216278076,16.1002559661865,5.71673107147217,4.97181177139282,0.141875177621841,0.0432628728449345,0.0359159931540489,0.988286316394806
193.262298583984,-0.132036998867989,-0.00243498478084803,0.388958096504211,15.9442110061646,5.66837406158447,5.12835836410522,0.140573367476463,0.0427216179668903,0.0374010652303696,0.988440811634064
193.79931640625,-0.130915194749832,-0.0019401921890676,0.38588935136795,15.9127769470215,5.98278665542603,5.10336685180664,0.140394613146782,0.0454782359302044,0.0368155278265476,0.988365173339844
194.323959350586,-0.130241736769676,-0.00216991268098354,0.386751651763916,15.9892797470093,6.02306222915649,5.11910486221313,0.14107321202755,0.045771986246109,0.0368630886077881,0.988253235816956
194.849975585938,-0.130834266543388,-0.00230247853323817,0.38799113035202,16.0916328430176,5.88539266586304,5.11309480667114,0.141908600926399,0.0445462763309479,0.0369298011064529,0.9881871342659
195.378997802734,-0.133053883910179,-0.0027358578518033,0.386723577976227,16.0862655639648,6.16305351257324,5.1767430305481,0.141977459192276,0.0468641370534897,0.0371374376118183,0.988062262535095
195.882751464844,-0.130534872412682,-0.00212019355967641,0.383339613676071,15.868311882019,6.2458381652832,5.00178098678589,0.140053138136864,0.0478911399841309,0.0356402955949306,0.988342702388763
196.395370483398,-0.123969696462154,-0.00187949114479125,0.381022602319717,15.9290752410889,6.37918615341187,4.44022178649902,0.140376299619675,0.0497027859091759,0.030601728707552,0.988376319408417
196.91960144043,-0.1245476603508,-0.00119070708751678,0.377564638853073,15.6901044845581,6.42813873291016,4.5873064994812,0.138393521308899,0.0500433705747128,0.0319375209510326,0.988596439361572
197.435501098633,-0.126824095845222,-0.00144308130256832,0.377596795558929,15.631103515625,6.72715377807617,4.81556272506714,0.138072371482849,0.0523724071681499,0.0335779897868633,0.988466322422028
197.953964233398,-0.127198502421379,-0.00157355330884457,0.379236251115799,15.7047109603882,6.56111764907837,4.85197496414185,0.138674259185791,0.0508643724024296,0.0340520478785038,0.988444626331329
198.47981262207,-0.127563461661339,-0.00163529103156179,0.378775358200073,15.6378154754639,6.59077501296997,4.84743452072144,0.138104394078255,0.0511546656489372,0.0340135656297207,0.988510727882385
198.988800048828,-0.129620343446732,8.48129857331514E-05,0.377782166004181,14.6785449981689,6.7774977684021,5.40642786026001,0.130144119262695,0.0525466203689575,0.0391516759991646,0.989327311515808
199.518173217773,-0.125551775097847,-0.0022130177821964,0.37752366065979,15.8833627700806,6.89909076690674,4.82164907455444,0.140299409627914,0.0537384375929832,0.0332795269787312,0.988089442253113
200.042221069336,-0.122717939317226,-0.00138154998421669,0.37290546298027,15.5983543395996,6.31202077865601,4.45792627334595,0.137514442205429,0.0492345690727234,0.0310093499720097,0.988789260387421
200.554458618164,-0.123082421720028,-0.00217836420051754,0.378037810325623,15.8039102554321,5.94535350799561,4.4629340171814,0.139189302921295,0.0459826104342937,0.0313908122479916,0.988699436187744
201.066818237305,-0.123162776231766,-0.00303346384316683,0.382602363824844,15.942346572876,5.0688042640686,4.12374401092529,0.140025094151497,0.0387791804969311,0.0294680818915367,0.988949358463287
201.575073242188,-0.127231359481812,-0.00312497979030013,0.382865011692047,15.9661083221436,4.93779706954956,4.3990683555603,0.140286326408386,0.0373029597103596,0.0319943279027939,0.988890588283539
202.089920043945,-0.128818184137344,-0.0029085916467011,0.382825613021851,15.9792652130127,4.7313117980957,4.53307151794434,0.140383392572403,0.0353518389165401,0.0333982035517693,0.98890209197998
202.613647460938,-0.129078477621078,-0.00297396583482623,0.384450733661652,16.0013008117676,4.67844438552856,4.60940551757813,0.140581250190735,0.034793347120285,0.0341128744184971,0.988869369029999
203.130432128906,-0.130228698253632,-0.00297846202738583,0.385622322559357,16.0525989532471,4.46909809112549,4.67797994613647,0.140980899333954,0.0328821279108524,0.034941628575325,0.988848984241486
203.646820068359,-0.132562696933746,-0.00269257137551904,0.383669078350067,15.8851833343506,4.40357208251953,4.84665203094482,0.139564171433449,0.0321780703961849,0.0365418680012226,0.989015281200409
204.165084838867,-0.133397877216339,-0.00339385448023677,0.386761695146561,16.1716003417969,4.45381498336792,4.87589311599731,0.142058849334717,0.0324573591351509,0.0366221368312836,0.988647878170013
204.68489074707,-0.1315728276968,-0.0043108556419611,0.395517975091934,15.685845375061,5.14463710784912,5.46809005737305,0.138285830616951,0.0379074513912201,0.0410888753831387,0.98881334066391
205.208435058594,-0.124648749828339,-0.00915541406720877,0.391490489244461,18.695219039917,4.99378108978271,3.94270968437195,0.163652256131172,0.0373791828751564,0.0268389973789454,0.985444307327271
205.749038696289,-0.127922400832176,-0.0105795776471496,0.392814248800278,19.0965099334717,5.04889917373657,4.52368068695068,0.167302340269089,0.0368614122271538,0.0315812490880489,0.984709978103638
206.267074584961,-0.132026299834251,-0.00686673354357481,0.385222733020782,17.4729766845703,5.91294574737549,4.91093063354492,0.15373295545578,0.0444332920014858,0.0344624891877174,0.98651111125946
206.794342041016,-0.135792449116707,-0.00626911129802465,0.385547310113907,17.1857948303223,5.46026086807251,5.1221866607666,0.151198610663414,0.0403811447322369,0.0370232053101063,0.986984133720398
207.321472167969,-0.130705535411835,-0.00734755909070373,0.388692498207092,17.7786769866943,5.72592973709106,4.56961059570313,0.156178310513496,0.043155413120985,0.0316267274320126,0.986278712749481
207.843124389648,-0.130145668983459,-0.00761244539171457,0.387462735176086,17.7439594268799,5.69353675842285,4.4067211151123,0.155809596180916,0.0431123748421669,0.0302855093032122,0.986380994319916
208.372528076172,-0.132416114211082,-0.0071317465044558,0.385639667510986,17.4383602142334,5.75613737106323,4.626708984375,0.153280422091484,0.0434786975383759,0.0322425588965416,0.986699104309082
208.885101318359,-0.132149547338486,-0.0066869305446744,0.385159939527512,17.3437957763672,5.81535530090332,4.73019933700562,0.152522996068001,0.0438900738954544,0.0331009030342102,0.98676985502243
209.403717041016,-0.13159441947937,-0.00629206094890833,0.385092914104462,17.3340530395508,5.58207225799561,4.6274471282959,0.152333796024323,0.0420218408107758,0.0325310379266739,0.986899435520172
209.920715332031,-0.132099017500877,-0.00659416290000081,0.387039631605148,17.4849472045898,5.62900495529175,4.64461088180542,0.15365207195282,0.0423407517373562,0.0325445309281349,0.986680865287781
210.440643310547,-0.132227182388306,-0.00679272226989269,0.38800123333931,17.5194053649902,5.48193597793579,4.643470287323,0.153906300663948,0.0410617142915726,0.0327158346772194,0.986689746379852
210.991683959961,-0.133651167154312,-0.00704192044213414,0.387918025255203,17.5117835998535,5.57732057571411,4.74068260192871,0.153903394937515,0.0417556092143059,0.0334283262491226,0.986637115478516
211.556213378906,-0.135082855820656,-0.00716828834265471,0.387729465961456,17.4632606506348,5.64331245422363,4.87449979782104,0.153554424643517,0.0421649590134621,0.034515131264925,0.986636638641357
212.080810546875,-0.133462890982628,-0.00679286010563374,0.387030869722366,17.4503879547119,5.56312131881714,4.73966550827026,0.153370544314384,0.0416605472564697,0.0334676764905453,0.986722767353058
212.672286987305,-0.134090647101402,-0.00662344601005316,0.386668562889099,17.3950061798096,5.46827411651611,4.80279064178467,0.152888655662537,0.0407828241586685,0.0341640152037144,0.986810326576233
213.182678222656,-0.135608270764351,-0.00655889650806785,0.387567967176437,17.3793830871582,5.41241979598999,4.97737312316895,0.152798756957054,0.0400756932795048,0.0357492007315159,0.986797094345093
213.70378112793,-0.135241165757179,-0.00707673095166683,0.388788998126984,17.5624446868896,5.56494426727295,4.89698934555054,0.154392331838608,0.0414171777665615,0.0347666665911674,0.986528754234314
214.220642089844,-0.135356113314629,-0.00739640835672617,0.390078037977219,17.6482105255127,5.4678201675415,4.87470483779907,0.155092775821686,0.0405741520226002,0.0346655398607254,0.986457467079163
214.732833862305,-0.135383203625679,-0.00711365230381489,0.388149052858353,17.4808101654053,5.58599233627319,4.82112121582031,0.153668731451035,0.0417354516685009,0.0341239832341671,0.986650705337524
215.270904541016,-0.137118205428123,-0.00719722313806415,0.388285368680954,17.4555683135986,5.59472179412842,4.91476821899414,0.153488248586655,0.0416959747672081,0.0349306277930737,0.986652255058289
215.775588989258,-0.137474283576012,-0.00685056298971176,0.387473911046982,17.3963775634766,5.55665111541748,5.02778577804565,0.153008028864861,0.0412429422140121,0.0359828695654869,0.986708104610443
216.28776550293,-0.137194618582726,-0.00707392487674952,0.390655159950256,17.4439506530762,5.43305587768555,5.00104808807373,0.153369158506393,0.0401935204863548,0.0358954593539238,0.986698508262634
216.80305480957,-0.136398583650589,-0.00656070979312062,0.389203757047653,17.1227054595947,5.63070774078369,5.01895380020142,0.150672718882561,0.0420132502913475,0.0359394624829292,0.987036466598511
217.328201293945,-0.138134926557541,-0.00650661718100309,0.389492243528366,17.0885543823242,5.74895763397217,5.13054895401001,0.150457605719566,0.0429003797471523,0.0367618761956692,0.987000823020935
217.838485717773,-0.137022495269775,-0.00612140726298094,0.38946920633316,16.9016647338867,5.65542840957642,4.99067115783691,0.148767054080963,0.0423603951931,0.0357697792351246,0.987316846847534
218.362716674805,-0.137408569455147,-0.00605612993240356,0.389404773712158,16.9403018951416,5.68701171875,4.9461669921875,0.149093002080917,0.0426734611392021,0.0353266634047031,0.98727011680603
218.944244384766,-0.137998208403587,-0.00590869458392262,0.388755291700363,16.8709106445313,5.84023666381836,5.14213514328003,0.148617759346962,0.0437697805464268,0.0368499681353569,0.987238109111786
219.468963623047,-0.135234788060188,-0.00560618657618761,0.38614684343338,16.8193893432617,5.69475841522217,4.87985944747925,0.14802947640419,0.0428785309195518,0.0348036848008633,0.987439811229706
220.049987792969,-0.138565808534622,-0.00605217041447759,0.387175768613815,16.8404159545898,5.86420249938965,5.02421998977661,0.14831754565239,0.0441426858305931,0.0358181670308113,0.987304627895355
220.566940307617,-0.142286315560341,-0.00591590395197272,0.387649834156036,16.7539577484131,6.06084156036377,5.44526672363281,0.147801995277405,0.0453325547277927,0.0392353907227516,0.987198114395142
221.08203125,-0.142249867320061,-0.00664561986923218,0.390640944242477,17.0326957702637,6.09219408035278,5.38001394271851,0.150185853242874,0.0455550886690617,0.0384883433580399,0.98685747385025
221.613922119141,-0.141475826501846,-0.00684711523354053,0.390632897615433,17.137414932251,6.12537336349487,5.33212423324585,0.151078909635544,0.0458543784916401,0.037977896630764,0.986727058887482
222.132781982422,-0.141917765140533,-0.00640213396400213,0.388064533472061,16.8913154602051,6.27617740631104,5.43662595748901,0.149054124951363,0.0471329838037491,0.0388099998235703,0.986942291259766
222.650634765625,-0.141612902283669,-0.00601253751665354,0.387786030769348,16.795747756958,6.19602203369141,5.33385038375854,0.148162618279457,0.0466211922466755,0.0380792431533337,0.987129330635071
223.168243408203,-0.140679374337196,-0.00603343266993761,0.387894153594971,16.8324775695801,6.12232446670532,5.31453371047974,0.148446515202522,0.0459941178560257,0.0379890315234661,0.987119555473328
223.689956665039,-0.14179627597332,-0.00564141804352403,0.386453658342361,16.6866283416748,6.23254299163818,5.42048692703247,0.147270902991295,0.0468757599592209,0.0388360172510147,0.987221240997314
224.221389770508,-0.143597975373268,-0.00598894758149981,0.388369977474213,16.7406005859375,6.23777532577515,5.59406805038452,0.147808119654655,0.0466712713241577,0.0402960069477558,0.987092077732086
224.755310058594,-0.142441183328629,-0.00622917292639613,0.389892846345901,16.9392490386963,6.18769025802612,5.46008491516113,0.149446085095406,0.0463173575699329,0.0391019061207771,0.986910104751587
225.274307250977,-0.143035426735878,-0.00635174568742514,0.390240579843521,16.9276256561279,6.10394525527954,5.47317361831665,0.149322658777237,0.0455846078693867,0.0393298864364624,0.986953854560852
225.789138793945,-0.143900543451309,-0.00663567893207073,0.389760106801987,16.9124183654785,6.28267335891724,5.53008794784546,0.149276331067085,0.0470570959150791,0.0395952202379704,0.986881256103516
226.308547973633,-0.14377760887146,-0.00664187967777252,0.38935711979866,16.8406372070313,6.18082618713379,5.55044507980347,0.148631542921066,0.0461883395910263,0.0399410128593445,0.987005591392517
226.824020385742,-0.142978772521019,-0.00642282608896494,0.38933190703392,16.8827857971191,6.25317096710205,5.4926118850708,0.148995816707611,0.04686613753438,0.039326649159193,0.986943423748016
227.350708007813,-0.143212497234344,-0.0062359725125134,0.389111548662186,16.8708724975586,6.27323436737061,5.48386907577515,0.148896604776382,0.0470560528337955,0.039231613278389,0.986953139305115
227.877532958984,-0.143317073583603,-0.00674834195524454,0.391433924436569,17.058406829834,6.35818481445313,5.53487586975098,0.150560483336449,0.0476299971342087,0.0394592136144638,0.986663997173309
228.401290893555,-0.141513228416443,-0.00695887766778469,0.39391353726387,17.2532005310059,6.16002321243286,5.28096914291382,0.152065977454185,0.0461661070585251,0.0374311544001102,0.986581742763519
228.913482666016,-0.142129048705101,-0.00717673124745488,0.393496364355087,17.2472705841064,6.08070945739746,5.32095146179199,0.152004882693291,0.0454329736530781,0.0378837026655674,0.986607909202576
229.434829711914,-0.143810510635376,-0.0069318707101047,0.392455875873566,17.0792083740234,6.18322706222534,5.41590166091919,0.150631114840508,0.046269815415144,0.0386536009609699,0.986749827861786
229.968399047852,-0.144538089632988,-0.00665443064644933,0.391119867563248,16.9885559082031,6.13884878158569,5.55404329299927,0.149891301989555,0.045750193297863,0.0399489849805832,0.986835181713104
230.475540161133,-0.144349500536919,-0.00638823863118887,0.390972942113876,16.9260864257813,6.02110719680786,5.52243185043335,0.149300202727318,0.0448076948523521,0.0398628786206245,0.986971497535706
230.997955322266,-0.144499078392982,-0.00646267319098115,0.391333132982254,16.9403438568115,6.15138673782349,5.5160174369812,0.149465546011925,0.0459312237799168,0.0396303944289684,0.986904203891754
231.505294799805,-0.144704684615135,-0.00688997656106949,0.393034040927887,17.1044940948486,5.95687913894653,5.53902435302734,0.150819599628448,0.0441466234624386,0.0399984382092953,0.98676472902298
232.039688110352,-0.142395168542862,-0.00698644621297717,0.393750876188278,17.2035236358643,5.95389699935913,5.36746072769165,0.151604428887367,0.044300053268671,0.0384746044874191,0.98669821023941
232.548538208008,-0.139019414782524,-0.00695546390488744,0.391194432973862,17.2167530059814,6.31936931610107,4.99670839309692,0.151685908436775,0.0479314737021923,0.0347917415201664,0.986652672290802
233.058029174805,-0.137256667017937,-0.00607062503695488,0.388969987630844,16.9107475280762,6.21570491790771,4.97164678573608,0.149010509252548,0.04720788449049,0.0348733551800251,0.987092256546021
233.591323852539,-0.137737274169922,-0.00515818409621716,0.387298166751862,16.5144329071045,5.84582424163818,5.11595058441162,0.145539700984955,0.0440120697021484,0.0367940552532673,0.987687885761261
234.110198974609,-0.138119027018547,-0.00503044249489903,0.386196494102478,16.492603302002,6.45549774169922,5.0802698135376,0.145530089735985,0.0493215844035149,0.0357235558331013,0.987477719783783
234.650970458984,-0.138009160757065,-0.00531358504667878,0.388886660337448,16.6228809356689,6.2862720489502,5.05559206008911,0.146588727831841,0.0478360615670681,0.0356569215655327,0.987396597862244
235.179931640625,-0.141440823674202,-0.0042286105453968,0.387737095355988,16.0150508880615,5.68899631500244,5.52260732650757,0.141337394714355,0.04238186404109,0.0407417267560959,0.988214373588562
235.719802856445,-0.138822540640831,-0.00114840385504067,0.365893930196762,14.7592964172363,9.00621891021729,6.1216778755188,0.132021754980087,0.070914551615715,0.0427204482257366,0.987783551216125
236.2568359375,-0.124543689191341,-0.00308070657774806,0.372973561286926,15.784104347229,8.5278263092041,4.87511682510376,0.139935404062271,0.067756213247776,0.0318115241825581,0.987327396869659
236.779602050781,-0.124278947710991,-0.00419023027643561,0.377562135457993,14.9505224227905,8.56863975524902,5.72972965240479,0.133274510502815,0.0674941390752792,0.0397102944552898,0.987980544567108
237.30126953125,-0.125437498092651,-0.006445930339396,0.375297456979752,15.9346418380737,8.48360824584961,5.05594491958618,0.141324996948242,0.0670837089419365,0.0333194248378277,0.98712557554245
237.830902099609,-0.128551617264748,-0.00607346650213003,0.375880271196365,14.9944152832031,8.38259124755859,5.52911138534546,0.133472442626953,0.0661011934280396,0.0381665714085102,0.98810887336731
238.377014160156,-0.129111230373383,-0.00637627532705665,0.375789910554886,15.9303951263428,8.33380794525146,5.35983610153198,0.141418755054474,0.0654204189777374,0.0361249633133411,0.987125098705292
238.919219970703,-0.129728332161903,-0.00533463340252638,0.37375819683075,15.5828819274902,8.26120948791504,5.36815690994263,0.138409033417702,0.0649549663066864,0.0365217886865139,0.987567722797394
239.439819335938,-0.134931638836861,-0.00599277624860406,0.380016177892685,15.7492876052856,7.66321516036987,5.6626296043396,0.139802783727646,0.0593610033392906,0.0396763235330582,0.987601757049561
239.971420288086,-0.136828646063805,-0.00669285841286182,0.382573574781418,15.6923627853394,6.37233114242554,5.71994304656982,0.138880550861359,0.0481906346976757,0.0417736172676086,0.98825341463089
240.489105224609,-0.132808551192284,-0.00621724687516689,0.384167343378067,15.3432722091675,7.65413570404053,5.75409746170044,0.136350154876709,0.0593789033591747,0.0407337248325348,0.988040268421173
241.013580322266,-0.132429972290993,-0.00721001252532005,0.383127242326736,15.9421701431274,8.31843662261963,5.34868812561035,0.141508892178535,0.0652959868311882,0.0360398590564728,0.987123489379883
241.532104492188,-0.132602944970131,-0.00715947523713112,0.38217431306839,15.8764486312866,8.29509258270264,5.15115690231323,0.140823423862457,0.0653699040412903,0.0344116240739822,0.987274706363678
242.06005859375,-0.132025867700577,-0.00701383128762245,0.381382793188095,15.9245147705078,8.29928588867188,5.15043544769287,0.141238003969193,0.0653841197490692,0.0343676246702671,0.987216114997864
242.58251953125,-0.134667441248894,-0.0064033092930913,0.380800396203995,15.7883224487305,8.15720367431641,5.38862466812134,0.140156015753746,0.0639332234859467,0.036686148494482,0.987381875514984
243.123168945313,-0.136636152863503,-0.00634737918153405,0.381242990493774,15.8003759384155,7.96337127685547,5.54898500442505,0.140284538269043,0.0620608367025852,0.0382971093058586,0.987421929836273
243.646087646484,-0.136081680655479,-0.00658652652055025,0.382239878177643,15.9264678955078,7.76546430587769,5.46383142471313,0.141258895397186,0.0603974871337414,0.0377245545387268,0.987408220767975
244.16291809082,-0.136061668395996,-0.00630195531994104,0.381400585174561,15.9112892150879,7.92782354354858,5.44461679458618,0.141171187162399,0.0618276111781597,0.0373687446117401,0.98734575510025
244.712661743164,-0.136227056384087,-0.00642956700176001,0.381852746009827,15.9857797622681,8.03620052337646,5.43948268890381,0.141844809055328,0.0627309232950211,0.0371416509151459,0.987200796604156
245.250732421875,-0.134133115410805,-0.00497647002339363,0.381978213787079,15.2944402694702,9.10792827606201,6.47450590133667,0.136885210871696,0.0710752755403519,0.0452428460121155,0.986997425556183
245.801345825195,-0.135445922613144,-0.00333069451153278,0.36333155632019,14.6690492630005,9.03931713104248,6.58008909225464,0.131540969014168,0.0707237347960472,0.0467006154358387,0.987681210041046
246.339645385742,-0.138235956430435,-0.00774603988975286,0.366556882858276,16.4197006225586,8.11019992828369,7.10134887695313,0.146502807736397,0.0610351115465164,0.0510643944144249,0.986004114151001
246.866256713867,-0.14684571325779,-0.00687139108777046,0.368081420660019,15.5413866043091,8.53789043426514,9.14197063446045,0.14028263092041,0.0627746358513832,0.0687105655670166,0.985727667808533
247.380844116211,-0.143012672662735,-0.00696778064593673,0.36091223359108,15.714448928833,10.3986682891846,8.71626377105713,0.142570540308952,0.0791651383042336,0.0626147538423538,0.984624743461609
247.8974609375,-0.135804086923599,-0.00701379682868719,0.362572252750397,16.2530918121338,11.6565799713135,7.17440700531006,0.146643415093422,0.09153201431036,0.0472925268113613,0.983809471130371
248.420959472656,-0.126994669437408,-0.00913546048104763,0.376586049795151,16.8198089599609,10.5962018966675,4.3429799079895,0.148985728621483,0.0857611149549484,0.0238279607146978,0.984825134277344
248.934051513672,-0.115521147847176,-0.0111735025420785,0.382955282926559,18.6048221588135,13.504264831543,1.54165148735046,0.162070587277412,0.113858088850975,-0.00581958703696728,0.980171263217926
249.468811035156,-0.127850264310837,-0.00794576480984688,0.381499588489532,16.9207382202148,8.96164703369141,3.4173276424408,0.14891454577446,0.0728674158453941,0.0179136525839567,0.985998928546906
249.983139038086,-0.123172521591187,-0.0106781655922532,0.390509098768234,17.857629776001,9.44121932983398,3.23531818389893,0.156914159655571,0.0769007280468941,0.0150250382721424,0.984499156475067
250.50813293457,-0.118838101625443,-0.0117267081514001,0.390690743923187,17.8191165924072,10.0979042053223,2.22576332092285,0.155933827161789,0.0839322060346603,0.00548592209815979,0.984179854393005
251.039047241211,-0.119845144450665,-0.0119687719270587,0.38699334859848,18.0898971557617,10.4336719512939,1.22717356681824,0.157510682940483,0.088112860918045,-0.0037615280598402,0.983571231365204
251.554733276367,-0.127399310469627,-0.0101634422317147,0.387201309204102,17.3359756469727,9.76057720184326,2.17835688591003,0.151733666658401,0.0812328830361366,0.00590428849682212,0.985060036182404
252.079040527344,-0.128972202539444,-0.0113832214847207,0.392917543649673,17.8967761993408,9.48719882965088,2.20282459259033,0.156553536653519,0.078695610165596,0.00606241030618548,0.984510660171509
252.599166870117,-0.130003347992897,-0.0115799140185118,0.394048750400543,17.9500408172607,9.1858024597168,2.31035947799683,0.157065853476524,0.0759439617395401,0.00736000714823604,0.984636306762695
253.110382080078,-0.130730345845222,-0.0118998838588595,0.396374613046646,18.161958694458,9.01640605926514,2.30707168579102,0.158872604370117,0.074433371424675,0.00741457520052791,0.98446136713028
253.630859375,-0.131141573190689,-0.0122046712785959,0.397068470716476,18.3012599945068,8.94541549682617,2.36537480354309,0.16010157763958,0.0737029165029526,0.00791636016219854,0.984313368797302
254.174514770508,-0.129211738705635,-0.0121751883998513,0.396452456712723,18.3886833190918,9.13642501831055,2.19397854804993,0.16075211763382,0.0755588859319687,0.00611511059105396,0.984079420566559
254.709732055664,-0.130838647484779,-0.011470046825707,0.394575119018555,18.1373481750488,9.16866016387939,2.44543552398682,0.158762350678444,0.075556643307209,0.00840971432626247,0.98438560962677
255.242431640625,-0.132280111312866,-0.0115782069042325,0.395603269338608,18.2107601165771,9.18514156341553,2.55702233314514,0.159467443823814,0.0755214244127274,0.00929254945367575,0.984266400337219
255.795059204102,-0.121432974934578,-0.0089329918846488,0.394864797592163,17.3979187011719,14.3604793548584,3.81288695335388,0.154084011912346,0.11849282681942,0.0137334614992142,0.980830729007721
256.32275390625,-0.116297036409378,-0.00662492867559195,0.393867135047913,16.4366512298584,17.7976417541504,5.77511024475098,0.148758202791214,0.145792737603188,0.0271743647754192,0.977689683437347
256.901824951172,-0.0815217271447182,0.0129960123449564,0.379710346460342,10.9670820236206,20.6714706420898,4.58372974395752,0.101075977087021,0.174692496657372,0.0220297574996948,0.979173600673676
257.446319580078,-0.0695235803723335,0.0399393737316132,0.360970824956894,356.533905029297,25.7360057830811,2.10820055007935,-0.0253832172602415,0.223108559846878,0.0246603824198246,0.974150955677032
257.960906982422,-0.0694333538413048,0.039644580334425,0.361383676528931,356.599090576172,25.2550239562988,1.50583875179291,-0.0260825864970684,0.218877196311951,0.0193036366254091,0.975212693214417
258.476318359375,-0.0717609822750092,0.0382988527417183,0.358653575181961,357.362396240234,24.6497268676758,1.41261219978333,-0.0198527108877897,0.213658779859543,0.0169521328061819,0.976559579372406
258.994354248047,-0.0759335905313492,0.0369231402873993,0.357182413339615,357.607360839844,24.9656524658203,1.49384772777557,-0.0175658389925957,0.216347247362137,0.017237352207303,0.976006269454956
259.522003173828,-0.0755062103271484,0.0387630239129066,0.359618872404099,355.855682373047,27.8023738861084,2.28690576553345,-0.0303008202463388,0.240743681788445,0.0280437190085649,0.969710230827332
260.040130615234,-0.0792046636343002,0.0392633490264416,0.355890333652496,355.755645751953,28.3003768920898,2.43003344535828,-0.0307185593992472,0.245003268122673,0.0295975487679243,0.968583405017853
260.554107666016,-0.0877534747123718,0.0394377149641514,0.341264545917511,355.436828613281,30.8543109893799,3.45043134689331,-0.0303567033261061,0.266837000846863,0.0395837798714638,0.962449789047241
261.068298339844,-0.0954106524586678,0.0373445637524128,0.338278979063034,356.290191650391,29.7738952636719,4.22603511810303,-0.0217931140214205,0.257756799459457,0.0439247116446495,0.964964866638184
261.588775634766,-0.094800777733326,0.0373247638344765,0.349316269159317,356.306488037109,28.4816513061523,4.24366760253906,-0.0221113190054893,0.246858239173889,0.0437902919948101,0.96780914068222
262.116088867188,-0.0975558161735535,0.0391152240335941,0.35562127828598,354.903503417969,26.7958717346191,5.0062084197998,-0.0330997332930565,0.233151763677597,0.0527351945638657,0.970445096492767
262.630798339844,-0.094602607190609,0.0384075604379177,0.358584374189377,354.927307128906,25.892786026001,4.7780122756958,-0.0337611809372902,0.225423067808151,0.0504903979599476,0.972365856170654
263.161163330078,-0.0913417190313339,0.0355466492474079,0.353474915027618,356.9638671875,26.0420780181885,3.8172287940979,-0.0182951577007771,0.225964426994324,0.0384032614529133,0.973206341266632
263.672180175781,-0.0941152796149254,0.0330941118299961,0.354421764612198,358.427490234375,26.9401016235352,4.94452285766602,-0.00328532769344747,0.233273983001709,0.0451386086642742,0.97135728597641
264.203735351563,-0.100489363074303,0.0334588959813118,0.349040299654007,358.199798583984,25.9763088226318,6.10172462463379,-0.00332511565648019,0.225218072533607,0.0553799979388714,0.972727537155151
264.719299316406,-0.105722852051258,0.0305605344474316,0.351271510124207,0.160837829113007,25.3002777099609,6.9588303565979,0.0146578904241323,0.218510165810585,0.0589098483324051,0.97394460439682
265.241760253906,-0.108289495110512,0.0239871982485056,0.357815325260162,3.433269739151,24.4938945770264,7.54132461547852,0.0431550890207291,0.209646224975586,0.0578967593610287,0.975107252597809
265.764953613281,-0.10594268143177,0.0237741786986589,0.362438499927521,3.47595834732056,24.8546600341797,7.50344514846802,0.04362952709198,0.212703168392181,0.057357806712389,0.974455714225769
266.280914306641,-0.107193060219288,0.0299208331853151,0.359127074480057,0.400199741125107,24.6494369506836,7.69892597198486,0.0177342742681503,0.21273997426033,0.0648438706994057,0.974793553352356
266.801727294922,-0.109317973256111,0.0375428199768066,0.354331493377686,356.421478271484,23.9318809509277,7.42120552062988,-0.0170696824789047,0.208771482110023,0.0697398632764816,0.975325345993042
267.341003417969,-0.109119229018688,0.0386224426329136,0.356293678283691,356.068328857422,23.7070293426514,7.09065532684326,-0.0208132397383451,0.206972509622574,0.0675167515873909,0.975792348384857
267.864013671875,-0.110028341412544,0.0332833826541901,0.36006161570549,359.2646484375,23.9352951049805,7.26314306259155,0.00686905719339848,0.207336321473122,0.0632904097437859,0.976196110248566
268.405487060547,-0.116694085299969,0.0325015857815742,0.365723103284836,359.380004882813,18.1732196807861,6.21273279190063,0.00322326016612351,0.157982468605042,0.0543621368706226,0.985939145088196
268.942474365234,-0.116317123174667,0.0349004901945591,0.364420980215073,358.178100585938,17.9461841583252,5.02589654922485,-0.00885115191340446,0.156489446759224,0.0457804128527641,0.986578404903412
269.465972900391,-0.116276405751705,0.0323323607444763,0.36330384016037,359.629058837891,18.4618263244629,4.86635637283325,0.00361805432476103,0.160403922200203,0.0424229763448238,0.986132740974426
269.983245849609,-0.113035917282104,0.0281775668263435,0.367339968681335,1.46103763580322,20.1087951660156,5.20012283325195,0.0204600393772125,0.173819705843925,0.0424401685595512,0.983649849891663
270.501312255859,-0.103620052337646,0.0238274522125721,0.37141814827919,3.67545413970947,22.4136962890625,4.38245534896851,0.0388615690171719,0.192906826734543,0.0312583781778812,0.979948818683624
271.038024902344,-0.10218895226717,0.0351643301546574,0.365365236997604,357.251190185547,20.6041393280029,3.99718165397644,-0.017349423840642,0.179500550031662,0.0385897383093834,0.982847571372986
271.558074951172,-0.116819426417351,0.0307905152440071,0.367892235517502,0.0888936147093773,12.7932453155518,3.9079270362854,0.00456916587427258,0.11131925880909,0.0337978340685368,0.993199348449707
272.069427490234,-0.115298584103584,0.0340003818273544,0.360243827104568,357.651763916016,20.255744934082,5.36869812011719,-0.0119154853746295,0.176560506224632,0.0496933832764626,0.982962369918823
272.592041015625,-0.115399815142155,0.0234483797103167,0.349541842937469,5.14683389663696,24.2705192565918,4.73680782318115,0.052537202835083,0.208014860749245,0.0309297721832991,0.976223886013031
273.126617431641,-0.12039940059185,0.0228650812059641,0.366824954748154,5.10594367980957,15.5424642562866,3.76612234115601,0.0485489144921303,0.133560702204704,0.0265058260411024,0.989495813846588
273.640197753906,-0.121726542711258,0.00270611373707652,0.382645308971405,15.1575403213501,7.65465354919434,3.30494284629822,0.133448287844658,0.0623443648219109,0.0197215024381876,0.988896250724792
274.155639648438,-0.10919351875782,-0.00891129206866026,0.391402810811996,19.0696620941162,10.7921619415283,2.26769709587097,0.166715934872627,0.0894595831632614,0.00385380489751697,0.981930732727051
274.686279296875,-0.109623983502388,-0.00199336907826364,0.384154081344604,15.5116415023804,12.9281911849976,2.61993765830994,0.136608794331551,0.108456000685692,0.00731918215751648,0.98464298248291
275.211944580078,-0.10598886013031,-0.000826876028440893,0.380829930305481,14.6288909912109,14.3551235198975,1.92067098617554,0.128376320004463,0.121793426573277,0.000588515831623226,0.984218239784241
275.7373046875,-0.103221423923969,0.00592205161228776,0.374160796403885,12.276141166687,18.3800487518311,3.07221078872681,0.109771095216274,0.15590712428093,0.00924034882336855,0.981609880924225
276.262908935547,-0.0954993218183517,0.015860665589571,0.373345375061035,7.22620105743408,25.1707210540771,4.63659477233887,0.0702506601810455,0.214794903993607,0.0256803259253502,0.9737908244133
276.782440185547,-0.0962520912289619,0.0152775272727013,0.376500278711319,7.33734607696533,24.7881202697754,4.98986864089966,0.0717603042721748,0.211270719766617,0.0287087149918079,0.974366962909698
277.298400878906,-0.104060396552086,0.0128259882330894,0.374280691146851,8.60921287536621,19.7158546447754,3.65867280960083,0.0793628841638565,0.168275028467178,0.0185185130685568,0.982365608215332
277.815643310547,-0.103340476751328,0.01411740668118,0.371812582015991,7.74778652191162,21.3981952667236,4.03095293045044,0.0728594586253166,0.182777628302574,0.0219441317021847,0.980205237865448
278.348449707031,-0.103842698037624,0.0138704106211662,0.374195367097855,7.8419189453125,21.2497386932373,4.12708044052124,0.0737878158688545,0.181407108902931,0.0227079745382071,0.980372965335846
278.855224609375,-0.104014202952385,0.0141464676707983,0.373246967792511,7.81840324401855,21.2242870330811,4.14297485351563,0.0736068934202194,0.181188970804214,0.0228985268622637,0.980422496795654
279.379974365234,-0.109165407717228,0.0144381038844585,0.371793627738953,7.64416694641113,20.9300804138184,4.52795457839966,0.0726578012108803,0.178500637412071,0.0266619734466076,0.980891168117523
279.898468017578,-0.112749814987183,0.011383923701942,0.374511539936066,9.27086734771729,18.4541187286377,4.07661008834839,0.0854036957025528,0.156884536147118,0.0220422502607107,0.983670473098755
280.428192138672,-0.109326377511024,0.0122173614799976,0.374991565942764,8.90518951416016,19.4872894287109,4.08270740509033,0.0824760720133781,0.165896818041801,0.0218705162405968,0.982444703578949
280.943817138672,-0.107424229383469,0.0116620929911733,0.374907672405243,9.17467212677002,20.2310848236084,3.98737215995789,0.0847783386707306,0.172226026654243,0.0201004315167665,0.981196641921997
281.460876464844,-0.108409367501736,0.0113661112263799,0.37326779961586,9.33011913299561,19.650447845459,3.80852937698364,0.0857451930642128,0.167321115732193,0.0187628380954266,0.981987476348877
281.984802246094,-0.106245249509811,0.0110485078766942,0.371018290519714,9.35522270202637,20.1048889160156,3.44992661476135,0.0854975059628487,0.171472236514091,0.0153130125254393,0.981352627277374
282.513214111328,-0.10590498149395,0.0105268005281687,0.371209651231766,9.63759899139404,19.9271278381348,3.27147746086121,0.0876256003975868,0.169978275895119,0.013486510142684,0.981451630592346
283.022338867188,-0.103721424937248,0.0107960207387805,0.371427148580551,9.58841609954834,20.1142101287842,3.1651816368103,0.0870675146579742,0.171679496765137,0.0125089241191745,0.981218099594116
283.555816650391,-0.103521302342415,0.0112190954387188,0.369398027658463,9.39145851135254,20.2740650177002,3.12315011024475,0.0853365585207939,0.173151031136513,0.0123328110203147,0.981113851070404
284.079895019531,-0.105638459324837,0.0115423062816262,0.368436902761459,9.25285816192627,20.3468952178955,3.2733428478241,0.0843864902853966,0.17371378839016,0.0137799484655261,0.981077253818512
284.584259033203,-0.106028720736504,0.0114793302491307,0.370270699262619,9.29687404632568,20.2985305786133,3.3699939250946,0.0849033445119858,0.173211917281151,0.0145747633650899,0.981109917163849
285.106994628906,-0.105179570615292,0.0115672256797552,0.370852440595627,9.36850738525391,20.1590995788574,3.26667404174805,0.0853433385491371,0.172068074345589,0.0136828348040581,0.981285810470581
285.618927001953,-0.107236176729202,0.0115930018946528,0.369318306446075,9.10321807861328,19.9845066070557,3.40604686737061,0.0832591950893402,0.170568779110909,0.015412325039506,0.981700897216797
286.140014648438,-0.112318083643913,0.00134453107602894,0.371464282274246,14.6448192596436,18.484806060791,3.86978960037231,0.131104826927185,0.154963597655296,0.0125950546935201,0.979101181030273
286.655151367188,-0.100556537508965,0.0215044729411602,0.363513708114624,4.17722511291504,23.5335788726807,2.52389883995056,0.0401587896049023,0.202957957983017,0.0141158662736416,0.978261768817902
287.173248291016,-0.102460145950317,0.0198580306023359,0.371474772691727,4.93348503112793,23.1678237915039,2.51548647880554,0.04655621945858,0.199642986059189,0.0128426179289818,0.978677809238434
287.684936523438,-0.105979584157467,0.0197553634643555,0.372531235218048,4.85157251358032,22.874719619751,2.6162850856781,0.0459969416260719,0.19712008535862,0.0139652425423265,0.979200184345245
288.196868896484,-0.106837391853333,0.0196078065782785,0.371206134557724,4.83748388290405,22.8098964691162,2.57459330558777,0.0457971543073654,0.196586579084396,0.0136593552306294,0.979321122169495
288.720367431641,-0.108873374760151,0.0197789594531059,0.370471626520157,4.85195112228394,22.4236850738525,2.6301531791687,0.0459682382643223,0.193258747458458,0.0142641318961978,0.979966580867767
289.233306884766,-0.110406436026096,0.0193880535662174,0.37156480550766,5.05256652832031,22.1375846862793,2.73577213287354,0.0478240251541138,0.190713554620743,0.0149450534954667,0.980366230010986
289.743591308594,-0.110417552292347,0.0192219559103251,0.372357100248337,5.2372088432312,21.777193069458,2.65701961517334,0.0492277927696705,0.187611848115921,0.0141155840829015,0.980907320976257
290.254577636719,-0.110886186361313,0.0191719494760036,0.373034745454788,5.29129648208618,21.649450302124,2.6376371383667,0.049643374979496,0.186511844396591,0.0139154866337776,0.981099009513855
290.780883789063,-0.110807977616787,0.0187423322349787,0.373250275850296,5.35015201568604,21.9424419403076,2.60379242897034,0.0501264147460461,0.189018428325653,0.0134007353335619,0.980601787567139
291.292358398438,-0.110066950321198,0.018836310133338,0.372965842485428,5.34149503707886,21.9173374176025,2.526611328125,0.0499222427606583,0.188839614391327,0.0127656357362866,0.980655133724213
291.807495117188,-0.109625555574894,0.0199615471065044,0.37278139591217,4.82199001312256,21.9081974029541,2.50960469245911,0.0454485528171062,0.188904345035553,0.0134888179600239,0.980850458145142
292.333190917969,-0.110313296318054,0.0197042226791382,0.37000036239624,4.97618198394775,21.9698925018311,2.34950661659241,0.0465103164315224,0.189457699656487,0.0118368389084935,0.980715274810791
292.876983642578,-0.108355984091759,0.0194205194711685,0.371013343334198,5.18134593963623,21.6263542175293,2.14658451080322,0.0479005612432957,0.186550974845886,0.0099015636369586,0.981226921081543
293.407348632813,-0.109217599034309,0.0194425769150257,0.370144426822662,5.22606182098389,21.7468929290771,2.15167760848999,0.0483019724488258,0.187570348381996,0.00982092600315809,0.981013655662537
293.911041259766,-0.109261251986027,0.0196483545005322,0.368637681007385,5.18888235092163,21.6754169464111,2.08611845970154,0.0478706359863281,0.186994567513466,0.00935093220323324,0.981149315834045
294.443115234375,-0.107681825757027,0.0192697755992413,0.370125204324722,5.28211641311646,21.6023807525635,1.80738353729248,0.0482093505561352,0.186465501785278,0.00684168562293053,0.981254100799561
294.968566894531,-0.107520885765553,0.0197744313627481,0.36717900633812,5.15563869476318,21.7640495300293,1.74218165874481,0.0470295809209347,0.187903061509132,0.0064243646338582,0.981039941310883
295.494232177734,-0.109026446938515,0.0193961169570684,0.370599299669266,5.14913988113403,21.6617412567139,1.96978735923767,0.0473395884037018,0.186934784054756,0.00842593237757683,0.981194913387299
295.998046875,-0.10532720386982,0.0172890201210976,0.376998066902161,6.15937232971191,22.3953590393066,1.90696132183075,0.0559215769171715,0.193010315299034,0.00586862629279494,0.979584276676178
296.527984619141,-0.102833285927773,0.0161423664540052,0.36653944849968,6.52195453643799,22.8361186981201,1.84843599796295,0.0589390248060226,0.196720689535141,0.00452545285224915,0.978676021099091
297.044158935547,-0.103155747056007,0.0174545273184776,0.358192056417465,6.09227800369263,22.4034118652344,0.827625393867493,0.0535274557769299,0.193607524037361,-0.00324818724766374,0.979612350463867
297.546783447266,-0.108983166515827,0.0164338424801826,0.368242353200912,6.63596248626709,21.7846908569336,1.03351533412933,0.05853371322155,0.188127234578133,-0.00209463434293866,0.980396687984467
298.079772949219,-0.108624152839184,0.0151513554155827,0.372809737920761,7.04363775253296,21.9343872070313,1.3409538269043,0.0625246092677116,0.189168930053711,-0.000219459165236913,0.979951918125153
298.606201171875,-0.106503248214722,0.0153182884678245,0.370431244373322,7.02266645431519,21.8373432159424,1.0790923833847,0.0619148947298527,0.18848517537117,-0.00237152795307338,0.980119526386261
299.150939941406,-0.105057314038277,0.0149608412757516,0.370774179697037,7.23354768753052,21.9798469543457,0.853143692016602,0.0633405521512032,0.189790338277817,-0.00473159970715642,0.979767918586731
299.740173339844,-0.104184731841087,0.0147173795849085,0.371073871850967,7.21983861923218,22.2312927246094,0.71681672334671,0.0629844889044762,0.192017167806625,-0.00601261761039495,0.979349911212921
300.254089355469,-0.104063883423805,0.0152485948055983,0.367611587047577,7.02631425857544,22.5589427947998,0.626504480838776,0.061160609126091,0.194895759224892,-0.00663384981453419,0.978892743587494
300.770568847656,-0.105323031544685,0.0157401543110609,0.365441501140594,6.85715389251709,23.0560436248779,0.656072676181793,0.0597389973700047,0.199150681495667,-0.00635176617652178,0.978125691413879
301.278167724609,-0.10478213429451,0.0133972084149718,0.373775780200958,7.87025785446167,25.2357349395752,1.51729774475098,0.0698492154479027,0.217026740312576,-0.00209978618659079,0.973661184310913
301.789276123047,-0.102628223598003,0.0117328073829412,0.369970470666885,8.63168907165527,25.6386070251465,1.14675509929657,0.0755891352891922,0.220502465963364,-0.00696634734049439,0.972428143024445
302.304077148438,-0.103142350912094,0.0107315452769399,0.37066438794136,8.82098579406738,25.2742729187012,1.17782270908356,0.0772767066955566,0.217345103621483,-0.00682374928146601,0.973007142543793
302.834655761719,-0.101914614439011,0.0101167485117912,0.368644863367081,9.04490184783936,24.7666454315186,0.955309629440308,0.0787947997450829,0.213133871555328,-0.00879156775772572,0.973800837993622
303.350311279297,-0.105142399668694,0.0115446886047721,0.365672498941422,8.49896812438965,23.6750144958496,1.02526104450226,0.0743510723114014,0.203915789723396,-0.00646730465814471,0.976139545440674
303.875762939453,-0.104725055396557,0.011727886274457,0.364805459976196,8.52593994140625,23.7138290405273,1.13100743293762,0.0747669860720634,0.204171881079674,-0.00564014911651611,0.976059436798096
304.392272949219,-0.105122722685337,0.0117016676813364,0.364339679479599,8.47524547576904,23.6994285583496,1.1865006685257,0.0744348168373108,0.204024165868759,-0.00506714358925819,0.976118803024292
304.915100097656,-0.104299157857895,0.0110995108261704,0.366800576448441,8.66349697113037,23.8642292022705,1.06996083259583,0.0758209973573685,0.205463021993637,-0.00650640809908509,0.975701749324799
305.420806884766,-0.103786453604698,0.0104283839464188,0.370874047279358,9.01387214660645,23.9440898895264,1.13455891609192,0.0789142176508904,0.206021785736084,-0.00664391880854964,0.975337624549866
305.947387695313,-0.103491544723511,0.010127947665751,0.370412021875381,9.11741733551025,24.1881370544434,1.15273773670197,0.0798134878277779,0.208062157034874,-0.00684673059731722,0.974829792976379
306.462951660156,-0.102637141942978,0.0102148298174143,0.367580324411392,9.06668376922607,24.0589733123779,0.9785196185112,0.0790748372673988,0.207095354795456,-0.00814691372215748,0.97508579492569
306.977233886719,-0.101920463144779,0.0103977546095848,0.365841120481491,9.05043029785156,24.3700351715088,0.871887862682343,0.0787190273404121,0.209818363189697,-0.00923842657357454,0.974522590637207
307.516967773438,-0.10385923832655,0.0102561507374048,0.367572724819183,9.12197971343994,24.7087497711182,1.10399544239044,0.0797299295663834,0.212521731853485,-0.00763203436508775,0.973868310451508
308.039886474609,-0.103991255164146,0.00958900339901447,0.369421571493149,9.43825054168701,24.4382476806641,1.06625080108643,0.0823665335774422,0.210176214575768,-0.0083489865064621,0.974151968955994
308.547210693359,-0.104137971997261,0.008299570530653,0.369923651218414,9.90071487426758,24.4077568054199,1.12247705459595,0.0864013731479645,0.209766179323196,-0.00870236475020647,0.97388768196106
309.079223632813,-0.109483748674393,0.00840214639902115,0.368912249803543,9.66726589202881,24.3077583312988,1.68417060375214,0.085448369383812,0.208555921912193,-0.0034224740229547,0.97426450252533
309.584503173828,-0.109119951725006,0.00867069140076637,0.369256108999252,9.70893478393555,23.6365127563477,1.45269155502319,0.0854115709662437,0.203006818890572,-0.00496694073081017,0.975432455539703
310.095428466797,-0.105022877454758,0.0132422847673297,0.366904824972153,8.28859424591064,20.6183567047119,359.990417480469,0.0710869804024696,0.178497821092606,-0.0130151938647032,0.981282711029053
310.652984619141,-0.109843954443932,0.0113707482814789,0.378072053194046,8.85286426544189,20.6861171722412,0.760253310203552,0.0771107897162437,0.178498387336731,-0.00734939239919186,0.980886459350586
311.158203125,-0.110683292150497,0.0107492972165346,0.377418518066406,8.99614334106445,20.5767593383789,0.812231183052063,0.0784246474504471,0.177501171827316,-0.00705410959199071,0.980965435504913
311.673980712891,-0.112200297415257,0.0103631550446153,0.379469156265259,9.2670783996582,19.9116096496582,0.958570182323456,0.0810046270489693,0.171651870012283,-0.00575374532490969,0.98180490732193
312.216339111328,-0.110712230205536,0.00828675832599401,0.38412219285965,10.1798553466797,20.2520866394043,1.65685772895813,0.0898600593209267,0.17383985221386,-0.00141949148382992,0.980664551258087
312.800933837891,-0.109488420188427,0.00884102657437325,0.376124858856201,9.79811954498291,21.2969341278076,1.37590897083282,0.0861344039440155,0.183086708188057,-0.00402250466868281,0.979307949542999
313.337463378906,-0.114515155553818,0.00854421965777874,0.377122789621353,9.75113773345947,21.0042858123779,1.78835821151733,0.0863923132419586,0.180286481976509,-0.000201022179680876,0.979812800884247
313.924133300781,-0.114444181323051,0.00814125407487154,0.381170451641083,9.9341402053833,20.8613948822021,1.96754610538483,0.0882365554571152,0.178877621889114,0.00114886031951755,0.979906022548676
314.444854736328,-0.114101059734821,0.00812605489045382,0.380051821470261,9.91549587249756,21.0757484436035,1.92603588104248,0.0880137905478477,0.180747523903847,0.000658831791952252,0.979583382606506
314.965972900391,-0.111696362495422,0.00799503829330206,0.378782004117966,9.97464752197266,21.7642936706543,1.59538853168488,0.0879821330308914,0.186867907643318,-0.00279105664230883,0.978433310985565
315.497863769531,-0.110510468482971,0.00831461790949106,0.378946959972382,9.97478485107422,21.5109882354736,1.51434230804443,0.0878585949540138,0.184766784310341,-0.00328908604569733,0.978841781616211
316.019653320313,-0.112228028476238,0.00888346880674362,0.377283453941345,9.650390625,21.6474285125732,1.69228863716125,0.0853738859295845,0.185881868004799,-0.00134090438950807,0.978855192661285
316.553283691406,-0.112767800688744,0.00933673325926065,0.375905305147171,9.44439792633057,22.060001373291,1.67687332630157,0.08358533680439,0.18947072327137,-0.00143501488491893,0.978321194648743
317.080352783203,-0.111267641186714,0.00911287311464548,0.376321405172348,9.58670234680176,22.1047515869141,1.57309687137604,0.0846270248293877,0.189891949295998,-0.00259219156578183,0.978147506713867
317.595855712891,-0.110152654349804,0.00861513800919056,0.376581013202667,9.78963375091553,22.3381099700928,1.4524827003479,0.0861502066254616,0.191921547055244,-0.00413730507716537,0.977613031864166
318.106323242188,-0.110883802175522,0.00871899724006653,0.374341458082199,9.70521259307861,22.040563583374,1.43919694423676,0.0854183956980705,0.18941342830658,-0.00388591806404293,0.978167235851288
318.636016845703,-0.111563801765442,0.00831811409443617,0.373765259981155,9.78234577178955,22.354211807251,1.50697720050812,0.086178794503212,0.192019775509834,-0.00367216300219297,0.977593004703522
319.157379150391,-0.111166730523109,0.0085053825750947,0.37495619058609,9.84201812744141,22.267505645752,1.46907389163971,0.0866272076964378,0.19129341840744,-0.0040311012417078,0.977694392204285
319.670166015625,-0.111095175147057,0.00883719511330128,0.374148577451706,9.75426959991455,21.616792678833,1.26135528087616,0.0855626240372658,0.185915768146515,-0.00516953552141786,0.978819608688354
320.201721191406,-0.11211221665144,0.0109099857509136,0.368539363145828,8.87673473358154,21.8252696990967,0.698333382606506,0.0771360993385315,0.188277691602707,-0.00868402607738972,0.979043483734131
320.728912353516,-0.108120061457157,0.0111260758712888,0.381715178489685,8.52847385406494,22.0587749481201,0.842513620853424,0.0743835717439651,0.190241083502769,-0.00702842278406024,0.978890240192413
321.261657714844,-0.108226947486401,0.00958930794149637,0.388880223035812,9.32310390472412,21.0321769714355,0.958812773227692,0.0814239159226418,0.181232959032059,-0.00663276994600892,0.980041265487671
321.776611328125,-0.10817688703537,0.0095549188554287,0.385493457317352,9.22559070587158,21.3798885345459,0.751095414161682,0.0802360102534294,0.184371396899223,-0.00849751569330692,0.979539275169373
322.308685302734,-0.109592005610466,0.00950597692281008,0.38452935218811,9.18681812286377,21.2248802185059,0.808674693107605,0.0800079554319382,0.183013185858727,-0.00783435627818108,0.979818105697632
322.830627441406,-0.111861348152161,0.00973748229444027,0.383644074201584,9.1815299987793,20.9713172912598,0.992553949356079,0.0802699625492096,0.180717065930367,-0.00607597827911377,0.980235278606415
323.337249755859,-0.110775619745255,0.00786446593701839,0.389183610677719,10.0224761962891,21.5587062835693,1.20970940589905,0.087771825492382,0.185396209359169,-0.00600554095581174,0.978717684745789
323.854766845703,-0.105884566903114,0.00741505762562156,0.381453931331635,10.2524909973145,22.6161327362061,0.675499677658081,0.0887657254934311,0.19478003680706,-0.0117626693099737,0.976751267910004
324.371795654297,-0.105029247701168,0.00818394962698221,0.381194472312927,9.96308422088623,23.1126575469971,0.631074368953705,0.0861723124980927,0.199102967977524,-0.0120203448459506,0.976108551025391
324.895111083984,-0.102316319942474,0.00804221630096436,0.379802495241165,10.0626068115234,23.2109775543213,0.329040050506592,0.0864821299910545,0.200149118900299,-0.0148408189415932,0.975828349590302
325.4951171875,-0.107788182795048,0.00928202457726002,0.370773166418076,9.38461780548096,23.263500213623,0.599950850009918,0.0811757072806358,0.200522691011429,-0.011382469907403,0.976253867149353
326.016540527344,-0.11804998666048,0.00717493006959558,0.373903810977936,10.5079536437988,18.686695098877,0.591063261032104,0.0911885499954224,0.161200076341629,-0.00979818031191826,0.982651114463806
326.528564453125,-0.117746874690056,0.00485076662153006,0.391749918460846,11.3951835632324,18.2274131774902,0.970685124397278,0.0993562042713165,0.156775787472725,-0.00740202190354466,0.982596039772034
327.041412353516,-0.114523686468601,0.00476851221174002,0.397097319364548,11.5050859451294,17.8463001251221,1.03456604480743,0.100408405065536,0.153428196907043,-0.00667235348373652,0.983022630214691
327.555999755859,-0.11833330988884,0.00505981827154756,0.39453586935997,11.3129329681396,17.8957633972168,1.31147432327271,0.0991291627287865,0.153654202818871,-0.00407899403944612,0.983131289482117
328.071624755859,-0.121545135974884,0.00557431159541011,0.391388148069382,10.9831285476685,18.0556659698486,1.53047013282776,0.0965913087129593,0.154917865991592,-0.00188573671039194,0.983192265033722
328.591247558594,-0.119423128664494,0.00550910364836454,0.392286539077759,11.1112957000732,18.2824249267578,1.4631564617157,0.0975940600037575,0.156888708472252,-0.00283244671300054,0.982778370380402
329.169616699219,-0.116975024342537,0.00535004585981369,0.392278879880905,11.2778177261353,18.9031028747559,1.16108524799347,0.0985756665468216,0.162428438663483,-0.00618829019367695,0.981764495372772
329.692413330078,-0.1171860024333,0.00525217084214091,0.3914495408535,11.1495475769043,19.1469764709473,1.07841610908508,0.097345270216465,0.16461706161499,-0.00691979750990868,0.981517851352692
330.277862548828,-0.121814757585526,0.00449302792549133,0.396236777305603,11.5054616928101,19.2543315887451,1.48458170890808,0.100971199572086,0.165099740028381,-0.00405331235378981,0.981086373329163
330.778289794922,-0.113494798541069,0.00280670681968331,0.395113199949265,12.2484312057495,21.0961627960205,1.22312140464783,0.106818303465843,0.180886015295982,-0.00909528601914644,0.97764378786087
331.282928466797,-0.110389821231365,0.0029685168992728,0.394383013248444,12.1165943145752,21.3689212799072,1.0331619977951,0.105368576943874,0.183422103524208,-0.0107562616467476,0.977311670780182
331.817565917969,-0.111509285867214,0.00272448710165918,0.397126585245132,12.2220096588135,21.4381103515625,1.10909140110016,0.106382519006729,0.183915480971336,-0.0103434296324849,0.977113544940948
332.342651367188,-0.112403519451618,0.0031495257280767,0.395343273878098,12.0324478149414,21.5572853088379,1.19736707210541,0.104898609220982,0.184899151325226,-0.00939207524061203,0.977097928524017
332.855743408203,-0.111335195600986,0.00336162769235671,0.393677085638046,12.0061950683594,21.7890014648438,1.06204152107239,0.104434952139854,0.187004908919334,-0.0107143335044384,0.976733207702637
333.391174316406,-0.112116798758507,0.00345531711354852,0.393818467855453,12.0008888244629,21.8000907897949,1.08485841751099,0.104425959289074,0.187079966068268,-0.0105212079361081,0.976721882820129
333.973693847656,-0.112007774412632,0.00346399424597621,0.392088413238525,11.9007759094238,21.8573551177979,1.02288436889648,0.103466279804707,0.187649339437485,-0.010936051607132,0.976710259914398
334.480133056641,-0.111409746110439,0.00366312824189663,0.391103118658066,11.8492765426636,21.954719543457,0.853220283985138,0.102739028632641,0.188644245266914,-0.012384369969368,0.976578056812286
334.997924804688,-0.110608600080013,0.00350352399982512,0.391990512609482,11.9897918701172,22.0323963165283,0.750334143638611,0.103757537901402,0.189366161823273,-0.0135645708069205,0.976314961910248
335.505676269531,-0.110514089465141,0.00297737075015903,0.393477380275726,12.195629119873,22.1987228393555,0.753466963768005,0.105495549738407,0.190732270479202,-0.014033567160368,0.975856006145477
336.048004150391,-0.111008331179619,0.00285435002297163,0.393299251794815,12.2100715637207,22.2051887512207,0.704732000827789,0.105536557734013,0.190828859806061,-0.0144787505269051,0.97582620382309
336.559661865234,-0.110792674124241,0.00274014216847718,0.392806261777878,12.1863203048706,22.1026725769043,0.650343954563141,0.1052570566535,0.190011233091354,-0.0148079348728061,0.976010978221893
337.151641845703,-0.110654219985008,0.0035751226823777,0.391777276992798,11.9916143417358,22.1999549865723,0.736109375953674,0.103729426860809,0.190806001424789,-0.0138404881581664,0.976033687591553
337.654846191406,-0.112654484808445,0.00333753111772239,0.39306452870369,11.9001703262329,21.9897537231445,0.87902295589447,0.103211343288422,0.188907563686371,-0.0122804902493954,0.976478636264801
338.170013427734,-0.116018988192081,0.00385917583480477,0.391874462366104,11.5398502349854,21.8380165100098,1.10182154178619,0.100521497428417,0.187503680586815,-0.00964924972504377,0.977059185504913
338.683013916016,-0.116021193563938,0.00386031251400709,0.390813618898392,11.689998626709,21.3528499603271,0.853785514831543,0.101445093750954,0.183548405766487,-0.0115825766697526,0.977693617343903
339.191589355469,-0.113226443529129,0.00852483138442039,0.38256111741066,9.53084182739258,21.9797649383545,0.446460753679276,0.0822924226522446,0.189657479524612,-0.0120257856324315,0.978321731090546
339.713958740234,-0.117615804076195,0.0048197079449892,0.394793063402176,11.2455244064331,20.9844493865967,0.85421746969223,0.0976882874965668,0.180502712726593,-0.0105470726266503,0.978654444217682
340.219116210938,-0.119722716510296,0.00449706008657813,0.397509753704071,11.2187223434448,20.5791282653809,0.929405093193054,0.0976121351122856,0.176981806755066,-0.00951716955751181,0.979315459728241
340.732879638672,-0.120157241821289,0.00535891624167562,0.393972009420395,10.8490467071533,20.5247230529785,0.888537883758545,0.0943944975733757,0.176631391048431,-0.00924568995833397,0.979696691036224
341.246368408203,-0.119686737656593,0.00548518449068069,0.393818408250809,10.7926177978516,21.0118446350098,0.965258896350861,0.0939934253692627,0.180743709206581,-0.00890167988836765,0.978988111019135
341.786712646484,-0.12042324244976,0.00499747600406408,0.394999563694,10.9242725372314,20.9890422821045,1.08747684955597,0.0953120812773705,0.180418074131012,-0.00804811716079712,0.978928089141846
342.293487548828,-0.120369963347912,0.00471576722338796,0.394699484109879,10.985577583313,21.0034198760986,0.980014562606812,0.0956652536988258,0.180616408586502,-0.00907556619495153,0.978848099708557
342.879302978516,-0.118286848068237,0.00358239118941128,0.40555414557457,11.6951999664307,19.5712985992432,0.751292169094086,0.101506792008877,0.168416380882263,-0.0108886938542128,0.980415105819702
343.383819580078,-0.102160535752773,0.000305519701214507,0.399292707443237,13.3357534408569,22.6906852722168,0.123684212565422,0.114055760204792,0.195268481969833,-0.0217910557985306,0.973851501941681
343.8994140625,-0.101081095635891,0.00206026760861278,0.393780559301376,12.6279554367065,23.5988750457764,359.839752197266,0.107368595898151,0.203396394848824,-0.0238492731004953,0.972899317741394
344.403564453125,-0.102771952748299,0.00189397973008454,0.39519864320755,12.6002054214478,23.4234924316406,0.0814986824989319,0.107594974339008,0.201685681939125,-0.0215829070657492,0.973283350467682
344.924835205078,-0.103670589625835,0.00240040081553161,0.393321990966797,12.4053916931152,23.5227012634277,0.0542464032769203,0.105873629450798,0.202592313289642,-0.0215629171580076,0.973284244537354
345.437927246094,-0.103658445179462,0.0022602875251323,0.393202930688858,12.3391494750977,23.4931011199951,0.0161514803767204,0.105249255895615,0.202388852834702,-0.0217421371489763,0.973390281200409
345.957275390625,-0.103653512895107,0.00256639020517468,0.394552618265152,12.2657918930054,23.3356685638428,359.967437744141,0.104570224881172,0.201109811663628,-0.0218827035278082,0.973725378513336
346.4697265625,-0.104031749069691,0.00243219803087413,0.394317001104355,12.3084163665771,23.4679908752441,0.00823219772428274,0.104978956282139,0.202188685536385,-0.0217321123927832,0.973461270332336
347.007629394531,-0.105736516416073,0.00266942521557212,0.392895251512527,12.1317415237427,23.376049041748,0.0913015305995941,0.103641137480736,0.201365858316422,-0.0206313841044903,0.973799109458923
347.544708251953,-0.107499942183495,0.0037904204800725,0.390291690826416,11.7202491760254,23.729061126709,0.24459008872509,0.100355342030525,0.204310208559036,-0.0189136639237404,0.973564803600311
348.047180175781,-0.108102649450302,0.00349112134426832,0.390481293201447,11.6657361984253,23.8470077514648,0.322871536016464,0.100013047456741,0.205254912376404,-0.0182541031390429,0.973413944244385
348.561706542969,-0.104027517139912,0.00366689777001739,0.389090299606323,11.7811489105225,23.8799304962158,359.852203369141,0.100143022835255,0.205923572182655,-0.0224876441061497,0.973170697689056
349.145233154297,-0.102832287549973,0.00353647768497467,0.390138626098633,11.9027509689331,23.9680480957031,359.740264892578,0.100956320762634,0.2067491710186,-0.0237340852618217,0.972881972789764
349.676055908203,-0.110241010785103,0.00309762661345303,0.384318292140961,12.5217657089233,21.3591251373291,359.098083496094,0.105713538825512,0.185048580169678,-0.0278973653912544,0.976628601551056
350.193450927734,-0.111819349229336,0.00214016460813582,0.399727463722229,12.8415451049805,18.6764888763428,359.054443359375,0.109012939035892,0.162149742245674,-0.0262361876666546,0.980375111103058
350.69873046875,-0.110314354300499,0.000594458193518221,0.405325829982758,13.567234992981,18.0252628326416,359.018157958984,0.115324631333351,0.156549379229546,-0.0269061140716076,0.980545043945313
351.233947753906,-0.118973314762115,-0.00141096115112305,0.412238895893097,14.5268583297729,17.4597187042236,0.368546903133392,0.125450313091278,0.150155320763588,-0.0160357523709536,0.980539977550507
351.779998779297,-0.122265376150608,-0.00500974617898464,0.410406172275543,15.793098449707,18.5115489959717,1.43137514591217,0.137575566768646,0.157610774040222,-0.00988428853452206,0.977821111679077
352.311096191406,-0.119308441877365,-0.00498001137748361,0.408732503652573,15.7481775283813,19.0829982757568,1.15706717967987,0.136752396821976,0.162826552987099,-0.0128440866246819,0.977047264575958
352.815490722656,-0.120523951947689,-0.00517027359455824,0.408852726221085,15.7369365692139,18.8132743835449,1.27213001251221,0.136847540736198,0.160392165184021,-0.0115246828645468,0.977452993392944
353.343353271484,-0.118877798318863,-0.0031707719899714,0.404926061630249,14.9098472595215,20.5417881011963,1.41295564174652,0.12983725965023,0.175207644701004,-0.0111023671925068,0.975869536399841
353.846893310547,-0.118085712194443,-0.00243048672564328,0.400765657424927,14.5804319381714,20.9954853057861,1.17866432666779,0.126623526215553,0.179431036114693,-0.0130869913846254,0.975499749183655
354.350738525391,-0.118778459727764,-0.00274282903410494,0.403588205575943,14.6630506515503,20.9908409118652,1.17172992229462,0.127316147089005,0.179375246167183,-0.0132720693945885,0.97541731595993
354.874450683594,-0.118476524949074,-0.00306776771321893,0.403080701828003,14.7158069610596,20.9816856384277,1.12337708473206,0.127690374851227,0.17933589220047,-0.0137571860104799,0.975368916988373
355.389617919922,-0.118433058261871,-0.00258349045179784,0.400660872459412,14.4890394210815,21.2057991027832,1.05625879764557,0.12562820315361,0.181381955742836,-0.014214544557035,0.975251793861389
355.91259765625,-0.118905425071716,-0.00240299268625677,0.399880945682526,14.448447227478,21.4849967956543,1.02624070644379,0.125199884176254,0.183801874518394,-0.0147100519388914,0.974846422672272
356.430450439453,-0.117512710392475,-0.00204439903609455,0.40050533413887,14.4437808990479,21.2968997955322,0.957412302494049,0.125074699521065,0.182277917861938,-0.0150827243924141,0.975142896175385
356.958526611328,-0.115563899278641,-0.00296827056445181,0.40479239821434,14.7965288162231,21.5684375762939,0.800344169139862,0.127784267067909,0.184665098786354,-0.0172890350222588,0.97430545091629
357.466491699219,-0.115691758692265,-0.00311257503926754,0.404738396406174,14.8229846954346,21.5293083190918,0.684601783752441,0.127828791737556,0.184454470872879,-0.0182724799960852,0.97432154417038
357.998626708984,-0.115811854600906,-0.00281462934799492,0.401991575956345,14.6799001693726,21.8335132598877,0.586409509181976,0.126403778791428,0.18718633055687,-0.0192108992487192,0.973968327045441
358.526977539063,-0.113437846302986,-0.00154634693171829,0.398878455162048,14.1636323928833,22.8765163421631,0.0557255074381828,0.120933629572392,0.196740180253983,-0.0239761769771576,0.972673416137695
359.028228759766,-0.108656600117683,-0.000130046391859651,0.395985752344131,13.707555770874,24.2451820373535,359.427459716797,0.115631580352783,0.209083721041679,-0.0299106929451227,0.970576465129852
359.578765869141,-0.108451455831528,3.05517751257867E-05,0.396509349346161,13.6484451293945,24.3504581451416,359.339172363281,0.114941522479057,0.210074380040169,-0.0306569170206785,0.970421254634857
360.106079101563,-0.10612191259861,-0.000145919679198414,0.396387368440628,13.7732267379761,24.5529365539551,359.052093505859,0.115412823855877,0.212057009339333,-0.033518947660923,0.96983927488327
360.656158447266,-0.103767327964306,0.0054250811226666,0.387394517660141,11.1694469451904,24.9767074584961,358.287139892578,0.0917875990271568,0.21661089360714,-0.0355656705796719,0.971282601356506
361.181396484375,-0.0896447747945786,0.0132402563467622,0.369030147790909,7.19535398483276,25.7386016845703,356.790161132813,0.0549240820109844,0.223914980888367,-0.0412207990884781,0.972186326980591
361.761749267578,-0.0878245532512665,0.0131520768627524,0.358436495065689,7.88474655151367,23.2628974914551,356.917846679688,0.0619075410068035,0.202876791357994,-0.0401357673108578,0.976420819759369
362.277709960938,-0.101498037576675,0.0125363618135452,0.366662979125977,8.44418525695801,15.527660369873,358.061431884766,0.0706584006547928,0.135938227176666,-0.0266600232571363,0.987834751605988
362.799560546875,-0.102350205183029,0.0106363268569112,0.393364071846008,9.30842208862305,16.4681701660156,358.723999023438,0.0787110701203346,0.143630832433701,-0.0226041544228792,0.986237227916718
363.385009765625,-0.101834915578365,0.0125075057148933,0.396272867918015,8.38720321655273,19.2012386322021,359.522491455078,0.0714088901877403,0.166631892323494,-0.0162935592234135,0.983295023441315
363.898223876953,-0.103997111320496,0.0124281533062458,0.393451184034348,8.3956241607666,18.8462467193604,359.421813964844,0.0713875666260719,0.163647159934044,-0.0169487092643976,0.983786642551422
364.474761962891,-0.102873377501965,0.0123096397146583,0.39333900809288,8.50246334075928,18.9307098388672,359.293121337891,0.0721076056361198,0.164446666836739,-0.0182585120201111,0.983577370643616
364.988037109375,-0.105399765074253,0.0119852460920811,0.394768834114075,8.68564128875732,18.0561332702637,359.313110351563,0.0738465934991837,0.156913205981255,-0.0177853349596262,0.984687089920044
365.504852294922,-0.105297043919563,0.0115564279258251,0.394800961017609,8.82679176330566,17.8409690856934,359.142059326172,0.0748617351055145,0.155168622732162,-0.0193065125495195,0.984858214855194
366.087127685547,-0.104900553822517,0.011154000647366,0.395275920629501,8.92016887664795,18.3283767700195,359.060943603516,0.0754682421684265,0.159405663609505,-0.0204502269625664,0.984111905097961
366.663909912109,-0.104459822177887,0.0111540770158172,0.392680913209915,8.9050121307373,18.7999210357666,359.031646728516,0.0752115249633789,0.163473770022392,-0.0209907758980989,0.983452558517456
367.178375244141,-0.110803678631783,0.00961422733962536,0.397245407104492,9.80377292633057,14.866907119751,358.669189453125,0.0832289159297943,0.129876717925072,-0.0225277598947287,0.987774014472961
367.684783935547,-0.109681971371174,0.00861516781151295,0.399870932102203,10.2885990142822,16.0195655822754,358.692321777344,0.0872001722455025,0.139785066246986,-0.0237477272748947,0.986048817634583
368.1875,-0.110102042555809,0.00928185880184174,0.398256838321686,9.91872787475586,16.6796913146973,358.817810058594,0.0840397253632545,0.145376026630402,-0.0227073263376951,0.985539197921753
368.773101806641,-0.109859198331833,0.00923972204327583,0.400150656700134,9.84169101715088,17.3680686950684,358.781066894531,0.0831911265850067,0.151322305202484,-0.0234269611537457,0.984698951244354
369.324249267578,-0.108463257551193,0.00326828332617879,0.410198241472244,12.4182910919189,19.1956939697266,359.451171875,0.105848997831345,0.166262462735176,-0.0227277930825949,0.980120539665222
369.829193115234,-0.114929273724556,0.00388540280982852,0.411185890436172,12.0578546524048,18.8408069610596,0.31519615650177,0.104061439633369,0.162486359477043,-0.0144925517961383,0.981101095676422
370.403503417969,-0.114187210798264,0.0046743112616241,0.404402136802673,11.6553134918213,19.3636245727539,0.127533420920372,0.100276455283165,0.167195811867714,-0.0159846246242523,0.980680763721466
370.905792236328,-0.113514244556427,0.00451144203543663,0.406125038862228,11.7204914093018,19.3027420043945,0.081486277282238,0.100775770843029,0.166704922914505,-0.0164203569293022,0.980705916881561
371.409729003906,-0.112798810005188,0.0040707653388381,0.40773743391037,11.7894020080566,18.9532585144043,0.0537042170763016,0.101375706493855,0.163727194070816,-0.0164493378251791,0.981145143508911
371.928802490234,-0.112087294459343,0.0042781843803823,0.408282369375229,11.6225204467773,18.9911518096924,359.948181152344,0.0997902676463127,0.164168789982796,-0.0171474125236273,0.981221973896027
372.496429443359,-0.0948350429534912,0.0157630443572998,0.405676543712616,5.96791124343872,23.222017288208,357.266387939453,0.0461822673678398,0.202152326703072,-0.0338073670864105,0.977680265903473
373.096435546875,-0.0930186733603477,0.0156941413879395,0.407901376485825,5.91389989852905,24.0743598937988,357.145294189453,0.045247845351696,0.209460809826851,-0.0350839830935001,0.976139307022095
373.612060546875,-0.0917878523468971,0.0148446308448911,0.408895611763,6.26542329788208,24.1617031097412,356.841583251953,0.0476590394973755,0.210372358560562,-0.0383416339755058,0.975705921649933
374.123016357422,-0.0907687470316887,0.0142890466377139,0.410204142332077,6.53961515426636,24.1895771026611,356.785797119141,0.0498830936849117,0.210670381784439,-0.0393247194588184,0.975491285324097
374.709808349609,-0.0903132706880569,0.0144754461944103,0.410506904125214,6.53879594802856,24.4270286560059,356.761993408203,0.0497503168880939,0.21270152926445,-0.039629153907299,0.975044906139374
375.290649414063,-0.0914874002337456,0.0147963222116232,0.408931195735931,6.37525463104248,24.471887588501,356.849639892578,0.0485053174197674,0.213023856282234,-0.0386030748486519,0.975078403949738
375.795959472656,-0.099146842956543,0.0136997895315289,0.413422644138336,7.06155824661255,21.4418392181396,357.521606445313,0.0564801692962646,0.186937466263771,-0.0326622650027275,0.980202913284302
376.297302246094,-0.112162873148918,0.00738978944718838,0.418704122304916,10.3379068374634,16.8683414459229,359.422119140625,0.0883807837963104,0.146524101495743,-0.0181822199374437,0.985083222389221
376.79736328125,-0.126973628997803,0.00400396203622222,0.4231036901474,12.2862710952759,11.5275077819824,1.00239956378937,0.107340984046459,0.0989150404930115,-0.00209326180629432,0.989287316799164
377.379943847656,-0.135236725211143,0.000815252074971795,0.428130447864532,13.4961633682251,9.93760681152344,2.19829511642456,0.118690989911556,0.0837519094347954,0.00880253687500954,0.989353597164154
377.880767822266,-0.135299265384674,0.00109894922934473,0.428835779428482,13.2038717269897,10.5419492721558,2.37073063850403,0.116347871720791,0.0888691022992134,0.0099033210426569,0.989175140857697
378.386932373047,-0.135945037007332,0.00169657613150775,0.427550166845322,12.9842433929443,10.7955589294434,2.4455873966217,0.114534169435501,0.0910430550575256,0.0104755656793714,0.989183187484741
378.938018798828,-0.136152356863022,0.00110320327803493,0.427798330783844,13.1441335678101,10.7116470336914,2.48287987709045,0.115935400128365,0.0902367010712624,0.0107485828921199,0.989090919494629
379.467987060547,-0.129021108150482,0.00490916986018419,0.430365115404129,11.2060489654541,13.8942461013794,3.27265048027039,0.10031645745039,0.117558769881725,0.0164057910442352,0.98784989118576
380.015960693359,-0.0990808010101318,0.0156151838600636,0.405726611614227,5.64474248886108,30.0367813110352,3.54211091995239,0.0555340200662613,0.257221311330795,0.0170606039464474,0.964604675769806
380.600891113281,-0.107824176549911,0.0164411626756191,0.403318852186203,5.28940868377686,27.4325714111328,3.05473160743713,0.0511239916086197,0.235582768917084,0.0149295497685671,0.97039383649826
381.107971191406,-0.113158896565437,0.0172384232282639,0.413168579339981,5.08681011199951,25.6054248809814,2.56912302970886,0.0482248961925507,0.220350652933121,0.0120080187916756,0.974153876304626
381.634338378906,-0.111768700182438,0.0172993689775467,0.41213446855545,5.04786825180054,25.0477085113525,2.27002000808716,0.0472716614603996,0.215741664171219,0.00977096892893314,0.975256621837616
382.167846679688,-0.111536741256714,0.0175275411456823,0.409846246242523,4.97432851791382,25.2350082397461,2.04549407958984,0.04623619094491,0.217444971203804,0.00792400818318129,0.974944710731506
382.673461914063,-0.111397229135036,0.0173065047711134,0.40984046459198,5.14600896835327,25.1897125244141,1.90744137763977,0.0474317967891693,0.217076361179352,0.00644022366032004,0.974980354309082
383.174865722656,-0.110721565783024,0.0174237210303545,0.408902883529663,5.07509803771973,25.0888080596924,1.8018707036972,0.0466236099600792,0.216276824474335,0.00571826007217169,0.975201427936554
383.694396972656,-0.111625924706459,0.0175697542726994,0.408559858798981,5.10609674453735,25.0101776123047,1.7914696931839,0.0468638725578785,0.215605139732361,0.0056030279956758,0.975339353084564
384.209320068359,-0.111483067274094,0.0171255208551884,0.40916895866394,5.31935453414917,24.9176235198975,1.7718141078949,0.0486373081803322,0.214779004454613,0.00507124280557036,0.975437700748444
384.722930908203,-0.138060659170151,0.00442960485816002,0.428959518671036,12.187294960022,9.57015800476074,1.99188959598541,0.107209615409374,0.0810957700014114,0.00836935080587864,0.990888237953186
385.243225097656,-0.132719606161118,-0.00177530199289322,0.430460602045059,15.1258382797241,11.1134843826294,2.26878786087036,0.132871061563492,0.093376912176609,0.00679120561107993,0.986701548099518
385.761688232422,-0.126864060759544,0.00125463178846985,0.428591787815094,13.3631019592285,14.7530555725098,2.75337529182434,0.118418335914612,0.124708272516727,0.00873085018247366,0.985062837600708
386.286804199219,-0.12748447060585,0.001778703648597,0.427909314632416,12.9308443069458,15.266770362854,2.58410382270813,0.114553511142731,0.129438996315002,0.00725291902199388,0.984921634197235
386.815826416016,-0.117576509714127,0.00949045550078154,0.421569108963013,9.00529670715332,22.3911781311035,3.65145206451416,0.0831388533115387,0.191007792949677,0.0159220639616251,0.97793173789978
387.394836425781,-0.114779010415077,0.0120027558878064,0.418717533349991,7.67310523986816,23.1023082733154,3.26981425285339,0.0712288320064545,0.197842314839363,0.0144972717389464,0.977535009384155
387.897766113281,-0.114707984030247,0.0116663826629519,0.419509708881378,7.78549289703369,23.2705097198486,3.18487930297852,0.0720599964261055,0.19928976893425,0.0134692927822471,0.977194726467133
388.474822998047,-0.126872524619102,0.00960202794522047,0.421474009752274,8.89945125579834,16.7064399719238,2.2609224319458,0.079603798687458,0.143294781446457,0.00819196552038193,0.98643946647644
388.986633300781,-0.123732849955559,0.00998911820352077,0.421801507472992,8.59937000274658,18.389533996582,2.10119891166687,0.0769190490245819,0.157957509160042,0.00607081828638911,0.984426736831665
389.487030029297,-0.122147791087627,0.0113505404442549,0.420638501644135,7.84733867645264,19.8504657745361,2.44760680198669,0.0710605978965759,0.170480132102966,0.00919715128839016,0.982752442359924
389.99365234375,-0.123608209192753,0.0111019341275096,0.421185880899429,8.0458927154541,19.1415920257568,2.46608924865723,0.0727325305342674,0.164329394698143,0.00950535479933023,0.983674466609955
390.507293701172,-0.128443211317062,0.0115013560280204,0.42036846280098,7.7990198135376,17.3361854553223,2.57921552658081,0.0705969929695129,0.148810222744942,0.0119507042691112,0.986270129680634
391.015655517578,-0.125410497188568,0.0118263429030776,0.419347852468491,7.4953727722168,19.1592178344727,2.6659152507782,0.0682969316840172,0.164517715573311,0.0120143666863441,0.983933508396149
391.519378662109,-0.115642189979553,0.0134837739169598,0.415778160095215,6.71050786972046,24.4745826721191,3.42071461677551,0.0634869784116745,0.209796145558357,0.0167188961058855,0.975538551807404
392.02978515625,-0.126283675432205,0.0119236120954156,0.418673753738403,7.6162314414978,17.1354808807373,2.25773763656616,0.0685898885130882,0.147326976060867,0.00954580027610064,0.986660540103912
392.548797607422,-0.126353606581688,0.0121044563129544,0.420012652873993,7.39062070846558,17.9849033355713,2.25319528579712,0.066712960600853,0.154697582125664,0.009307567961514,0.985662937164307
393.080413818359,-0.124326251447201,0.0130269145593047,0.417364507913589,6.70446968078613,20.4408302307129,2.86541795730591,0.0619571283459663,0.175637617707253,0.0141919041052461,0.982400894165039
393.641235351563,-0.122031398117542,0.0144770657643676,0.412049263715744,5.76045799255371,24.0917358398438,3.38340663909912,0.0552736558020115,0.206889450550079,0.0183530133217573,0.976629316806793
394.181213378906,-0.130387589335442,0.0133207533508539,0.414675712585449,6.90154981613159,18.4735260009766,2.51304197311401,0.0629097148776054,0.158882185816765,0.0119458828121424,0.985218822956085
394.718109130859,-0.127977773547173,0.0141025381162763,0.41746512055397,6.14733076095581,21.0854682922363,3.23607134819031,0.0578525923192501,0.181144312024117,0.0179128479212523,0.981590032577515
395.255340576172,-0.131434887647629,0.0133333504199982,0.419443368911743,6.56724739074707,19.6849136352539,3.28269958496094,0.0613006576895714,0.168972507119179,0.018387945368886,0.983540773391724
395.795440673828,-0.13372765481472,0.0136071462184191,0.418585181236267,6.45960187911987,19.2532348632813,3.30019903182983,0.0603321716189384,0.165292397141457,0.0189273208379745,0.984215557575226
396.337738037109,-0.13474914431572,0.0131703335791826,0.41931825876236,6.6262035369873,18.7236099243164,3.18268227577209,0.0615104138851166,0.160750180482864,0.0179575439542532,0.984912872314453
396.913635253906,-0.135995924472809,0.0108085917308927,0.427170246839523,7.79711008071899,17.5646133422852,4.12681484222412,0.0726340338587761,0.149809285998344,0.025126937776804,0.98572313785553
397.468170166016,-0.128557994961739,0.0125953210517764,0.414045602083206,7.13021278381348,21.6024875640869,3.49517202377319,0.0667566508054733,0.185090214014053,0.018250348046422,0.98028165102005
398.019592285156,-0.126788929104805,0.0162827111780643,0.409969329833984,5.18318462371826,24.3798770904541,2.68724179267883,0.0491309016942978,0.209842845797539,0.0133513631299138,0.976408660411835
398.572601318359,-0.127901464700699,0.0147967450320721,0.414010286331177,5.85591888427734,22.9356555938721,2.66153717041016,0.0546584017574787,0.197341948747635,0.0125779304653406,0.978729009628296
399.097229003906,-0.129227548837662,0.0147752705961466,0.411206781864166,5.93188858032227,22.5593605041504,2.57642579078674,0.055121585726738,0.194146201014519,0.0118997087702155,0.979350447654724
399.635437011719,-0.133203640580177,0.0143410656601191,0.414616882801056,6.08241319656372,21.5444774627686,2.87201285362244,0.056780181825161,0.185277357697487,0.0146711375564337,0.980934798717499
400.159790039063,-0.132628917694092,0.0124483415856957,0.421461254358292,7.11324787139893,20.5061569213867,3.28666996955872,0.0661138966679573,0.175829917192459,0.0171279162168503,0.982048571109772
400.683441162109,-0.126283273100853,0.013311930000782,0.417995125055313,6.77972650527954,22.4541301727295,3.08093690872192,0.0632021576166153,0.192727625370026,0.0148141505196691,0.979102671146393
401.201446533203,-0.123391628265381,0.0153883993625641,0.413340896368027,5.7286376953125,24.1424293518066,3.02952456474304,0.0543702319264412,0.207501292228699,0.0153710646554828,0.976601719856262
401.724243164063,-0.128356948494911,0.0141580235213041,0.414722472429276,6.46225452423096,20.3981094360352,2.31534790992737,0.0590337440371513,0.175630152225494,0.00987474899739027,0.982635021209717
402.241943359375,-0.125005394220352,0.0137609532102942,0.414053738117218,6.66374826431274,21.1390037536621,2.12888288497925,0.0605252124369144,0.182025089859962,0.00757198501378298,0.98140013217926
402.760070800781,-0.126593038439751,0.0148248607292771,0.411730319261551,6.08267021179199,21.3183288574219,2.21852278709412,0.0557068474590778,0.183661699295044,0.00918641500174999,0.981366813182831
403.326293945313,-0.142611414194107,0.0159378573298454,0.416696816682816,5.50399017333984,13.1369218826294,2.69586634635925,0.0503723248839378,0.11310476064682,0.017851646989584,0.992144823074341
403.829132080078,-0.153687387704849,0.0158852711319923,0.419388383626938,5.37067127227783,7.08907461166382,2.55776691436768,0.048127856105566,0.0606974624097347,0.0193559173494577,0.996807336807251
404.348602294922,-0.154701545834541,0.0159744173288345,0.420084238052368,5.43409729003906,6.38131284713745,2.69892930984497,0.0486263744533062,0.0544660463929176,0.0208497885614634,0.997112929821014
404.882690429688,-0.152527660131454,0.0159344580024481,0.419711053371429,5.3537392616272,7.27296924591064,2.4984335899353,0.0479793362319469,0.062325619161129,0.0187720898538828,0.99672520160675
405.415100097656,-0.154047831892967,0.0163666736334562,0.419929295778275,5.13156032562256,7.36912536621094,2.63736820220947,0.0461394153535366,0.0631539225578308,0.0200666785240173,0.996734738349915
405.931823730469,-0.154865428805351,0.0164183657616377,0.420631140470505,5.04743623733521,7.24714517593384,2.84395575523376,0.0454982407391071,0.0620298609137535,0.0219599418342113,0.996794939041138
406.473175048828,-0.156489536166191,0.0161732230335474,0.421326011419296,5.05999565124512,7.19683456420898,2.96649646759033,0.0456636659801006,0.0615404024720192,0.0230388808995485,0.996793270111084
407.005798339844,-0.156986087560654,0.0163330063223839,0.420249372720718,4.85912227630615,7.27948331832886,3.12400770187378,0.0440188087522984,0.0622489340603352,0.0244891904294491,0.996788740158081
407.53662109375,-0.156669467687607,0.0163140129297972,0.420096844434738,4.86204957962036,6.96058654785156,3.12563800811768,0.0439767986536026,0.059473343193531,0.0246242042630911,0.996956765651703
408.083618164063,-0.157382488250732,0.0167148262262344,0.419275254011154,4.69377422332764,7.34749841690063,3.26278614997864,0.0426713787019253,0.0628319904208183,0.0257642231881618,0.996778547763824
408.619476318359,-0.158112853765488,0.0167784132063389,0.419721394777298,4.66437530517578,7.36521244049072,3.38608288764954,0.0424874387681484,0.0629483535885811,0.026846868917346,0.99675053358078
409.163299560547,-0.156213119626045,0.0169240925461054,0.420198082923889,4.62589120864868,8.48795413970947,3.41329526901245,0.0424312353134155,0.0727119296789169,0.0266910716891289,0.996092438697815
409.709930419922,-0.129753649234772,0.0210189707577229,0.410300433635712,2.08828639984131,25.0573329925537,4.99801588058472,0.0272288303822279,0.215910136699677,0.0386074855923653,0.975269615650177
410.281372070313,-0.136545315384865,0.0174724627286196,0.417239338159561,4.11680889129639,17.709342956543,3.35033297538757,0.039971861988306,0.152726203203201,0.0233394838869572,0.98718398809433
410.808715820313,-0.135121956467628,0.0171755775809288,0.414888560771942,4.1752552986145,18.2750492095947,3.10104584693909,0.04024663195014,0.15766803920269,0.0209145192056894,0.986450016498566
411.333160400391,-0.135959431529045,0.0168428793549538,0.415977120399475,4.32880210876465,17.8325214385986,3.0481870174408,0.0414167568087578,0.153833046555519,0.0204057097434998,0.987017571926117
411.837615966797,-0.132829934358597,0.0189852248877287,0.41373398900032,3.55513477325439,19.5538578033447,3.38676857948303,0.0355712547898293,0.168753534555435,0.0238424353301525,0.984727621078491
412.363342285156,-0.135852858424187,0.0136142801493406,0.416297197341919,6.53481817245483,17.9894428253174,3.15225172042847,0.0605672001838684,0.15448185801506,0.0182151161134243,0.985969185829163
412.882049560547,-0.138387709856033,0.0134524395689368,0.417699038982391,6.68365144729614,16.0086765289307,2.82993340492249,0.0611399263143539,0.137543484568596,0.0162964761257172,0.988472640514374
413.405548095703,-0.143093660473824,0.0122980857267976,0.418908983469009,7.36379432678223,12.5364866256714,2.53736805915833,0.0662298798561096,0.1075179874897,0.0149533990770578,0.991881966590881
413.928863525391,-0.146391198039055,0.00993105210363865,0.428046762943268,8.35086631774902,11.5124073028564,2.70527124404907,0.074784517288208,0.0982916355133057,0.0161238256841898,0.99221271276474
414.449890136719,-0.153716072440147,0.00919128768146038,0.433132499456406,8.85676097869873,8.35008430480957,3.21702861785889,0.0790151506662369,0.0703961849212646,0.0222929436713457,0.994134843349457
414.971771240234,-0.132213890552521,0.00923428684473038,0.430256366729736,8.28191184997559,18.1376914978027,5.29568243026733,0.0784942507743835,0.153747618198395,0.0341307930648327,0.984395980834961
415.497375488281,-0.131445035338402,0.0086240665987134,0.429250091314316,8.21591663360596,19.996223449707,5.66359949111938,0.079017236828804,0.169472843408585,0.0361068844795227,0.981698274612427
416.011291503906,-0.144302487373352,0.00681096594780684,0.43035352230072,9.44299125671387,12.9485683441162,4.80952835083008,0.0864305421710014,0.108843959867954,0.0322765186429024,0.989768147468567
416.546569824219,-0.145174384117126,0.00684450566768646,0.429423481225967,9.5304012298584,11.9447917938232,4.5601053237915,0.086681455373764,0.100320555269718,0.0307944137603045,0.990693628787994
417.094573974609,-0.14640037715435,0.00653459830209613,0.429789334535599,9.67915153503418,11.421947479248,4.49555540084839,0.0877717733383179,0.0957867577672005,0.0304984115064144,0.991055428981781
417.600830078125,-0.149393424391747,0.00606316281482577,0.430447429418564,9.73891448974609,10.8908586502075,4.6071515083313,0.0882349610328674,0.0910822227597237,0.0318193845450878,0.991416275501251
418.12109375,-0.149541974067688,0.00594855565577745,0.430251240730286,9.80778217315674,10.6170034408569,4.55965709686279,0.0887174680829048,0.0887207090854645,0.0315617807209492,0.991595566272736
418.696228027344,-0.151799023151398,0.00636458396911621,0.428104519844055,9.45902156829834,10.4392004013062,4.94027471542358,0.0859411135315895,0.0870404243469238,0.0352798812091351,0.991863608360291
419.282318115234,-0.12820191681385,0.0147089827805758,0.419321835041046,4.69510221481323,25.0357761383057,6.9343147277832,0.0530110523104668,0.213747814297676,0.0501273907721043,0.974160611629486
419.816375732422,-0.138889119029045,0.0116292964667082,0.421440303325653,6.9748272895813,16.4258136749268,4.97655010223389,0.0663390681147575,0.139839127659798,0.0342087298631668,0.987357079982758
420.365783691406,-0.13849313557148,0.0119343176484108,0.423660218715668,6.6733775138855,16.668529510498,4.68164730072021,0.0634507462382317,0.142229348421097,0.0319144576787949,0.987282276153564
420.918273925781,-0.141360819339752,0.0121548641473055,0.424218475818634,6.54977512359619,16.1902046203613,4.93067169189453,0.062552198767662,0.13802370429039,0.0344798862934113,0.987850069999695
421.458221435547,-0.140849366784096,0.0121814245358109,0.423550188541412,6.60119342803955,15.8947401046753,4.75069046020508,0.0626933723688126,0.135552167892456,0.0330259688198566,0.988233029842377
422.007995605469,-0.142126083374023,0.0125821977853775,0.422359496355057,6.45334911346436,15.5888843536377,4.65886688232422,0.061223741620779,0.133025944232941,0.0325785130262375,0.98868316411972
422.558502197266,-0.143384352326393,0.0126031367108226,0.422365248203278,6.3484148979187,15.2654647827148,4.80347776412964,0.0603907480835915,0.130202516913414,0.0341227576136589,0.989058077335358
423.109313964844,-0.143349915742874,0.0124724796041846,0.422796666622162,6.4122314453125,15.1798629760742,4.79143810272217,0.060902152210474,0.12944284081459,0.0339892730116844,0.989131033420563
423.665588378906,-0.145258605480194,0.0123024070635438,0.421879798173904,6.34300994873047,15.2311449050903,4.91456127166748,0.0604597963392735,0.129850015044212,0.0351059921085835,0.989065825939178
424.220428466797,-0.141751796007156,0.0136322136968374,0.419263482093811,5.66202306747437,17.9127044677734,5.43625497817993,0.0561070889234543,0.15300340950489,0.0391065590083599,0.985856294631958
424.788146972656,-0.141905963420868,0.0134670967236161,0.420365422964096,5.70161294937134,17.0028610229492,5.25891065597534,0.055910874158144,0.14523908495903,0.0379714593291283,0.987085521221161
425.325592041016,-0.143431112170219,0.0137138897553086,0.418540596961975,5.56932401657104,16.3122863769531,5.15904331207275,0.0544197633862495,0.139395788311958,0.0376126356422901,0.988024592399597
425.883117675781,-0.145598754286766,0.0137607119977474,0.420402675867081,5.77121496200562,15.3748092651367,5.13628101348877,0.0558257363736629,0.131229102611542,0.037621084600687,0.989063739776611
426.447082519531,-0.142969876527786,0.0136186983436346,0.41988542675972,5.88560438156128,15.4335622787476,4.76219081878662,0.056401439011097,0.131869971752167,0.034227792173624,0.989069104194641
426.995666503906,-0.144800737500191,0.0135079380124807,0.4195356965065,5.78843021392822,15.0072336196899,4.73546123504639,0.055405106395483,0.128242745995522,0.0343188382685184,0.989599108695984
427.550720214844,-0.148482427000999,0.0137251429259777,0.419186770915985,5.46064805984497,14.4487056732178,4.99737501144409,0.0526882708072662,0.123432494699955,0.0372166559100151,0.990254163742065
428.094177246094,-0.152069076895714,0.01405278313905,0.41937455534935,5.41387987136841,14.2096118927002,5.37403249740601,0.0526051595807076,0.121213845908642,0.0406333245337009,0.990398347377777
428.648742675781,-0.152451395988464,0.0142920510843396,0.41786727309227,5.33140134811401,14.2990274429321,5.27245426177979,0.0518162585794926,0.122070223093033,0.0398053377866745,0.990368366241455
429.211364746094,-0.151649132370949,0.014115828089416,0.418121188879013,5.30820035934448,14.5111703872681,5.09855079650879,0.0515013933181763,0.123992189764977,0.0382325984537601,0.990207970142365
429.764129638672,-0.149012371897697,0.0140354409813881,0.418444931507111,5.39446115493774,14.5995140075684,4.85231447219849,0.0520076565444469,0.124829955399036,0.0359682962298393,0.990161120891571
430.316253662109,-0.148995041847229,0.0148478588089347,0.4154212474823,5.05280637741089,14.4624404907227,4.84090757369995,0.0490009263157845,0.123792484402657,0.0363121554255486,0.99043208360672
430.853912353516,-0.147065117955208,0.0172786898910999,0.408341616392136,4.18160533905029,16.142972946167,4.26369524002075,0.0413164719939232,0.138874217867851,0.0316871255636215,0.988940238952637
431.405548095703,-0.146986708045006,0.0168547984212637,0.4153873026371,4.58178281784058,13.9884901046753,3.83346247673035,0.0437228567898273,0.120277233421803,0.0283068288117647,0.991373002529144
431.957916259766,-0.149653524160385,0.0156778506934643,0.416634202003479,5.09261226654053,13.515079498291,3.92726230621338,0.0481201857328415,0.115971148014069,0.028768939897418,0.991669058799744
432.507202148438,-0.153753474354744,0.0162200909107924,0.415184587240219,4.5689115524292,13.2913284301758,4.33497619628906,0.0439380295574665,0.114056684076786,0.0329270698130131,0.991955816745758
433.057220458984,-0.155221372842789,0.015865221619606,0.416896522045135,4.68452405929565,13.01637840271,4.45104169845581,0.0449726432561874,0.111588284373283,0.0339216217398643,0.992156684398651
433.61279296875,-0.155070021748543,0.016180157661438,0.41596320271492,4.59841966629028,12.8677406311035,4.46907758712769,0.0442006103694439,0.110326662659645,0.0342213548719883,0.992322146892548
434.165008544922,-0.157907500863075,0.0162964854389429,0.415405929088593,4.48245048522949,12.780969619751,4.69441986083984,0.0433861576020718,0.109533756971359,0.0363203845918179,0.992371320724487
434.713714599609,-0.16320575773716,0.0142232365906239,0.427998483181,5.28155326843262,10.8177328109741,5.31167078018188,0.0501826591789722,0.0919357314705849,0.0417427942156792,0.993623197078705
435.279998779297,-0.153431311249733,0.0127948066219687,0.426064938306808,6.45092248916626,11.5311946868896,3.49398303031921,0.0590122677385807,0.0985465198755264,0.0246340464800596,0.993075668811798
435.843688964844,-0.158776193857193,0.0133607964962721,0.423002809286118,6.22136211395264,10.4912815093994,4.1285834312439,0.0572910085320473,0.0892854183912277,0.0308591797947884,0.993878066539764
436.393035888672,-0.15807269513607,0.0135669521987438,0.424060195684433,5.99654960632324,11.4156131744385,4.19352102279663,0.0556455180048943,0.0973484441637993,0.0311573576182127,0.993204951286316
436.945129394531,-0.158233910799026,0.0145844174548984,0.419379889965057,5.46623468399048,11.3736238479614,4.28848934173584,0.0511192008852959,0.0971333608031273,0.0324671864509583,0.993427336215973
437.497283935547,-0.144000604748726,0.0212467554956675,0.405923515558243,2.25620436668396,20.4827251434326,4.42515420913696,0.0262225400656462,0.176880240440369,0.034486897289753,0.983278453350067
438.049255371094,-0.129798293113708,0.0257008597254753,0.391828417778015,359.962432861328,23.234224319458,2.83974123001099,0.00466861948370934,0.201316595077515,0.0243373047560453,0.979212701320648
438.600891113281,-0.112760201096535,0.02766521461308,0.37024113535881,358.719482421875,28.2732429504395,0.696188569068909,-0.00935214757919312,0.244280949234962,0.00862014759331942,0.969621181488037
439.150970458984,-0.127329483628273,0.0236050058156252,0.369227796792984,1.28604471683502,19.2096290588379,359.786895751953,0.0107550108805299,0.16686138510704,-0.0037060126196593,0.985914766788483
439.702301025391,-0.120856560766697,0.023710573092103,0.368022233247757,1.01219701766968,21.4406242370605,359.915100097656,0.00854097120463848,0.186014086008072,-0.00237111747264862,0.982507109642029
440.255065917969,-0.123291999101639,0.0233266726136208,0.369729906320572,1.26922655105591,21.1352100372314,359.981781005859,0.0108588393777609,0.18338605761528,-0.00218761712312698,0.982978582382202
440.805511474609,-0.125226303935051,0.0221433099359274,0.374782502651215,1.88940787315369,20.023530960083,0.194269061088562,0.0165310464799404,0.173798993229866,-0.00119707174599171,0.984641671180725
441.358123779297,-0.126492917537689,0.021186638623476,0.3785300552845,2.31654167175293,19.4744701385498,0.397316873073578,0.0205092243850231,0.169025272130966,-2.22697394747229E-06,0.985398352146149
441.908599853516,-0.126715123653412,0.0204981807619333,0.37977409362793,2.6283712387085,19.3146114349365,0.475572794675827,0.0233056657016277,0.167615443468094,0.000242854963289574,0.985576927661896
442.468383789063,-0.12390099465847,0.0207775495946407,0.377863734960556,2.77968597412109,19.4336490631104,0.0530680455267429,0.0239851269870996,0.168718069791794,-0.0036373941693455,0.985365748405457
443.018981933594,-0.119152709841728,0.0223758220672607,0.386540591716766,2.11057162284851,18.7775173187256,359.215972900391,0.0170540940016508,0.16322523355484,-0.00975342560559511,0.986393213272095
443.556182861328,-0.117496497929096,0.0209453888237476,0.393577247858047,2.6574387550354,20.2564296722412,359.676330566406,0.022330429404974,0.175868004560471,-0.00685754790902138,0.984136581420898
444.099670410156,-0.122351318597794,0.0217409171164036,0.387153446674347,2.2544481754303,20.3389930725098,359.982604980469,0.0193366631865501,0.176529496908188,-0.00362268788740039,0.984098732471466
444.664703369141,-0.129338577389717,0.022132333368063,0.391272455453873,2.00549793243408,19.4423046112061,0.80517703294754,0.0184349231421947,0.168702036142349,0.00396956270560622,0.985486686229706
445.201263427734,-0.131111219525337,0.0218236539512873,0.391454517841339,1.95662569999695,19.0362720489502,1.04459655284882,0.0183453485369682,0.165175318717957,0.00616566743701696,0.986074328422546
445.749237060547,-0.13108041882515,0.0220917575061321,0.388757854700089,1.84180748462677,19.0156021118164,0.96608567237854,0.0172431673854589,0.165021061897278,0.00565897673368454,0.986123085021973
446.307678222656,-0.144859716296196,0.0208086464554071,0.386264592409134,3.77361130714417,7.11714839935303,1.6788934469223,0.033766858279705,0.0615471675992012,0.0125710070133209,0.997453629970551
446.833801269531,-0.124835290014744,0.0185767505317926,0.390687197446823,7.43869066238403,8.58835506439209,2.13779640197754,0.0660697519779205,0.0734999552369118,0.0137067688629031,0.995009899139404
447.37109375,-0.117926120758057,0.00971714407205582,0.397233843803406,10.8696527481079,12.314769744873,1.43961024284363,0.0955010131001472,0.105586312711239,0.00227586505934596,0.989811062812805
447.903869628906,-0.0819352567195892,0.0147054558619857,0.406481385231018,12.1909379959106,5.84379959106445,0.543665885925293,0.10628666728735,0.0501827821135521,-0.000701300916261971,0.993068158626556
448.446441650391,-0.0617619156837463,0.0198933240026236,0.411058783531189,9.08374118804932,1.13469409942627,2.41623950004578,0.0793742388486862,0.00819910410791636,0.0202329289168119,0.996605813503265
448.981872558594,-0.0756151229143143,-0.0271810218691826,0.427967011928558,26.8392333984375,6.48872566223145,3.26800036430359,0.233184486627579,0.0484198071062565,0.0145626300945878,0.97111713886261
449.530609130859,-0.101986892521381,-0.0431404933333397,0.43064945936203,32.7268333435059,1.50636732578278,3.34706330299377,0.281952738761902,0.00438028248026967,0.0243173185735941,0.959110081195831
450.065490722656,-0.109871573746204,-0.0445673689246178,0.432309061288834,32.9292984008789,0.987890958786011,2.89879417419434,0.283531606197357,0.00109605467878282,0.0218133889138699,0.958714187145233
450.607330322266,-0.1158367395401,-0.0350267700850964,0.428297251462936,28.9961452484131,3.13293099403381,3.87439370155334,0.251005500555038,0.0179913565516472,0.025875611230731,0.967472493648529
451.152191162109,-0.113156214356422,-0.0248705334961414,0.42740935087204,24.1438674926758,7.32127046585083,6.34366416931152,0.211847677826881,0.050790898501873,0.0406642444431782,0.975134491920471
451.69384765625,-0.0998694002628326,0.00170461367815733,0.416623145341873,11.8886137008667,15.3669319152832,8.02577304840088,0.111686430871487,0.125473007559776,0.0551673546433449,0.984245538711548
452.257476806641,-0.0922963693737984,0.00884321145713329,0.409606039524078,8.58346748352051,21.1445255279541,8.19490146636963,0.086449570953846,0.177236959338188,0.0563478730618954,0.978743314743042
452.818023681641,-0.0964106693863869,0.0126190241426229,0.4063760638237,9.28523635864258,15.3153285980225,5.94482421875,0.0869977995753288,0.128478273749352,0.0404529385268688,0.98706042766571
453.386077880859,-0.0978989377617836,0.0291277598589659,0.392867892980576,5.40766477584839,12.81032371521,4.16481685638428,0.0508970133960247,0.109657242894173,0.0308107621967793,0.992187261581421
453.918579101563,-0.095528244972229,0.0231200605630875,0.3901486992836,5.39445638656616,15.1176080703735,4.38492822647095,0.051641870290041,0.129517138004303,0.0316962637007236,0.989724099636078
454.464752197266,-0.0835660770535469,0.0263013113290071,0.390808403491974,3.94067764282227,19.6807918548584,4.3085036277771,0.0402728207409382,0.169409051537514,0.031143095344305,0.984230041503906
454.997802734375,-0.0844871923327446,0.0362197682261467,0.385177582502365,359.601684570313,18.9394912719727,3.17840194702148,0.00113545311614871,0.164557605981827,0.0279268212616444,0.985971391201019
455.530517578125,-0.0827483162283897,0.0358577519655228,0.382680624723434,359.602722167969,18.6159496307373,2.50216674804688,0.000111039931653067,0.161776348948479,0.0221067760139704,0.986579835414886
456.060302734375,-0.0817744508385658,0.0347249582409859,0.385107189416885,0.0719386413693428,18.377290725708,2.35282802581787,0.00389807671308517,0.15963913500309,0.0201671700924635,0.986961722373962
456.599975585938,-0.0807611271739006,0.03136832639575,0.389444142580032,1.72359371185303,18.1984043121338,2.25456619262695,0.0179593842476606,0.157803639769554,0.0170456357300282,0.98716002702713
457.154602050781,-0.0818661153316498,0.0139027517288923,0.403456807136536,10.9608039855957,17.2828712463379,3.49491477012634,0.0989379957318306,0.146614715456963,0.0156671479344368,0.984108686447144
457.686828613281,-0.0827838629484177,0.0116842845454812,0.410562485456467,11.7139072418213,17.2369499206543,3.91234850883484,0.105922676622868,0.145541027188301,0.0182904414832592,0.983495652675629
458.242370605469,-0.0839692503213882,0.0136656761169434,0.411276906728745,10.5722627639771,17.0091514587402,4.07911443710327,0.0962996780872345,0.143923372030258,0.0214321706444025,0.984658896923065
458.781127929688,-0.0847640112042427,0.024294488132,0.404152929782867,5.10402154922485,15.16565990448,2.716952085495,0.0472498275339603,0.13074503839016,0.0176030267030001,0.990132987499237
459.314331054688,-0.0859504118561745,0.0203644149005413,0.403015404939651,6.70296192169189,15.6196460723877,3.13829255104065,0.0616116896271706,0.134016141295433,0.0191419310867786,0.988876760005951
459.869995117188,-0.085330493748188,0.020630594342947,0.398510545492172,6.54535961151123,16.0332069396973,3.13196396827698,0.0603139586746693,0.137635767459869,0.0190584287047386,0.988461136817932
460.41015625,-0.0822791755199432,0.0249916780740023,0.397292941808701,3.86889457702637,16.5922431945801,2.92054438591003,0.0370669141411781,0.14330892264843,0.0203336998820305,0.988774597644806
460.988647460938,-0.0778343081474304,0.0323852747678757,0.385807126760483,359.949951171875,17.5125617980957,1.55926382541656,0.00163970154244453,0.152223512530327,0.0135146230459213,0.988252341747284
461.514831542969,-0.0779913067817688,0.0307633690536022,0.39361909031868,0.813014686107635,17.0850048065186,1.56356453895569,0.00904217548668385,0.148429736495018,0.0124387517571449,0.988803386688232
462.042358398438,-0.0800935029983521,0.030283497646451,0.39729431271553,0.91891485452652,16.7500629425049,1.75209259986877,0.0101593602448702,0.145508915185928,0.0139579242095351,0.989206314086914
462.580291748047,-0.0792312100529671,0.0301694199442863,0.394029647111893,0.923441886901855,16.9796276092529,1.61896562576294,0.0100550148636103,0.147501453757286,0.0127828270196915,0.988928139209747
463.120544433594,-0.0785643383860588,0.0301533676683903,0.393601268529892,0.965790152549744,16.8540115356445,1.5849996805191,0.0103631112724543,0.146414756774902,0.0124464724212885,0.98909068107605
463.659973144531,-0.078408770263195,0.0293885171413422,0.395170629024506,1.18744802474976,16.9665546417236,1.54943716526031,0.0122424606233835,0.147360771894455,0.0118438201025128,0.988936126232147
464.1962890625,-0.0794742554426193,0.0290690809488297,0.396575778722763,1.40013372898102,16.9080276489258,1.66338813304901,0.0142179476097226,0.146813675761223,0.0125604262575507,0.988982200622559
464.735595703125,-0.0789953842759132,0.0291371792554855,0.394164532423019,1.40413784980774,16.9161472320557,1.69913709163666,0.0142992157489061,0.146878734230995,0.0128628024831414,0.988967537879944
465.275024414063,-0.0794027075171471,0.0293765254318714,0.385207086801529,1.39090871810913,16.9090480804443,1.48485910892487,0.0139096854254603,0.146845653653145,0.0110313389450312,0.989000082015991
465.842468261719,-0.0975130200386047,0.0291212797164917,0.389877319335938,1.68765187263489,14.2388038635254,2.71296572685242,0.0175430066883564,0.12354338914156,0.021663099527359,0.991947591304779
466.437835693359,-0.0916197299957275,0.0219003949314356,0.391462236642838,5.05632591247559,15.6088314056396,2.59604549407959,0.0467637367546558,0.134634971618652,0.0164328571408987,0.989654779434204
467.013061523438,-0.094250351190567,0.0221523623913527,0.392921537160873,4.79310131072998,15.6300477981567,2.8644847869873,0.0448098815977573,0.134778514504433,0.0190568380057812,0.989678621292114
467.566009521484,-0.0933980494737625,0.0216035712510347,0.394009232521057,4.98413610458374,15.4525060653687,2.73702192306519,0.0462818183004856,0.133245766162872,0.0177996158599854,0.989841818809509
468.117370605469,-0.0944016203284264,0.0220307689160109,0.392364978790283,4.79870557785034,15.4333658218384,2.84408974647522,0.0448018237948418,0.133086159825325,0.0189509261399508,0.989910006523132
468.654907226563,-0.0959305092692375,0.0222633723169565,0.391206830739975,4.66354036331177,15.5408658981323,2.99775338172913,0.0438321083784103,0.13399164378643,0.0203966908156872,0.989802479743958
469.208740234375,-0.0954829454421997,0.0223091300576925,0.392020493745804,4.67284107208252,15.4957838058472,3.03210401535034,0.0439444445073605,0.133586511015892,0.0206996407359838,0.989845991134644
469.743011474609,-0.0947045683860779,0.02234872803092,0.391995340585709,4.67758417129517,15.4812698364258,2.96547055244446,0.0439051687717438,0.133485376834869,0.0201240014284849,0.989873230457306
470.280792236328,-0.0952252149581909,0.0222025290131569,0.393047600984573,4.77183151245117,15.2763195037842,2.86426877975464,0.0445668734610081,0.131728574633598,0.0192180331796408,0.990096986293793
470.834533691406,-0.099496528506279,0.0226106736809015,0.390709757804871,4.41969537734985,14.8727798461914,3.15178847312927,0.041777465492487,0.128228724002838,0.0222607906907797,0.990614235401154
471.373718261719,-0.100136414170265,0.022729167714715,0.391731888055801,4.39807415008545,14.5489368438721,3.22918820381165,0.0416121743619442,0.12540665268898,0.0230721682310104,0.990963816642761
471.914031982422,-0.100113123655319,0.022480696439743,0.396300673484802,4.65559339523315,14.4077548980713,3.25509858131409,0.0438383817672729,0.124101854860783,0.0230635441839695,0.991032302379608
472.454803466797,-0.105795741081238,0.0222556628286839,0.399313271045685,4.6690845489502,13.9865760803223,3.75065445899963,0.0443905107676983,0.120263770222664,0.0274975243955851,0.991367757320404
472.999572753906,-0.106795147061348,0.0224241707473993,0.396111935377121,4.45576810836792,13.973578453064,3.78317427635193,0.0425765365362167,0.120208658277988,0.0280124582350254,0.991439580917358
473.541717529297,-0.106041871011257,0.0225061029195786,0.395605742931366,4.41996335983276,13.955756187439,3.7533700466156,0.0422312691807747,0.120077148079872,0.0277995131909847,0.99147629737854
474.102966308594,-0.106867954134941,0.0230579059571028,0.397633403539658,3.9749550819397,13.6370124816895,4.10785055160522,0.0386661924421787,0.117342852056026,0.0314503312110901,0.991839945316315
474.632049560547,-0.106081247329712,0.0231372695416212,0.399353504180908,4.14044141769409,13.5946426391602,4.22424173355103,0.0402052514255047,0.116877935826778,0.0322994962334633,0.991806387901306
475.177551269531,-0.107239551842213,0.0229153074324131,0.398802310228348,4.18351459503174,13.6524124145508,4.28221797943115,0.0406535640358925,0.117341995239258,0.0327358543872833,0.991718947887421
475.719909667969,-0.10590423643589,0.0226183515042067,0.398229002952576,4.25009441375732,13.7427415847778,4.08668231964111,0.041053730994463,0.118169844150543,0.0309414975345135,0.991661846637726
476.281188964844,-0.106321215629578,0.0221672300249338,0.399359345436096,4.33573818206787,13.6604661941528,4.174232006073,0.041862178593874,0.117396086454391,0.0316388942301273,0.991697907447815
476.822448730469,-0.1065484136343,0.0219455044716597,0.400209754705429,4.46179914474487,13.6178941726685,4.16020727157593,0.0429267175495625,0.11698816716671,0.0314012952148914,0.991708159446716
477.360015869141,-0.106052748858929,0.0216930974274874,0.401216804981232,4.55871868133545,13.6082286834717,4.12018537521362,0.0437217317521572,0.116885386407375,0.0309573020786047,0.991699516773224
477.910980224609,-0.106307148933411,0.022924805060029,0.399632424116135,3.79920101165771,13.785888671875,4.21281909942627,0.0372951552271843,0.118658006191254,0.0324942022562027,0.991702318191528
478.460906982422,-0.10452739149332,0.0200838949531317,0.401403695344925,5.5169677734375,13.4089698791504,3.95131349563599,0.0517887361347675,0.114896096289158,0.0285841505974531,0.991614699363708
478.999267578125,-0.106334999203682,0.0193684734404087,0.402591347694397,5.63028573989868,12.7377996444702,4.22521734237671,0.0528617799282074,0.108920983970165,0.031147439032793,0.992155075073242
479.546600341797,-0.10393913090229,0.0188370924443007,0.40295884013176,5.92419910430908,13.6591281890869,3.8446216583252,0.0552634559571743,0.116969496011734,0.0271202567964792,0.991225838661194
480.096984863281,-0.105386301875114,0.0189977809786797,0.400416374206543,5.73285055160522,13.5673789978027,4.05810213088989,0.0538034550845623,0.116141341626644,0.0292110908776522,0.991344094276428
480.638153076172,-0.10523709654808,0.019897099584341,0.398133188486099,5.39036655426025,13.5106048583984,4.14731121063232,0.0509170591831207,0.115732580423355,0.0303656663745642,0.991509675979614
481.189086914063,-0.106949478387833,0.0307593420147896,0.396508246660233,359.276611328125,13.3183851242065,3.87219309806824,-0.00234876340255141,0.116106666624546,0.0342878513038158,0.992641985416412
481.729614257813,-0.104461923241615,0.0206030700355768,0.398157179355621,5.6204309463501,13.6992416381836,3.88328623771667,0.0526859536767006,0.117402777075768,0.0277554057538509,0.991297364234924
482.26220703125,-0.102601557970047,0.00113211525604129,0.401717305183411,15.6427536010742,14.1129207611084,4.20434713363647,0.139427855610847,0.116668611764908,0.0193586684763432,0.983144819736481
482.814910888672,-0.100117914378643,-0.00592504907399416,0.410072863101959,18.3841819763184,14.5317163467407,4.3186674118042,0.163053795695305,0.118790119886398,0.0167068708688021,0.979297339916229
483.358734130859,-0.0996732264757156,-0.00532993674278259,0.413870483636856,17.9399642944336,14.3114042282104,4.25754451751709,0.159166321158409,0.117211297154427,0.0169968996196985,0.980121791362762
483.909088134766,-0.0994544923305511,-0.00469229649752378,0.412498772144318,17.5977973937988,14.1092805862427,4.20462703704834,0.156158968806267,0.115719802677631,0.0172037873417139,0.980778992176056
484.457244873047,-0.102576911449432,-0.00265042250975966,0.41204497218132,16.5521965026855,14.0702924728394,4.44754791259766,0.147455036640167,0.115568086504936,0.0204926040023565,0.982079982757568
484.995483398438,-0.106389701366425,-0.000452080043032765,0.412040650844574,15.6489114761353,13.6324310302734,4.77306270599365,0.139955073595047,0.111849181354046,0.0248179510235786,0.983507215976715
485.521331787109,-0.105580419301987,-0.0011134697124362,0.414001911878586,15.9417552947998,13.373631477356,4.56172180175781,0.142206728458405,0.109744608402252,0.0230111908167601,0.983465254306793
486.07275390625,-0.10671965777874,-0.00114463781937957,0.413124620914459,15.8705835342407,13.3385648727417,4.62361145019531,0.141648694872856,0.109401449561119,0.0236607082188129,0.983568608760834
486.630035400391,-0.108863346278667,-0.000932972179725766,0.412042558193207,15.6681842803955,13.330096244812,4.91610622406006,0.140190616250038,0.109069488942623,0.0263948626816273,0.98374480009079
487.176177978516,-0.107058629393578,-0.000932178401853889,0.411440044641495,15.6545219421387,13.2457227706909,4.80717658996582,0.139950960874557,0.108485117554665,0.0255771409720182,0.983865082263947
487.729064941406,-0.108930826187134,-0.000981755089014769,0.411800891160965,15.6114149093628,13.1157493591309,5.02884817123413,0.13975964486599,0.10712032020092,0.0276840403676033,0.9839848279953
488.273315429688,-0.103189557790756,-0.0117201926186681,0.408836245536804,19.85622215271,13.3678226470947,4.91849327087402,0.17600229382515,0.107195541262627,0.0219300258904696,0.978290021419525
488.807586669922,-0.0992260351777077,-0.00531003577634692,0.402080535888672,15.6295070648193,13.5867500305176,4.21595621109009,0.139235287904739,0.112145006656647,0.0201124344021082,0.983683168888092
489.363861083984,-0.0930462405085564,-0.00448631402105093,0.390915870666504,15.7878456115723,15.6369895935059,3.5573718547821,0.140179589390755,0.130458146333694,0.0117849865928292,0.981423199176788
489.913604736328,-0.0964897274971008,-0.00334901036694646,0.392576962709427,15.19517993927,15.2692499160767,3.75998449325562,0.13529235124588,0.127319172024727,0.0146739250048995,0.982481777667999
490.478424072266,-0.0991938859224319,-0.00372124556452036,0.395440578460693,15.4347982406616,15.1007318496704,3.78864097595215,0.137354210019112,0.125735849142075,0.0148373208940029,0.982397139072418
491.018096923828,-0.0995735228061676,-0.00250840466469526,0.394460201263428,14.4886636734009,14.7332983016968,3.74719500541687,0.129151716828346,0.123038053512573,0.0160061288625002,0.983831942081451
491.573944091797,-0.0990979000926018,-0.00725018046796322,0.388586044311523,16.6911430358887,13.6032819747925,3.12478923797607,0.147263035178185,0.113205172121525,0.00960370246320963,0.982550799846649
492.11181640625,-0.101872876286507,-0.011763783171773,0.387071341276169,18.6295318603516,13.7078914642334,3.55558347702026,0.164277568459511,0.112723037600517,0.0110888220369816,0.979889512062073
492.644134521484,-0.101634092628956,-0.0128189958631992,0.390952855348587,18.9901924133301,13.6248178482056,3.27164244651794,0.167071536183357,0.112270347774029,0.00839691422879696,0.979495763778687
493.197357177734,-0.102021083235741,-0.0130932843312621,0.393426060676575,19.2977561950684,13.7157316207886,3.61912727355957,0.170044869184494,0.112403988838196,0.0109043875709176,0.978943884372711
493.738861083984,-0.100620701909065,-0.0122674126178026,0.394584894180298,18.4939861297607,14.6678075790405,4.61628580093384,0.164321064949036,0.11947176605463,0.0189294535666704,0.978962063789368
494.322326660156,-0.107934415340424,-0.0857053399085999,0.424960047006607,45.4320259094238,8.74483299255371,3.21132159233093,0.386859267950058,0.0595085918903351,-0.00365754961967468,0.920209407806396
494.889770507813,-0.0993626788258553,-0.0497884824872017,0.424273878335953,30.8100814819336,13.0050888061523,4.87811470031738,0.268339186906815,0.0978475883603096,0.0107079390436411,0.958282470703125
495.421844482422,-0.0972784236073494,-0.0271953083574772,0.417642295360565,22.4343147277832,14.5861539840698,4.07448673248291,0.197258919477463,0.117581658065319,0.00990919768810272,0.97322416305542
495.955993652344,-0.0951065570116043,-0.0220035221427679,0.412521749734879,20.9555606842041,14.5254163742065,3.42687296867371,0.18403148651123,0.118861511349678,0.00618663337081671,0.975687503814697
496.4921875,-0.0943206623196602,-0.0213304739445448,0.411754667758942,21.0183811187744,14.059380531311,2.98413848876953,0.184094026684761,0.115576393902302,0.00309496303088963,0.976085007190704
497.033233642578,-0.095387727022171,-0.020364923402667,0.412207514047623,20.4602546691895,13.9917688369751,3.02331042289734,0.179380595684052,0.115169711410999,0.00414355983957648,0.977006375789642
497.580230712891,-0.0956650525331497,-0.0206158552318811,0.413204342126846,20.6762046813965,13.9629096984863,2.99130439758301,0.181186228990555,0.114884838461876,0.00368182244710624,0.976708471775055
498.124084472656,-0.0956627130508423,-0.0210280250757933,0.41458785533905,20.9143028259277,13.8239164352417,3.04415225982666,0.183260962367058,0.113517485558987,0.00409635156393051,0.976479649543762
498.655303955078,-0.0978723466396332,-0.0214351806789637,0.415702402591705,21.0113620758057,13.5727310180664,3.33079671859741,0.184355735778809,0.11087579280138,0.00683843670412898,0.976561725139618
499.1904296875,-0.0985601991415024,-0.0218845009803772,0.416093766689301,21.1219692230225,13.7034206390381,3.32752537727356,0.185301393270493,0.11194633692503,0.00648204935714602,0.976262986660004
499.733428955078,-0.0981805548071861,-0.013084945268929,0.413396507501602,17.097448348999,13.852970123291,3.41632485389709,0.151054799556732,0.114804163575172,0.011343689635396,0.981770753860474
500.270721435547,-0.0972693562507629,-0.0134611865505576,0.413224965333939,17.5549430847168,13.4333152770996,3.13980674743652,0.154659807682037,0.111394368112087,0.00904887728393078,0.981626093387604
500.807495117188,-0.0983139872550964,-0.0151871191337705,0.413901448249817,18.5960636138916,13.1786670684814,3.1073625087738,0.163514047861099,0.108851104974747,0.00804684869945049,0.980484485626221
501.352569580078,-0.0992687791585922,-0.0145480539649725,0.412033200263977,18.3135604858398,12.9858484268188,3.09649515151978,0.161074414849281,0.10732663422823,0.00851465482264757,0.981052279472351
501.888305664063,-0.104534663259983,-0.0111667588353157,0.411010354757309,16.9319477081299,13.1061487197876,3.55796265602112,0.149693951010704,0.108285062015057,0.0137118035927415,0.982689201831818
502.4228515625,-0.105487272143364,-0.00853757280856371,0.409085959196091,16.1018905639648,12.8423681259155,3.54090523719788,0.142529681324959,0.106381379067898,0.0147432945668697,0.983946621417999
502.966094970703,-0.09910649061203,-0.00930096209049225,0.410153210163116,16.6700878143311,13.1005849838257,2.94587254524231,0.146868824958801,0.109131187200546,0.00873617269098759,0.98307865858078
503.505249023438,-0.102024704217911,-0.0094559658318758,0.411011248826981,16.7459297180176,12.9832153320313,3.11550498008728,0.147669792175293,0.107878148555756,0.0102654183283448,0.983082175254822
504.038940429688,-0.103767171502113,-0.0119186900556087,0.411094546318054,17.8203811645508,13.132493019104,3.41938376426697,0.157172158360481,0.108330905437469,0.0115782916545868,0.981543302536011
504.58154296875,-0.102382019162178,-0.0147261740639806,0.410158604383469,19.1863327026367,12.8798856735229,3.39713025093079,0.16880489885807,0.105636052787304,0.0103586269542575,0.979917705059052
505.141784667969,-0.104702584445477,-0.0150113794952631,0.409891992807388,19.3450450897217,12.9976577758789,3.501296043396,0.170267626643181,0.106421947479248,0.0109142763540149,0.979573488235474
505.6748046875,-0.105987191200256,-0.0147940665483475,0.410419255495071,19.2334156036377,13.039867401123,3.74847960472107,0.169548526406288,0.106464952230453,0.0130787622183561,0.979667007923126
506.206878662109,-0.103018797934055,-0.0151955019682646,0.411677360534668,19.4118518829346,12.9986038208008,3.42746520042419,0.170769542455673,0.106511533260345,0.0102137951180339,0.979483902454376
506.745025634766,-0.104398593306541,-0.0148785170167685,0.410792768001556,19.3461627960205,13.0094690322876,3.62266182899475,0.170391023159027,0.106342017650604,0.0119330557063222,0.979548811912537
507.283843994141,-0.105860456824303,-0.0149679761379957,0.410752028226852,19.356575012207,12.9468603134155,3.68929266929626,0.170534878969193,0.105703145265579,0.0125851659104228,0.979584813117981
507.833526611328,-0.105975516140461,-0.0148423984646797,0.411084771156311,19.4418811798096,12.610502243042,3.70855832099915,0.171243011951447,0.102761305868626,0.0131658399477601,0.979766607284546
508.369750976563,-0.104894042015076,-0.0152898076921701,0.410925388336182,19.5853977203369,12.7883567810059,3.47131180763245,0.172272309660912,0.104575425386429,0.0107280863448977,0.979423880577087
508.907836914063,-0.106583572924137,-0.0149958077818155,0.408799141645432,19.3990097045898,12.6540021896362,3.71171236038208,0.170884743332863,0.103147342801094,0.0131704453378916,0.979788541793823
509.438110351563,-0.109821490943432,-0.0145737994462252,0.405828177928925,19.1589469909668,12.8161115646362,4.01991415023804,0.169133901596069,0.10418438911438,0.0158060491085052,0.979943633079529
509.973022460938,-0.109423592686653,-0.0150065049529076,0.408229351043701,19.4834804534912,12.6845264434814,4.04263257980347,0.171907335519791,0.102875180542469,0.0158696733415127,0.9795982837677
510.513092041016,-0.108128547668457,-0.0157572329044342,0.411458104848862,19.8095550537109,12.5310745239258,3.93808937072754,0.174576789140701,0.101571351289749,0.0148836420848966,0.979277729988098
511.061981201172,-0.109017983078957,-0.0158608853816986,0.410173505544662,19.7773666381836,12.5980710983276,4.03006315231323,0.174392700195313,0.102018676698208,0.0155995320528746,0.979252815246582
511.592132568359,-0.109210766851902,-0.0161160603165627,0.410270184278488,19.8865642547607,12.5410594940186,4.01108407974243,0.175299972295761,0.101509787142277,0.0154159218072891,0.979146599769592
512.172668457031,-0.109495878219604,-0.0254070162773132,0.41157266497612,24.4827556610107,12.2789459228516,4.63684940338135,0.214869990944862,0.0959037318825722,0.0166486594825983,0.971779942512512
512.750549316406,-0.104515969753265,-0.0131527837365866,0.40918642282486,19.1815090179443,13.2898101806641,3.95216226577759,0.169326364994049,0.108323954045773,0.0145040424540639,0.97948157787323
513.291564941406,-0.104929834604263,-0.0180817600339651,0.412747323513031,21.485107421875,13.286416053772,4.16965627670288,0.189157098531723,0.106848157942295,0.0139523344114423,0.976016581058502
513.822692871094,-0.105543822050095,-0.0197934582829475,0.41298234462738,22.3277835845947,13.0324649810791,4.28282165527344,0.1963911652565,0.104071602225304,0.0144649595022202,0.974879682064056
514.374389648438,-0.10625284165144,-0.0201009251177311,0.412980794906616,22.4725170135498,13.0221853256226,4.19308376312256,0.197537541389465,0.104065075516701,0.0135698113590479,0.974661588668823
514.919677734375,-0.107167035341263,-0.020804749801755,0.415165662765503,22.7865810394287,12.8744506835938,4.36409425735474,0.2003393471241,0.102351628243923,0.0149577613919973,0.974250793457031
515.453308105469,-0.105259582400322,-0.0212900713086128,0.415294736623764,23.1570014953613,12.9452962875366,4.16536378860474,0.203312590718269,0.103114329278469,0.0127642815932631,0.973585426807404
515.999877929688,-0.106677241623402,-0.021518737077713,0.416482985019684,23.3685131072998,12.8603687286377,4.41627740859985,0.205320358276367,0.10183647274971,0.0148303220048547,0.97326922416687
516.540771484375,-0.107955515384674,-0.0221158713102341,0.418147474527359,23.6662540435791,12.711802482605,4.60511684417725,0.207990154623985,0.100075960159302,0.0163980685174465,0.972859740257263
517.078552246094,-0.107600130140781,-0.0223697554320097,0.41949525475502,23.6098575592041,12.4767189025879,4.25997734069824,0.207181617617607,0.0987345725297928,0.0139499027282,0.973207414150238
517.613891601563,-0.103924974799156,-0.0239485017955303,0.424052655696869,24.3793506622314,12.5378885269165,3.96965980529785,0.213456839323044,0.0994001999497414,0.01060891430825,0.971824705600739
518.167114257813,-0.110781751573086,-0.0223748050630093,0.42245289683342,23.6501216888428,10.9220294952393,3.39231204986572,0.206661820411682,0.0870698839426041,0.00934576615691185,0.974485695362091
518.710998535156,-0.108917571604252,-0.0213233195245266,0.413805514574051,23.3269157409668,12.0497379302979,3.10718774795532,0.203759074211121,0.0973043441772461,0.00519431009888649,0.974159717559814
519.244323730469,-0.109596461057663,-0.0211468078196049,0.411834537982941,23.2787952423096,11.9908952713013,3.25508785247803,0.203472539782524,0.0965615138411522,0.00660165632143617,0.974285006523132
519.793334960938,-0.108403079211712,-0.0211731754243374,0.41220286488533,23.3711395263672,11.5716104507446,2.9468719959259,0.203980684280396,0.093506284058094,0.00464091915637255,0.974488019943237
520.359680175781,-0.111761912703514,-0.0205549243837595,0.408072650432587,23.1531352996826,11.8263425827026,3.34117245674133,0.20246696472168,0.0950633436441422,0.00774285895749927,0.9746333360672
520.89453125,-0.114467173814774,-0.0198491271585226,0.407131314277649,22.7422790527344,11.734073638916,3.70818877220154,0.19927042722702,0.0938155651092529,0.0114096011966467,0.975376725196838
521.422912597656,-0.111790552735329,-0.0217407904565334,0.408381938934326,23.7285633087158,11.4876079559326,3.43073272705078,0.20740208029747,0.0917751714587212,0.00858102738857269,0.97390353679657
521.959106445313,-0.113534443080425,-0.0214003045111895,0.408225625753403,23.6383056640625,10.9932794570923,3.64918088912964,0.206763237714767,0.0872175097465515,0.011411857791245,0.974428951740265
522.522277832031,-0.114577956497669,-0.0221464969217777,0.412023693323135,23.9748229980469,10.9815139770508,3.68720030784607,0.209647968411446,0.0868989154696465,0.0114621808752418,0.973840296268463
523.076477050781,-0.112424194812775,-0.0222999192774296,0.411919176578522,24.0711765289307,11.0776777267456,3.52734541893005,0.21035261452198,0.0879664421081543,0.00984312407672405,0.97361022233963
523.619384765625,-0.114193841814995,-0.0217147171497345,0.410944879055023,23.8591480255127,11.2687387466431,3.8543426990509,0.208824589848518,0.089087225496769,0.0124606639146805,0.973807215690613
524.163818359375,-0.115716218948364,-0.0218126531690359,0.411965221166611,23.8220081329346,11.4390869140625,4.01037788391113,0.208650857210159,0.0902680084109306,0.0135099366307259,0.973721742630005
524.705688476563,-0.113208070397377,-0.0227627996355295,0.414719551801682,24.1236934661865,11.1419563293457,3.73507452011108,0.210963770747185,0.0881072506308556,0.0114433718845248,0.973447740077972
525.255065917969,-0.101494662463665,0.0189674701541662,0.412107318639755,1.16438961029053,16.0797138214111,4.33516263961792,0.0153436092659831,0.13937409222126,0.0360285863280296,0.989465177059174
525.796752929688,-0.094736710190773,-0.00254989019595087,0.416002929210663,13.9458723068237,16.4465637207031,3.8627781867981,0.124868907034397,0.137843087315559,0.0157552883028984,0.982424974441528
526.352233886719,-0.0982538163661957,-0.00812924467027187,0.415263026952744,16.7644863128662,15.9761419296265,3.93890571594238,0.149001494050026,0.132439970970154,0.0134235210716724,0.979835748672485
526.884155273438,-0.101626574993134,-0.00797857623547316,0.415539860725403,16.786449432373,15.4286508560181,4.01949834823608,0.149213135242462,0.127641946077347,0.0147984009236097,0.980420351028442
527.4228515625,-0.102007463574409,-0.00155254849232733,0.415361702442169,13.6069850921631,15.7221698760986,3.98802876472473,0.122005641460419,0.131643190979958,0.0180326048284769,0.983595252037048
527.961181640625,-0.105515286326408,-0.00455554807558656,0.417767852544785,15.1567583084106,15.3327226638794,4.24375867843628,0.135510116815567,0.12730909883976,0.0187922473996878,0.982382953166962
528.504699707031,-0.10582323372364,-0.00515937386080623,0.417870044708252,15.4781036376953,15.1933927536011,4.23747777938843,0.13823139667511,0.125970751047134,0.018522284924984,0.982181429862976
529.030700683594,-0.106892943382263,-0.00621058978140354,0.420322149991989,15.9818382263184,15.0102796554565,4.24054336547852,0.14251634478569,0.124159164726734,0.0181789845228195,0.981806039810181
529.585571289063,-0.108007669448853,-0.00719004124403,0.420082449913025,16.5500411987305,14.6174831390381,4.25096273422241,0.147326231002808,0.120510287582874,0.018106872215867,0.981552004814148
530.127624511719,-0.10653717815876,-0.0225679110735655,0.408990770578384,26.0587844848633,13.6861381530762,3.9244601726532,0.227688297629356,0.108350090682507,0.00627470249310136,0.967666745185852
530.672485351563,-0.102602705359459,-0.0246359910815954,0.400181949138641,27.0077457427979,12.9862327575684,3.17868781089783,0.234973683953285,0.103480190038681,0.000399789103539661,0.966477692127228
531.226135253906,-0.106299936771393,-0.0217998027801514,0.409320712089539,24.5459575653076,12.6954727172852,3.72404623031616,0.214665159583092,0.101113937795162,0.00806567724794149,0.971406102180481
531.796203613281,-0.11129167675972,-0.0199573803693056,0.408786505460739,23.8689804077148,10.0142469406128,3.00356340408325,0.208171233534813,0.0799647271633148,0.00750106666237116,0.974789321422577
532.328491210938,-0.112806409597397,-0.0198894180357456,0.410613864660263,23.8900775909424,10.1245613098145,2.95157694816589,0.208320915699005,0.0809895470738411,0.00684159761294723,0.974677562713623
532.875427246094,-0.111916087567806,-0.0206664949655533,0.412582188844681,24.4041805267334,9.81630039215088,2.9077742099762,0.212639406323433,0.0782557502388954,0.00663035782054067,0.973969519138336
533.421447753906,-0.113506942987442,-0.0200819969177246,0.408443480730057,24.0964622497559,10.1408643722534,3.20611190795898,0.210254773497581,0.0805831328034401,0.00881083123385906,0.974280118942261
533.962707519531,-0.115521132946014,-0.0203528553247452,0.408927202224731,24.2530288696289,10.4630565643311,3.56493806838989,0.211867600679398,0.0825958251953125,0.0111390547826886,0.973738133907318
534.504760742188,-0.115180298686028,-0.0213630516082048,0.410875558853149,24.8053169250488,10.7226362228394,4.08418464660645,0.216956987977028,0.0835776925086975,0.0145942959934473,0.972487270832062
535.056274414063,-0.113658875226974,-0.0216318797320127,0.407466411590576,24.9056701660156,10.6079940795898,3.48751306533813,0.217359870672226,0.0836898759007454,0.0096623171120882,0.972449123859406
535.615539550781,-0.113586150109768,-0.0227868854999542,0.408136248588562,25.3806324005127,10.6739950180054,3.61081194877625,0.221479192376137,0.0838052555918694,0.0101790158078074,0.971504032611847
536.165344238281,-0.111036531627178,-0.023749265819788,0.412381678819656,25.8551559448242,10.5451431274414,3.64272856712341,0.225506767630577,0.0824389830231667,0.0102987354621291,0.970692753791809
536.719299316406,-0.11130429059267,-0.0228638276457787,0.408361554145813,25.3449039459229,10.9316816329956,3.80887460708618,0.2213474214077,0.0856233015656471,0.0113909859210253,0.971362054347992
537.259521484375,-0.114601969718933,-0.0224164705723524,0.404906660318375,25.0949363708496,11.3226118087769,4.15808582305908,0.219539701938629,0.0883853435516357,0.0138220526278019,0.971493363380432
537.807678222656,-0.117224097251892,-0.022812832146883,0.407209008932114,25.2721557617188,11.1368589401245,4.53714656829834,0.221302703022957,0.0859916657209396,0.0172323007136583,0.971253633499146
538.341430664063,-0.117392122745514,-0.0235511008650064,0.411445587873459,25.5713729858398,11.0279302597046,4.4936580657959,0.223785191774368,0.0849977880716324,0.0168070420622826,0.970779657363892
538.893615722656,-0.117770969867706,-0.0165345929563046,0.412236571311951,22.1239585876465,11.3769979476929,4.67556953430176,0.194735020399094,0.0894094109535217,0.0208332948386669,0.976550161838531
539.464782714844,-0.11368553340435,-0.0234221145510674,0.411137521266937,25.5109443664551,11.2609052658081,4.16065692901611,0.223054170608521,0.0876513347029686,0.0135860396549106,0.970762312412262
540.010009765625,-0.114919722080231,-0.0239212531596422,0.409050136804581,25.7612800598145,10.733941078186,4.50575113296509,0.225356206297874,0.0823856741189957,0.0173181593418121,0.970632433891296
540.554748535156,-0.117037907242775,-0.0241813212633133,0.407173305749893,25.7769660949707,10.8059196472168,4.53565311431885,0.225521355867386,0.082928404211998,0.0174161046743393,0.970546066761017
541.104858398438,-0.117146044969559,-0.0234686620533466,0.405049413442612,25.4132423400879,10.6761026382446,4.51835823059082,0.222412258386612,0.0820497274398804,0.0178404208272696,0.971330225467682
541.641235351563,-0.115927286446095,-0.0230422355234623,0.403185158967972,25.2558403015137,10.9006805419922,4.36642408370972,0.221003264188766,0.0843274667859077,0.0162554513663054,0.971484541893005
542.195678710938,-0.117484197020531,-0.0243224538862705,0.406759709119797,25.7964553833008,11.0051174163818,4.61987400054932,0.225778132677078,0.08443932980299,0.0177198518067598,0.970350623130798
542.722717285156,-0.117423117160797,-0.0240015611052513,0.403436273336411,25.6465702056885,10.899938583374,4.68687582015991,0.22454334795475,0.083496168255806,0.0186273548752069,0.97070175409317
543.274597167969,-0.115017786622047,-0.0244337543845177,0.405170321464539,25.8699512481689,10.8855409622192,4.50405693054199,0.226296409964561,0.0836167931556702,0.0169097613543272,0.970315515995026
543.809753417969,-0.115987554192543,-0.0249370224773884,0.408308923244476,26.0596313476563,10.8896350860596,4.61494541168213,0.227980807423592,0.0833325386047363,0.017672797665,0.969932019710541
544.356506347656,-0.116978012025356,-0.0241369027644396,0.405006766319275,25.6917552947998,11.3023662567139,4.77361822128296,0.225055024027824,0.0867099910974503,0.0185317825525999,0.970303177833557
544.891174316406,-0.118501491844654,-0.0235858652740717,0.404422968626022,25.4730892181396,11.2759771347046,5.07432222366333,0.223428726196289,0.0860191211104393,0.0213310439139605,0.970682919025421
545.437377929688,-0.118882544338703,-0.0244940035045147,0.407571792602539,25.8252220153809,11.0840492248535,5.03013563156128,0.226336628198624,0.0842826589941978,0.0210120026022196,0.970168352127075
545.996520996094,-0.120645880699158,-0.0248127561062574,0.407990127801895,25.9173679351807,11.12135887146,5.22915077209473,0.227268472313881,0.0841523110866547,0.0225391145795584,0.969927549362183
546.538452148438,-0.119721174240112,-0.0247054100036621,0.406144142150879,25.7517623901367,11.1047458648682,5.05137300491333,0.225735321640968,0.0844571888446808,0.0212175995111465,0.970288813114166
547.107849121094,-0.119922265410423,-0.0244362410157919,0.405433267354965,25.6699752807617,11.0956373214722,5.0848388671875,0.225067064166069,0.0843601822853088,0.0215931255370378,0.970444202423096
547.656311035156,-0.123145058751106,-0.023651635274291,0.403257250785828,25.3100032806396,11.2673358917236,5.48022985458374,0.222351506352425,0.0852506756782532,0.0249371621757746,0.970912098884583
548.201782226563,-0.123217791318893,-0.0240493528544903,0.405975610017776,25.49391746521,11.0870456695557,5.48926448822021,0.223873540759087,0.0835968181490898,0.0251956284046173,0.970699429512024
548.761901855469,-0.121933072805405,-0.0246800575405359,0.406163662672043,25.6462554931641,11.1508436203003,5.34921360015869,0.225072085857391,0.0843220353126526,0.0237451829016209,0.970396101474762
549.298278808594,-0.123838946223259,-0.0246399529278278,0.406195908784866,25.5821895599365,11.2183275222778,5.36311006546021,0.224554911255836,0.0849036797881126,0.0237893052399158,0.970464110374451
549.845825195313,-0.124183312058449,-0.0243486650288105,0.405185520648956,25.4992618560791,11.0965747833252,5.56445360183716,0.223975658416748,0.0835274234414101,0.0258090421557426,0.970665752887726
550.37744140625,-0.123351156711578,-0.0169187858700752,0.405990898609161,21.576229095459,10.6463165283203,4.87103891372681,0.190074652433395,0.0831312537193298,0.0242146048694849,0.977944016456604
550.912414550781,-0.122858628630638,-0.0203612428158522,0.409272521734238,23.2338180541992,10.2577533721924,4.94153356552124,0.204149201512337,0.0788375735282898,0.0240727942436934,0.975463092327118
551.456604003906,-0.124467059969902,-0.0227674469351768,0.407509803771973,24.1412162780762,10.2935247421265,5.58264923095703,0.212298735976219,0.0774771124124527,0.0286928005516529,0.973705947399139
551.989196777344,-0.123662807047367,-0.0261236764490604,0.402415931224823,25.6784591674805,9.01297950744629,5.44731330871582,0.22491917014122,0.0659941583871841,0.0287472996860743,0.971714854240417
552.527099609375,-0.120840340852737,-0.0261435527354479,0.401541352272034,25.9085350036621,8.85559749603271,5.1486668586731,0.226657971739769,0.0651231780648232,0.0263523794710636,0.971437454223633
553.063049316406,-0.124438226222992,-0.020134449005127,0.398970305919647,22.9257526397705,9.61838817596436,5.68123865127563,0.201861888170242,0.0722504258155823,0.0317575111985207,0.976229012012482
553.635375976563,-0.120077222585678,-0.0220256075263023,0.404185473918915,24.0658435821533,9.42206573486328,5.00289392471313,0.211077198386192,0.0711812898516655,0.0254357308149338,0.974542319774628
554.183044433594,-0.121361695230007,-0.0219756830483675,0.403079271316528,24.1249885559082,9.04067325592041,5.14645004272461,0.211578622460365,0.067641906440258,0.0273146908730268,0.974634826183319
554.716796875,-0.120880365371704,-0.0222358144819736,0.404387176036835,24.2755470275879,8.70499897003174,5.03116416931152,0.212711229920387,0.0649222582578659,0.0268441457301378,0.974586308002472
555.256774902344,-0.123063981533051,-0.0222214143723249,0.405895531177521,24.2790031433105,8.45607280731201,5.24377584457397,0.212797939777374,0.0624085515737534,0.0291121322661638,0.974666476249695
555.794921875,-0.125403627753258,-0.0220227427780628,0.406449913978577,24.3052940368652,8.28893566131592,5.63546085357666,0.213185742497444,0.0602448247373104,0.0327355526387691,0.974602878093719
556.33935546875,-0.124978289008141,-0.0219758618623018,0.406456172466278,24.2884159088135,8.26771640777588,5.63686084747314,0.213037058711052,0.0600710473954678,0.0327988266944885,0.974644005298615
556.887145996094,-0.125477656722069,-0.0223720632493496,0.405560225248337,24.3287258148193,8.2638053894043,5.60358762741089,0.213360816240311,0.0600775443017483,0.0324947349727154,0.974582970142365
557.417541503906,-0.127074226737022,-0.0225827172398567,0.4068304002285,24.4574298858643,8.14374160766602,5.71773433685303,0.214478194713593,0.0587724149227142,0.0335994474589825,0.97437983751297
557.974670410156,-0.126712322235107,-0.0224111117422581,0.406736969947815,24.4568939208984,7.85483121871948,5.66758108139038,0.214363604784012,0.0564097240567207,0.0337139293551445,0.974540710449219
558.526428222656,-0.127289429306984,-0.022112837061286,0.405862808227539,24.317533493042,7.81524276733398,5.85980176925659,0.213262170553207,0.0557915084064007,0.0355167053639889,0.97475391626358
559.069885253906,-0.128380954265594,-0.0221714321523905,0.406791478395462,24.5358104705811,7.47890424728394,5.66338872909546,0.214920148253441,0.0531775131821632,0.034330278635025,0.974578320980072
559.602783203125,-0.131073445081711,-0.023036764934659,0.409816145896912,24.8317699432373,7.18625974655151,6.23033618927002,0.217592433094978,0.0494535677134991,0.0395131893455982,0.973984897136688
560.146179199219,-0.130597114562988,-0.0240782275795937,0.410269320011139,25.1582565307617,7.55240678787231,6.48762369155884,0.220603883266449,0.0518788620829582,0.0407863967120647,0.973128437995911
560.68994140625,-0.129045888781548,-0.0240431316196918,0.410845339298248,25.2149353027344,7.25572729110718,6.20436334609985,0.220855504274368,0.0498712547123432,0.0389151461422443,0.973252952098846
561.236022949219,-0.133221432566643,-0.0237579625099897,0.409696578979492,25.0195713043213,7.23546361923218,7.01436328887939,0.21953821182251,0.0482617802917957,0.0459601879119873,0.973324954509735
561.800109863281,-0.133509635925293,-0.0245859622955322,0.414811700582504,25.301290512085,6.70945262908936,6.94168996810913,0.221686139702797,0.0437562167644501,0.0461775176227093,0.973040759563446
562.365051269531,-0.128447338938713,-0.0231009311974049,0.410769015550613,24.5900440216064,6.77131080627441,6.66739702224731,0.215569540858269,0.0452428720891476,0.0441637486219406,0.974439561367035
562.905883789063,-0.124557472765446,-0.0221649929881096,0.4049072265625,23.9543838500977,7.70890998840332,6.78243064880371,0.210580170154572,0.0533957816660404,0.0438089966773987,0.975133657455444
563.470703125,-0.127818018198013,-0.0221203994005919,0.404763907194138,24.0200119018555,7.77316427230835,6.86314296722412,0.211200058460236,0.0537526905536652,0.0443327054381371,0.974956274032593
564.009704589844,-0.130744606256485,-0.0222196280956268,0.406166434288025,24.0601615905762,7.55952215194702,6.99776601791382,0.211518943309784,0.0516611821949482,0.0458448678255081,0.974930346012115
564.557434082031,-0.129377156496048,-0.0214654467999935,0.405186146497726,23.7909126281738,7.38242387771606,6.74940967559814,0.209050595760345,0.0507788769900799,0.044234786182642,0.975583255290985
565.086730957031,-0.129729628562927,-0.0218867976218462,0.406579047441483,24.0408420562744,7.52937507629395,6.86347341537476,0.211282387375832,0.0516646765172482,0.0447708331048489,0.975031316280365
565.615966796875,-0.132878765463829,-0.022121774032712,0.4068284034729,23.9899768829346,7.38974761962891,7.07661151885986,0.210889115929604,0.0501162931323051,0.046875424683094,0.975098371505737
566.171020507813,-0.132381826639175,-0.022045174613595,0.406622648239136,24.0759143829346,7.26823425292969,7.05368709564209,0.211559504270554,0.0490695349872112,0.0468479543924332,0.975007712841034
566.706176757813,-0.131909936666489,-0.0223384406417608,0.406712114810944,24.1514339447021,7.34156227111816,6.97669649124146,0.212197437882423,0.0497876666486263,0.0460079535841942,0.974872708320618
567.254150390625,-0.132834240794182,-0.02234723046422,0.405650317668915,24.048641204834,7.30534839630127,7.08978319168091,0.211358562111855,0.0493361949920654,0.0471044145524502,0.975025534629822
567.786010742188,-0.131802901625633,-0.0219806469976902,0.405212253332138,24.0957908630371,7.35207271575928,7.00367212295532,0.211740791797638,0.0498625636100769,0.0462545603513718,0.974956512451172
568.332214355469,-0.132256865501404,-0.0216226130723953,0.404719948768616,24.0662746429443,7.36668109893799,7.11702537536621,0.211545333266258,0.0497964136302471,0.0472114384174347,0.974956452846527
568.862426757813,-0.133883088827133,-0.021777680143714,0.406082600355148,24.1523532867432,7.32670211791992,7.27694606781006,0.212328687310219,0.0491044893860817,0.0485890507698059,0.974753499031067
569.404541015625,-0.134532541036606,-0.0222166944295168,0.406719624996185,24.2210292816162,7.3414134979248,7.30102825164795,0.212928384542465,0.0491397455334663,0.0487212277948856,0.974614322185516
569.95068359375,-0.133304044604301,-0.022294033318758,0.406678348779678,24.2635326385498,7.25665616989136,7.18483304977417,0.213203951716423,0.0486071109771729,0.0478626117110252,0.974623322486877
570.484191894531,-0.133125424385071,-0.0226904489099979,0.408072054386139,24.4069232940674,7.19649505615234,7.1093111038208,0.214364498853683,0.0481436997652054,0.0472392365336418,0.97442215681076
571.021423339844,-0.133607715368271,-0.0229347236454487,0.408935278654099,24.5112915039063,7.21725273132324,7.15130949020386,0.215276598930359,0.0481741204857826,0.0474896095693111,0.974207401275635
571.56982421875,-0.13366587460041,-0.0228678174316883,0.408481627702713,24.50270652771,7.14972448348999,7.20616817474365,0.215198457241058,0.0475025400519371,0.0480884164571762,0.974228262901306
572.103393554688,-0.13406203687191,-0.022665910422802,0.408362984657288,24.46266746521,7.1617603302002,7.3095121383667,0.214906573295593,0.0474371090531349,0.0489703826606274,0.974251925945282
572.656494140625,-0.135589957237244,-0.0227015297859907,0.40945702791214,24.499641418457,7.13017749786377,7.46739625930786,0.21527162194252,0.0468477234244347,0.0503478944301605,0.974129617214203
573.186950683594,-0.135955095291138,-0.022877287119627,0.40913400053978,24.5449638366699,7.13433122634888,7.48250913619995,0.215664207935333,0.0468242615461349,0.0504390932619572,0.974039196968079
573.741333007813,-0.137445747852325,-0.0231501460075378,0.404443919658661,24.6418151855469,7.81964635848999,7.69025278091431,0.216878265142441,0.0521895326673985,0.0508454255759716,0.973475694656372
574.293151855469,-0.136332333087921,-0.0231731832027435,0.401298373937607,24.5776519775391,7.81441020965576,7.59000778198242,0.216286197304726,0.0523789934813976,0.0500487871468067,0.973638474941254
574.845764160156,-0.138971269130707,-0.0233274847269058,0.403784364461899,24.577033996582,7.72919940948486,7.8062310218811,0.216340765357018,0.051247276365757,0.052047174423933,0.973581790924072
575.384582519531,-0.141826435923576,-0.0234125982969999,0.403821974992752,24.6100692749023,8.01395893096924,8.18473434448242,0.216925472021103,0.0529268272221088,0.054700493812561,0.97321629524231
575.931213378906,-0.140140652656555,-0.0235101263970137,0.404494106769562,24.7243251800537,8.08362293243408,8.10536861419678,0.217889711260796,0.0535850748419762,0.0538110733032227,0.973014414310455
576.4677734375,-0.140913993120193,-0.02366678789258,0.404576629400253,24.7844696044922,8.03145980834961,8.14025497436523,0.218390911817551,0.0530316643416882,0.0541627034544945,0.972912907600403
577.008117675781,-0.142557874321938,-0.0240178965032101,0.405170142650604,24.8771877288818,8.07619953155518,8.26290225982666,0.219254374504089,0.0531087107956409,0.0550506971776485,0.972664654254913
577.55126953125,-0.140191838145256,-0.0245366729795933,0.399793118238449,25.7643527984619,9.89875888824463,8.1038179397583,0.227503195405006,0.0681991204619408,0.049438115209341,0.97012734413147
578.097778320313,-0.13212388753891,-0.0196936298161745,0.376585006713867,23.2408084869385,15.2270278930664,6.01798868179321,0.206188008189201,0.119115456938744,0.0243132635951042,0.970930933952332
578.648742675781,-0.127916991710663,-0.0223429538309574,0.370757311582565,25.1867523193359,19.3416080474854,5.96938371658325,0.22317698597908,0.152531921863556,0.0135177113115788,0.962675094604492
579.20068359375,-0.121840059757233,-0.0251547768712044,0.374580323696136,26.7458667755127,18.301721572876,5.6333646774292,0.235672011971474,0.143314406275749,0.0104613015428185,0.961150467395782
579.752868652344,-0.122808389365673,-0.0256419219076633,0.375706881284714,27.0532207489014,17.9758415222168,5.97178888320923,0.238623455166817,0.139652401208878,0.0135321095585823,0.960922956466675
580.291015625,-0.123622484505177,-0.0240520611405373,0.375398308038712,26.4390563964844,17.7041358947754,5.85976982116699,0.233320638537407,0.138060614466667,0.0140221295878291,0.962446928024292
580.8525390625,-0.1210707873106,-0.022072184830904,0.373183965682983,25.4578227996826,17.2710342407227,5.48751926422119,0.224601686000824,0.135862320661545,0.0131180444732308,0.96484375
581.396179199219,-0.120378866791725,-0.0193851888179779,0.369667619466782,24.1734619140625,16.7354698181152,5.32052040100098,0.213544398546219,0.132531329989433,0.0144624272361398,0.967793941497803
581.933166503906,-0.119511172175407,0.000842864625155926,0.368939369916916,14.8278179168701,16.5570888519287,4.60068082809448,0.133319780230522,0.137541592121124,0.0208230223506689,0.981261730194092
582.473815917969,-0.118899673223495,4.89875674247742E-06,0.371534556150436,15.135573387146,16.2028331756592,4.44333457946777,0.135702252388,0.134538754820824,0.0194986891001463,0.981378614902496
583.01806640625,-0.121583878993988,-0.00324656604789197,0.371687561273575,16.5907039642334,15.4389047622681,4.29265546798706,0.1478461176157,0.127469629049301,0.017358111217618,0.980607867240906
583.55908203125,-0.128739073872566,-0.00794137176126242,0.372710824012756,18.67942237854,16.7068367004395,4.62313747406006,0.166217267513275,0.136759951710701,0.0158188603818417,0.976431429386139
584.128479003906,-0.135610520839691,-0.0118964910507202,0.371487259864807,20.5493850708008,18.2982025146484,5.18687295913696,0.182997360825539,0.148325949907303,0.0156243676319718,0.971734166145325
584.71044921875,-0.138622313737869,-0.0127290673553944,0.374332547187805,20.7652072906494,18.3032970428467,5.37537527084351,0.185066655278206,0.147928491234779,0.0169046893715858,0.971381366252899
585.259399414063,-0.138933509588242,-0.0134136043488979,0.377747237682343,21.0805740356445,18.0993843078613,5.34164953231812,0.187659338116646,0.146051123738289,0.0164997912943363,0.971174955368042
585.809387207031,-0.139082252979279,-0.0136081976816058,0.378420948982239,21.251537322998,17.9342403411865,5.32368421554565,0.189057782292366,0.14457081258297,0.0163770206272602,0.971127331256866
586.346069335938,-0.137953355908394,-0.0155816357582808,0.376898616552353,21.9936637878418,18.1735897064209,5.0557804107666,0.195015206933022,0.146571889519691,0.0126557955518365,0.969703912734985
586.876892089844,-0.137701377272606,-0.0154452566057444,0.381020277738571,22.0822620391846,17.8910846710205,5.28934812545776,0.196024715900421,0.143725529313087,0.0149891255423427,0.969893097877502
587.418151855469,-0.135240599513054,-0.0149519592523575,0.386475443840027,21.8103866577148,17.5393047332764,5.2262659072876,0.193603858351707,0.14102903008461,0.0154317440465093,0.970767855644226
587.967834472656,-0.125481575727463,-0.0078999875113368,0.379510581493378,18.6711883544922,18.3453998565674,4.0991325378418,0.165665701031685,0.151471465826035,0.0089964997023344,0.974438488483429
588.502563476563,-0.123896881937981,-0.00796124618500471,0.379829913377762,18.4951305389404,18.2910766601563,4.16363143920898,0.16425184905529,0.151010006666183,0.0098732840269804,0.974740922451019
589.050109863281,-0.121452637016773,-0.00558179523795843,0.379993885755539,17.2750644683838,19.6828918457031,4.03380966186523,0.153828606009483,0.163671210408211,0.00862944684922695,0.974409580230713
589.587219238281,-0.116195805370808,-0.00746899656951427,0.384745895862579,18.4168815612793,18.301305770874,3.52357006072998,0.162741601467133,0.152049988508224,0.00452452758327127,0.974872052669525
590.137329101563,-0.115148171782494,-0.00857757870107889,0.387107402086258,18.789134979248,18.4357814788818,3.63097310066223,0.166050478816032,0.152857005596161,0.00471739005297422,0.974186718463898
590.670104980469,-0.120354190468788,-0.0115794986486435,0.387461543083191,20.0779228210449,17.5372180938721,4.13482475280762,0.177583545446396,0.143797591328621,0.00855132378637791,0.973505616188049
591.2294921875,-0.116442158818245,-0.0226746015250683,0.395907163619995,24.2394695281982,15.8844003677368,4.8393087387085,0.213459491729736,0.126194894313812,0.0118969306349754,0.968694150447845
591.767639160156,-0.131768748164177,-0.0411628298461437,0.396722763776779,30.1955833435059,11.6024761199951,8.36143779754639,0.265558212995529,0.0784377008676529,0.0437682904303074,0.959901452064514
592.317260742188,-0.141394212841988,-0.0696263164281845,0.402262449264526,39.9699478149414,6.72512626647949,9.07360363006592,0.344476372003555,0.0279618352651596,0.0542246177792549,0.936810493469238
592.852966308594,-0.139730200171471,-0.0660864189267159,0.422100245952606,28.2687683105469,7.39058923721313,9.68844413757324,0.248096689581871,0.0416970960795879,0.0660377442836761,0.965581953525543
593.389709472656,-0.14834788441658,-0.005919158924371,0.435892879962921,3.4761266708374,2.11219668388367,2.64076280593872,0.0307415872812271,0.0177191980183125,0.0224695727229118,0.99911767244339
593.93017578125,-0.110830061137676,-0.0187730584293604,0.437846750020981,14.0733165740967,9.46403789520264,2.67187023162842,0.123962447047234,0.0790054649114609,0.0129565736278892,0.989051878452301
594.481384277344,-0.136315584182739,-0.0337444469332695,0.459951937198639,20.706148147583,4.57329034805298,0.185499832034111,0.179633721709251,0.0389585606753826,-0.00557919358834624,0.982946038246155
595.042297363281,-0.127961352467537,-0.0339407287538052,0.424017757177353,20.4279308319092,353.472076416016,0.591295480728149,0.176745444536209,-0.056946512311697,0.0151660181581974,0.98249077796936
595.605712890625,-0.0583346411585808,-0.047483503818512,0.401618987321854,25.3072109222412,340.612365722656,358.639953613281,0.217863112688065,-0.161719039082527,0.0254680048674345,0.962150752544403
596.148803710938,-0.0560564771294594,-0.0549916215240955,0.380795627832413,25.4700908660889,344.798278808594,1.20035648345947,0.217142522335052,-0.131299063563347,0.0392840802669525,0.966471135616302
596.715087890625,-0.0684227719902992,-0.0498948059976101,0.364150613546371,24.4566974639893,358.001281738281,2.39837551116943,0.211373031139374,-0.0214738473296165,0.0241436827927828,0.976871252059937
597.262023925781,-0.0799353793263435,-0.00723674381151795,0.367922186851501,8.88405418395996,359.424011230469,3.96713066101074,0.0772295072674751,-0.00768913421779871,0.0348974950611591,0.996372759342194
597.814575195313,-0.0706204250454903,0.0742456391453743,0.321831583976746,338.957611083984,22.4550113677979,4.68230819702148,-0.171135112643242,0.198588296771049,0.074917383491993,0.962113797664642
598.344421386719,-0.102064937353134,0.00464520556852221,0.361501932144165,7.36346054077148,15.1001758575439,4.94822311401367,0.0692583024501801,0.128251492977142,0.0342759974300861,0.988726496696472
598.883056640625,-0.108190856873989,-0.0125526506453753,0.398827195167542,12.4417247772217,2.02012968063354,0.634588181972504,0.10843987762928,0.0169239845126867,0.00359416520223022,0.993952453136444
599.42333984375,-0.106504127383232,-0.0201627351343632,0.400985032320023,13.5920190811157,354.425903320313,358.830871582031,0.118681274354458,-0.0470739305019379,-0.00436507677659392,0.991806328296661
599.969421386719,-0.0898090079426765,-0.0238113775849342,0.393797159194946,16.7081890106201,356.384521484375,0.693403005599976,0.145026534795761,-0.0320891663432121,0.0105670681223273,0.988850831985474
600.514099121094,-0.0912501290440559,0.0180032569915056,0.377670109272003,2.61298322677612,355.712493896484,0.460416287183762,0.0226342044770718,-0.0374884456396103,0.00486691715195775,0.999028861522675
601.075439453125,-0.13847054541111,0.00397021835669875,0.355239063501358,4.62086486816406,13.1366710662842,4.40242719650269,0.044409517198801,0.112672574818134,0.0335178337991238,0.992073237895966
601.618530273438,-0.150582328438759,-0.00633519701659679,0.357617110013962,8.25481796264648,21.9553928375244,3.59616756439209,0.0765823498368263,0.187622413039207,0.0170241333544254,0.979103267192841
602.160888671875,-0.120042264461517,-0.0214868951588869,0.431478947401047,16.5768203735352,353.934906005859,2.01423454284668,0.143011778593063,-0.0548727922141552,0.0249938033521175,0.987882554531097
602.697143554688,-0.0395055152475834,-0.0389529839158058,0.412092626094818,27.7101936340332,352.816375732422,2.90492796897888,0.237378269433975,-0.0668634623289108,0.0395589917898178,0.968305706977844
603.244750976563,-0.0154044022783637,-0.0373790860176086,0.455340951681137,33.5905990600586,358.909851074219,7.27146053314209,0.287781119346619,-0.0274116974323988,0.0634485110640526,0.955198884010315
603.819274902344,-0.115819849073887,-0.0564080961048603,0.464445233345032,35.0461807250977,11.0088119506836,9.52753639221191,0.306262910366058,0.0662655830383301,0.0500472411513329,0.948318123817444
604.359497070313,-0.173845440149307,-0.0292646624147892,0.42895644903183,31.3081092834473,5.42186689376831,14.8787698745728,0.273154377937317,0.0102618495002389,0.111880525946617,0.955386936664581
604.917358398438,-0.0900798439979553,-0.0089586554095149,0.404141992330551,18.1411457061768,17.8784332275391,7.85942888259888,0.165885791182518,0.142409667372704,0.0424144342541695,0.974885821342468
605.44775390625,-0.0739887952804565,-0.0251831393688917,0.428187131881714,24.9946308135986,14.8599576950073,6.57910013198853,0.221467867493629,0.113729633390903,0.0276152174919844,0.968119323253632
606.000610351563,-0.063737578690052,-0.0278805755078793,0.455762028694153,26.1891441345215,14.5834474563599,5.92445087432861,0.230814948678017,0.111842550337315,0.0212099961936474,0.966315627098083
606.530700683594,-0.088832713663578,-0.0621410459280014,0.470822870731354,39.096492767334,4.51534223556519,2.35789489746094,0.335033804178238,0.0302360113710165,0.00619574030861259,0.941700458526611
607.075073242188,-0.07789346575737,-0.0296833254396915,0.468032628297806,25.8048553466797,16.0799446105957,5.73071479797363,0.227635353803635,0.125109732151031,0.0170566234737635,0.965525150299072
607.610107421875,-0.0718565136194229,-0.0261875707656145,0.468179136514664,24.9595603942871,17.2400913238525,4.17128133773804,0.218838304281235,0.138467416167259,0.00276484433561563,0.965882480144501
608.147033691406,-0.0750237107276917,-0.0266560036689043,0.468327760696411,24.9557399749756,16.044584274292,4.43020725250244,0.219054892659187,0.127890765666962,0.00723815243691206,0.967267572879791
608.690063476563,-0.0795610696077347,-0.0298365838825703,0.472004979848862,26.0035743713379,15.6814165115356,4.85840082168579,0.228311732411385,0.123355977237225,0.0102478675544262,0.965687334537506
609.229370117188,-0.0837529003620148,-0.0312554240226746,0.476429224014282,26.5362377166748,15.257643699646,5.38339233398438,0.233293801546097,0.118386074900627,0.0148688107728958,0.965058386325836
609.769958496094,-0.0849513188004494,-0.0313958115875721,0.473539680242538,26.6904048919678,15.3220949172974,5.44239282608032,0.234657466411591,0.118705876171589,0.0150455310940742,0.964685678482056
610.331970214844,-0.091187596321106,-0.0316824913024902,0.47419410943985,26.3699684143066,13.4572267532349,5.69754552841187,0.231914386153221,0.102678798139095,0.0213643368333578,0.967065870761871
610.891052246094,-0.0914421603083611,-0.0326722413301468,0.474687248468399,26.8675670623779,13.6830215454102,5.73168325424194,0.23617160320282,0.104186326265335,0.0206429753452539,0.965889275074005
611.440612792969,-0.0902179107069969,-0.0330325849354267,0.473483026027679,27.0535354614258,13.3959159851074,5.51635217666626,0.237490981817245,0.102090016007423,0.0192171540111303,0.965819001197815
611.991638183594,-0.0921650156378746,-0.0323153026401997,0.470540136098862,26.8906307220459,13.6021776199341,5.64936590194702,0.236276432871819,0.103659369051456,0.0200902465730906,0.965932011604309
612.530639648438,-0.0935766845941544,-0.0328208543360233,0.471380919218063,27.0724811553955,13.5337648391724,5.83485078811646,0.237959161400795,0.102578550577164,0.0215945784002542,0.965601801872253
613.077697753906,-0.0931198447942734,-0.0340034179389477,0.473666906356812,27.5876083374023,12.9978914260864,5.67995929718018,0.242051526904106,0.0980482548475266,0.0208552144467831,0.965071380138397
613.629333496094,-0.0950250029563904,-0.0341849811375141,0.472742259502411,27.6714878082275,12.7617197036743,5.69092988967896,0.242721796035767,0.0959814041852951,0.0213589183986187,0.96509975194931
614.182006835938,-0.0981818065047264,-0.0352320671081543,0.473428100347519,27.5481815338135,11.0340709686279,5.66642141342163,0.241317167878151,0.0815485417842865,0.0249220412224531,0.966692686080933
614.714233398438,-0.0989493280649185,-0.0361513644456863,0.472415179014206,27.7840576171875,10.3477458953857,5.87592172622681,0.243287324905396,0.0751699134707451,0.0279299393296242,0.966633677482605
615.252563476563,-0.101269580423832,-0.036279384046793,0.471950858831406,27.8404979705811,10.6537914276123,6.09616851806641,0.243984833359718,0.0772471129894257,0.0290869362652302,0.966259956359863
615.80322265625,-0.101496145129204,-0.0368279255926609,0.473698228597641,28.0577163696289,10.8870525360107,6.29032754898071,0.246003419160843,0.0786564126610756,0.0300278663635254,0.965605437755585
616.338562011719,-0.0986859053373337,-0.0370845384895802,0.473384082317352,28.2521533966064,10.8169250488281,6.04305028915405,0.247450172901154,0.0784708932042122,0.027917979285121,0.965314149856567
616.872802734375,-0.101121008396149,-0.0377497263252735,0.471463322639465,28.5964241027832,10.8221702575684,6.34179592132568,0.250546395778656,0.0776398628950119,0.0301083326339722,0.964516520500183
617.418701171875,-0.108204826712608,-0.0371867008507252,0.470496207475662,28.2929859161377,10.8648481369019,7.29439878463745,0.248651146888733,0.0761375203728676,0.0383154079318047,0.964835524559021
617.959045410156,-0.105336844921112,-0.0373026914894581,0.469050318002701,28.4519958496094,10.8912410736084,6.98860931396484,0.249790072441101,0.0769091919064522,0.0355353020131588,0.964586496353149
618.5087890625,-0.107696980237961,-0.037632804363966,0.468784689903259,28.5999584197998,10.8408937454224,7.18855285644531,0.251148998737335,0.0759413540363312,0.0371902659535408,0.96424788236618
619.076599121094,-0.110519409179688,-0.0375435464084148,0.469771504402161,28.5023193359375,10.9037485122681,7.53799152374268,0.250582456588745,0.0757779181003571,0.0400846339762211,0.964292168617249
619.633666992188,-0.11042781919241,-0.0376947373151779,0.469384729862213,28.5942573547363,10.7871446609497,7.28242015838623,0.251145452260971,0.0752875283360481,0.0381032451987267,0.964264452457428
620.172302246094,-0.111299209296703,-0.0376349799335003,0.4701027572155,28.6227893829346,10.5228414535522,7.34283256530762,0.2513347864151,0.0729098916053772,0.039164837449789,0.964355289936066
620.714477539063,-0.111087366938591,-0.0375920869410038,0.469053030014038,28.673885345459,10.5103712081909,7.23368787765503,0.251689791679382,0.0730070695281029,0.0382272191345692,0.964292943477631
621.244750976563,-0.107113510370255,-0.0371099561452866,0.457984030246735,28.4507675170898,9.80490493774414,6.95124101638794,0.249409556388855,0.0678437054157257,0.037587970495224,0.965287148952484
621.806396484375,-0.104205057024956,-0.0344589985907078,0.441265732049942,27.3625640869141,10.1610851287842,6.27602624893188,0.239948362112045,0.073017805814743,0.0320651791989803,0.967504560947418
622.34375,-0.105110183358192,-0.0341370850801468,0.441593587398529,27.1748847961426,10.7883901596069,6.40533351898193,0.238628417253494,0.0781668126583099,0.0320132970809937,0.967430412769318
622.896789550781,-0.105560392141342,-0.0360861122608185,0.449924319982529,27.832540512085,10.611385345459,6.44521903991699,0.244140192866325,0.0761513411998749,0.0321275964379311,0.966211378574371
623.441528320313,-0.10634557902813,-0.0367086194455624,0.456009566783905,27.8713340759277,10.7190561294556,6.76046562194824,0.244707480072975,0.0763602629303932,0.0345205254852772,0.965968787670135
623.980895996094,-0.106174021959305,-0.0305571462959051,0.456315010786057,25.1008605957031,11.0271663665771,6.71966505050659,0.221418172121048,0.0809484645724297,0.0360989160835743,0.971142768859863
624.518737792969,-0.106243789196014,-0.0317562855780125,0.458266168832779,25.6442794799805,10.9831409454346,6.7757773399353,0.226035013794899,0.0800952762365341,0.0361562967300415,0.970147252082825
625.054809570313,-0.103296406567097,-0.0130237685516477,0.461590945720673,16.2062835693359,11.511999130249,6.62602615356445,0.145748525857925,0.0910201221704483,0.0428121946752071,0.984195053577423
625.594543457031,-0.105670362710953,-0.0188268758356571,0.455033361911774,21.595516204834,10.5045623779297,6.42513561248779,0.191302299499512,0.0793244689702988,0.0376945063471794,0.977594077587128
626.155578613281,-0.122169613838196,0.0255011320114136,0.449749231338501,0.0112940380349755,14.9328327178955,5.32704925537109,0.00613623298704624,0.129800111055374,0.0460637249052525,0.990450620651245
626.711364746094,-0.0657375827431679,0.00370153598487377,0.472648859024048,20.9346294403076,3.14639091491699,6.45002794265747,0.182837262749672,0.0167376827448606,0.0503205507993698,0.98171192407608
627.256530761719,-0.0823803171515465,-0.00471919821575284,0.420254200696945,18.236888885498,14.864709854126,4.83369398117065,0.162390559911728,0.120980583131313,0.0208051968365908,0.97906082868576
627.786865234375,-0.0888253077864647,-0.0095714433118701,0.405961364507675,19.3599395751953,17.4626655578613,4.61111545562744,0.172081425786018,0.142833083868027,0.0136924367398024,0.974576473236084
628.333618164063,-0.0931521132588387,-0.0149230072274804,0.416927069425583,21.0162944793701,16.0515232086182,5.54806327819824,0.18702121078968,0.128375947475433,0.0216862205415964,0.973690092563629
628.874328613281,-0.0942438617348671,-0.0163820534944534,0.413954347372055,20.8938064575195,14.9353647232056,4.56053781509399,0.184729307889938,0.120558045804501,0.0152487801387906,0.975247859954834
629.410400390625,-0.104635529220104,-0.0177435446530581,0.407764136791229,21.5333518981934,12.1392993927002,5.8152117729187,0.190792724490166,0.0943193137645721,0.0298258326947689,0.976633250713348
629.950927734375,-0.0847456604242325,0.0131768006831408,0.389118283987045,8.39570236206055,17.5313301086426,0.0392679534852505,0.0723978653550148,0.151959970593452,-0.0108175650238991,0.985672175884247
630.484619140625,-0.0744514539837837,0.0174517631530762,0.388016819953918,6.9695291519165,19.955099105835,359.447784423828,0.0590297169983387,0.173228397965431,-0.0152686396613717,0.98299252986908
631.025268554688,-0.0803761035203934,0.0121363308280706,0.400931715965271,9.51615810394287,19.0583000183105,1.00645160675049,0.0832499787211418,0.164254024624825,-0.00509978272020817,0.982885599136353
631.561218261719,-0.08534886687994,0.00525771407410502,0.411132872104645,12.7074270248413,17.9138488769531,1.88191330432892,0.111842907965183,0.152919471263885,-0.00110532448161393,0.981888830661774
632.105590820313,-0.0880572199821472,-0.0026395320892334,0.418540447950363,16.228063583374,16.5199871063232,2.82177090644836,0.143139079213142,0.138744696974754,0.00385146168991923,0.979921579360962
632.70556640625,-0.09475027769804,-0.00489174574613571,0.418868511915207,17.0350570678711,15.7683982849121,4.06581592559814,0.151431873440742,0.130368694663048,0.0144466860219836,0.979726314544678
633.256286621094,-0.0943442806601524,-0.00445587281137705,0.419622778892517,16.8719291687012,15.4375677108765,3.94259190559387,0.149858832359314,0.12777853012085,0.0140260253101587,0.980315387248993
633.788635253906,-0.0957102999091148,-0.00505482451990247,0.418652504682541,16.9661903381348,15.5449934005737,4.21590328216553,0.150983452796936,0.128293678164482,0.0161089729517698,0.980043530464172
634.328796386719,-0.0981800705194473,-0.0052037900313735,0.421243637800217,16.9757232666016,15.3113851547241,4.46945905685425,0.151310786604881,0.125956326723099,0.0185743793845177,0.9802525639534
634.856262207031,-0.0960339158773422,-0.00576003361493349,0.421600103378296,17.1730003356934,15.0797262191772,4.34801721572876,0.152826756238937,0.124037086963654,0.0176082532852888,0.980279922485352
635.368957519531,-0.0963937342166901,-0.00512904673814774,0.418402493000031,16.9332809448242,15.1092405319214,4.39415836334229,0.150833517313004,0.124347411096096,0.0182471740990877,0.98053765296936
635.897521972656,-0.101827621459961,0.010153372772038,0.411013662815094,9.93640518188477,13.8301620483398,4.29628705978394,0.0904084518551826,0.116638943552971,0.0266514271497726,0.988691747188568
636.427795410156,-0.102888517081738,0.0154970372095704,0.409070611000061,7.52213287353516,13.4762630462646,4.31193971633911,0.0695011541247368,0.114545442163944,0.0295885559171438,0.990541994571686
636.957946777344,-0.10435263812542,0.00739261507987976,0.412729769945145,11.4235973358154,11.7822418212891,4.37412071228027,0.102824375033379,0.098276399075985,0.0275645088404417,0.98944890499115
637.469421386719,-0.102680400013924,0.00351456273347139,0.415820568799973,13.2010669708252,12.1482229232788,4.49386596679688,0.118334300816059,0.100551262497902,0.0265741292387247,0.987512171268463
637.999572753906,-0.10286970436573,0.00198813574388623,0.416254997253418,13.9546642303467,11.5154790878296,4.71557760238647,0.124858126044273,0.0945229157805443,0.0284523665904999,0.987251937389374
638.532531738281,-0.0977508872747421,0.00131890317425132,0.419872462749481,14.0998010635376,11.5165777206421,5.01387691497803,0.126352921128273,0.0941368192434311,0.0308883022516966,0.987025439739227
639.070922851563,-0.0965872704982758,0.00249086553230882,0.415698975324631,14.1957540512085,10.0015983581543,4.82427930831909,0.126625910401344,0.0812442526221275,0.0308442804962397,0.98813658952713
639.580017089844,-0.0908578038215637,0.000540089560672641,0.424453854560852,14.8754320144653,9.11380386352539,5.13407707214355,0.132438123226166,0.0729221478104591,0.0339968167245388,0.98792040348053
640.1083984375,-0.0928778201341629,-0.00151428882963955,0.425776809453964,15.8619298934937,7.86926317214966,4.60268974304199,0.140272617340088,0.0623796209692955,0.0302171166986227,0.987683832645416
640.64208984375,-0.0934923961758614,-0.0121894190087914,0.421494722366333,20.5893688201904,8.16121768951416,4.84607601165771,0.181058511137962,0.0624154396355152,0.0287856664508581,0.981067538261414
641.149841308594,-0.0929739102721214,-0.0173009596765041,0.413470864295959,22.4815864562988,8.17868423461914,4.80256128311157,0.197196200489998,0.0617359988391399,0.0271007996052504,0.978042900562286
641.717712402344,-0.0692539811134338,-0.0188953876495361,0.418417751789093,25.8669948577881,16.4490814208984,2.50036263465881,0.224507182836533,0.134557411074638,-0.0109646311029792,0.965075433254242
642.272766113281,-0.0845187082886696,-0.0164906177669764,0.424074351787567,23.3741130828857,11.1671199798584,3.52316665649414,0.204438656568527,0.0890377461910248,0.0102606359869242,0.974767625331879
642.867065429688,-0.0613802671432495,0.0364670753479004,0.403054773807526,356.879943847656,22.8982391357422,359.698699951172,-0.0272042229771614,0.198353245854378,0.00282779824919999,0.979748964309692
643.393371582031,-0.0705607086420059,0.0331496447324753,0.407597631216049,358.877288818359,16.9772033691406,0.0995584279298782,-0.00956168118864298,0.147613927721977,0.00230545015074313,0.988996148109436
643.921569824219,-0.0732416287064552,0.0318025909364223,0.408873528242111,359.568176269531,15.9294719696045,0.611779987812042,-0.00299226003699005,0.138580560684204,0.00580938253551722,0.990329623222351
644.448913574219,-0.0751967877149582,0.0318317376077175,0.408359438180923,359.66259765625,15.6656455993652,0.747249245643616,-0.00202825642190874,0.136298641562462,0.00686133885756135,0.990641951560974
644.96435546875,-0.0793172568082809,0.0212530363351107,0.416153222322464,5.70169401168823,13.8576955795288,1.97128927707672,0.0514382049441338,0.119620233774185,0.0110560171306133,0.991424679756165
645.488342285156,-0.0802613869309425,0.0191710758954287,0.416775852441788,6.127357006073,13.4344844818115,2.02959060668945,0.0551392361521721,0.115844056010246,0.0113133266568184,0.9916712641716
646.017822265625,-0.0807110816240311,0.018327385187149,0.417335212230682,6.44198703765869,13.2338523864746,2.09423303604126,0.0579062066972256,0.114009395241737,0.0116507848724723,0.991722226142883
646.526550292969,-0.0804589539766312,0.0174152515828609,0.418745756149292,6.79713869094849,13.055703163147,2.16438817977905,0.0610299855470657,0.112353630363941,0.0119930002838373,0.991719841957092
647.046508789063,-0.0799236372113228,0.0211654826998711,0.418007910251617,4.98933172225952,13.5835218429565,2.32912516593933,0.045613270252943,0.117246270179749,0.0150158824399114,0.991941154003143
647.573791503906,-0.0796845778822899,0.0117618758231401,0.42143177986145,9.28192329406738,13.2071208953857,2.38761162757874,0.0827453434467316,0.11292240023613,0.0113255390897393,0.990087628364563
648.102233886719,-0.0818390026688576,0.0128522478044033,0.419499725103378,8.80526351928711,12.6389560699463,2.61948895454407,0.0787869766354561,0.107974760234356,0.0142039675265551,0.990924954414368
648.630004882813,-0.0816395357251167,0.0125874150544405,0.420092731714249,8.94854354858398,12.6833477020264,2.64336061477661,0.0800534337759018,0.108302943408489,0.014239989221096,0.990787148475647
649.145690917969,-0.0835484638810158,0.0123359905555844,0.420832842588425,9.1210765838623,12.7696771621704,2.90934920310974,0.0818078815937042,0.108812153339386,0.0163093954324722,0.990556120872498
649.64892578125,-0.0872599184513092,0.0122245000675321,0.422995835542679,9.2108154296875,12.4369840621948,3.28523540496826,0.0828827545046806,0.105638034641743,0.0197107084095478,0.990748465061188
650.177856445313,-0.0866513624787331,0.0116851795464754,0.425753831863403,9.39113140106201,12.309175491333,3.23817157745361,0.0843760892748833,0.104509249329567,0.0192245170474052,0.99075174331665
650.725402832031,-0.0871100649237633,0.0113691929727793,0.424723863601685,9.4200496673584,12.2991647720337,3.26163482666016,0.0846456959843636,0.10439608246088,0.0194072332233191,0.990737080574036
651.250732421875,-0.0873567536473274,0.0111934402957559,0.424770444631577,9.51476287841797,12.218469619751,3.30319976806641,0.0854881033301353,0.10363681614399,0.0197366420179605,0.990737974643707
651.807800292969,-0.0871441811323166,0.0106255598366261,0.427281826734543,9.73453521728516,12.1383628845215,3.3154718875885,0.0873844176530838,0.102863065898418,0.0196959059685469,0.990653991699219
652.319519042969,-0.0875169932842255,0.0104465037584305,0.427733927965164,9.88712882995605,11.9431056976318,3.38348007202148,0.0887293890118599,0.101072244346142,0.0202914997935295,0.990706741809845
652.856872558594,-0.0880550071597099,0.0106209740042686,0.4255550801754,9.76987934112549,11.9608402252197,3.42784285545349,0.0877585485577583,0.101230658590794,0.0207700710743666,0.990767061710358
653.381164550781,-0.0895293205976486,0.00867207255214453,0.42250120639801,10.6716632843018,12.5338039398193,4.10775947570801,0.0962734445929527,0.105304360389709,0.0253261122852564,0.98944479227066
653.908386230469,-0.104131534695625,0.0102086337283254,0.416275441646576,11.330509185791,11.7090587615967,4.49770450592041,0.102108806371689,0.0975732877850533,0.0287828519940376,0.989557921886444
654.421325683594,-0.116801925003529,0.00954953115433455,0.411467969417572,10.9965772628784,10.4031114578247,3.18094444274902,0.0978894084692001,0.087559275329113,0.0188306402415037,0.99115914106369
654.930358886719,-0.120662719011307,0.00799407064914703,0.41263735294342,11.0410327911377,8.12215328216553,0.687416017055511,0.0963817611336708,0.0699144303798676,-0.000856914033647627,0.992885589599609
655.480346679688,-0.134662941098213,0.00981539487838745,0.406332939863205,10.1880645751953,8.59918689727783,1.39308214187622,0.0894419178366661,0.0735936611890793,0.00541826244443655,0.993254721164703
656.048217773438,-0.12390898168087,0.0178374890238047,0.392746239900589,9.7759256362915,13.6299171447754,0.990994393825531,0.0856248736381531,0.117495559155941,-0.00155500858090818,0.989373922348022
656.582458496094,-0.0819292068481445,0.0292084068059921,0.397937744855881,9.70500755310059,5.94492435455322,358.752746582031,0.0839097499847412,0.0525865256786346,-0.0152169391512871,0.994968473911285
657.099548339844,-0.102695420384407,0.0317433178424835,0.384140700101852,9.2167272567749,8.80976295471191,359.9775390625,0.0800920873880386,0.0765713751316071,-0.0063656191341579,0.993821680545807
657.630859375,-0.107283473014832,0.0311507098376751,0.384183257818222,9.41927623748779,8.74761295318604,0.353580206632614,0.0821011811494827,0.0757527351379395,-0.00319545832462609,0.993735730648041
658.146789550781,-0.115111388266087,0.031216761097312,0.378256380558014,9.25142192840576,9.24469947814941,0.889011085033417,0.0810046494007111,0.0796992108225822,0.00120868755038828,0.993521451950073
658.746765136719,-0.124841034412384,0.031192421913147,0.371137261390686,9.14279460906982,10.1802406311035,1.50199711322784,0.0805393680930138,0.0873921737074852,0.00594310602173209,0.992895126342773
659.283386230469,-0.125427022576332,0.0319138281047344,0.368779480457306,8.90667915344238,10.2178325653076,1.50394070148468,0.0784972161054611,0.0877578109502792,0.00611854530870914,0.993025362491608
659.816528320313,-0.127735286951065,0.0315315276384354,0.370141088962555,8.99650001525879,10.2150564193726,1.74662923812866,0.0794608518481255,0.0875499993562698,0.0081530325114727,0.992952406406403
660.371154785156,-0.129630446434021,0.031192060559988,0.371175020933151,9.08704376220703,10.1302280426025,1.83660221099854,0.0803073644638062,0.0867344439029694,0.00892100390046835,0.992949306964874
660.922119140625,-0.130014672875404,0.03170470520854,0.369543552398682,8.9853048324585,10.0914249420166,1.93031024932861,0.0794935524463654,0.0863535180687904,0.00983921252191067,0.993039309978485
661.429565429688,-0.130073070526123,0.031937949359417,0.369150727987289,8.83100318908691,9.89893341064453,1.98167264461517,0.0781777501106262,0.0846817940473557,0.0105355056002736,0.993280529975891
661.937194824219,-0.129190728068352,0.0319623313844204,0.369135439395905,8.79644870758057,9.74732208251953,1.84526574611664,0.0777649581432343,0.0834673345088959,0.00948232598602772,0.993426382541656
662.463500976563,-0.13046507537365,0.0319557823240757,0.368861615657806,8.76085948944092,9.72016525268555,1.97996258735657,0.0775520130991936,0.0831477791070938,0.0106951361522079,0.993457496166229
663.007873535156,-0.131476297974586,0.0320664867758751,0.367083221673965,8.77041149139404,9.80271339416504,2.06770300865173,0.0777066722512245,0.0838019698858261,0.0113926744088531,0.993382692337036
663.534484863281,-0.132717922329903,0.0327930524945259,0.364196807146072,8.37699031829834,10.0281314849854,2.06176328659058,0.0743148997426033,0.0858437418937683,0.0114920865744352,0.993466675281525
664.043029785156,-0.135715767741203,0.0325193293392658,0.36473947763443,8.37683010101318,10.0952253341675,2.32191896438599,0.0745162516832352,0.0862564891576767,0.013704008422792,0.993387818336487
664.558959960938,-0.136562764644623,0.031944002956152,0.363402396440506,8.89759731292725,10.1124925613403,2.44102644920349,0.079120434820652,0.0862023681402206,0.0143187325447798,0.993027746677399
665.089782714844,-0.137750864028931,0.0323610529303551,0.361958086490631,8.59262371063232,9.91508865356445,2.59336924552917,0.0765652656555176,0.0844637081027031,0.0160092022269964,0.993351578712463
665.610168457031,-0.137420535087585,0.0328393839299679,0.359732061624527,8.30640316009521,9.93694972991943,2.49560046195984,0.0740154013037682,0.084788478910923,0.0153667582198977,0.993527293205261
666.127746582031,-0.138403415679932,0.0334995985031128,0.357829749584198,8.15403747558594,9.87405872344971,2.57367730140686,0.0727435573935509,0.0842306315898895,0.0162005852907896,0.993655443191528
666.650573730469,-0.138405233621597,0.033061396330595,0.35972398519516,8.39969253540039,9.83173084259033,2.48759841918945,0.0748040527105331,0.0838586986064911,0.015294486656785,0.993548274040222
667.178405761719,-0.140065014362335,0.0313715264201164,0.363710969686508,9.33655452728271,9.72289562225342,2.81956601142883,0.0831474512815475,0.0824446529150009,0.0175378900021315,0.992966175079346
667.688842773438,-0.141725435853004,0.0265161991119385,0.366130977869034,12.2069482803345,9.54313278198242,3.44584631919861,0.108394786715508,0.0794887095689774,0.0209516938775778,0.990703344345093
668.207336425781,-0.144436880946159,0.028711037710309,0.366334140300751,10.4613513946533,9.93279266357422,3.73957347869873,0.0935880318284035,0.0832016542553902,0.0244821328669786,0.991826295852661
668.735290527344,-0.146281331777573,0.0279380958527327,0.365964502096176,10.9255304336548,9.98168849945068,3.96395754814148,0.0977763012051582,0.0832696482539177,0.0260205287486315,0.991377294063568
669.262268066406,-0.146172672510147,0.0283759981393814,0.364367544651031,10.8463506698608,9.88941764831543,3.9138662815094,0.0970345586538315,0.0825431123375893,0.0257273521274328,0.991518557071686
669.781860351563,-0.145772367715836,0.0286446306854486,0.363443523645401,10.6906299591064,9.81496524810791,3.83951830863953,0.0956178233027458,0.0820178836584091,0.0252669733017683,0.991711616516113
670.3125,-0.145804300904274,0.0285037029534578,0.364904880523682,10.7489900588989,9.78604602813721,3.81482076644897,0.0960986167192459,0.0817673355340958,0.0250325556844473,0.991691768169403
670.847900390625,-0.147173568606377,0.0277793686836958,0.366271406412125,10.976300239563,9.59433650970459,3.9364869594574,0.0981077402830124,0.0799228399991989,0.0260748583823442,0.991618514060974
671.391967773438,-0.146482929587364,0.0278905835002661,0.366596847772598,11.0507211685181,9.52643585205078,3.86415314674377,0.0986858382821083,0.0793702453374863,0.0254512671381235,0.991621732711792
671.913330078125,-0.14804220199585,0.0283830314874649,0.365385979413986,10.8465328216553,9.49195098876953,4.04170036315918,0.0970344990491867,0.0789952278137207,0.0271700248122215,0.991769075393677
672.439636230469,-0.14990122616291,0.0288100503385067,0.362264454364777,10.5138549804688,9.49497127532959,4.16841650009155,0.0942446067929268,0.0790411308407784,0.0285130273550749,0.991996705532074
672.984558105469,-0.153104364871979,0.0294581651687622,0.36146754026413,10.181489944458,9.38207721710205,4.33081960678101,0.0914509370923042,0.0780603364109993,0.030257748439908,0.992284119129181
673.541748046875,-0.127319186925888,0.0493170246481895,0.343868851661682,359.242065429688,9.42754173278809,2.65097594261169,-0.00468916352838278,0.0823067426681519,0.0235967189073563,0.996316611766815
674.0693359375,-0.0809938609600067,0.0390030778944492,0.338006556034088,1.81406092643738,14.6280336380005,0.359430104494095,0.0161003898829222,0.127241417765617,0.0010954380268231,0.991740465164185
674.606628417969,-0.0536906495690346,0.037468895316124,0.364964991807938,2.22533702850342,14.1974868774414,359.205383300781,0.0184124205261469,0.12368705868721,-0.00927952490746975,0.992107033729553
675.120056152344,-0.0245662201195955,0.0450726747512817,0.395670056343079,2.8982355594635,9.15818023681641,359.629028320313,0.0249499548226595,0.0798907950520515,-0.00524493306875229,0.996477544307709
675.630004882813,-0.0297147519886494,0.0368989109992981,0.37619012594223,5.29175138473511,13.7529621124268,357.497222900391,0.0432078205049038,0.120574057102203,-0.0271847490221262,0.991390943527222
676.155822753906,-0.0612500049173832,0.0360578075051308,0.369288206100464,4.73248100280762,11.4846067428589,359.580413818359,0.0407134555280209,0.100118830800056,-0.00777095230296254,0.994111776351929
676.686279296875,-0.0716176778078079,0.0338277630507946,0.379155397415161,5.64285659790039,13.1424617767334,0.144298315048218,0.0490438230335712,0.114237949252129,-0.00438357843086123,0.992232441902161
677.242065429688,-0.0778449103236198,0.0327871516346931,0.383781611919403,6.1059136390686,12.4496212005615,0.776191234588623,0.0536771193146706,0.107914850115776,0.000949276844039559,0.992709577083588
677.765319824219,-0.0838480144739151,0.0326858460903168,0.380885899066925,5.88693428039551,12.4225273132324,1.15660393238068,0.0521371327340603,0.107531301677227,0.00446503097191453,0.992823660373688
678.285095214844,-0.0869980305433273,0.0329078212380409,0.378099709749222,5.58758497238159,12.4807271957397,1.23749089241028,0.0496223606169224,0.108040921390057,0.00542430626228452,0.992892444133759
678.816223144531,-0.0887548550963402,0.0328527353703976,0.380578935146332,5.62112331390381,12.2135715484619,1.44126009941101,0.0500881336629391,0.105632267892361,0.00727472035214305,0.99311637878418
679.333679199219,-0.0899754539132118,0.0327349342405796,0.381422698497772,5.73301553726196,12.4497690200806,1.28858995437622,0.0509288944303989,0.107729583978653,0.00574234174564481,0.992858290672302
679.887023925781,-0.0928416550159454,0.0328784473240376,0.378475368022919,5.66845941543579,12.8065519332886,1.365553855896,0.0504618659615517,0.110795877873898,0.00631343619897962,0.992541253566742
680.3994140625,-0.0933656990528107,0.0321712084114552,0.38078099489212,5.85033273696899,12.6090240478516,1.50261795520782,0.0521566569805145,0.108994960784912,0.00741272699087858,0.992645382881165
680.933898925781,-0.0933657363057137,0.0319702327251434,0.380416184663773,5.88266849517822,12.597207069397,1.49840068817139,0.0524319559335709,0.108889289200306,0.00735046993941069,0.992642939090729
681.463256835938,-0.0945089608430862,0.0317679382860661,0.377130150794983,5.73906135559082,12.6681814193726,1.49016177654266,0.0511848591268063,0.109531030058861,0.00738552259281278,0.992637157440186
681.979675292969,-0.0944018065929413,0.031524907797575,0.376631677150726,5.68998193740845,12.5848817825317,1.45261216163635,0.0507186949253082,0.108833909034729,0.00714458245784044,0.99273955821991
682.499267578125,-0.0928433761000633,0.0314387604594231,0.378808677196503,5.88813304901123,12.5032205581665,1.35708630084991,0.0523399226367474,0.108138829469681,0.00616401340812445,0.992737889289856
683.040954589844,-0.0929408669471741,0.0313675403594971,0.376686304807663,5.87776803970337,12.7441835403442,1.26473367214203,0.0521741546690464,0.110269792377949,0.00526412250474095,0.992517411708832
683.640930175781,-0.0931669548153877,0.0275816228240728,0.378749370574951,6.15679454803467,14.1909303665161,0.586406767368317,0.0539215542376041,0.123070374131203,-0.00156255788169801,0.990930736064911
684.192321777344,-0.096033900976181,0.0270142070949078,0.386416256427765,6.34407901763916,14.0119705200195,0.879342257976532,0.0558540225028992,0.121361121535301,0.000855581136420369,0.991035401821136
684.720336914063,-0.0969651192426682,0.026577103883028,0.386922776699066,6.53999519348145,14.0582761764526,0.92042475938797,0.0575920231640339,0.121716186404228,0.000978641444817185,0.990892231464386
685.249267578125,-0.0984741374850273,0.0261008646339178,0.386753439903259,6.67567253112793,13.8439416885376,1.02791821956635,0.058875810354948,0.119789764285088,0.0018730271840468,0.991050243377686
685.787963867188,-0.096231997013092,0.0261173862963915,0.389169692993164,6.88400268554688,13.7040090560913,0.942107617855072,0.0605863742530346,0.118595883250237,0.00098528538364917,0.991092085838318
686.3203125,-0.0972723811864853,0.0265534780919552,0.388390719890594,6.75157833099365,13.725004196167,1.11633777618408,0.0596219077706337,0.118704572319984,0.00261954613961279,0.991134524345398
686.841979980469,-0.100410014390945,0.0267948415130377,0.38581782579422,6.53666925430298,14.0260848999023,1.34172904491425,0.0580090768635273,0.121225789189339,0.00464157573878765,0.99091762304306
687.368469238281,-0.101924806833267,0.0269994921982288,0.386722922325134,6.50793313980103,13.8613519668579,1.50233793258667,0.0579217039048672,0.119724720716476,0.0061444416642189,0.991097033023834
687.897583007813,-0.100345589220524,0.0265608355402946,0.387143552303314,6.61723470687866,13.8198881149292,1.35538864135742,0.0587115734815598,0.119422525167465,0.00477918237447739,0.991094529628754
688.442565917969,-0.101382166147232,0.026581110432744,0.386006563901901,6.53935146331787,13.8109750747681,1.43374192714691,0.058119285851717,0.119318380951881,0.00554348481819034,0.991137981414795
688.989501953125,-0.101857781410217,0.0265025664120913,0.38661390542984,6.58250188827515,13.7322063446045,1.45202505588531,0.0585075728595257,0.118620485067368,0.00569637212902308,0.991198062896729
689.515075683594,-0.101172804832458,0.0261140894144773,0.387122273445129,6.8097186088562,13.6266736984253,1.44542646408081,0.0604606717824936,0.117672443389893,0.00545690394937992,0.991195201873779
690.021423339844,-0.102328188717365,0.0263000503182411,0.38543027639389,6.68433475494385,13.6851844787598,1.52732801437378,0.05946359410882,0.118157394230366,0.00626539997756481,0.991193056106567
690.550720214844,-0.103405341506004,0.0264893248677254,0.384035468101501,6.57563447952271,13.8307695388794,1.55650877952576,0.0585619695484638,0.119420811533928,0.00655696773901582,0.991093397140503
691.083923339844,-0.104058042168617,0.0268209967762232,0.384254097938538,6.55258178710938,13.8604621887207,1.61809301376343,0.0584286414086819,0.119650334119797,0.0070988074876368,0.991069912910461
691.606567382813,-0.103874787688255,0.026668494567275,0.386023372411728,6.69700860977173,13.884072303772,1.62391138076782,0.0596849732100964,0.119825065135956,0.00698399730026722,0.990974724292755
692.109802246094,-0.104407228529453,0.0265585016459227,0.387517482042313,6.80553293228149,13.7874164581299,1.68385589122772,0.0606796741485596,0.118937432765961,0.00743850832805037,0.991017937660217
692.642883300781,-0.105431765317917,0.0265499856323004,0.385448426008224,6.6874942779541,13.9228477478027,1.72361373901367,0.0597095973789692,0.120110221207142,0.00783609598875046,0.99093234539032
693.166076660156,-0.106452539563179,0.0276333596557379,0.384442895650864,5.91567993164063,13.947135925293,1.77252042293549,0.0530886873602867,0.120442949235439,0.00906844902783632,0.991258263587952
693.685791015625,-0.108571887016296,0.0268678013235331,0.385057687759399,6.3561224937439,13.6337232589722,2.44922780990601,0.0575675629079342,0.117310106754303,0.0146092753857374,0.991317749023438
694.253723144531,-0.119612455368042,0.0199598018079996,0.390532076358795,10.3768463134766,12.1794281005859,3.70527696609497,0.0932896360754967,0.102688618004322,0.0224264170974493,0.990075349807739
694.775390625,-0.128578349947929,0.0221335534006357,0.394185125827789,10.6637868881226,11.5928182601929,3.26955509185791,0.0952808111906052,0.0978785827755928,0.0188786834478378,0.990446865558624
695.312316894531,-0.140938147902489,0.0215633288025856,0.401112675666809,10.8583822250366,11.7092695236206,4.42847394943237,0.0979751124978065,0.0978349894285202,0.028618112206459,0.989954650402069
695.828796386719,-0.13193254172802,0.0217057224363089,0.39698925614357,10.6257905960083,13.7397384643555,3.8346471786499,0.0958632230758667,0.115958459675312,0.0220049563795328,0.988372266292572
696.369750976563,-0.115425951778889,0.0206360667943954,0.391042560338974,10.4211511611938,13.311092376709,2.99342322349548,0.0931883454322815,0.113025717437267,0.0153143042698503,0.989093840122223
696.885070800781,-0.111802510917187,0.0213438551872969,0.385538130998611,9.70621585845947,13.3822736740112,2.21167349815369,0.0862502083182335,0.114456117153168,0.00924344081431627,0.989633917808533
697.427429199219,-0.113378569483757,0.0217532590031624,0.37690332531929,8.98143196105957,13.2775287628174,1.94512605667114,0.0797176286578178,0.113917596638203,0.00775742623955011,0.990256369113922
697.964050292969,-0.115664415061474,0.0220911782234907,0.371836364269257,8.71342754364014,13.0088396072388,2.23640060424805,0.077666662633419,0.111458100378513,0.0107296435162425,0.990671455860138
698.503112792969,-0.115422233939171,0.022090082988143,0.372570008039474,8.89506435394287,12.8933219909668,2.25003576278687,0.0792387872934341,0.110405623912811,0.0107460403814912,0.990664601325989
699.029602050781,-0.114529795944691,0.0210749115794897,0.374643296003342,9.24003887176514,12.805082321167,2.02114987373352,0.0819927304983139,0.109721653163433,0.0084893312305212,0.990538418292999
699.555053710938,-0.113253086805344,0.0203903466463089,0.37550887465477,9.5657787322998,12.8034753799438,1.90024185180664,0.0846913680434227,0.109721541404724,0.00712565798312426,0.990322053432465
700.067321777344,-0.114907398819923,0.0203307159245014,0.377361297607422,9.83649349212646,12.518458366394,2.0738890171051,0.0871749967336655,0.107065483927727,0.00857717730104923,0.990385770797729
700.629455566406,-0.12096406519413,0.0192441735416651,0.384353756904602,10.1464815139771,12.4497957229614,2.88547468185425,0.0905992239713669,0.105758994817734,0.0153459059074521,0.990137040615082
701.168334960938,-0.121577680110931,0.0196003094315529,0.382874488830566,10.0369701385498,12.3599863052368,2.99004435539246,0.0897370502352715,0.104933999478817,0.0164251439273357,0.990285992622375
701.688781738281,-0.121726021170616,0.0197283495217562,0.381372630596161,10.0455713272095,12.4037752151489,2.87981128692627,0.0897162780165672,0.10539610683918,0.0154300229623914,0.990254819393158
702.198913574219,-0.123618304729462,0.0196025259792805,0.380352407693863,9.98326110839844,12.2780332565308,3.0319242477417,0.0892994105815887,0.104209594428539,0.0169022548943758,0.990393996238708
702.724060058594,-0.124465599656105,0.0200476329773664,0.379873394966125,9.94444370269775,12.2489614486694,3.0111825466156,0.0889409705996513,0.103986449539661,0.0167823992669582,0.990451753139496
703.257568359375,-0.126101404428482,0.0195655319839716,0.383074313402176,10.1926641464233,12.2403364181519,3.13445544242859,0.0911955535411835,0.103737220168114,0.0176194459199905,0.9902583360672
703.776306152344,-0.125753700733185,0.0199845265597105,0.386297971010208,10.0705823898315,11.7389488220215,3.07886695861816,0.0900143533945084,0.0994855985045433,0.0176486987620592,0.990801990032196
704.318298339844,-0.12178085744381,0.0192549228668213,0.386192411184311,10.3497676849365,11.7961282730103,2.6265082359314,0.0920404642820358,0.100256986916065,0.0134383458644152,0.990604162216187
704.878540039063,-0.114835679531097,0.0191953182220459,0.385952949523926,10.3822822570801,11.2609605789185,2.28844213485718,0.0919752940535545,0.0958923697471619,0.0109159462153912,0.991073191165924
705.417114257813,-0.110739931464195,0.0183720625936985,0.392817348241806,10.8967018127441,11.7121028900146,2.01143956184387,0.0962211117148399,0.0998950600624084,0.007695690728724,0.99030464887619
705.950622558594,-0.112587690353394,0.0187257900834084,0.389977395534515,10.7746572494507,11.9810342788696,2.09662699699402,0.0952607393264771,0.102177128195763,0.00831832736730576,0.990159571170807
706.484008789063,-0.114768952131271,0.0185814425349236,0.390452206134796,10.8031873703003,12.1270027160645,2.23074960708618,0.0956386625766754,0.103319473564625,0.00932911224663258,0.989995658397675
707.013610839844,-0.11896188557148,0.018249399960041,0.393640369176865,10.8795146942139,11.5743017196655,2.71756553649902,0.0966697260737419,0.0981143340468407,0.0139296958222985,0.990370869636536
707.533996582031,-0.11888175457716,0.0181364864110947,0.3930644094944,10.9232816696167,11.5400266647339,2.62219715118408,0.0969621911644936,0.0978862121701241,0.0130953099578619,0.990376234054565
708.062438964844,-0.116587065160275,0.0167606621980667,0.392477303743362,11.5250205993652,12.0010604858398,2.40563535690308,0.102016493678093,0.101890370249748,0.0102772507816553,0.989497542381287
708.596557617188,-0.117720112204552,0.0165662467479706,0.393783420324326,11.6219263076782,11.6007843017578,2.39568471908569,0.102808110415936,0.0984161049127579,0.010460801422596,0.989765346050262
709.118713378906,-0.117453634738922,0.0163071155548096,0.395186752080917,11.7815284729004,11.6106767654419,2.48836779594421,0.104266434907913,0.0983740761876106,0.0111092701554298,0.989609897136688
709.689147949219,-0.117873311042786,0.0160040911287069,0.396107137203217,12.0004892349243,11.5445957183838,2.4869818687439,0.106148831546307,0.0977437123656273,0.0109620522707701,0.989473819732666
710.20703125,-0.118114776909351,0.0150138465687633,0.398764044046402,12.3097171783447,11.4653196334839,2.53534531593323,0.108850829303265,0.096926748752594,0.011178863234818,0.989258170127869
710.744995117188,-0.118132025003433,0.0145484423264861,0.399314135313034,12.4541082382202,11.3675937652588,2.59611892700195,0.110138110816479,0.0959836319088936,0.0116692902520299,0.98920202255249
711.26904296875,-0.118038564920425,0.0149913392961025,0.396821975708008,12.3263263702393,11.420672416687,2.59235382080078,0.109037801623344,0.0964823514223099,0.0116987582296133,0.98927503824234
711.790405273438,-0.11973112821579,0.014846776612103,0.396233677864075,12.3281660079956,11.5206537246704,2.78402137756348,0.109226509928703,0.0971623659133911,0.0132564902305603,0.989167988300323
712.317626953125,-0.119357563555241,0.0148369688540697,0.396480977535248,12.3623170852661,11.6457691192627,2.69206213951111,0.109456658363342,0.0983197838068008,0.0123127000406384,0.989040374755859
712.869079589844,-0.11837238073349,0.0140388011932373,0.401766240596771,12.7323369979858,11.4304571151733,2.60111141204834,0.112548835575581,0.096440464258194,0.011405679397285,0.988889276981354
713.469055175781,-0.11862850189209,0.0137788057327271,0.401058524847031,12.8224287033081,11.4345626831055,2.70364904403687,0.113412544131279,0.0963480845093727,0.0122066410258412,0.988790035247803
714.016174316406,-0.117919705808163,0.013864865526557,0.401025205850601,12.9014444351196,11.5407085418701,2.57774591445923,0.113998256623745,0.0973654240369797,0.0109446719288826,0.988637745380402
714.542297363281,-0.117589838802814,0.0132186813279986,0.403344213962555,13.1668567657471,11.43372631073,2.50722908973694,0.116217233240604,0.0964362472295761,0.010207761079073,0.988478362560272
715.065185546875,-0.116672426462173,0.012049425393343,0.408150553703308,13.6827344894409,11.1309080123901,2.47984576225281,0.120615229010582,0.0937042236328125,0.00983372423797846,0.988218009471893
715.597351074219,-0.114776335656643,0.0116569930687547,0.410890579223633,13.869348526001,11.1575593948364,2.3988790512085,0.122159473598003,0.093966580927372,0.00894623342901468,0.988011837005615
716.128356933594,-0.113681316375732,0.0118488734588027,0.40958034992218,13.6979541778564,11.1234216690063,2.33071446418762,0.12062381207943,0.0937923416495323,0.00854240544140339,0.988220572471619
716.660583496094,-0.115255057811737,0.0120197301730514,0.408042520284653,13.5672454833984,11.1357288360596,2.47967505455017,0.119620002806187,0.0937791243195534,0.00992682110518217,0.988330900669098
717.170837402344,-0.115957573056221,0.0124078877270222,0.406682640314102,13.4610958099365,11.3222742080688,2.45075225830078,0.118696935474873,0.0954484269022942,0.00957570318132639,0.988285839557648
717.697143554688,-0.116121560335159,0.012014321051538,0.409218043088913,13.7330923080444,11.1831007003784,2.51080513000488,0.121079161763191,0.0941070914268494,0.010002113878727,0.988121271133423
718.219360351563,-0.114732123911381,0.0108765298500657,0.414491355419159,14.1981773376465,11.0360383987427,2.49773526191711,0.125063493847847,0.0927178710699081,0.00964679289609194,0.987759828567505
718.752075195313,-0.113297581672668,0.0104043120518327,0.416555434465408,14.4633884429932,10.5230255126953,2.20760416984558,0.127080827951431,0.0885406211018562,0.0074885725043714,0.98790431022644
719.264709472656,-0.117269366979599,0.0112396897748113,0.417412012815475,14.1578426361084,9.56224632263184,2.56346964836121,0.12462705373764,0.0799464508891106,0.0118517521768808,0.988906562328339
719.804321289063,-0.116842359304428,0.00548412743955851,0.419275164604187,16.9337730407715,9.84783458709717,2.34532308578491,0.148401141166687,0.0818774029612541,0.00753243500366807,0.985503137111664
720.341613769531,-0.109638445079327,0.00137107539921999,0.418403774499893,18.4038887023926,11.365912437439,1.57559609413147,0.160457640886307,0.0955522581934929,-0.00232826359570026,0.982404053211212
720.85302734375,-0.11119282990694,0.00201623933389783,0.413149982690811,17.9333190917969,11.1675004959106,1.85003888607025,0.156651541590691,0.0935947597026825,0.000707707775291055,0.983208954334259
721.38427734375,-0.11113927513361,0.00190062657929957,0.414261221885681,18.063102722168,11.5264587402344,1.69814360141754,0.157637313008308,0.0968474969267845,-0.00120082381181419,0.982735753059387
721.909790039063,-0.110782295465469,0.001849549356848,0.417178988456726,18.0269832611084,11.1885662078857,1.72762608528137,0.1573546230793,0.0939182415604591,-0.00045200134627521,0.983065962791443
722.489135742188,-0.111204788088799,-0.000640380894765258,0.425250560045242,19.10129737854,10.8252010345459,1.88986575603485,0.166691139340401,0.09028310328722,0.000541758199688047,0.981866955757141
723.007629394531,-0.114963993430138,-0.000151327694766223,0.422545194625854,18.9347591400146,10.7777786254883,2.21258401870728,0.165517061948776,0.0894570723176003,0.00351522327400744,0.982134997844696
723.555908203125,-0.114498674869537,0.00714588165283203,0.416529297828674,15.1915416717529,11.3931589126587,1.97901153564453,0.13320991396904,0.0961032509803772,0.00391461374238133,0.986409604549408
724.135803222656,-0.118219800293446,0.00376501586288214,0.416742295026779,17.0282878875732,11.2920198440552,2.40306210517883,0.14934316277504,0.094186931848526,0.00607482576742768,0.984270572662354
724.671569824219,-0.119734212756157,0.00372474943287671,0.416545152664185,16.8722286224365,11.275200843811,2.55025553703308,0.148123219609261,0.0939001068472862,0.00749779678881168,0.984472513198853
725.188232421875,-0.118263423442841,0.00398119259625673,0.414176106452942,16.8852367401123,11.4307098388672,2.39641237258911,0.148116931319237,0.0954308211803436,0.00596372550353408,0.984336733818054
725.7158203125,-0.119086161255836,0.00406878860667348,0.415285050868988,16.9018630981445,11.4788026809692,2.49082827568054,0.148341074585915,0.0957166105508804,0.00669774599373341,0.984270513057709
726.238220214844,-0.118593543767929,0.00299536087550223,0.418035387992859,17.4067916870117,11.3854322433472,2.43878841400146,0.152625635266304,0.0948245003819466,0.00592557899653912,0.983706593513489
726.777221679688,-0.119579277932644,0.0042892312631011,0.415238887071609,16.6658058166504,11.2383508682251,2.56207394599915,0.146357908844948,0.0936336070299149,0.0078272633254528,0.984759271144867
727.2841796875,-0.121324628591537,0.00414757337421179,0.413143515586853,16.7149219512939,11.5891008377075,2.66277694702148,0.146887719631195,0.0965026319026947,0.00820014905184507,0.98440033197403
727.83251953125,-0.122642859816551,0.00483355764299631,0.414835929870605,16.1670036315918,11.9449186325073,2.87567043304443,0.142393782734871,0.0994749143719673,0.0100816041231155,0.984747231006622
728.35302734375,-0.12423512339592,0.00480601657181978,0.414709538221359,16.316951751709,11.9159126281738,3.02322030067444,0.143806338310242,0.0989890545606613,0.0112463794648647,0.984578311443329
728.891723632813,-0.12407349050045,0.00594895798712969,0.416126757860184,15.7313003540039,10.9787340164185,2.81414222717285,0.138508930802345,0.0913874059915543,0.0111256474629045,0.986072957515717
729.420532226563,-0.119899928569794,0.00786199234426022,0.412240207195282,14.799859046936,11.662504196167,2.32468605041504,0.130145341157913,0.0981329157948494,0.00692960014566779,0.986602365970612
729.934387207031,-0.121588602662086,0.00672318041324615,0.411554336547852,15.5307846069336,12.6055574417114,2.50103187561035,0.136642351746559,0.105818904936314,0.00666308822110295,0.984929859638214
730.453369140625,-0.11986318975687,0.00682718539610505,0.410125494003296,15.2095527648926,12.5064697265625,2.19090509414673,0.133591666817665,0.105430208146572,0.00442506140097976,0.985402524471283
730.987854003906,-0.116739585995674,0.00638519832864404,0.411048263311386,15.5418672561646,12.7172727584839,1.83335363864899,0.136119499802589,0.107570469379425,0.000780794653110206,0.984834730625153
731.503479003906,-0.117444053292274,0.00594968115910888,0.415278792381287,15.8163843154907,12.3088855743408,1.84451949596405,0.13848465681076,0.103973723948002,0.00110227207187563,0.984890997409821
732.047058105469,-0.11689667403698,0.00810143910348415,0.417413294315338,14.8471698760986,12.1829681396484,1.85381579399109,0.130159705877304,0.103134736418724,0.00224189087748528,0.986111879348755
732.580810546875,-0.116527371108532,0.00789774954319,0.416677176952362,14.9340772628784,11.9781875610352,1.74341440200806,0.130805432796478,0.101476058363914,0.00144431507214904,0.986200034618378
733.12744140625,-0.117640510201454,0.00834881793707609,0.413241475820541,14.7799758911133,12.2469682693481,1.81874132156372,0.129551231861115,0.103742547333241,0.00193059269804507,0.986128926277161
733.639038085938,-0.119839400053024,0.00808574724942446,0.412901192903519,14.8512630462646,12.2188005447388,1.9280618429184,0.130262598395348,0.103357642889023,0.00283624324947596,0.986073434352875
734.167785644531,-0.119063444435596,0.00880024954676628,0.41146332025528,14.6676712036133,12.4979057312012,1.86309635639191,0.12863028049469,0.105880983173847,0.00213631964288652,0.986021757125854
734.704040527344,-0.122394412755966,0.0104049546644092,0.412365227937698,13.7315921783447,11.9357004165649,2.29455661773682,0.120939262211323,0.100823529064655,0.00734456349164248,0.987499058246613
735.2724609375,-0.122249461710453,0.00710944598540664,0.416358470916748,15.2307567596436,11.8659687042236,2.62545728683472,0.134125128388405,0.099406823515892,0.00889113359153271,0.985925793647766
735.827331542969,-0.122356526553631,0.00696014473214746,0.415247291326523,15.2339143753052,11.9649047851563,2.51940941810608,0.134067058563232,0.100381150841713,0.00786006078124046,0.985843777656555
736.360656738281,-0.122170232236385,0.00704838940873742,0.415137976408005,15.2436180114746,11.8181581497192,2.51765060424805,0.134138807654381,0.0991176441311836,0.00800772570073605,0.98596066236496
736.866943359375,-0.120949141681194,0.00706469034776092,0.415531724691391,15.3135795593262,11.9451055526733,2.43092799186707,0.134673222899437,0.100290149450302,0.00704836705699563,0.985776603221893
737.423034667969,-0.121057488024235,0.00685248896479607,0.4165358543396,15.4450712203979,11.8605556488037,2.48483228683472,0.135845243930817,0.0994590148329735,0.00749070709571242,0.985696613788605
737.987060546875,-0.123200729489326,0.00699781067669392,0.415385037660599,15.2963724136353,11.7018957138062,2.54533314704895,0.134607955813408,0.098068542778492,0.00833417102694511,0.985998928546906
738.520141601563,-0.123754233121872,0.00894583016633987,0.414912015199661,14.5648155212402,11.850531578064,2.45776271820068,0.128249868750572,0.0996708795428276,0.00807715300470591,0.986687660217285
739.036254882813,-0.123790197074413,0.00801738351583481,0.42047968506813,14.6376523971558,11.2366170883179,2.26125288009644,0.128669902682304,0.0945828035473824,0.00700787175446749,0.987141847610474
739.590881347656,-0.123175874352455,0.00819366239011288,0.420027375221252,14.6608610153198,11.6152391433716,2.64805102348328,0.129221618175507,0.0974017009139061,0.00989271514117718,0.986770927906036
740.125,-0.126016840338707,0.0069757760502398,0.421972662210464,15.1257905960083,11.2061071395874,2.86278295516968,0.13336244225502,0.0934844017028809,0.0117979990318418,0.986577987670898
740.679443359375,-0.127392783761024,0.00684582069516182,0.422035217285156,15.2247362136841,11.0732946395874,3.04759550094604,0.134348779916763,0.0920920446515083,0.0134582901373506,0.98655378818512
741.233276367188,-0.128727123141289,0.00623814295977354,0.421965569257736,15.552942276001,10.9473056793213,3.07410597801208,0.137178346514702,0.0908638834953308,0.0135533679276705,0.986276924610138
741.76025390625,-0.128335028886795,0.00582954566925764,0.422267854213715,15.720778465271,10.9603786468506,3.05093669891357,0.138604864478111,0.0909466594457626,0.0131944986060262,0.98607474565506
742.287719726563,-0.128588289022446,0.00509768864139915,0.423529654741287,16.0386352539063,10.9385404586792,3.15725898742676,0.141419157385826,0.0905182510614395,0.0138635877519846,0.985705256462097
742.797546386719,-0.128508612513542,0.00440343236550689,0.424133509397507,16.2011413574219,10.885950088501,3.21193289756775,0.142852485179901,0.0899403542280197,0.0142601234838367,0.985545814037323
743.320861816406,-0.126748412847519,0.00433083716779947,0.423058241605759,16.2633686065674,10.9537086486816,2.92898225784302,0.143171727657318,0.0908545851707458,0.0116889756172895,0.985449492931366
743.858276367188,-0.128219097852707,0.00422094762325287,0.422748804092407,16.2942237854004,10.92138671875,3.16842555999756,0.143622502684593,0.0902663096785545,0.0137621155008674,0.985411167144775
744.391662597656,-0.128226459026337,0.0051674572750926,0.420320510864258,15.9800119400024,10.9504175186157,3.14548373222351,0.140907391905785,0.090655580163002,0.0137979052960873,0.98576682806015
744.918395996094,-0.12952196598053,0.0046376739628613,0.420891433954239,16.1775207519531,11.0670709609985,3.22577548027039,0.142682939767838,0.0914892330765724,0.0141738336533308,0.985429048538208
745.469299316406,-0.129343584179878,0.00450167153030634,0.420999884605408,16.2746849060059,10.8873062133789,3.2140064239502,0.143486276268959,0.0899231061339378,0.0142134809866548,0.985455989837646
745.983032226563,-0.128914892673492,0.00446200370788574,0.421328037977219,16.3391075134277,10.9812164306641,3.20608830451965,0.144045144319534,0.0907174721360207,0.0139723541215062,0.98530513048172
746.5830078125,-0.130455851554871,0.00283145904541016,0.423936247825623,16.9407920837402,10.6900177001953,3.37786602973938,0.149309739470482,0.0877741575241089,0.015309639275074,0.984767973423004
747.106262207031,-0.130270674824715,0.00234380271285772,0.425770074129105,17.1188678741455,10.5316143035889,3.32405400276184,0.150776967406273,0.0864173918962479,0.0149058811366558,0.984670639038086
747.664123535156,-0.130136862397194,0.00154407159425318,0.427255272865295,17.4673900604248,10.4672880172729,3.44263982772827,0.153849080204964,0.0855769291520119,0.0157217215746641,0.984256029129028
748.204528808594,-0.130493178963661,0.000894717581104487,0.428897976875305,17.7284717559814,10.4192771911621,3.49563503265381,0.156122103333473,0.0849933624267578,0.0160264503210783,0.983943700790405
748.744873046875,-0.132321640849113,0.00200752122327685,0.425825446844101,17.1313991546631,10.4464282989502,3.70652675628662,0.151158586144447,0.0851767286658287,0.0182942617684603,0.984663069248199
749.275939941406,-0.140754625201225,0.0292369574308395,0.401132553815842,4.85785865783691,8.6235523223877,5.43580102920532,0.0457745231688023,0.0730277299880981,0.0440591238439083,0.995304226875305
749.823852539063,-0.143298581242561,0.0200412031263113,0.392987191677094,8.40307807922363,8.72464752197266,6.5682897567749,0.0772785469889641,0.0715493485331535,0.0514046549797058,0.993109405040741
750.339904785156,-0.135128811001778,0.011488413438201,0.397730708122253,12.7978382110596,8.22528076171875,5.21483945846558,0.11429038643837,0.0661398395895958,0.0371078699827194,0.990548431873322
750.880493164063,-0.118422076106071,0.0110320271924138,0.39805805683136,13.3523664474487,11.7075319290161,2.70422768592834,0.118009746074677,0.0985410585999489,0.0114606078714132,0.988044559955597
751.387634277344,-0.129313707351685,0.0132695529609919,0.391642987728119,12.4119329452515,11.9250192642212,3.25558996200562,0.110408179461956,0.10017304867506,0.016862366348505,0.988681495189667
751.910034179688,-0.125186160206795,0.0122715132310987,0.39477077126503,13.0176658630371,12.4678535461426,2.73338508605957,0.115227274596691,0.105169713497162,0.0112515240907669,0.987691938877106
752.442016601563,-0.126758337020874,0.0106250466778874,0.401777803897858,13.7294988632202,11.4801731109619,3.06338405609131,0.12153846770525,0.0960845202207565,0.0144549589604139,0.98781943321228
752.994384765625,-0.127215281128883,0.00896435230970383,0.406727433204651,14.4441823959351,10.9743728637695,3.21008729934692,0.127747684717178,0.0913221538066864,0.0156434644013643,0.987469553947449
753.526794433594,-0.127739772200584,0.00949560757726431,0.404386520385742,14.2935476303101,10.312912940979,3.45403528213501,0.126539334654808,0.085402637720108,0.0186059195548296,0.988103270530701
754.046875,-0.127340614795685,0.0101004308089614,0.4042087495327,14.0017681121826,9.27310276031494,3.90740060806274,0.124150432646275,0.0760437995195389,0.0238801892846823,0.989057004451752
754.553161621094,-0.124779984354973,0.00967277027666569,0.407134830951691,14.038932800293,8.33182525634766,3.78438711166382,0.124197885394096,0.0680365562438965,0.0238120947033167,0.989635765552521
755.087463378906,-0.123941093683243,0.00993262510746717,0.40527880191803,13.7169818878174,7.66473579406738,4.02243185043335,0.12140604108572,0.0621368139982224,0.026789415627718,0.990293860435486
755.626647949219,-0.119663082063198,0.00926256831735373,0.408220648765564,14.1001663208008,7.73251724243164,3.61803150177002,0.124509006738663,0.0630188435316086,0.0229863096028566,0.989948391914368
756.155212402344,-0.121957555413246,0.00864310376346111,0.413773596286774,14.4210414886475,7.47093629837036,3.88739371299744,0.127368927001953,0.0603495091199875,0.0254050567746162,0.989691734313965
756.679260253906,-0.124468401074409,0.00889039784669876,0.41343280673027,13.8238134384155,6.87279415130615,3.92843461036682,0.122095726430416,0.0553525239229202,0.0267558731138706,0.990612387657166
757.206115722656,-0.124901726841927,0.00861039571464062,0.412797510623932,14.1055021286011,7.00029468536377,3.91866779327393,0.124553978443146,0.0563635937869549,0.0263765081763268,0.990259408950806
757.733520507813,-0.125537037849426,0.0076289176940918,0.414757281541824,14.5371694564819,6.66594982147217,4.02418851852417,0.12825371325016,0.0532011352479458,0.0274181943386793,0.989933788776398
758.312805175781,-0.128721505403519,0.0100392326712608,0.424769639968872,16.1806735992432,6.71390581130981,3.68362474441528,0.142283469438553,0.0534281693398952,0.0235290490090847,0.988102853298187
758.856567382813,-0.135360822081566,0.00486591132357717,0.441103160381317,18.2493915557861,6.48784446716309,3.52727460861206,0.159974038600922,0.0509715229272842,0.0213687680661678,0.985572755336761
759.368957519531,-0.138712093234062,0.00312459515407681,0.435436904430389,18.2490825653076,7.73600387573242,4.22844219207764,0.160569190979004,0.0607221461832523,0.0256516579538584,0.984820961952209
759.906127929688,-0.144726872444153,0.00437698559835553,0.424783319234848,17.3787612915039,8.21982669830322,5.05096912384033,0.153664529323578,0.0641386434435844,0.0326287448406219,0.985499262809753
760.450256347656,-0.148389786481857,0.00281668873503804,0.430114448070526,17.8982105255127,8.48500633239746,5.3842568397522,0.158391982316971,0.0657104402780533,0.0347752273082733,0.984573423862457
761.013061523438,-0.152708649635315,0.00260395836085081,0.427180230617523,17.8913993835449,9.02296733856201,5.56802749633789,0.158607631921768,0.0700810775160789,0.035614725202322,0.984207272529602
761.543212890625,-0.158230945467949,0.00249436823651195,0.423413395881653,17.7939777374268,9.44914150238037,5.93238258361816,0.158137336373329,0.0732899829745293,0.0382288359105587,0.983951091766357
762.0888671875,-0.157637789845467,0.002672647126019,0.423927068710327,17.846212387085,9.49991893768311,5.90390062332153,0.15858381986618,0.0737363323569298,0.0378733426332474,0.983859598636627
762.607482910156,-0.155655011534691,0.0024647731333971,0.42469710111618,18.0158748626709,9.34213256835938,5.80252027511597,0.159922242164612,0.0724292248487473,0.0370905436575413,0.98376989364624
763.165832519531,-0.152267575263977,0.00292709330096841,0.423233598470688,17.9532356262207,8.90273475646973,5.57427167892456,0.159104451537132,0.0690073817968369,0.035789355635643,0.984196603298187
763.685180664063,-0.150879427790642,0.00352134928107262,0.421866536140442,17.7095813751221,8.36762142181396,5.51986265182495,0.156813576817513,0.064611054956913,0.0362333804368973,0.984846234321594
764.250793457031,-0.151213526725769,0.00458991527557373,0.418141663074493,17.3367576599121,8.6072416305542,5.43258666992188,0.153637081384659,0.0669788718223572,0.0354198478162289,0.985218226909637
764.850769042969,-0.153690248727798,0.00670641288161278,0.419955790042877,15.9805850982666,8.71757793426514,5.77894306182861,0.142221063375473,0.0681814029812813,0.0392244085669518,0.986704587936401
765.367431640625,-0.154146909713745,0.00664701452478766,0.418695330619812,16.2036666870117,8.5267915725708,5.73265933990479,0.144047513604164,0.0664795786142349,0.0389058515429497,0.986568331718445
765.903991699219,-0.15413536131382,0.0075076362118125,0.415326923131943,16.0076541900635,8.36416053771973,5.6751446723938,0.142273247241974,0.0652526989579201,0.0387502238154411,0.986913800239563
766.438293457031,-0.15369801223278,0.00772426323965192,0.415716499090195,15.9318180084229,8.43260669708252,5.701171875,0.14165885746479,0.0658491030335426,0.0389420688152313,0.986955046653748
766.965209960938,-0.154699325561523,0.00741264456883073,0.417182356119156,16.0838165283203,8.32961750030518,5.69638872146606,0.14292885363102,0.0648894682526588,0.0389237366616726,0.986836194992065
767.521057128906,-0.155186682939529,0.00725684454664588,0.41637772321701,16.14280128479,8.38813877105713,5.72271871566772,0.143471121788025,0.0653299391269684,0.0390366576611996,0.986723959445953
768.052795410156,-0.154885649681091,0.00737213948741555,0.414773136377335,16.1112098693848,8.33385848999023,5.70031547546387,0.143168166279793,0.0649069249629974,0.0389334224164486,0.986799955368042
768.595092773438,-0.155551970005035,0.00688914023339748,0.417033672332764,16.3414325714111,8.22587966918945,5.68084239959717,0.145100966095924,0.0638827458024025,0.0387441217899323,0.986591935157776
769.116943359375,-0.156380653381348,0.00590423494577408,0.419329851865768,16.6905307769775,8.20620727539063,5.80501508712769,0.148164957761765,0.0633725672960281,0.0396005548536777,0.986135303974152
769.6435546875,-0.157566830515862,0.00641185371205211,0.415775448083878,16.4458122253418,8.33719825744629,5.81889390945435,0.146114081144333,0.0646111518144608,0.0397195890545845,0.986356139183044
770.1611328125,-0.158195897936821,0.00617597857490182,0.416711091995239,16.4843406677246,8.24754619598389,5.96460437774658,0.146495267748833,0.0636329129338264,0.0410617403686047,0.986308217048645
770.700988769531,-0.156266689300537,0.00631999224424362,0.417959451675415,16.5054569244385,8.09483337402344,5.80190467834473,0.146533384919167,0.0625152289867401,0.0398422032594681,0.986424088478088
771.224853515625,-0.156058207154274,0.0124793229624629,0.40694859623909,14.3978157043457,10.4473037719727,6.14310359954834,0.129454538226128,0.0835093930363655,0.0415471568703651,0.987188696861267
771.758911132813,-0.122290268540382,0.0148974508047104,0.388859421014786,13.4022903442383,14.2487659454346,5.63351726531982,0.121702864766121,0.117337539792061,0.0339744538068771,0.985020935535431
772.296325683594,-0.0933041572570801,0.0146600296720862,0.393609464168549,13.7524166107178,14.9253377914429,3.19822406768799,0.122262634336948,0.125583007931709,0.0119269518181682,0.984448313713074
772.818359375,-0.0949589982628822,0.0131919048726559,0.401330828666687,13.8957424163818,13.1400346755981,3.22013068199158,0.123315595090389,0.110155761241913,0.0138725796714425,0.986137211322784
773.337951660156,-0.10333140194416,0.0137661276385188,0.390639334917068,13.0833129882813,12.2298078536987,3.27826261520386,0.116258159279823,0.102545656263828,0.0161257181316614,0.987779557704926
773.878173828125,-0.101789310574532,0.0128637906163931,0.387651115655899,13.0476789474487,11.8822841644287,3.09450173377991,0.115741856396198,0.0997477099299431,0.0149266067892313,0.988145470619202
774.424072265625,-0.0929753184318542,0.0116989482194185,0.398879855871201,13.9781084060669,11.7158346176147,2.55658435821533,0.123274125158787,0.0985779985785484,0.00961138866841793,0.987417578697205
774.980590820313,-0.0977560058236122,0.0191148426383734,0.394251972436905,9.35498142242432,12.3839588165283,5.13941955566406,0.0858094841241837,0.103758037090302,0.0356380231678486,0.99025297164917
775.525329589844,-0.101677224040031,0.0196479912847281,0.395209133625031,11.6593313217163,12.1844511032104,5.4889554977417,0.105937287211418,0.100623220205307,0.0365978851914406,0.988591372966766
776.052612304688,-0.0933054313063622,0.0319930911064148,0.385248929262161,9.62100982666016,10.6564798355103,4.61229705810547,0.0871540457010269,0.0890994146466255,0.0321429222822189,0.991681575775146
776.609680175781,-0.0885342955589294,0.0284572839736938,0.376396000385284,9.62734985351563,13.7593250274658,2.94100642204285,0.0863471403717995,0.117184676229954,0.015339189209044,0.989230334758759
777.209716796875,-0.0843003392219543,0.0227475166320801,0.394907236099243,11.8250188827515,12.9298915863037,2.34811639785767,0.104627944529057,0.109875619411469,0.00865517091006041,0.988385319709778
777.743103027344,-0.0913877710700035,0.0230580661445856,0.390707582235336,11.3549995422363,13.456826210022,2.67181992530823,0.10093904286623,0.114266261458397,0.0114520769566298,0.988242566585541
778.275573730469,-0.0938350111246109,0.0236176121979952,0.39072173833847,11.3426742553711,13.783522605896,2.83165907859802,0.101028308272362,0.116946190595627,0.0125553468242288,0.987906515598297
778.81591796875,-0.0892939493060112,0.0294084139168262,0.39384737610817,9.56307220458984,13.3409090042114,2.27686095237732,0.0850759074091911,0.114086553454399,0.00998419895768166,0.989771068096161
779.369934082031,-0.0819299966096878,0.0495272278785706,0.368471443653107,358.663482666016,15.0609331130981,358.4794921875,-0.0133002307265997,0.130879506468773,-0.0116248801350594,0.991240918636322
779.920776367188,-0.081101730465889,0.0476358942687511,0.368648529052734,359.676727294922,14.0632085800171,359.059326171875,-0.0038047234993428,0.12238921225071,-0.00780171621590853,0.992444217205048
780.475158691406,-0.0799345895648003,0.045538917183876,0.369570046663284,0.633948504924774,13.2129611968994,359.321929931641,0.00481463223695755,0.115078248083591,-0.00651421956717968,0.993323385715485
781.005859375,-0.0788457691669464,0.0428177118301392,0.371419817209244,1.5870019197464,12.7040710449219,359.591491699219,0.0133692910894752,0.11067471653223,-0.00507478276267648,0.993753790855408
781.540954589844,-0.0865237638354301,0.0425191558897495,0.371257334947586,1.84183585643768,12.89577293396,359.898162841797,0.0158708896487951,0.112299107015133,-0.00268794340081513,0.993544101715088
782.064819335938,-0.0890891551971436,0.0430451147258282,0.367291003465652,1.71779143810272,13.3293018341064,0.0503483600914478,0.0149396862834692,0.116038374602795,-0.0013033541617915,0.993131518363953
782.596862792969,-0.0846440494060516,0.042141679674387,0.371052891016006,2.08753657341003,13.1839761734009,359.829162597656,0.0179246310144663,0.114806041121483,-0.00357179832644761,0.993219792842865
783.124450683594,-0.0859676226973534,0.0415474399924278,0.376094907522202,2.38248872756958,12.6957454681396,359.989501953125,0.0206520464271307,0.110542766749859,-0.00238965265452862,0.993653893470764
783.669982910156,-0.0898813158273697,0.0411445945501328,0.375200599431992,2.55947971343994,12.7926120758057,0.174058556556702,0.0223639421164989,0.111343234777451,-0.000978978117927909,0.993529856204987
784.201354980469,-0.0911577120423317,0.0410095751285553,0.374283075332642,2.58314609527588,12.8342428207397,0.263251304626465,0.0226557049900293,0.111685737967491,-0.000236903768382035,0.993485271930695
784.702880859375,-0.0887993648648262,0.0406506098806858,0.372550427913666,2.60195899009705,12.7475719451904,0.119739860296249,0.0226800441741943,0.110961988568306,-0.00148231256753206,0.99356472492218
785.248229980469,-0.0866749882698059,0.0401015356183052,0.373015433549881,2.95763278007507,12.6419353485107,0.0906701236963272,0.0257375352084637,0.110041044652462,-0.00205516372807324,0.993591606616974
785.786560058594,-0.0853160917758942,0.0430054888129234,0.376336634159088,1.42765712738037,13.1884126663208,0.326504498720169,0.0127030434086919,0.114792056381702,0.00139954756014049,0.99330735206604
786.310424804688,-0.0870471820235252,0.0292427521198988,0.388245820999146,8.76652526855469,13.2469158172607,0.769224107265472,0.0766879469156265,0.114494271576405,-0.00216688239015639,0.990457117557526
786.844909667969,-0.0783830285072327,0.0263374838978052,0.388940155506134,9.85320281982422,15.9242000579834,359.304504394531,0.0842124223709106,0.13851997256279,-0.0178843513131142,0.98661071062088
787.376098632813,-0.0780550464987755,0.02543605864048,0.39326348900795,10.1182241439819,15.5141906738281,359.783172607422,0.0871219709515572,0.134612902998924,-0.0137699209153652,0.986964821815491
787.90771484375,-0.079899363219738,0.0253528635948896,0.393785089254379,10.1468381881714,15.2973375320435,359.855438232422,0.0874780938029289,0.13268731534481,-0.0130155077204108,0.987204313278198
788.436706542969,-0.0865214616060257,0.0268135163933039,0.384025484323502,9.53902149200439,14.9179716110229,0.141904085874557,0.0826041102409363,0.129264742136002,-0.00957029778510332,0.988117218017578
788.999938964844,-0.0939440205693245,0.0254309587180614,0.383529037237167,10.301438331604,14.1498994827271,0.818642318248749,0.0899664834141731,0.122030660510063,-0.00399629212915897,0.98843240737915
789.549194335938,-0.09203040599823,0.0245604980736971,0.387441784143448,10.7286500930786,13.7021455764771,1.10765171051025,0.0939645245671272,0.117863848805428,-0.00159673881717026,0.988572835922241
790.088256835938,-0.0932550430297852,0.0238579884171486,0.386441856622696,10.8950223922729,13.6443948745728,1.30746054649353,0.0956047177314758,0.117168977856636,1.22140738767484E-06,0.988499462604523
790.638916015625,-0.0966579392552376,0.0231019984930754,0.387358814477921,11.0297794342041,13.5081510543823,1.50519943237305,0.0969668701291084,0.115800000727177,0.00168175343424082,0.98852664232254
791.184326171875,-0.0989772081375122,0.022175008431077,0.393378913402557,11.496392250061,13.3649187088013,1.6558758020401,0.101138927042484,0.114332057535648,0.00262571894563735,0.98827737569809
791.701354980469,-0.0986377894878387,0.0218129083514214,0.393967032432556,11.6570129394531,13.2625284194946,1.68991076946259,0.102555051445961,0.113382168114185,0.00284655415453017,0.988240301609039
792.248901367188,-0.0980067253112793,0.0219040215015411,0.391008138656616,11.6370286941528,13.2358503341675,1.61227428913116,0.1023054048419,0.113226011395454,0.00222111190669239,0.988285660743713
792.835693359375,-0.10072685033083,0.0220986381173134,0.387687206268311,11.5588417053223,13.2909593582153,1.71159422397614,0.101730905473232,0.11363061517477,0.00310801155865192,0.988296151161194
793.364196777344,-0.100311398506165,0.0218640062958002,0.389240980148315,11.7736968994141,13.3700504302979,1.69330215454102,0.103566817939281,0.114279389381409,0.00266013969667256,0.988031923770905
793.913757324219,-0.100907318294048,0.0236111674457788,0.39141845703125,10.6640663146973,13.4334659576416,2.11358523368835,0.0944215878844261,0.11473274230957,0.00737062282860279,0.988871395587921
794.462829589844,-0.101062707602978,0.021805701777339,0.390892446041107,11.4841709136963,13.4648971557617,2.02980446815491,0.101411186158657,0.114866726100445,0.00577464746311307,0.988174080848694
795.001037597656,-0.098453588783741,0.0197525061666965,0.3946213722229,12.3971261978149,13.8728113174438,1.62951755523682,0.108880549669266,0.118525303900242,0.000994645874015987,0.986962914466858
795.528442382813,-0.0972435027360916,0.0186335630714893,0.396458834409714,13.0146236419678,13.3625545501709,1.31035649776459,0.113874807953835,0.114301964640617,-0.00190070876851678,0.986896157264709
796.084289550781,-0.0972838848829269,0.0187394078820944,0.395590782165527,12.9854106903076,13.33997631073,1.4600191116333,0.113772600889206,0.113965235650539,-0.000559519801754504,0.986948549747467
796.617919921875,-0.0986693799495697,0.0186249073594809,0.393221408128738,13.1144371032715,13.6080493927002,1.63722145557404,0.115061119198799,0.116066671907902,0.000565771188121289,0.986554205417633
797.15234375,-0.101594999432564,0.0180639754980803,0.39546737074852,13.2758817672729,13.5675287246704,1.84943449497223,0.116664253175259,0.115462981164455,0.00226565124467015,0.98643434047699
797.687377929688,-0.104941964149475,0.018195629119873,0.396732896566391,13.0423221588135,13.0980157852173,2.10674071311951,0.114893168210983,0.111221723258495,0.00519478647038341,0.987118184566498
798.287353515625,-0.0996165871620178,0.0171719789505005,0.399917513132095,13.8866672515869,12.7847013473511,1.83732938766479,0.12189257144928,0.108579382300377,0.00235905847512186,0.986583590507507
798.825927734375,-0.101706273853779,0.0162496566772461,0.402708858251572,14.2141075134277,12.8375701904297,1.92057478427887,0.124790012836456,0.108859688043594,0.00269666058011353,0.986189544200897
799.352233886719,-0.102798335254192,0.0158366542309523,0.403613924980164,14.3234033584595,12.8708391189575,1.98538959026337,0.125792562961578,0.109045825898647,0.0031101203057915,0.986040353775024
799.912536621094,-0.102133527398109,0.0198793802410364,0.404072701931,12.2619132995605,13.1045732498169,2.52869248390198,0.108581304550171,0.111088387668133,0.0096115916967392,0.98781430721283
800.461059570313,-0.0991310253739357,0.0182758122682571,0.402333617210388,13.5247659683228,13.7392177581787,2.23606443405151,0.119202025234699,0.116474404931068,0.00515559036284685,0.986001014709473
800.997924804688,-0.0956591963768005,0.016751155257225,0.399491161108017,14.2558450698853,13.519775390625,1.64975559711456,0.12489116191864,0.115013010799885,-0.000418621202697977,0.9854816198349
801.53564453125,-0.103300273418427,0.0167871136218309,0.40000057220459,14.154278755188,13.5387887954712,2.31781697273254,0.124687470495701,0.114477045834064,0.00541167100891471,0.985555052757263
802.068542480469,-0.107468903064728,0.0164341982454062,0.398809015750885,14.2429361343384,13.64599609375,2.44039726257324,0.125577732920647,0.11523799598217,0.00625594891607761,0.985348284244537
802.608947753906,-0.11019492149353,0.0174312964081764,0.395641386508942,13.8163471221924,13.7375831604004,2.64535450935364,0.122123949229717,0.115939728915691,0.00836997292935848,0.985684335231781
803.120666503906,-0.109809882938862,0.0174129735678434,0.394010007381439,13.8734073638916,13.7081089019775,2.43091440200806,0.122395612299442,0.115896962583065,0.0064965202473104,0.985669851303101
803.647644042969,-0.10937711596489,0.0162885095924139,0.398829638957977,14.3951005935669,13.7051496505737,2.35806512832642,0.126805186271667,0.115790173411369,0.00532265938818455,0.985131859779358
804.182800292969,-0.107882499694824,0.0155995795503259,0.400900959968567,14.6302194595337,13.5587511062622,2.30961346626282,0.128769978880882,0.114513784646988,0.00482265138998628,0.985028743743896
804.698120117188,-0.107499033212662,0.0155128994956613,0.398236125707626,14.6028938293457,13.6206254959106,2.2080705165863,0.128435805439949,0.115167841315269,0.0039089354686439,0.985000193119049
805.232482910156,-0.110417537391186,0.0158211421221495,0.397414773702621,14.4895715713501,13.5743389129639,2.45263743400574,0.127705335617065,0.114531219005585,0.00618170527741313,0.98515772819519
805.754272460938,-0.109269164502621,0.0153943412005901,0.400132179260254,14.7455949783325,13.5625162124634,2.37933206558228,0.129830852150917,0.114431999623775,0.00529718259349465,0.984896540641785
806.30419921875,-0.109537869691849,0.0153405535966158,0.399242728948593,14.7151203155518,13.4343090057373,2.41293549537659,0.129596278071404,0.113301433622837,0.00576284527778625,0.985055506229401
806.853271484375,-0.109731696546078,0.0161395985633135,0.39661118388176,14.5866260528564,13.265266418457,2.56868529319763,0.128635466098785,0.111713223159313,0.00742470473051071,0.98535168170929
807.398803710938,-0.0956663489341736,0.0150476954877377,0.411231845617294,15.6512031555176,8.46486568450928,4.8291130065918,0.138746678829193,0.0673298612236977,0.0315833874046803,0.987531542778015
807.914428710938,-0.0545552298426628,0.0138081256300211,0.415566653013229,16.9653587341309,8.93946075439453,5.52152633666992,0.150603711605072,0.0699070617556572,0.0360114686191082,0.985461711883545
808.470825195313,-0.0671094581484795,0.0138916801661253,0.393002867698669,16.3795108795166,11.3858432769775,5.04977130889893,0.145937129855156,0.0918453335762024,0.0292719099670649,0.984586179256439
808.999816894531,-0.0819541811943054,0.0176756959408522,0.363157838582993,14.7932195663452,24.6016902923584,2.99955153465271,0.131267964839935,0.207907542586327,-0.00205795792862773,0.969298183917999
809.525268554688,-0.0857422575354576,0.0170081444084644,0.367441326379776,15.2464427947998,26.0935916900635,2.43939208984375,0.133967190980911,0.220950022339821,-0.00938700512051582,0.965994715690613
810.072692871094,-0.0877906084060669,0.0147939063608646,0.384404540061951,16.1517810821533,25.7422637939453,2.69939565658569,0.14211168885231,0.217262744903564,-0.00855059828609228,0.965674936771393
810.601501464844,-0.0890743732452393,0.0143838273361325,0.385613709688187,15.699164390564,24.2884502410889,2.33424925804138,0.137733727693558,0.205639228224754,-0.00899896956980228,0.968845188617706
811.154357910156,-0.0935927033424377,0.0139826536178589,0.384492009878159,15.604344367981,24.1571464538574,2.63899612426758,0.137486547231674,0.204203963279724,-0.00608990341424942,0.96920645236969
811.720520019531,-0.0949532836675644,0.0132197747007012,0.389552175998688,15.9139842987061,23.8416767120361,2.79726934432983,0.140397250652313,0.201204419136047,-0.00493350019678473,0.969423055648804
812.238098144531,-0.0933692306280136,0.0117816757410765,0.39650622010231,16.4353294372559,23.664083480835,2.85230398178101,0.144904613494873,0.199393421411514,-0.00518906908109784,0.969132602214813
812.792419433594,-0.0935599952936172,0.0116760777309537,0.399421721696854,16.6334991455078,23.5418243408203,3.01500487327576,0.146865040063858,0.198058590292931,-0.00401355139911175,0.969116806983948
813.321899414063,-0.0967532992362976,0.0122486660256982,0.397061616182327,16.5479373931885,22.9078235626221,2.7809751033783,0.145767748355865,0.193032264709473,-0.00503311539068818,0.970291197299957
813.875,-0.0951709821820259,0.0114942546933889,0.39577528834343,16.7290878295898,22.8000888824463,2.41824531555176,0.146695613861084,0.192502871155739,-0.00828182976692915,0.970234215259552
814.400512695313,-0.0961868837475777,0.011533560231328,0.394407987594604,16.5796890258789,22.6156482696533,2.48571586608887,0.145557284355164,0.190919026732445,-0.00721735320985317,0.970727026462555
814.926086425781,-0.0984969288110733,0.0112903723493218,0.397313117980957,16.7832336425781,22.4495792388916,2.71606922149658,0.147670432925224,0.189127996563911,-0.00540246488526464,0.970770239830017
815.498107910156,-0.0942836403846741,0.00878000259399414,0.408387303352356,17.8218879699707,21.3294544219971,2.60528969764709,0.156340479850769,0.179320216178894,-0.00658731907606125,0.971266448497772
816.03955078125,-0.0954370573163033,0.00853281561285257,0.409636110067368,17.8162841796875,20.9006576538086,2.73984694480896,0.156522765755653,0.17550328373909,-0.00485203461721539,0.971944272518158
816.582946777344,-0.0960062593221664,0.00853968132287264,0.409238785505295,17.7404747009277,21.144889831543,2.73641991615295,0.155864864587784,0.17761318385601,-0.00509239174425602,0.971665441989899
817.128601074219,-0.0957448780536652,0.00848347321152687,0.408053576946259,17.7059440612793,21.117733001709,2.64661884307861,0.155434593558311,0.177520290017128,-0.00576134584844112,0.971747636795044
817.645629882813,-0.0946996137499809,0.00815929658710957,0.408692479133606,17.8457717895508,21.2023811340332,2.57937049865723,0.156509563326836,0.178267896175385,-0.00667225709185004,0.971432387828827
818.195922851563,-0.0941283777356148,0.00836044363677502,0.407837957143784,17.7719783782959,21.2645149230957,2.51540780067444,0.155781373381615,0.178914040327072,-0.0071797939017415,0.971427023410797
818.71533203125,-0.09381303191185,0.00782725866883993,0.408258527517319,17.979850769043,21.2777137756348,2.49197006225586,0.157503575086594,0.178967460989952,-0.00773320393636823,0.971135139465332
819.239685058594,-0.0939986184239388,0.00737432530149817,0.409920334815979,18.1229991912842,21.2223472595215,2.59811615943909,0.158884093165398,0.178288698196411,-0.00698895193636417,0.971040785312653
819.7822265625,-0.0945294871926308,0.00744789419695735,0.410117268562317,17.9997863769531,21.2057781219482,2.671058177948,0.157955691218376,0.178102493286133,-0.00614865077659488,0.971232056617737
820.308959960938,-0.0948315486311913,0.0110813323408365,0.405485391616821,15.86314868927,21.8508186340332,2.27450847625732,0.139188289642334,0.184991672635078,-0.00684692617505789,0.972809255123138
820.841186523438,-0.0997176319360733,0.009429095312953,0.397321432828903,16.3768844604492,22.5691356658936,2.37166619300842,0.143654212355614,0.190754950046539,-0.00777666643261909,0.971038401126862
821.364624023438,-0.102724306285381,0.0096616093069315,0.389033168554306,16.229907989502,22.9370422363281,2.29169702529907,0.142249837517738,0.194032788276672,-0.00865909550338984,0.970588147640228
821.887268066406,-0.10439471155405,0.00924318563193083,0.390471696853638,16.3549957275391,22.6408023834229,2.20958662033081,0.143193244934082,0.191574081778526,-0.00920214597135782,0.97093278169632
822.406860351563,-0.104383997619152,0.0081784799695015,0.392876952886581,17.0430545806885,22.8869743347168,2.3961193561554,0.149306029081345,0.193131431937218,-0.00912619289010763,0.969703376293182
822.939636230469,-0.107629977166653,0.0080932080745697,0.393374085426331,17.1333446502686,22.9797382354736,2.53431129455566,0.150295197963715,0.193695992231369,-0.00823553092777729,0.969445943832397
823.459716796875,-0.111819691956043,0.00713884457945824,0.394438683986664,17.5429306030273,22.6175632476807,3.11265301704407,0.154741391539574,0.189670220017433,-0.00357154267840087,0.969570815563202
824.006469726563,-0.114504992961884,0.00634551234543324,0.39838370680809,17.82373046875,22.6604633331299,2.80568957328796,0.156602039933205,0.190314933657646,-0.00671112025156617,0.969128966331482
824.533386230469,-0.118773765861988,0.00654476601630449,0.401544362306595,17.6271915435791,21.9921607971191,3.08749651908875,0.155430600047112,0.184369161725044,-0.00308157433755696,0.970484375953674
825.046875,-0.119642600417137,0.00782964937388897,0.397225201129913,17.0937309265137,21.5027256011963,3.05629920959473,0.15087716281414,0.180516317486763,-0.00180551270022988,0.971929371356964
825.587036132813,-0.121682971715927,0.0086175836622715,0.396738946437836,16.8168601989746,22.0053997039795,3.49196195602417,0.149226531386375,0.184342607855797,0.00169131357688457,0.97146612405777
826.105895996094,-0.1206179484725,0.00851017888635397,0.396245390176773,16.8657283782959,21.7823219299316,3.19825649261475,0.149168610572815,0.182809606194496,-0.000590428477153182,0.97176593542099
826.645812988281,-0.122250698506832,0.00912284664809704,0.395466864109039,16.6375427246094,21.7522735595703,3.32561540603638,0.147439286112785,0.182499721646309,0.000908615242224187,0.972087800502777
827.199829101563,-0.124434560537338,0.0093197813257575,0.394448131322861,16.4425582885742,21.7759265899658,3.49572849273682,0.146059155464172,0.182577937841415,0.00264645018614829,0.972278296947479
827.7578125,-0.122574150562286,0.00880765914916992,0.391295969486237,16.6666679382324,21.8612518310547,3.35758304595947,0.147737860679626,0.183368772268295,0.000990808010101318,0.971878886222839
828.357849121094,-0.124505043029785,0.00764095783233643,0.394110858440399,17.067798614502,21.6892547607422,3.59936594963074,0.15151584148407,0.181394323706627,0.00259673967957497,0.971664726734161
828.903137207031,-0.12467236071825,0.00751439388841391,0.39272552728653,17.1107940673828,21.7426719665527,3.65977168083191,0.151976719498634,0.181745201349258,0.00296657998114824,0.971526145935059
829.430419921875,-0.126154690980911,0.00667571742087603,0.396511137485504,17.445068359375,21.9010334014893,3.76092290878296,0.154969468712807,0.182777315378189,0.00305223255418241,0.970859229564667
829.963073730469,-0.12732557952404,0.00576638709753752,0.402144491672516,17.7389049530029,21.4307441711426,4.07735300064087,0.157934442162514,0.178201332688332,0.00588657474145293,0.971219003200531
830.504150390625,-0.129501417279243,0.0101399188861251,0.410295426845551,16.236047744751,20.3673152923584,3.32975602149963,0.14401464164257,0.170920327305794,0.00335283321328461,0.974697291851044
831.032531738281,-0.134711071848869,0.00265834224410355,0.429603815078735,17.3633289337158,20.5076313018799,359.539855957031,0.147825926542282,0.176564499735832,-0.0307752601802349,0.972638368606567
831.555725097656,-0.14560866355896,0.00329689122736454,0.419940263032913,16.8606643676758,22.900821685791,359.968444824219,0.143634721636772,0.19641424715519,-0.0293712168931961,0.969498753547668
832.093627929688,-0.148227140307426,0.00626347586512566,0.409948766231537,15.8732299804688,23.5238094329834,0.420763731002808,0.135918721556664,0.201394900679588,-0.0245859250426292,0.969722509384155
832.638244628906,-0.149286329746246,0.00515523226931691,0.417205452919006,16.3140258789063,22.8057994842529,0.610643446445465,0.140126541256905,0.194962799549103,-0.0228806976228952,0.970479547977448
833.169128417969,-0.1526989787817,0.00595448305830359,0.413849204778671,16.0776748657227,23.0319004058838,0.873386919498444,0.138531804084778,0.19662880897522,-0.0205229613929987,0.970425069332123
833.702087402344,-0.154055744409561,0.00775480689480901,0.410286873579025,15.4831781387329,23.2516841888428,1.14092230796814,0.133923470973969,0.198359459638596,-0.0174813438206911,0.970779299736023
834.229248046875,-0.153918400406837,0.00578219443559647,0.414308309555054,16.2401714324951,23.2590503692627,1.34301316738129,0.140677988529205,0.197926551103592,-0.0171071998775005,0.969918608665466
834.765686035156,-0.15497699379921,0.0058404877781868,0.414936006069183,16.1330814361572,23.4479446411133,1.77389860153198,0.140493452548981,0.199035555124283,-0.0135031407698989,0.969775259494781
835.300964355469,-0.154615625739098,0.00580444885417819,0.414199590682983,16.2555408477783,23.4209518432617,1.66876423358917,0.141349583864212,0.198890313506126,-0.0145766818895936,0.969665169715881
835.822021484375,-0.154993265867233,0.00550646055489779,0.414754092693329,16.5324459075928,23.4619693756104,1.63585698604584,0.14362770318985,0.199174508452415,-0.0153967663645744,0.969259321689606
836.347106933594,-0.156125128269196,0.00565973995253444,0.415649026632309,16.5734081268311,23.348690032959,1.61870157718658,0.143959417939186,0.198222428560257,-0.0154721941798925,0.96940404176712
836.879577636719,-0.156040579080582,0.00584110477939248,0.415197372436523,16.4620246887207,23.3755855560303,1.5555431842804,0.142904877662659,0.198570355772972,-0.015843553468585,0.969482839107513
837.405822753906,-0.156211733818054,0.00541394110769033,0.416240751743317,16.6061191558838,23.3073120117188,1.51099801063538,0.144055470824242,0.197995662689209,-0.0163889937102795,0.969421088695526
837.940673828125,-0.156507655978203,0.00459492299705744,0.417824119329453,16.8903484344482,23.3154449462891,1.57735407352448,0.146571040153503,0.197874933481216,-0.0163385346531868,0.969069421291351
838.494567871094,-0.15751051902771,0.00488448096439242,0.417630791664124,16.7602214813232,23.2862777709961,1.72181034088135,0.145724594593048,0.197493389248848,-0.0148503929376602,0.969298839569092
839.011108398438,-0.158459931612015,0.00495665706694126,0.416615605354309,16.8159236907959,23.3071842193604,1.81623351573944,0.146355405449867,0.197528287768364,-0.0141765298321843,0.969206750392914
839.545104980469,-0.158757910132408,0.00458698393777013,0.416930019855499,16.9035148620605,23.3750953674316,1.80527317523956,0.147068023681641,0.198082283139229,-0.0145108355209231,0.968980848789215
840.066589355469,-0.160705789923668,0.00521566811949015,0.4160395860672,16.7385578155518,23.3184833526611,1.91055977344513,0.145862936973572,0.197534114122391,-0.0132566010579467,0.969292819499969
840.603088378906,-0.162080213427544,0.00559462793171406,0.415160715579987,16.6335601806641,23.3732585906982,2.02383470535278,0.145165055990219,0.197895765304565,-0.0121823502704501,0.969337940216064
841.142272949219,-0.162408292293549,0.00574759021401405,0.414767622947693,16.6011028289795,23.3943996429443,2.06033182144165,0.14495162665844,0.198041573166847,-0.0118428776040673,0.969344258308411
841.681823730469,-0.166450202465057,0.00742835504934192,0.411729604005814,15.9898147583008,23.5811862945557,2.92799878120422,0.141275852918625,0.19880473613739,-0.00364402448758483,0.969796180725098
842.224548339844,-0.169794723391533,0.01090566534549,0.402278900146484,14.9793767929077,23.0566520690918,3.8585844039917,0.134316578507423,0.193735212087631,0.00666998513042927,0.971792817115784
842.753845214844,-0.155356153845787,0.01598010212183,0.379231691360474,13.2421092987061,23.6828155517578,3.32549285888672,0.11871549487114,0.200474545359612,0.00455899490043521,0.972468972206116
843.295043945313,-0.133356392383575,0.0162147451192141,0.36587119102478,12.4197759628296,21.536600112915,2.10558891296387,0.109660938382149,0.183757647871971,-0.00226277043111622,0.976832866668701
843.843078613281,-0.122597813606262,0.0172449350357056,0.359344363212585,12.1799249649048,21.4579811096191,1.46344661712646,0.106590792536736,0.183766901493073,-0.0072719007730484,0.977146506309509
844.441284179688,-0.129264786839485,0.016468308866024,0.366973102092743,12.6736516952515,20.8322563171387,1.54715061187744,0.110970370471478,0.178209409117699,-0.00675579207018018,0.977691888809204
844.957397460938,-0.132209286093712,0.0168357901275158,0.367848604917526,12.5065174102783,20.3472423553467,1.46467339992523,0.109446205198765,0.174196034669876,-0.00673221843317151,0.978586733341217
845.50048828125,-0.132850110530853,0.0184171255677938,0.368862926959991,12.2698488235474,18.0160503387451,0.619260787963867,0.106391787528992,0.155103430151939,-0.0114258881658316,0.98208612203598
846.033996582031,-0.129421010613441,0.0161980856209993,0.380049616098404,13.0837306976318,18.5727615356445,0.827385187149048,0.113590635359287,0.159502536058426,-0.0113049717620015,0.980575501918793
846.577880859375,-0.129781603813171,0.0152487345039845,0.384211093187332,13.3269367218018,18.5333061218262,1.0292421579361,0.11595506221056,0.1589065939188,-0.00988007709383965,0.980410933494568
847.134094238281,-0.132359430193901,0.0148876830935478,0.384844183921814,13.5535736083984,18.3246650695801,1.43270432949066,0.11846386641264,0.156650871038437,-0.0065315687097609,0.980502009391785
847.662719726563,-0.131493180990219,0.0136290499940515,0.386092603206635,14.0601558685303,18.2640933990479,1.4170526266098,0.122777678072453,0.156010836362839,-0.00730584701523185,0.980067849159241
848.191711425781,-0.128701344132423,0.0109240431338549,0.38895109295845,15.2115211486816,17.5528507232666,1.00897943973541,0.132132887840271,0.150079265236855,-0.0115687604993582,0.979736328125
848.714172363281,-0.129419952630997,0.0105921607464552,0.390929400920868,15.3266563415527,17.9819488525391,1.22942566871643,0.133367478847504,0.153461113572121,-0.0103367902338505,0.979058802127838
849.239685058594,-0.131761163473129,0.00951454881578684,0.393026977777481,15.8820734024048,17.9066600799561,1.60512173175812,0.138616189360619,0.152210861444473,-0.00779524585232139,0.978548228740692
849.788391113281,-0.130956918001175,0.00912297703325748,0.393695920705795,16.0011138916016,17.6925621032715,1.60592842102051,0.139647707343102,0.150344952940941,-0.00768954865634441,0.97869086265564
850.306640625,-0.130392044782639,0.00967097375541925,0.3942891061306,15.5188779830933,17.7329635620117,1.58663642406464,0.135502502322197,0.150859460234642,-0.00725319935008883,0.97919762134552
850.831848144531,-0.130633056163788,0.0137568227946758,0.396675169467926,13.6839828491211,17.717700958252,1.10841906070709,0.119183979928493,0.1517583578825,-0.00885633192956448,0.981165766716003
851.369567871094,-0.125230357050896,0.012081790715456,0.411626189947128,14.4089412689209,16.9278106689453,0.469804495573044,0.124642409384251,0.145514503121376,-0.0144354421645403,0.981367111206055
851.9052734375,-0.116338640451431,0.00949043873697519,0.426972508430481,15.6817045211792,16.6343326568604,359.799621582031,0.134736359119415,0.14353609085083,-0.0214477106928825,0.980195641517639
852.432189941406,-0.116170480847359,0.00860857497900724,0.429115653038025,16.0366554260254,16.4582405090332,359.882171630859,0.137907788157463,0.141874521970749,-0.0209732409566641,0.980006754398346
852.94482421875,-0.114656277000904,0.00876307114958763,0.428027868270874,16.0252799987793,16.489070892334,359.711212158203,0.137592658400536,0.142345488071442,-0.0224582105875015,0.979949831962585
853.495971679688,-0.107225179672241,0.00645217066630721,0.432376742362976,17.0534954071045,17.8871898651123,359.744659423828,0.146125465631485,0.154069676995277,-0.0252272840589285,0.976869225502014
854.017883300781,-0.103691756725311,0.00496156886219978,0.43323016166687,17.4930229187012,16.9825878143311,359.121276855469,0.149272799491882,0.147090941667557,-0.0299487058073282,0.977335691452026
854.546691894531,-0.105881676077843,0.00315869762562215,0.439229041337967,18.1234970092773,16.6837577819824,359.339080810547,0.155003577470779,0.144165113568306,-0.0284847822040319,0.976923227310181
855.130432128906,-0.104737922549248,0.00295076216571033,0.441050708293915,18.2698612213135,15.6473913192749,359.244750976563,0.156393006443977,0.135432526469231,-0.0280573964118958,0.977963209152222
855.675476074219,-0.0957339257001877,0.00113460468128324,0.446321457624435,18.9854869842529,16.3156700134277,358.271759033203,0.161124527454376,0.142403528094292,-0.0381241478025913,0.9758620262146
856.19580078125,-0.0925459414720535,-0.000639401725493371,0.456219881772995,19.5994033813477,16.217830657959,357.979614257813,0.16602586209774,0.141946271061897,-0.0412039048969746,0.974981546401978
856.721496582031,-0.0919511914253235,-0.00147688202559948,0.460897415876389,19.7560443878174,15.9576396942139,358.02880859375,0.167513132095337,0.139651283621788,-0.0405909866094589,0.975084245204926
857.244812011719,-0.0927793309092522,-0.000930479960516095,0.459928542375565,19.6015205383301,15.4669580459595,357.989471435547,0.166322007775307,0.135540172457695,-0.0400334261357784,0.97589099407196
857.770141601563,-0.0906437113881111,-0.00135938101448119,0.460850238800049,19.8190746307373,16.3854675292969,358.273254394531,0.168202176690102,0.142928078770638,-0.0392130091786385,0.974547028541565
858.293395996094,-0.0924448892474174,-0.0013677574461326,0.458104461431503,19.8690376281738,15.5416393280029,358.100769042969,0.168707489967346,0.135998278856277,-0.0394985675811768,0.975439488887787
858.87939453125,-0.117201745510101,0.00351393222808838,0.447080016136169,18.2246360778809,16.410213470459,0.111735656857491,0.156886518001556,0.140763103961945,-0.0216492339968681,0.977294087409973
859.466491699219,-0.114351689815521,0.003298528958112,0.446588426828384,18.4228820800781,16.8090648651123,359.975311279297,0.158328086137772,0.144310534000397,-0.0236075446009636,0.976498544216156
859.988647460938,-0.112221628427505,0.00271523045375943,0.448169440031052,18.6661357879639,16.7420291900635,359.771575927734,0.160158857703209,0.143974930047989,-0.0255556553602219,0.976200461387634
860.533020019531,-0.108418941497803,0.00105339824222028,0.453712671995163,19.213207244873,16.4141330718994,359.440277099609,0.164483815431595,0.141554310917854,-0.0285890214145184,0.975751101970673
861.054321289063,-0.104987442493439,0.00133178941905499,0.451140552759171,19.1469039916992,17.5128746032715,359.683807373047,0.163958564400673,0.150567278265953,-0.0280074384063482,0.974506378173828
861.586547851563,-0.105887249112129,-0.000159441959112883,0.455939441919327,19.6455268859863,17.2798538208008,359.681091308594,0.168252378702164,0.148490890860558,-0.028339384123683,0.974083423614502
862.136779785156,-0.108748719096184,0.000344599218806252,0.454317033290863,19.3734455108643,16.6961441040039,359.760559082031,0.166178718209267,0.143463939428329,-0.0264670513570309,0.975244700908661
862.67529296875,-0.109901785850525,-0.000471568782813847,0.458062350749969,19.8334274291992,16.5315475463867,359.763244628906,0.170134454965591,0.141968920826912,-0.0267728101462126,0.974772989749908
863.177001953125,-0.111920759081841,-0.00028706990997307,0.459724247455597,19.7981395721436,15.945387840271,359.839538574219,0.170059964060783,0.136874422430992,-0.0252105090767145,0.975555956363678
863.706115722656,-0.109695874154568,-0.000107463594758883,0.458635956048965,19.7082214355469,15.6823415756226,359.488098144531,0.168937772512436,0.135170698165894,-0.0277079623192549,0.975920677185059
864.223266601563,-0.111435681581497,-0.000756447145249695,0.462671935558319,19.9084548950195,15.1829900741577,359.659942626953,0.170959368348122,0.130628407001495,-0.0257338136434555,0.976241230964661
864.744934082031,-0.110499702394009,-0.00169615657068789,0.466230183839798,20.2025356292725,15.357967376709,359.656036376953,0.173419982194901,0.132072612643242,-0.0263645108789206,0.975595891475677
865.307006835938,-0.108173087239265,-0.0019676003139466,0.466479271650314,20.324312210083,15.3012533187866,359.479339599609,0.174266844987869,0.131836801767349,-0.0279213227331638,0.975433528423309
865.821533203125,-0.106810167431831,-0.00256198341958225,0.467271894216537,20.4778366088867,15.3221092224121,359.268890380859,0.175326004624367,0.13231086730957,-0.0299187209457159,0.975120306015015
866.332214355469,-0.0992970615625381,-0.00437255809083581,0.472816526889801,21.2759914398193,16.4936809539795,359.201507568359,0.181707471609116,0.142242401838303,-0.033255971968174,0.972442090511322
866.85498046875,-0.098218560218811,-0.00567222572863102,0.474915266036987,21.6656360626221,14.9332427978516,358.669250488281,0.184855535626411,0.129788309335709,-0.0357305705547333,0.973502337932587
867.391174316406,-0.100849404931068,-0.00562698673456907,0.475074857473373,21.5806579589844,14.7848510742188,358.839447021484,0.184369847178459,0.128263369202614,-0.0339525900781155,0.973860085010529
867.908569335938,-0.101172424852848,-0.00529980519786477,0.474091023206711,21.5819854736328,14.8868532180786,358.879821777344,0.184396356344223,0.129065051674843,-0.033774983137846,0.973755359649658
868.451354980469,-0.100125506520271,-0.00518399616703391,0.473770201206207,21.5332565307617,14.622670173645,358.759613037109,0.18392613530159,0.127018868923187,-0.0343193300068378,0.974094271659851
868.973205566406,-0.107543535530567,-0.00167207198683172,0.471958309412003,20.2306537628174,13.2659368515015,359.710205078125,0.174166366457939,0.114154107868671,-0.0227597001940012,0.977812349796295
869.522338867188,-0.115127466619015,-0.00263764569535851,0.477054297924042,20.4407539367676,12.49107837677,0.359947204589844,0.176717072725296,0.106508702039719,-0.0162300001829863,0.978347361087799
870.060363769531,-0.112651333212852,-0.00254582404159009,0.476302653551102,20.4486923217773,12.4882974624634,0.0871762782335281,0.176531255245209,0.106903925538063,-0.0185619294643402,0.978296339511871
870.585021972656,-0.110754504799843,-0.00260568014346063,0.477023243904114,20.5455226898193,12.6408443450928,359.882019042969,0.177138864994049,0.108506321907043,-0.0206396002322435,0.977968394756317
871.118530273438,-0.108269214630127,-0.00271269702352583,0.477181881666183,20.6385231018066,12.7609796524048,359.603179931641,0.177643686532974,0.109948821365833,-0.0232929140329361,0.977656126022339
871.642517089844,-0.107708498835564,-0.00294664269313216,0.477733194828033,20.7258987426758,12.6190128326416,359.491302490234,0.1783117800951,0.108899213373661,-0.0241092760115862,0.977632164955139
872.169311523438,-0.108702056109905,-0.00292544788680971,0.477847397327423,20.7439651489258,12.6280717849731,359.593658447266,0.178561344742775,0.108814552426338,-0.0232668425887823,0.977616429328918
872.724304199219,-0.110315091907978,-0.00370104727335274,0.480005949735641,20.9733257293701,11.6451587677002,359.243988037109,0.18040557205677,0.10094627737999,-0.0249175056815147,0.978081226348877
873.264892578125,-0.103823587298393,-0.00300431856885552,0.469353169202805,20.8790664672852,14.0826959609985,359.346252441406,0.179140448570251,0.121580384671688,-0.0277801938354969,0.975886881351471
873.822265625,-0.105532519519329,-0.00213975040242076,0.467631995677948,20.6252555847168,14.6420440673828,359.500762939453,0.177011758089066,0.126142352819443,-0.027063176035881,0.975716471672058
874.370544433594,-0.106304481625557,-0.00191637501120567,0.468235582113266,20.5979270935059,14.1956195831299,359.598358154297,0.17698709666729,0.122193828225136,-0.0255132559686899,0.976265072822571
874.920959472656,-0.10691998898983,-0.00161037943325937,0.467119723558426,20.4029216766357,14.357837677002,359.7080078125,0.175407439470291,0.123439937829971,-0.0246211756020784,0.976416230201721
875.495849609375,-0.105130955576897,-0.000201600254513323,0.464084357023239,19.6175937652588,14.8649320602417,359.673736572266,0.168565794825554,0.127946987748146,-0.0248194541782141,0.977035939693451
876.06005859375,-0.126612216234207,0.00677761528640985,0.424627333879471,16.5301132202148,20.6751441955566,0.786835432052612,0.142635241150856,0.176608338952065,-0.0191106647253036,0.973704040050507
876.624450683594,-0.120071709156036,0.00641411123797297,0.421188533306122,16.6843700408936,21.1308193206787,0.337914049625397,0.143159329891205,0.180996477603912,-0.0237341281026602,0.972719073295593
877.1337890625,-0.117117017507553,0.00524081708863378,0.427919834852219,17.3126525878906,20.5012111663818,0.3067746758461,0.148575469851494,0.175529718399048,-0.0241788979619741,0.97289776802063
877.674926757813,-0.12106566131115,0.00608635833486915,0.427740216255188,16.9906730651855,20.3140106201172,0.613555252552032,0.146345496177673,0.173630192875862,-0.0208385363221169,0.973653614521027
878.23486328125,-0.11793227493763,0.0063457596115768,0.42777144908905,16.9393329620361,20.2956657409668,0.435328334569931,0.145642697811127,0.173715025186539,-0.0222511533647776,0.973712563514709
878.798034667969,-0.121106758713722,0.00656885327771306,0.428635954856873,16.8609256744385,20.2411880493164,0.720395743846893,0.145417615771294,0.172911062836647,-0.0196397956460714,0.973945438861847
879.387268066406,-0.122668221592903,0.00657442305237055,0.428304582834244,16.9059162139893,20.0911102294922,0.787767946720123,0.145926460623741,0.171537145972252,-0.0189447142183781,0.974126040935516
879.981628417969,-0.127059638500214,0.00708961486816406,0.427419513463974,16.7454032897949,19.6029300689697,0.963492870330811,0.144897252321243,0.167207926511765,-0.0165903493762016,0.975074946880341
880.581665039063,-0.129230454564095,0.00780345313251019,0.42647448182106,16.5030727386475,19.2734775543213,1.16027724742889,0.143164098262787,0.164226800203323,-0.0141450725495815,0.975875794887543
881.104797363281,-0.129333049058914,0.0066033354960382,0.43047821521759,17.0172653198242,18.9386577606201,1.25218868255615,0.147711560130119,0.161104395985603,-0.0136809479445219,0.975725114345551
881.645263671875,-0.130634427070618,0.00590886222198606,0.430775374174118,17.0546970367432,18.8909301757813,1.45229458808899,0.14831617474556,0.160427823662758,-0.0119690410792828,0.975767374038696
882.169372558594,-0.130734831094742,0.00618367362767458,0.430871546268463,17.0667495727539,18.4193553924561,1.35649740695953,0.148335993289948,0.156531184911728,-0.0121916765347123,0.976394295692444
882.7197265625,-0.129959747195244,0.00540947588160634,0.434008210897446,17.4430103302002,18.6534214019775,1.39953708648682,0.151572525501251,0.158350571990013,-0.0126600470393896,0.975597560405731
883.254089355469,-0.133679538965225,0.00191979797091335,0.443936198949814,18.9395503997803,17.9686317443848,0.557943344116211,0.163256794214249,0.153242886066437,-0.0209492687135935,0.974384427070618
883.756958007813,-0.138135015964508,-0.0039187790825963,0.444624334573746,20.3746910095215,21.7533111572266,0.662343204021454,0.174760609865189,0.184713467955589,-0.0277868043631315,0.966730356216431
884.283386230469,-0.137079536914825,-0.00384555687196553,0.434333473443985,20.2905807495117,24.0341014862061,0.984537124633789,0.174039259552956,0.203459590673447,-0.0284005701541901,0.963072121143341
884.808288574219,-0.135693699121475,-0.00270503317005932,0.429686725139618,19.8614616394043,24.3479480743408,0.916023671627045,0.170234262943268,0.206366956233978,-0.0286699160933495,0.963125646114349
885.329162597656,-0.139475598931313,-0.0029359869658947,0.432722210884094,19.9417781829834,24.3909015655518,1.22566652297974,0.171455949544907,0.206234410405159,-0.0262784138321877,0.963005542755127
885.875183105469,-0.140657484531403,-0.00302460417151451,0.433782309293747,19.9678535461426,24.1807651519775,1.33946657180786,0.171925842761993,0.204286888241768,-0.0250546056777239,0.963369429111481
886.41162109375,-0.140415266156197,-0.00247776182368398,0.431828200817108,19.8484115600586,24.2449264526367,1.3139750957489,0.17086298763752,0.204913854598999,-0.0251475479453802,0.963422954082489
886.942932128906,-0.142021402716637,-0.00258049345575273,0.43229067325592,19.8617935180664,24.2313289642334,1.43683052062988,0.171197831630707,0.204610601067543,-0.0241187177598476,0.963454246520996
887.461669921875,-0.14326049387455,-0.00266878632828593,0.431931674480438,19.9183578491211,24.2652759552002,1.52336812019348,0.171820431947708,0.204742431640625,-0.0235451739281416,0.963329613208771
888.005981445313,-0.143377020955086,-0.0024012727662921,0.430543154478073,19.8945236206055,24.2347240447998,1.46963822841644,0.171530619263649,0.20457623898983,-0.023907620459795,0.963407635688782
888.544189453125,-0.144811019301414,-0.00236786413006485,0.430989384651184,19.9237079620361,24.260160446167,1.64890253543854,0.17209056019783,0.204508721828461,-0.0224919337779284,0.963356196880341
889.104614257813,-0.14627505838871,-0.00246178382076323,0.430548042058945,19.9635429382324,24.2742786407471,1.81672215461731,0.17272175848484,0.204357206821442,-0.0211752187460661,0.963305234909058
889.649536132813,-0.147812813520432,-0.00242818240076303,0.429171681404114,19.8746528625488,24.3391571044922,1.92878520488739,0.172163769602776,0.204774424433708,-0.0201678145676851,0.963338136672974
890.195007324219,-0.148989498615265,-0.0015418529510498,0.426573753356934,19.5669288635254,24.3022747039795,1.99812638759613,0.16970956325531,0.204502016305923,-0.0189647674560547,0.963855803012848
890.764892578125,-0.153732314705849,0.0230622310191393,0.389010399580002,8.40788745880127,23.3183994293213,5.08499431610107,0.0806642919778824,0.198162972927094,0.0285282097756863,0.976427614688873
891.298522949219,-0.133598193526268,0.0221922863274813,0.368571639060974,8.45363140106201,26.8746337890625,2.73795223236084,0.0772034898400307,0.229970529675484,0.00605087773874402,0.970111668109894
891.844116210938,-0.131259068846703,0.0195948909968138,0.380888789892197,10.5445613861084,23.698169708252,1.25766885280609,0.0921694710850716,0.203466534614563,-0.00817111041396856,0.974699676036835
892.359436035156,-0.129867911338806,0.0192073546350002,0.395447015762329,10.2231893539429,22.3984699249268,0.848012030124664,0.088828444480896,0.192796766757965,-0.0100733889266849,0.977157831192017
892.911376953125,-0.132892206311226,0.017845006659627,0.39936438202858,11.079553604126,19.7416248321533,1.86544501781464,0.0978726372122765,0.16905577480793,-0.000584354565944523,0.980734825134277
893.42626953125,-0.136162623763084,0.0157666336745024,0.398480325937271,12.1669187545776,19.4519901275635,2.38678407669067,0.107929788529873,0.165773317217827,0.0025126535911113,0.980236768722534
893.994201660156,-0.141486048698425,0.0134057998657227,0.405163288116455,13.5787544250488,16.6414699554443,3.31257700920105,0.121079988777637,0.140258401632309,0.0112978974357247,0.982618749141693
894.59423828125,-0.144792526960373,0.01271912176162,0.405792713165283,14.1422595977783,14.0847644805908,4.47051858901978,0.126825273036957,0.116813354194164,0.0233328938484192,0.98474645614624
895.120361328125,-0.14415568113327,0.0125883314758539,0.404991537332535,14.3313093185425,14.5503730773926,4.2995753288269,0.128360420465469,0.120915994048119,0.0211343094706535,0.98410177230835
895.652587890625,-0.148872271180153,0.0124263800680637,0.405783772468567,14.2478771209717,14.786548614502,4.76145505905151,0.128182888031006,0.122466862201691,0.0249317064881325,0.983844220638275
896.180847167969,-0.147644981741905,0.0121223712339997,0.406649321317673,14.4259881973267,14.9263725280762,4.58512163162231,0.129549622535706,0.123778067529202,0.0230536963790655,0.983546853065491
896.722351074219,-0.145954832434654,0.0118508264422417,0.408212333917618,14.5439023971558,14.802206993103,4.46738576889038,0.13040928542614,0.122789122164249,0.0220469683408737,0.98358029127121
897.254211425781,-0.144966781139374,0.0115155689418316,0.410027086734772,14.7138175964355,14.6818008422852,4.40419912338257,0.131775557994843,0.121747307479382,0.0214465819299221,0.983541011810303
897.789001464844,-0.144189283251762,0.0158151984214783,0.410941451787949,12.4687767028809,15.0811328887939,4.37213325500488,0.112554609775543,0.126250550150871,0.0233508199453354,0.985315680503845
898.313232421875,-0.143573150038719,0.0120650352910161,0.407272696495056,14.9842653274536,16.1731700897217,4.41826963424683,0.134373694658279,0.134388670325279,0.0195097606629133,0.981581807136536
898.847534179688,-0.146636977791786,0.0117339296266437,0.409974902868271,14.9098520278931,15.7474594116211,4.74621677398682,0.134037137031555,0.130394220352173,0.0229109134525061,0.982092916965485
899.363952636719,-0.148535534739494,0.0123664354905486,0.410195589065552,14.6353178024292,16.5371685028076,4.87934970855713,0.132003948092461,0.137147516012192,0.0234809182584286,0.981434762477875
899.878723144531,-0.148224577307701,0.0125281596556306,0.408118546009064,14.6829891204834,17.5073471069336,3.84650611877441,0.131288960576057,0.146615594625473,0.0134620349854231,0.980349898338318
900.400024414063,-0.153815045952797,0.0116997249424458,0.408866077661514,15.0427665710449,18.6157722473145,4.13979244232178,0.134880006313324,0.155577883124352,0.0141791300848126,0.978469133377075
900.925598144531,-0.156363293528557,0.0106184268370271,0.412414073944092,15.3890190124512,18.6319942474365,4.29987621307373,0.138050436973572,0.155352234840393,0.0150276040658355,0.978050112724304
901.47216796875,-0.156897515058517,0.00951859168708324,0.417435646057129,15.7356939315796,18.0635223388672,4.55940198898315,0.141270071268082,0.150003507733345,0.017442749813199,0.978385150432587
902.021606445313,-0.15820150077343,0.00933285057544708,0.418792128562927,15.8417291641235,17.8810691833496,4.69224071502686,0.142317965626717,0.148224875330925,0.0186546463519335,0.978482007980347
902.563171386719,-0.158794358372688,0.00976394489407539,0.418545603752136,15.4303951263428,18.0874881744385,4.99872350692749,0.13924665749073,0.149835810065269,0.0215939693152905,0.978618085384369
903.0908203125,-0.16058050096035,0.00944431778043509,0.420004040002823,15.4981708526611,18.107608795166,5.22905778884888,0.140129297971725,0.149688512086868,0.0234407763928175,0.978472113609314
903.62451171875,-0.161685362458229,0.00877213198691607,0.423214793205261,16.1828651428223,18.303882598877,5.30237245559692,0.146096497774124,0.150873452425003,0.022848691791296,0.977430820465088
904.161315917969,-0.164710834622383,0.00858961325138807,0.421747952699661,16.2806854248047,18.5346412658691,5.47153520584106,0.147199839353561,0.152566343545914,0.0238552633672953,0.976978361606598
904.675903320313,-0.163968130946159,0.00801778957247734,0.422261863946915,16.4810047149658,18.358549118042,5.37901878356934,0.148745387792587,0.151063784956932,0.0230052042752504,0.976998090744019
905.190490722656,-0.165308833122253,0.00847032945603132,0.420821398496628,16.3291835784912,18.2920322418213,5.51868295669556,0.147623613476753,0.150407582521439,0.0244995821267366,0.977233171463013
905.708557128906,-0.166314020752907,0.00832988135516644,0.41998502612114,16.2825241088867,18.2179718017578,5.5822582244873,0.147293761372566,0.149722576141357,0.0252037160098553,0.977370202541351
906.244750976563,-0.167940437793732,0.00835883617401123,0.421445429325104,16.2932682037354,17.9519138336182,5.6467809677124,0.147409319877625,0.147363409399986,0.0260810349136591,0.977688252925873
906.823852539063,-0.160610929131508,0.00987180415540934,0.42020383477211,15.7280530929565,16.8066139221191,5.87649869918823,0.142596378922462,0.13763727247715,0.0302634406834841,0.979697108268738
907.343627929688,-0.16259391605854,0.00947151053696871,0.41968360543251,15.7817993164063,16.7399845123291,5.89982032775879,0.143065184354782,0.137005597352982,0.0304749477654696,0.979710817337036
907.900756835938,-0.166855826973915,0.00866379868239164,0.421111017465591,15.9512548446655,16.7574195861816,6.25947666168213,0.144944816827774,0.136596128344536,0.0333037376403809,0.979399502277374
908.429809570313,-0.165803581476212,0.00870723556727171,0.420752704143524,16.006664276123,16.6225128173828,6.12771558761597,0.145222306251526,0.135574489831924,0.0322753302752972,0.979534804821014
908.980712890625,-0.163154274225235,0.0105629693716764,0.420370489358902,15.1362113952637,16.8285942077637,5.75754451751709,0.137407600879669,0.13832876086235,0.0300015322864056,0.980349063873291
909.512573242188,-0.164367139339447,0.00997681263834238,0.423740059137344,15.1713066101074,16.5807991027832,5.85483312606812,0.13775771856308,0.136070683598518,0.0310853961855173,0.980582118034363
910.056213378906,-0.165430098772049,0.00994609948247671,0.422193259000778,15.1852436065674,16.6185722351074,5.87060976028442,0.13790574669838,0.136366531252861,0.0311567652970552,0.98051792383194
910.576354980469,-0.165920093655586,0.00991957355290651,0.418702244758606,15.247706413269,16.7930278778076,6.06780338287354,0.138723239302635,0.137582689523697,0.0325511321425438,0.980187356472015
911.174194335938,-0.166379272937775,0.0103068351745605,0.416427135467529,15.1954393386841,17.0274715423584,5.85272598266602,0.138081237673759,0.139879792928696,0.0304978992789984,0.98001891374588
911.745361328125,-0.16561895608902,0.00980852637439966,0.417454451322556,15.4099864959717,16.9685115814209,5.69979572296143,0.13971059024334,0.139431700110435,0.0289752203971148,0.97989809513092
912.2744140625,-0.166910380125046,0.0096937445923686,0.418435513973236,15.4275703430176,16.7583637237549,5.87982797622681,0.140023365616798,0.137404143810272,0.0307480711489916,0.980085790157318
912.806518554688,-0.165654540061951,0.01503836363554,0.415174931287766,12.9732494354248,17.8323001861572,5.45787382125854,0.118811503052711,0.148508340120316,0.0292450729757547,0.981312334537506
913.335998535156,-0.12778677046299,0.0169905293732882,0.385463088750839,11.7222623825073,26.2754344940186,2.17608451843262,0.103720456361771,0.224175095558167,-0.00481129065155983,0.969001770019531
913.885803222656,-0.107639521360397,0.0186832081526518,0.376261234283447,10.8189086914063,24.4361743927002,0.574483573436737,0.0931923240423203,0.210226252675056,-0.0150730516761541,0.973084270954132
914.42822265625,-0.140177950263023,0.0267567448318005,0.401169419288635,7.61656951904297,6.10380506515503,4.78495502471924,0.0684837475419044,0.0503080375492573,0.0380601659417152,0.995655834674835
914.994384765625,-0.115606375038624,0.0247840993106365,0.41387739777565,9.0784969329834,7.13184595108032,5.63276624679565,0.0819398239254951,0.0580458045005798,0.0439699701964855,0.99397349357605
915.50341796875,-0.0862315073609352,0.0235147569328547,0.415932923555374,10.4100399017334,5.18435144424438,6.98947954177856,0.0932039767503738,0.0394319780170918,0.056548111140728,0.993257522583008
916.00830078125,-0.0949493274092674,0.0267848130315542,0.410557597875595,10.5548515319824,7.09306478500366,5.15564155578613,0.0944796204566956,0.0574056804180145,0.0390159226953983,0.993104219436646
916.511474609375,-0.124216079711914,0.0225981455296278,0.403753131628036,10.5624151229858,10.159496307373,6.28929090499878,0.0963809564709663,0.0830041915178299,0.046271950006485,0.990797638893127
917.01806640625,-0.126298874616623,0.0188662204891443,0.405441373586655,11.663688659668,11.0163021087646,5.56377029418945,0.105655401945114,0.0904693007469177,0.0383181348443031,0.989537239074707
917.518615722656,-0.117904126644135,0.022269818931818,0.395402729511261,10.7098865509033,11.6760969161987,4.49535131454468,0.096741758286953,0.0975539311766624,0.0293601211160421,0.990081965923309
918.03759765625,-0.115898802876472,0.0229185782372952,0.387516021728516,10.2443943023682,9.99826240539551,5.1963415145874,0.0927835255861282,0.0826716497540474,0.0372063815593719,0.991550445556641
918.548461914063,-0.147762939333916,-0.000983997364528477,0.392654687166214,20.6930351257324,349.114471435547,2.30038690567017,0.176882162690163,-0.0968791171908379,0.0366898365318775,0.978765070438385
919.11962890625,-0.107352510094643,0.0120416861027479,0.392824977636337,11.394962310791,7.98530054092407,6.73870992660522,0.102935895323753,0.0633442476391792,0.0514396801590919,0.991335272789001
919.632568359375,-0.0935428217053413,0.0154404817149043,0.395038306713104,8.26491451263428,14.9476280212402,8.06529426574707,0.080396942794323,0.124388948082924,0.0601959638297558,0.987137377262115
920.137084960938,-0.09942926466465,0.00901098735630512,0.406051963567734,12.2480897903442,12.335732460022,5.47796440124512,0.111047558486462,0.101638227701187,0.0357893742620945,0.98795610666275
920.680725097656,-0.128766641020775,0.00764954369515181,0.426878899335861,13.8220367431641,0.532733619213104,5.47707271575928,0.120409533381462,-0.00113907782360911,0.0468718595802784,0.991616487503052
921.252075195313,-0.137676358222961,0.00710810627788305,0.429973393678665,14.5262432098389,355.539611816406,4.47729206085205,0.124726094305515,-0.0435074381530285,0.0436350665986538,0.990275979042053
921.788879394531,-0.127650663256645,0.00666843634098768,0.427829384803772,14.6674280166626,2.57938146591187,5.47122621536255,0.128535896539688,0.0162071231752634,0.0444551333785057,0.990575432777405
922.294616699219,-0.121440142393112,0.00570617942139506,0.430240213871002,15.3765935897827,7.39080619812012,5.23032808303833,0.136280909180641,0.0577148236334324,0.0365095101296902,0.988313496112823
922.848754882813,-0.169449418783188,0.00111180916428566,0.42228239774704,17.2790508270264,349.186218261719,7.98874378204346,0.14269645512104,-0.103349834680557,0.0826819464564323,0.980877280235291
923.36474609375,-0.161432296037674,0.00378182134591043,0.414019614458084,14.9187622070313,355.143707275391,8.49736976623535,0.126238107681274,-0.0515017695724964,0.0788776949048042,0.98751699924469
923.937255859375,-0.113880395889282,0.00171255017630756,0.402286648750305,13.5969905853271,16.9248523712158,6.7691068649292,0.125511705875397,0.138958543539047,0.0405937023460865,0.98147314786911
924.511413574219,-0.122303828597069,-0.00199285754933953,0.40728947520256,15.1608943939209,19.1782608032227,7.30936908721924,0.140336006879807,0.156498700380325,0.0403726436197758,0.976823449134827
925.0302734375,-0.125973284244537,-0.00213820952922106,0.407220423221588,15.3199758529663,13.1300668716431,5.42684555053711,0.137635767459869,0.106914803385735,0.0313878171145916,0.984195351600647
925.565734863281,-0.126589581370354,-0.000898315105587244,0.408412873744965,14.8454761505127,15.6919431686401,6.86901140213013,0.135859355330467,0.127456411719322,0.04124541208148,0.981629252433777
926.094116210938,-0.133996307849884,-0.00352494604885578,0.406271070241928,16.1593341827393,10.4518003463745,6.41315841674805,0.144790768623352,0.0822082981467247,0.042369082570076,0.985130608081818
926.600646972656,-0.12720575928688,-0.00273835705593228,0.401515454053879,15.6792736053467,13.1651859283447,6.73812961578369,0.141941383481026,0.105404578149319,0.0422249995172024,0.983341038227081
927.109497070313,-0.128548949956894,4.06624749302864E-05,0.397053569555283,14.5737152099609,12.4803943634033,6.45586633682251,0.131956622004509,0.100548200309277,0.0417576469480991,0.985258281230927
927.625305175781,-0.128721177577972,-0.00053082313388586,0.403200387954712,14.7317399978638,12.3571043014526,6.67609119415283,0.133458986878395,0.0991363227367401,0.043636079877615,0.985117554664612
928.1474609375,-0.127096489071846,-0.000376040115952492,0.409230381250381,14.9752721786499,12.5685977935791,6.70398664474487,0.135653242468834,0.100769311189651,0.0433832071721554,0.984663307666779
928.664733886719,-0.13010036945343,0.000336638069711626,0.408210903406143,14.7417850494385,13.6723308563232,6.84718942642212,0.134201839566231,0.110229626297951,0.043559517711401,0.98384040594101
929.188293457031,-0.13594663143158,-0.00120437983423471,0.404083102941513,15.041748046875,13.7611427307129,7.18228721618652,0.137128874659538,0.110397130250931,0.0460006333887577,0.983306765556335
929.70849609375,-0.130001053214073,-0.00158705376088619,0.402337044477463,15.261622428894,14.1597862243652,6.66990184783936,0.138660281896591,0.114289000630379,0.0408792123198509,0.982873499393463
