Seconds,PositionX,PositionY,PositionZ,RotationX,RotationY,RotationZ,QuatX,QuatY,QuatZ,QuatW
3.6946120262146,-0.220979228615761,0.013660297729075,-0.101733237504959,354.998870849609,358.130187988281,2.91627669334412,-0.0440240353345871,-0.0151856895536184,0.0247073080390692,0.99860954284668
4.21642971038818,-0.207050338387489,-0.00274225580506027,-0.0909681767225266,5.4871678352356,5.17257595062256,0.940241098403931,0.0481857247650623,0.0446783266961575,0.00602746568620205,0.997820496559143
4.7597017288208,-0.208028182387352,0.00201454968191683,-0.0744126737117767,2.3703019618988,2.25544500350952,1.08467590808868,0.0208646282553673,0.0194803681224585,0.00905452854931355,0.999551475048065
5.2835168838501,-0.215341717004776,0.000603171181865036,-0.0666255131363869,2.99675822257996,1.26810419559479,1.79106688499451,0.0263167694211006,0.0106522748246789,0.0153337419033051,0.999479293823242
5.79934072494507,-0.213970676064491,-8.40927823446691E-05,-0.07157251983881,3.33379244804382,2.76233959197998,1.49841070175171,0.0293928235769272,0.0237111188471317,0.0123653141781688,0.999210178852081
6.32797718048096,-0.212469428777695,0.00177021394483745,-0.0836374163627625,2.07293772697449,4.21248579025269,1.43647813796997,0.0185357946902514,0.0365170985460281,0.0118600316345692,0.999090731143951
6.85508060455322,-0.214908003807068,0.00138584128580987,-0.0780252888798714,2.47482824325562,3.38861322402954,1.55357146263123,0.0219845939427614,0.0292646698653698,0.0129095204174519,0.999246537685394
7.37278270721436,-0.213041424751282,-0.000524085480719805,-0.070490837097168,3.31004667282104,3.57327246665955,1.6225254535675,0.0293059051036835,0.0307527743279934,0.013245576992631,0.999009549617767
7.90073299407959,-0.21101801097393,-0.00101132167037576,-0.0666290521621704,3.661057472229,3.74998807907104,1.39175534248352,0.0323210321366787,0.0323121212422848,0.0110872853547335,0.998893558979034
8.42565155029297,-0.211909264326096,-0.000690747867338359,-0.0709192231297493,3.50338697433472,4.81465625762939,1.45950198173523,0.0310733150690794,0.0415914319455624,0.0114351669326425,0.998585939407349
8.9568395614624,-0.212201103568077,-0.000238886044826359,-0.0748276263475418,3.19108724594116,4.85078859329224,1.55361449718475,0.028389897197485,0.0419210270047188,0.0123618291690946,0.998641014099121
9.47900295257568,-0.210729703307152,0.000283119676169008,-0.0733379647135735,3.03401470184326,4.70754766464233,1.58330345153809,0.0270160567015409,0.040685772895813,0.0127128353342414,0.998725831508636
9.99654102325439,-0.209280356764793,-0.000297236576443538,-0.0711437836289406,3.28739142417908,4.76811408996582,1.53394651412964,0.029213160276413,0.0411931723356247,0.0121756419539452,0.998649835586548
10.5248756408691,-0.210762470960617,-0.000420727330492809,-0.0682929530739784,3.31199264526367,4.68070840835571,1.75491285324097,0.0294961631298065,0.0403715074062347,0.0141147905960679,0.998649537563324
11.0520906448364,-0.212554231286049,-0.000799261266365647,-0.069317638874054,3.35885667800903,4.61225938796997,1.94906771183014,0.0299634709954262,0.0397175326943398,0.0158078111708164,0.998636484146118
11.629243850708,-0.209071785211563,-0.000767561141401529,-0.0688213407993317,3.56222796440125,4.91480541229248,1.95115578174591,0.0317778885364532,0.0423209816217422,0.0156698804348707,0.998475611209869
12.1757659912109,-0.206246137619019,-0.00114209472667426,-0.0687290281057358,3.69274735450745,4.77529716491699,1.75425362586975,0.0328253880143166,0.0411409586668015,0.0139447972178459,0.998516619205475
12.7420349121094,-0.207747161388397,0.000583396293222904,-0.0761298760771751,2.86708545684814,4.13642024993896,1.54192996025085,0.0254843160510063,0.0357382744550705,0.0125397183001041,0.998957514762878
13.2674560546875,-0.207081079483032,0.000923451036214828,-0.0752678737044334,2.57906866073608,4.64913511276245,1.51928615570068,0.0230218283832073,0.0402482785284519,0.0123309046030045,0.998848438262939
13.8237714767456,-0.203600600361824,0.000217895925743505,-0.0641915798187256,3.09434270858765,4.90943956375122,1.48315799236298,0.0275270473212004,0.0424615070223808,0.0117697361856699,0.998649477958679
14.3864831924438,-0.197475597262383,-0.000608799455221742,-0.0560245364904404,3.6230525970459,5.36365795135498,0.464510381221771,0.0317665189504623,0.0466378852725029,0.00256804865784943,0.998403310775757
14.8899879455566,-0.193251579999924,-0.000117040806799196,-0.0573895908892155,3.47739386558533,6.06016063690186,359.910736083984,0.0302577391266823,0.0528594776988029,-0.00238141184672713,0.998140633106232
15.4057016372681,-0.193101808428764,0.000668298511300236,-0.0637505576014519,3.13360118865967,6.12702608108521,359.752624511719,0.0271879490464926,0.0534817539155483,-0.00361617933958769,0.998192131519318
15.9660634994507,-0.194984525442123,0.00294284243136644,-0.0737276151776314,2.06406354904175,6.20369672775269,359.936248779297,0.0179548915475607,0.0541122406721115,-0.00152998545672745,0.998372256755829
16.5299510955811,-0.193352878093719,0.00201610149815679,-0.0749587044119835,2.42977643013,6.31319046020508,359.957397460938,0.0211495794355869,0.0550606027245522,-0.00153850426431745,0.99825781583786
17.0722560882568,-0.194017872214317,0.00181365548633039,-0.0760546177625656,2.42310810089111,6.33688497543335,0.17129872739315,0.0211942885071039,0.055227592587471,0.000323581829434261,0.998248815536499
17.6237506866455,-0.196313008666039,0.00194825115613639,-0.0744722932577133,2.35841727256775,6.09133911132813,0.384523391723633,0.0207286849617958,0.0530514158308506,0.00225671520456672,0.998374044895172
18.1776256561279,-0.195363163948059,0.00173274206463248,-0.0694442391395569,2.53699827194214,6.30807733535767,0.191532164812088,0.022196052595973,0.0549700558185577,0.000450466119218618,0.998241186141968
18.7207698822021,-0.196488454937935,0.00173259456641972,-0.0623383671045303,2.73917102813721,6.14968061447144,0.428886860609055,0.0240676254034042,0.0535353012382984,0.00245420425198972,0.998272895812988
19.2696533203125,-0.195153847336769,0.00107883929740638,-0.0580506771802902,2.99410700798035,6.20788908004761,0.27064722776413,0.0262149833142757,0.0540673099458218,0.000942940474487841,0.998192667961121
19.8212184906006,-0.195008620619774,0.00144760147668421,-0.0629077255725861,2.74959468841553,6.32226800918579,0.331683099269867,0.0241153985261917,0.055058766156435,0.0015662022633478,0.998190641403198
20.3742122650146,-0.194185644388199,0.00149319937918335,-0.0659170225262642,2.55280947685242,6.14563751220703,0.438340693712234,0.0224484317004681,0.0535063184797764,0.00262470892630517,0.998311698436737
20.9294242858887,-0.193363010883331,0.00141111924313009,-0.0653757005929947,2.70881295204163,6.31811809539795,0.290179759263992,0.023740166798234,0.0550327114760876,0.00122517335694283,0.998201549053192
21.4920406341553,-0.195612475275993,0.00142251909710467,-0.0658777579665184,2.66009974479675,6.32553672790527,0.326071977615356,0.023333165794611,0.0550916530191898,0.00155976659152657,0.998207449913025
22.041919708252,-0.195422649383545,0.00197887886315584,-0.0670068860054016,2.55600214004517,6.17494964599609,0.353827446699142,0.0224372614175081,0.0537781044840813,0.00188120198436081,0.9982990026474
22.5852642059326,-0.192424207925797,0.00106329587288201,-0.0642703995108604,2.98056960105896,6.7377610206604,0.106967493891716,0.0260173249989748,0.0587200485169888,-0.000596766651142389,0.997935235500336
23.1356754302979,-0.193176582455635,0.000432164699304849,-0.060473270714283,3.25667667388916,6.78029680252075,0.0936220213770866,0.0284145940095186,0.059087660163641,-0.0008651273092255,0.99784791469574
23.687557220459,-0.193527221679688,-0.000414961134083569,-0.0559801794588566,3.5269615650177,6.76618719100952,0.112867824733257,0.0307781379669905,0.058953583240509,-0.000833235098980367,0.997785806655884
24.2490081787109,-0.191153690218925,-0.00133863592054695,-0.0500066988170147,4.04436254501343,6.81427764892578,359.95068359375,0.0351984612643719,0.059408888220787,-0.00252632913179696,0.997609794139862
24.8097896575928,-0.188658595085144,-0.000599692575633526,-0.0544887445867062,3.9381422996521,7.0856409072876,359.871643066406,0.0342251509428024,0.0617963671684265,-0.00324050849303603,0.997496545314789
25.3582363128662,-0.189413011074066,0.000126416838611476,-0.0618678852915764,3.61371493339539,6.90536880493164,359.889923095703,0.0314153172075748,0.0602245032787323,-0.00285728415474296,0.997686266899109
25.8616580963135,-0.190970465540886,4.66581150249112E-06,-0.0673294514417648,3.41063237190247,6.82345056533813,359.883392333984,0.0296456962823868,0.0595144964754581,-0.00278636463917792,0.997783243656158
26.4175453186035,-0.191602304577827,-4.1970815800596E-05,-0.0647746473550797,3.43530011177063,6.88458204269409,359.925506591797,0.0298810619860888,0.0600356347858906,-0.00244824308902025,0.997745931148529
26.926685333252,-0.188991487026215,-0.00140521803405136,-0.055939145386219,4.05279302597046,6.97502040863037,359.816528320313,0.0351970419287682,0.0608493573963642,-0.00374821713194251,0.997519254684448
27.4384307861328,-0.18699748814106,-0.00134525285102427,-0.0546586997807026,4.14207792282104,6.84578990936279,359.759094238281,0.0359485894441605,0.0597419664263725,-0.00425484497100115,0.997557282447815
28.0146770477295,-0.187050253152847,-0.00119907746557146,-0.0586916320025921,3.97633171081543,6.84263515472412,359.711395263672,0.0344809181988239,0.0597288869321346,-0.00458301836624742,0.997608423233032
28.5436687469482,-0.188842758536339,-0.000935602118261158,-0.0614356845617294,3.8470401763916,6.89702129364014,359.828582763672,0.0334146991372108,0.0601676963269711,-0.00351148308254778,0.997622668743134
29.1088047027588,-0.192559078335762,-0.00065704935695976,-0.0629238858819008,3.80870866775513,6.91030263900757,0.0388318449258804,0.0331911407411098,0.0602226965129375,-0.00166467926464975,0.99763160943985
29.6668071746826,-0.193471238017082,-0.000775256310589612,-0.0619448684155941,3.68484234809875,6.89267253875732,0.0406466722488403,0.0321139395236969,0.0600711889564991,-0.00157881563063711,0.997676134109497
30.171838760376,-0.191606119275093,-0.00152981607243419,-0.058832660317421,4.09662294387817,6.87255954742432,359.899993896484,0.0356256105005741,0.0599312670528889,-0.00301300687715411,0.997562050819397
30.7368717193604,-0.189838320016861,-0.000469136517494917,-0.0620888322591782,3.55093002319336,6.75609445571899,359.798095703125,0.030825100839138,0.0589500106871128,-0.00358361774124205,0.997778475284576
31.2964057922363,-0.188681527972221,-0.000914364703930914,-0.0610804408788681,3.93723821640015,6.80195665359497,359.6953125,0.0341338589787483,0.0593793764710426,-0.00469055958092213,0.9976407289505
31.8456897735596,-0.189141944050789,-0.00152863084804267,-0.0590145513415337,4.1688060760498,7.18346643447876,359.76416015625,0.0361713133752346,0.0626796409487724,-0.00433112680912018,0.997368633747101
32.3462142944336,-0.191024944186211,-0.00168332864996046,-0.0597814507782459,4.1056342124939,6.98699951171875,359.884918212891,0.0356930121779442,0.060932070016861,-0.00318459188565612,0.997498452663422
32.9035682678223,-0.189969286322594,-0.00198826589621603,-0.0587505996227264,4.20818996429443,7.03779172897339,359.827606201172,0.0365535952150822,0.0613913908600807,-0.00375398411415517,0.997437179088593
33.4671936035156,-0.18804620206356,-0.00213886541314423,-0.0588743202388287,4.3200101852417,6.97066116333008,359.669494628906,0.037445180118084,0.0608580410480499,-0.00516816880553961,0.997430443763733
34.0241355895996,-0.189272567629814,-0.00155251764226705,-0.0598467439413071,4.25392913818359,6.99874305725098,359.803924560547,0.0369403921067715,0.061058834195137,-0.00397194502875209,0.997442483901978
34.5906524658203,-0.190402612090111,-0.00162464857567102,-0.0605555362999439,4.25408840179443,7.10754919052124,359.865142822266,0.0369710959494114,0.0619861520826817,-0.00347449211403728,0.99738597869873
35.1525115966797,-0.191593110561371,-0.00123216677457094,-0.0603915601968765,4.06872987747192,6.92990016937256,0.0049827485345304,0.0354366339743137,0.0603982992470264,-0.00210210448130965,0.997542917728424
35.7052383422852,-0.19168409705162,-0.00148626940790564,-0.0617628954350948,4.14406204223633,6.95565319061279,359.945007324219,0.0360601879656315,0.0606399141252041,-0.00267211440950632,0.997504591941833
36.272891998291,-0.190473437309265,0.00105411559343338,-0.0600912868976593,3.03303050994873,7.12796306610107,359.6845703125,0.0262427590787411,0.062213808298111,-0.00439143413677812,0.997708201408386
36.8247413635254,-0.188500761985779,0.000426457350840792,-0.0566604696214199,3.09389185905457,7.25516366958618,359.387969970703,0.0266037471592426,0.0633908808231354,-0.00703626777976751,0.997609317302704
37.3283576965332,-0.18964558839798,0.000445894926087931,-0.0558849833905697,3.09201240539551,7.01312828063965,359.528839111328,0.0266774948686361,0.0612508356571198,-0.0057526221498847,0.997749269008636
37.8760566711426,-0.191035866737366,5.64481888432056E-05,-0.0594897195696831,3.36097812652588,6.69500589370728,359.348815917969,0.0289436746388674,0.0585320219397545,-0.00738288974389434,0.99783855676651
38.4332580566406,-0.18325899541378,0.000281884334981441,-0.0538651160895824,2.28166770935059,6.24048233032227,357.191040039063,0.0185406282544136,0.0548917055130005,-0.025552574545145,0.997993111610413
38.9822425842285,-0.176248580217361,-0.00186586217023432,-0.0440377220511436,2.56608390808105,6.92034435272217,356.743377685547,0.0206270031630993,0.0609503053128719,-0.0297075975686312,0.997485399246216
39.4888725280762,-0.168946743011475,-0.00101927039213479,-0.0387935452163219,1.74940180778503,7.22209358215332,356.096130371094,0.0130816549062729,0.0634579956531525,-0.0349503494799137,0.997286558151245
40.0381622314453,-0.165924668312073,-0.00120601244270802,-0.0373043306171894,1.27953088283539,6.91742467880249,355.107482910156,0.00856045912951231,0.0607462413609028,-0.0432748198509216,0.997177958488464
40.5944671630859,-0.168468803167343,-0.000996513525024056,-0.043268259614706,1.06302571296692,6.46162796020508,354.837036132813,0.00671408977359533,0.0567160025238991,-0.0454888753592968,0.997330963611603
41.1690368652344,-0.169580638408661,-0.000897779129445553,-0.0471669100224972,0.827791571617126,5.96101522445679,354.599731445313,0.00475658616051078,0.0522769689559937,-0.0474189966917038,0.99749481678009
41.7346229553223,-0.168537646532059,-0.00139156286604702,-0.0446703024208546,1.15814280509949,5.79680824279785,354.464660644531,0.00764035433530807,0.0509909428656101,-0.0487324185669422,0.99748021364212
42.2732810974121,-0.165679082274437,-0.00178937427699566,-0.043794434517622,1.42646670341492,5.72209978103638,354.304718017578,0.00993753038346767,0.050466138869524,-0.0502350814640522,0.997412085533142
42.8431816101074,-0.168120637536049,-0.00197799690067768,-0.0437877364456654,1.57584893703461,5.71142387390137,354.690460205078,0.0114122433587909,0.050398912280798,-0.0469403453171253,0.997560203075409
43.3943901062012,-0.1713827252388,-0.00209654308855534,-0.0457657240331173,1.43960952758789,5.63092851638794,354.799682617188,0.010306391865015,0.0496341288089752,-0.0459238179028034,0.997657895088196
43.9438667297363,-0.170769050717354,-0.0028737613465637,-0.0445866286754608,1.61544704437256,5.80988645553589,354.689727783203,0.0117162968963385,0.0512718632817268,-0.0469738356769085,0.997510612010956
44.4480628967285,-0.167196542024612,-0.00303632626309991,-0.0443309172987938,1.69379949569702,5.78268051147461,354.373199462891,0.0122684435918927,0.0511002503335476,-0.0497603081166744,0.997377693653107
44.9951858520508,-0.16565990447998,-0.00320629356428981,-0.0425250567495823,1.96756231784821,5.46833038330078,354.420684814453,0.0148082105442882,0.0484731942415237,-0.0494250319898129,0.99749094247818
45.549015045166,-0.161559402942657,-0.00371812982484698,-0.0412265881896019,2.09877967834473,5.54764842987061,354.166900634766,0.0158072207123041,0.0492534264922142,-0.0516983158886433,0.997322201728821
46.1019058227539,-0.164007976651192,-0.00373323168605566,-0.0407937243580818,2.13737392425537,5.19975137710571,354.454132080078,0.0164159256964922,0.0462011992931366,-0.0491648465394974,0.997586488723755
46.6461906433105,-0.16578172147274,-0.00360591989010572,-0.0434308424592018,2.08980083465576,5.22662258148193,354.427673339844,0.0159794986248016,0.0464191064238548,-0.0493803657591343,0.997572839260101
47.2044258117676,-0.16897015273571,-0.00239106174558401,-0.0487899072468281,1.70606029033661,4.83736896514893,354.719390869141,0.0129147544503212,0.0428371950984001,-0.0466472059488297,0.99790894985199
47.7505416870117,-0.170449167490005,-0.00086456723511219,-0.0519067086279392,1.11246109008789,4.83964109420776,354.968536376953,0.00783673767000437,0.0426043383777142,-0.0442619398236275,0.998080372810364
48.3207588195801,-0.169142499566078,-0.0019263697322458,-0.0474404990673065,1.57439935207367,4.98188257217407,354.941070556641,0.0117945251986384,0.0440207496285439,-0.0446839407086372,0.997961103916168
48.8717460632324,-0.167821407318115,-0.00150720588862896,-0.0470947399735451,1.50894498825073,4.82089996337891,354.802764892578,0.0112357772886753,0.0426074676215649,-0.0458480753004551,0.997976124286652
49.4259757995605,-0.168048515915871,-0.00149654364213347,-0.0482730567455292,1.41954827308655,4.59374284744263,354.505157470703,0.0104425214231014,0.040621392428875,-0.0483867935836315,0.997947692871094
49.9964332580566,-0.172277823090553,-0.00140283349901438,-0.048090111464262,1.30132853984833,4.1412992477417,354.892211914063,0.00972740538418293,0.0365992523729801,-0.0449370145797729,0.998271763324738
50.5438575744629,-0.172819316387177,-0.00142366695217788,-0.0471190176904202,1.52233040332794,3.89372110366821,355.071411132813,0.0118039138615131,0.034509040415287,-0.0434191934764385,0.998391032218933
51.1079978942871,-0.168588027358055,-0.00140761048533022,-0.0464498847723007,1.32174217700958,3.90899705886841,354.765106201172,0.00995797012001276,0.0345943979918957,-0.0460305511951447,0.998291194438934
51.6922035217285,-0.165572211146355,-0.00202555162832141,-0.0489893294870853,1.51885652542114,3.5184588432312,354.378479003906,0.0117266615852714,0.0313095338642597,-0.04941625893116,0.998218536376953
52.2503776550293,-0.165894255042076,-0.0022131847217679,-0.0506296567618847,1.55794322490692,3.43173861503601,354.422424316406,0.0121162850409746,0.0305660311132669,-0.0490345880389214,0.998255729675293
52.8115119934082,-0.165201917290688,-0.00232931296341121,-0.0515360720455647,1.5312397480011,3.1280038356781,354.211547851563,0.0119621781632304,0.0279307831078768,-0.0508333221077919,0.998244822025299
53.3573608398438,-0.164410457015038,-0.00187270808964968,-0.0541625395417213,1.40596580505371,3.12544250488281,354.108001708984,0.0108467927202582,0.0278634876012802,-0.0517059080302715,0.998214662075043
53.9087867736816,-0.165084168314934,-0.00162364263087511,-0.0535700879991055,1.36664044857025,3.16179919242859,354.227416992188,0.0105171510949731,0.028151735663414,-0.0506599545478821,0.998263716697693
54.4619102478027,-0.166218802332878,-0.0008507389575243,-0.0565348155796528,1.04548609256744,2.95136713981628,354.233489990234,0.00781355425715446,0.0261777862906456,-0.0505169741809368,0.998349487781525
55.0006370544434,-0.169928729534149,-0.000524222850799561,-0.0583442002534866,1.02045595645905,2.91621971130371,354.471862792969,0.00766475172713399,0.0258447527885437,-0.0484322346746922,0.998462617397308
55.5615119934082,-0.172223746776581,-0.000619152560830116,-0.0566598735749722,1.07907509803772,2.98437690734863,354.763458251953,0.0082140238955617,0.0264423359185457,-0.0459089316427708,0.998561799526215
56.1248168945313,-0.171360269188881,-0.000372757902368903,-0.0583912283182144,0.913055777549744,3.17628145217896,354.621612548828,0.0066557158716023,0.0280570276081562,-0.0471192188560963,0.998472988605499
56.6934471130371,-0.168890208005905,0.000918680685572326,-0.0626024231314659,0.514732778072357,2.66765260696411,354.225311279297,0.00331242196261883,0.0234739780426025,-0.05046271905303,0.998444557189941
57.2491073608398,-0.168528407812119,0.000821438152343035,-0.062406774610281,0.284983456134796,2.2957546710968,354.470031738281,0.00151718303095549,0.020129457116127,-0.0482792407274246,0.998629868030548
57.802791595459,-0.166671201586723,0.000976744224317372,-0.0609796792268753,0.254441440105438,2.08459687232971,354.418579101563,0.00133176194503903,0.0182770062237978,-0.0487200543284416,0.998644351959229
58.3588905334473,-0.16228149831295,0.000362811842933297,-0.0623141676187515,0.405472785234451,2.23686909675598,353.975677490234,0.00250716647133231,0.0196779388934374,-0.052606463432312,0.99841833114624
58.8617210388184,-0.163457527756691,0.00105349428486079,-0.0650423020124435,0.183516010642052,2.25021767616272,353.907653808594,0.000555460981559008,0.0196929071098566,-0.0531617254018784,0.998391568660736
59.4361419677734,-0.166649416089058,0.00118147348985076,-0.06349977850914,0.179436564445496,2.40679454803467,354.220977783203,0.000504845345858485,0.0210538934916258,-0.050431814044714,0.998505532741547
59.9801292419434,-0.168746814131737,0.000158993061631918,-0.0634585618972778,0.808275878429413,2.86163234710693,354.315673828125,0.00580451404675841,0.0252881608903408,-0.0497439205646515,0.99842494726181
60.4856071472168,-0.165656849741936,0.000306424917653203,-0.0612955540418625,0.647749602794647,3.62379837036133,354.242462158203,0.00405475869774818,0.0318616814911366,-0.0503753982484341,0.998213768005371
61.0556030273438,-0.155582591891289,-0.000905125867575407,-0.0599432736635208,0.860361218452454,5.39555644989014,352.729125976563,0.00450020376592875,0.0474472157657146,-0.0636884868144989,0.996831119060516
61.6232604980469,-0.160397693514824,-6.81937672197819E-05,-0.0654771998524666,0.412807166576385,4.78765296936035,352.917877197266,0.00101266067940742,0.0419102907180786,-0.0618597865104675,0.997204065322876
62.1866455078125,-0.155686274170876,-0.00118348747491837,-0.0636544972658157,0.585973381996155,5.75412559509277,352.616088867188,0.00186450756154954,0.0504171550273895,-0.0645664259791374,0.996637284755707
62.690113067627,-0.147356986999512,-0.00272932881489396,-0.0610386356711388,1.22339284420013,6.76943492889404,351.953796386719,0.00648909667506814,0.059638973325491,-0.0706609413027763,0.995694816112518
63.2558135986328,-0.1507668197155,-0.00245539145544171,-0.0573959648609161,1.67209029197693,6.5457615852356,352.676544189453,0.010891885496676,0.0578992292284966,-0.0645860508084297,0.996171534061432
63.7632942199707,-0.144031658768654,-0.00308498973026872,-0.0582522936165333,1.64129865169525,7.22656631469727,351.992279052734,0.00985922291874886,0.0638596937060356,-0.0705780610442162,0.995411217212677
64.3305053710938,-0.131548330187798,-0.0054666711948812,-0.0605546087026596,2.28644824028015,9.3251485824585,350.948211669922,0.0134105822071433,0.0825870558619499,-0.0802495554089546,0.99325704574585
64.8360824584961,-0.120110049843788,-0.006876515224576,-0.0628742501139641,2.41337585449219,12.8612451553345,350.013885498047,0.0111014451831579,0.113371647894382,-0.088817872107029,0.989512503147125
65.3371810913086,-0.118331238627434,-0.0100219892337918,-0.0558087415993214,3.60138082504272,13.766074180603,349.94140625,0.0205753594636917,0.122057400643826,-0.0907417014241219,0.988152086734772
65.8909530639648,-0.119957476854324,-0.0104716531932354,-0.0466144606471062,4.17016983032227,13.6610918045044,350.400573730469,0.0260537322610617,0.121460497379303,-0.0873360633850098,0.988403260707855
66.4402313232422,-0.115203849971294,-0.00957151316106319,-0.0454748123884201,4.0522575378418,12.4107322692871,350.357391357422,0.0259444192051888,0.110596790909767,-0.0873117446899414,0.989682734012604
66.9998321533203,-0.110419347882271,-0.0094521464779973,-0.0436107777059078,3.91436314582825,12.3691530227661,350.284881591797,0.024714607745409,0.110157340764999,-0.0878031551837921,0.989719748497009
67.5477905273438,-0.111965291202068,-0.00970156583935022,-0.0438273400068283,3.8500919342041,11.9897165298462,350.396484375,0.0245536006987095,0.106810487806797,-0.0866996645927429,0.990187764167786
68.1305236816406,-0.112305298447609,-0.0104756001383066,-0.0444174855947495,4.06902647018433,11.6771011352539,350.13623046875,0.0264465790241957,0.104321420192719,-0.0890695750713348,0.990194082260132
68.6775131225586,-0.112817198038101,-0.0107138231396675,-0.0421641506254673,4.17215919494629,11.6285924911499,350.298156738281,0.0275229476392269,0.10393712669611,-0.0877470448613167,0.990323185920715
69.2117233276367,-0.110200256109238,-0.0114816706627607,-0.0419465266168118,4.36347055435181,11.7795095443726,350.072113037109,0.0288535859435797,0.105432391166687,-0.0899014100432396,0.989933967590332
69.7652435302734,-0.111134812235832,-0.0112257050350308,-0.0437469892203808,4.43043947219849,11.5585250854492,350.120849609375,0.0296499636024237,0.103558585047722,-0.0894812941551208,0.990146279335022
70.2814865112305,-0.115069963037968,-0.0106611466035247,-0.0479053631424904,4.3877010345459,11.657320022583,350.623138427734,0.0296605695039034,0.104252703487873,-0.0851296037435532,0.990456759929657
70.8007659912109,-0.117965444922447,-0.00980260595679283,-0.054755937308073,3.86777901649475,10.9935760498047,350.376647949219,0.0254423972219229,0.0982156544923782,-0.0866687819361687,0.991057455539703
71.335823059082,-0.120613604784012,-0.0100279850885272,-0.0495481789112091,4.12401390075684,10.9348754882813,350.623840332031,0.0279152113944292,0.097827173769474,-0.0847234427928925,0.991197526454926
71.892936706543,-0.123684965074062,-0.00902487989515066,-0.049469131976366,3.80769467353821,10.4430732727051,351.071441650391,0.025904206559062,0.0932559296488762,-0.0804860517382622,0.992045521736145
72.3945617675781,-0.125614181160927,-0.00941433664411306,-0.0452064126729965,3.91279697418213,10.3396263122559,351.203521728516,0.026993764564395,0.0923975631594658,-0.0793989300727844,0.992184400558472
72.9463653564453,-0.123690329492092,-0.0101084662601352,-0.0403029061853886,4.11452579498291,10.4117298126221,351.194305419922,0.028683640062809,0.0931529402732849,-0.0796502977609634,0.992046236991882
73.5233459472656,-0.120399996638298,-0.0104792732745409,-0.0378676168620586,4.28073120117188,10.5964765548706,351.041229248047,0.0298678129911423,0.0948981121182442,-0.0811506882309914,0.991724193096161
74.0695343017578,-0.121637150645256,-0.00989468954503536,-0.0400953553617001,4.30796766281128,10.2567415237427,351.036193847656,0.03034015186131,0.0919764935970306,-0.0811257138848305,0.991987109184265
74.6286087036133,-0.124059975147247,-0.0103191519156098,-0.0371452197432518,4.47247886657715,10.3669385910034,351.374206542969,0.031961128115654,0.0929432287812233,-0.0783539637923241,0.992068946361542
75.1962738037109,-0.106983467936516,0.0187983009964228,-0.0619253665208817,346.773071289063,27.4123363494873,354.765106201172,-0.12252277135849,0.230010747909546,-0.0168110709637403,0.965298235416412
75.7271270751953,-0.105332128703594,0.0178988669067621,-0.0647334307432175,347.359619140625,26.0964641571045,354.027648925781,-0.118786700069904,0.218507528305054,-0.0256213694810867,0.968239486217499
76.2463226318359,-0.104714542627335,0.0175504107028246,-0.0670592412352562,347.114654541016,26.3407535552979,353.55126953125,-0.121819131076336,0.219904810190201,-0.0288948155939579,0.967453956604004
76.766471862793,-0.105958096683025,0.0178490653634071,-0.0697918906807899,347.086486816406,25.3882656097412,353.278594970703,-0.122316159307957,0.211545869708061,-0.0321574732661247,0.96915066242218
77.2824554443359,-0.107640087604523,0.0178540665656328,-0.0729392692446709,347.075714111328,24.6364402770996,353.097991943359,-0.122516609728336,0.204982429742813,-0.0344681777060032,0.970455527305603
77.8120956420898,-0.115785337984562,0.0139261642470956,-0.0687848553061485,349.566864013672,18.3740348815918,353.088714599609,-0.0991747006773949,0.153297141194344,-0.0447662733495235,0.982171237468719
78.338264465332,-0.116738766431808,0.0133234420791268,-0.0673260539770126,349.933074951172,18.5033893585205,352.900970458984,-0.0963453203439713,0.154483258724213,-0.0467915013432503,0.982172667980194
78.8592987060547,-0.11599937081337,0.0109968101605773,-0.0634837225079536,351.041748046875,18.0621337890625,352.995147705078,-0.0865439474582672,0.151486471295357,-0.0479135029017925,0.983496963977814
79.3764724731445,-0.113237909972668,0.00997743010520935,-0.0628804340958595,351.646453857422,17.8257694244385,352.674987792969,-0.0816780850291252,0.149609073996544,-0.0516791120171547,0.984009683132172
79.9135131835938,-0.115153290331364,0.0100682256743312,-0.0638801530003548,351.6669921875,17.3335151672363,352.798309326172,-0.0811227932572365,0.145481303334236,-0.0509975254535675,0.984709918498993
80.4297714233398,-0.117827899754047,0.010192864574492,-0.0642567053437233,351.813934326172,17.085470199585,353.013916015625,-0.0794807299971581,0.143592372536659,-0.0495146885514259,0.985196590423584
80.9583435058594,-0.117485329508781,0.00949111673980951,-0.0650950372219086,352.187591552734,17.3267211914063,352.827301025391,-0.0766146555542946,0.145771756768227,-0.0514541491866112,0.985004186630249
81.5327682495117,-0.115669220685959,0.00820630788803101,-0.0652585327625275,352.742919921875,17.1766796112061,352.570983886719,-0.0721018686890602,0.14466755092144,-0.0544990450143814,0.985343873500824
82.061767578125,-0.113163188099861,0.00638321042060852,-0.0575934015214443,353.6787109375,17.3834209442139,352.712219238281,-0.0639818906784058,0.147119000554085,-0.0544145032763481,0.985546231269836
82.6069412231445,-0.110203087329865,0.00541729386895895,-0.0520287044346333,354.151580810547,17.5549087524414,352.654144287109,-0.0600766204297543,0.148855447769165,-0.0554593615233898,0.985473036766052
83.1315155029297,-0.108396865427494,0.00459705665707588,-0.0521225668489933,354.641662597656,17.7075824737549,352.465576171875,-0.0561879575252533,0.150378525257111,-0.0576700977981091,0.985344290733337
83.6660308837891,-0.112734422087669,0.00513856299221516,-0.0531836859881878,354.404266357422,17.520601272583,352.731201171875,-0.0577890686690807,0.148755475878716,-0.0551563538610935,0.985641956329346
84.1887130737305,-0.114919722080231,0.00604341458529234,-0.0530666448175907,354.115020751953,17.1590385437012,352.550872802734,-0.0603300370275974,0.145373225212097,-0.0565066747367382,0.985917806625366
84.7390975952148,-0.117443069815636,0.00738102104514837,-0.0524650365114212,353.531890869141,15.896071434021,352.407409667969,-0.0648908689618111,0.134052470326424,-0.0576853528618813,0.987163364887238
85.2751998901367,-0.117105573415756,0.00704465433955193,-0.0505782328546047,353.757690429688,16.2178115844727,352.598785400391,-0.0628812089562416,0.137073159217834,-0.0561387576162815,0.986967802047729
85.8235549926758,-0.113126933574677,0.00221017329022288,-0.0448078960180283,356.099090576172,16.67942237854,352.263458251953,-0.0433778315782547,0.142355889081955,-0.0617855675518513,0.986932456493378
86.3515243530273,-0.109641388058662,0.00216343300417066,-0.048232514411211,356.016662597656,17.0578556060791,351.76611328125,-0.0449221692979336,0.145369172096252,-0.0658145770430565,0.986163437366486
86.8901062011719,-0.108789704740047,0.00251269759610295,-0.0534777268767357,355.908355712891,16.5878047943115,351.228485107422,-0.0462459325790405,0.141035437583923,-0.0704886019229889,0.986408472061157
87.421501159668,-0.109436683356762,0.00162008311599493,-0.0541775226593018,356.294006347656,16.4454498291016,351.102142333984,-0.0429948978126049,0.140033513307571,-0.0721222162246704,0.986580193042755
87.9467239379883,-0.108393281698227,0.000905984546989202,-0.0554109364748001,356.351715087891,16.4432601928711,350.910278320313,-0.0427315160632133,0.139984250068665,-0.0738478377461433,0.986470937728882
88.4690704345703,-0.107979446649551,0.000723850913345814,-0.057656291872263,356.213958740234,16.194507598877,350.659729003906,-0.0440573655068874,0.137646794319153,-0.0759259462356567,0.986583828926086
88.9854507446289,-0.107260406017303,0.000482175033539534,-0.0578769035637379,356.434356689453,15.9567823410034,350.692749023438,-0.0419638827443123,0.135775417089462,-0.0760036483407021,0.986928343772888
89.4969253540039,-0.106755666434765,-0.000197115354239941,-0.0577351488173008,356.657257080078,15.8823738098145,350.425262451172,-0.0403116047382355,0.135205134749413,-0.0786070972681046,0.986871600151062
90.0642013549805,-0.107453629374504,-0.000431481283158064,-0.0537275224924088,356.880340576172,15.9756097793579,350.720642089844,-0.0381046868860722,0.136275142431259,-0.0763044953346252,0.98699277639389
90.5875091552734,-0.107307493686676,-0.0013441959163174,-0.0502297095954418,357.100982666016,16.0294857025146,350.943328857422,-0.0359753333032131,0.136970520019531,-0.0746400058269501,0.987103760242462
91.1456604003906,-0.101022236049175,-0.00344892172142863,-0.0481290556490421,358.266815185547,17.9952182769775,350.695465087891,-0.0275722984224558,0.154648527503014,-0.0777435600757599,0.984519958496094
91.6784057617188,-0.0847914516925812,-0.0143920844420791,-0.0481112450361252,3.4603226184845,23.7896041870117,346.954864501953,0.00594998756423593,0.208043962717056,-0.117287509143353,0.971043765544891
92.2297286987305,-0.0956614315509796,-0.0128353554755449,-0.0451029688119888,2.70847582817078,21.7429656982422,347.706512451172,0.00288662989623845,0.189955145120621,-0.109556123614311,0.975656807422638
92.7714233398438,-0.100053504109383,-0.0111225880682468,-0.0451819971203804,1.90039706230164,20.7145881652832,348.10791015625,-0.00239646388217807,0.180484041571617,-0.104855373501778,0.977969944477081
93.3174667358398,-0.096406489610672,-0.0106636499986053,-0.0495481826364994,1.43242049217224,20.1941833496094,347.73388671875,-0.00649308925494552,0.175614476203918,-0.107353590428829,0.978566646575928
93.8304595947266,-0.0961924195289612,-0.010393874719739,-0.0500989183783531,1.36133718490601,19.8499889373779,347.82958984375,-0.00663408078253269,0.172616019845009,-0.106449380517006,0.979197800159454
94.3818130493164,-0.108685925602913,-0.00821349024772644,-0.049365408718586,1.06414914131165,16.6623802185059,351.461853027344,-0.00162275671027601,0.145170569419861,-0.0749936103820801,0.986559092998505
94.9224472045898,-0.122171469032764,-0.00333911459892988,-0.0568825639784336,359.370422363281,14.7467966079712,355.009094238281,-0.0110311694443226,0.127974286675453,-0.0424750968813896,0.990806102752686
95.4585189819336,-0.128546118736267,-0.000582258391659707,-0.0624904632568359,358.142852783203,15.0530080795288,355.863891601563,-0.0207819771021605,0.130302518606186,-0.0336496382951736,0.990685164928436
95.9830169677734,-0.124900475144386,-0.00156378117389977,-0.060913547873497,358.585601806641,14.9843339920044,355.007080078125,-0.0179046466946602,0.129723951220512,-0.041574589908123,0.990516364574432
96.523551940918,-0.124497637152672,-0.0024080416187644,-0.0591112151741982,358.824523925781,14.6937999725342,355.067230224609,-0.0156667847186327,0.127313494682312,-0.0413673147559166,0.990875661373138
97.0322189331055,-0.124727137386799,-0.00394088868051767,-0.0528220385313034,359.358123779297,15.1574907302856,355.065765380859,-0.0112246051430702,0.131525352597237,-0.0419311448931694,0.990361988544464
97.5606842041016,-0.110406130552292,0.015164197422564,-0.0657964646816254,347.621002197266,26.3442535400391,353.942260742188,-0.116804338991642,0.220685318112373,-0.0266142524778843,0.967959940433502
98.100700378418,-0.106302119791508,0.0173474755138159,-0.0748238414525986,345.929840087891,28.2100677490234,352.816101074219,-0.133703872561455,0.233948513865471,-0.0305148400366306,0.962528049945831
98.6512603759766,-0.110800251364708,0.017312441021204,-0.0846094936132431,345.956390380859,27.2932891845703,352.028686523438,-0.134784698486328,0.225340276956558,-0.0382655002176762,0.964152812957764
99.1721420288086,-0.113666735589504,0.0164168942719698,-0.0836257189512253,346.657104492188,26.5900974273682,352.136749267578,-0.128457218408585,0.220118716359138,-0.0396229103207588,0.966165900230408
99.7115783691406,-0.113837525248528,0.0158299952745438,-0.0800165981054306,347.06640625,26.3774337768555,352.199005126953,-0.124824330210686,0.218723028898239,-0.0401709154248238,0.966936111450195
100.253051757813,-0.112889692187309,0.0226362776011229,-0.0853123441338539,342.615417480469,33.13232421875,352.912658691406,-0.161998480558395,0.272355228662491,-0.015555621124804,0.948333919048309
100.800590515137,-0.117074340581894,0.0197151899337769,-0.075654037296772,344.186004638672,30.7114944458008,353.309997558594,-0.147732794284821,0.254106760025024,-0.0193633548915386,0.955630660057068
101.344497680664,-0.111335888504982,0.0184905007481575,-0.0764579549431801,344.944793701172,30.2706718444824,352.604949951172,-0.142889395356178,0.250155597925186,-0.0275816787034273,0.95720636844635
101.900207519531,-0.11236834526062,0.018567668274045,-0.0774599239230156,345.154724121094,29.7551212310791,352.621337890625,-0.140980541706085,0.246041059494019,-0.0285674724727869,0.958526074886322
102.446075439453,-0.119393073022366,0.0188883505761623,-0.0802459493279457,344.949737548828,29.4044761657715,352.875671386719,-0.14206126332283,0.243253439664841,-0.0264062937349081,0.959139764308929
102.988845825195,-0.12252277135849,0.0194609519094229,-0.084847629070282,344.717987060547,29.1738185882568,352.847564697266,-0.14399915933609,0.241099372506142,-0.026407640427351,0.959394633769989
103.537322998047,-0.119502738118172,0.0188565440475941,-0.0841263979673386,344.855041503906,29.1532325744629,352.624908447266,-0.143319755792618,0.240760326385498,-0.0286053586751223,0.959518432617188
104.078552246094,-0.116472966969013,0.0182273369282484,-0.0818895250558853,345.263977050781,29.0609455108643,352.482086181641,-0.140185445547104,0.240149453282356,-0.0308320634067059,0.960065484046936
104.626693725586,-0.115579292178154,0.0177126973867416,-0.0825383514165878,345.533782958984,29.1080913543701,352.182800292969,-0.138575851917267,0.240406513214111,-0.0338868349790573,0.960131824016571
105.18212890625,-0.119660131633282,0.018003273755312,-0.0845668017864227,345.518890380859,28.7938709259033,352.372131347656,-0.138213858008385,0.237988963723183,-0.0326460041105747,0.960829079151154
105.73127746582,-0.120600625872612,0.0179875083267689,-0.0863928496837616,345.409271240234,28.824068069458,352.220764160156,-0.139451891183853,0.237966924905777,-0.0336352102458477,0.960621476173401
106.276924133301,-0.119272455573082,0.0177582167088985,-0.0839845612645149,345.605560302734,28.5081939697266,352.381225585938,-0.137389242649078,0.235675483942032,-0.0331046357750893,0.961501657962799
106.815315246582,-0.119174763560295,0.0179404187947512,-0.0830311477184296,345.578979492188,28.4562168121338,352.340179443359,-0.137680545449257,0.235168054699898,-0.0334533117711544,0.961572110652924
107.345245361328,-0.121340252459049,0.0178838912397623,-0.0840029940009117,345.553588867188,28.1185436248779,352.431060791016,-0.13760943710804,0.232421785593033,-0.033040389418602,0.962264060974121
107.905220031738,-0.120265915989876,0.0176404751837254,-0.0835581421852112,345.625061035156,27.8623752593994,352.193084716797,-0.137415304780006,0.230043590068817,-0.0355012826621532,0.962775468826294
108.423568725586,-0.118552386760712,0.0173563603311777,-0.0832401663064957,345.723999023438,27.8212909698486,352.187591552734,-0.136585518717766,0.229774311184883,-0.0358091965317726,0.962946474552155
108.960372924805,-0.116488248109818,0.0166400223970413,-0.0839885994791985,345.907287597656,27.706148147583,352.06396484375,-0.135262072086334,0.228812977671623,-0.0373779162764549,0.963302493095398
109.486831665039,-0.113157421350479,0.0160866379737854,-0.0840408504009247,346.071441650391,27.4384384155273,351.838531494141,-0.13424514234066,0.226435109972954,-0.0399384461343288,0.963903665542603
110.013793945313,-0.111125133931637,0.0161223392933607,-0.0847593247890472,345.972991943359,27.4176406860352,351.517395019531,-0.135695666074753,0.2257971316576,-0.0424548797309399,0.963742673397064
110.560173034668,-0.111596271395683,0.0165673494338989,-0.0862490236759186,345.87255859375,27.3157939910889,351.426391601563,-0.136677607893944,0.224744185805321,-0.0431284047663212,0.963820159435272
111.088516235352,-0.113637924194336,0.0167961064726114,-0.0861933678388596,345.91650390625,27.2203731536865,351.5869140625,-0.13595974445343,0.224170923233032,-0.0419844463467598,0.964105606079102
111.658195495605,-0.114744521677494,0.0173888429999352,-0.0867501720786095,345.531646728516,27.2236957550049,351.483734130859,-0.139385387301445,0.223737925291061,-0.0420362763106823,0.963714718818665
112.235694885254,-0.114319935441017,0.0171353723853827,-0.0854244008660316,345.861297607422,27.5830230712891,351.652374267578,-0.136424139142036,0.227250754833221,-0.0408856868743896,0.963365912437439
112.809783935547,-0.110716789960861,0.0158453080803156,-0.0869702026247978,346.268310546875,27.7295875549316,351.053924560547,-0.134263187646866,0.228136777877808,-0.0466151461005211,0.96319991350174
113.394966125488,-0.111021779477596,0.0159772839397192,-0.0858970209956169,346.422790527344,27.7843456268311,351.032806396484,-0.133035257458687,0.228712201118469,-0.0470609702169895,0.963212132453918
113.899169921875,-0.110849492251873,0.0156580079346895,-0.0855740457773209,346.565521240234,28.0645923614502,350.891021728516,-0.132242441177368,0.231032878160477,-0.0482368394732475,0.962709188461304
114.479438781738,-0.11164665967226,0.0154673522338271,-0.0852811262011528,346.488342285156,28.0456657409668,350.929107666016,-0.132803127169609,0.230847418308258,-0.047771118581295,0.962699711322784
114.986274719238,-0.110664844512939,0.0147312544286251,-0.0833353772759438,346.937103271484,28.3248958587646,351.004547119141,-0.129014253616333,0.233686342835426,-0.0477971211075783,0.962528705596924
115.568199157715,-0.108712337911129,0.0143454484641552,-0.0834493264555931,347.171722412109,28.7767448425293,350.93115234375,-0.127393841743469,0.237610042095184,-0.0484255962073803,0.96175217628479
116.070739746094,-0.107388228178024,0.0138208447024226,-0.0844894200563431,347.378753662109,28.8122997283936,350.547454833984,-0.126475751399994,0.237673446536064,-0.0520671047270298,0.961667478084564
116.573539733887,-0.104606553912163,0.0130856372416019,-0.0853058397769928,347.796356201172,29.1387748718262,350.08984375,-0.12409770488739,0.240306332707405,-0.0564845353364944,0.961073458194733
117.077766418457,-0.106644079089165,0.0132996225729585,-0.0838892832398415,347.898498535156,28.6990280151367,350.404235839844,-0.122376725077629,0.237050533294678,-0.0545472986996174,0.962213933467865
117.657264709473,-0.112308293581009,0.0133843282237649,-0.0851083099842072,348.232604980469,28.7020530700684,351.160430908203,-0.118015736341476,0.238169774413109,-0.0489326827228069,0.962784051895142
118.158737182617,-0.146654546260834,0.0129034677520394,-0.0679885447025299,350.783905029297,21.5117149353027,356.761535644531,-0.0841524079442024,0.183716684579849,-0.0126838004216552,0.979288339614868
118.742599487305,-0.151995375752449,0.0160273872315884,-0.0862636044621468,349.338165283203,23.9456558227539,356.106872558594,-0.0978501960635185,0.203344151377678,-0.0138223674148321,0.974107503890991
119.246231079102,-0.155563145875931,0.0155966002494097,-0.0865137428045273,349.430908203125,23.656457901001,356.311828613281,-0.0966678336262703,0.201100423932076,-0.012493628077209,0.974709093570709
119.822479248047,-0.152078658342361,0.0145171731710434,-0.0812482759356499,350.173431396484,23.2112693786621,356.242767333984,-0.0904224514961243,0.197576999664307,-0.0147730046883225,0.975996375083923
120.328453063965,-0.151355132460594,0.0134700024500489,-0.0765424072742462,350.486907958984,22.9249324798584,356.227416992188,-0.087742879986763,0.19525919854641,-0.0156787224113941,0.976692974567413
120.842750549316,-0.152026265859604,0.0130052985623479,-0.073182001709938,350.815887451172,23.0606937408447,356.154571533203,-0.0850859209895134,0.196501165628433,-0.0167746338993311,0.976660788059235
121.349281311035,-0.152597516775131,0.0121601661667228,-0.0699008703231812,351.132934570313,22.7554969787598,356.142120361328,-0.0823608860373497,0.194024011492729,-0.0176583658903837,0.977373838424683
121.866111755371,-0.149020329117775,0.0122801074758172,-0.0726324170827866,350.988830566406,23.4560871124268,355.568969726563,-0.0846923887729645,0.199513465166092,-0.0217785630375147,0.975985288619995
122.39363861084,-0.145881935954094,0.0125380326062441,-0.0750122666358948,350.688415527344,24.1727504730225,355.115081787109,-0.0881918594241142,0.205123081803322,-0.0245536360889673,0.974445402622223
122.903274536133,-0.145071521401405,0.0112724751234055,-0.0711574330925941,351.072235107422,24.2367553710938,355.065216064453,-0.0850360095500946,0.205825328826904,-0.0256398990750313,0.974549889564514
123.434944152832,-0.146846950054169,0.0110812224447727,-0.0653136223554611,351.144287109375,23.7898445129395,355.265716552734,-0.083969347178936,0.202206656336784,-0.0243957228958607,0.975431442260742
123.945426940918,-0.144640535116196,0.0101231057196856,-0.0618253909051418,351.591613769531,23.9174880981445,355.242828369141,-0.0802346542477608,0.203495159745216,-0.02531473711133,0.975454390048981
124.481971740723,-0.144873395562172,0.0106443893164396,-0.0629315003752708,351.543487548828,23.9505233764648,355.225952148438,-0.0806810706853867,0.203741073608398,-0.0253473110496998,0.975365459918976
124.995933532715,-0.144210636615753,0.0105977775529027,-0.0699977204203606,351.587341308594,24.2260646820068,354.990814208984,-0.0807920470833778,0.205941915512085,-0.0272345449775457,0.97484302520752
125.527145385742,-0.169415965676308,-0.0201222077012062,-0.0483266040682793,11.0245656967163,8.81895637512207,358.588592529297,0.0948249772191048,0.0777022391557693,-0.0196081586182117,0.99226313829422
126.048362731934,-0.154402732849121,-0.00658970139920712,-0.0479610972106457,3.01965475082397,17.2998714447021,0.988186120986938,0.0273442361503839,0.150114610791206,0.00455982238054276,0.98827987909317
126.577865600586,-0.143916994333267,0.000395517708966509,-0.049287386238575,358.193023681641,21.2510986328125,358.509735107422,-0.0178940929472446,0.184149593114853,-0.00987271126359701,0.982685744762421
127.091011047363,-0.143873184919357,0.00116793252527714,-0.0469251833856106,357.658660888672,20.8543472290039,358.070190429688,-0.0231374558061361,0.180583789944649,-0.0128613850101829,0.983203291893005
127.623794555664,-0.142193362116814,0.00104562100023031,-0.0585172437131405,357.638671875,20.0095367431641,357.008453369141,-0.0248188190162182,0.173104390501976,-0.0221224166452885,0.984342217445374
128.152313232422,-0.148237600922585,0.000340189377311617,-0.067374475300312,358.011749267578,18.5460300445557,356.498046875,-0.0220382288098335,0.160516321659088,-0.0273571722209454,0.986407816410065
128.674240112305,-0.148280084133148,-0.000832661346066743,-0.061538390815258,358.764099121094,18.9415397644043,356.669525146484,-0.0154149858281016,0.164156228303909,-0.0268880445510149,0.985947370529175
129.208267211914,-0.143422767519951,0.00287042232230306,-0.0620676390826702,355.981140136719,21.1402835845947,356.157196044922,-0.0405963808298111,0.182067513465881,-0.0265107341110706,0.982089877128601
129.724685668945,-0.141217455267906,0.00238115573301911,-0.0556491650640965,355.600738525391,21.8636569976807,355.616760253906,-0.0449040494859219,0.187921434640884,-0.0302467104047537,0.980690777301788
130.241561889648,-0.137629121541977,0.000957602693233639,-0.052776888012886,356.082122802734,21.5147590637207,355.153686523438,-0.0414394848048687,0.184954836964607,-0.0351374782621861,0.981244027614594
130.769348144531,-0.132995679974556,0.000685279723256826,-0.0565912872552872,356.141510009766,21.2746086120605,354.326904296875,-0.0421759225428104,0.182623252272606,-0.0424020923674107,0.981362342834473
131.287094116211,-0.131269708275795,0.00226012244820595,-0.064005434513092,355.615997314453,21.0859050750732,353.348541259766,-0.0481462851166725,0.180349349975586,-0.0500046834349632,0.981150150299072
131.818634033203,-0.133711993694305,0.00187356490641832,-0.0654880926012993,355.491577148438,21.8238258361816,353.536285400391,-0.0492245033383369,0.186674907803535,-0.0478805117309093,0.98001891374588
132.328399658203,-0.129333630204201,0.00712899165228009,-0.0693470165133476,352.453857421875,25.287446975708,353.634704589844,-0.076236180961132,0.214511781930923,-0.0396736040711403,0.972933113574982
132.859527587891,-0.128011584281921,0.00533683691173792,-0.0679542869329453,353.475830078125,24.2812480926514,353.605255126953,-0.0672553703188896,0.206541314721107,-0.0424909926950932,0.975198447704315
133.373825073242,-0.12877431511879,0.00493979873135686,-0.0690831914544106,353.613891601563,23.6303443908691,353.324096679688,-0.0663312748074532,0.200916081666946,-0.0455175824463367,0.976299703121185
133.896026611328,-0.1293655782938,0.00457937270402908,-0.071563608944416,353.854522705078,23.2358932495117,353.069183349609,-0.0645649507641792,0.197553753852844,-0.0483470372855663,0.976967990398407
134.428268432617,-0.130638480186462,0.00435394886881113,-0.0728132650256157,353.935821533203,23.2618846893311,353.014282226563,-0.0639784410595894,0.197794243693352,-0.0489454977214336,0.976928114891052
134.939666748047,-0.131611451506615,0.00667165592312813,-0.0761970207095146,352.884948730469,23.699197769165,353.093505859375,-0.0729628726840019,0.200917601585388,-0.0461184456944466,0.975797951221466
135.453598022461,-0.128086075186729,0.00982528645545244,-0.0796916484832764,351.167388916016,25.9971656799316,353.00341796875,-0.0885739028453827,0.219263032078743,-0.0419908165931702,0.970729231834412
135.996368408203,-0.122721984982491,0.0126112475991249,-0.0848440825939178,348.869384765625,28.9014225006104,352.542266845703,-0.109866119921207,0.24173741042614,-0.038530670106411,0.963331699371338
136.509140014648,-0.122259385883808,0.0115844467654824,-0.0846506878733635,349.506195068359,27.5918788909912,352.193634033203,-0.104768179357052,0.230869293212891,-0.0440734997391701,0.966323256492615
137.035003662109,-0.122325085103512,0.0103482464328408,-0.082824133336544,350.239318847656,27.5431957244873,352.291381835938,-0.0983861833810806,0.231098204851151,-0.0448441505432129,0.966903746128082
137.55793762207,-0.121989026665688,0.00860231276601553,-0.0819924175739288,351.181793212891,27.8687057495117,352.307983398438,-0.0905515924096107,0.234551817178726,-0.0464373789727688,0.966762363910675
138.083038330078,-0.123298287391663,0.00867281388491392,-0.0838068798184395,351.314056396484,28.0547542572021,352.258239746094,-0.0896167978644371,0.236178442835808,-0.0469938218593597,0.966426491737366
138.593536376953,-0.139390408992767,0.00978642236441374,-0.075588621199131,351.848297119141,26.0749435424805,354.573822021484,-0.0798183083534241,0.221487805247307,-0.0299818236380816,0.971428513526917
139.111343383789,-0.127422541379929,0.0100758736953139,-0.0899439454078674,352.313690185547,29.6193828582764,354.017486572266,-0.0780191645026207,0.251305550336838,-0.0332275591790676,0.964185893535614
139.642013549805,-0.128334239125252,0.0103784957900643,-0.0941514298319817,352.307556152344,29.6623516082764,353.736083984375,-0.0787008479237556,0.251470983028412,-0.0355520695447922,0.964004456996918
140.163726806641,-0.132099568843842,0.0104170208796859,-0.0972534790635109,352.30224609375,29.2423419952393,354.092864990234,-0.0778423920273781,0.24817630648613,-0.0328239388763905,0.965024173259735
140.679229736328,-0.132468596100807,0.00952268112450838,-0.0960257723927498,352.704620361328,28.9214630126953,354.323028564453,-0.0738710090517998,0.245854035019875,-0.0319870337843895,0.965958476066589
141.206314086914,-0.133588910102844,0.00933316070586443,-0.0902792662382126,352.591522216797,28.6197967529297,354.392242431641,-0.0745920836925507,0.243292480707169,-0.0313511751592159,0.966572284698486
141.720809936523,-0.131056800484657,0.00867769028991461,-0.08415287733078,352.889739990234,29.0501613616943,354.167205810547,-0.0726852267980576,0.246942847967148,-0.0336257554590702,0.965714991092682
142.24072265625,-0.127959743142128,0.00653997575864196,-0.0771879330277443,353.703948974609,28.8172073364258,353.277435302734,-0.0676644816994667,0.244913876056671,-0.0430605374276638,0.966221809387207
142.756057739258,-0.121106058359146,0.00326744513586164,-0.0675514787435532,354.371307373047,28.1441974639893,352.027557373047,-0.0643932595849037,0.238951101899147,-0.0554398074746132,0.967306733131409
143.283401489258,-0.125195190310478,0.00407228898257017,-0.0635980367660522,354.107482910156,25.7461376190186,351.673980712891,-0.0661270990967751,0.218272879719734,-0.0592550337314606,0.971840023994446
143.799194335938,-0.125454649329185,0.0035059517249465,-0.0706940367817879,354.121398925781,26.1536636352539,351.167388916016,-0.0671994239091873,0.221442744135857,-0.0633395686745644,0.970791161060333
144.307510375977,-0.121812798082829,0.00482256338000298,-0.0806700438261032,353.456909179688,25.8348007202148,350.2392578125,-0.0744096636772156,0.217640414834023,-0.0700762420892715,0.970662236213684
144.873275756836,-0.117594495415688,0.00500340852886438,-0.0806853845715523,353.409942626953,25.9859752655029,349.863739013672,-0.075615830719471,0.218634977936745,-0.0730640888214111,0.970125079154968
145.388412475586,-0.11587692797184,0.0049623572267592,-0.0788659155368805,353.432586669922,25.9862976074219,349.92138671875,-0.0753147304058075,0.218695119023323,-0.0726210027933121,0.970168173313141
145.899505615234,-0.11553630232811,0.00488222017884254,-0.0808995366096497,353.466674804688,26.2465667724609,349.897003173828,-0.0752386674284935,0.220911338925362,-0.0727245882153511,0.969664096832275
146.411758422852,-0.116495095193386,0.00541202072054148,-0.0844876691699028,352.995147705078,26.6514797210693,349.695404052734,-0.079865537583828,0.223788440227509,-0.073198489844799,0.968598067760468
146.919021606445,-0.11557674407959,0.00575299374759197,-0.0850093215703964,352.851623535156,26.9700736999512,349.540008544922,-0.0815848037600517,0.226242944598198,-0.0739916488528252,0.967824041843414
147.445571899414,-0.110911764204502,0.00498413387686014,-0.0828135162591934,353.236022949219,27.4137878417969,349.147888183594,-0.0794234871864319,0.230062887072563,-0.0777920410037041,0.96680474281311
147.969436645508,-0.110295623540878,0.0042382562533021,-0.079851396381855,353.588989257813,27.4178676605225,349.347442626953,-0.0760545805096626,0.230554386973381,-0.076847031712532,0.967034101486206
148.480438232422,-0.121769465506077,0.00212031183764338,-0.0673750638961792,355.442138671875,26.338695526123,351.644622802734,-0.0551998615264893,0.224224284291267,-0.0618425160646439,0.97100567817688
148.993606567383,-0.129047214984894,0.00105891819112003,-0.0693655833601952,356.760894775391,25.7579746246338,353.304626464844,-0.040515374392271,0.22081446647644,-0.0506144315004349,0.973158597946167
149.51057434082,-0.123582929372787,0.000628344714641571,-0.0795890539884567,356.272857666016,24.6542224884033,351.343170166016,-0.0477839075028896,0.210373371839523,-0.0667713806033134,0.974167048931122
150.017501831055,-0.120565801858902,-0.00105077866464853,-0.0787852331995964,356.979431152344,24.4320011138916,350.920745849609,-0.0424205362796783,0.208821833133698,-0.0717701315879822,0.974393665790558
150.534759521484,-0.117573812603951,-0.00126455968711525,-0.0761143863201141,357.078155517578,25.1375141143799,350.732513427734,-0.0423770807683468,0.214818969368935,-0.0732944682240486,0.972977340221405
151.070785522461,-0.115560680627823,-0.00177761865779757,-0.0767332091927528,357.269927978516,25.2866611480713,350.619842529297,-0.0410586260259151,0.216185808181763,-0.0745638832449913,0.972634613513947
151.599792480469,-0.115869291126728,0.00235468801110983,-0.0808745324611664,355.181823730469,25.9915370941162,350.824310302734,-0.0587978810071945,0.220684364438057,-0.068447470664978,0.97116231918335
152.106262207031,-0.112006910145283,0.0139972325414419,-0.103222161531448,347.989837646484,31.433500289917,350.169097900391,-0.123418353497982,0.259775638580322,-0.053794976323843,0.956237733364105
152.625381469727,-0.117100186645985,0.0128590166568756,-0.103429369628429,348.639770507813,29.7097969055176,350.253112792969,-0.116993717849255,0.246063590049744,-0.0564299337565899,0.960510730743408
153.150863647461,-0.120272658765316,0.0121895344927907,-0.094961404800415,349.676818847656,28.7412376403809,350.741607666016,-0.106815434992313,0.239346787333488,-0.055608656257391,0.963437259197235
153.675399780273,-0.135474920272827,0.0159915443509817,-0.0879786685109138,349.330688476563,27.4810962677002,355.37060546875,-0.0997901633381844,0.232656329870224,-0.0169969648122787,0.967276632785797
154.188598632813,-0.143850088119507,0.0159795582294464,-0.0907394289970398,349.088287353516,24.6153221130371,355.032043457031,-0.10200297087431,0.207969963550568,-0.0219039060175419,0.972555458545685
154.713500976563,-0.142065480351448,0.0144514534622431,-0.0953583419322968,349.655944824219,25.3109073638916,354.688598632813,-0.0979717224836349,0.213885962963104,-0.0252956710755825,0.971604108810425
155.242309570313,-0.132340431213379,0.0139678595587611,-0.0954017862677574,350.052856445313,25.2328510284424,354.05517578125,-0.0957726687192917,0.212920755147934,-0.0315015725791454,0.971853911876678
155.760162353516,-0.129974275827408,0.0130222765728831,-0.0957663878798485,350.464508056641,25.6977825164795,353.8544921875,-0.0927984043955803,0.216948598623276,-0.0336238145828247,0.971180319786072
156.284194946289,-0.135884180665016,0.0128169655799866,-0.0928634628653526,350.731689453125,24.8772621154785,354.454193115234,-0.0891904309391975,0.210621446371078,-0.0297054294496775,0.973037123680115
156.796096801758,-0.13910499215126,0.0123283481225371,-0.0881652981042862,351.006927490234,24.455379486084,354.762176513672,-0.0861881375312805,0.207423716783524,-0.0279313623905182,0.974046647548676
157.3154296875,-0.137683674693108,0.0109231509268284,-0.0857143104076385,351.549896240234,24.9287986755371,354.565490722656,-0.0820610746741295,0.21159403026104,-0.0302806496620178,0.973435699939728
157.831253051758,-0.135584190487862,0.0104984669014812,-0.086852952837944,351.91357421875,25.291690826416,354.258270263672,-0.079649530351162,0.214659348130226,-0.0333318673074245,0.972865045070648
158.355545043945,-0.137395247817039,0.0107097467407584,-0.0865941122174263,351.941467285156,24.8882522583008,354.402648925781,-0.0790288671851158,0.211348190903664,-0.0324382707476616,0.973670482635498
158.861770629883,-0.151578217744827,0.00791506469249725,-0.084636464715004,353.938751220703,18.9193878173828,356.034393310547,-0.0577980987727642,0.16222120821476,-0.0253972932696342,0.984732806682587
159.372894287109,-0.147875040769577,0.00970059540122747,-0.0989924222230911,351.946838378906,21.8800048828125,355.699127197266,-0.0759982764720917,0.186592221260071,-0.0234334729611874,0.979213237762451
159.88720703125,-0.149169862270355,0.00579567532986403,-0.0976780354976654,354.055633544922,18.3242530822754,354.925231933594,-0.0581791698932648,0.156592309474945,-0.0353995002806187,0.985312581062317
160.408081054688,-0.144013702869415,0.00487452419474721,-0.0899391695857048,354.253173828125,19.0277271270752,354.1435546875,-0.0578084327280521,0.162337258458138,-0.0420439653098583,0.9841428399086
160.922744750977,-0.141964122653008,0.00276951352134347,-0.073560357093811,354.834686279297,19.7440795898438,353.726715087891,-0.0536986850202084,0.168588489294052,-0.046138558536768,0.983140707015991
161.450439453125,-0.140427589416504,0.00194490607827902,-0.063465416431427,355.146026611328,20.4104747772217,353.725524902344,-0.0513014942407608,0.174469649791718,-0.0463221073150635,0.982233583927155
161.991592407227,-0.139297276735306,0.00245063984766603,-0.0671197846531868,355.001800537109,20.215518951416,353.555725097656,-0.0527140721678734,0.172643154859543,-0.0476418398320675,0.982418358325958
162.492401123047,-0.136575102806091,0.00305471708998084,-0.0736609622836113,354.637481689453,20.584810256958,352.956176757813,-0.0569037869572639,0.175311669707298,-0.0520332157611847,0.981488823890686
163.019287109375,-0.136389598250389,0.00327877607196569,-0.0742058232426643,354.62939453125,20.5889301300049,352.962249755859,-0.0569657422602177,0.175345122814178,-0.0519664213061333,0.981482803821564
163.529449462891,-0.134853407740593,0.00279327458702028,-0.0729908272624016,354.713226318359,20.9148349761963,352.901123046875,-0.0564913302659988,0.178155958652496,-0.0524619109928608,0.980977535247803
164.039367675781,-0.13569675385952,0.0025006327778101,-0.0717860758304596,354.903076171875,20.8199272155762,352.973571777344,-0.0547118857502937,0.177492365241051,-0.0521911829710007,0.9812131524086
164.550079345703,-0.134958326816559,0.00251333694905043,-0.0710848644375801,354.893371582031,20.9363059997559,352.998870849609,-0.0548082701861858,0.178495138883591,-0.0519034527242184,0.981041073799133
165.080062866211,-0.133343160152435,0.00258663459680974,-0.0722505897283554,355.172515869141,20.8896446228027,352.902770996094,-0.052549060434103,0.178216829895973,-0.0531954988837242,0.981146037578583
165.674728393555,-0.138362124562263,0.00235927361063659,-0.0678801313042641,355.294342041016,21.1049880981445,353.491577148438,-0.0506808571517467,0.180395841598511,-0.0482529103755951,0.98110169172287
166.191070556641,-0.136122912168503,0.00142835755832493,-0.0651630014181137,355.590850830078,21.2123394012451,353.374542236328,-0.0483751408755779,0.181428730487823,-0.0496881045401096,0.980955958366394
166.705825805664,-0.132755324244499,0.00114198331721127,-0.0664119496941566,355.794311523438,20.950008392334,353.238922119141,-0.0467324927449226,0.179240331053734,-0.0512859672307968,0.981355547904968
167.21452331543,-0.131608247756958,0.00225820555351675,-0.0682209655642509,355.161010742188,21.2500267028809,353.082061767578,-0.0525307804346085,0.181377112865448,-0.0514769926667213,0.980659484863281
167.736206054688,-0.13297039270401,0.00505462428554893,-0.0726655051112175,353.553527832031,22.5939025878906,353.358306884766,-0.0663740634918213,0.192061722278595,-0.0457191355526447,0.978067815303802
168.258377075195,-0.131066828966141,0.0159921795129776,-0.0866425335407257,346.806671142578,27.9421977996826,353.391143798828,-0.125119879841805,0.23300938308239,-0.0278761275112629,0.963988900184631
168.776519775391,-0.130657374858856,0.0150779020041227,-0.0886612609028816,347.45263671875,27.5688934326172,353.066986083984,-0.120256848633289,0.229992359876633,-0.0323820076882839,0.965190768241882
169.290130615234,-0.130429148674011,0.0157588347792625,-0.0912123322486877,347.164093017578,27.5524024963379,352.723907470703,-0.123361468315125,0.229272037744522,-0.034676942974329,0.964890539646149
169.859451293945,-0.130405187606812,0.0153408721089363,-0.0909957364201546,347.328460693359,27.2193374633789,352.768951416016,-0.121790640056133,0.226639807224274,-0.0350003764033318,0.965699970722198
170.439544677734,-0.146067768335342,0.016585735604167,-0.08206707239151,348.829650878906,24.1127758026123,354.838470458984,-0.104442566633224,0.203386127948761,-0.0235172044485807,0.97322803735733
170.998336791992,-0.163167893886566,0.019142147153616,-0.0840292945504189,348.590209960938,25.0420055389404,357.080627441406,-0.102504417300224,0.213181704282761,-0.00320096989162266,0.971615254878998
171.580856323242,-0.155156195163727,0.0179577991366386,-0.0958502143621445,347.633575439453,28.2068195343018,357.272094726563,-0.110198348760605,0.239700019359589,0.00328668206930161,0.964566946029663
172.152084350586,-0.151594489812851,0.0171239487826824,-0.0958530455827713,347.365692138672,28.4578552246094,357.118133544922,-0.112765990197659,0.241545051336288,0.00281006237491965,0.963811159133911
172.652648925781,-0.147667437791824,0.0162368752062321,-0.0893396437168121,347.922088623047,28.6097602844238,356.578186035156,-0.109233312308788,0.242557212710381,-0.00278765545226634,0.963963866233826
173.218597412109,-0.149356722831726,0.0165719352662563,-0.0880347639322281,347.893524169922,28.7096786499023,356.465270996094,-0.109715327620506,0.243275970220566,-0.00357988080941141,0.963725388050079
173.799285888672,-0.151261240243912,0.015493230894208,-0.087193600833416,348.29248046875,28.6008644104004,356.737335205078,-0.105784505605698,0.242805197834969,-0.00226054736413062,0.964287400245667
174.369369506836,-0.153048038482666,0.0146015733480453,-0.0842900276184082,349.196411132813,26.7865791320801,357.441284179688,-0.0967052355408669,0.228503108024597,0.000177034075022675,0.968728244304657
174.870529174805,-0.155983746051788,0.0134475622326136,-0.0857229828834534,350.122283935547,24.7367134094238,357.811706542969,-0.0881540700793266,0.211755886673927,-0.000145676764077507,0.973338723182678
175.443695068359,-0.171922534704208,0.0103590916842222,-0.0740312933921814,353.329833984375,19.3171081542969,359.135559082031,-0.058612484484911,0.167054787278175,0.00233612442389131,0.98420113325119
176.025833129883,-0.17820893228054,0.00902179535478354,-0.0753401443362236,354.331817626953,17.1694145202637,359.221282958984,-0.0499020367860794,0.148753181099892,0.000669299275614321,0.987614214420319
176.595840454102,-0.174710422754288,2.92392796836793E-05,-0.0664091110229492,0.369561165571213,18.4862976074219,0.422724664211273,0.00377566157840192,0.160610884428024,0.00312302773818374,0.987005650997162
177.178909301758,-0.170853272080421,0.00465056672692299,-0.073189802467823,357.916107177734,18.9189796447754,358.844879150391,-0.0195925254374743,0.164133906364441,-0.00695312954485416,0.986218988895416
177.750183105469,-0.172642752528191,0.0120196975767612,-0.084858350455761,352.93798828125,21.8303031921387,359.384490966797,-0.0614886395633221,0.188668087124825,0.00639789365231991,0.980093121528625
178.323150634766,-0.169982016086578,0.0140302125364542,-0.0925793722271919,351.350494384766,24.5763931274414,358.710571289063,-0.0760652348399162,0.211380586028099,0.005085205193609,0.974426209926605
178.827819824219,-0.171539157629013,0.0128088612109423,-0.0930043607950211,351.813842773438,23.9286727905273,358.572479248047,-0.0723966956138611,0.205888196825981,0.00264006690122187,0.975890278816223
179.398040771484,-0.172473505139351,0.0121383192017674,-0.0904467776417732,352.213623046875,24.1012268066406,358.66455078125,-0.0688234195113182,0.20750592648983,0.00280367792584002,0.975805699825287
179.975799560547,-0.173635810613632,0.0119915306568146,-0.0932121053338051,352.288696289063,23.8557662963867,358.718627929688,-0.0680927485227585,0.205464020371437,0.00298132211901248,0.976288378238678
180.541107177734,-0.1767717897892,0.0157679300755262,-0.0909507721662521,350.259094238281,21.9628219604492,358.391082763672,-0.0860049426555634,0.188613772392273,0.00243856385350227,0.978275060653687
181.042999267578,-0.177170842885971,0.015336774289608,-0.0937202796339989,350.541870117188,21.4478130340576,358.297027587891,-0.0837509334087372,0.184218898415565,0.000787788594607264,0.979310274124146
181.605621337891,-0.179945766925812,0.0147466696798801,-0.0880871638655663,351.060424804688,20.8565578460693,358.763336181641,-0.078588955104351,0.179616421461105,0.00352436327375472,0.980586171150208
182.193954467773,-0.17649444937706,0.0144295021891594,-0.0836854800581932,351.201751708984,20.5587272644043,358.603576660156,-0.0776351019740105,0.176989212632179,0.00173163192812353,0.981144547462463
182.771896362305,-0.174727454781532,0.0182491037994623,-0.0940999388694763,349.296661376953,20.9821949005127,358.501922607422,-0.0940715074539185,0.180074661970139,0.00418278202414513,0.979135453701019
183.337875366211,-0.173684343695641,0.0232712682336569,-0.107601828873158,345.640991210938,22.5860214233398,358.367553710938,-0.125313922762871,0.192525535821915,0.0106115639209747,0.973199784755707
183.915924072266,-0.17273522913456,0.0212325137108564,-0.103013798594475,346.319000244141,22.555347442627,358.190185546875,-0.119858041405678,0.192302972078323,0.00791213847696781,0.973956346511841
184.416107177734,-0.172996088862419,0.0201169326901436,-0.097303718328476,346.695831298828,22.2086601257324,358.230560302734,-0.116611547768116,0.189521595835686,0.00725816423073411,0.974900305271149
184.987106323242,-0.173705443739891,0.0194708444178104,-0.0936336815357208,346.953857421875,22.4662456512451,358.365539550781,-0.114176020026207,0.19193135201931,0.00822864752262831,0.974709451198578
185.489105224609,-0.174237951636314,0.0186038743704557,-0.0914338752627373,347.387573242188,22.4390144348145,358.519439697266,-0.110232442617416,0.191982820630074,0.00877354387193918,0.975148439407349
186.069000244141,-0.175603538751602,0.0186828691512346,-0.0906979665160179,347.672607421875,22.2689380645752,358.541595458984,-0.107783377170563,0.190639674663544,0.00831786543130875,0.975689589977264
186.642807006836,-0.173634096980095,0.018263004720211,-0.0860013738274574,347.908203125,22.5182571411133,358.409027099609,-0.105983801186085,0.192707747220993,0.00702205393463373,0.975490570068359
187.223602294922,-0.171042144298553,0.0186230577528477,-0.0856959223747253,347.746429443359,22.4253101348877,358.398468017578,-0.107383579015732,0.191858351230621,0.00712116016075015,0.975504219532013
187.726165771484,-0.168500170111656,0.017962858080864,-0.0832372531294823,348.043640136719,22.0909900665283,358.472045898438,-0.104751981794834,0.189166575670242,0.0069368751719594,0.976317048072815
188.235046386719,-0.167917877435684,0.0172524806112051,-0.0805768221616745,348.498626708984,22.062931060791,358.494415283203,-0.10084143280983,0.189076498150826,0.00634087715297937,0.976750195026398
188.811294555664,-0.169229835271835,0.012541082687676,-0.0817132517695427,353.225433349609,19.8459587097168,358.105255126953,-0.0610372498631477,0.171037331223488,-0.00607778364792466,0.98335337638855
189.313934326172,-0.172178134322166,0.0149641493335366,-0.0800541639328003,350.459686279297,19.4712181091309,358.931945800781,-0.0835283473134041,0.167745023965836,0.00490747857838869,0.982273161411285
189.888061523438,-0.170676335692406,0.0173263289034367,-0.0735969543457031,349.197875976563,18.3372821807861,358.756958007813,-0.0946395769715309,0.157616138458252,0.00433609308674932,0.982945442199707
190.451431274414,-0.168611913919449,0.0182257294654846,-0.0807359889149666,348.695373535156,18.273904800415,358.660827636719,-0.0990818738937378,0.156875610351563,0.0041571706533432,0.982626855373383
191.017959594727,-0.171032533049583,0.0165903996676207,-0.0806742534041405,350.068634033203,18.3565006256104,359.023620605469,-0.086801789700985,0.158173948526382,0.0054265926592052,0.983573615550995
191.520370483398,-0.17418210208416,0.0161343831568956,-0.0797600671648979,350.009521484375,18.3983039855957,359.188262939453,-0.0870790705084801,0.158646538853645,0.00695365853607655,0.98346334695816
192.099136352539,-0.174779668450356,0.0161365829408169,-0.0770469829440117,350.2529296875,18.4566078186035,359.154998779297,-0.0850332379341125,0.159166321158409,0.00637180311605334,0.983562409877777
192.671249389648,-0.172049313783646,0.0156593900173903,-0.0741399452090263,350.754211425781,18.4483394622803,359.033508300781,-0.0808996930718422,0.159099444746971,0.00462108664214611,0.983931541442871
193.176254272461,-0.171820595860481,0.0148604800924659,-0.0760955065488815,350.868591308594,19.0925159454346,358.826782226563,-0.0801884531974792,0.164505198597908,0.00313670397736132,0.983106315135956
193.755218505859,-0.179429218173027,0.0144998673349619,-0.080918200314045,350.854125976563,18.7749328613281,359.402954101563,-0.0795065239071846,0.162178888916969,0.00788038410246372,0.983521521091461
194.328918457031,-0.18282362818718,0.0146000720560551,-0.0842223837971687,350.634155273438,19.1223926544189,359.288391113281,-0.0815337151288986,0.16504330933094,0.00745717110112309,0.9828822016716
194.912704467773,-0.178487658500671,0.013784165494144,-0.0829344987869263,351.069244384766,19.4699573516846,359.166473388672,-0.0779597386717796,0.168015226721764,0.0060170735232532,0.982678472995758
195.500534057617,-0.17528635263443,0.0125993778929114,-0.076830692589283,351.988403320313,19.6659107208252,359.134918212891,-0.0701153576374054,0.169834583997726,0.00450947741046548,0.982964754104614
196.082565307617,-0.176657497882843,0.0112721920013428,-0.0762765184044838,352.535430908203,19.5642223358154,359.352294921875,-0.0651055499911308,0.169176191091537,0.00550128938630223,0.983417749404907
196.594619750977,-0.177590906620026,0.0109712528064847,-0.0761493593454361,352.720764160156,19.4711418151855,359.415405273438,-0.0634265840053558,0.168438836932182,0.00571650359779596,0.983652770519257
197.176010131836,-0.177767515182495,0.0106598865240812,-0.077275238931179,352.935699462891,19.4884624481201,359.464233398438,-0.0615090541541576,0.16864301264286,0.00582784553989768,0.983738899230957
197.761352539063,-0.177278935909271,0.0103050796315074,-0.0783754959702492,352.985504150391,19.4101066589355,359.62646484375,-0.0608474090695381,0.168063148856163,0.007105628028512,0.98387086391449
198.277267456055,-0.17566080391407,0.00902735814452171,-0.0752770751714706,353.722961425781,19.4719219207764,359.769409179688,-0.0543012917041779,0.168745413422585,0.00727824028581381,0.984135866165161
198.853622436523,-0.179082870483398,0.0081504238769412,-0.0712122842669487,354.075286865234,19.498628616333,0.0899479687213898,-0.0508007258176804,0.169151350855827,0.0095239169895649,0.984233975410461
199.413131713867,-0.179688826203346,0.00711789587512612,-0.0665903314948082,354.405487060547,19.665376663208,0.263574093580246,-0.0476926676928997,0.170678332448006,0.0105976033955812,0.984114825725555
199.989898681641,-0.17698623239994,0.00593650992959738,-0.0611684545874596,355.056488037109,19.8086547851563,0.223896563053131,-0.0421483814716339,0.171926155686378,0.00934092979878187,0.984163463115692
200.505767822266,-0.174925461411476,0.0058857835829258,-0.0578666068613529,355.292266845703,19.6736869812012,0.109389647841454,-0.0403042584657669,0.170737519860268,0.00795647781342268,0.984459757804871
201.006851196289,-0.174759730696678,0.00654266495257616,-0.0608656741678715,355.114532470703,19.4042339324951,0.119524426758289,-0.0418356172740459,0.168416410684586,0.00820990558713675,0.984793543815613
201.509552001953,-0.175344794988632,0.00593006704002619,-0.0643346086144447,355.404449462891,19.354175567627,0.153104797005653,-0.0392979681491852,0.168012678623199,0.00805543828755617,0.984968304634094
202.090744018555,-0.178052186965942,0.00540185580030084,-0.0685480982065201,355.491424560547,19.2909412384033,0.468564867973328,-0.0380934923887253,0.167578667402267,0.0106185432523489,0.985065221786499
202.657684326172,-0.176663085818291,0.00483129173517227,-0.0686351507902145,355.767028808594,19.584321975708,0.28394827246666,-0.0359719470143318,0.170048326253891,0.00872119888663292,0.984740376472473
203.158843994141,-0.175124555826187,0.00421303976327181,-0.0695248544216156,356.024810791016,19.8570137023926,0.10933905094862,-0.0339993163943291,0.172347992658615,0.00691935094073415,0.984424889087677
203.661285400391,-0.172210186719894,0.00405581528320909,-0.0663614124059677,356.217926025391,20.0591239929199,359.941284179688,-0.0325838327407837,0.174044758081436,0.00524269184097648,0.984184622764587
204.224594116211,-0.173948541283607,0.00284076854586601,-0.0622920170426369,356.924621582031,19.7483024597168,0.111165203154087,-0.0262705907225609,0.171448454260826,0.00555707048624754,0.984827101230621
204.794479370117,-0.17504894733429,0.00210988614708185,-0.0661722272634506,357.384063720703,20.0671939849854,0.142870709300041,-0.0222599469125271,0.174208104610443,0.00520430551841855,0.984443485736847
205.304000854492,-0.178855314850807,0.00278839119710028,-0.0673104003071785,357.219818115234,19.8482131958008,0.454670488834381,-0.0232125055044889,0.172386303544044,0.00808812025934458,0.984722673892975
205.890960693359,-0.175378441810608,0.00176660227589309,-0.0621147118508816,357.589599609375,20.2824077606201,0.124042883515358,-0.0205140765756369,0.176058039069176,0.00476875109598041,0.984154522418976
206.463943481445,-0.171492800116539,0.000383601785870269,-0.0502061955630779,358.141662597656,20.4253368377686,0.0853473320603371,-0.0158273186534643,0.177290841937065,0.0036080835852772,0.984024584293365
207.042846679688,-0.168192744255066,-0.00167770078405738,-0.0357409343123436,358.969787597656,20.4743728637695,0.249308630824089,-0.0084603326395154,0.17773512005806,0.00373865594156086,0.984034895896912
207.545501708984,-0.165817156434059,-0.00232007470913231,-0.0282856021076441,359.422973632813,20.4533233642578,0.231010183691978,-0.00459756748750806,0.177550062537193,0.00287790270522237,0.984096825122833
208.122100830078,-0.163849592208862,-0.000953578331973404,-0.0320668444037437,359.114837646484,20.874397277832,359.984802246094,-0.00762051856145263,0.181151270866394,0.0012689009308815,0.983424961566925
208.692428588867,-0.165845334529877,0.000109691492980346,-0.044406458735466,358.533386230469,20.2398071289063,-0.00429997220635414,-0.0126057714223862,0.175693854689598,0.00221183383837342,0.98436164855957
209.271636962891,-0.170014068484306,-0.00132222485262901,-0.0514717474579811,359.123229980469,20.5832233428955,0.145542308688164,-0.00730105536058545,0.178662359714508,0.00261654914356768,0.983879864215851
209.774215698242,-0.18482269346714,-0.000169226754223928,-0.0561922490596771,358.314666748047,18.7717304229736,1.56653726100922,-0.0122793009504676,0.163248047232628,0.0158839002251625,0.986380755901337
210.343170166016,-0.18275585770607,-0.00121240236330777,-0.0498092956840992,358.969940185547,19.4347496032715,1.17024981975555,-0.00713585736230016,0.168863147497177,0.0115823959931731,0.985545635223389
210.846054077148,-0.178685277700424,-0.00148083362728357,-0.0466760918498039,359.208038330078,19.325044631958,1.1856381893158,-0.00507611129432917,0.167902082204819,0.0113593600690365,0.985725164413452
211.420181274414,-0.174731075763702,-0.000546438037417829,-0.0507177598774433,358.872955322266,19.4261817932129,0.734404861927032,-0.00861281622201204,0.16876508295536,0.0079759806394577,0.985586404800415
211.921829223633,-0.177978187799454,0.000590151466894895,-0.0572337284684181,358.306488037109,19.1459312438965,0.881942272186279,-0.0132921282202005,0.166392549872398,0.0100459028035402,0.985918819904327
212.487533569336,-0.179314434528351,0.00197734450921416,-0.0606461241841316,357.581787109375,19.2295513153076,0.686722636222839,-0.0198037456721067,0.167107492685318,0.00943158194422722,0.985694646835327
212.987991333008,-0.180131465196609,0.00228826585225761,-0.0592585690319538,357.490936279297,18.7670211791992,0.59575480222702,-0.0207533966749907,0.163113042712212,0.00869773048907518,0.98635071516037
213.489959716797,-0.184524744749069,0.00416527595371008,-0.05538210272789,356.284881591797,17.8978576660156,1.15466475486755,-0.0304520726203918,0.155787020921707,0.0149902990087867,0.987207353115082
214.070861816406,-0.18384838104248,0.0158930327743292,-0.0653701573610306,348.743133544922,22.4228744506836,3.47089290618896,-0.0903010740876198,0.196317553520203,0.0486237891018391,0.975161969661713
214.643417358398,-0.17935773730278,0.0145638659596443,-0.0656754598021507,349.595458984375,21.863109588623,2.90640664100647,-0.084208682179451,0.191052079200745,0.0419868901371956,0.977059423923492
215.214019775391,-0.179686173796654,0.0119472555816174,-0.0666008964180946,351.194915771484,20.4243030548096,2.67499256134033,-0.0714005306363106,0.178485542535782,0.0365099534392357,0.98066908121109
215.718078613281,-0.183215618133545,0.0111058037728071,-0.0711702182888985,351.634613037109,19.948938369751,2.78471374511719,-0.067615769803524,0.174442484974861,0.0364974401891232,0.981664836406708
216.225051879883,-0.18611653149128,0.0113441487774253,-0.0738842114806175,351.376312255859,20.1249942779541,2.83853507041931,-0.0696903467178345,0.176007851958275,0.0374507866799831,0.981204330921173
216.742584228516,-0.185513481497765,0.0109477052465081,-0.0709961503744125,351.742614746094,20.2488822937012,2.90227031707764,-0.0664130076766014,0.177069142460823,0.0375173911452293,0.981238126754761
217.255859375,-0.183721974492073,0.00999154057353735,-0.0673973262310028,352.154632568359,20.3898754119873,2.857506275177,-0.0629064068198204,0.178207024931908,0.0365874134004116,0.981298327445984
217.834442138672,-0.183363512158394,0.00964293442666531,-0.0644329339265823,352.31591796875,20.4862384796143,2.79792499542236,-0.0615867637097836,0.17898266017437,0.035882793366909,0.981266915798187
218.352111816406,-0.185731440782547,0.00948204472661018,-0.0658790469169617,352.542572021484,20.2477893829346,2.93548607826233,-0.0595060624182224,0.176987454295158,0.036589439958334,0.981730937957764
218.875259399414,-0.187388449907303,0.00954484567046165,-0.0714837983250618,352.573760986328,19.9756507873535,2.81933331489563,-0.0595022067427635,0.174591466784477,0.0354057848453522,0.982203483581543
219.400238037109,-0.186854958534241,0.0100672040134668,-0.0721708461642265,352.446807861328,19.9451370239258,2.61573004722595,-0.0609101615846157,0.174236238002777,0.0338344350457191,0.982235729694366
219.918838500977,-0.185983434319496,0.00970633793622255,-0.0699745789170265,352.613677978516,20.3456325531006,2.63596105575562,-0.0593299269676208,0.177662655711174,0.0339659862220287,0.981713950634003
220.423141479492,-0.185812070965767,0.00922306068241596,-0.0688537433743477,352.753875732422,20.174991607666,2.68810486793518,-0.0580981262028217,0.176213011145592,0.0341124311089516,0.982043743133545
220.947555541992,-0.185105204582214,0.00872544385492802,-0.0688695162534714,353.029327392578,20.3372631072998,2.69655799865723,-0.0556751899421215,0.177578538656235,0.0338470973074436,0.981947302818298
221.453262329102,-0.187329426407814,0.00831216014921665,-0.0683624148368835,353.219818115234,19.8434715270996,2.98652195930481,-0.0537472404539585,0.173460811376572,0.0358101427555084,0.982720851898193
222.026779174805,-0.18948195874691,0.00800370424985886,-0.0716550499200821,353.355590820313,19.8135356903076,3.05844664573669,-0.0524827651679516,0.173218607902527,0.0362113304436207,0.982817232608795
222.546478271484,-0.191776961088181,0.00875659752637148,-0.076273150742054,353.141296386719,19.7319889068604,2.94573879241943,-0.0545172616839409,0.17249584197998,0.0355241484940052,0.982858657836914
223.063323974609,-0.19073973596096,0.00820702221244574,-0.0688439756631851,353.417419433594,20.1066455841064,3.00427889823914,-0.0519428215920925,0.175698712468147,0.0357879139482975,0.982421100139618
223.57292175293,-0.189408123493195,0.00700056599453092,-0.0574438199400902,353.976257324219,20.1897258758545,3.03215527534485,-0.0470803901553154,0.176343694329262,0.0352183096110821,0.982571125030518
224.077713012695,-0.188367709517479,0.00577036337926984,-0.0445430241525173,354.461456298828,20.1886730194092,3.23720693588257,-0.0426022335886955,0.176338449120522,0.0362410768866539,0.982739210128784
224.594161987305,-0.185564458370209,0.00593377836048603,-0.0394096821546555,354.897033691406,19.919038772583,3.11576914787292,-0.0391325615346432,0.173909068107605,0.0344470888376236,0.983380734920502
225.123306274414,-0.179816514253616,0.00581394601613283,-0.0507226549088955,355.133422851563,16.0144844055176,1.62146830558777,-0.0400688052177429,0.139753609895706,0.0199124030768871,0.989174902439117
225.6259765625,-0.181874811649323,0.0109259113669395,-0.0689158216118813,352.929107666016,16.1836719512939,1.60094511508942,-0.0590833202004433,0.141331478953362,0.0224842764437199,0.987941801548004
226.151702880859,-0.193351835012436,0.0152593068778515,-0.0881750136613846,350.190490722656,17.4309196472168,3.32196712493896,-0.0801007673144341,0.15335887670517,0.0414960570633411,0.984044253826141
226.653991699219,-0.186197951436043,0.0147746494039893,-0.0906715095043182,350.329864501953,19.210578918457,1.59405243396759,-0.0807852745056152,0.16740594804287,0.0277293436229229,0.982181310653687
227.176025390625,-0.186187669634819,0.0127400057390332,-0.0851361975073814,351.634002685547,18.4964828491211,2.00472974777222,-0.0691791847348213,0.161519080400467,0.0289412178099155,0.984016418457031
227.759628295898,-0.174797311425209,0.0277976039797068,-0.10205689817667,340.7236328125,24.8349704742432,358.285003662109,-0.166663587093353,0.209527358412743,0.0215889420360327,0.963252544403076
228.266128540039,-0.172705948352814,0.029318368062377,-0.111262477934361,341.708404541016,23.9954624176025,357.239013671875,-0.160374566912651,0.2014250010252,0.0097651919350028,0.966236293315887
228.844284057617,-0.179455116391182,0.0370666235685349,-0.135924205183983,342.534271240234,18.8247299194336,0.427856475114822,-0.149179056286812,0.162201076745987,0.0284703299403191,0.975000441074371
229.427001953125,-0.200272083282471,0.0270678456872702,-0.117546446621418,343.079254150391,14.2643871307373,5.33051300048828,-0.140118420124054,0.129463568329811,0.0638859942555428,0.979553282260895
229.945678710938,-0.208624660968781,0.0264311265200377,-0.105024695396423,343.267364501953,14.9841527938843,5.63694763183594,-0.137741640210152,0.135938942432404,0.0671820715069771,0.978792309761047
230.446884155273,-0.208419531583786,0.0254172962158918,-0.0926768407225609,344.459350585938,14.6218347549438,5.24618721008301,-0.128192320466042,0.132090359926224,0.0621637217700481,0.980945706367493
230.947509765625,-0.198722958564758,0.0259721782058477,-0.0937249734997749,344.546875,16.3650588989258,3.49193859100342,-0.128718122839928,0.145024061203003,0.0490105971693993,0.979794681072235
231.451324462891,-0.189152866601944,0.0246214028447866,-0.0971960127353668,345.484741210938,17.1136436462402,2.45940756797791,-0.121728502213955,0.150245070457458,0.039844311773777,0.980316817760468
231.968826293945,-0.188435688614845,0.0240025632083416,-0.112673863768578,346.006988525391,18.3969211578369,1.74167037010193,-0.117817111313343,0.160473480820656,0.034360658377409,0.979380786418915
232.469665527344,-0.2061498016119,0.0227214563637972,-0.114937797188759,346.858764648438,22.6019611358643,2.36241340637207,-0.108172073960304,0.196947529911995,0.0425008349120617,0.973500967025757
232.978179931641,-0.248875021934509,0.0142963938415051,-0.102010875940323,349.641326904297,30.8112945556641,5.29396438598633,-0.0747187435626984,0.268303453922272,0.0682966411113739,0.958001017570496
233.482131958008,-0.234145760536194,0.00825873762369156,-0.0856816545128822,354.054656982422,35.2253074645996,5.10382604598999,-0.0359254367649555,0.304074376821518,0.0580564439296722,0.950198769569397
234.072570800781,-0.154506847262383,0.00881869532167912,-0.107629418373108,356.315124511719,37.9109382629395,2.41697883605957,-0.0235534235835075,0.325234353542328,0.0303779412060976,0.944851875305176
234.579742431641,-0.181871026754379,0.0160134918987751,-0.101981841027737,353.374359130859,33.8107833862305,3.02334880828857,-0.0476125814020634,0.291663855314255,0.0419967584311962,0.954411625862122
235.105514526367,-0.201851338148117,0.0192465260624886,-0.0787466391921043,350.283630371094,29.8182220458984,2.73184299468994,-0.075704462826252,0.258240103721619,0.0447356812655926,0.962070465087891
235.686218261719,-0.175249010324478,0.0179815553128719,-0.056205291301012,351.574981689453,27.5935249328613,0.636273562908173,-0.0700147971510887,0.238226741552353,0.0228951089084148,0.968411982059479
236.189422607422,-0.175222545862198,0.0169143248349428,-0.0474981106817722,352.555633544922,26.2314300537109,1.42908334732056,-0.0603964924812317,0.227210640907288,0.0268499683588743,0.97160005569458
236.698181152344,-0.178117841482162,0.0182227976620197,-0.0725810378789902,351.443298339844,27.6909923553467,0.587115228176117,-0.0712107345461845,0.239005655050278,0.0228131432086229,0.968134760856628
237.201156616211,-0.181574761867523,0.0159789621829987,-0.0824108198285103,352.496551513672,27.4848213195801,0.158180013298988,-0.0632327795028687,0.237135633826256,0.0168821010738611,0.969269454479218
237.715881347656,-0.19041496515274,0.0166181176900864,-0.0691338628530502,352.294036865234,25.6850242614746,1.69044291973114,-0.0622369609773159,0.222711890935898,0.0292841028422117,0.972454845905304
238.223083496094,-0.183847963809967,0.0161046348512173,-0.0694149136543274,352.696594238281,26.431827545166,1.15430331230164,-0.0597029440104961,0.228770092129707,0.0243467502295971,0.971342921257019
238.729278564453,-0.187039434909821,0.0162534546107054,-0.074655681848526,352.449554443359,26.4596843719482,1.36940038204193,-0.061361487954855,0.229110956192017,0.0266750808805227,0.971098124980927
239.236526489258,-0.190308108925819,0.0163334663957357,-0.0760575979948044,352.528015136719,26.7517051696777,1.26205992698669,-0.0608453713357449,0.231530427932739,0.0257646702229977,0.970581114292145
239.752792358398,-0.186839580535889,0.0158370770514011,-0.08442073315382,352.93798828125,27.5513725280762,0.695761144161224,-0.0583729296922684,0.238028094172478,0.0205510798841715,0.96928471326828
240.258926391602,-0.189086198806763,0.0160343833267689,-0.0907575264573097,352.654418945313,27.311408996582,1.05994617938995,-0.0600655823945999,0.236167788505554,0.0240923948585987,0.969554781913757
240.841735839844,-0.192668184638023,0.015072719193995,-0.0950891897082329,352.84716796875,27.1971092224121,1.15058064460754,-0.0582717210054398,0.235256627202034,0.0244058649986982,0.96987783908844
241.349548339844,-0.196956992149353,0.0146477846428752,-0.0892189517617226,353.444427490234,27.2724723815918,1.62730956077576,-0.0522172413766384,0.236136421561241,0.0272561069577932,0.969933032989502
241.850540161133,-0.192959487438202,0.0125233605504036,-0.081805944442749,354.736022949219,30.174129486084,3.2997145652771,-0.0368333235383034,0.261180698871613,0.0397173054516315,0.963768899440765
242.363906860352,-0.176290884613991,0.00750769348815084,-0.0879182815551758,358.928009033203,38.275634765625,1.82861864566803,-0.00360536249354482,0.327926516532898,0.0181409195065498,0.944522202014923
242.957336425781,-0.191429018974304,-0.00801372993737459,-0.0799011811614037,7.89407682418823,28.6700839996338,5.02748203277588,0.0774603262543678,0.243841663002968,0.0253662187606096,0.966383874416351
243.540634155273,-0.219601452350616,-0.00707468949258327,-0.0872537791728973,6.54758596420288,20.2129802703857,7.21294689178467,0.0671300664544106,0.171308428049088,0.0518249124288559,0.981560587882996
244.061370849609,-0.213472813367844,0.00335206370800734,-0.0815196111798286,1.51420605182648,17.5081386566162,3.63123202323914,0.0178746245801449,0.151690125465393,0.0293013453483582,0.987832009792328
244.56477355957,-0.20592488348484,0.0281974654644728,-0.078212134540081,344.027679443359,16.6936912536621,1.35074901580811,-0.135758057236671,0.145367652177811,0.0317162200808525,0.979506134986877
245.065628051758,-0.19983446598053,0.0302295610308647,-0.0724003911018372,343.938323974609,16.969612121582,0.9999920129776,-0.136896699666977,0.147300377488136,0.0291587468236685,0.979138195514679
245.57844543457,-0.202339679002762,0.0304790902882814,-0.0844224244356155,345.040313720703,21.1002044677734,0.395207464694977,-0.127349957823753,0.181977540254593,0.0271964054554701,0.974641740322113
246.17658996582,-0.220580220222473,0.0343417786061764,-0.12959897518158,341.863952636719,22.4082050323486,358.907836914063,-0.156424984335899,0.190393954515457,0.0213901773095131,0.96892923116684
246.749801635742,-0.23684749007225,0.0314874239265919,-0.137824669480324,341.611389160156,23.0608386993408,359.436737060547,-0.157526507973671,0.196548119187355,0.0271841716021299,0.967375457286835
247.254470825195,-0.235052362084389,0.0312350895255804,-0.128129333257675,342.001831054688,22.3417282104492,0.976827085018158,-0.151818349957466,0.192651942372322,0.0385626144707203,0.968684375286102
247.758850097656,-0.227627962827682,0.0296754445880651,-0.11034319549799,343.392425537109,22.6806011199951,1.606525182724,-0.138860359787941,0.196540370583534,0.041996993124485,0.969704031944275
248.264907836914,-0.221267074346542,0.0298029463738203,-0.107430160045624,343.505126953125,23.3771724700928,0.955905020236969,-0.138796344399452,0.201661810278893,0.0371448025107384,0.968859314918518
248.766632080078,-0.223703965544701,0.0305308550596237,-0.115076065063477,343.224426269531,23.1753845214844,0.551750719547272,-0.141940549015999,0.199404656887054,0.0339669547975063,0.968987584114075
249.266876220703,-0.230010569095612,0.0304633900523186,-0.126755848526955,342.710510253906,23.9469585418701,0.571254372596741,-0.146013155579567,0.205832466483116,0.0360035113990307,0.966962695121765
249.768173217773,-0.230292111635208,0.0288682226091623,-0.120059967041016,343.668792724609,24.0523719787598,0.923632383346558,-0.137250632047653,0.207359284162521,0.0373965352773666,0.967866718769073
250.270080566406,-0.226007848978043,0.0271620750427246,-0.112765148282051,345.066314697266,23.7545509338379,0.927450180053711,-0.12551437318325,0.205093368887901,0.0345984138548374,0.970044255256653
250.771270751953,-0.221226543188095,0.0267104618251324,-0.108847573399544,345.449523925781,23.6378917694092,0.664884388446808,-0.122770167887211,0.203886523842812,0.0315705202519894,0.970752835273743
251.277908325195,-0.228269726037979,0.026688601821661,-0.11325877904892,345.380828857422,23.4042453765869,0.932690739631653,-0.122944660484791,0.202182620763779,0.0337097495794296,0.971015155315399
251.779525756836,-0.229472190141678,0.0269525274634361,-0.119832716882229,345.263916015625,23.8380851745605,0.747141420841217,-0.124139443039894,0.20563779771328,0.0328120142221451,0.970167994499207
252.302062988281,-0.226869612932205,0.0279373656958342,-0.122929573059082,344.509216308594,23.6244049072266,0.459379583597183,-0.13110314309597,0.203364148736,0.0314762108027935,0.969775378704071
252.887603759766,-0.223247230052948,0.0268556419759989,-0.115719437599182,345.209747314453,23.8917980194092,0.595917105674744,-0.124854668974876,0.205918371677399,0.031686719506979,0.970054090023041
253.476089477539,-0.221083119511604,0.0250032898038626,-0.11088577657938,346.702758789063,24.0977630615234,0.43366152048111,-0.112444035708904,0.20776928961277,0.0278446264564991,0.971294462680817
253.994201660156,-0.226808726787567,0.0252836048603058,-0.116957366466522,346.147064208984,23.4940814971924,0.73659074306488,-0.116768069565296,0.202860087156296,0.0307990144938231,0.971732676029205
254.494369506836,-0.229053854942322,0.0253735855221748,-0.121577598154545,346.208190917969,24.0221138000488,0.739219188690186,-0.116102211177349,0.207348316907883,0.0312492419034243,0.97085040807724
255.023025512695,-0.222645699977875,0.0240255109965801,-0.113849118351936,347.0966796875,24.8446674346924,0.813805162906647,-0.10821358859539,0.21452759206295,0.0310624465346336,0.970207691192627
255.530395507813,-0.215303763747215,0.0223870556801558,-0.109341412782669,348.136291503906,25.416389465332,0.887943148612976,-0.0991153195500374,0.219582408666611,0.0302522387355566,0.970074474811554
256.044067382813,-0.21914429962635,0.0231789760291576,-0.114843510091305,347.73681640625,24.7460670471191,0.17896357178688,-0.103998653590679,0.213212475180626,0.0244040191173553,0.971148371696472
256.633453369141,-0.221721410751343,0.0225129500031471,-0.115192718803883,347.934356689453,25.2404308319092,0.53150886297226,-0.10155013948679,0.217750906944275,0.0274635553359985,0.97031843662262
257.148132324219,-0.220354318618774,0.0221161972731352,-0.107497960329056,348.294036865234,24.4640197753906,0.878004312515259,-0.0980433896183968,0.211523726582527,0.029054144397378,0.97200882434845
257.698303222656,-0.216141641139984,0.0217412803322077,-0.0942573249340057,348.799713134766,24.931640625,0.77659672498703,-0.0938267856836319,0.215467721223831,0.0276497136801481,0.971599578857422
258.226287841797,-0.216364085674286,0.0220440421253443,-0.0924221053719521,348.299682617188,25.0889625549316,0.741137206554413,-0.0980943515896797,0.21670526266098,0.02841816842556,0.970880389213562
258.804901123047,-0.220119535923004,0.0245497599244118,-0.10589974373579,347.028411865234,25.2714099884033,0.663061499595642,-0.108961679041386,0.217985451221466,0.0303190611302853,0.9693763256073
259.313842773438,-0.233336120843887,0.0231753643602133,-0.110743537545204,347.730895996094,23.3564682006836,0.813511312007904,-0.103220112621784,0.201994076371193,0.0285426843911409,0.973513901233673
259.887390136719,-0.258906960487366,0.00529628433287144,-0.0909628793597221,359.082397460938,24.3970947265625,358.582977294922,-0.0104389553889632,0.211180299520493,-0.010394150391221,0.97733610868454
260.454864501953,-0.141519904136658,0.0179773140698671,-0.0924520418047905,351.415649414063,27.8610038757324,355.523345947266,-0.0819622129201889,0.23704931139946,-0.019797021523118,0.967831552028656
261.035858154297,-0.107708215713501,0.0169828664511442,-0.0908962413668633,349.970672607422,22.3569087982178,350.101776123047,-0.10209346562624,0.185005471110344,-0.0674274638295174,0.975091516971588
261.545776367188,-0.150277644395828,0.0210538953542709,-0.0786542743444443,348.239593505859,19.3381042480469,354.869445800781,-0.108370073139668,0.162385538220406,-0.0266999397426844,0.980394780635834
262.126708984375,-0.153986752033234,0.0195955764502287,-0.0737717226147652,348.400360107422,17.1085872650146,354.418151855469,-0.107016041874886,0.142943874001503,-0.032890047878027,0.983378291130066
262.714080810547,-0.165202721953392,0.0216607432812452,-0.0776135101914406,347.360565185547,17.136194229126,355.588592529297,-0.114466287195683,0.143780440092087,-0.0214388724416494,0.982733428478241
263.219146728516,-0.170057222247124,0.0248059425503016,-0.0916159823536873,344.893218994141,24.1241111755371,356.123565673828,-0.135480612516403,0.202691465616226,-0.00533450813964009,0.969810664653778
263.721618652344,-0.175675675272942,0.025033388286829,-0.10180301964283,344.833099365234,23.2757453918457,354.974884033203,-0.137898728251457,0.194102391600609,-0.0159654878079891,0.971109390258789
264.223937988281,-0.179241120815277,0.0246824454516172,-0.1020742431283,344.998260498047,22.2529487609863,355.509552001953,-0.13548469543457,0.186159163713455,-0.0129393395036459,0.973047435283661
264.815399169922,-0.179040014743805,0.0237916596233845,-0.0986653119325638,345.445465087891,21.2351684570313,355.709564208984,-0.131256371736526,0.177980303764343,-0.0131720146164298,0.975151896476746
265.396789550781,-0.179037645459175,0.0231305938214064,-0.094315230846405,345.935882568359,21.0165729522705,355.514892578125,-0.127361953258514,0.176157101988792,-0.0158737283200026,0.975958824157715
265.909759521484,-0.180806502699852,0.0235772021114826,-0.095558375120163,345.785705566406,21.0127696990967,355.770477294922,-0.128245040774345,0.176331743597984,-0.0134585173800588,0.975847959518433
266.494598388672,-0.178409308195114,0.0237485598772764,-0.103995956480503,345.307952880859,21.4764289855957,355.308685302734,-0.133080214262009,0.179496318101883,-0.0160778947174549,0.974583148956299
267.084442138672,-0.181359171867371,0.024032911285758,-0.100412338972092,345.283905029297,21.3372116088867,355.359924316406,-0.13318495452404,0.178358405828476,-0.0157641544938087,0.974782824516296
267.585601806641,-0.181805059313774,0.0230365190654993,-0.0921336337924004,345.940856933594,21.329252243042,355.742248535156,-0.127007558941841,0.179074436426163,-0.0135991042479873,0.975508332252502
268.138885498047,-0.178828179836273,0.0220814049243927,-0.090873546898365,346.571411132813,21.3239421844482,355.603240966797,-0.121863819658756,0.179202705621719,-0.0158231873065233,0.976107180118561
268.716247558594,-0.176171377301216,0.0224957037717104,-0.0972691923379898,346.213653564453,21.4379920959473,355.101623535156,-0.125707238912582,0.17943999171257,-0.0193820726126432,0.975511848926544
269.228485107422,-0.175320729613304,0.0223583970218897,-0.0972729250788689,346.369873046875,21.3019695281982,355.064117431641,-0.124414883553982,0.178328052163124,-0.0201075747609138,0.975866675376892
269.802124023438,-0.174820855259895,0.0221484731882811,-0.0964145958423615,346.450958251953,21.3212490081787,354.919097900391,-0.123954862356186,0.178380727767944,-0.0214549954980612,0.975886881351471
270.375427246094,-0.176050588488579,0.0228392276912928,-0.0975534245371819,346.106201171875,21.5430488586426,355.095611572266,-0.126647174358368,0.180267423391342,-0.0191395450383425,0.975242495536804
270.902404785156,-0.175338760018349,0.0225693378597498,-0.0976273939013481,346.114013671875,21.7016258239746,354.909240722656,-0.126902565360069,0.181415051221848,-0.0205630268901587,0.974967420101166
271.454040527344,-0.174395427107811,0.0220224093645811,-0.0973955616354942,346.275939941406,21.6442699432373,354.846405029297,-0.125616282224655,0.18095126748085,-0.0214318558573723,0.975201547145844
271.995361328125,-0.174777671694756,0.0226939469575882,-0.0982134863734245,346.157073974609,21.5043163299561,354.829711914063,-0.126625791192055,0.179672971367836,-0.0215298403054476,0.975305140018463
272.557250976563,-0.17639371752739,0.021854043006897,-0.0909843295812607,346.498229980469,21.6198902130127,355.28515625,-0.123030096292496,0.181344300508499,-0.0180945731699467,0.975525736808777
273.125701904297,-0.177284210920334,0.0222638044506311,-0.0852530896663666,346.440032958984,21.8307800292969,355.518127441406,-0.123185001313686,0.183358445763588,-0.01578782312572,0.975169658660889
273.712341308594,-0.171705827116966,0.0323372036218643,-0.105319544672966,339.519378662109,28.7697277069092,354.104614257813,-0.184547871351242,0.235297709703445,-0.00491118105128407,0.95422899723053
274.280487060547,-0.174973472952843,0.0313319563865662,-0.102934189140797,340.175048828125,25.9491748809814,354.740936279297,-0.177718684077263,0.213238388299942,-0.00543051306158304,0.960685193538666
274.818359375,-0.182100594043732,0.0302581638097763,-0.090487077832222,340.852569580078,21.4888286590576,357.044372558594,-0.168087333440781,0.17955656349659,0.00601104460656643,0.969262599945068
275.377868652344,-0.176663711667061,0.0297030471265316,-0.0903913006186485,340.964416503906,24.207498550415,356.292938232422,-0.168281957507133,0.201458543539047,0.00346358492970467,0.964926779270172
275.939331054688,-0.179853975772858,0.0306492876261473,-0.103816412389278,340.345947265625,23.650333404541,356.1455078125,-0.173748329281807,0.1961869597435,0.00252219289541245,0.965047061443329
276.489501953125,-0.183038085699081,0.0300119109451771,-0.109733201563358,340.612182617188,23.4183959960938,356.138641357422,-0.17152664065361,0.194378301501274,0.0016351769445464,0.965812146663666
277.026885986328,-0.190819218754768,0.0285248104482889,-0.103763088583946,341.815490722656,18.3425846099854,357.3701171875,-0.15957510471344,0.153762474656105,0.00281040417030454,0.97513335943222
277.601440429688,-0.192640155553818,0.0274831540882587,-0.0976262465119362,342.424499511719,16.8326377868652,357.782836914063,-0.153899610042572,0.141695603728294,0.00344249955378473,0.977867782115936
278.159851074219,-0.195036649703979,0.0259015299379826,-0.0837224051356316,343.837768554688,15.3980093002319,358.44189453125,-0.141098365187645,0.130732297897339,0.00549066858366132,0.981310486793518
278.719268798828,-0.194042935967445,0.0237814467400312,-0.069926954805851,345.364318847656,15.9138870239258,358.959869384766,-0.127388328313828,0.136150702834129,0.00871533155441284,0.982425212860107
279.280303955078,-0.196577727794647,0.0237293653190136,-0.072169303894043,345.362487792969,14.3703832626343,358.817962646484,-0.127661824226379,0.122747473418713,0.00578182237222791,0.984175860881805
279.836608886719,-0.196478307247162,0.0239197500050068,-0.081642359495163,344.976287841797,15.0457181930542,359.469879150391,-0.130205184221268,0.129197180271149,0.0125684114173055,0.982953071594238
280.391754150391,-0.198082253336906,0.0236809812486172,-0.0888043493032455,345.097930908203,14.2175045013428,359.625,-0.129082724452019,0.122286342084408,0.0128282476216555,0.983981251716614
280.949096679688,-0.198686808347702,0.0241772085428238,-0.0986789092421532,344.836120605469,14.2919006347656,359.583160400391,-0.131366834044456,0.122832626104355,0.0128355966880918,0.98361074924469
281.496002197266,-0.195646435022354,0.0238144975155592,-0.105346016585827,344.573883056641,14.4388904571533,358.955230712891,-0.134277820587158,0.123313844203949,0.00790270231664181,0.983209431171417
282.055389404297,-0.19633187353611,0.0232523661106825,-0.0944180488586426,345.090179443359,14.361888885498,359.456390380859,-0.129314750432968,0.123334594070911,0.0115516418591142,0.983835756778717
282.626190185547,-0.19582736492157,0.0222185738384724,-0.0751959010958672,345.969879150391,14.611644744873,359.437408447266,-0.121757000684738,0.125617191195488,0.010697390884161,0.984520792961121
283.201477050781,-0.200587630271912,0.0239219889044762,-0.0632742345333099,345.530120849609,12.1250696182251,0.211181402206421,-0.125040456652641,0.105003587901592,0.0151187926530838,0.986463665962219
283.763946533203,-0.196385562419891,0.0266361888498068,-0.0719063356518745,343.454772949219,17.3996620178223,0.113002493977547,-0.142079934477806,0.149824187159538,0.0227280855178833,0.978186786174774
284.275146484375,-0.188343316316605,0.0264056026935577,-0.0780820101499557,343.769134521484,17.2510986328125,359.029510498047,-0.140823781490326,0.147286966443062,0.0128817157819867,0.978932738304138
284.848022460938,-0.190859615802765,0.0256935711950064,-0.0840671434998512,343.972259521484,16.9511260986328,359.388580322266,-0.138667106628418,0.145210415124893,0.0153215024620295,0.979515492916107
285.423309326172,-0.192523151636124,0.0255959425121546,-0.081841267645359,344.016967773438,16.2659282684326,359.537322998047,-0.138192787766457,0.139540106058121,0.0157098565250635,0.980400204658508
285.961151123047,-0.191643685102463,0.0243499558418989,-0.0787800326943398,344.801788330078,16.4929389953613,359.347961425781,-0.131680384278297,0.141424983739853,0.0133854039013386,0.981060743331909
286.534362792969,-0.191889703273773,0.0239859279245138,-0.0758033841848373,345.166839599609,16.4520511627197,359.384552001953,-0.128514721989632,0.14119328558445,0.013197579421103,0.981516301631927
287.123138427734,-0.191351175308228,0.023952541872859,-0.0792733207345009,345.422637939453,16.3722076416016,359.129608154297,-0.126645103096962,0.140280440449715,0.0106068290770054,0.981921553611755
287.685821533203,-0.195021405816078,0.0245391950011253,-0.0845596194267273,344.945709228516,16.0125408172607,359.735809326172,-0.130037024617195,0.137781858444214,0.015982024371624,0.981759250164032
288.224182128906,-0.196128576993942,0.0228550489991903,-0.082986518740654,345.740295410156,16.1722278594971,359.833862304688,-0.123086802661419,0.139395326375961,0.0160344708710909,0.982426345348358
288.784423828125,-0.19898721575737,0.0220440365374088,-0.0762026011943817,346.328948974609,16.2836971282959,0.0547436214983463,-0.117752760648727,0.140673890709877,0.0173256192356348,0.982875883579254
289.347900390625,-0.195896402001381,0.022145627066493,-0.0774089470505714,346.080352783203,17.0623741149902,359.717956542969,-0.120194688439369,0.146959245204926,0.0155597403645515,0.981689453125
289.896362304688,-0.196374729275703,0.022546898573637,-0.0824072286486626,345.892730712891,16.028076171875,359.638641357422,-0.122034840285778,0.137976408004761,0.0140208108350635,0.982788622379303
290.401153564453,-0.195920363068581,0.0220677834004164,-0.0811266824603081,346.263977050781,16.5447826385498,359.618499755859,-0.118813194334507,0.142452165484428,0.0139343477785587,0.982546031475067
290.948669433594,-0.201272949576378,0.0221827011555433,-0.0762671902775764,346.426330566406,15.9355516433716,0.351558089256287,-0.116612143814564,0.138003215193748,0.0193980094045401,0.983351647853851
291.513092041016,-0.190039843320847,0.0246950127184391,-0.0892276987433434,344.448150634766,20.6892051696777,358.16064453125,-0.135938599705696,0.175757646560669,0.00864764675498009,0.974964201450348
292.0634765625,-0.177763551473618,0.0242717806249857,-0.0887628346681595,343.829742431641,20.7315120697021,357.0126953125,-0.142945289611816,0.174475997686386,-8.8287444668822E-05,0.974230349063873
292.614227294922,-0.185543745756149,0.0243560317903757,-0.0881202816963196,343.712799072266,18.0767784118652,358.170562744141,-0.14236056804657,0.153258934617043,0.00664363708347082,0.977855324745178
293.194213867188,-0.186287268996239,0.0246453955769539,-0.0869614109396935,343.851928710938,17.8493194580078,358.322967529297,-0.140984937548637,0.151550814509392,0.00747300963848829,0.978314757347107
293.73681640625,-0.187848851084709,0.0253865104168653,-0.0921486094594002,343.064056396484,18.7070388793945,358.825012207031,-0.146939411759377,0.159255489706993,0.0139248417690396,0.976141691207886
294.290069580078,-0.190490156412125,0.025309182703495,-0.091616578400135,342.994293212891,18.7677917480469,359.022277832031,-0.147250577807426,0.16000597178936,0.015781806781888,0.975943803787231
294.840911865234,-0.191459849476814,0.0249547772109509,-0.0872141346335411,343.382843017578,18.3719329833984,359.325225830078,-0.143578737974167,0.157121136784554,0.0173163302242756,0.976933062076569
295.418914794922,-0.186721339821815,0.0246085897088051,-0.0855892226099968,343.600341796875,18.6665000915527,358.785675048828,-0.142431020736694,0.159018114209175,0.0127796530723572,0.976864039897919
295.988037109375,-0.186060309410095,0.02350496314466,-0.0782463178038597,344.357666015625,17.9731597900391,359.121307373047,-0.135593697428703,0.153714865446091,0.0137522965669632,0.978671073913574
296.5205078125,-0.184380441904068,0.0235355142503977,-0.0821806937456131,344.154296875,17.613431930542,358.913421630859,-0.137646198272705,0.150341853499413,0.0118216471746564,0.978933691978455
297.089630126953,-0.183262020349503,0.0237689502537251,-0.0887714996933937,344.066314697266,17.3922004699707,358.709442138672,-0.13868436217308,0.148181810975075,0.00992900691926479,0.979137480258942
297.654357910156,-0.195121839642525,0.0243400707840919,-0.0804589167237282,344.089752197266,17.7066955566406,0.499515116214752,-0.13608281314373,0.153019487857819,0.025565680116415,0.978474855422974
298.216094970703,-0.200167968869209,0.0246630776673555,-0.0798881277441978,343.859649658203,17.2244567871094,0.75018584728241,-0.137829333543777,0.149168908596039,0.0274304635822773,0.97877436876297
298.781341552734,-0.201147481799126,0.023932121694088,-0.0789144709706306,344.475128173828,16.8371448516846,0.783534407615662,-0.132615685462952,0.145972341299057,0.0264756232500076,0.980002164840698
299.355590820313,-0.196936920285225,0.0243648700416088,-0.0871312618255615,344.258422851563,17.3805980682373,0.263569951057434,-0.135022714734077,0.149981021881104,0.0229428540915251,0.979156851768494
299.918670654297,-0.192773401737213,0.0245100036263466,-0.0970371440052986,343.998748779297,17.6481895446777,359.902008056641,-0.137666463851929,0.151790574193001,0.0205140952020884,0.978563606739044
300.468719482422,-0.188366651535034,0.0249920934438705,-0.097619540989399,344.007537841797,17.9686031341553,359.565460205078,-0.137986719608307,0.154123365879059,0.0180144254118204,0.978202998638153
301.032440185547,-0.189459905028343,0.0243922770023346,-0.0888615176081657,344.372161865234,18.1069946289063,359.797119140625,-0.134538248181343,0.155657574534416,0.0196615029126406,0.978408753871918
301.592102050781,-0.192583456635475,0.0223013460636139,-0.0780188664793968,345.737152099609,17.931245803833,0.266535550355911,-0.122268825769424,0.154921054840088,0.0216268002986908,0.980092883110046
302.171112060547,-0.191709876060486,0.0221871137619019,-0.0731709152460098,346.048553466797,18.2940902709961,0.292985618114471,-0.119500622153282,0.158098086714745,0.0218120887875557,0.979922890663147
302.717041015625,-0.183303788304329,0.0240759141743183,-0.081248976290226,344.459411621094,22.1017932891846,359.510467529297,-0.133505031466484,0.189352303743362,0.0217610988765955,0.972547471523285
303.220642089844,-0.17620587348938,0.0240181665867567,-0.088067501783371,344.739837646484,23.4939403533936,358.571563720703,-0.132501170039177,0.200151309370995,0.0149340433999896,0.970649242401123
303.778259277344,-0.178332567214966,0.0245725326240063,-0.0960249602794647,344.222595214844,23.3126983642578,357.9365234375,-0.138000413775444,0.197676405310631,0.0102575290948153,0.970450818538666
304.346008300781,-0.180780485272408,0.0247208420187235,-0.0978337079286575,344.224731445313,23.169979095459,358.279754638672,-0.137406021356583,0.196880847215652,0.0129891792312264,0.970664143562317
304.918151855469,-0.178804263472557,0.0240406133234501,-0.0965214520692825,344.548950195313,23.1767520904541,358.088958740234,-0.134988710284233,0.19683213531971,0.0108118504285812,0.971039772033691
305.486785888672,-0.180199459195137,0.0231305360794067,-0.089212104678154,345.103973388672,22.3656997680664,358.575073242188,-0.129546850919724,0.190708309412003,0.013042408041656,0.972973763942719
305.998992919922,-0.181572079658508,0.022823428735137,-0.0828218460083008,345.456512451172,22.2960319519043,358.815093994141,-0.126163452863693,0.190494850277901,0.0144080556929111,0.973440766334534
306.573150634766,-0.181498393416405,0.0228969901800156,-0.0826700702309608,345.34423828125,21.9828777313232,358.934295654297,-0.126960679888725,0.187932476401329,0.0152625367045403,0.973822116851807
307.081329345703,-0.179845079779625,0.0222469586879015,-0.0815987586975098,345.665344238281,22.028923034668,358.888305664063,-0.124302320182323,0.188366830348969,0.0143885035067797,0.974094390869141
307.602569580078,-0.18257363140583,0.0222659651190042,-0.0794682800769806,345.598419189453,21.7695140838623,359.202392578125,-0.124392852187157,0.186483547091484,0.0168879311531782,0.974404990673065
308.116271972656,-0.184497624635696,0.0222372896969318,-0.076176680624485,345.740631103516,21.5196018218994,359.377075195313,-0.122938558459282,0.184582978487015,0.0178719013929367,0.974933803081512
308.653686523438,-0.183883294463158,0.0215176157653332,-0.0725998803973198,345.961547851563,21.5242195129395,359.336944580078,-0.121123470366001,0.184634402394295,0.017176752910018,0.975163698196411
309.240753173828,-0.181647643446922,0.0214064549654722,-0.0722907036542892,346.163360595703,21.6391372680664,359.335815429688,-0.119391083717346,0.185661137104034,0.0169593300670385,0.975186228752136
309.806640625,-0.179471880197525,0.0221875067800283,-0.0835739150643349,345.852966308594,21.222412109375,358.898406982422,-0.122788183391094,0.18157009780407,0.0132982479408383,0.975591361522675
310.314971923828,-0.179475367069244,0.0207249317318201,-0.0954207554459572,345.919525146484,20.3963584899902,358.0849609375,-0.123549528419971,0.173678144812584,0.0053747296333313,0.977006912231445
310.909973144531,-0.149556413292885,0.0222132280468941,-0.111993387341499,343.526336669922,25.0360717773438,355.03466796875,-0.149020045995712,0.208251401782036,-0.0108280824497342,0.966595649719238
311.480865478516,-0.144112661480904,0.0249603893607855,-0.114797189831734,341.927185058594,25.063814163208,355.173095703125,-0.16220785677433,0.207643806934357,-0.00654719118028879,0.964639723300934
312.051971435547,-0.146976783871651,0.0250487271696329,-0.10828023403883,342.162078857422,25.1758041381836,355.407897949219,-0.159814894199371,0.209067210555077,-0.00486589083448052,0.9647416472435
312.637817382813,-0.154410615563393,0.0247700829058886,-0.10536665469408,342.190612792969,24.5219478607178,356.141937255859,-0.158237114548683,0.204594701528549,0.000356308097252622,0.965972065925598
313.206115722656,-0.154830694198608,0.0242784228175879,-0.101462922990322,342.529510498047,24.2226467132568,356.401977539063,-0.154925718903542,0.202614307403564,0.00150945654604584,0.966924607753754
313.7880859375,-0.156923532485962,0.0246986150741577,-0.100135438144207,342.436218261719,24.3366031646729,356.5576171875,-0.15543295443058,0.203736275434494,0.00314973783679307,0.966603457927704
314.360900878906,-0.154741838574409,0.0239993799477816,-0.0934677198529243,343.032867431641,24.8297595977783,356.334808349609,-0.150802418589592,0.207920372486115,0.000810406869277358,0.966450750827789
314.935546875,-0.155532255768776,0.0236061587929726,-0.0947265774011612,343.149108886719,25.0651512145996,356.209350585938,-0.150052219629288,0.209804743528366,-0.000159898423589766,0.966160595417023
315.442138671875,-0.155162394046783,0.0233334582298994,-0.0925282314419746,343.228759765625,25.0091571807861,356.195007324219,-0.149408176541328,0.209358051419258,-0.000506352400407195,0.966357171535492
316.010833740234,-0.157865673303604,0.0236030593514442,-0.0884106755256653,343.395050048828,24.6384563446045,356.207916259766,-0.147982031106949,0.206338986754417,-0.00119364459533244,0.967224955558777
316.571502685547,-0.158330425620079,0.0243762321770191,-0.0946287289261818,343.560516357422,25.2811241149902,356.407867431641,-0.146224483847618,0.212107211351395,0.00100305769592524,0.966244220733643
317.132537841797,-0.16069658100605,0.0248722434043884,-0.102244801819324,343.292602539063,25.2840061187744,356.753387451172,-0.147838443517685,0.212433815002441,0.00443566311150789,0.965917229652405
317.645080566406,-0.163234531879425,0.0245141759514809,-0.0952962264418602,343.392059326172,24.8037376403809,357.207855224609,-0.146190449595451,0.209015861153603,0.00746295368298888,0.966894567012787
318.156768798828,-0.165043279528618,0.023908456787467,-0.0836309194564819,343.896118164063,25.1933078765869,357.286560058594,-0.141773566603661,0.212639078497887,0.00765970954671502,0.966760694980621
318.725463867188,-0.168201982975006,0.0239914804697037,-0.08396827429533,343.800262451172,24.8372745513916,357.505706787109,-0.142203539609909,0.209862276911736,0.00924983993172646,0.967290282249451
319.306823730469,-0.164410844445229,0.0242180917412043,-0.0909195318818092,343.706817626953,24.7955856323242,357.216705322266,-0.143522456288338,0.209107145667076,0.00693417945876718,0.967278361320496
319.80859375,-0.163807481527328,0.0244013983756304,-0.0886236950755119,343.529876708984,24.6912384033203,357.166015625,-0.145112201571465,0.208078846335411,0.00670769670978189,0.967264533042908
320.310546875,-0.164737418293953,0.0239102281630039,-0.0786023437976837,343.948547363281,24.6987934112549,357.58740234375,-0.140815317630768,0.20885968208313,0.00949004665017128,0.967707931995392
320.877258300781,-0.165901750326157,0.0231781024485826,-0.0647446662187576,344.207061767578,24.1688461303711,357.645141601563,-0.138571813702583,0.20456337928772,0.00885280501097441,0.968954741954803
321.393524169922,-0.163954958319664,0.0225998256355524,-0.0585240386426449,344.854309082031,24.210880279541,357.784149169922,-0.132851511240005,0.205351918935776,0.00889112614095211,0.969588577747345
321.894378662109,-0.164471879601479,0.0226434245705605,-0.064652107656002,344.632354736328,24.0749607086182,357.590026855469,-0.135083734989166,0.20388326048851,0.00749606918543577,0.96960186958313
322.459991455078,-0.164600849151611,0.023195082321763,-0.0732171013951302,344.442199707031,24.0251922607422,357.688934326172,-0.136518329381943,0.203499808907509,0.00862111523747444,0.969472169876099
322.976776123047,-0.164970308542252,0.024456238374114,-0.0803849250078201,343.883544921875,22.6895027160645,356.819793701172,-0.14279206097126,0.190880879759789,0.000626286724582314,0.971171736717224
323.543395996094,-0.171769678592682,0.0237544979900122,-0.0803129449486732,344.056365966797,22.2270393371582,357.774444580078,-0.139766618609428,0.188211992383003,0.00785516668111086,0.972100734710693
324.119354248047,-0.171837612986565,0.0248667951673269,-0.0786949321627617,343.377777099609,22.6212730407715,357.793884277344,-0.145450547337532,0.191303789615631,0.00966603495180607,0.97064596414566
324.6982421875,-0.171544790267944,0.0252277851104736,-0.0788979306817055,343.490509033203,22.905460357666,357.940734863281,-0.144224315881729,0.19394189119339,0.0110741471871734,0.970290303230286
325.261444091797,-0.172193720936775,0.0259470753371716,-0.0898695215582848,342.986724853516,22.5296497344971,357.625854492188,-0.149045422673225,0.190148130059242,0.00879572704434395,0.970335960388184
325.761779785156,-0.173536375164986,0.0262861009687185,-0.0944886580109596,342.675598144531,22.4443016052246,357.594573974609,-0.151734754443169,0.189250513911247,0.00895040947943926,0.970093131065369
326.330230712891,-0.172924622893333,0.026015842333436,-0.0922861322760582,343.044342041016,22.6634693145752,357.329864501953,-0.149041533470154,0.190921485424042,0.00636453321203589,0.970203638076782
326.921752929688,-0.176519885659218,0.0260250680148602,-0.103246033191681,342.317504882813,22.4246864318848,357.705627441406,-0.154580190777779,0.189078345894814,0.0104744713753462,0.969662129878998
327.490051269531,-0.174464672803879,0.0258996281772852,-0.107230506837368,342.577392578125,22.2043647766113,357.348693847656,-0.152985081076622,0.186848700046539,0.00671642273664474,0.970380365848541
328.0009765625,-0.179629296064377,0.0234354734420776,-0.0983080714941025,344.334228515625,19.645414352417,357.93603515625,-0.137308478355408,0.166562303900719,0.00566545082256198,0.97640734910965
328.523010253906,-0.177384406328201,0.0229724645614624,-0.105061575770378,344.823791503906,20.0922374725342,357.933319091797,-0.133123114705086,0.170540198683739,0.00542910071089864,0.976301610469818
329.051300048828,-0.175842463970184,0.0225504003465176,-0.101511426270008,345.023010253906,20.1035537719727,357.706146240234,-0.131764814257622,0.170446127653122,0.00320147164165974,0.976512134075165
329.571228027344,-0.176464855670929,0.0223928820341825,-0.097250685095787,345.166564941406,20.2989139556885,357.745513916016,-0.130478039383888,0.172208622097969,0.00353965838439763,0.976374506950378
330.090362548828,-0.1795614361763,0.022348441183567,-0.0922639667987823,345.504638671875,20.2923889160156,357.978759765625,-0.127248898148537,0.172535344958305,0.00499750208109617,0.976736545562744
330.669586181641,-0.181188851594925,0.022354144603014,-0.0913999825716019,345.429565429688,20.0500965118408,358.351257324219,-0.12734392285347,0.170858919620514,0.00801882147789001,0.976998746395111
331.198455810547,-0.182739034295082,0.0233775712549686,-0.096278004348278,344.693695068359,19.8952217102051,358.286529541016,-0.133719056844711,0.169228360056877,0.00840682536363602,0.976427316665649
331.774658203125,-0.177255272865295,0.0223853755742311,-0.0930534824728966,345.049926757813,20.0007343292236,357.787658691406,-0.131417736411095,0.169673293828964,0.00373695325106382,0.976691544055939
332.301879882813,-0.177755445241928,0.0204364620149136,-0.0798138678073883,346.481719970703,19.8230609893799,358.028686523438,-0.118862345814705,0.168911322951317,0.00342806847766042,0.978431880474091
332.804992675781,-0.184520974755287,0.0182259622961283,-0.0752462968230247,347.724487304688,19.1486740112305,358.628387451172,-0.107401743531227,0.164099916815758,0.0060474663041532,0.980560839176178
333.378967285156,-0.177575841546059,0.0182929057627916,-0.0834476500749588,347.120788574219,18.8814582824707,356.719848632813,-0.115256324410439,0.159759059548378,-0.00966595392674208,0.980356872081757
333.882690429688,-0.175522893667221,0.019046364352107,-0.0946482792496681,346.521728515625,18.3698081970215,356.358093261719,-0.120823234319687,0.154757052659988,-0.0124302292242646,0.980457842350006
334.386077880859,-0.17274834215641,0.019339457154274,-0.10176045447588,346.332397460938,18.5753059387207,355.841552734375,-0.123166471719742,0.15587854385376,-0.0163599364459515,0.979930758476257
334.909606933594,-0.172591000795364,0.0186877436935902,-0.097251370549202,346.807159423828,18.2169628143311,355.843383789063,-0.119054824113846,0.15303935110569,-0.0173978544771671,0.980868101119995
335.486114501953,-0.172600910067558,0.0174633339047432,-0.0925156250596046,347.659332275391,18.7866802215576,355.741516113281,-0.111998826265335,0.158213838934898,-0.018912497907877,0.980850100517273
336.057037353516,-0.173733800649643,0.0174785722047091,-0.0895012393593788,347.732269287109,18.3700332641602,355.904357910156,-0.11108560115099,0.15483857691288,-0.0180284027010202,0.98150908946991
336.563537597656,-0.175466418266296,0.0172323826700449,-0.0898718908429146,347.889038085938,17.9099769592285,355.881011962891,-0.109700955450535,0.150945112109184,-0.0188909620046616,0.98225474357605
337.144683837891,-0.174833834171295,0.0174798164516687,-0.0839977711439133,348.115966796875,17.8197422027588,356.048278808594,-0.107523404061794,0.150430649518967,-0.0178553741425276,0.982593774795532
337.708099365234,-0.174190774559975,0.017564881592989,-0.078970193862915,348.208068847656,18.0441932678223,356.414916992188,-0.106281414628029,0.152736008167267,-0.0146296303719282,0.982426583766937
338.279357910156,-0.172821342945099,0.0178191401064396,-0.0809061452746391,347.979736328125,18.2197170257568,356.193176269531,-0.108556598424911,0.153936967253685,-0.0160470064729452,0.981968104839325
338.780700683594,-0.171481981873512,0.0169737134128809,-0.0803060531616211,348.245422363281,17.2706241607666,356.004089355469,-0.10638289898634,0.145735144615173,-0.0189221799373627,0.983405292034149
339.28515625,-0.165995493531227,0.0159180518239737,-0.0776459649205208,348.747192382813,17.3013210296631,355.130554199219,-0.10319746285677,0.145432248711586,-0.0270623974502087,0.983599185943604
339.793365478516,-0.164635926485062,0.0154434852302074,-0.0739448070526123,348.958374023438,17.1997299194336,355.034790039063,-0.101483538746834,0.144579216837883,-0.0282576158642769,0.983869671821594
340.366027832031,-0.164675399661064,0.0151258297264576,-0.0724285393953323,349.260925292969,17.4262847900391,355.068176269531,-0.0989025384187698,0.146703407168388,-0.0281788129359484,0.98382031917572
340.946380615234,-0.162764146924019,0.0151397585868835,-0.0733978226780891,349.295501708984,17.3270301818848,354.865264892578,-0.098839670419693,0.145693406462669,-0.0300533603876829,0.983921229839325
341.525268554688,-0.162446066737175,0.0146871376782656,-0.0726927518844604,349.386535644531,17.2890148162842,354.872009277344,-0.0980405360460281,0.145418852567673,-0.0301502887159586,0.984038829803467
342.107849121094,-0.163000792264938,0.0143223460763693,-0.0695477649569511,349.572509765625,17.2137928009033,354.942321777344,-0.0963362902402878,0.144925758242607,-0.0298586748540401,0.98428875207901
342.682830810547,-0.163099706172943,0.0144297406077385,-0.0702823847532272,349.734832763672,16.9772167205811,354.977142333984,-0.094838060438633,0.143002584576607,-0.0299719944596291,0.98471200466156
343.267639160156,-0.16085097193718,0.0149464318528771,-0.0760071128606796,349.536651611328,16.9633483886719,354.702056884766,-0.0968776345252991,0.142553582787514,-0.0320864915847778,0.984511911869049
343.850982666016,-0.16263835132122,0.0171114355325699,-0.0806017518043518,348.813659667969,16.4402503967285,354.592163085938,-0.10306840389967,0.137586817145348,-0.0325482785701752,0.984574735164642
344.433135986328,-0.165363386273384,0.016577860340476,-0.0804768651723862,349.011779785156,16.3619155883789,355.011932373047,-0.100843206048012,0.137388154864311,-0.0292633809149265,0.984935998916626
344.942443847656,-0.168117210268974,0.0173849109560251,-0.0827769041061401,348.616119384766,16.7932052612305,355.563171386719,-0.103667750954628,0.14139749109745,-0.0236334670335054,0.984226226806641
345.443664550781,-0.18079049885273,0.019527830183506,-0.0785341709852219,346.819213867188,16.9982070922852,1.23039305210114,-0.11192736774683,0.14802759885788,0.0275103468447924,0.98224401473999
345.946716308594,-0.182919025421143,0.0184686481952667,-0.070346936583519,347.179748535156,16.2276592254639,0.28793653845787,-0.110174268484116,0.140535086393356,0.0182295087724924,0.983757734298706
346.526550292969,-0.174314320087433,0.017295690253377,-0.0657912492752075,348.322387695313,16.7664089202881,358.902465820313,-0.102027527987957,0.14406606554985,0.00540459016337991,0.98427951335907
347.029907226563,-0.176420792937279,0.0177474748343229,-0.0719047859311104,348.024688720703,17.1666240692139,358.960021972656,-0.104488633573055,0.147490918636322,0.00664326408877969,0.983506202697754
347.537078857422,-0.17918236553669,0.018088236451149,-0.0769869759678841,347.914916992188,17.0792198181152,358.987579345703,-0.105400435626507,0.146742597222328,0.0069422391243279,0.983518779277802
348.038330078125,-0.178477481007576,0.019827987998724,-0.0839705094695091,347.460601806641,16.2565441131592,357.971893310547,-0.11058197170496,0.13860872387886,-0.00197640666738153,0.98415207862854
348.618072509766,-0.177415043115616,0.0194890107959509,-0.0963465496897697,347.30078125,17.2237281799316,357.799713134766,-0.112185053527355,0.146694600582123,-0.00230960780754685,0.982796967029572
349.199737548828,-0.183164790272713,0.0196601040661335,-0.0974180847406387,347.042358398438,17.5081691741943,358.236236572266,-0.113835602998734,0.149487555027008,0.00205627386458218,0.982186734676361
349.711761474609,-0.182526677846909,0.0165609084069729,-0.0851650983095169,349.187744140625,17.2852649688721,358.299957275391,-0.0953539684414864,0.148204296827316,-0.000445331213995814,0.984348952770233
350.213226318359,-0.184869855642319,0.0167411509901285,-0.0846952721476555,349.446197509766,17.6429138183594,359.031982421875,-0.0921679884195328,0.151932805776596,0.00579125620424747,0.98406708240509
350.720489501953,-0.183989807963371,0.0128532210364938,-0.0841383785009384,351.826171875,17.6752529144287,359.510955810547,-0.0710769891738892,0.152942150831223,0.00674315355718136,0.98565274477005
351.227935791016,-0.183961138129234,0.014729181304574,-0.0920076444745064,350.623870849609,17.7664375305176,358.840881347656,-0.0823032483458519,0.153079718351364,0.00266007240861654,0.984776973724365
351.732604980469,-0.186038419604301,0.0150583479553461,-0.094806395471096,350.332427978516,17.4653968811035,358.693878173828,-0.0850074663758278,0.150325804948807,0.00156719761434942,0.984973847866058
352.234466552734,-0.184359863400459,0.0143393790349364,-0.0923620462417603,350.656982421875,17.3135261535645,358.607818603516,-0.0823316425085068,0.149025574326515,0.000286874012090266,0.985399842262268
352.740447998047,-0.180581048130989,0.0140974959358573,-0.0882531329989433,350.768920898438,17.4517211914063,358.140014648438,-0.0819816291332245,0.149904131889343,-0.00378457643091679,0.985288560390472
353.31982421875,-0.181064009666443,0.0139031121507287,-0.0865825787186623,351.0205078125,17.5147571563721,358.264587402344,-0.0796578079462051,0.150594428181648,-0.00300427130423486,0.985376536846161
353.830200195313,-0.183040514588356,0.0147479427978396,-0.0939823165535927,350.537719726563,17.2937984466553,358.301422119141,-0.0837544649839401,0.14860725402832,-0.00220495508983731,0.985340654850006
354.416687011719,-0.185550227761269,0.0144531568512321,-0.0982973352074623,350.24267578125,16.4165153503418,358.96484375,-0.0854561850428581,0.141488149762154,0.00323314918205142,0.98623925447464
354.992218017578,-0.186650425195694,0.0134162148460746,-0.091972179710865,350.724517822266,14.3896360397339,359.641967773438,-0.080608606338501,0.124582186341286,0.00703688059002161,0.988904476165771
355.497894287109,-0.188509941101074,0.0130305578932166,-0.0824175626039505,351.058258056641,14.9350471496582,359.762573242188,-0.0775593593716621,0.129408314824104,0.0080827372148633,0.988520443439484
356.08349609375,-0.189095690846443,0.0120709203183651,-0.0727177932858467,351.744262695313,15.1837682723999,359.728057861328,-0.0716640800237656,0.131603553891182,0.00716371182352304,0.988682687282562
356.665557861328,-0.193976536393166,0.0112653076648712,-0.0633969530463219,352.063385009766,14.7562017440796,0.586277842521667,-0.0679754167795181,0.128458142280579,0.0139486100524664,0.98928427696228
357.177917480469,-0.189337432384491,0.0121543686836958,-0.0661083906888962,351.743865966797,14.8760547637939,0.0378098823130131,-0.0713378041982651,0.129141435027122,0.00964520312845707,0.98900979757309
357.680633544922,-0.187776327133179,0.0129234082996845,-0.0772506594657898,351.396545410156,14.2500686645508,359.622650146484,-0.0748363733291626,0.123439863324165,0.00604536896571517,0.989507734775543
358.193511962891,-0.174585521221161,0.0108729163184762,-0.0937281548976898,351.365142822266,13.9777355194092,357.172180175781,-0.0776937305927277,0.119450494647026,-0.0152648687362671,0.989677846431732
358.704315185547,-0.181677922606468,0.00900913029909134,-0.0894429683685303,352.269653320313,11.6751718521118,358.558685302734,-0.0683301910758018,0.100626118481159,-0.00562823517248034,0.992559194564819
359.207580566406,-0.183531895279884,0.00755090638995171,-0.0753524452447891,353.247009277344,12.7454032897949,359.931823730469,-0.0585989281535149,0.110767923295498,0.00594707624986768,0.992099463939667
359.710144042969,-0.187135577201843,0.008152911439538,-0.0781135633587837,352.653747558594,11.5632658004761,0.472503513097763,-0.0633231699466705,0.10079237818718,0.0105475522577763,0.992834210395813
360.288177490234,-0.197069212794304,0.0111659225076437,-0.080903060734272,351.694061279297,9.654616355896,1.53220963478088,-0.0710339546203613,0.0848891735076904,0.0193819999694824,0.993666112422943
360.869812011719,-0.195177331566811,0.0147746205329895,-0.0862075537443161,349.949462890625,12.907543182373,1.55075836181641,-0.0855167433619499,0.11313708126545,0.0232399757951498,0.989619493484497
361.434234619141,-0.199223861098289,0.0127466451376677,-0.0737717300653458,351.065795898438,12.9531183242798,1.73895168304443,-0.0756743103265762,0.113615483045578,0.0238163452595472,0.99035233259201
362.015777587891,-0.201840341091156,0.012199180200696,-0.0640658512711525,351.476013183594,13.284912109375,2.04188513755798,-0.0717513039708138,0.116650298237801,0.0262444671243429,0.990230143070221
362.579284667969,-0.197692513465881,0.0120015721768141,-0.0648813471198082,351.585998535156,13.3837594985962,1.72732615470886,-0.0711003392934799,0.117301024496555,0.0234778504818678,0.990269720554352
363.088439941406,-0.194209039211273,0.0125233586877584,-0.0736511498689651,351.482574462891,13.621298789978,1.39482080936432,-0.0722913220524788,0.119149841368198,0.0208583083003759,0.990021347999573
363.61572265625,-0.19360576570034,0.0138697531074286,-0.0911351814866066,350.572570800781,13.9466638565063,0.919389247894287,-0.0805959179997444,0.121647275984287,0.0179134104400873,0.989133656024933
364.178100585938,-0.196971744298935,0.0139995384961367,-0.100648403167725,350.208770751953,13.8081083297729,1.19498908519745,-0.0834681838750839,0.12064553052187,0.0205726586282253,0.988966464996338
364.743316650391,-0.197065249085426,0.0139240771532059,-0.0977743044495583,350.271850585938,13.8928813934326,1.17681050300598,-0.0829277485609055,0.121363945305347,0.0204116776585579,0.98892730474472
365.245941162109,-0.197611957788467,0.0132869901135564,-0.0866175293922424,350.895965576172,13.8553218841553,1.40787351131439,-0.0773014724254608,0.121194489300251,0.0217293947935104,0.989375650882721
365.803497314453,-0.195440217852592,0.012126206420362,-0.0768063068389893,351.547790527344,14.1273403167725,1.1622326374054,-0.0718856826424599,0.123373307287693,0.019099548459053,0.989568948745728
366.383117675781,-0.195865869522095,0.0116149112582207,-0.0729242339730263,352.0048828125,13.5847396850586,1.12824976444244,-0.0680596530437469,0.1186598315835,0.0179975759238005,0.990436196327209
366.947357177734,-0.194665059447289,0.0126209519803524,-0.0766206830739975,351.60498046875,13.7114791870117,0.856664538383484,-0.0717794373631477,0.119589664041996,0.0161393899470568,0.99009370803833
367.523345947266,-0.189688637852669,0.0137189608067274,-0.0779869109392166,351.379730224609,14.4812631607056,359.983551025391,-0.0745738670229912,0.125669613480568,0.00933026988059282,0.989221334457397
368.103454589844,-0.191291019320488,0.0118723139166832,-0.0702125877141953,352.262786865234,14.0270805358887,0.410680621862411,-0.0665268301963806,0.122064881026745,0.0117870755493641,0.99021989107132
368.66015625,-0.190839186310768,0.0112065803259611,-0.0613361597061157,352.606842041016,14.4765911102295,0.395142823457718,-0.063525028526783,0.125953987240791,0.0115369521081448,0.989932954311371
369.245330810547,-0.192196145653725,0.0104234823957086,-0.0577612221240997,353.443817138672,14.0329666137695,0.722484350204468,-0.0559839308261871,0.122310407459736,0.0132323140278459,0.990823328495026
369.822937011719,-0.191526144742966,0.0151887517422438,-0.0698103383183479,351.024383544922,14.5577564239502,359.360992431641,-0.0783196166157722,0.125875696539879,0.00439926749095321,0.988939821720123
370.395629882813,-0.196924537420273,0.0150687452405691,-0.0775032117962837,350.830841064453,15.1310338973999,359.627746582031,-0.0796608924865723,0.130980476737022,0.00731358444318175,0.988152205944061
370.900451660156,-0.198336005210876,0.0130175948143005,-0.0745709538459778,351.759857177734,15.2788534164429,359.848724365234,-0.0713841468095779,0.132500782608986,0.00824620295315981,0.988574683666229
371.402984619141,-0.205489575862885,0.0122559098526835,-0.0722479745745659,352.104431152344,14.2587614059448,0.921451032161713,-0.0673171281814575,0.124361149966717,0.0165043659508228,0.989813268184662
371.966949462891,-0.196833685040474,0.0141074480488896,-0.0819246396422386,351.589385986328,15.6607990264893,359.768005371094,-0.0729216411709785,0.135727047920227,0.0079902708530426,0.988026738166809
372.483673095703,-0.19552817940712,0.014965103007853,-0.0904017388820648,350.971099853516,15.5705089569092,359.593109130859,-0.0784641057252884,0.134762570261955,0.00715500954538584,0.987740457057953
373.058044433594,-0.19423046708107,0.015085231512785,-0.0918683856725693,351.091125488281,16.0483074188232,359.518280029297,-0.0774901583790779,0.138844355940819,0.00669118668884039,0.987255156040192
373.641021728516,-0.195830643177032,0.014210076071322,-0.0915779620409012,351.375396728516,16.1212501525879,359.516693115234,-0.0750391110777855,0.139508634805679,0.00637946091592312,0.987352967262268
374.142120361328,-0.196881607174873,0.0139812910929322,-0.0901369005441666,351.539947509766,16.0560340881348,359.431732177734,-0.0737278237938881,0.138912975788116,0.00540404487401247,0.987541496753693
374.716094970703,-0.199197024106979,0.0132426647469401,-0.0858598724007607,352.009216308594,15.7863206863403,359.952362060547,-0.0690731033682823,0.136963859200478,0.00915768090635538,0.988122463226318
375.227508544922,-0.198436290025711,0.012700485996902,-0.087258443236351,352.417663574219,15.6745367050171,359.857757568359,-0.0656713470816612,0.135980173945427,0.00778910936787724,0.988501906394958
375.738464355469,-0.198721498250961,0.0123466327786446,-0.0871301889419556,352.685485839844,15.5035390853882,0.0822234153747559,-0.0631083026528358,0.134652152657509,0.00931332446634769,0.988837420940399
376.257171630859,-0.197585552930832,0.0121765313670039,-0.0878336802124977,352.817932128906,15.6106262207031,359.952178955078,-0.0621106028556824,0.135514885187149,0.00809348002076149,0.9887934923172
376.805023193359,-0.197672873735428,0.0116927083581686,-0.0828009098768234,352.90380859375,15.4386949539185,359.851623535156,-0.0614991411566734,0.133983820676804,0.00703203026205301,0.989048421382904
377.376831054688,-0.199671685695648,0.0112798679620028,-0.0731285735964775,353.312591552734,15.5887031555176,0.296618700027466,-0.057435967028141,0.135536149144173,0.0104701528325677,0.989050805568695
377.909057617188,-0.202214986085892,0.00979483127593994,-0.060933381319046,354.019714355469,15.5368633270264,0.542401969432831,-0.0510459579527378,0.135228797793388,0.0117344474419951,0.98942905664444
378.433471679688,-0.200691446661949,0.00761084817349911,-0.0442393459379673,354.908966064453,15.5007848739624,0.390727877616882,-0.0435476452112198,0.134873926639557,0.0093646552413702,0.989861071109772
379.011688232422,-0.204423129558563,0.00627340143546462,-0.0335377603769302,355.704406738281,15.4793043136597,1.16161739826202,-0.0357697457075119,0.134946882724762,0.0150843262672424,0.990092098712921
379.517639160156,-0.206145048141479,0.00658758589997888,-0.0351040177047253,355.687835693359,15.6592130661011,1.37713432312012,-0.0356325805187225,0.136569142341614,0.0170217901468277,0.989843130111694
380.100738525391,-0.203506052494049,0.00701521849259734,-0.0471289567649364,355.494018554688,15.6043405532837,1.00741350650787,-0.0377539694309235,0.135985299944878,0.0140396188944578,0.989891648292542
380.621215820313,-0.199231073260307,0.00827476289123297,-0.0615167394280434,354.890075683594,15.7078742980957,0.421420782804489,-0.0436573065817356,0.136673837900162,0.00973089784383774,0.989605784416199
381.182495117188,-0.203280553221703,0.00811551511287689,-0.0669949129223824,354.980346679688,15.8036317825317,0.51594203710556,-0.0427561514079571,0.137537971138954,0.0104755153879523,0.989517867565155
381.762664794922,-0.204230114817619,0.00723925558850169,-0.061272993683815,355.427886962891,15.6224918365479,0.973370790481567,-0.0383634679019451,0.136132642626762,0.0138297043740749,0.98985093832016
382.332336425781,-0.200905561447144,0.00789034459739923,-0.064764678478241,355.201721191406,15.470778465271,0.595783531665802,-0.0407799519598484,0.134694114327431,0.0107816318050027,0.989989042282104
382.83984375,-0.202901244163513,0.00891841948032379,-0.0703171044588089,354.785400390625,15.4000978469849,0.615634202957153,-0.0443603619933128,0.134088590741158,0.011413462460041,0.989910185337067
383.417999267578,-0.204093605279922,0.00964744202792645,-0.0728453025221825,354.289794921875,15.4921178817749,0.629571735858917,-0.0486155264079571,0.134884595870972,0.0121506098657846,0.989593386650085
383.985382080078,-0.201969668269157,0.00922407116740942,-0.0672904551029205,354.465118408203,15.734447479248,0.435844421386719,-0.0473073720932007,0.136899173259735,0.010371970012784,0.989400386810303
384.495697021484,-0.202588215470314,0.009206747636199,-0.0669570714235306,354.393402099609,15.6212167739868,0.442508965730667,-0.0479289293289185,0.135922476649284,0.0104675935581326,0.989504098892212
385.067993164063,-0.203450500965118,0.0103833330795169,-0.0757007151842117,353.783569335938,15.8501949310303,0.381564438343048,-0.0532453618943691,0.137853637337685,0.0107691129669547,0.988961756229401
385.588317871094,-0.202232733368874,0.00991787016391754,-0.0795447826385498,354.186065673828,15.1001634597778,0.349108129739761,-0.0498747378587723,0.13137623667717,0.00967971701174974,0.990029871463776
386.166931152344,-0.201594829559326,0.0103464955464005,-0.0809406489133835,353.975402832031,14.7164192199707,0.184845849871635,-0.0519110597670078,0.127979189157486,0.00832780171185732,0.990382373332977
386.667602539063,-0.197965547442436,0.00874308124184608,-0.0914453491568565,355.976989746094,13.525707244873,355.539428710938,-0.0394094623625278,0.116241998970509,-0.0344912596046925,0.991839230060577
387.245544433594,-0.205805644392967,0.00933094695210457,-0.0975495651364326,355.032318115234,12.3909397125244,356.193603515625,-0.0466415882110596,0.106329008936882,-0.0283114742487669,0.992832899093628
387.746734619141,-0.220105960965157,0.0122809652239084,-0.0831566080451012,353.330352783203,11.0224046707153,357.423828125,-0.060042604804039,0.0945518985390663,-0.0167522244155407,0.993566393852234
388.31787109375,-0.211470708250999,0.0126484585925937,-0.056843463331461,353.767669677734,11.2089958190918,357.704650878906,-0.0560429729521275,0.0964134559035301,-0.0145963476970792,0.993655204772949
388.894378662109,-0.209782987833023,0.0128058716654778,-0.0676375478506088,353.579162597656,9.7779016494751,357.549285888672,-0.0576060861349106,0.0838783159852028,-0.016501797363162,0.994672656059265
389.397064208984,-0.209975481033325,0.0130897620692849,-0.0820199325680733,353.314544677734,10.3967027664185,358.045501708984,-0.0596030130982399,0.0894462317228317,-0.011674091219902,0.994138121604919
389.972686767578,-0.205246299505234,0.0133579354733229,-0.0989948883652687,352.767150878906,12.0865135192871,357.215637207031,-0.065260261297226,0.103514641523361,-0.0174738019704819,0.992330849170685
390.549346923828,-0.213846489787102,0.0126507570967078,-0.0924374014139175,353.050689697266,12.6947860717773,358.023620605469,-0.0621297471225262,0.109297953546047,-0.0104096261784434,0.992010831832886
391.135864257813,-0.210593715310097,0.0116277150809765,-0.0809864103794098,353.788848876953,13.0416526794434,358.081390380859,-0.0557164326310158,0.112480521202087,-0.0104579478502274,0.992035508155823
391.637603759766,-0.20591638982296,0.00970999151468277,-0.0719911754131317,355.185546875,14.733904838562,358.118286132813,-0.04375284537673,0.127409189939499,-0.0108854230493307,0.990824997425079
392.147735595703,-0.203639060258865,0.00779457343742251,-0.0625249668955803,356.438537597656,16.3014793395996,358.347198486328,-0.0328013747930527,0.141251042485237,-0.00986518897116184,0.989381074905396
392.729339599609,-0.205819949507713,0.00684942631050944,-0.0525237284600735,356.882781982422,16.0135803222656,358.378173828125,-0.0289022400975227,0.138843774795532,-0.0102212894707918,0.989839673042297
393.290924072266,-0.207249730825424,0.00625500222668052,-0.0502417050302029,357.175994873047,16.0009498596191,358.589874267578,-0.0261121429502964,0.138828247785568,-0.00875240378081799,0.989933490753174
393.856475830078,-0.207285344600677,0.00661511532962322,-0.0558618530631065,356.955780029297,15.6392793655396,358.544616699219,-0.0280408840626478,0.135661974549294,-0.0089641148224473,0.990317702293396
394.452880859375,-0.206900134682655,0.00705058965831995,-0.0615785457193851,356.743286132813,15.5479135513306,358.622528076172,-0.0297785475850105,0.134862393140793,-0.00806161947548389,0.990383982658386
395.032287597656,-0.206676229834557,0.0079079233109951,-0.0708995386958122,356.353576660156,15.0806312561035,358.458312988281,-0.0333023332059383,0.130721136927605,-0.00915578100830317,0.990817368030548
395.606628417969,-0.207825690507889,0.00776460068300366,-0.0653448924422264,356.480194091797,14.7232599258423,358.652862548828,-0.0319616831839085,0.127704098820686,-0.00771851511672139,0.991267144680023
396.106811523438,-0.205505594611168,0.00645130081102252,-0.0551395490765572,357.140411376953,14.9338293075562,358.421234130859,-0.0265277437865734,0.129560053348541,-0.010413427837193,0.991162061691284
396.678131103516,-0.208850607275963,0.0058077285066247,-0.0480878390371799,357.32666015625,15.0121908187866,358.874938964844,-0.0244082044810057,0.130362764000893,-0.00668383901938796,0.991143345832825
397.18701171875,-0.207086384296417,0.00592902861535549,-0.0487665049731731,357.451293945313,15.0452060699463,358.741455078125,-0.0234846733510494,0.130634874105453,-0.00797408167272806,0.991120278835297
397.696990966797,-0.204228386282921,0.00661321077495813,-0.0605506375432014,357.019470214844,15.118236541748,358.488952636719,-0.0275129433721304,0.131153210997581,-0.0096460459753871,0.990933299064636
398.266784667969,-0.204143464565277,0.00781176798045635,-0.0727352648973465,356.369934082031,14.7939510345459,358.348999023438,-0.0332600399851799,0.128212779760361,-0.010202931240201,0.991136312484741
398.844970703125,-0.2046979367733,0.00828613620251417,-0.0766547024250031,356.058776855469,15.3731803894043,358.270690917969,-0.0360913723707199,0.133145660161972,-0.0103472415357828,0.990385055541992
399.345581054688,-0.205020621418953,0.0063680368475616,-0.06406220048666,356.964935302734,15.6867113113403,358.589904785156,-0.027911713346839,0.136084213852882,-0.00857201125472784,0.990266919136047
399.915954589844,-0.204300567507744,0.00612112646922469,-0.0581116415560246,357.248779296875,15.6208753585815,358.736572265625,-0.0252803023904562,0.13558641076088,-0.0076575237326324,0.99041336774826
400.468078613281,-0.19999261200428,0.00611138297244906,-0.0586990416049957,357.459533691406,15.7641487121582,358.31298828125,-0.0239745136350393,0.136762827634811,-0.0115390764549375,0.990246474742889
400.968353271484,-0.198220834136009,0.00653969682753086,-0.0662544742226601,357.220123291016,15.80442237854,358.199920654297,-0.0261822938919067,0.137047961354256,-0.0122197438031435,0.990142941474915
401.541046142578,-0.197414368391037,0.00670018373057246,-0.0725725069642067,357.115600585938,15.5865020751953,358.081878662109,-0.0272014252841473,0.135119542479515,-0.013165813870728,0.990368366241455
402.047485351563,-0.19732940196991,0.00725453812628984,-0.071383960545063,356.909973144531,15.5992946624756,358.142517089844,-0.0289083644747734,0.135209321975708,-0.0123945539817214,0.990317702293396
402.611267089844,-0.195015579462051,0.00760110653936863,-0.0625782832503319,356.917083740234,15.7104721069336,357.770965576172,-0.0293002668768167,0.136077001690865,-0.0155854169279337,0.990142285823822
403.176696777344,-0.193503648042679,0.0100416718050838,-0.0600401349365711,355.649658203125,15.8609018325806,357.629730224609,-0.0404354110360146,0.137064546346664,-0.0152350133284926,0.989619255065918
403.760345458984,-0.190980657935143,0.0105336802080274,-0.0697312131524086,355.237884521484,16.3657455444336,357.231048583984,-0.0445463806390762,0.141175091266632,-0.0179831776767969,0.988818407058716
404.350250244141,-0.190652802586555,0.0115857319906354,-0.0798437297344208,354.559020996094,15.4077472686768,356.990631103516,-0.050535049289465,0.132620841264725,-0.0196319278329611,0.989683032035828
404.930969238281,-0.193707391619682,0.0117568979039788,-0.0823437422513962,354.443145751953,15.5753173828125,357.190551757813,-0.0513299778103828,0.134124845266342,-0.0176937188953161,0.989475965499878
405.503509521484,-0.194168344140053,0.0117119681090117,-0.0809171050786972,354.513031005859,15.0795621871948,357.321929931641,-0.0505004078149796,0.129919499158859,-0.0168610438704491,0.990094125270844
406.066925048828,-0.19485729932785,0.010430296882987,-0.0771069675683975,355.021636962891,15.8213567733765,357.046356201172,-0.0465469025075436,0.136344954371452,-0.0195277277380228,0.98937463760376
406.658538818359,-0.199969157576561,0.00986901205033064,-0.0744063258171082,355.384002685547,14.6314916610718,357.426788330078,-0.0427901446819305,0.126304939389229,-0.0171260833740234,0.990920186042786
407.232147216797,-0.195216953754425,0.00947643164545298,-0.0723658353090286,355.720764160156,15.2090950012207,356.896026611328,-0.0405744165182114,0.13119201362133,-0.0218882188200951,0.990284442901611
407.808837890625,-0.197442784905434,0.00861974153667688,-0.0705243870615959,356.013153076172,15.0730819702148,357.332855224609,-0.0375255607068539,0.130241051316261,-0.0184969827532768,0.99059933423996
408.369995117188,-0.198620676994324,0.00898312777280807,-0.0730200484395027,355.949493408203,15.1630506515503,357.361907958984,-0.0380569249391556,0.13101302087307,-0.0181427430361509,0.990483820438385
408.876434326172,-0.198233306407928,0.00954141654074192,-0.0788614228367805,355.64111328125,15.1419153213501,357.228668212891,-0.0408705733716488,0.130708515644073,-0.0189449228346348,0.990396916866302
409.451751708984,-0.195534631609917,0.00959046930074692,-0.0859491378068924,355.531982421875,15.7510566711426,357.041046142578,-0.0421354249119759,0.13587474822998,-0.0202163569629192,0.989623129367828
409.964874267578,-0.198166698217392,0.00923669338226318,-0.0964917093515396,355.360046386719,15.6371545791626,357.133758544922,-0.0434908606112003,0.134879782795906,-0.0192523095756769,0.989719867706299
410.561004638672,-0.198964953422546,0.0088755814358592,-0.0846787914633751,355.639923095703,15.4330739974976,357.543426513672,-0.0405627340078354,0.133336171507835,-0.01611995883286,0.990109264850616
411.114685058594,-0.196995675563812,0.00685974210500717,-0.0666393041610718,356.71826171875,15.7905502319336,357.669738769531,-0.031149335205555,0.136701390147209,-0.0162005219608545,0.989989876747131
411.706207275391,-0.19925582408905,0.00697320001199841,-0.0600988566875458,356.745819091797,15.8499011993408,357.818939208984,-0.0307409074157476,0.137260064482689,-0.0149287199601531,0.989945352077484
412.276611328125,-0.20398473739624,0.00722018256783485,-0.0635770335793495,356.418823242188,15.7113037109375,358.194641113281,-0.0331016555428505,0.136106491088867,-0.0113283675163984,0.990076243877411
412.840057373047,-0.199817523360252,0.00781204458326101,-0.0684358775615692,355.844543457031,15.8180627822876,357.676147460938,-0.0386914387345314,0.136753737926483,-0.0150843150913715,0.98973423242569
413.408477783203,-0.202063262462616,0.00778867537155747,-0.0666501075029373,355.879608154297,15.0598077774048,358.189270019531,-0.0377043262124062,0.130379423499107,-0.010944128036499,0.990686535835266
413.972015380859,-0.197536885738373,0.00893555674701929,-0.0734317824244499,355.468017578125,15.5739879608154,357.570068359375,-0.0420359410345554,0.134523659944534,-0.015635684132576,0.989894926548004
414.530487060547,-0.201017305254936,0.0122990701347589,-0.0880938097834587,353.305023193359,14.884449005127,358.035064697266,-0.0601082928478718,0.128293588757515,-0.00941078085452318,0.98986828327179
415.099487304688,-0.204583719372749,0.014638239517808,-0.100992187857628,351.488372802734,14.2255439758301,358.08251953125,-0.0756944566965103,0.122231811285019,-0.00737028010189533,0.989583432674408
415.664764404297,-0.206669598817825,0.0128943733870983,-0.0831507444381714,352.93212890625,13.7439413070679,359.130706787109,-0.0621010176837444,0.118955977261066,-0.000142126329592429,0.990955650806427
416.223815917969,-0.198279052972794,0.0112642664462328,-0.0629662945866585,354.027770996094,14.5794248580933,358.579040527344,-0.0532400608062744,0.126063734292984,-0.005673554725945,0.990576207637787
416.783203125,-0.198304936289787,0.0114809107035398,-0.0559251010417938,353.999389648438,14.1326713562012,358.638366699219,-0.0533997379243374,0.122223906219006,-0.00533719453960657,0.991050601005554
417.346069335938,-0.201438963413239,0.0148486122488976,-0.0635100901126862,352.085662841797,13.5620775222778,358.416229248047,-0.0701493173837662,0.11683551222086,-0.00554340705275536,0.990655243396759
417.913482666016,-0.206510871648788,0.0144281685352325,-0.073675662279129,352.486389160156,13.0716772079468,358.815338134766,-0.0662666484713554,0.112901046872139,-0.00279105734080076,0.991390109062195
418.487670898438,-0.208081021904945,0.0137751251459122,-0.0801470577716827,352.917388916016,12.6182126998901,358.784423828125,-0.0625539794564247,0.109025031328201,-0.0037359488196671,0.992061793804169
419.035888671875,-0.208478733897209,0.014180994592607,-0.0800027251243591,352.497131347656,12.6719541549683,358.993957519531,-0.0659927129745483,0.109546802937984,-0.00148676568642259,0.991787433624268
419.612487792969,-0.207941561937332,0.0146359857171774,-0.0819904655218124,352.447082519531,12.4915342330933,359.201263427734,-0.0662281289696693,0.108098194003105,0.000251452729571611,0.991931736469269
420.117492675781,-0.206371381878853,0.0152642726898193,-0.0887046009302139,352.207336425781,12.6838102340698,358.836303710938,-0.0686511471867561,0.10951441526413,-0.00256401323713362,0.991608321666718
420.679016113281,-0.208593279123306,0.0150422025471926,-0.0928782522678375,352.169006347656,12.8304529190063,359.003509521484,-0.06882444024086,0.110877931118011,-0.00099173141643405,0.991447627544403
421.242431640625,-0.209798946976662,0.0146566480398178,-0.0909979939460754,352.151000976563,13.2435359954834,358.902313232422,-0.0690841674804688,0.114387646317482,-0.00160083966329694,0.991029918193817
421.828033447266,-0.210953205823898,0.0130275413393974,-0.0719914510846138,353.248779296875,12.7933330535889,359.247192382813,-0.0592441596090794,0.110831007361412,4.27591148763895E-05,0.992071866989136
422.396362304688,-0.205702528357506,0.0119432853534818,-0.0641174018383026,354.336486816406,12.9887828826904,358.539031982422,-0.050522543489933,0.112332850694656,-0.00706449709832668,0.992360293865204
422.960662841797,-0.210139736533165,0.0121875628829002,-0.0739345252513885,353.862274169922,12.9865283966064,359.174560546875,-0.0540048480033875,0.112538136541843,-0.00109267432708293,0.99217814207077
423.501251220703,-0.207605674862862,0.0137245180085301,-0.0899646282196045,352.917724609375,13.3433513641357,358.803253173828,-0.0625546127557755,0.115310937166214,-0.00317741418257356,0.991352736949921
424.066558837891,-0.206690818071365,0.01350103225559,-0.0872796326875687,353.180969238281,13.4881706237793,358.673278808594,-0.0604138150811195,0.116535387933254,-0.00449343398213387,0.991337239742279
424.653961181641,-0.205602124333382,0.012127410620451,-0.0785537958145142,353.864868164063,13.2710218429565,358.803802490234,-0.0543566048145294,0.114826083183289,-0.00417046854272485,0.991888582706451
425.2236328125,-0.205273911356926,0.011441407725215,-0.0713072791695595,354.175720214844,12.7824153900146,358.636779785156,-0.0518076345324516,0.110564194619656,-0.00615179678425193,0.992498695850372
425.738555908203,-0.20976248383522,0.0106684537604451,-0.0679299533367157,354.456390380859,12.3419666290283,359.317718505859,-0.0487163849174976,0.107081949710846,-0.000714346882887185,0.993055760860443
426.310455322266,-0.210774898529053,0.0112762711942196,-0.0759699195623398,354.202575683594,12.4730472564697,359.342651367188,-0.0508927367627621,0.108203895390034,-0.000201761766220443,0.992825150489807
426.841766357422,-0.206717222929001,0.0116422707214952,-0.0823845788836479,353.975006103516,12.7640676498413,358.816131591797,-0.0533721707761288,0.110458210110664,-0.00441145012155175,0.99243688583374
427.356109619141,-0.20307494699955,0.0144164860248566,-0.0893828198313713,352.659423828125,12.9805555343628,357.670288085938,-0.0658846199512482,0.111486434936523,-0.0129231866449118,0.991495370864868
427.857940673828,-0.204996809363365,0.0141767971217632,-0.0868593081831932,352.560302734375,12.6943664550781,357.916717529297,-0.0664752423763275,0.109129451215267,-0.0108583448454738,0.991742849349976
428.433898925781,-0.204841211438179,0.0127156330272555,-0.0755241215229034,353.349395751953,13.0028505325317,358.013031005859,-0.0595830902457237,0.112021021544933,-0.0106315426528454,0.991860926151276
429.013061523438,-0.206468418240547,0.0100256064906716,-0.0662157237529755,354.861480712891,13.136212348938,358.531616210938,-0.04599329829216,0.113689184188843,-0.00758969504386187,0.992422223091125
429.600708007813,-0.207594618201256,0.0096606807783246,-0.0652849227190018,355.101379394531,13.0692358016968,358.760620117188,-0.0436850972473621,0.11323369294405,-0.0058720544911921,0.992590188980103
430.168365478516,-0.207114174962044,0.00968455243855715,-0.0616002045571804,355.178588867188,13.2445011138916,358.964904785156,-0.0428207404911518,0.114838741719723,-0.00411409139633179,0.992452263832092
430.673034667969,-0.206080377101898,0.00928604416549206,-0.0584185756742954,355.421234130859,13.7511739730835,359.0546875,-0.0406447127461433,0.119287043809891,-0.00340136745944619,0.992021679878235
431.175170898438,-0.20572866499424,0.0081168320029974,-0.0565555915236473,355.788482666016,13.5839576721191,359.077301025391,-0.0374366901814938,0.1178874745965,-0.00364466244354844,0.992314398288727
431.677581787109,-0.205723568797112,0.00808654632419348,-0.0557500161230564,355.884307861328,13.6739559173584,359.070404052734,-0.0366170890629292,0.118674874305725,-0.00377478427253664,0.992250561714172
432.180358886719,-0.207443282008171,0.00790607649832964,-0.0550167746841908,356.131622314453,13.6020679473877,359.35986328125,-0.0341746211051941,0.118165366351604,-0.0015468206256628,0.992404520511627
432.761291503906,-0.207798883318901,0.00816590990871191,-0.0602947697043419,356.013031005859,13.4466876983643,359.228973388672,-0.0353331379592419,0.116769425570965,-0.00260558654554188,0.992526948451996
433.268371582031,-0.205726787447929,0.00917934160679579,-0.0690001472830772,355.351226806641,13.3971605300903,359.091552734375,-0.0412029437720776,0.11622716486454,-0.00313633983023465,0.99236273765564
433.851898193359,-0.175180867314339,0.0260424446314573,-0.0969896614551544,342.630249023438,28.5060863494873,358.835205078125,-0.148818045854568,0.24188157916069,0.0274362172931433,0.958432972431183
434.414215087891,-0.161505147814751,0.0117029249668121,-0.0770629048347473,352.060546875,17.4238376617432,355.185577392578,-0.0747168213129044,0.14809550344944,-0.0309406444430351,0.985661089420319
434.924652099609,-0.167044624686241,0.00731027312576771,-0.0764309242367744,354.924652099609,12.4778661727905,354.919464111328,-0.0487827770411968,0.106510825455189,-0.0392088182270527,0.992339849472046
435.430480957031,-0.176244601607323,0.00972205400466919,-0.0873122438788414,353.811126708984,11.0882558822632,355.184539794922,-0.0577347129583359,0.0941291376948357,-0.0365421436727047,0.993212521076202
435.953979492188,-0.178202673792839,0.00955453142523766,-0.0937512218952179,353.511444091797,11.3754739761353,355.338104248047,-0.0602922365069389,0.0965756773948669,-0.0348021984100342,0.99288809299469
436.518096923828,-0.177171036601067,0.0100834015756845,-0.0926636904478073,353.160583496094,11.0036287307739,354.999755859375,-0.0634931474924088,0.0930254384875298,-0.0376296080648899,0.992924451828003
437.031127929688,-0.185572102665901,0.0100110992789268,-0.0897471979260445,353.218902587891,9.20386791229248,355.606384277344,-0.0619777888059616,0.0777735486626625,-0.0334001742303371,0.994482040405273
437.601715087891,-0.192271485924721,0.0105877574533224,-0.0906757265329361,353.026550292969,8.38991546630859,356.496032714844,-0.062858372926712,0.0711265057325363,-0.0259879268705845,0.995145499706268
438.102447509766,-0.199726566672325,0.0106347193941474,-0.088654987514019,352.851989746094,6.47048711776733,357.642333984375,-0.0633839145302773,0.0550335384905338,-0.0169829707592726,0.99632602930069
438.626739501953,-0.215945154428482,0.013959001749754,-0.0812051668763161,351.707061767578,3.55921077728271,359.277709960938,-0.0724652409553528,0.0305175483226776,-0.00403806380927563,0.996895790100098
439.151885986328,-0.215298309922218,0.015855997800827,-0.0826382488012314,351.205230712891,5.31455039978027,359.970550537109,-0.076603040099144,0.0462054125964642,0.00329879811033607,0.99598503112793
439.720489501953,-0.221773222088814,0.0145331742241979,-0.0807288065552711,351.509765625,4.97872114181519,0.468916386365891,-0.0737756714224815,0.0436169691383839,0.00729207368567586,0.996293902397156
440.238433837891,-0.217339366674423,0.0118543487042189,-0.0802093222737312,353.35302734375,5.94225215911865,0.169707864522934,-0.0578186064958572,0.05183120444417,0.00448140734806657,0.996970653533936
440.747985839844,-0.212110668420792,0.0117695331573486,-0.0998398214578629,353.158050537109,7.16364574432373,0.0244560725986958,-0.0595418326556683,0.0623752772808075,0.00394054688513279,0.996267318725586
441.334533691406,-0.222656726837158,0.00723443180322647,-0.0571133680641651,355.816009521484,6.17835903167725,1.31637871265411,-0.0358300842344761,0.0542694926261902,0.0134300701320171,0.997792899608612
441.899353027344,-0.216531991958618,0.00612921640276909,-0.0467573516070843,356.451995849609,6.82630252838135,0.79080057144165,-0.0304910223931074,0.0597188025712967,0.00872845575213432,0.997711300849915
442.411071777344,-0.222257167100906,0.00808447413146496,-0.0485623963177204,354.506072998047,5.43931865692139,2.42748332023621,-0.0468566417694092,0.0483980514109135,0.0234075412154198,0.99745386838913
442.994781494141,-0.198231741786003,0.014635126106441,-0.0641024336218834,348.035919189453,9.84724712371826,2.22156739234924,-0.102157860994339,0.0873571634292603,0.0281519126147032,0.990525126457214
443.569305419922,-0.197032555937767,0.0140029657632113,-0.0689313933253288,348.942810058594,9.01929187774658,1.54284417629242,-0.0949819386005402,0.0795471742749214,0.0209337677806616,0.992074847221375
444.155548095703,-0.200668483972549,0.0137759242206812,-0.0693209022283554,349.529357910156,8.42438888549805,1.29669010639191,-0.0901664793491364,0.0741690695285797,0.0179395340383053,0.992999076843262
444.692810058594,-0.195138305425644,0.00796537473797798,-0.0691407695412636,353.920471191406,11.0730314254761,359.755432128906,-0.0529871508479118,0.096231497824192,0.00299484375864267,0.993943154811859
445.203704833984,-0.189870938658714,0.0028733192011714,-0.0652094706892967,356.959625244141,9.64288711547852,357.472290039063,-0.0282820947468281,0.083417683839798,-0.0197417140007019,0.995917618274689
445.711273193359,-0.191604524850845,0.0030480541754514,-0.0604473203420639,357.13671875,8.31294727325439,357.789001464844,-0.026311706751585,0.0719636604189873,-0.0174260046333075,0.996907830238342
446.257904052734,-0.185874551534653,-0.000449398532509804,-0.0509822554886341,357.930969238281,5.96275043487549,357.144104003906,-0.0193205457180738,0.0515373945236206,-0.0239433255046606,0.998197019100189
446.810028076172,-0.175488531589508,-0.000518247717991471,-0.0514852441847324,358.179901123047,6.57342195510864,354.622009277344,-0.0185285303741693,0.0565182119607925,-0.0459219180047512,0.997172772884369
447.331939697266,-0.181447252631187,-0.00136475451290607,-0.0621105879545212,358.561920166016,6.26027965545654,356.513854980469,-0.0141856549307704,0.0541933551430702,-0.0296850148588419,0.997988343238831
447.878173828125,-0.182846128940582,0.00318345217965543,-0.0910438522696495,356.608734130859,5.5258150100708,357.507202148438,-0.0305966809391975,0.0475277490913868,-0.0202912371605635,0.998194992542267
448.407043457031,-0.181712985038757,0.00669780280441046,-0.107287682592869,355.332336425781,6.90578699111938,357.392028808594,-0.0420067049562931,0.0592373311519623,-0.0202447790652514,0.997154235839844
448.947509765625,-0.194471165537834,0.00315236067399383,-0.0872472077608109,357.563507080078,6.61164665222168,358.580535888672,-0.0219379682093859,0.0573851205408573,-0.0111374938860536,0.998048961162567
449.468109130859,-0.206274718046188,0.00173136510420591,-0.0614467039704323,357.927398681641,2.5079562664032,358.735717773438,-0.0183218903839588,0.0216798987239599,-0.0106325428932905,0.999540507793427
449.997528076172,-0.208034053444862,-0.00321991043165326,-0.0365820601582527,358.015716552734,357.403472900391,359.307922363281,-0.0171737410128117,-0.0227577388286591,-0.00642922800034285,0.999572813510895
450.530517578125,-0.20545594394207,-0.00382230011746287,-0.0293498020619154,358.375549316406,356.895233154297,359.700073242188,-0.0140993455424905,-0.0271251481026411,-0.00300026615150273,0.999528110027313
451.043273925781,-0.200533896684647,-0.00295369606465101,-0.0374504216015339,358.214263916016,356.913116455078,359.102813720703,-0.0153658883646131,-0.0270528048276901,-0.00824532750993967,0.999481916427612
451.586791992188,-0.200619056820869,0.000484432908706367,-0.0541431084275246,356.902801513672,357.717346191406,359.518524169922,-0.0269354991614819,-0.0200245846062899,-0.00473762582987547,0.99942535161972
452.103698730469,-0.176808372139931,0.0226448960602283,-0.0915432646870613,343.190124511719,19.7312870025635,359.679626464844,-0.144480049610138,0.169094875454903,0.0223192814737558,0.974697053432465
452.645355224609,-0.177421942353249,0.0211836248636246,-0.09857477247715,344.073913574219,18.8806629180908,359.313751220703,-0.137628570199013,0.161617547273636,0.0168716292828321,0.977063715457916
453.173431396484,-0.200657740235329,0.0151742314919829,-0.0907941237092018,348.191131591797,6.21829223632813,1.57730746269226,-0.101965896785259,0.0553591884672642,0.0192499328404665,0.993059813976288
453.711883544922,-0.208856880664825,0.0095558213070035,-0.0803602114319801,351.847900390625,2.22542834281921,3.1132652759552,-0.070514589548111,0.0212935730814934,0.0284710265696049,0.996876955032349
454.231506347656,-0.209622368216515,0.00820068456232548,-0.0820358097553253,352.892730712891,0.663800001144409,3.20567560195923,-0.0617957897484303,0.00751301553100348,0.0282758064568043,0.997659921646118
454.779205322266,-0.213064134120941,0.00677616242319345,-0.0825680866837502,354.452972412109,0.147830754518509,3.84346747398376,-0.0483175441622734,0.0029104866553098,0.0335573703050613,0.998263895511627
455.293151855469,-0.217780515551567,0.00684548262506723,-0.0864659324288368,354.554260253906,359.164855957031,3.76658391952515,-0.0477174334228039,-0.00571469217538834,0.0324797183275223,0.998316287994385
455.830627441406,-0.222401037812233,0.0053019798360765,-0.075983352959156,355.230072021484,359.48291015625,4.50553894042969,-0.0417581163346767,-0.00286936853080988,0.0390860289335251,0.998358845710754
456.348754882813,-0.220693856477737,0.00394320487976074,-0.0602714270353317,356.097106933594,359.694427490234,4.06933784484863,-0.0341256558895111,-0.00145446136593819,0.0353927426040173,0.998789608478546
456.930328369141,-0.216017469763756,-0.00663830107077956,-0.0438077226281166,2.35216999053955,1.82998204231262,4.25278282165527,0.0211007483303547,0.0151931010186672,0.0367639251053333,0.998985648155212
457.464721679688,-0.215920373797417,-0.00683137867599726,-0.0448615849018097,2.46836376190186,1.76717925071716,4.39466714859009,0.0221115928143263,0.0145802926272154,0.0379959419369698,0.998926818370819
457.991668701172,-0.217860162258148,-0.00610533310100436,-0.0455167181789875,2.08358311653137,1.21576261520386,4.40505743026733,0.0185749065130949,0.00990102253854275,0.0382306426763535,0.999047219753265
458.503692626953,-0.21795617043972,-0.00714693823829293,-0.0435318797826767,2.50226044654846,1.20117294788361,4.4418511390686,0.0222231168299913,0.00962554384022951,0.0385126881301403,0.998964607715607
459.018341064453,-0.220505937933922,-0.00680985487997532,-0.0470759458839893,2.51732039451599,0.655274212360382,4.71343612670898,0.0221821442246437,0.00480885291472077,0.0409847982227802,0.998901963233948
459.543884277344,-0.221764832735062,-0.00578191643580794,-0.0542285218834877,1.84412908554077,0.62731260061264,4.58436679840088,0.0162981692701578,0.00482560694217682,0.0399016737937927,0.999059021472931
460.051971435547,-0.222728699445724,-0.0056594293564558,-0.0592332929372787,1.91197848320007,0.531803131103516,4.54860734939575,0.0168552044779062,0.00397444935515523,0.0396003425121307,0.999065518379211
460.586456298828,-0.217053174972534,0.00446829060092568,-0.0672207027673721,357.016296386719,2.73670148849487,2.9698441028595,-0.025400010868907,0.0245383139699697,0.0265192072838545,0.999024271965027
461.107025146484,-0.212694689631462,0.02074970677495,-0.0859207138419151,345.026306152344,7.02274227142334,0.386950552463531,-0.129848033189774,0.0611633025109768,0.0113219963386655,0.989580869674683
461.640106201172,-0.226195648312569,0.0119409868493676,-0.0632096081972122,351.338836669922,6.43794107437134,0.701683521270752,-0.0750476643443108,0.0564523674547672,0.0103362146764994,0.99552708864212
462.17236328125,-0.221021369099617,0.00757798040285707,-0.0565270893275738,354.62548828125,6.05703926086426,0.0888534858822823,-0.0467779822647572,0.0528112165629864,0.00325050228275359,0.997502982616425
462.703582763672,-0.218577444553375,0.00681091286242008,-0.0634383782744408,355.300445556641,5.86327505111694,359.725769042969,-0.0410683713853359,0.0510032698512077,-0.000290953234070912,0.997853696346283
463.216369628906,-0.222211122512817,0.00619893101975322,-0.0684202760457993,355.418975830078,5.23639583587646,359.921661376953,-0.0399558059871197,0.0456164702773094,0.00114330055657774,0.998158991336823
463.753448486328,-0.220675095915794,0.00626017292961478,-0.0754611566662788,355.486785888672,4.99230337142944,359.932434082031,-0.0393633209168911,0.043495312333107,0.00112625758629292,0.998277246952057
464.269439697266,-0.219067916274071,0.00636540912091732,-0.0855906084179878,355.338775634766,5.33783531188965,359.641693115234,-0.0407667011022568,0.0463987998664379,-0.00122715521138161,0.998090088367462
464.779724121094,-0.219142228364944,0.00596129335463047,-0.0832224041223526,355.856811523438,5.05547857284546,359.549591064453,-0.036286111921072,0.0439319536089897,-0.00232996814884245,0.998372673988342
465.301574707031,-0.21872690320015,0.00471566850319505,-0.0722936987876892,356.518371582031,4.72504997253418,359.622924804688,-0.0304878372699022,0.0411030277609825,-0.00203401711769402,0.998687565326691
465.831604003906,-0.217233300209045,0.00618263427168131,-0.0672812759876251,355.830688476563,4.05570316314697,359.656402587891,-0.0364590659737587,0.0352527238428593,-0.00170732580590993,0.998711705207825
466.337799072266,-0.221806988120079,0.00487175770103931,-0.0653095617890358,356.597869873047,3.33092331886292,0.23815730214119,-0.0296118203550577,0.0291124954819679,0.00293926801532507,0.999133110046387
466.863739013672,-0.226159542798996,0.00440394505858421,-0.0691931843757629,356.625946044922,3.01293230056763,0.400932043790817,-0.0293375086039305,0.0263811778277159,0.00427002040669322,0.999212265014648
467.3759765625,-0.227662935853004,0.0042657507583499,-0.0717094540596008,356.485229492188,3.04512310028076,0.51683896780014,-0.030536487698555,0.0266960859298706,0.00532138533890247,0.999162912368774
467.90234375,-0.227084636688232,0.00388213666155934,-0.0693659633398056,356.788909912109,2.97960162162781,0.608625054359436,-0.0278705302625895,0.026137188076973,0.00603579124435782,0.999251544475555
468.438995361328,-0.226462155580521,0.00333576602861285,-0.0665181800723076,357.052093505859,2.99142980575562,0.494453847408295,-0.0256009753793478,0.0262042563408613,0.00498342188075185,0.999316334724426
468.951843261719,-0.2281673848629,0.00451990589499474,-0.0649061724543571,356.663238525391,2.91942405700684,0.667289197444916,-0.0289565268903971,0.0256322771310806,0.00656046345829964,0.999230444431305
469.510162353516,-0.224554046988487,0.000563459936529398,-0.0596618913114071,358.635192871094,2.22031259536743,359.731628417969,-0.0119530269876122,0.0193453561514616,-0.00211053784005344,0.999739229679108
470.031372070313,-0.191075518727303,-0.00579011533409357,-0.055873230099678,359.930297851563,9.30675220489502,351.829437255859,-0.00638439785689116,0.0808781310915947,-0.0709571689367294,0.994174599647522
470.569061279297,-0.169221088290215,-0.0142148723825812,-0.0439537800848484,2.68687963485718,11.6922063827515,349.848083496094,0.0142224589362741,0.103493019938469,-0.0903706476092339,0.990414083003998
471.08935546875,-0.171103268861771,-0.0078522888943553,-0.0461737848818302,359.918884277344,12.6058359146118,351.978332519531,-0.0083807623013854,0.109466813504696,-0.06944490224123,0.991526186466217
471.605316162109,-0.184000506997108,0.021072780713439,-0.0824294537305832,344.217956542969,24.3151969909668,357.886505126953,-0.138034760951996,0.206096544861794,0.0110501106828451,0.968683958053589
472.108551025391,-0.201478242874146,0.0180648230016232,-0.0729650110006332,346.477416992188,25.7860584259033,358.757934570313,-0.117159731686115,0.220322743058205,0.0157761871814728,0.968236863613129
472.639709472656,-0.19437475502491,0.0187728814780712,-0.0836950317025185,345.601287841797,28.8281669616699,355.898132324219,-0.130137860774994,0.242463394999504,-0.00321191479451954,0.96138721704483
473.145568847656,-0.194870039820671,0.0178618505597115,-0.0813549757003784,346.037200927734,25.1484565734863,356.15625,-0.125812113285065,0.211990043520927,-0.00604316545650363,0.969120740890503
473.708984375,-0.194228768348694,0.0174153801053762,-0.0814646705985069,346.452331542969,22.5377388000488,357.377136230469,-0.120087347924709,0.19135095179081,0.00075423187809065,0.974147498607635
474.275604248047,-0.193592384457588,0.0206383429467678,-0.0963465869426727,344.480865478516,23.7518005371094,356.446990966797,-0.138384237885475,0.199714168906212,-0.00228766282089055,0.970030307769775
474.846923828125,-0.189924299716949,0.0204742625355721,-0.103024691343307,344.669647216797,24.08864402771,355.61328125,-0.138266772031784,0.201659753918648,-0.00928246602416039,0.969602763652802
475.350250244141,-0.188926726579666,0.0195871293544769,-0.10375452786684,345.035095214844,23.7405185699463,355.535217285156,-0.135285332798958,0.198825851082802,-0.011029320769012,0.970589756965637
475.879028320313,-0.186575353145599,0.0190217681229115,-0.103247441351414,345.349151611328,23.9461479187012,355.156402587891,-0.133313849568367,0.200304418802261,-0.0145715922117233,0.970511853694916
476.409271240234,-0.185805395245552,0.0181555598974228,-0.0988707691431046,345.894561767578,23.6473999023438,355.163848876953,-0.128649950027466,0.198099106550217,-0.0158473365008831,0.971573412418365
476.929016113281,-0.18604364991188,0.0183098241686821,-0.0986926928162575,345.771850585938,23.4958381652832,355.112396240234,-0.129755511879921,0.196684896945953,-0.0162322819232941,0.971707344055176
477.462097167969,-0.185634464025497,0.0182287469506264,-0.102220192551613,345.670471191406,22.9895782470703,355.01806640625,-0.130699530243874,0.192223966121674,-0.0174263194203377,0.972452521324158
477.977996826172,-0.182218641042709,0.0190996117889881,-0.107617251574993,345.404418945313,23.0468769073486,354.406585693359,-0.133985817432404,0.191841542720795,-0.0220758318901062,0.971986293792725
478.503143310547,-0.180106073617935,0.0202161651104689,-0.102160803973675,345.683471679688,26.1550636291504,355.892822265625,-0.129345804452896,0.220012038946152,-0.00645543728023767,0.966862320899963
479.013763427734,-0.179328948259354,0.0199512243270874,-0.103241950273514,345.807983398438,25.1123085021973,355.165618896484,-0.129569128155708,0.21045383810997,-0.0140198338776827,0.968877971172333
479.545837402344,-0.184233099222183,0.0195999145507813,-0.109640762209892,345.703704833984,24.3571968078613,355.210296630859,-0.130275309085846,0.204054579138756,-0.0143001163378358,0.97014719247818
480.082916259766,-0.18726958334446,0.0181615352630615,-0.105752065777779,346.245819091797,23.7426376342773,355.401062011719,-0.125278875231743,0.199368327856064,-0.0143694393336773,0.971777260303497
480.616149902344,-0.185551702976227,0.0173545740544796,-0.0925626754760742,346.808532714844,23.2378196716309,355.284851074219,-0.120644196867943,0.195270672440529,-0.0169122647494078,0.97315376996994
481.125823974609,-0.187351197004318,0.0166918933391571,-0.0809609144926071,347.192077636719,22.6969814300537,355.564270019531,-0.11684263497591,0.191169619560242,-0.0157744362950325,0.974450170993805
481.652191162109,-0.189277842640877,0.0158960502594709,-0.0742940530180931,347.634490966797,22.3749103546143,355.864837646484,-0.112543821334839,0.188953682780266,-0.0143044469878078,0.975410580635071
482.183441162109,-0.188735365867615,0.0155864972621202,-0.075423039495945,347.819549560547,21.9865322113037,355.864227294922,-0.110921740531921,0.18573585152626,-0.0150033058598638,0.976203620433807
482.690338134766,-0.187891662120819,0.0157968401908875,-0.0796348974108696,347.691497802734,21.9423656463623,355.764404296875,-0.112166523933411,0.185199946165085,-0.0156807061284781,0.976152539253235
483.202270507813,-0.185557067394257,0.0156228458508849,-0.0841178297996521,347.914978027344,22.022029876709,355.363525390625,-0.11092671751976,0.185601457953453,-0.0193954929709435,0.97615122795105
483.72509765625,-0.186843231320381,0.0162469763308764,-0.0888347253203392,347.616149902344,21.9773921966553,355.471923828125,-0.113285355269909,0.185172542929649,-0.0180105958133936,0.975988328456879
484.304809570313,-0.179347306489944,0.0184715483337641,-0.0904020443558693,346.265686035156,26.9677562713623,354.081970214844,-0.128067284822464,0.225188165903091,-0.0219959635287523,0.965611338615417
484.807708740234,-0.184157267212868,0.0397472679615021,-0.108170963823795,330.243255615234,32.3001136779785,351.901153564453,-0.265003025531769,0.250740587711334,0.00568669615313411,0.931058645248413
485.328948974609,-0.191862091422081,0.0299246571958065,-0.0778274387121201,338.398040771484,27.0375423431396,355.712158203125,-0.190668404102325,0.222645580768585,0.00804734788835049,0.956038594245911
485.843505859375,-0.209510520100594,0.000702352030202746,-0.0428431741893291,359.145233154297,12.5906744003296,358.239196777344,-0.00909816659986973,0.109523497521877,-0.014454304240644,0.993837475776672
486.428680419922,-0.23596778512001,-0.0439549349248409,-0.0183244105428457,22.5981979370117,358.634124755859,2.38741421699524,0.195630788803101,-0.0157672055065632,0.022762231528759,0.980286657810211
486.959716796875,-0.249477088451385,-0.0780051797628403,-0.0105715543031693,35.4235687255859,351.075775146484,2.40701150894165,0.301683336496353,-0.0804663375020027,0.0436111390590668,0.949004948139191
487.481781005859,-0.204898476600647,0.00348998210392892,-0.0642179623246193,355.327026367188,17.7419586181641,2.76090145111084,-0.0365567654371262,0.15500745177269,0.0300681404769421,0.986778736114502
487.982147216797,-0.203744769096375,0.00445612985640764,-0.0816111713647842,354.513885498047,18.1680641174316,0.108267419040203,-0.0471077226102352,0.157746568322182,0.00848768651485443,0.986318826675415
488.517608642578,-0.199554681777954,0.00382847804576159,-0.0751872062683105,354.782653808594,19.1403427124023,359.163818359375,-0.0460915677249432,0.165751203894615,0.000378882949007675,0.985089838504791
489.045684814453,-0.19647815823555,0.000995655776932836,-0.0586796775460243,356.218353271484,18.4813117980957,359.2451171875,-0.033623393625021,0.160276144742966,-0.00120020541362464,0.986498653888702
489.555847167969,-0.199621364474297,0.000180351868038997,-0.0532706007361412,356.839691162109,18.3437194824219,359.333618164063,-0.0281488075852394,0.159174725413322,-0.00134325970429927,0.986848115921021
490.137908935547,-0.196473643183708,-0.00123002310283482,-0.0578778609633446,357.772735595703,18.3635673522949,358.830108642578,-0.020814074203372,0.159333005547523,-0.00697533460333943,0.986980795860291
490.647094726563,-0.19514924287796,-0.000408712279750034,-0.0668535381555557,357.472808837891,18.6430015563965,358.596466064453,-0.0237427037209272,0.161656051874161,-0.00851167552173138,0.986524760723114
491.229248046875,-0.178674966096878,-0.00809907913208008,-0.0662230849266052,0.32635086774826,15.8504066467285,352.911773681641,-0.00570796383544803,0.137790367007256,-0.0616182871162891,0.988526403903961
491.758941650391,-0.216934517025948,-0.034033726900816,-0.01602403819561,15.065936088562,5.24081182479858,0.706818282604218,0.131236627697945,0.0445155613124371,0.000115023329271935,0.99035108089447
492.284484863281,-0.20911979675293,-0.0177458338439465,-0.0313856527209282,6.41423225402832,13.4217224121094,0.477660953998566,0.0560480654239655,0.116443358361721,-0.00240435637533665,0.99161171913147
492.811279296875,-0.201133623719215,-0.0174428652971983,-0.0350300632417202,6.10113334655762,13.3090085983276,359.111602783203,0.0519600249826908,0.116124182939529,-0.0138563476502895,0.991777837276459
493.328582763672,-0.194735661149025,-0.0164030846208334,-0.0439325831830502,5.7776894569397,13.0330877304077,357.801940917969,0.0478896349668503,0.114285454154015,-0.0247510224580765,0.991984307765961
493.847198486328,-0.193767189979553,-0.0155048687011003,-0.0548176504671574,5.19238233566284,12.5327396392822,357.182312011719,0.0423314459621906,0.1101129129529,-0.0293572135269642,0.992583155632019
494.351135253906,-0.192698493599892,-0.0128637682646513,-0.0548581257462502,3.92397785186768,12.234525680542,356.659545898438,0.0309229046106339,0.107448138296604,-0.0326106026768684,0.993194460868835
494.865386962891,-0.189326629042625,-0.0110977441072464,-0.0509420298039913,2.90968489646912,12.9092254638672,356.420654296875,0.0217061322182417,0.113112948834896,-0.0338753461837769,0.992767214775085
495.374389648438,-0.183066159486771,0.0125270113348961,-0.0733737871050835,349.406707763672,23.2530250549316,358.512908935547,-0.0930148065090179,0.199480429291725,0.00594594143331051,0.975459158420563
495.875610351563,-0.198102042078972,0.0095452880486846,-0.0696582570672035,352.071929931641,16.8537158966064,358.800811767578,-0.0699102208018303,0.145472511649132,-0.000196776207303628,0.986889183521271
496.449859619141,-0.189758569002151,0.0053836083970964,-0.0766794383525848,354.107574462891,18.1740398406982,356.891632080078,-0.0550125427544117,0.156291052699089,-0.0186319332569838,0.986001908779144
497.016723632813,-0.181342869997025,0.0189406462013721,-0.0966182574629784,345.497924804688,29.0352001190186,358.420623779297,-0.12560248374939,0.246965005993843,0.0184012707322836,0.960673570632935
497.580627441406,-0.188761249184608,0.0117710903286934,-0.0928281918168068,350.606384277344,22.1740646362305,358.320068359375,-0.0831557437777519,0.19045552611351,0.001406553783454,0.978166580200195
498.092620849609,-0.187971144914627,0.00851472374051809,-0.0857511386275291,352.574371337891,21.7566242218018,358.180847167969,-0.0665734931826591,0.187294408679008,-0.00333701563067734,0.980039656162262
498.673919677734,-0.186543554067612,0.00606173323467374,-0.0809422805905342,353.887359619141,21.9309329986572,357.8505859375,-0.0558976233005524,0.188931554555893,-0.00824721809476614,0.980363368988037
499.241271972656,-0.176806837320328,0.00185582740232348,-0.0756379887461662,355.170684814453,21.8846759796143,355.390167236328,-0.0489591173827648,0.187835410237312,-0.0314602442085743,0.980474948883057
499.755889892578,-0.158026397228241,-0.00339086027815938,-0.0628862008452415,357.190795898438,21.6978321075439,351.567535400391,-0.0378429852426052,0.1858841329813,-0.0675837770104408,0.979513883590698
500.342803955078,-0.156309232115746,-0.00647842790931463,-0.0507799200713634,358.503631591797,19.9535503387451,351.834625244141,-0.025161299854517,0.1718789935112,-0.0678568780422211,0.982456088066101
500.923706054688,-0.156203210353851,-0.0053508598357439,-0.0544794946908951,358.378295898438,19.6860027313232,351.845520019531,-0.0260613635182381,0.169507905840874,-0.0676345229148865,0.98285984992981
501.496246337891,-0.154977396130562,-0.0047120600938797,-0.0622932687401772,357.940582275391,19.3235492706299,351.430023193359,-0.0302044413983822,0.166011869907379,-0.0706380903720856,0.983126640319824
502.005462646484,-0.155029222369194,-0.00477338582277298,-0.064505398273468,358.009765625,19.2724075317383,351.373840332031,-0.0296607352793217,0.165604799985886,-0.0712351948022842,0.98316878080368
502.512023925781,-0.159907683730125,0.00954406708478928,-0.0783258080482483,351.462493896484,26.0806941986084,355.735198974609,-0.0808374062180519,0.222157165408134,-0.0193650834262371,0.971460998058319
503.023620605469,-0.173438265919685,0.0155945289880037,-0.0905181020498276,347.117980957031,28.9789600372314,357.769592285156,-0.113430380821228,0.2464619576931,0.00933754816651344,0.962446331977844
503.529418945313,-0.168333038687706,0.0139873754233122,-0.0884361863136292,348.171539306641,29.3323230743408,356.068389892578,-0.108262412250042,0.248271375894547,-0.00693581392988563,0.962596774101257
504.052429199219,-0.166865721344948,0.0127006508409977,-0.0860909298062325,348.715728759766,29.2373790740967,355.688446044922,-0.104512549936771,0.247406005859375,-0.0114267179742455,0.963190972805023
504.556060791016,-0.167661562561989,0.0131427254527807,-0.0946550443768501,348.640655517578,28.0330867767334,355.353607177734,-0.105710864067078,0.23692262172699,-0.0151861011981964,0.965640902519226
505.062744140625,-0.168073773384094,0.0113940583541989,-0.0947525203227997,349.746124267578,27.3212852478027,355.343505859375,-0.096318893134594,0.231504037976265,-0.0182297956198454,0.967882335186005
505.576934814453,-0.184108436107635,0.00813506357371807,-0.0743960216641426,352.610229492188,20.4782447814941,356.347534179688,-0.0690377056598663,0.175276130437851,-0.0198463667184114,0.981895208358765
506.080413818359,-0.191009566187859,0.00401285057887435,-0.0628892704844475,355.869384765625,18.3299312591553,356.119995117188,-0.0409465953707695,0.157878428697586,-0.0276621636003256,0.986221373081207
506.611541748047,-0.193260997533798,0.00469006551429629,-0.068065270781517,355.456359863281,18.4395961761475,356.086090087891,-0.0445724353194237,0.158666789531708,-0.0273333843797445,0.985946834087372
507.139038085938,-0.192172005772591,0.00331780407577753,-0.0785918310284615,356.022705078125,18.4163227081299,355.676635742188,-0.0402623489499092,0.158519551157951,-0.0316620953381062,0.986026406288147
507.713500976563,-0.200757339596748,-0.000267959432676435,-0.0892243161797523,357.50244140625,18.305700302124,355.694366455078,-0.0274748802185059,0.15811051428318,-0.0336135216057301,0.986466586589813
508.238433837891,-0.198569715023041,-0.00154704251326621,-0.0738833770155907,358.460510253906,18.5706691741943,355.759796142578,-0.0192176923155785,0.160735741257668,-0.0343402586877346,0.986212730407715
508.760314941406,-0.198402941226959,-0.00210175896063447,-0.0641029998660088,358.922149658203,17.8321018218994,355.779449462891,-0.0149926962330937,0.154533043503761,-0.0349196493625641,0.987256526947021
509.260345458984,-0.199727550148964,-0.00217343773692846,-0.0600630603730679,358.953491210938,17.7976818084717,356.093444824219,-0.0142895355820656,0.154286533594131,-0.0322610661387444,0.987395942211151
509.774078369141,-0.199966058135033,0.000284889072645456,-0.0602234452962875,357.307434082031,17.7755718231201,356.251037597656,-0.0282526258379221,0.153615161776543,-0.028680482879281,0.987310290336609
510.299499511719,-0.204601794481277,0.00719412881880999,-0.0775440633296967,353.093292236328,18.7360382080078,356.852233886719,-0.0638728588819504,0.160786017775536,-0.0172491651028395,0.984769284725189
510.812530517578,-0.202009111642838,0.00774649856612086,-0.0822890922427177,352.975952148438,17.5163326263428,356.590606689453,-0.0650380998849869,0.150109976530075,-0.0200228095054626,0.986324548721313
511.327545166016,-0.19975633919239,0.00891345832496881,-0.0784879252314568,352.599548339844,17.1715049743652,356.233001708984,-0.0686750784516335,0.146800398826599,-0.0228019040077925,0.986515820026398
511.855743408203,-0.200640663504601,0.00805312488228083,-0.0744994580745697,353.073944091797,17.4042148590088,355.76953125,-0.0652425289154053,0.148714169859886,-0.0272851288318634,0.986348330974579
512.365905761719,-0.20536969602108,0.00759481452405453,-0.0730149745941162,353.211975097656,17.0832138061523,356.415405273438,-0.0631540045142174,0.14636342227459,-0.0220865234732628,0.986965835094452
512.890441894531,-0.204410463571548,0.00748242158442736,-0.0781038701534271,353.092498779297,17.6499176025391,356.350799560547,-0.0643754303455353,0.15116460621357,-0.0221682526171207,0.986161053180695
513.48974609375,-0.200278326869011,0.009114152751863,-0.0885657891631126,352.190490722656,17.6293125152588,356.467529296875,-0.071973979473114,0.150736153125763,-0.0199567954987288,0.985748469829559
513.997619628906,-0.195163890719414,0.00937680993229151,-0.0924311280250549,352.001342773438,17.767635345459,355.785705566406,-0.0745257586240768,0.151417478919029,-0.025475449860096,0.985327184200287
514.505432128906,-0.203820064663887,0.010093642398715,-0.0873095467686653,351.665649414063,16.4004802703857,356.414703369141,-0.0763388872146606,0.13993638753891,-0.020521242171526,0.987000048160553
515.030456542969,-0.205670863389969,0.00822045002132654,-0.0731329396367073,352.924530029297,15.5745868682861,357.236694335938,-0.0643798410892487,0.133724182844162,-0.0154858231544495,0.98880398273468
515.542785644531,-0.202621847391129,0.00711476802825928,-0.0603445507586002,353.608428955078,15.6874113082886,357.040985107422,-0.0587261095643044,0.13478772342205,-0.0179325863718987,0.988970160484314
516.116455078125,-0.205388873815536,0.0066896746866405,-0.0541565418243408,353.763793945313,15.7826414108276,357.266967773438,-0.0571333095431328,0.135767325758934,-0.0161213297396898,0.98896062374115
516.634399414063,-0.207864448428154,0.00642646104097366,-0.0551928542554379,353.781890869141,15.7020196914673,357.420135498047,-0.0567851699888706,0.13515242934227,-0.014861193485558,0.989084661006927
517.136413574219,-0.206103414297104,0.00663831271231174,-0.0570126920938492,353.853973388672,15.6218738555908,357.26171875,-0.0563385225832462,0.134401500225067,-0.0163543429225683,0.989188969135284
517.654846191406,-0.205670967698097,0.00646543689072132,-0.0552264973521233,354.070251464844,15.7839069366455,357.223419189453,-0.054540928453207,0.135840103030205,-0.0168665498495102,0.989084601402283
518.156799316406,-0.208436459302902,0.00580261461436749,-0.0516634881496429,354.311676025391,15.7781963348389,357.314270019531,-0.0523491092026234,0.135897517204285,-0.0163762271404266,0.989203333854675
518.747802734375,-0.212823286652565,0.00868071801960468,-0.0527922883629799,352.953002929688,14.6474056243896,357.424774169922,-0.0638001784682274,0.125832065939903,-0.0144134759902954,0.989892959594727
519.278869628906,-0.211559817194939,0.00914670992642641,-0.056027002632618,352.920989990234,15.4882955551147,358.851898193359,-0.0625181049108505,0.133873045444489,-0.00159009406343102,0.989023268222809
519.836669921875,-0.209484532475471,0.00881982408463955,-0.0588948428630829,353.149932861328,15.6146764755249,358.307830810547,-0.0611845180392265,0.134711042046547,-0.00648864544928074,0.988972842693329
520.357482910156,-0.207671791315079,0.00845958851277828,-0.0638663321733475,353.090545654297,15.7122611999512,357.923004150391,-0.0621571987867355,0.135333389043808,-0.00968626793473959,0.988801062107086
520.877014160156,-0.208294957876205,0.00885931309312582,-0.0710475742816925,352.96923828125,15.4636154174805,357.665985107422,-0.0634813085198402,0.133017838001251,-0.0118960719555616,0.98900705575943
521.470275878906,-0.208852201700211,0.00915903877466917,-0.0741191282868385,352.958557128906,14.0575561523438,356.992797851563,-0.0641319900751114,0.120495572686195,-0.0184815488755703,0.99046778678894
521.99658203125,-0.207464903593063,0.00764548452571034,-0.0722711011767387,354.057769775391,15.218807220459,356.392639160156,-0.0555127523839474,0.130558490753174,-0.0242955666035414,0.989587068557739
522.528442382813,-0.210747495293617,0.00672402372583747,-0.0671166926622391,354.353851318359,15.3490371704102,357.339202880859,-0.0518945753574371,0.132214143872261,-0.0164062734693289,0.989725828170776
523.040100097656,-0.210685357451439,0.00679742218926549,-0.0661544129252434,354.331237792969,14.8888902664185,357.378662109375,-0.0519794635474682,0.128250896930695,-0.0162476990371943,0.990245342254639
523.547180175781,-0.209094792604446,0.00620789267122746,-0.0657917708158493,354.534851074219,14.9468612670898,357.163330078125,-0.0504705831408501,0.128708720207214,-0.0183149427175522,0.990227937698364
524.145446777344,-0.209946855902672,0.00555204274132848,-0.0657532140612602,354.794982910156,14.9775238037109,357.333099365234,-0.0480371341109276,0.129114389419556,-0.0171323399990797,0.990317344665527
524.663635253906,-0.210707917809486,0.00556041579693556,-0.0659059807658195,354.70703125,15.0772514343262,357.389678955078,-0.0487474910914898,0.129978001117706,-0.016500186175108,0.990180373191833
525.254150390625,-0.209604904055595,0.00574941793456674,-0.0673181265592575,354.703826904297,15.7530679702759,357.421051025391,-0.0488345138728619,0.135827958583832,-0.0159378666430712,0.9893998503685
525.823852539063,-0.207466572523117,0.00602540001273155,-0.0691163465380669,354.456939697266,15.9619541168213,357.040557861328,-0.0514503382146358,0.13739912211895,-0.0188316181302071,0.988999366760254
526.399597167969,-0.206789582967758,0.00472371745854616,-0.0619503557682037,355.229705810547,15.7775287628174,357.110900878906,-0.0446667931973934,0.13604861497879,-0.0192391369491816,0.989507734775543
526.973815917969,-0.206729665398598,0.00483667431399226,-0.0577593594789505,355.35888671875,15.7414608001709,356.946502685547,-0.0437402240931988,0.13570898771286,-0.0208283551037312,0.989563584327698
527.561157226563,-0.20847550034523,0.00369482720270753,-0.0554472208023071,355.770599365234,15.6825075149536,357.371673583984,-0.0396721214056015,0.135461747646332,-0.0176715850830078,0.989830315113068
528.069458007813,-0.206030875444412,0.0029813558794558,-0.0581878125667572,356.084320068359,14.9286031723022,356.505096435547,-0.0378180779516697,0.128739252686501,-0.0257817730307579,0.99062168598175
528.649597167969,-0.196741625666618,0.00271427677944303,-0.069793164730072,355.818511962891,15.1478567123413,355.552276611328,-0.0412477664649487,0.130215108394623,-0.0336347781121731,0.990056276321411
529.236206054688,-0.198421314358711,0.00229170871898532,-0.071120485663414,356.831848144531,11.094822883606,355.332977294922,-0.0314260236918926,0.0954320505261421,-0.0378399863839149,0.994219958782196
529.817565917969,-0.207543522119522,0.00550282001495361,-0.0933864563703537,354.708862304688,13.4764385223389,357.092956542969,-0.0487969554960728,0.116007685661316,-0.0197499319911003,0.991852343082428
530.321716308594,-0.211731821298599,0.00364866154268384,-0.0800662934780121,355.514801025391,12.1696395874023,357.243927001953,-0.0414462797343731,0.104953035712242,-0.0197485964745283,0.993416845798492
530.838623046875,-0.198430940508842,-1.38164032250643E-05,-0.0648317784070969,357.29638671875,12.5743589401245,355.021911621094,-0.0281819328665733,0.108359761536121,-0.0405741780996323,0.992883503437042
531.340515136719,-0.195206046104431,-5.58905303478241E-05,-0.0579801052808762,357.39892578125,12.7967853546143,354.866394042969,-0.0275222137570381,0.110290445387363,-0.0419669710099697,0.992631554603577
531.846801757813,-0.197140276432037,0.000627421366516501,-0.0588172078132629,357.064086914063,12.2305316925049,355.557495117188,-0.0295806359499693,0.105426751077175,-0.0357982665300369,0.993342161178589
532.346923828125,-0.198380216956139,2.54274345934391E-06,-0.0568374916911125,357.251556396484,11.8218517303467,355.863098144531,-0.0275553371757269,0.102024510502815,-0.0334230549633503,0.993838310241699
532.895385742188,-0.200061589479446,2.19438225030899E-05,-0.0529642887413502,357.351715087891,11.8581113815308,356.147705078125,-0.0264431014657021,0.10243846476078,-0.0310367215424776,0.993903338909149
533.472351074219,-0.19665290415287,0.0120178563520312,-0.0802768245339394,352.41650390625,22.5625190734863,0.979700684547424,-0.0631813183426857,0.195744469761848,0.0213021375238895,0.978385627269745
534.040588378906,-0.215573668479919,0.00971834827214479,-0.0959875136613846,353.031646728516,12.2475509643555,0.308996170759201,-0.0601387992501259,0.106642045080662,0.00915918406099081,0.992434859275818
534.604858398438,-0.212156772613525,0.00663984520360827,-0.0933495685458183,354.469177246094,11.709568977356,359.80419921875,-0.0481690168380737,0.101806573569775,0.00322378519922495,0.993632137775421
535.105346679688,-0.187432497739792,0.0146747743710876,-0.0805491432547569,347.940155029297,22.9494819641113,358.801940917969,-0.105010785162449,0.196748122572899,0.0107074892148376,0.974755465984344
535.60888671875,-0.178745329380035,0.00765596562996507,-0.0538466423749924,352.031799316406,19.8476524353027,356.645751953125,-0.0734424293041229,0.169845551252365,-0.0167907923460007,0.982586801052094
536.11083984375,-0.17827707529068,0.00491890637204051,-0.0447643920779228,353.524932861328,19.1895637512207,356.868957519531,-0.0602110810577869,0.164829477667809,-0.0174851436167955,0.984327256679535
536.686645507813,-0.177043855190277,0.0056298291310668,-0.0519354082643986,353.634094238281,18.6079177856445,356.373840332031,-0.0598738938570023,0.159608140587807,-0.0222023725509644,0.985112905502319
537.254821777344,-0.180920362472534,0.0078991474583745,-0.0631737634539604,352.230346679688,17.7201118469238,355.992218017578,-0.0722750723361969,0.151232898235321,-0.0240418948233128,0.985559165477753
537.819396972656,-0.181309998035431,0.0072170989587903,-0.0641152337193489,352.622650146484,17.619701385498,355.941070556641,-0.0689487308263779,0.150491118431091,-0.025076100602746,0.985885202884674
538.339233398438,-0.17889016866684,0.00771244987845421,-0.0668089091777802,352.404083251953,17.089937210083,355.58984375,-0.0711591169238091,0.145629167556763,-0.0281307864934206,0.98637580871582
538.920104980469,-0.179653361439705,0.00750917196273804,-0.0689995810389519,352.457916259766,17.0528793334961,355.648864746094,-0.0706121399998665,0.145368978381157,-0.0277165118604898,0.986465215682983
539.48974609375,-0.19705305993557,0.0105966329574585,-0.0680104345083237,351.463653564453,15.0760307312012,356.218811035156,-0.0780573785305023,0.128314793109894,-0.0228573959320784,0.98839259147644
540.058532714844,-0.184241563081741,0.0189889129251242,-0.0699286758899689,345.364532470703,22.4340133666992,357.633544921875,-0.128896042704582,0.190320014953613,0.00468147126957774,0.97321230173111
540.626525878906,-0.180795654654503,0.0131386993452907,-0.0633542016148567,349.167388916016,21.5314617156982,357.237854003906,-0.0971854105591774,0.18367075920105,-0.00594526575878263,0.978153765201569
541.202087402344,-0.190264448523521,0.0136521551758051,-0.070633165538311,349.459625244141,17.6257362365723,357.564849853516,-0.0939894244074821,0.150596901774406,-0.00684023136273026,0.984093368053436
541.785339355469,-0.192677691578865,0.0121297379955649,-0.0756753757596016,350.170349121094,17.8354835510254,358.1669921875,-0.087098740041256,0.153072744607925,-0.00246467534452677,0.984366059303284
542.293151855469,-0.190310925245285,0.0115910023450851,-0.0751987025141716,350.661285400391,17.365385055542,357.906707763672,-0.0832076072692871,0.148966133594513,-0.00571000017225742,0.985318720340729
542.869079589844,-0.186601683497429,0.00859684776514769,-0.0729667097330093,352.404724121094,17.5663795471191,357.994293212891,-0.0681126788258553,0.151191636919975,-0.00714699504896998,0.98612916469574
543.442504882813,-0.192676201462746,0.00767609337344766,-0.0697881281375885,352.384094238281,14.5690565109253,357.497863769531,-0.0686230957508087,0.125048354268074,-0.0131905721500516,0.989686727523804
544.018127441406,-0.189556986093521,0.00682452600449324,-0.064424641430378,352.802764892578,15.0737190246582,356.976531982422,-0.0656560286879539,0.129218220710754,-0.0178723707795143,0.989278793334961
544.587646484375,-0.19000144302845,0.00660446099936962,-0.0635003745555878,352.905731201172,14.7379398345947,356.798461914063,-0.0649108365178108,0.126248776912689,-0.0197191499173641,0.989676237106323
545.103088378906,-0.193311363458633,0.00674848072230816,-0.0636503025889397,352.878814697266,14.5011949539185,356.895202636719,-0.0649974197149277,0.124250456690788,-0.0189873557537794,0.989937722682953
545.673278808594,-0.193457826972008,0.00796176865696907,-0.0700095444917679,352.340118408203,13.8267993927002,356.667541503906,-0.0697736889123917,0.118121325969696,-0.0207644905894995,0.990327119827271
546.252563476563,-0.189514219760895,0.00824978202581406,-0.075202576816082,352.262908935547,14.2302732467651,356.018524169922,-0.0712006241083145,0.121181175112724,-0.0260400362312794,0.989731013774872
546.777282714844,-0.188702240586281,0.00854529999196529,-0.0761125534772873,352.349670410156,14.2153081893921,355.886535644531,-0.0705876722931862,0.121003016829491,-0.0272847097367048,0.989763259887695
547.349182128906,-0.186624124646187,0.00802416075021029,-0.0774462074041367,352.709594726563,15.0053110122681,355.954467773438,-0.0675938650965691,0.128001898527145,-0.0266273580491543,0.989109516143799
547.936340332031,-0.186079904437065,0.00764195807278156,-0.080281987786293,352.668853759766,14.8906955718994,355.913238525391,-0.0679641291499138,0.126972749829292,-0.0270040426403284,0.989206552505493
548.44287109375,-0.185303673148155,0.00699345394968987,-0.0763095244765282,352.96630859375,15.5725259780884,355.887725830078,-0.0655888170003891,0.132955253124237,-0.0271757934242487,0.988575994968414
549.020080566406,-0.184864595532417,0.00743936840444803,-0.0793637782335281,352.711181640625,15.1088981628418,355.861358642578,-0.067708857357502,0.128841608762741,-0.0273715201765299,0.988972365856171
549.596923828125,-0.184207901358604,0.00713427597656846,-0.0831970945000648,353.054168701172,15.3397035598755,355.6162109375,-0.0650861114263535,0.130826011300087,-0.0297556798905134,0.988818943500519
550.165832519531,-0.185315862298012,0.00753012672066689,-0.0860162153840065,352.953857421875,15.0880603790283,355.460418701172,-0.0660604685544968,0.128524467349052,-0.031126519665122,0.989013969898224
550.734130859375,-0.183422595262527,0.00838213227689266,-0.0823547765612602,352.893402099609,14.4973278045654,354.746185302734,-0.0671887695789337,0.12298309803009,-0.0375666469335556,0.989418804645538
551.315673828125,-0.185148760676384,0.00866574794054031,-0.0852358788251877,352.624877929688,13.8961553573608,354.671539306641,-0.0693856999278069,0.117621265351772,-0.0382739827036858,0.989891886711121
551.820373535156,-0.187292069196701,0.00819059927016497,-0.0848853588104248,352.943481445313,14.7575464248657,355.216186523438,-0.0663277953863144,0.12552598118782,-0.0334137603640556,0.989306569099426
552.381103515625,-0.186436519026756,0.00756560871377587,-0.0861470773816109,353.103302001953,15.0404748916626,355.271453857422,-0.0649697482585907,0.12806823849678,-0.0329585522413254,0.989086031913757
552.963256835938,-0.182580500841141,0.00703351758420467,-0.0847217366099358,353.275909423828,14.7229919433594,354.828247070313,-0.063873365521431,0.125154301524162,-0.0371613651514053,0.989381432533264
553.527282714844,-0.181422397494316,0.00671476358547807,-0.0825593993067741,353.567138671875,14.8493099212646,354.792602539063,-0.0614409931004047,0.126358076930046,-0.0377326346933842,0.989360868930817
554.117858886719,-0.192285567522049,0.00331386155448854,-0.082615077495575,0.282453685998917,13.5431060791016,358.921691894531,0.00133803975768387,0.117928400635719,-0.00963486265391111,0.992974460124969
554.6787109375,-0.197430014610291,-0.00480646546930075,-0.0760639160871506,6.17751836776733,8.23408222198486,0.0633649751543999,0.0537834949791431,0.0716600865125656,-0.00331773934885859,0.995972514152527
555.268981933594,-0.18353383243084,-0.00373967364430428,-0.0743898153305054,4.52069902420044,8.58358287811279,357.130676269531,0.0374451875686646,0.0757388770580292,-0.0278978459537029,0.996033728122711
555.855651855469,-0.205939680337906,0.0167365614324808,-0.0760410875082016,353.24267578125,7.14050912857056,358.141754150391,-0.059820469468832,0.0612021684646606,-0.012486457824707,0.996252954006195
556.433959960938,-0.19317352771759,0.00871056411415339,-0.0807128325104713,358.516906738281,13.5890922546387,359.103088378906,-0.0137767372652888,0.118195332586765,-0.00624024728313088,0.992875218391418
557.017272949219,-0.177403658628464,0.00373409199528396,-0.092176228761673,1.06787025928497,17.856201171875,358.792602539063,0.00757024390622973,0.15527655184269,-0.0118544660508633,0.987770915031433
557.596130371094,-0.182015374302864,0.00133867375552654,-0.0939822122454643,1.9289585351944,16.2083263397217,359.3671875,0.0158857945352793,0.141043066978455,-0.00783933885395527,0.989844977855682
558.1728515625,-0.190977424383163,0.00430813618004322,-0.100547671318054,2.37109684944153,12.726601600647,359.802398681641,0.0203716773539782,0.110843949019909,-0.00400646636262536,0.993620932102203
558.685119628906,-0.187224715948105,0.0164508949965239,-0.0965623781085014,351.506774902344,15.8776769638062,358.651000976563,-0.0749560594558716,0.136863857507706,-0.00140042277052999,0.987748920917511
559.187622070313,-0.178582221269608,0.0181254912167788,-0.0925389006733894,349.809600830078,24.409538269043,356.921722412109,-0.0924281924962997,0.208163276314735,-0.00738069275394082,0.973689198493958
559.68994140625,-0.179692447185516,0.0150396935641766,-0.0764544606208801,351.392913818359,23.5590076446533,356.961517333984,-0.0788314864039421,0.201551124453545,-0.0105672469362617,0.976243376731873
560.265930175781,-0.183623120188713,0.0135127417743206,-0.0679228231310844,352.043792724609,22.647632598877,357.134124755859,-0.0729017853736877,0.194118306040764,-0.0108430944383144,0.978205442428589
560.838073730469,-0.179976224899292,0.0113580133765936,-0.0685466974973679,353.346832275391,22.7923202514648,356.969268798828,-0.0620798021554947,0.195685431361198,-0.0144182238727808,0.978593587875366
561.410461425781,-0.183091372251511,0.0105451997369528,-0.0682427957653999,353.602081298828,22.5272789001465,357.352722167969,-0.0592188537120819,0.193703174591064,-0.0117226913571358,0.979201078414917
561.926025390625,-0.187822669744492,0.00905179977416992,-0.0579374730587006,354.709503173828,21.8175468444824,357.455780029297,-0.0495037026703358,0.187991470098495,-0.013044367544353,0.980835556983948
562.465087890625,-0.18622912466526,0.00464185141026974,-0.052880059927702,356.658233642578,19.7530384063721,357.347778320313,-0.0326862521469593,0.170741721987724,-0.0177902486175299,0.984612822532654
562.976318359375,-0.173741474747658,-0.00319007458165288,-0.0568813718855381,359.231018066406,17.1111145019531,353.983856201172,-0.0144334165379405,0.148211792111397,-0.0508946478366852,0.987539708614349
563.487915039063,-0.176658496260643,0.00294842571020126,-0.0682156458497047,355.487762451172,16.0476951599121,352.154113769531,-0.0484321191906929,0.136483356356621,-0.0622103735804558,0.987500131130219
564.016723632813,-0.170651391148567,0.0160679835826159,-0.0911555960774422,346.963592529297,21.7572460174561,354.187591552734,-0.120842285454273,0.181615829467773,-0.0280714891850948,0.975512623786926
564.588623046875,-0.165060177445412,0.0131306834518909,-0.0796047225594521,349.132202148438,21.6412372589111,353.092651367188,-0.104103349149227,0.180948406457901,-0.0411589071154594,0.977100968360901
565.09716796875,-0.163781121373177,0.0117266308516264,-0.0766077488660812,349.798553466797,21.2365589141846,352.252349853516,-0.0995843783020973,0.177212223410606,-0.0497948341071606,0.977854430675507
565.597595214844,-0.168906733393669,0.0114541240036488,-0.0758179873228073,349.914367675781,19.7883338928223,352.205078125,-0.0980266332626343,0.164882063865662,-0.0516320802271366,0.980070829391479
566.103698730469,-0.169297590851784,0.0116547830402851,-0.0781470164656639,350.178802490234,19.4670925140381,352.088775634766,-0.0957878828048706,0.16222457587719,-0.0533032827079296,0.980646073818207
566.616577148438,-0.171154662966728,0.0121320113539696,-0.079436182975769,350.181488037109,19.3965339660645,352.426239013672,-0.0952558293938637,0.161903843283653,-0.0504778362810612,0.980900347232819
567.12841796875,-0.176047652959824,0.0127690993249416,-0.0832267701625824,349.974731445313,19.0192794799805,353.115844726563,-0.0959006324410439,0.159110888838768,-0.0445784479379654,0.981580138206482
567.702026367188,-0.173080444335938,0.0116656832396984,-0.083532378077507,350.489990234375,19.4258213043213,353.189727783203,-0.0915490910410881,0.162980929017067,-0.0443822890520096,0.98136955499649
568.2109375,-0.171381607651711,0.0110871307551861,-0.0759184136986732,350.99560546875,19.6413116455078,353.195404052734,-0.0873020216822624,0.165148451924324,-0.044931098818779,0.981369316577911
568.729675292969,-0.172131538391113,0.011138211004436,-0.0692451372742653,351.158142089844,20.1531467437744,353.057647705078,-0.08631681650877,0.169528439640999,-0.0459730513393879,0.980661034584045
569.237548828125,-0.170004695653915,0.0104490993544459,-0.0678174942731857,351.243255615234,20.2612133026123,353.078369140625,-0.0856022238731384,0.170522823929787,-0.0458476096391678,0.980557143688202
569.753173828125,-0.168477147817612,0.0124764051288366,-0.0692523866891861,350.926544189453,19.8621063232422,353.715881347656,-0.0872190892696381,0.167393654584885,-0.0402004159986973,0.981201410293579
570.259094238281,-0.213517427444458,0.0234239716082811,-0.073983408510685,345.037109375,16.7667617797852,9.27506828308105,-0.116704680025578,0.154496520757675,0.0982282906770706,0.976146578788757
570.765014648438,-0.207178264856339,0.024208452552557,-0.109752662479877,349.245971679688,25.1720504760742,3.81163716316223,-0.0841916352510452,0.219867914915085,0.0527230724692345,0.970458745956421
571.2685546875,-0.19573962688446,0.0279611051082611,-0.137739881873131,349.440521240234,26.8869018554688,0.534295260906219,-0.0884169116616249,0.231913954019547,0.0259083546698093,0.968363106250763
571.855834960938,-0.19733464717865,0.025567565113306,-0.0999321565032005,342.147064208984,19.0215263366699,2.3003203868866,-0.149726524949074,0.166270554065704,0.0451905280351639,0.973598480224609
572.366394042969,-0.191954284906387,0.0197232086211443,-0.0876168087124825,346.951843261719,16.9302043914795,1.66025972366333,-0.110252186655998,0.147866562008858,0.0309613663703203,0.982354998588562
572.940307617188,-0.194842025637627,0.0170893929898739,-0.0963989794254303,348.905456542969,15.6638317108154,2.90173196792603,-0.0923004001379013,0.138010546565056,0.0381343588232994,0.985382914543152
573.445983886719,-0.191447108983994,0.0106611810624599,-0.0915921777486801,352.885772705078,15.9771757125854,4.6410551071167,-0.0557747259736061,0.141082108020782,0.0486350767314434,0.987228274345398
573.955322265625,-0.193034306168556,0.0164177846163511,-0.0944478511810303,349.828552246094,14.7406978607178,3.22734308242798,-0.0842806696891785,0.130202353000641,0.0391847789287567,0.987121403217316
574.464111328125,-0.190199941396713,0.0163803789764643,-0.0925175845623016,349.239776611328,19.1122016906738,3.40673303604126,-0.0875076800584793,0.16795726120472,0.0447423234581947,0.980882704257965
574.9677734375,-0.192666918039322,0.0170202180743217,-0.0890448987483978,349.042175292969,16.8090744018555,3.12121987342834,-0.0904564410448074,0.148012042045593,0.0407690517604351,0.983995914459229
575.492370605469,-0.193760350346565,0.0157585982233286,-0.0812550112605095,349.619873046875,16.8600368499756,3.14362287521362,-0.0854439809918404,0.14839980006218,0.0402787663042545,0.984405636787415
576.0263671875,-0.197239592671394,0.0153563246130943,-0.0799658000469208,349.636413574219,16.329309463501,3.14125680923462,-0.085490457713604,0.143835186958313,0.0398422367870808,0.985096752643585
576.594787597656,-0.197848573327065,0.0147371347993612,-0.0789063945412636,349.897857666016,16.1802501678467,3.23425531387329,-0.0831767991185188,0.142588168382645,0.0402166247367859,0.985460758209229
577.14697265625,-0.196312829852104,0.0143976761028171,-0.0771732404828072,350.097412109375,16.5009136199951,2.89567804336548,-0.0817761346697807,0.14507757127285,0.03729347884655,0.985329568386078
577.679565429688,-0.195089608430862,0.0138880619779229,-0.0730130225419998,350.317901611328,16.5263977050781,2.80149722099304,-0.0799900367856026,0.145206660032272,0.036230381578207,0.985496819019318
578.190185546875,-0.193047523498535,0.0139371650293469,-0.0774715915322304,350.327667236328,16.729305267334,2.43161201477051,-0.0803154185414314,0.146691963076591,0.0331793390214443,0.985357820987701
578.701354980469,-0.191878691315651,0.0145738758146763,-0.0804788246750832,349.934814453125,16.8183822631836,2.48218393325806,-0.0836035087704659,0.147523358464241,0.0341696292161942,0.984926283359528
579.23681640625,-0.188559398055077,0.014564611017704,-0.080570675432682,350.086334228516,17.1637687683105,1.99865984916687,-0.0828318297863007,0.150132119655609,0.030072582885623,0.984730899333954
579.753723144531,-0.189564019441605,0.0156095642596483,-0.0852239578962326,349.248779296875,17.0368957519531,1.99414229393005,-0.0900706723332405,0.149066299200058,0.0310088209807873,0.984228134155273
580.299011230469,-0.190999135375023,0.0154801998287439,-0.083553172647953,349.338073730469,17.2780876159668,2.08811855316162,-0.0891140252351761,0.151208251714706,0.0318900048732758,0.983960270881653
580.79931640625,-0.191652461886406,0.0147282341495156,-0.0795383974909782,349.849426269531,17.351957321167,2.21859526634216,-0.0845270678400993,0.151919841766357,0.0324051938951015,0.984238505363464
581.315063476563,-0.19324466586113,0.0150151383131742,-0.0835574492812157,349.748199462891,17.4594230651855,2.17274618148804,-0.08542750030756,0.152813568711281,0.0322227403521538,0.984028398990631
581.900329589844,-0.198270455002785,0.0145336138084531,-0.0812174379825592,349.742492675781,17.0566482543945,2.71874904632568,-0.0848767906427383,0.149760276079178,0.0366203598678112,0.984391570091248
582.422912597656,-0.195917904376984,0.0131379319354892,-0.0742132067680359,350.666381835938,17.5621089935303,2.33027982711792,-0.0772969499230385,0.153756484389305,0.0324471034109592,0.98454624414444
583.008605957031,-0.197504818439484,0.0120850363746285,-0.0747650638222694,351.155822753906,16.8874797821045,2.48512625694275,-0.0730750635266304,0.148020520806313,0.0327052809298038,0.985738456249237
583.511901855469,-0.191033184528351,0.0142949260771275,-0.0742361545562744,349.59521484375,15.3149185180664,358.840118408203,-0.0912042111158371,0.131785050034523,0.00209150998853147,0.987071514129639
584.018310546875,-0.17643928527832,0.0216147936880589,-0.0901835113763809,344.116882324219,22.6720333099365,355.314422607422,-0.143312498927116,0.188977017998695,-0.012561165727675,0.97138637304306
584.614685058594,-0.167496919631958,0.0207711737602949,-0.0921598747372627,344.983917236328,22.5128383636475,354.370330810547,-0.137500986456871,0.186999827623367,-0.0222755894064903,0.972434222698212
585.120544433594,-0.169310957193375,0.0206544641405344,-0.087349072098732,345.198394775391,22.9388637542725,355.049102783203,-0.134636402130127,0.191552221775055,-0.0163869895040989,0.972065985202789
585.694763183594,-0.174009993672371,0.0202840343117714,-0.0832365825772285,345.46484375,22.4909934997559,355.649078369141,-0.131328284740448,0.188597247004509,-0.0122799817472696,0.973156273365021
586.279052734375,-0.17697761952877,0.0199003797024488,-0.0791590660810471,345.624725341797,20.4383487701416,355.039733886719,-0.130635917186737,0.170526653528214,-0.0200747456401587,0.976448655128479
586.787292480469,-0.178603485226631,0.0198015421628952,-0.0789309218525887,345.642547607422,18.8721961975098,354.925537109375,-0.130353853106499,0.157045736908913,-0.0228595547378063,0.978683769702911
587.289916992188,-0.179450899362564,0.0158076286315918,-0.0789966285228729,349.210235595703,17.3154315948486,355.894073486328,-0.0982569977641106,0.146438583731651,-0.0211143605411053,0.984101355075836
587.872619628906,-0.210858002305031,0.0116312513127923,-0.0915369987487793,353.564727783203,1.16827702522278,2.23911905288696,-0.0559163577854633,0.0112735806033015,0.0200790613889694,0.998169898986816
588.439758300781,-0.195074871182442,0.0244332533329725,-0.113585129380226,343.985137939453,18.3145751953125,0.329013139009476,-0.137073159217834,0.15798781812191,0.0249760430306196,0.977561771869659
589.023193359375,-0.182710573077202,0.010117837227881,-0.0691268220543861,352.385437011719,22.6019840240479,1.21517765522003,-0.0630360916256905,0.196210131049156,0.0233870185911655,0.97825413942337
589.61474609375,-0.158138707280159,-0.0176459103822708,-0.0571382604539394,8.61978721618652,34.0770225524902,359.476593017578,0.0705170258879662,0.292510956525803,-0.0263749230653048,0.953293800354004
590.183532714844,-0.154403552412987,-0.0305779241025448,-0.0571749284863472,14.4045295715332,35.0508728027344,0.159465596079826,0.119968704879284,0.298586517572403,-0.0364367291331291,0.946110963821411
590.699768066406,-0.185214802622795,-0.0522419363260269,-0.0433231592178345,23.2108879089355,21.5632839202881,4.89498996734619,0.205264657735825,0.174635916948318,0.00349435652606189,0.962993562221527
591.221923828125,-0.236478120088577,-0.0608370639383793,-0.0407823249697685,28.6330585479736,350.475738525391,359.748657226563,0.246600762009621,-0.0799003913998604,0.018410935997963,0.965642273426056
591.8046875,-0.166385322809219,-0.028096167370677,-0.081873819231987,15.0690593719482,359.509948730469,345.471984863281,0.130606129765511,0.0123737873509526,-0.124792508780956,0.983471274375916
592.307373046875,-0.21097694337368,-0.0290538407862186,-0.0874453783035278,15.3666400909424,338.897796630859,349.630706787109,0.147297874093056,-0.168848514556885,-0.0636586248874664,0.972492218017578
592.820495605469,-0.225149393081665,-0.0260385777801275,-0.0869405269622803,15.083854675293,341.758911132813,355.511444091797,0.135646507143974,-0.151945412158966,-0.017541516572237,0.978879451751709
593.329162597656,-0.218089550733566,-0.0229274835437536,-0.0935362428426743,14.2940578460693,349.368621826172,359.804443359375,0.124037571251392,-0.0917119979858398,0.00984032638370991,0.987981140613556
593.906555175781,-0.172630622982979,-0.00587944593280554,-0.125477328896523,5.09558439254761,351.745300292969,350.119567871094,0.0503646917641163,-0.0678172260522842,-0.0826205760240555,0.992994546890259
594.420104980469,-0.138418883085251,-0.0339247100055218,-0.131247371435165,16.6279106140137,1.92902517318726,348.334259033203,0.142135471105576,0.0312628708779812,-0.10296606272459,0.983980774879456
595.001586914063,-0.129215210676193,-0.0268851835280657,-0.149418339133263,15.4303483963013,9.28986930847168,347.445678710938,0.12423137575388,0.0943967252969742,-0.11879874765873,0.9805828332901
595.578674316406,-0.117223002016544,-0.0311234295368195,-0.160840734839439,17.3403987884521,18.0922393798828,345.960021972656,0.128759384155273,0.172461956739426,-0.142840415239334,0.966061353683472
596.087524414063,-0.134920701384544,-0.00979773607105017,-0.178603157401085,6.92286062240601,18.2604351043701,345.608062744141,0.0393017269670963,0.164608925580978,-0.132955834269524,0.976566433906555
596.590637207031,-0.150198802351952,-0.00578825874254107,-0.191801369190216,4.50221157073975,19.1014270782471,348.661010742188,0.022166533395648,0.168808057904243,-0.103830844163895,0.97991406917572
597.108215332031,-0.233942821621895,-0.0323403514921665,-0.128452822566032,17.8160667419434,332.575439453125,1.76116120815277,0.146818593144417,-0.236471518874168,0.0514523573219776,0.959102809429169
597.659729003906,-0.246462628245354,-0.0664742887020111,-0.133278548717499,28.3219604492188,323.601715087891,8.61756324768066,0.209000080823898,-0.319435387849808,0.145396783947945,0.91276490688324
